Docker version 29.0.1, build eedd969
CONTAINER ID   IMAGE     COMMAND   CREATED   STATUS    PORTS     NAMES
darja
uid=1027(darja) gid=1028(darja) groups=1028(darja),27(sudo),988(docker),1039(lasr)
/mnt/nas1/projects/lasr/blendseq/warp-pipelines/warp-gatk-germline-single-sample-pipeline-master/tmp/
Running with Cromwell 91 , Dockstore tests with 84
Created temporary working directory at '/mnt/nas1/projects/lasr/blendseq/warp-pipelines/warp-gatk-germline-single-sample-pipeline-master/tmp/1977401714735460022'
Using local file '/mnt/nas1/projects/lasr/blendseq/warp-pipelines/warp-gatk-germline-single-sample-pipeline-master/pipelines/wdl/dna_seq/germline/single_sample/wgs/WholeGenomeGermlineSingleSample.wdl' as primary descriptor
Creating directories for run of Dockstore launcher in current working directory: /mnt/nas1/projects/lasr/blendseq/warp-pipelines/warp-gatk-germline-single-sample-pipeline-master/pipelines/wdl/dna_seq/germline/single_sample/wgs
Provisioning your input files to your local machine
Downloading: WholeGenomeGermlineSingleSample.wgs_coverage_interval_list from /mnt/nas1/projects/lasr/blendseq/warp-pipelines/data/warp-gatk-dragen-input-files-01/intervals/wgs_coverage_regions.hg38.interval_list to: /mnt/nas1/projects/lasr/blendseq/warp-pipelines/warp-gatk-germline-single-sample-pipeline-master/cromwell-input/ef65f30e-934b-422d-89c5-55f80ffd4419/mnt/nas1/projects/lasr/blendseq/warp-pipelines/data/warp-gatk-dragen-input-files-01/intervals/wgs_coverage_regions.hg38.interval_list
Calling out to Cromwell to run your workflow
Executing: java -Duser_id=1027 -Dgroup_id=1028 -Dconfig.file=/mnt/nas1/projects/lasr/blendseq/warp-pipelines/warp-gatk-germline-single-sample-pipeline-master/cromwell.conf -jar /home/darja/.dockstore/libraries/cromwell-91.jar run --inputs /mnt/nas1/projects/lasr/blendseq/warp-pipelines/warp-gatk-germline-single-sample-pipeline-master/tmp/foo7926056796115271194json /mnt/nas1/projects/lasr/blendseq/warp-pipelines/warp-gatk-germline-single-sample-pipeline-master/pipelines/wdl/dna_seq/germline/single_sample/wgs/WholeGenomeGermlineSingleSample.wdl
[2025-11-29 12:49:04,10] [info] Running with database db.url = jdbc:hsqldb:mem:169f1e27-39ab-4c50-8ae1-5919044268e3;shutdown=false;hsqldb.tx=mvcc
[2025-11-29 12:49:06,64] [info] Running migration RenameWorkflowOptionsInMetadata with a read batch size of 100000 and a write batch size of 100000
[2025-11-29 12:49:06,65] [info] [RenameWorkflowOptionsInMetadata] 100%
[2025-11-29 12:49:06,93] [info] Running with database db.url = jdbc:hsqldb:mem:e7f4ae40-8088-42b8-a564-d8122c09dcbf;shutdown=false;hsqldb.tx=mvcc
[2025-11-29 12:49:07,42] [info] Slf4jLogger started
[2025-11-29 12:49:07,59] [info] Workflow heartbeat configuration:
{
  "cromwellId" : "cromid-92940b9",
  "heartbeatInterval" : "2 minutes",
  "ttl" : "10 minutes",
  "failureShutdownDuration" : "5 minutes",
  "writeBatchSize" : 10000,
  "writeThreshold" : 10000
}
[2025-11-29 12:49:07,66] [info] Metadata summary refreshing every 1 second.
[2025-11-29 12:49:07,66] [info] No metadata archiver defined in config
[2025-11-29 12:49:07,66] [info] No metadata deleter defined in config
[2025-11-29 12:49:07,67] [info] KvWriteActor configured to flush with batch size 200 and process rate 5 seconds.
[2025-11-29 12:49:07,67] [info] WriteMetadataActor configured to flush with batch size 200 and process rate 5 seconds.
[2025-11-29 12:49:07,71] [info] CallCacheWriteActor configured to flush with batch size 100 and process rate 3 seconds.
[2025-11-29 12:49:07,76] [info] JobRestartCheckTokenDispenser - Distribution rate: 50 per 1 seconds.
[2025-11-29 12:49:07,77] [info] JobExecutionTokenDispenser - Distribution rate: 20 per 10 seconds.
[2025-11-29 12:49:07,78] [info] GroupMetricsActor configured to log groups experiencing quota exhaustion at interval of 5 minutes.
[2025-11-29 12:49:07,80] [info] SingleWorkflowRunnerActor: Version 91
[2025-11-29 12:49:07,81] [info] SingleWorkflowRunnerActor: Submitting workflow
[2025-11-29 12:49:07,86] [info] 1 new workflows fetched by cromid-92940b9: 3d34995f-bd8e-4e1e-88c8-95f2cc6eb274
[2025-11-29 12:49:07,88] [info] Unspecified type (Unspecified version) workflow 3d34995f-bd8e-4e1e-88c8-95f2cc6eb274 submitted
[2025-11-29 12:49:07,88] [info] WorkflowManagerActor: Starting workflow [38;5;2m3d34995f-bd8e-4e1e-88c8-95f2cc6eb274[0m
[2025-11-29 12:49:07,90] [info] WorkflowManagerActor: Successfully started WorkflowActor-3d34995f-bd8e-4e1e-88c8-95f2cc6eb274
[2025-11-29 12:49:07,90] [info] SingleWorkflowRunnerActor: Workflow submitted [38;5;2m3d34995f-bd8e-4e1e-88c8-95f2cc6eb274[0m
[2025-11-29 12:49:07,90] [info] Retrieved 1 workflows from the WorkflowStoreActor
[2025-11-29 12:49:07,95] [info] WorkflowStoreHeartbeatWriteActor configured to flush with batch size 10000 and process rate 2 minutes.
[2025-11-29 12:49:08,08] [info] MaterializeWorkflowDescriptorActor [[38;5;2m3d34995f[0m]: Parsing workflow as WDL 1.0
[2025-11-29 12:49:10,04] [info] MaterializeWorkflowDescriptorActor [[38;5;2m3d34995f[0m]: Call-to-Backend assignments: BamToCram.ConvertToCram -> LocalWithDocker, SplitLargeReadGroup.SamSplitter -> LocalWithDocker, UnmappedBamToAlignedBam.SamToFastqAndBwaMemAndMba -> LocalWithDocker, UnmappedBamToAlignedBam.GatherBamFiles -> LocalWithDocker, BamToCram.CheckPreValidation -> LocalWithDocker, AggregatedBamQC.CheckFingerprintTask -> LocalWithDocker, BamToCram.ValidateCram -> LocalWithDocker, UnmappedBamToAlignedBam.SamToFastqAndDragmapAndMba -> LocalWithDocker, UnmappedBamToAlignedBam.CrossCheckFingerprints -> LocalWithDocker, WholeGenomeGermlineSingleSample.CollectRawWgsMetrics -> LocalWithDocker, AggregatedBamQC.CollectReadgroupBamQualityMetrics -> LocalWithDocker, WholeGenomeGermlineSingleSample.CollectWgsMetrics -> LocalWithDocker, VariantCalling.ValidateVCF -> LocalWithDocker, VariantCalling.ErrorMessageIncorrectInput -> LocalWithDocker, VariantCalling.MergeVCFs -> LocalWithDocker, UnmappedBamToAlignedBam.CheckContamination -> LocalWithDocker, UnmappedBamToAlignedBam.BaseRecalibrator -> LocalWithDocker, VariantCalling.Reblock -> LocalWithDocker, AggregatedBamQC.CollectAggregationMetrics -> LocalWithDocker, WholeGenomeGermlineSingleSample.DragenModeVariantCallingAndGATK3Error -> LocalWithDocker, VariantCalling.HaplotypeCallerGATK3 -> LocalWithDocker, UnmappedBamToAlignedBam.GatherBqsrReports -> LocalWithDocker, UnmappedBamToAlignedBam.SortSampleBam -> LocalWithDocker, UnmappedBamToAlignedBam.CollectUnsortedReadgroupBamQualityMetrics -> LocalWithDocker, UnmappedBamToAlignedBam.CollectQualityYieldMetrics -> LocalWithDocker, VariantCalling.HaplotypeCallerGATK4 -> LocalWithDocker, UnmappedBamToAlignedBam.MarkDuplicates -> LocalWithDocker, VariantCalling.MergeBamouts -> LocalWithDocker, VariantCalling.ScatterIntervalList -> LocalWithDocker, AggregatedBamQC.CalculateReadGroupChecksum -> LocalWithDocker, UnmappedBamToAlignedBam.CreateSequenceGroupingTSV -> LocalWithDocker, VariantCalling.DragstrAutoCalibration -> LocalWithDocker, VariantCalling.SortBamout -> LocalWithDocker, UnmappedBamToAlignedBam.ApplyBQSR -> LocalWithDocker, SplitLargeReadGroup.SamToFastqAndDragmapAndMba -> LocalWithDocker, SplitLargeReadGroup.SamToFastqAndBwaMemAndMba -> LocalWithDocker, VariantCalling.CollectVariantCallingMetrics -> LocalWithDocker, VariantCalling.DragenHardFilterVcf -> LocalWithDocker, SplitLargeReadGroup.GatherMonolithicBamFile -> LocalWithDocker, WholeGenomeGermlineSingleSample.PresetArgumentsError -> LocalWithDocker
[2025-11-29 12:49:10,19] [[38;5;220mwarn[0m] LocalWithDocker [[38;5;2m3d34995f[0m]: Key/s [preemptible, disks, cpu, memory] is/are not supported by backend. Unsupported attributes will not be part of job executions.
[2025-11-29 12:49:10,19] [[38;5;220mwarn[0m] LocalWithDocker [[38;5;2m3d34995f[0m]: Key/s [preemptible, memory, disks] is/are not supported by backend. Unsupported attributes will not be part of job executions.
[2025-11-29 12:49:10,19] [[38;5;220mwarn[0m] LocalWithDocker [[38;5;2m3d34995f[0m]: Key/s [preemptible, disks, cpu, memory] is/are not supported by backend. Unsupported attributes will not be part of job executions.
[2025-11-29 12:49:10,19] [[38;5;220mwarn[0m] LocalWithDocker [[38;5;2m3d34995f[0m]: Key/s [preemptible, memory, disks] is/are not supported by backend. Unsupported attributes will not be part of job executions.
[2025-11-29 12:49:10,19] [[38;5;220mwarn[0m] LocalWithDocker [[38;5;2m3d34995f[0m]: Key/s [preemptible, memory] is/are not supported by backend. Unsupported attributes will not be part of job executions.
[2025-11-29 12:49:10,19] [[38;5;220mwarn[0m] LocalWithDocker [[38;5;2m3d34995f[0m]: Key/s [disks, memory, preemptible] is/are not supported by backend. Unsupported attributes will not be part of job executions.
[2025-11-29 12:49:10,19] [[38;5;220mwarn[0m] LocalWithDocker [[38;5;2m3d34995f[0m]: Key/s [preemptible, memory, disks] is/are not supported by backend. Unsupported attributes will not be part of job executions.
[2025-11-29 12:49:10,19] [[38;5;220mwarn[0m] LocalWithDocker [[38;5;2m3d34995f[0m]: Key/s [preemptible, disks, cpu, memory] is/are not supported by backend. Unsupported attributes will not be part of job executions.
[2025-11-29 12:49:10,19] [[38;5;220mwarn[0m] LocalWithDocker [[38;5;2m3d34995f[0m]: Key/s [preemptible, memory, disks] is/are not supported by backend. Unsupported attributes will not be part of job executions.
[2025-11-29 12:49:10,19] [[38;5;220mwarn[0m] LocalWithDocker [[38;5;2m3d34995f[0m]: Key/s [preemptible, memory, disks] is/are not supported by backend. Unsupported attributes will not be part of job executions.
[2025-11-29 12:49:10,19] [[38;5;220mwarn[0m] LocalWithDocker [[38;5;2m3d34995f[0m]: Key/s [memory, disks, preemptible] is/are not supported by backend. Unsupported attributes will not be part of job executions.
[2025-11-29 12:49:10,20] [[38;5;220mwarn[0m] LocalWithDocker [[38;5;2m3d34995f[0m]: Key/s [preemptible, memory, disks] is/are not supported by backend. Unsupported attributes will not be part of job executions.
[2025-11-29 12:49:10,20] [[38;5;220mwarn[0m] LocalWithDocker [[38;5;2m3d34995f[0m]: Key/s [preemptible, bootDiskSizeGb, disks, memory] is/are not supported by backend. Unsupported attributes will not be part of job executions.
[2025-11-29 12:49:10,20] [[38;5;220mwarn[0m] LocalWithDocker [[38;5;2m3d34995f[0m]: Key/s [preemptible, memory, disks] is/are not supported by backend. Unsupported attributes will not be part of job executions.
[2025-11-29 12:49:10,20] [[38;5;220mwarn[0m] LocalWithDocker [[38;5;2m3d34995f[0m]: Key/s [preemptible, disks, cpu, memory] is/are not supported by backend. Unsupported attributes will not be part of job executions.
[2025-11-29 12:49:10,20] [[38;5;220mwarn[0m] LocalWithDocker [[38;5;2m3d34995f[0m]: Key/s [preemptible, bootDiskSizeGb, disks, memory] is/are not supported by backend. Unsupported attributes will not be part of job executions.
[2025-11-29 12:49:10,20] [[38;5;220mwarn[0m] LocalWithDocker [[38;5;2m3d34995f[0m]: Key/s [preemptible, bootDiskSizeGb, disks, memory] is/are not supported by backend. Unsupported attributes will not be part of job executions.
[2025-11-29 12:49:10,20] [[38;5;220mwarn[0m] LocalWithDocker [[38;5;2m3d34995f[0m]: Key/s [memory, disks, preemptible] is/are not supported by backend. Unsupported attributes will not be part of job executions.
[2025-11-29 12:49:10,20] [[38;5;220mwarn[0m] LocalWithDocker [[38;5;2m3d34995f[0m]: Key/s [preemptible, disks, cpu, memory] is/are not supported by backend. Unsupported attributes will not be part of job executions.
[2025-11-29 12:49:10,20] [[38;5;220mwarn[0m] LocalWithDocker [[38;5;2m3d34995f[0m]: Key/s [preemptible, bootDiskSizeGb, disks, memory] is/are not supported by backend. Unsupported attributes will not be part of job executions.
[2025-11-29 12:49:10,20] [[38;5;220mwarn[0m] LocalWithDocker [[38;5;2m3d34995f[0m]: Key/s [preemptible, disks, cpu, memory] is/are not supported by backend. Unsupported attributes will not be part of job executions.
[2025-11-29 12:49:10,20] [[38;5;220mwarn[0m] LocalWithDocker [[38;5;2m3d34995f[0m]: Key/s [memory, disks, preemptible] is/are not supported by backend. Unsupported attributes will not be part of job executions.
[2025-11-29 12:49:10,20] [[38;5;220mwarn[0m] LocalWithDocker [[38;5;2m3d34995f[0m]: Key/s [disks, memory, preemptible] is/are not supported by backend. Unsupported attributes will not be part of job executions.
[2025-11-29 12:49:10,20] [[38;5;220mwarn[0m] LocalWithDocker [[38;5;2m3d34995f[0m]: Key/s [preemptible, bootDiskSizeGb, disks, cpu, memory] is/are not supported by backend. Unsupported attributes will not be part of job executions.
[2025-11-29 12:49:10,20] [[38;5;220mwarn[0m] LocalWithDocker [[38;5;2m3d34995f[0m]: Key/s [preemptible, memory, disks] is/are not supported by backend. Unsupported attributes will not be part of job executions.
[2025-11-29 12:49:10,20] [[38;5;220mwarn[0m] LocalWithDocker [[38;5;2m3d34995f[0m]: Key/s [preemptible, disks, cpu, memory] is/are not supported by backend. Unsupported attributes will not be part of job executions.
[2025-11-29 12:49:10,20] [[38;5;220mwarn[0m] LocalWithDocker [[38;5;2m3d34995f[0m]: Key/s [memory] is/are not supported by backend. Unsupported attributes will not be part of job executions.
[2025-11-29 12:49:10,20] [[38;5;220mwarn[0m] LocalWithDocker [[38;5;2m3d34995f[0m]: Key/s [preemptible, memory, disks] is/are not supported by backend. Unsupported attributes will not be part of job executions.
[2025-11-29 12:49:10,20] [[38;5;220mwarn[0m] LocalWithDocker [[38;5;2m3d34995f[0m]: Key/s [preemptible, memory] is/are not supported by backend. Unsupported attributes will not be part of job executions.
[2025-11-29 12:49:10,20] [[38;5;220mwarn[0m] LocalWithDocker [[38;5;2m3d34995f[0m]: Key/s [preemptible, disks, cpu, memory] is/are not supported by backend. Unsupported attributes will not be part of job executions.
[2025-11-29 12:49:10,20] [[38;5;220mwarn[0m] LocalWithDocker [[38;5;2m3d34995f[0m]: Key/s [preemptible, disks, cpu, memory] is/are not supported by backend. Unsupported attributes will not be part of job executions.
[2025-11-29 12:49:10,20] [[38;5;220mwarn[0m] LocalWithDocker [[38;5;2m3d34995f[0m]: Key/s [preemptible, bootDiskSizeGb, disks, memory] is/are not supported by backend. Unsupported attributes will not be part of job executions.
[2025-11-29 12:49:10,20] [[38;5;220mwarn[0m] LocalWithDocker [[38;5;2m3d34995f[0m]: Key/s [preemptible, disks, cpu, memory] is/are not supported by backend. Unsupported attributes will not be part of job executions.
[2025-11-29 12:49:10,20] [[38;5;220mwarn[0m] LocalWithDocker [[38;5;2m3d34995f[0m]: Key/s [preemptible, disks, cpu, memory] is/are not supported by backend. Unsupported attributes will not be part of job executions.
[2025-11-29 12:49:10,20] [[38;5;220mwarn[0m] LocalWithDocker [[38;5;2m3d34995f[0m]: Key/s [preemptible, memory, disks] is/are not supported by backend. Unsupported attributes will not be part of job executions.
[2025-11-29 12:49:10,20] [[38;5;220mwarn[0m] LocalWithDocker [[38;5;2m3d34995f[0m]: Key/s [preemptible, bootDiskSizeGb, disks, memory] is/are not supported by backend. Unsupported attributes will not be part of job executions.
[2025-11-29 12:49:10,20] [[38;5;220mwarn[0m] LocalWithDocker [[38;5;2m3d34995f[0m]: Key/s [preemptible, memory, disks] is/are not supported by backend. Unsupported attributes will not be part of job executions.
[2025-11-29 12:49:12,77] [info] Not triggering log of restart checking token queue status. Effective log interval = None
[2025-11-29 12:49:12,78] [info] Not triggering log of execution token queue status. Effective log interval = None
[2025-11-29 12:49:13,47] [info] 3d34995f-bd8e-4e1e-88c8-95f2cc6eb274-SubWorkflowExecutionActor-SubWorkflow-UnmappedBamToAlignedBam:-1:1 [[38;5;2m3d34995f[0mSubWorkflow-UnmappedBamToAlignedBam:-1:1]: Running subworkflow: 4a1c33f3-cf3d-44bd-a4eb-bf4bb8fa4c5e, root: 3d34995f-bd8e-4e1e-88c8-95f2cc6eb274
[2025-11-29 12:49:15,52] [info] 4a1c33f3-cf3d-44bd-a4eb-bf4bb8fa4c5e-SubWorkflowActor-SubWorkflow-UnmappedBamToAlignedBam:-1:1 [[38;5;2m4a1c33f3[0m]: Starting UnmappedBamToAlignedBam.CreateSequenceGroupingTSV
[2025-11-29 12:49:17,79] [info] Assigned new job execution tokens to the following groups: 3d34995f: 1
[2025-11-29 12:49:18,70] [info] 4a1c33f3-cf3d-44bd-a4eb-bf4bb8fa4c5e-SubWorkflowActor-SubWorkflow-UnmappedBamToAlignedBam:-1:1 [[38;5;2m4a1c33f3[0m]: Starting UnmappedBamToAlignedBam.CollectQualityYieldMetrics
[2025-11-29 12:49:19,32] [[38;5;220mwarn[0m] BackgroundConfigAsyncJobExecutionActor [[38;5;2m4a1c33f3[0mUnmappedBamToAlignedBam.CreateSequenceGroupingTSV:NA:1]: Unrecognized runtime attribute keys: preemptible, memory
[2025-11-29 12:49:19,51] [info] BackgroundConfigAsyncJobExecutionActor [[38;5;2m4a1c33f3[0mUnmappedBamToAlignedBam.CreateSequenceGroupingTSV:NA:1]: [38;5;5mpython3 <<CODE
with open("/cromwell-executions/WholeGenomeGermlineSingleSample/3d34995f-bd8e-4e1e-88c8-95f2cc6eb274/call-UnmappedBamToAlignedBam/UnmappedBamToAlignedBam/4a1c33f3-cf3d-44bd-a4eb-bf4bb8fa4c5e/call-CreateSequenceGroupingTSV/inputs/-1569105944/Homo_sapiens_assembly38_masked.dict", "r") as ref_dict_file:
    sequence_tuple_list = []
    longest_sequence = 0
    for line in ref_dict_file:
        if line.startswith("@SQ"):
            line_split = line.split("\t")
            # (Sequence_Name, Sequence_Length)
            sequence_tuple_list.append((line_split[1].split("SN:")[1], int(line_split[2].split("LN:")[1])))
    longest_sequence = sorted(sequence_tuple_list, key=lambda x: x[1], reverse=True)[0][1]
# We are adding this to the intervals because hg38 has contigs named with embedded colons and a bug in GATK strips off
# the last element after a :, so we add this as a sacrificial element.
hg38_protection_tag = ":1+"
# initialize the tsv string with the first sequence
tsv_string = sequence_tuple_list[0][0] + hg38_protection_tag
temp_size = sequence_tuple_list[0][1]
for sequence_tuple in sequence_tuple_list[1:]:
    if temp_size + sequence_tuple[1] <= longest_sequence:
        temp_size += sequence_tuple[1]
        tsv_string += "\t" + sequence_tuple[0] + hg38_protection_tag
    else:
        tsv_string += "\n" + sequence_tuple[0] + hg38_protection_tag
        temp_size = sequence_tuple[1]
# add the unmapped sequences as a separate line to ensure that they are recalibrated as well
with open("sequence_grouping.txt","w") as tsv_file:
  tsv_file.write(tsv_string)
  tsv_file.close()

tsv_string += '\n' + "unmapped"

with open("sequence_grouping_with_unmapped.txt","w") as tsv_file_with_unmapped:
  tsv_file_with_unmapped.write(tsv_string)
  tsv_file_with_unmapped.close()
CODE[0m
[2025-11-29 12:49:19,60] [info] BackgroundConfigAsyncJobExecutionActor [[38;5;2m4a1c33f3[0mUnmappedBamToAlignedBam.CreateSequenceGroupingTSV:NA:1]: executing: # make sure there is no preexisting Docker CID file
rm -f /mnt/nas1/projects/lasr/blendseq/warp-pipelines/warp-gatk-germline-single-sample-pipeline-master/tmp/1977401714735460022/cromwell-executions/WholeGenomeGermlineSingleSample/3d34995f-bd8e-4e1e-88c8-95f2cc6eb274/call-UnmappedBamToAlignedBam/UnmappedBamToAlignedBam/4a1c33f3-cf3d-44bd-a4eb-bf4bb8fa4c5e/call-CreateSequenceGroupingTSV/execution/docker_cid
# run as in the original configuration without --rm flag (will remove later)
docker run \
  --cidfile /mnt/nas1/projects/lasr/blendseq/warp-pipelines/warp-gatk-germline-single-sample-pipeline-master/tmp/1977401714735460022/cromwell-executions/WholeGenomeGermlineSingleSample/3d34995f-bd8e-4e1e-88c8-95f2cc6eb274/call-UnmappedBamToAlignedBam/UnmappedBamToAlignedBam/4a1c33f3-cf3d-44bd-a4eb-bf4bb8fa4c5e/call-CreateSequenceGroupingTSV/execution/docker_cid \
  -i \
  --user 1027:1028 \
  --cpus="64" \
  --memory="204800M" \
  --entrypoint /bin/bash \
  -v /mnt/nas1/projects/lasr/blendseq/warp-pipelines/warp-gatk-germline-single-sample-pipeline-master/tmp/1977401714735460022/cromwell-executions/WholeGenomeGermlineSingleSample/3d34995f-bd8e-4e1e-88c8-95f2cc6eb274/call-UnmappedBamToAlignedBam/UnmappedBamToAlignedBam/4a1c33f3-cf3d-44bd-a4eb-bf4bb8fa4c5e/call-CreateSequenceGroupingTSV:/cromwell-executions/WholeGenomeGermlineSingleSample/3d34995f-bd8e-4e1e-88c8-95f2cc6eb274/call-UnmappedBamToAlignedBam/UnmappedBamToAlignedBam/4a1c33f3-cf3d-44bd-a4eb-bf4bb8fa4c5e/call-CreateSequenceGroupingTSV \
  us.gcr.io/broad-dsp-gcr-public/base/python@sha256:af87295ec55957b9997a20803e5e612fe819e39be40a6cd817d696f6b758ad1a /cromwell-executions/WholeGenomeGermlineSingleSample/3d34995f-bd8e-4e1e-88c8-95f2cc6eb274/call-UnmappedBamToAlignedBam/UnmappedBamToAlignedBam/4a1c33f3-cf3d-44bd-a4eb-bf4bb8fa4c5e/call-CreateSequenceGroupingTSV/execution/script

# get the return code (working even if the container was detached)
rc=$(docker wait [38;5;5mcat /mnt/nas1/projects/lasr/blendseq/warp-pipelines/warp-gatk-germline-single-sample-pipeline-master/tmp/1977401714735460022/cromwell-executions/WholeGenomeGermlineSingleSample/3d34995f-bd8e-4e1e-88c8-95f2cc6eb274/call-UnmappedBamToAlignedBam/UnmappedBamToAlignedBam/4a1c33f3-cf3d-44bd-a4eb-bf4bb8fa4c5e/call-CreateSequenceGroupingTSV/execution/docker_cid[0m)

# remove the container after waiting
docker rm [38;5;5mcat /mnt/nas1/projects/lasr/blendseq/warp-pipelines/warp-gatk-germline-single-sample-pipeline-master/tmp/1977401714735460022/cromwell-executions/WholeGenomeGermlineSingleSample/3d34995f-bd8e-4e1e-88c8-95f2cc6eb274/call-UnmappedBamToAlignedBam/UnmappedBamToAlignedBam/4a1c33f3-cf3d-44bd-a4eb-bf4bb8fa4c5e/call-CreateSequenceGroupingTSV/execution/docker_cid[0m

# return exit code
exit $rc
[2025-11-29 12:49:20,74] [info] 4a1c33f3-cf3d-44bd-a4eb-bf4bb8fa4c5e-SubWorkflowExecutionActor-SubWorkflow-SplitRG:0:1 [[38;5;2m4a1c33f3[0mSubWorkflow-SplitRG:0:1]: Running subworkflow: fe27c5e0-9c12-4cc7-8978-b486720a16c5, root: 3d34995f-bd8e-4e1e-88c8-95f2cc6eb274
[2025-11-29 12:49:22,73] [info] BackgroundConfigAsyncJobExecutionActor [[38;5;2m4a1c33f3[0mUnmappedBamToAlignedBam.CreateSequenceGroupingTSV:NA:1]: job id: 235924
[2025-11-29 12:49:22,73] [info] BackgroundConfigAsyncJobExecutionActor [[38;5;2m4a1c33f3[0mUnmappedBamToAlignedBam.CreateSequenceGroupingTSV:NA:1]: Status change from - to Done
[2025-11-29 12:49:22,78] [info] fe27c5e0-9c12-4cc7-8978-b486720a16c5-SubWorkflowActor-SubWorkflow-SplitRG:0:1 [[38;5;2mfe27c5e0[0m]: Starting SplitLargeReadGroup.SamSplitter
[2025-11-29 12:49:27,79] [info] Assigned new job execution tokens to the following groups: 3d34995f: 1
[2025-11-29 12:49:28,60] [[38;5;220mwarn[0m] BackgroundConfigAsyncJobExecutionActor [[38;5;2m4a1c33f3[0mUnmappedBamToAlignedBam.CollectQualityYieldMetrics:0:1]: Unrecognized runtime attribute keys: preemptible, disks, memory
[2025-11-29 12:52:58,51] [info] BackgroundConfigAsyncJobExecutionActor [[38;5;2m4a1c33f3[0mUnmappedBamToAlignedBam.CollectQualityYieldMetrics:0:1]: [38;5;5mjava -Xms2000m -Xmx3000m -jar /usr/picard/picard.jar \
  CollectQualityYieldMetrics \
  INPUT=/cromwell-executions/WholeGenomeGermlineSingleSample/3d34995f-bd8e-4e1e-88c8-95f2cc6eb274/call-UnmappedBamToAlignedBam/UnmappedBamToAlignedBam/4a1c33f3-cf3d-44bd-a4eb-bf4bb8fa4c5e/call-CollectQualityYieldMetrics/shard-0/inputs/1329413647/sorted-SRR32255563_ILMN.unmapped.bam \
  OQ=true \
  OUTPUT=sorted-SRR32255563_ILMN.unmapped.quality_yield_metrics[0m
[2025-11-29 12:52:58,55] [info] BackgroundConfigAsyncJobExecutionActor [[38;5;2m4a1c33f3[0mUnmappedBamToAlignedBam.CollectQualityYieldMetrics:0:1]: executing: # make sure there is no preexisting Docker CID file
rm -f /mnt/nas1/projects/lasr/blendseq/warp-pipelines/warp-gatk-germline-single-sample-pipeline-master/tmp/1977401714735460022/cromwell-executions/WholeGenomeGermlineSingleSample/3d34995f-bd8e-4e1e-88c8-95f2cc6eb274/call-UnmappedBamToAlignedBam/UnmappedBamToAlignedBam/4a1c33f3-cf3d-44bd-a4eb-bf4bb8fa4c5e/call-CollectQualityYieldMetrics/shard-0/execution/docker_cid
# run as in the original configuration without --rm flag (will remove later)
docker run \
  --cidfile /mnt/nas1/projects/lasr/blendseq/warp-pipelines/warp-gatk-germline-single-sample-pipeline-master/tmp/1977401714735460022/cromwell-executions/WholeGenomeGermlineSingleSample/3d34995f-bd8e-4e1e-88c8-95f2cc6eb274/call-UnmappedBamToAlignedBam/UnmappedBamToAlignedBam/4a1c33f3-cf3d-44bd-a4eb-bf4bb8fa4c5e/call-CollectQualityYieldMetrics/shard-0/execution/docker_cid \
  -i \
  --user 1027:1028 \
  --cpus="64" \
  --memory="204800M" \
  --entrypoint /bin/bash \
  -v /mnt/nas1/projects/lasr/blendseq/warp-pipelines/warp-gatk-germline-single-sample-pipeline-master/tmp/1977401714735460022/cromwell-executions/WholeGenomeGermlineSingleSample/3d34995f-bd8e-4e1e-88c8-95f2cc6eb274/call-UnmappedBamToAlignedBam/UnmappedBamToAlignedBam/4a1c33f3-cf3d-44bd-a4eb-bf4bb8fa4c5e/call-CollectQualityYieldMetrics/shard-0:/cromwell-executions/WholeGenomeGermlineSingleSample/3d34995f-bd8e-4e1e-88c8-95f2cc6eb274/call-UnmappedBamToAlignedBam/UnmappedBamToAlignedBam/4a1c33f3-cf3d-44bd-a4eb-bf4bb8fa4c5e/call-CollectQualityYieldMetrics/shard-0 \
  us.gcr.io/broad-gotc-prod/picard-cloud@sha256:e5ad5339080c3107c04e4a4d000b8ab06f472b77019debc3ff75499d28995b0c /cromwell-executions/WholeGenomeGermlineSingleSample/3d34995f-bd8e-4e1e-88c8-95f2cc6eb274/call-UnmappedBamToAlignedBam/UnmappedBamToAlignedBam/4a1c33f3-cf3d-44bd-a4eb-bf4bb8fa4c5e/call-CollectQualityYieldMetrics/shard-0/execution/script

# get the return code (working even if the container was detached)
rc=$(docker wait [38;5;5mcat /mnt/nas1/projects/lasr/blendseq/warp-pipelines/warp-gatk-germline-single-sample-pipeline-master/tmp/1977401714735460022/cromwell-executions/WholeGenomeGermlineSingleSample/3d34995f-bd8e-4e1e-88c8-95f2cc6eb274/call-UnmappedBamToAlignedBam/UnmappedBamToAlignedBam/4a1c33f3-cf3d-44bd-a4eb-bf4bb8fa4c5e/call-CollectQualityYieldMetrics/shard-0/execution/docker_cid[0m)

# remove the container after waiting
docker rm [38;5;5mcat /mnt/nas1/projects/lasr/blendseq/warp-pipelines/warp-gatk-germline-single-sample-pipeline-master/tmp/1977401714735460022/cromwell-executions/WholeGenomeGermlineSingleSample/3d34995f-bd8e-4e1e-88c8-95f2cc6eb274/call-UnmappedBamToAlignedBam/UnmappedBamToAlignedBam/4a1c33f3-cf3d-44bd-a4eb-bf4bb8fa4c5e/call-CollectQualityYieldMetrics/shard-0/execution/docker_cid[0m

# return exit code
exit $rc
[2025-11-29 12:53:02,70] [info] BackgroundConfigAsyncJobExecutionActor [[38;5;2m4a1c33f3[0mUnmappedBamToAlignedBam.CollectQualityYieldMetrics:0:1]: job id: 236312
[2025-11-29 12:53:02,70] [info] BackgroundConfigAsyncJobExecutionActor [[38;5;2m4a1c33f3[0mUnmappedBamToAlignedBam.CollectQualityYieldMetrics:0:1]: Status change from - to WaitingForReturnCode
[2025-11-29 13:29:23,56] [info] BackgroundConfigAsyncJobExecutionActor [[38;5;2m4a1c33f3[0mUnmappedBamToAlignedBam.CollectQualityYieldMetrics:0:1]: Status change from WaitingForReturnCode to Done
[2025-11-29 13:29:27,78] [info] Assigned new job execution tokens to the following groups: 3d34995f: 1
[2025-11-29 13:29:28,60] [[38;5;220mwarn[0m] BackgroundConfigAsyncJobExecutionActor [[38;5;2mfe27c5e0[0mSplitLargeReadGroup.SamSplitter:NA:1]: Unrecognized runtime attribute keys: preemptible, disks, memory
[2025-11-29 13:29:28,65] [info] BackgroundConfigAsyncJobExecutionActor [[38;5;2mfe27c5e0[0mSplitLargeReadGroup.SamSplitter:NA:1]: [38;5;5mset -e
mkdir output_dir

total_reads=$(samtools view -c /cromwell-executions/WholeGenomeGermlineSingleSample/3d34995f-bd8e-4e1e-88c8-95f2cc6eb274/call-UnmappedBamToAlignedBam/UnmappedBamToAlignedBam/4a1c33f3-cf3d-44bd-a4eb-bf4bb8fa4c5e/call-SplitRG/shard-0/SplitLargeReadGroup/fe27c5e0-9c12-4cc7-8978-b486720a16c5/call-SamSplitter/inputs/1329413647/sorted-SRR32255563_ILMN.unmapped.bam)

java -Dsamjdk.compression_level=2 -Xms3000m -Xmx3600m -jar /usr/gitc/picard.jar SplitSamByNumberOfReads \
  INPUT=/cromwell-executions/WholeGenomeGermlineSingleSample/3d34995f-bd8e-4e1e-88c8-95f2cc6eb274/call-UnmappedBamToAlignedBam/UnmappedBamToAlignedBam/4a1c33f3-cf3d-44bd-a4eb-bf4bb8fa4c5e/call-SplitRG/shard-0/SplitLargeReadGroup/fe27c5e0-9c12-4cc7-8978-b486720a16c5/call-SamSplitter/inputs/1329413647/sorted-SRR32255563_ILMN.unmapped.bam \
  OUTPUT=output_dir \
  SPLIT_TO_N_READS=48000000 \
  TOTAL_READS_IN_INPUT=$total_reads[0m
[2025-11-29 13:29:28,66] [info] BackgroundConfigAsyncJobExecutionActor [[38;5;2mfe27c5e0[0mSplitLargeReadGroup.SamSplitter:NA:1]: executing: # make sure there is no preexisting Docker CID file
rm -f /mnt/nas1/projects/lasr/blendseq/warp-pipelines/warp-gatk-germline-single-sample-pipeline-master/tmp/1977401714735460022/cromwell-executions/WholeGenomeGermlineSingleSample/3d34995f-bd8e-4e1e-88c8-95f2cc6eb274/call-UnmappedBamToAlignedBam/UnmappedBamToAlignedBam/4a1c33f3-cf3d-44bd-a4eb-bf4bb8fa4c5e/call-SplitRG/shard-0/SplitLargeReadGroup/fe27c5e0-9c12-4cc7-8978-b486720a16c5/call-SamSplitter/execution/docker_cid
# run as in the original configuration without --rm flag (will remove later)
docker run \
  --cidfile /mnt/nas1/projects/lasr/blendseq/warp-pipelines/warp-gatk-germline-single-sample-pipeline-master/tmp/1977401714735460022/cromwell-executions/WholeGenomeGermlineSingleSample/3d34995f-bd8e-4e1e-88c8-95f2cc6eb274/call-UnmappedBamToAlignedBam/UnmappedBamToAlignedBam/4a1c33f3-cf3d-44bd-a4eb-bf4bb8fa4c5e/call-SplitRG/shard-0/SplitLargeReadGroup/fe27c5e0-9c12-4cc7-8978-b486720a16c5/call-SamSplitter/execution/docker_cid \
  -i \
  --user 1027:1028 \
  --cpus="64" \
  --memory="204800M" \
  --entrypoint /bin/bash \
  -v /mnt/nas1/projects/lasr/blendseq/warp-pipelines/warp-gatk-germline-single-sample-pipeline-master/tmp/1977401714735460022/cromwell-executions/WholeGenomeGermlineSingleSample/3d34995f-bd8e-4e1e-88c8-95f2cc6eb274/call-UnmappedBamToAlignedBam/UnmappedBamToAlignedBam/4a1c33f3-cf3d-44bd-a4eb-bf4bb8fa4c5e/call-SplitRG/shard-0/SplitLargeReadGroup/fe27c5e0-9c12-4cc7-8978-b486720a16c5/call-SamSplitter:/cromwell-executions/WholeGenomeGermlineSingleSample/3d34995f-bd8e-4e1e-88c8-95f2cc6eb274/call-UnmappedBamToAlignedBam/UnmappedBamToAlignedBam/4a1c33f3-cf3d-44bd-a4eb-bf4bb8fa4c5e/call-SplitRG/shard-0/SplitLargeReadGroup/fe27c5e0-9c12-4cc7-8978-b486720a16c5/call-SamSplitter \
  us.gcr.io/broad-gotc-prod/samtools-picard-bwa@sha256:68eae459869592a095b75598039a65e02dede4f6e89cb1452a6a9e673cc10fa9 /cromwell-executions/WholeGenomeGermlineSingleSample/3d34995f-bd8e-4e1e-88c8-95f2cc6eb274/call-UnmappedBamToAlignedBam/UnmappedBamToAlignedBam/4a1c33f3-cf3d-44bd-a4eb-bf4bb8fa4c5e/call-SplitRG/shard-0/SplitLargeReadGroup/fe27c5e0-9c12-4cc7-8978-b486720a16c5/call-SamSplitter/execution/script

# get the return code (working even if the container was detached)
rc=$(docker wait [38;5;5mcat /mnt/nas1/projects/lasr/blendseq/warp-pipelines/warp-gatk-germline-single-sample-pipeline-master/tmp/1977401714735460022/cromwell-executions/WholeGenomeGermlineSingleSample/3d34995f-bd8e-4e1e-88c8-95f2cc6eb274/call-UnmappedBamToAlignedBam/UnmappedBamToAlignedBam/4a1c33f3-cf3d-44bd-a4eb-bf4bb8fa4c5e/call-SplitRG/shard-0/SplitLargeReadGroup/fe27c5e0-9c12-4cc7-8978-b486720a16c5/call-SamSplitter/execution/docker_cid[0m)

# remove the container after waiting
docker rm [38;5;5mcat /mnt/nas1/projects/lasr/blendseq/warp-pipelines/warp-gatk-germline-single-sample-pipeline-master/tmp/1977401714735460022/cromwell-executions/WholeGenomeGermlineSingleSample/3d34995f-bd8e-4e1e-88c8-95f2cc6eb274/call-UnmappedBamToAlignedBam/UnmappedBamToAlignedBam/4a1c33f3-cf3d-44bd-a4eb-bf4bb8fa4c5e/call-SplitRG/shard-0/SplitLargeReadGroup/fe27c5e0-9c12-4cc7-8978-b486720a16c5/call-SamSplitter/execution/docker_cid[0m

# return exit code
exit $rc
[2025-11-29 13:29:32,70] [info] BackgroundConfigAsyncJobExecutionActor [[38;5;2mfe27c5e0[0mSplitLargeReadGroup.SamSplitter:NA:1]: job id: 236837
[2025-11-29 13:29:32,70] [info] BackgroundConfigAsyncJobExecutionActor [[38;5;2mfe27c5e0[0mSplitLargeReadGroup.SamSplitter:NA:1]: Status change from - to WaitingForReturnCode
[2025-11-29 14:42:28,77] [info] BackgroundConfigAsyncJobExecutionActor [[38;5;2mfe27c5e0[0mSplitLargeReadGroup.SamSplitter:NA:1]: Status change from WaitingForReturnCode to Done
[2025-11-29 14:42:34,16] [info] fe27c5e0-9c12-4cc7-8978-b486720a16c5-SubWorkflowActor-SubWorkflow-SplitRG:0:1 [[38;5;2mfe27c5e0[0m]: Starting SplitLargeReadGroup.SamToFastqAndDragmapAndMba (35 shards)
[2025-11-29 14:42:37,78] [info] Assigned new job execution tokens to the following groups: 3d34995f: 1
[2025-11-29 14:42:38,77] [[38;5;220mwarn[0m] BackgroundConfigAsyncJobExecutionActor [[38;5;2mfe27c5e0[0mSplitLargeReadGroup.SamToFastqAndDragmapAndMba:25:1]: Unrecognized runtime attribute keys: preemptible, disks, cpu, memory
[2025-11-29 14:44:35,91] [info] BackgroundConfigAsyncJobExecutionActor [[38;5;2mfe27c5e0[0mSplitLargeReadGroup.SamToFastqAndDragmapAndMba:25:1]: [38;5;5mset -euxo pipefail

DRAGMAP_VERSION=$(dragen-os --version)

if [ -z ${DRAGMAP_VERSION} ]; then
    exit 1;
fi

mkdir dragen_reference
mv /cromwell-executions/WholeGenomeGermlineSingleSample/3d34995f-bd8e-4e1e-88c8-95f2cc6eb274/call-UnmappedBamToAlignedBam/UnmappedBamToAlignedBam/4a1c33f3-cf3d-44bd-a4eb-bf4bb8fa4c5e/call-SplitRG/shard-0/SplitLargeReadGroup/fe27c5e0-9c12-4cc7-8978-b486720a16c5/call-SamToFastqAndDragmapAndMba/shard-25/inputs/-1290198700/reference.bin /cromwell-executions/WholeGenomeGermlineSingleSample/3d34995f-bd8e-4e1e-88c8-95f2cc6eb274/call-UnmappedBamToAlignedBam/UnmappedBamToAlignedBam/4a1c33f3-cf3d-44bd-a4eb-bf4bb8fa4c5e/call-SplitRG/shard-0/SplitLargeReadGroup/fe27c5e0-9c12-4cc7-8978-b486720a16c5/call-SamToFastqAndDragmapAndMba/shard-25/inputs/-1290198700/hash_table.cfg.bin /cromwell-executions/WholeGenomeGermlineSingleSample/3d34995f-bd8e-4e1e-88c8-95f2cc6eb274/call-UnmappedBamToAlignedBam/UnmappedBamToAlignedBam/4a1c33f3-cf3d-44bd-a4eb-bf4bb8fa4c5e/call-SplitRG/shard-0/SplitLargeReadGroup/fe27c5e0-9c12-4cc7-8978-b486720a16c5/call-SamToFastqAndDragmapAndMba/shard-25/inputs/-1290198700/hash_table.cmp dragen_reference

dragen-os -b /cromwell-executions/WholeGenomeGermlineSingleSample/3d34995f-bd8e-4e1e-88c8-95f2cc6eb274/call-UnmappedBamToAlignedBam/UnmappedBamToAlignedBam/4a1c33f3-cf3d-44bd-a4eb-bf4bb8fa4c5e/call-SplitRG/shard-0/SplitLargeReadGroup/fe27c5e0-9c12-4cc7-8978-b486720a16c5/call-SamToFastqAndDragmapAndMba/shard-25/inputs/-1047237686/shard_0026.bam -r dragen_reference --interleaved=1 --preserve-map-align-order true 2> >(tee shard_0026.dragmap.stderr.log >&2) | samtools view -h -O BAM - > aligned.bam
java -Dsamjdk.compression_level=2 -Xms1000m -Xmx1000m -jar /picard/picard.jar \
  MergeBamAlignment \
  VALIDATION_STRINGENCY=SILENT \
  EXPECTED_ORIENTATIONS=FR \
  ATTRIBUTES_TO_RETAIN=X0 \
  ATTRIBUTES_TO_REMOVE=RG \
  ATTRIBUTES_TO_REMOVE=NM \
  ATTRIBUTES_TO_REMOVE=MD \
  ALIGNED_BAM=aligned.bam \
  UNMAPPED_BAM=/cromwell-executions/WholeGenomeGermlineSingleSample/3d34995f-bd8e-4e1e-88c8-95f2cc6eb274/call-UnmappedBamToAlignedBam/UnmappedBamToAlignedBam/4a1c33f3-cf3d-44bd-a4eb-bf4bb8fa4c5e/call-SplitRG/shard-0/SplitLargeReadGroup/fe27c5e0-9c12-4cc7-8978-b486720a16c5/call-SamToFastqAndDragmapAndMba/shard-25/inputs/-1047237686/shard_0026.bam \
  OUTPUT=shard_0026.bam \
  REFERENCE_SEQUENCE=/cromwell-executions/WholeGenomeGermlineSingleSample/3d34995f-bd8e-4e1e-88c8-95f2cc6eb274/call-UnmappedBamToAlignedBam/UnmappedBamToAlignedBam/4a1c33f3-cf3d-44bd-a4eb-bf4bb8fa4c5e/call-SplitRG/shard-0/SplitLargeReadGroup/fe27c5e0-9c12-4cc7-8978-b486720a16c5/call-SamToFastqAndDragmapAndMba/shard-25/inputs/-1569105944/Homo_sapiens_assembly38_masked.fasta \
  PAIRED_RUN=true \
  SORT_ORDER="unsorted" \
  IS_BISULFITE_SEQUENCE=false \
  ALIGNED_READS_ONLY=false \
  CLIP_ADAPTERS=false \
   \
   \
  MAX_RECORDS_IN_RAM=2000000 \
  ADD_MATE_CIGAR=true \
  MAX_INSERTIONS_OR_DELETIONS=-1 \
  PRIMARY_ALIGNMENT_STRATEGY=MostDistant \
  PROGRAM_RECORD_ID="dragen-os" \
  PROGRAM_GROUP_VERSION="${DRAGMAP_VERSION}" \
  PROGRAM_GROUP_COMMAND_LINE="dragen-os -b /cromwell-executions/WholeGenomeGermlineSingleSample/3d34995f-bd8e-4e1e-88c8-95f2cc6eb274/call-UnmappedBamToAlignedBam/UnmappedBamToAlignedBam/4a1c33f3-cf3d-44bd-a4eb-bf4bb8fa4c5e/call-SplitRG/shard-0/SplitLargeReadGroup/fe27c5e0-9c12-4cc7-8978-b486720a16c5/call-SamToFastqAndDragmapAndMba/shard-25/inputs/-1047237686/shard_0026.bam -r dragen_reference --interleaved=1" \
  PROGRAM_GROUP_NAME="dragen-os" \
  UNMAPPED_READ_STRATEGY=COPY_TO_TAG \
  ALIGNER_PROPER_PAIR_FLAGS=true \
  UNMAP_CONTAMINANT_READS=true \
  ADD_PG_TAG_TO_READS=false[0m
[2025-11-29 14:44:35,92] [info] BackgroundConfigAsyncJobExecutionActor [[38;5;2mfe27c5e0[0mSplitLargeReadGroup.SamToFastqAndDragmapAndMba:25:1]: executing: # make sure there is no preexisting Docker CID file
rm -f /mnt/nas1/projects/lasr/blendseq/warp-pipelines/warp-gatk-germline-single-sample-pipeline-master/tmp/1977401714735460022/cromwell-executions/WholeGenomeGermlineSingleSample/3d34995f-bd8e-4e1e-88c8-95f2cc6eb274/call-UnmappedBamToAlignedBam/UnmappedBamToAlignedBam/4a1c33f3-cf3d-44bd-a4eb-bf4bb8fa4c5e/call-SplitRG/shard-0/SplitLargeReadGroup/fe27c5e0-9c12-4cc7-8978-b486720a16c5/call-SamToFastqAndDragmapAndMba/shard-25/execution/docker_cid
# run as in the original configuration without --rm flag (will remove later)
docker run \
  --cidfile /mnt/nas1/projects/lasr/blendseq/warp-pipelines/warp-gatk-germline-single-sample-pipeline-master/tmp/1977401714735460022/cromwell-executions/WholeGenomeGermlineSingleSample/3d34995f-bd8e-4e1e-88c8-95f2cc6eb274/call-UnmappedBamToAlignedBam/UnmappedBamToAlignedBam/4a1c33f3-cf3d-44bd-a4eb-bf4bb8fa4c5e/call-SplitRG/shard-0/SplitLargeReadGroup/fe27c5e0-9c12-4cc7-8978-b486720a16c5/call-SamToFastqAndDragmapAndMba/shard-25/execution/docker_cid \
  -i \
  --user 1027:1028 \
  --cpus="64" \
  --memory="204800M" \
  --entrypoint /bin/bash \
  -v /mnt/nas1/projects/lasr/blendseq/warp-pipelines/warp-gatk-germline-single-sample-pipeline-master/tmp/1977401714735460022/cromwell-executions/WholeGenomeGermlineSingleSample/3d34995f-bd8e-4e1e-88c8-95f2cc6eb274/call-UnmappedBamToAlignedBam/UnmappedBamToAlignedBam/4a1c33f3-cf3d-44bd-a4eb-bf4bb8fa4c5e/call-SplitRG/shard-0/SplitLargeReadGroup/fe27c5e0-9c12-4cc7-8978-b486720a16c5/call-SamToFastqAndDragmapAndMba/shard-25:/cromwell-executions/WholeGenomeGermlineSingleSample/3d34995f-bd8e-4e1e-88c8-95f2cc6eb274/call-UnmappedBamToAlignedBam/UnmappedBamToAlignedBam/4a1c33f3-cf3d-44bd-a4eb-bf4bb8fa4c5e/call-SplitRG/shard-0/SplitLargeReadGroup/fe27c5e0-9c12-4cc7-8978-b486720a16c5/call-SamToFastqAndDragmapAndMba/shard-25 \
  us.gcr.io/broad-gotc-prod/dragmap@sha256:5964afca3e4173c33b11100f68c1a44642e0ff2ee4de5a49d8cd446fef308b23 /cromwell-executions/WholeGenomeGermlineSingleSample/3d34995f-bd8e-4e1e-88c8-95f2cc6eb274/call-UnmappedBamToAlignedBam/UnmappedBamToAlignedBam/4a1c33f3-cf3d-44bd-a4eb-bf4bb8fa4c5e/call-SplitRG/shard-0/SplitLargeReadGroup/fe27c5e0-9c12-4cc7-8978-b486720a16c5/call-SamToFastqAndDragmapAndMba/shard-25/execution/script

# get the return code (working even if the container was detached)
rc=$(docker wait [38;5;5mcat /mnt/nas1/projects/lasr/blendseq/warp-pipelines/warp-gatk-germline-single-sample-pipeline-master/tmp/1977401714735460022/cromwell-executions/WholeGenomeGermlineSingleSample/3d34995f-bd8e-4e1e-88c8-95f2cc6eb274/call-UnmappedBamToAlignedBam/UnmappedBamToAlignedBam/4a1c33f3-cf3d-44bd-a4eb-bf4bb8fa4c5e/call-SplitRG/shard-0/SplitLargeReadGroup/fe27c5e0-9c12-4cc7-8978-b486720a16c5/call-SamToFastqAndDragmapAndMba/shard-25/execution/docker_cid[0m)

# remove the container after waiting
docker rm [38;5;5mcat /mnt/nas1/projects/lasr/blendseq/warp-pipelines/warp-gatk-germline-single-sample-pipeline-master/tmp/1977401714735460022/cromwell-executions/WholeGenomeGermlineSingleSample/3d34995f-bd8e-4e1e-88c8-95f2cc6eb274/call-UnmappedBamToAlignedBam/UnmappedBamToAlignedBam/4a1c33f3-cf3d-44bd-a4eb-bf4bb8fa4c5e/call-SplitRG/shard-0/SplitLargeReadGroup/fe27c5e0-9c12-4cc7-8978-b486720a16c5/call-SamToFastqAndDragmapAndMba/shard-25/execution/docker_cid[0m

# return exit code
exit $rc
[2025-11-29 14:44:37,70] [info] BackgroundConfigAsyncJobExecutionActor [[38;5;2mfe27c5e0[0mSplitLargeReadGroup.SamToFastqAndDragmapAndMba:25:1]: job id: 237608
[2025-11-29 14:44:37,70] [info] BackgroundConfigAsyncJobExecutionActor [[38;5;2mfe27c5e0[0mSplitLargeReadGroup.SamToFastqAndDragmapAndMba:25:1]: Status change from - to WaitingForReturnCode
[2025-11-29 14:45:13,65] [info] BackgroundConfigAsyncJobExecutionActor [[38;5;2mfe27c5e0[0mSplitLargeReadGroup.SamToFastqAndDragmapAndMba:25:1]: Status change from WaitingForReturnCode to Done
[2025-11-29 14:45:17,78] [info] Assigned new job execution tokens to the following groups: 3d34995f: 1
[2025-11-29 14:45:17,81] [[38;5;220mwarn[0m] BackgroundConfigAsyncJobExecutionActor [[38;5;2mfe27c5e0[0mSplitLargeReadGroup.SamToFastqAndDragmapAndMba:7:1]: Unrecognized runtime attribute keys: preemptible, disks, cpu, memory
[2025-11-29 14:45:28,34] [info] BackgroundConfigAsyncJobExecutionActor [[38;5;2mfe27c5e0[0mSplitLargeReadGroup.SamToFastqAndDragmapAndMba:7:1]: [38;5;5mset -euxo pipefail

DRAGMAP_VERSION=$(dragen-os --version)

if [ -z ${DRAGMAP_VERSION} ]; then
    exit 1;
fi

mkdir dragen_reference
mv /cromwell-executions/WholeGenomeGermlineSingleSample/3d34995f-bd8e-4e1e-88c8-95f2cc6eb274/call-UnmappedBamToAlignedBam/UnmappedBamToAlignedBam/4a1c33f3-cf3d-44bd-a4eb-bf4bb8fa4c5e/call-SplitRG/shard-0/SplitLargeReadGroup/fe27c5e0-9c12-4cc7-8978-b486720a16c5/call-SamToFastqAndDragmapAndMba/shard-7/inputs/-1290198700/reference.bin /cromwell-executions/WholeGenomeGermlineSingleSample/3d34995f-bd8e-4e1e-88c8-95f2cc6eb274/call-UnmappedBamToAlignedBam/UnmappedBamToAlignedBam/4a1c33f3-cf3d-44bd-a4eb-bf4bb8fa4c5e/call-SplitRG/shard-0/SplitLargeReadGroup/fe27c5e0-9c12-4cc7-8978-b486720a16c5/call-SamToFastqAndDragmapAndMba/shard-7/inputs/-1290198700/hash_table.cfg.bin /cromwell-executions/WholeGenomeGermlineSingleSample/3d34995f-bd8e-4e1e-88c8-95f2cc6eb274/call-UnmappedBamToAlignedBam/UnmappedBamToAlignedBam/4a1c33f3-cf3d-44bd-a4eb-bf4bb8fa4c5e/call-SplitRG/shard-0/SplitLargeReadGroup/fe27c5e0-9c12-4cc7-8978-b486720a16c5/call-SamToFastqAndDragmapAndMba/shard-7/inputs/-1290198700/hash_table.cmp dragen_reference

dragen-os -b /cromwell-executions/WholeGenomeGermlineSingleSample/3d34995f-bd8e-4e1e-88c8-95f2cc6eb274/call-UnmappedBamToAlignedBam/UnmappedBamToAlignedBam/4a1c33f3-cf3d-44bd-a4eb-bf4bb8fa4c5e/call-SplitRG/shard-0/SplitLargeReadGroup/fe27c5e0-9c12-4cc7-8978-b486720a16c5/call-SamToFastqAndDragmapAndMba/shard-7/inputs/-1047237686/shard_0008.bam -r dragen_reference --interleaved=1 --preserve-map-align-order true 2> >(tee shard_0008.dragmap.stderr.log >&2) | samtools view -h -O BAM - > aligned.bam
java -Dsamjdk.compression_level=2 -Xms1000m -Xmx1000m -jar /picard/picard.jar \
  MergeBamAlignment \
  VALIDATION_STRINGENCY=SILENT \
  EXPECTED_ORIENTATIONS=FR \
  ATTRIBUTES_TO_RETAIN=X0 \
  ATTRIBUTES_TO_REMOVE=RG \
  ATTRIBUTES_TO_REMOVE=NM \
  ATTRIBUTES_TO_REMOVE=MD \
  ALIGNED_BAM=aligned.bam \
  UNMAPPED_BAM=/cromwell-executions/WholeGenomeGermlineSingleSample/3d34995f-bd8e-4e1e-88c8-95f2cc6eb274/call-UnmappedBamToAlignedBam/UnmappedBamToAlignedBam/4a1c33f3-cf3d-44bd-a4eb-bf4bb8fa4c5e/call-SplitRG/shard-0/SplitLargeReadGroup/fe27c5e0-9c12-4cc7-8978-b486720a16c5/call-SamToFastqAndDragmapAndMba/shard-7/inputs/-1047237686/shard_0008.bam \
  OUTPUT=shard_0008.bam \
  REFERENCE_SEQUENCE=/cromwell-executions/WholeGenomeGermlineSingleSample/3d34995f-bd8e-4e1e-88c8-95f2cc6eb274/call-UnmappedBamToAlignedBam/UnmappedBamToAlignedBam/4a1c33f3-cf3d-44bd-a4eb-bf4bb8fa4c5e/call-SplitRG/shard-0/SplitLargeReadGroup/fe27c5e0-9c12-4cc7-8978-b486720a16c5/call-SamToFastqAndDragmapAndMba/shard-7/inputs/-1569105944/Homo_sapiens_assembly38_masked.fasta \
  PAIRED_RUN=true \
  SORT_ORDER="unsorted" \
  IS_BISULFITE_SEQUENCE=false \
  ALIGNED_READS_ONLY=false \
  CLIP_ADAPTERS=false \
   \
   \
  MAX_RECORDS_IN_RAM=2000000 \
  ADD_MATE_CIGAR=true \
  MAX_INSERTIONS_OR_DELETIONS=-1 \
  PRIMARY_ALIGNMENT_STRATEGY=MostDistant \
  PROGRAM_RECORD_ID="dragen-os" \
  PROGRAM_GROUP_VERSION="${DRAGMAP_VERSION}" \
  PROGRAM_GROUP_COMMAND_LINE="dragen-os -b /cromwell-executions/WholeGenomeGermlineSingleSample/3d34995f-bd8e-4e1e-88c8-95f2cc6eb274/call-UnmappedBamToAlignedBam/UnmappedBamToAlignedBam/4a1c33f3-cf3d-44bd-a4eb-bf4bb8fa4c5e/call-SplitRG/shard-0/SplitLargeReadGroup/fe27c5e0-9c12-4cc7-8978-b486720a16c5/call-SamToFastqAndDragmapAndMba/shard-7/inputs/-1047237686/shard_0008.bam -r dragen_reference --interleaved=1" \
  PROGRAM_GROUP_NAME="dragen-os" \
  UNMAPPED_READ_STRATEGY=COPY_TO_TAG \
  ALIGNER_PROPER_PAIR_FLAGS=true \
  UNMAP_CONTAMINANT_READS=true \
  ADD_PG_TAG_TO_READS=false[0m
[2025-11-29 14:45:28,35] [info] BackgroundConfigAsyncJobExecutionActor [[38;5;2mfe27c5e0[0mSplitLargeReadGroup.SamToFastqAndDragmapAndMba:7:1]: executing: # make sure there is no preexisting Docker CID file
rm -f /mnt/nas1/projects/lasr/blendseq/warp-pipelines/warp-gatk-germline-single-sample-pipeline-master/tmp/1977401714735460022/cromwell-executions/WholeGenomeGermlineSingleSample/3d34995f-bd8e-4e1e-88c8-95f2cc6eb274/call-UnmappedBamToAlignedBam/UnmappedBamToAlignedBam/4a1c33f3-cf3d-44bd-a4eb-bf4bb8fa4c5e/call-SplitRG/shard-0/SplitLargeReadGroup/fe27c5e0-9c12-4cc7-8978-b486720a16c5/call-SamToFastqAndDragmapAndMba/shard-7/execution/docker_cid
# run as in the original configuration without --rm flag (will remove later)
docker run \
  --cidfile /mnt/nas1/projects/lasr/blendseq/warp-pipelines/warp-gatk-germline-single-sample-pipeline-master/tmp/1977401714735460022/cromwell-executions/WholeGenomeGermlineSingleSample/3d34995f-bd8e-4e1e-88c8-95f2cc6eb274/call-UnmappedBamToAlignedBam/UnmappedBamToAlignedBam/4a1c33f3-cf3d-44bd-a4eb-bf4bb8fa4c5e/call-SplitRG/shard-0/SplitLargeReadGroup/fe27c5e0-9c12-4cc7-8978-b486720a16c5/call-SamToFastqAndDragmapAndMba/shard-7/execution/docker_cid \
  -i \
  --user 1027:1028 \
  --cpus="64" \
  --memory="204800M" \
  --entrypoint /bin/bash \
  -v /mnt/nas1/projects/lasr/blendseq/warp-pipelines/warp-gatk-germline-single-sample-pipeline-master/tmp/1977401714735460022/cromwell-executions/WholeGenomeGermlineSingleSample/3d34995f-bd8e-4e1e-88c8-95f2cc6eb274/call-UnmappedBamToAlignedBam/UnmappedBamToAlignedBam/4a1c33f3-cf3d-44bd-a4eb-bf4bb8fa4c5e/call-SplitRG/shard-0/SplitLargeReadGroup/fe27c5e0-9c12-4cc7-8978-b486720a16c5/call-SamToFastqAndDragmapAndMba/shard-7:/cromwell-executions/WholeGenomeGermlineSingleSample/3d34995f-bd8e-4e1e-88c8-95f2cc6eb274/call-UnmappedBamToAlignedBam/UnmappedBamToAlignedBam/4a1c33f3-cf3d-44bd-a4eb-bf4bb8fa4c5e/call-SplitRG/shard-0/SplitLargeReadGroup/fe27c5e0-9c12-4cc7-8978-b486720a16c5/call-SamToFastqAndDragmapAndMba/shard-7 \
  us.gcr.io/broad-gotc-prod/dragmap@sha256:5964afca3e4173c33b11100f68c1a44642e0ff2ee4de5a49d8cd446fef308b23 /cromwell-executions/WholeGenomeGermlineSingleSample/3d34995f-bd8e-4e1e-88c8-95f2cc6eb274/call-UnmappedBamToAlignedBam/UnmappedBamToAlignedBam/4a1c33f3-cf3d-44bd-a4eb-bf4bb8fa4c5e/call-SplitRG/shard-0/SplitLargeReadGroup/fe27c5e0-9c12-4cc7-8978-b486720a16c5/call-SamToFastqAndDragmapAndMba/shard-7/execution/script

# get the return code (working even if the container was detached)
rc=$(docker wait [38;5;5mcat /mnt/nas1/projects/lasr/blendseq/warp-pipelines/warp-gatk-germline-single-sample-pipeline-master/tmp/1977401714735460022/cromwell-executions/WholeGenomeGermlineSingleSample/3d34995f-bd8e-4e1e-88c8-95f2cc6eb274/call-UnmappedBamToAlignedBam/UnmappedBamToAlignedBam/4a1c33f3-cf3d-44bd-a4eb-bf4bb8fa4c5e/call-SplitRG/shard-0/SplitLargeReadGroup/fe27c5e0-9c12-4cc7-8978-b486720a16c5/call-SamToFastqAndDragmapAndMba/shard-7/execution/docker_cid[0m)

# remove the container after waiting
docker rm [38;5;5mcat /mnt/nas1/projects/lasr/blendseq/warp-pipelines/warp-gatk-germline-single-sample-pipeline-master/tmp/1977401714735460022/cromwell-executions/WholeGenomeGermlineSingleSample/3d34995f-bd8e-4e1e-88c8-95f2cc6eb274/call-UnmappedBamToAlignedBam/UnmappedBamToAlignedBam/4a1c33f3-cf3d-44bd-a4eb-bf4bb8fa4c5e/call-SplitRG/shard-0/SplitLargeReadGroup/fe27c5e0-9c12-4cc7-8978-b486720a16c5/call-SamToFastqAndDragmapAndMba/shard-7/execution/docker_cid[0m

# return exit code
exit $rc
[2025-11-29 14:45:32,70] [info] BackgroundConfigAsyncJobExecutionActor [[38;5;2mfe27c5e0[0mSplitLargeReadGroup.SamToFastqAndDragmapAndMba:7:1]: job id: 238242
[2025-11-29 14:45:32,70] [info] BackgroundConfigAsyncJobExecutionActor [[38;5;2mfe27c5e0[0mSplitLargeReadGroup.SamToFastqAndDragmapAndMba:7:1]: Status change from - to WaitingForReturnCode
[2025-11-29 14:46:44,15] [info] BackgroundConfigAsyncJobExecutionActor [[38;5;2mfe27c5e0[0mSplitLargeReadGroup.SamToFastqAndDragmapAndMba:7:1]: Status change from WaitingForReturnCode to Done
[2025-11-29 14:46:47,78] [info] Assigned new job execution tokens to the following groups: 3d34995f: 1
[2025-11-29 14:46:47,83] [[38;5;220mwarn[0m] BackgroundConfigAsyncJobExecutionActor [[38;5;2mfe27c5e0[0mSplitLargeReadGroup.SamToFastqAndDragmapAndMba:6:1]: Unrecognized runtime attribute keys: preemptible, disks, cpu, memory
[2025-11-29 14:46:58,39] [info] BackgroundConfigAsyncJobExecutionActor [[38;5;2mfe27c5e0[0mSplitLargeReadGroup.SamToFastqAndDragmapAndMba:6:1]: [38;5;5mset -euxo pipefail

DRAGMAP_VERSION=$(dragen-os --version)

if [ -z ${DRAGMAP_VERSION} ]; then
    exit 1;
fi

mkdir dragen_reference
mv /cromwell-executions/WholeGenomeGermlineSingleSample/3d34995f-bd8e-4e1e-88c8-95f2cc6eb274/call-UnmappedBamToAlignedBam/UnmappedBamToAlignedBam/4a1c33f3-cf3d-44bd-a4eb-bf4bb8fa4c5e/call-SplitRG/shard-0/SplitLargeReadGroup/fe27c5e0-9c12-4cc7-8978-b486720a16c5/call-SamToFastqAndDragmapAndMba/shard-6/inputs/-1290198700/reference.bin /cromwell-executions/WholeGenomeGermlineSingleSample/3d34995f-bd8e-4e1e-88c8-95f2cc6eb274/call-UnmappedBamToAlignedBam/UnmappedBamToAlignedBam/4a1c33f3-cf3d-44bd-a4eb-bf4bb8fa4c5e/call-SplitRG/shard-0/SplitLargeReadGroup/fe27c5e0-9c12-4cc7-8978-b486720a16c5/call-SamToFastqAndDragmapAndMba/shard-6/inputs/-1290198700/hash_table.cfg.bin /cromwell-executions/WholeGenomeGermlineSingleSample/3d34995f-bd8e-4e1e-88c8-95f2cc6eb274/call-UnmappedBamToAlignedBam/UnmappedBamToAlignedBam/4a1c33f3-cf3d-44bd-a4eb-bf4bb8fa4c5e/call-SplitRG/shard-0/SplitLargeReadGroup/fe27c5e0-9c12-4cc7-8978-b486720a16c5/call-SamToFastqAndDragmapAndMba/shard-6/inputs/-1290198700/hash_table.cmp dragen_reference

dragen-os -b /cromwell-executions/WholeGenomeGermlineSingleSample/3d34995f-bd8e-4e1e-88c8-95f2cc6eb274/call-UnmappedBamToAlignedBam/UnmappedBamToAlignedBam/4a1c33f3-cf3d-44bd-a4eb-bf4bb8fa4c5e/call-SplitRG/shard-0/SplitLargeReadGroup/fe27c5e0-9c12-4cc7-8978-b486720a16c5/call-SamToFastqAndDragmapAndMba/shard-6/inputs/-1047237686/shard_0007.bam -r dragen_reference --interleaved=1 --preserve-map-align-order true 2> >(tee shard_0007.dragmap.stderr.log >&2) | samtools view -h -O BAM - > aligned.bam
java -Dsamjdk.compression_level=2 -Xms1000m -Xmx1000m -jar /picard/picard.jar \
  MergeBamAlignment \
  VALIDATION_STRINGENCY=SILENT \
  EXPECTED_ORIENTATIONS=FR \
  ATTRIBUTES_TO_RETAIN=X0 \
  ATTRIBUTES_TO_REMOVE=RG \
  ATTRIBUTES_TO_REMOVE=NM \
  ATTRIBUTES_TO_REMOVE=MD \
  ALIGNED_BAM=aligned.bam \
  UNMAPPED_BAM=/cromwell-executions/WholeGenomeGermlineSingleSample/3d34995f-bd8e-4e1e-88c8-95f2cc6eb274/call-UnmappedBamToAlignedBam/UnmappedBamToAlignedBam/4a1c33f3-cf3d-44bd-a4eb-bf4bb8fa4c5e/call-SplitRG/shard-0/SplitLargeReadGroup/fe27c5e0-9c12-4cc7-8978-b486720a16c5/call-SamToFastqAndDragmapAndMba/shard-6/inputs/-1047237686/shard_0007.bam \
  OUTPUT=shard_0007.bam \
  REFERENCE_SEQUENCE=/cromwell-executions/WholeGenomeGermlineSingleSample/3d34995f-bd8e-4e1e-88c8-95f2cc6eb274/call-UnmappedBamToAlignedBam/UnmappedBamToAlignedBam/4a1c33f3-cf3d-44bd-a4eb-bf4bb8fa4c5e/call-SplitRG/shard-0/SplitLargeReadGroup/fe27c5e0-9c12-4cc7-8978-b486720a16c5/call-SamToFastqAndDragmapAndMba/shard-6/inputs/-1569105944/Homo_sapiens_assembly38_masked.fasta \
  PAIRED_RUN=true \
  SORT_ORDER="unsorted" \
  IS_BISULFITE_SEQUENCE=false \
  ALIGNED_READS_ONLY=false \
  CLIP_ADAPTERS=false \
   \
   \
  MAX_RECORDS_IN_RAM=2000000 \
  ADD_MATE_CIGAR=true \
  MAX_INSERTIONS_OR_DELETIONS=-1 \
  PRIMARY_ALIGNMENT_STRATEGY=MostDistant \
  PROGRAM_RECORD_ID="dragen-os" \
  PROGRAM_GROUP_VERSION="${DRAGMAP_VERSION}" \
  PROGRAM_GROUP_COMMAND_LINE="dragen-os -b /cromwell-executions/WholeGenomeGermlineSingleSample/3d34995f-bd8e-4e1e-88c8-95f2cc6eb274/call-UnmappedBamToAlignedBam/UnmappedBamToAlignedBam/4a1c33f3-cf3d-44bd-a4eb-bf4bb8fa4c5e/call-SplitRG/shard-0/SplitLargeReadGroup/fe27c5e0-9c12-4cc7-8978-b486720a16c5/call-SamToFastqAndDragmapAndMba/shard-6/inputs/-1047237686/shard_0007.bam -r dragen_reference --interleaved=1" \
  PROGRAM_GROUP_NAME="dragen-os" \
  UNMAPPED_READ_STRATEGY=COPY_TO_TAG \
  ALIGNER_PROPER_PAIR_FLAGS=true \
  UNMAP_CONTAMINANT_READS=true \
  ADD_PG_TAG_TO_READS=false[0m
[2025-11-29 14:46:58,40] [info] BackgroundConfigAsyncJobExecutionActor [[38;5;2mfe27c5e0[0mSplitLargeReadGroup.SamToFastqAndDragmapAndMba:6:1]: executing: # make sure there is no preexisting Docker CID file
rm -f /mnt/nas1/projects/lasr/blendseq/warp-pipelines/warp-gatk-germline-single-sample-pipeline-master/tmp/1977401714735460022/cromwell-executions/WholeGenomeGermlineSingleSample/3d34995f-bd8e-4e1e-88c8-95f2cc6eb274/call-UnmappedBamToAlignedBam/UnmappedBamToAlignedBam/4a1c33f3-cf3d-44bd-a4eb-bf4bb8fa4c5e/call-SplitRG/shard-0/SplitLargeReadGroup/fe27c5e0-9c12-4cc7-8978-b486720a16c5/call-SamToFastqAndDragmapAndMba/shard-6/execution/docker_cid
# run as in the original configuration without --rm flag (will remove later)
docker run \
  --cidfile /mnt/nas1/projects/lasr/blendseq/warp-pipelines/warp-gatk-germline-single-sample-pipeline-master/tmp/1977401714735460022/cromwell-executions/WholeGenomeGermlineSingleSample/3d34995f-bd8e-4e1e-88c8-95f2cc6eb274/call-UnmappedBamToAlignedBam/UnmappedBamToAlignedBam/4a1c33f3-cf3d-44bd-a4eb-bf4bb8fa4c5e/call-SplitRG/shard-0/SplitLargeReadGroup/fe27c5e0-9c12-4cc7-8978-b486720a16c5/call-SamToFastqAndDragmapAndMba/shard-6/execution/docker_cid \
  -i \
  --user 1027:1028 \
  --cpus="64" \
  --memory="204800M" \
  --entrypoint /bin/bash \
  -v /mnt/nas1/projects/lasr/blendseq/warp-pipelines/warp-gatk-germline-single-sample-pipeline-master/tmp/1977401714735460022/cromwell-executions/WholeGenomeGermlineSingleSample/3d34995f-bd8e-4e1e-88c8-95f2cc6eb274/call-UnmappedBamToAlignedBam/UnmappedBamToAlignedBam/4a1c33f3-cf3d-44bd-a4eb-bf4bb8fa4c5e/call-SplitRG/shard-0/SplitLargeReadGroup/fe27c5e0-9c12-4cc7-8978-b486720a16c5/call-SamToFastqAndDragmapAndMba/shard-6:/cromwell-executions/WholeGenomeGermlineSingleSample/3d34995f-bd8e-4e1e-88c8-95f2cc6eb274/call-UnmappedBamToAlignedBam/UnmappedBamToAlignedBam/4a1c33f3-cf3d-44bd-a4eb-bf4bb8fa4c5e/call-SplitRG/shard-0/SplitLargeReadGroup/fe27c5e0-9c12-4cc7-8978-b486720a16c5/call-SamToFastqAndDragmapAndMba/shard-6 \
  us.gcr.io/broad-gotc-prod/dragmap@sha256:5964afca3e4173c33b11100f68c1a44642e0ff2ee4de5a49d8cd446fef308b23 /cromwell-executions/WholeGenomeGermlineSingleSample/3d34995f-bd8e-4e1e-88c8-95f2cc6eb274/call-UnmappedBamToAlignedBam/UnmappedBamToAlignedBam/4a1c33f3-cf3d-44bd-a4eb-bf4bb8fa4c5e/call-SplitRG/shard-0/SplitLargeReadGroup/fe27c5e0-9c12-4cc7-8978-b486720a16c5/call-SamToFastqAndDragmapAndMba/shard-6/execution/script

# get the return code (working even if the container was detached)
rc=$(docker wait [38;5;5mcat /mnt/nas1/projects/lasr/blendseq/warp-pipelines/warp-gatk-germline-single-sample-pipeline-master/tmp/1977401714735460022/cromwell-executions/WholeGenomeGermlineSingleSample/3d34995f-bd8e-4e1e-88c8-95f2cc6eb274/call-UnmappedBamToAlignedBam/UnmappedBamToAlignedBam/4a1c33f3-cf3d-44bd-a4eb-bf4bb8fa4c5e/call-SplitRG/shard-0/SplitLargeReadGroup/fe27c5e0-9c12-4cc7-8978-b486720a16c5/call-SamToFastqAndDragmapAndMba/shard-6/execution/docker_cid[0m)

# remove the container after waiting
docker rm [38;5;5mcat /mnt/nas1/projects/lasr/blendseq/warp-pipelines/warp-gatk-germline-single-sample-pipeline-master/tmp/1977401714735460022/cromwell-executions/WholeGenomeGermlineSingleSample/3d34995f-bd8e-4e1e-88c8-95f2cc6eb274/call-UnmappedBamToAlignedBam/UnmappedBamToAlignedBam/4a1c33f3-cf3d-44bd-a4eb-bf4bb8fa4c5e/call-SplitRG/shard-0/SplitLargeReadGroup/fe27c5e0-9c12-4cc7-8978-b486720a16c5/call-SamToFastqAndDragmapAndMba/shard-6/execution/docker_cid[0m

# return exit code
exit $rc
[2025-11-29 14:47:02,70] [info] BackgroundConfigAsyncJobExecutionActor [[38;5;2mfe27c5e0[0mSplitLargeReadGroup.SamToFastqAndDragmapAndMba:6:1]: job id: 238861
[2025-11-29 14:47:02,70] [info] BackgroundConfigAsyncJobExecutionActor [[38;5;2mfe27c5e0[0mSplitLargeReadGroup.SamToFastqAndDragmapAndMba:6:1]: Status change from - to WaitingForReturnCode
[2025-11-29 14:48:14,88] [info] BackgroundConfigAsyncJobExecutionActor [[38;5;2mfe27c5e0[0mSplitLargeReadGroup.SamToFastqAndDragmapAndMba:6:1]: Status change from WaitingForReturnCode to Done
[2025-11-29 14:48:17,78] [info] Assigned new job execution tokens to the following groups: 3d34995f: 1
[2025-11-29 14:48:17,84] [[38;5;220mwarn[0m] BackgroundConfigAsyncJobExecutionActor [[38;5;2mfe27c5e0[0mSplitLargeReadGroup.SamToFastqAndDragmapAndMba:33:1]: Unrecognized runtime attribute keys: preemptible, disks, cpu, memory
[2025-11-29 14:48:26,37] [info] BackgroundConfigAsyncJobExecutionActor [[38;5;2mfe27c5e0[0mSplitLargeReadGroup.SamToFastqAndDragmapAndMba:33:1]: [38;5;5mset -euxo pipefail

DRAGMAP_VERSION=$(dragen-os --version)

if [ -z ${DRAGMAP_VERSION} ]; then
    exit 1;
fi

mkdir dragen_reference
mv /cromwell-executions/WholeGenomeGermlineSingleSample/3d34995f-bd8e-4e1e-88c8-95f2cc6eb274/call-UnmappedBamToAlignedBam/UnmappedBamToAlignedBam/4a1c33f3-cf3d-44bd-a4eb-bf4bb8fa4c5e/call-SplitRG/shard-0/SplitLargeReadGroup/fe27c5e0-9c12-4cc7-8978-b486720a16c5/call-SamToFastqAndDragmapAndMba/shard-33/inputs/-1290198700/reference.bin /cromwell-executions/WholeGenomeGermlineSingleSample/3d34995f-bd8e-4e1e-88c8-95f2cc6eb274/call-UnmappedBamToAlignedBam/UnmappedBamToAlignedBam/4a1c33f3-cf3d-44bd-a4eb-bf4bb8fa4c5e/call-SplitRG/shard-0/SplitLargeReadGroup/fe27c5e0-9c12-4cc7-8978-b486720a16c5/call-SamToFastqAndDragmapAndMba/shard-33/inputs/-1290198700/hash_table.cfg.bin /cromwell-executions/WholeGenomeGermlineSingleSample/3d34995f-bd8e-4e1e-88c8-95f2cc6eb274/call-UnmappedBamToAlignedBam/UnmappedBamToAlignedBam/4a1c33f3-cf3d-44bd-a4eb-bf4bb8fa4c5e/call-SplitRG/shard-0/SplitLargeReadGroup/fe27c5e0-9c12-4cc7-8978-b486720a16c5/call-SamToFastqAndDragmapAndMba/shard-33/inputs/-1290198700/hash_table.cmp dragen_reference

dragen-os -b /cromwell-executions/WholeGenomeGermlineSingleSample/3d34995f-bd8e-4e1e-88c8-95f2cc6eb274/call-UnmappedBamToAlignedBam/UnmappedBamToAlignedBam/4a1c33f3-cf3d-44bd-a4eb-bf4bb8fa4c5e/call-SplitRG/shard-0/SplitLargeReadGroup/fe27c5e0-9c12-4cc7-8978-b486720a16c5/call-SamToFastqAndDragmapAndMba/shard-33/inputs/-1047237686/shard_0034.bam -r dragen_reference --interleaved=1 --preserve-map-align-order true 2> >(tee shard_0034.dragmap.stderr.log >&2) | samtools view -h -O BAM - > aligned.bam
java -Dsamjdk.compression_level=2 -Xms1000m -Xmx1000m -jar /picard/picard.jar \
  MergeBamAlignment \
  VALIDATION_STRINGENCY=SILENT \
  EXPECTED_ORIENTATIONS=FR \
  ATTRIBUTES_TO_RETAIN=X0 \
  ATTRIBUTES_TO_REMOVE=RG \
  ATTRIBUTES_TO_REMOVE=NM \
  ATTRIBUTES_TO_REMOVE=MD \
  ALIGNED_BAM=aligned.bam \
  UNMAPPED_BAM=/cromwell-executions/WholeGenomeGermlineSingleSample/3d34995f-bd8e-4e1e-88c8-95f2cc6eb274/call-UnmappedBamToAlignedBam/UnmappedBamToAlignedBam/4a1c33f3-cf3d-44bd-a4eb-bf4bb8fa4c5e/call-SplitRG/shard-0/SplitLargeReadGroup/fe27c5e0-9c12-4cc7-8978-b486720a16c5/call-SamToFastqAndDragmapAndMba/shard-33/inputs/-1047237686/shard_0034.bam \
  OUTPUT=shard_0034.bam \
  REFERENCE_SEQUENCE=/cromwell-executions/WholeGenomeGermlineSingleSample/3d34995f-bd8e-4e1e-88c8-95f2cc6eb274/call-UnmappedBamToAlignedBam/UnmappedBamToAlignedBam/4a1c33f3-cf3d-44bd-a4eb-bf4bb8fa4c5e/call-SplitRG/shard-0/SplitLargeReadGroup/fe27c5e0-9c12-4cc7-8978-b486720a16c5/call-SamToFastqAndDragmapAndMba/shard-33/inputs/-1569105944/Homo_sapiens_assembly38_masked.fasta \
  PAIRED_RUN=true \
  SORT_ORDER="unsorted" \
  IS_BISULFITE_SEQUENCE=false \
  ALIGNED_READS_ONLY=false \
  CLIP_ADAPTERS=false \
   \
   \
  MAX_RECORDS_IN_RAM=2000000 \
  ADD_MATE_CIGAR=true \
  MAX_INSERTIONS_OR_DELETIONS=-1 \
  PRIMARY_ALIGNMENT_STRATEGY=MostDistant \
  PROGRAM_RECORD_ID="dragen-os" \
  PROGRAM_GROUP_VERSION="${DRAGMAP_VERSION}" \
  PROGRAM_GROUP_COMMAND_LINE="dragen-os -b /cromwell-executions/WholeGenomeGermlineSingleSample/3d34995f-bd8e-4e1e-88c8-95f2cc6eb274/call-UnmappedBamToAlignedBam/UnmappedBamToAlignedBam/4a1c33f3-cf3d-44bd-a4eb-bf4bb8fa4c5e/call-SplitRG/shard-0/SplitLargeReadGroup/fe27c5e0-9c12-4cc7-8978-b486720a16c5/call-SamToFastqAndDragmapAndMba/shard-33/inputs/-1047237686/shard_0034.bam -r dragen_reference --interleaved=1" \
  PROGRAM_GROUP_NAME="dragen-os" \
  UNMAPPED_READ_STRATEGY=COPY_TO_TAG \
  ALIGNER_PROPER_PAIR_FLAGS=true \
  UNMAP_CONTAMINANT_READS=true \
  ADD_PG_TAG_TO_READS=false[0m
[2025-11-29 14:48:26,37] [info] BackgroundConfigAsyncJobExecutionActor [[38;5;2mfe27c5e0[0mSplitLargeReadGroup.SamToFastqAndDragmapAndMba:33:1]: executing: # make sure there is no preexisting Docker CID file
rm -f /mnt/nas1/projects/lasr/blendseq/warp-pipelines/warp-gatk-germline-single-sample-pipeline-master/tmp/1977401714735460022/cromwell-executions/WholeGenomeGermlineSingleSample/3d34995f-bd8e-4e1e-88c8-95f2cc6eb274/call-UnmappedBamToAlignedBam/UnmappedBamToAlignedBam/4a1c33f3-cf3d-44bd-a4eb-bf4bb8fa4c5e/call-SplitRG/shard-0/SplitLargeReadGroup/fe27c5e0-9c12-4cc7-8978-b486720a16c5/call-SamToFastqAndDragmapAndMba/shard-33/execution/docker_cid
# run as in the original configuration without --rm flag (will remove later)
docker run \
  --cidfile /mnt/nas1/projects/lasr/blendseq/warp-pipelines/warp-gatk-germline-single-sample-pipeline-master/tmp/1977401714735460022/cromwell-executions/WholeGenomeGermlineSingleSample/3d34995f-bd8e-4e1e-88c8-95f2cc6eb274/call-UnmappedBamToAlignedBam/UnmappedBamToAlignedBam/4a1c33f3-cf3d-44bd-a4eb-bf4bb8fa4c5e/call-SplitRG/shard-0/SplitLargeReadGroup/fe27c5e0-9c12-4cc7-8978-b486720a16c5/call-SamToFastqAndDragmapAndMba/shard-33/execution/docker_cid \
  -i \
  --user 1027:1028 \
  --cpus="64" \
  --memory="204800M" \
  --entrypoint /bin/bash \
  -v /mnt/nas1/projects/lasr/blendseq/warp-pipelines/warp-gatk-germline-single-sample-pipeline-master/tmp/1977401714735460022/cromwell-executions/WholeGenomeGermlineSingleSample/3d34995f-bd8e-4e1e-88c8-95f2cc6eb274/call-UnmappedBamToAlignedBam/UnmappedBamToAlignedBam/4a1c33f3-cf3d-44bd-a4eb-bf4bb8fa4c5e/call-SplitRG/shard-0/SplitLargeReadGroup/fe27c5e0-9c12-4cc7-8978-b486720a16c5/call-SamToFastqAndDragmapAndMba/shard-33:/cromwell-executions/WholeGenomeGermlineSingleSample/3d34995f-bd8e-4e1e-88c8-95f2cc6eb274/call-UnmappedBamToAlignedBam/UnmappedBamToAlignedBam/4a1c33f3-cf3d-44bd-a4eb-bf4bb8fa4c5e/call-SplitRG/shard-0/SplitLargeReadGroup/fe27c5e0-9c12-4cc7-8978-b486720a16c5/call-SamToFastqAndDragmapAndMba/shard-33 \
  us.gcr.io/broad-gotc-prod/dragmap@sha256:5964afca3e4173c33b11100f68c1a44642e0ff2ee4de5a49d8cd446fef308b23 /cromwell-executions/WholeGenomeGermlineSingleSample/3d34995f-bd8e-4e1e-88c8-95f2cc6eb274/call-UnmappedBamToAlignedBam/UnmappedBamToAlignedBam/4a1c33f3-cf3d-44bd-a4eb-bf4bb8fa4c5e/call-SplitRG/shard-0/SplitLargeReadGroup/fe27c5e0-9c12-4cc7-8978-b486720a16c5/call-SamToFastqAndDragmapAndMba/shard-33/execution/script

# get the return code (working even if the container was detached)
rc=$(docker wait [38;5;5mcat /mnt/nas1/projects/lasr/blendseq/warp-pipelines/warp-gatk-germline-single-sample-pipeline-master/tmp/1977401714735460022/cromwell-executions/WholeGenomeGermlineSingleSample/3d34995f-bd8e-4e1e-88c8-95f2cc6eb274/call-UnmappedBamToAlignedBam/UnmappedBamToAlignedBam/4a1c33f3-cf3d-44bd-a4eb-bf4bb8fa4c5e/call-SplitRG/shard-0/SplitLargeReadGroup/fe27c5e0-9c12-4cc7-8978-b486720a16c5/call-SamToFastqAndDragmapAndMba/shard-33/execution/docker_cid[0m)

# remove the container after waiting
docker rm [38;5;5mcat /mnt/nas1/projects/lasr/blendseq/warp-pipelines/warp-gatk-germline-single-sample-pipeline-master/tmp/1977401714735460022/cromwell-executions/WholeGenomeGermlineSingleSample/3d34995f-bd8e-4e1e-88c8-95f2cc6eb274/call-UnmappedBamToAlignedBam/UnmappedBamToAlignedBam/4a1c33f3-cf3d-44bd-a4eb-bf4bb8fa4c5e/call-SplitRG/shard-0/SplitLargeReadGroup/fe27c5e0-9c12-4cc7-8978-b486720a16c5/call-SamToFastqAndDragmapAndMba/shard-33/execution/docker_cid[0m

# return exit code
exit $rc
[2025-11-29 14:48:27,70] [info] BackgroundConfigAsyncJobExecutionActor [[38;5;2mfe27c5e0[0mSplitLargeReadGroup.SamToFastqAndDragmapAndMba:33:1]: job id: 239495
[2025-11-29 14:48:27,70] [info] BackgroundConfigAsyncJobExecutionActor [[38;5;2mfe27c5e0[0mSplitLargeReadGroup.SamToFastqAndDragmapAndMba:33:1]: Status change from - to WaitingForReturnCode
[2025-11-29 14:50:06,04] [info] BackgroundConfigAsyncJobExecutionActor [[38;5;2mfe27c5e0[0mSplitLargeReadGroup.SamToFastqAndDragmapAndMba:33:1]: Status change from WaitingForReturnCode to Done
[2025-11-29 14:50:07,78] [info] Assigned new job execution tokens to the following groups: 3d34995f: 1
[2025-11-29 14:50:07,84] [[38;5;220mwarn[0m] BackgroundConfigAsyncJobExecutionActor [[38;5;2mfe27c5e0[0mSplitLargeReadGroup.SamToFastqAndDragmapAndMba:26:1]: Unrecognized runtime attribute keys: preemptible, disks, cpu, memory
[2025-11-29 14:50:15,11] [info] BackgroundConfigAsyncJobExecutionActor [[38;5;2mfe27c5e0[0mSplitLargeReadGroup.SamToFastqAndDragmapAndMba:26:1]: [38;5;5mset -euxo pipefail

DRAGMAP_VERSION=$(dragen-os --version)

if [ -z ${DRAGMAP_VERSION} ]; then
    exit 1;
fi

mkdir dragen_reference
mv /cromwell-executions/WholeGenomeGermlineSingleSample/3d34995f-bd8e-4e1e-88c8-95f2cc6eb274/call-UnmappedBamToAlignedBam/UnmappedBamToAlignedBam/4a1c33f3-cf3d-44bd-a4eb-bf4bb8fa4c5e/call-SplitRG/shard-0/SplitLargeReadGroup/fe27c5e0-9c12-4cc7-8978-b486720a16c5/call-SamToFastqAndDragmapAndMba/shard-26/inputs/-1290198700/reference.bin /cromwell-executions/WholeGenomeGermlineSingleSample/3d34995f-bd8e-4e1e-88c8-95f2cc6eb274/call-UnmappedBamToAlignedBam/UnmappedBamToAlignedBam/4a1c33f3-cf3d-44bd-a4eb-bf4bb8fa4c5e/call-SplitRG/shard-0/SplitLargeReadGroup/fe27c5e0-9c12-4cc7-8978-b486720a16c5/call-SamToFastqAndDragmapAndMba/shard-26/inputs/-1290198700/hash_table.cfg.bin /cromwell-executions/WholeGenomeGermlineSingleSample/3d34995f-bd8e-4e1e-88c8-95f2cc6eb274/call-UnmappedBamToAlignedBam/UnmappedBamToAlignedBam/4a1c33f3-cf3d-44bd-a4eb-bf4bb8fa4c5e/call-SplitRG/shard-0/SplitLargeReadGroup/fe27c5e0-9c12-4cc7-8978-b486720a16c5/call-SamToFastqAndDragmapAndMba/shard-26/inputs/-1290198700/hash_table.cmp dragen_reference

dragen-os -b /cromwell-executions/WholeGenomeGermlineSingleSample/3d34995f-bd8e-4e1e-88c8-95f2cc6eb274/call-UnmappedBamToAlignedBam/UnmappedBamToAlignedBam/4a1c33f3-cf3d-44bd-a4eb-bf4bb8fa4c5e/call-SplitRG/shard-0/SplitLargeReadGroup/fe27c5e0-9c12-4cc7-8978-b486720a16c5/call-SamToFastqAndDragmapAndMba/shard-26/inputs/-1047237686/shard_0027.bam -r dragen_reference --interleaved=1 --preserve-map-align-order true 2> >(tee shard_0027.dragmap.stderr.log >&2) | samtools view -h -O BAM - > aligned.bam
java -Dsamjdk.compression_level=2 -Xms1000m -Xmx1000m -jar /picard/picard.jar \
  MergeBamAlignment \
  VALIDATION_STRINGENCY=SILENT \
  EXPECTED_ORIENTATIONS=FR \
  ATTRIBUTES_TO_RETAIN=X0 \
  ATTRIBUTES_TO_REMOVE=RG \
  ATTRIBUTES_TO_REMOVE=NM \
  ATTRIBUTES_TO_REMOVE=MD \
  ALIGNED_BAM=aligned.bam \
  UNMAPPED_BAM=/cromwell-executions/WholeGenomeGermlineSingleSample/3d34995f-bd8e-4e1e-88c8-95f2cc6eb274/call-UnmappedBamToAlignedBam/UnmappedBamToAlignedBam/4a1c33f3-cf3d-44bd-a4eb-bf4bb8fa4c5e/call-SplitRG/shard-0/SplitLargeReadGroup/fe27c5e0-9c12-4cc7-8978-b486720a16c5/call-SamToFastqAndDragmapAndMba/shard-26/inputs/-1047237686/shard_0027.bam \
  OUTPUT=shard_0027.bam \
  REFERENCE_SEQUENCE=/cromwell-executions/WholeGenomeGermlineSingleSample/3d34995f-bd8e-4e1e-88c8-95f2cc6eb274/call-UnmappedBamToAlignedBam/UnmappedBamToAlignedBam/4a1c33f3-cf3d-44bd-a4eb-bf4bb8fa4c5e/call-SplitRG/shard-0/SplitLargeReadGroup/fe27c5e0-9c12-4cc7-8978-b486720a16c5/call-SamToFastqAndDragmapAndMba/shard-26/inputs/-1569105944/Homo_sapiens_assembly38_masked.fasta \
  PAIRED_RUN=true \
  SORT_ORDER="unsorted" \
  IS_BISULFITE_SEQUENCE=false \
  ALIGNED_READS_ONLY=false \
  CLIP_ADAPTERS=false \
   \
   \
  MAX_RECORDS_IN_RAM=2000000 \
  ADD_MATE_CIGAR=true \
  MAX_INSERTIONS_OR_DELETIONS=-1 \
  PRIMARY_ALIGNMENT_STRATEGY=MostDistant \
  PROGRAM_RECORD_ID="dragen-os" \
  PROGRAM_GROUP_VERSION="${DRAGMAP_VERSION}" \
  PROGRAM_GROUP_COMMAND_LINE="dragen-os -b /cromwell-executions/WholeGenomeGermlineSingleSample/3d34995f-bd8e-4e1e-88c8-95f2cc6eb274/call-UnmappedBamToAlignedBam/UnmappedBamToAlignedBam/4a1c33f3-cf3d-44bd-a4eb-bf4bb8fa4c5e/call-SplitRG/shard-0/SplitLargeReadGroup/fe27c5e0-9c12-4cc7-8978-b486720a16c5/call-SamToFastqAndDragmapAndMba/shard-26/inputs/-1047237686/shard_0027.bam -r dragen_reference --interleaved=1" \
  PROGRAM_GROUP_NAME="dragen-os" \
  UNMAPPED_READ_STRATEGY=COPY_TO_TAG \
  ALIGNER_PROPER_PAIR_FLAGS=true \
  UNMAP_CONTAMINANT_READS=true \
  ADD_PG_TAG_TO_READS=false[0m
[2025-11-29 14:50:15,12] [info] BackgroundConfigAsyncJobExecutionActor [[38;5;2mfe27c5e0[0mSplitLargeReadGroup.SamToFastqAndDragmapAndMba:26:1]: executing: # make sure there is no preexisting Docker CID file
rm -f /mnt/nas1/projects/lasr/blendseq/warp-pipelines/warp-gatk-germline-single-sample-pipeline-master/tmp/1977401714735460022/cromwell-executions/WholeGenomeGermlineSingleSample/3d34995f-bd8e-4e1e-88c8-95f2cc6eb274/call-UnmappedBamToAlignedBam/UnmappedBamToAlignedBam/4a1c33f3-cf3d-44bd-a4eb-bf4bb8fa4c5e/call-SplitRG/shard-0/SplitLargeReadGroup/fe27c5e0-9c12-4cc7-8978-b486720a16c5/call-SamToFastqAndDragmapAndMba/shard-26/execution/docker_cid
# run as in the original configuration without --rm flag (will remove later)
docker run \
  --cidfile /mnt/nas1/projects/lasr/blendseq/warp-pipelines/warp-gatk-germline-single-sample-pipeline-master/tmp/1977401714735460022/cromwell-executions/WholeGenomeGermlineSingleSample/3d34995f-bd8e-4e1e-88c8-95f2cc6eb274/call-UnmappedBamToAlignedBam/UnmappedBamToAlignedBam/4a1c33f3-cf3d-44bd-a4eb-bf4bb8fa4c5e/call-SplitRG/shard-0/SplitLargeReadGroup/fe27c5e0-9c12-4cc7-8978-b486720a16c5/call-SamToFastqAndDragmapAndMba/shard-26/execution/docker_cid \
  -i \
  --user 1027:1028 \
  --cpus="64" \
  --memory="204800M" \
  --entrypoint /bin/bash \
  -v /mnt/nas1/projects/lasr/blendseq/warp-pipelines/warp-gatk-germline-single-sample-pipeline-master/tmp/1977401714735460022/cromwell-executions/WholeGenomeGermlineSingleSample/3d34995f-bd8e-4e1e-88c8-95f2cc6eb274/call-UnmappedBamToAlignedBam/UnmappedBamToAlignedBam/4a1c33f3-cf3d-44bd-a4eb-bf4bb8fa4c5e/call-SplitRG/shard-0/SplitLargeReadGroup/fe27c5e0-9c12-4cc7-8978-b486720a16c5/call-SamToFastqAndDragmapAndMba/shard-26:/cromwell-executions/WholeGenomeGermlineSingleSample/3d34995f-bd8e-4e1e-88c8-95f2cc6eb274/call-UnmappedBamToAlignedBam/UnmappedBamToAlignedBam/4a1c33f3-cf3d-44bd-a4eb-bf4bb8fa4c5e/call-SplitRG/shard-0/SplitLargeReadGroup/fe27c5e0-9c12-4cc7-8978-b486720a16c5/call-SamToFastqAndDragmapAndMba/shard-26 \
  us.gcr.io/broad-gotc-prod/dragmap@sha256:5964afca3e4173c33b11100f68c1a44642e0ff2ee4de5a49d8cd446fef308b23 /cromwell-executions/WholeGenomeGermlineSingleSample/3d34995f-bd8e-4e1e-88c8-95f2cc6eb274/call-UnmappedBamToAlignedBam/UnmappedBamToAlignedBam/4a1c33f3-cf3d-44bd-a4eb-bf4bb8fa4c5e/call-SplitRG/shard-0/SplitLargeReadGroup/fe27c5e0-9c12-4cc7-8978-b486720a16c5/call-SamToFastqAndDragmapAndMba/shard-26/execution/script

# get the return code (working even if the container was detached)
rc=$(docker wait [38;5;5mcat /mnt/nas1/projects/lasr/blendseq/warp-pipelines/warp-gatk-germline-single-sample-pipeline-master/tmp/1977401714735460022/cromwell-executions/WholeGenomeGermlineSingleSample/3d34995f-bd8e-4e1e-88c8-95f2cc6eb274/call-UnmappedBamToAlignedBam/UnmappedBamToAlignedBam/4a1c33f3-cf3d-44bd-a4eb-bf4bb8fa4c5e/call-SplitRG/shard-0/SplitLargeReadGroup/fe27c5e0-9c12-4cc7-8978-b486720a16c5/call-SamToFastqAndDragmapAndMba/shard-26/execution/docker_cid[0m)

# remove the container after waiting
docker rm [38;5;5mcat /mnt/nas1/projects/lasr/blendseq/warp-pipelines/warp-gatk-germline-single-sample-pipeline-master/tmp/1977401714735460022/cromwell-executions/WholeGenomeGermlineSingleSample/3d34995f-bd8e-4e1e-88c8-95f2cc6eb274/call-UnmappedBamToAlignedBam/UnmappedBamToAlignedBam/4a1c33f3-cf3d-44bd-a4eb-bf4bb8fa4c5e/call-SplitRG/shard-0/SplitLargeReadGroup/fe27c5e0-9c12-4cc7-8978-b486720a16c5/call-SamToFastqAndDragmapAndMba/shard-26/execution/docker_cid[0m

# return exit code
exit $rc
[2025-11-29 14:50:17,70] [info] BackgroundConfigAsyncJobExecutionActor [[38;5;2mfe27c5e0[0mSplitLargeReadGroup.SamToFastqAndDragmapAndMba:26:1]: job id: 240108
[2025-11-29 14:50:17,70] [info] BackgroundConfigAsyncJobExecutionActor [[38;5;2mfe27c5e0[0mSplitLargeReadGroup.SamToFastqAndDragmapAndMba:26:1]: Status change from - to WaitingForReturnCode
[2025-11-29 14:51:21,27] [info] BackgroundConfigAsyncJobExecutionActor [[38;5;2mfe27c5e0[0mSplitLargeReadGroup.SamToFastqAndDragmapAndMba:26:1]: Status change from WaitingForReturnCode to Done
[2025-11-29 14:51:27,78] [info] Assigned new job execution tokens to the following groups: 3d34995f: 1
[2025-11-29 14:51:27,83] [[38;5;220mwarn[0m] BackgroundConfigAsyncJobExecutionActor [[38;5;2mfe27c5e0[0mSplitLargeReadGroup.SamToFastqAndDragmapAndMba:18:1]: Unrecognized runtime attribute keys: preemptible, disks, cpu, memory
[2025-11-29 14:51:38,02] [info] BackgroundConfigAsyncJobExecutionActor [[38;5;2mfe27c5e0[0mSplitLargeReadGroup.SamToFastqAndDragmapAndMba:18:1]: [38;5;5mset -euxo pipefail

DRAGMAP_VERSION=$(dragen-os --version)

if [ -z ${DRAGMAP_VERSION} ]; then
    exit 1;
fi

mkdir dragen_reference
mv /cromwell-executions/WholeGenomeGermlineSingleSample/3d34995f-bd8e-4e1e-88c8-95f2cc6eb274/call-UnmappedBamToAlignedBam/UnmappedBamToAlignedBam/4a1c33f3-cf3d-44bd-a4eb-bf4bb8fa4c5e/call-SplitRG/shard-0/SplitLargeReadGroup/fe27c5e0-9c12-4cc7-8978-b486720a16c5/call-SamToFastqAndDragmapAndMba/shard-18/inputs/-1290198700/reference.bin /cromwell-executions/WholeGenomeGermlineSingleSample/3d34995f-bd8e-4e1e-88c8-95f2cc6eb274/call-UnmappedBamToAlignedBam/UnmappedBamToAlignedBam/4a1c33f3-cf3d-44bd-a4eb-bf4bb8fa4c5e/call-SplitRG/shard-0/SplitLargeReadGroup/fe27c5e0-9c12-4cc7-8978-b486720a16c5/call-SamToFastqAndDragmapAndMba/shard-18/inputs/-1290198700/hash_table.cfg.bin /cromwell-executions/WholeGenomeGermlineSingleSample/3d34995f-bd8e-4e1e-88c8-95f2cc6eb274/call-UnmappedBamToAlignedBam/UnmappedBamToAlignedBam/4a1c33f3-cf3d-44bd-a4eb-bf4bb8fa4c5e/call-SplitRG/shard-0/SplitLargeReadGroup/fe27c5e0-9c12-4cc7-8978-b486720a16c5/call-SamToFastqAndDragmapAndMba/shard-18/inputs/-1290198700/hash_table.cmp dragen_reference

dragen-os -b /cromwell-executions/WholeGenomeGermlineSingleSample/3d34995f-bd8e-4e1e-88c8-95f2cc6eb274/call-UnmappedBamToAlignedBam/UnmappedBamToAlignedBam/4a1c33f3-cf3d-44bd-a4eb-bf4bb8fa4c5e/call-SplitRG/shard-0/SplitLargeReadGroup/fe27c5e0-9c12-4cc7-8978-b486720a16c5/call-SamToFastqAndDragmapAndMba/shard-18/inputs/-1047237686/shard_0019.bam -r dragen_reference --interleaved=1 --preserve-map-align-order true 2> >(tee shard_0019.dragmap.stderr.log >&2) | samtools view -h -O BAM - > aligned.bam
java -Dsamjdk.compression_level=2 -Xms1000m -Xmx1000m -jar /picard/picard.jar \
  MergeBamAlignment \
  VALIDATION_STRINGENCY=SILENT \
  EXPECTED_ORIENTATIONS=FR \
  ATTRIBUTES_TO_RETAIN=X0 \
  ATTRIBUTES_TO_REMOVE=RG \
  ATTRIBUTES_TO_REMOVE=NM \
  ATTRIBUTES_TO_REMOVE=MD \
  ALIGNED_BAM=aligned.bam \
  UNMAPPED_BAM=/cromwell-executions/WholeGenomeGermlineSingleSample/3d34995f-bd8e-4e1e-88c8-95f2cc6eb274/call-UnmappedBamToAlignedBam/UnmappedBamToAlignedBam/4a1c33f3-cf3d-44bd-a4eb-bf4bb8fa4c5e/call-SplitRG/shard-0/SplitLargeReadGroup/fe27c5e0-9c12-4cc7-8978-b486720a16c5/call-SamToFastqAndDragmapAndMba/shard-18/inputs/-1047237686/shard_0019.bam \
  OUTPUT=shard_0019.bam \
  REFERENCE_SEQUENCE=/cromwell-executions/WholeGenomeGermlineSingleSample/3d34995f-bd8e-4e1e-88c8-95f2cc6eb274/call-UnmappedBamToAlignedBam/UnmappedBamToAlignedBam/4a1c33f3-cf3d-44bd-a4eb-bf4bb8fa4c5e/call-SplitRG/shard-0/SplitLargeReadGroup/fe27c5e0-9c12-4cc7-8978-b486720a16c5/call-SamToFastqAndDragmapAndMba/shard-18/inputs/-1569105944/Homo_sapiens_assembly38_masked.fasta \
  PAIRED_RUN=true \
  SORT_ORDER="unsorted" \
  IS_BISULFITE_SEQUENCE=false \
  ALIGNED_READS_ONLY=false \
  CLIP_ADAPTERS=false \
   \
   \
  MAX_RECORDS_IN_RAM=2000000 \
  ADD_MATE_CIGAR=true \
  MAX_INSERTIONS_OR_DELETIONS=-1 \
  PRIMARY_ALIGNMENT_STRATEGY=MostDistant \
  PROGRAM_RECORD_ID="dragen-os" \
  PROGRAM_GROUP_VERSION="${DRAGMAP_VERSION}" \
  PROGRAM_GROUP_COMMAND_LINE="dragen-os -b /cromwell-executions/WholeGenomeGermlineSingleSample/3d34995f-bd8e-4e1e-88c8-95f2cc6eb274/call-UnmappedBamToAlignedBam/UnmappedBamToAlignedBam/4a1c33f3-cf3d-44bd-a4eb-bf4bb8fa4c5e/call-SplitRG/shard-0/SplitLargeReadGroup/fe27c5e0-9c12-4cc7-8978-b486720a16c5/call-SamToFastqAndDragmapAndMba/shard-18/inputs/-1047237686/shard_0019.bam -r dragen_reference --interleaved=1" \
  PROGRAM_GROUP_NAME="dragen-os" \
  UNMAPPED_READ_STRATEGY=COPY_TO_TAG \
  ALIGNER_PROPER_PAIR_FLAGS=true \
  UNMAP_CONTAMINANT_READS=true \
  ADD_PG_TAG_TO_READS=false[0m
[2025-11-29 14:51:38,02] [info] BackgroundConfigAsyncJobExecutionActor [[38;5;2mfe27c5e0[0mSplitLargeReadGroup.SamToFastqAndDragmapAndMba:18:1]: executing: # make sure there is no preexisting Docker CID file
rm -f /mnt/nas1/projects/lasr/blendseq/warp-pipelines/warp-gatk-germline-single-sample-pipeline-master/tmp/1977401714735460022/cromwell-executions/WholeGenomeGermlineSingleSample/3d34995f-bd8e-4e1e-88c8-95f2cc6eb274/call-UnmappedBamToAlignedBam/UnmappedBamToAlignedBam/4a1c33f3-cf3d-44bd-a4eb-bf4bb8fa4c5e/call-SplitRG/shard-0/SplitLargeReadGroup/fe27c5e0-9c12-4cc7-8978-b486720a16c5/call-SamToFastqAndDragmapAndMba/shard-18/execution/docker_cid
# run as in the original configuration without --rm flag (will remove later)
docker run \
  --cidfile /mnt/nas1/projects/lasr/blendseq/warp-pipelines/warp-gatk-germline-single-sample-pipeline-master/tmp/1977401714735460022/cromwell-executions/WholeGenomeGermlineSingleSample/3d34995f-bd8e-4e1e-88c8-95f2cc6eb274/call-UnmappedBamToAlignedBam/UnmappedBamToAlignedBam/4a1c33f3-cf3d-44bd-a4eb-bf4bb8fa4c5e/call-SplitRG/shard-0/SplitLargeReadGroup/fe27c5e0-9c12-4cc7-8978-b486720a16c5/call-SamToFastqAndDragmapAndMba/shard-18/execution/docker_cid \
  -i \
  --user 1027:1028 \
  --cpus="64" \
  --memory="204800M" \
  --entrypoint /bin/bash \
  -v /mnt/nas1/projects/lasr/blendseq/warp-pipelines/warp-gatk-germline-single-sample-pipeline-master/tmp/1977401714735460022/cromwell-executions/WholeGenomeGermlineSingleSample/3d34995f-bd8e-4e1e-88c8-95f2cc6eb274/call-UnmappedBamToAlignedBam/UnmappedBamToAlignedBam/4a1c33f3-cf3d-44bd-a4eb-bf4bb8fa4c5e/call-SplitRG/shard-0/SplitLargeReadGroup/fe27c5e0-9c12-4cc7-8978-b486720a16c5/call-SamToFastqAndDragmapAndMba/shard-18:/cromwell-executions/WholeGenomeGermlineSingleSample/3d34995f-bd8e-4e1e-88c8-95f2cc6eb274/call-UnmappedBamToAlignedBam/UnmappedBamToAlignedBam/4a1c33f3-cf3d-44bd-a4eb-bf4bb8fa4c5e/call-SplitRG/shard-0/SplitLargeReadGroup/fe27c5e0-9c12-4cc7-8978-b486720a16c5/call-SamToFastqAndDragmapAndMba/shard-18 \
  us.gcr.io/broad-gotc-prod/dragmap@sha256:5964afca3e4173c33b11100f68c1a44642e0ff2ee4de5a49d8cd446fef308b23 /cromwell-executions/WholeGenomeGermlineSingleSample/3d34995f-bd8e-4e1e-88c8-95f2cc6eb274/call-UnmappedBamToAlignedBam/UnmappedBamToAlignedBam/4a1c33f3-cf3d-44bd-a4eb-bf4bb8fa4c5e/call-SplitRG/shard-0/SplitLargeReadGroup/fe27c5e0-9c12-4cc7-8978-b486720a16c5/call-SamToFastqAndDragmapAndMba/shard-18/execution/script

# get the return code (working even if the container was detached)
rc=$(docker wait [38;5;5mcat /mnt/nas1/projects/lasr/blendseq/warp-pipelines/warp-gatk-germline-single-sample-pipeline-master/tmp/1977401714735460022/cromwell-executions/WholeGenomeGermlineSingleSample/3d34995f-bd8e-4e1e-88c8-95f2cc6eb274/call-UnmappedBamToAlignedBam/UnmappedBamToAlignedBam/4a1c33f3-cf3d-44bd-a4eb-bf4bb8fa4c5e/call-SplitRG/shard-0/SplitLargeReadGroup/fe27c5e0-9c12-4cc7-8978-b486720a16c5/call-SamToFastqAndDragmapAndMba/shard-18/execution/docker_cid[0m)

# remove the container after waiting
docker rm [38;5;5mcat /mnt/nas1/projects/lasr/blendseq/warp-pipelines/warp-gatk-germline-single-sample-pipeline-master/tmp/1977401714735460022/cromwell-executions/WholeGenomeGermlineSingleSample/3d34995f-bd8e-4e1e-88c8-95f2cc6eb274/call-UnmappedBamToAlignedBam/UnmappedBamToAlignedBam/4a1c33f3-cf3d-44bd-a4eb-bf4bb8fa4c5e/call-SplitRG/shard-0/SplitLargeReadGroup/fe27c5e0-9c12-4cc7-8978-b486720a16c5/call-SamToFastqAndDragmapAndMba/shard-18/execution/docker_cid[0m

# return exit code
exit $rc
[2025-11-29 14:51:42,70] [info] BackgroundConfigAsyncJobExecutionActor [[38;5;2mfe27c5e0[0mSplitLargeReadGroup.SamToFastqAndDragmapAndMba:18:1]: job id: 240728
[2025-11-29 14:51:42,70] [info] BackgroundConfigAsyncJobExecutionActor [[38;5;2mfe27c5e0[0mSplitLargeReadGroup.SamToFastqAndDragmapAndMba:18:1]: Status change from - to WaitingForReturnCode
[2025-11-29 14:53:14,30] [info] BackgroundConfigAsyncJobExecutionActor [[38;5;2mfe27c5e0[0mSplitLargeReadGroup.SamToFastqAndDragmapAndMba:18:1]: Status change from WaitingForReturnCode to Done
[2025-11-29 14:53:17,78] [info] Assigned new job execution tokens to the following groups: 3d34995f: 1
[2025-11-29 14:53:17,83] [[38;5;220mwarn[0m] BackgroundConfigAsyncJobExecutionActor [[38;5;2mfe27c5e0[0mSplitLargeReadGroup.SamToFastqAndDragmapAndMba:31:1]: Unrecognized runtime attribute keys: preemptible, disks, cpu, memory
[2025-11-29 14:53:25,81] [info] BackgroundConfigAsyncJobExecutionActor [[38;5;2mfe27c5e0[0mSplitLargeReadGroup.SamToFastqAndDragmapAndMba:31:1]: [38;5;5mset -euxo pipefail

DRAGMAP_VERSION=$(dragen-os --version)

if [ -z ${DRAGMAP_VERSION} ]; then
    exit 1;
fi

mkdir dragen_reference
mv /cromwell-executions/WholeGenomeGermlineSingleSample/3d34995f-bd8e-4e1e-88c8-95f2cc6eb274/call-UnmappedBamToAlignedBam/UnmappedBamToAlignedBam/4a1c33f3-cf3d-44bd-a4eb-bf4bb8fa4c5e/call-SplitRG/shard-0/SplitLargeReadGroup/fe27c5e0-9c12-4cc7-8978-b486720a16c5/call-SamToFastqAndDragmapAndMba/shard-31/inputs/-1290198700/reference.bin /cromwell-executions/WholeGenomeGermlineSingleSample/3d34995f-bd8e-4e1e-88c8-95f2cc6eb274/call-UnmappedBamToAlignedBam/UnmappedBamToAlignedBam/4a1c33f3-cf3d-44bd-a4eb-bf4bb8fa4c5e/call-SplitRG/shard-0/SplitLargeReadGroup/fe27c5e0-9c12-4cc7-8978-b486720a16c5/call-SamToFastqAndDragmapAndMba/shard-31/inputs/-1290198700/hash_table.cfg.bin /cromwell-executions/WholeGenomeGermlineSingleSample/3d34995f-bd8e-4e1e-88c8-95f2cc6eb274/call-UnmappedBamToAlignedBam/UnmappedBamToAlignedBam/4a1c33f3-cf3d-44bd-a4eb-bf4bb8fa4c5e/call-SplitRG/shard-0/SplitLargeReadGroup/fe27c5e0-9c12-4cc7-8978-b486720a16c5/call-SamToFastqAndDragmapAndMba/shard-31/inputs/-1290198700/hash_table.cmp dragen_reference

dragen-os -b /cromwell-executions/WholeGenomeGermlineSingleSample/3d34995f-bd8e-4e1e-88c8-95f2cc6eb274/call-UnmappedBamToAlignedBam/UnmappedBamToAlignedBam/4a1c33f3-cf3d-44bd-a4eb-bf4bb8fa4c5e/call-SplitRG/shard-0/SplitLargeReadGroup/fe27c5e0-9c12-4cc7-8978-b486720a16c5/call-SamToFastqAndDragmapAndMba/shard-31/inputs/-1047237686/shard_0032.bam -r dragen_reference --interleaved=1 --preserve-map-align-order true 2> >(tee shard_0032.dragmap.stderr.log >&2) | samtools view -h -O BAM - > aligned.bam
java -Dsamjdk.compression_level=2 -Xms1000m -Xmx1000m -jar /picard/picard.jar \
  MergeBamAlignment \
  VALIDATION_STRINGENCY=SILENT \
  EXPECTED_ORIENTATIONS=FR \
  ATTRIBUTES_TO_RETAIN=X0 \
  ATTRIBUTES_TO_REMOVE=RG \
  ATTRIBUTES_TO_REMOVE=NM \
  ATTRIBUTES_TO_REMOVE=MD \
  ALIGNED_BAM=aligned.bam \
  UNMAPPED_BAM=/cromwell-executions/WholeGenomeGermlineSingleSample/3d34995f-bd8e-4e1e-88c8-95f2cc6eb274/call-UnmappedBamToAlignedBam/UnmappedBamToAlignedBam/4a1c33f3-cf3d-44bd-a4eb-bf4bb8fa4c5e/call-SplitRG/shard-0/SplitLargeReadGroup/fe27c5e0-9c12-4cc7-8978-b486720a16c5/call-SamToFastqAndDragmapAndMba/shard-31/inputs/-1047237686/shard_0032.bam \
  OUTPUT=shard_0032.bam \
  REFERENCE_SEQUENCE=/cromwell-executions/WholeGenomeGermlineSingleSample/3d34995f-bd8e-4e1e-88c8-95f2cc6eb274/call-UnmappedBamToAlignedBam/UnmappedBamToAlignedBam/4a1c33f3-cf3d-44bd-a4eb-bf4bb8fa4c5e/call-SplitRG/shard-0/SplitLargeReadGroup/fe27c5e0-9c12-4cc7-8978-b486720a16c5/call-SamToFastqAndDragmapAndMba/shard-31/inputs/-1569105944/Homo_sapiens_assembly38_masked.fasta \
  PAIRED_RUN=true \
  SORT_ORDER="unsorted" \
  IS_BISULFITE_SEQUENCE=false \
  ALIGNED_READS_ONLY=false \
  CLIP_ADAPTERS=false \
   \
   \
  MAX_RECORDS_IN_RAM=2000000 \
  ADD_MATE_CIGAR=true \
  MAX_INSERTIONS_OR_DELETIONS=-1 \
  PRIMARY_ALIGNMENT_STRATEGY=MostDistant \
  PROGRAM_RECORD_ID="dragen-os" \
  PROGRAM_GROUP_VERSION="${DRAGMAP_VERSION}" \
  PROGRAM_GROUP_COMMAND_LINE="dragen-os -b /cromwell-executions/WholeGenomeGermlineSingleSample/3d34995f-bd8e-4e1e-88c8-95f2cc6eb274/call-UnmappedBamToAlignedBam/UnmappedBamToAlignedBam/4a1c33f3-cf3d-44bd-a4eb-bf4bb8fa4c5e/call-SplitRG/shard-0/SplitLargeReadGroup/fe27c5e0-9c12-4cc7-8978-b486720a16c5/call-SamToFastqAndDragmapAndMba/shard-31/inputs/-1047237686/shard_0032.bam -r dragen_reference --interleaved=1" \
  PROGRAM_GROUP_NAME="dragen-os" \
  UNMAPPED_READ_STRATEGY=COPY_TO_TAG \
  ALIGNER_PROPER_PAIR_FLAGS=true \
  UNMAP_CONTAMINANT_READS=true \
  ADD_PG_TAG_TO_READS=false[0m
[2025-11-29 14:53:25,82] [info] BackgroundConfigAsyncJobExecutionActor [[38;5;2mfe27c5e0[0mSplitLargeReadGroup.SamToFastqAndDragmapAndMba:31:1]: executing: # make sure there is no preexisting Docker CID file
rm -f /mnt/nas1/projects/lasr/blendseq/warp-pipelines/warp-gatk-germline-single-sample-pipeline-master/tmp/1977401714735460022/cromwell-executions/WholeGenomeGermlineSingleSample/3d34995f-bd8e-4e1e-88c8-95f2cc6eb274/call-UnmappedBamToAlignedBam/UnmappedBamToAlignedBam/4a1c33f3-cf3d-44bd-a4eb-bf4bb8fa4c5e/call-SplitRG/shard-0/SplitLargeReadGroup/fe27c5e0-9c12-4cc7-8978-b486720a16c5/call-SamToFastqAndDragmapAndMba/shard-31/execution/docker_cid
# run as in the original configuration without --rm flag (will remove later)
docker run \
  --cidfile /mnt/nas1/projects/lasr/blendseq/warp-pipelines/warp-gatk-germline-single-sample-pipeline-master/tmp/1977401714735460022/cromwell-executions/WholeGenomeGermlineSingleSample/3d34995f-bd8e-4e1e-88c8-95f2cc6eb274/call-UnmappedBamToAlignedBam/UnmappedBamToAlignedBam/4a1c33f3-cf3d-44bd-a4eb-bf4bb8fa4c5e/call-SplitRG/shard-0/SplitLargeReadGroup/fe27c5e0-9c12-4cc7-8978-b486720a16c5/call-SamToFastqAndDragmapAndMba/shard-31/execution/docker_cid \
  -i \
  --user 1027:1028 \
  --cpus="64" \
  --memory="204800M" \
  --entrypoint /bin/bash \
  -v /mnt/nas1/projects/lasr/blendseq/warp-pipelines/warp-gatk-germline-single-sample-pipeline-master/tmp/1977401714735460022/cromwell-executions/WholeGenomeGermlineSingleSample/3d34995f-bd8e-4e1e-88c8-95f2cc6eb274/call-UnmappedBamToAlignedBam/UnmappedBamToAlignedBam/4a1c33f3-cf3d-44bd-a4eb-bf4bb8fa4c5e/call-SplitRG/shard-0/SplitLargeReadGroup/fe27c5e0-9c12-4cc7-8978-b486720a16c5/call-SamToFastqAndDragmapAndMba/shard-31:/cromwell-executions/WholeGenomeGermlineSingleSample/3d34995f-bd8e-4e1e-88c8-95f2cc6eb274/call-UnmappedBamToAlignedBam/UnmappedBamToAlignedBam/4a1c33f3-cf3d-44bd-a4eb-bf4bb8fa4c5e/call-SplitRG/shard-0/SplitLargeReadGroup/fe27c5e0-9c12-4cc7-8978-b486720a16c5/call-SamToFastqAndDragmapAndMba/shard-31 \
  us.gcr.io/broad-gotc-prod/dragmap@sha256:5964afca3e4173c33b11100f68c1a44642e0ff2ee4de5a49d8cd446fef308b23 /cromwell-executions/WholeGenomeGermlineSingleSample/3d34995f-bd8e-4e1e-88c8-95f2cc6eb274/call-UnmappedBamToAlignedBam/UnmappedBamToAlignedBam/4a1c33f3-cf3d-44bd-a4eb-bf4bb8fa4c5e/call-SplitRG/shard-0/SplitLargeReadGroup/fe27c5e0-9c12-4cc7-8978-b486720a16c5/call-SamToFastqAndDragmapAndMba/shard-31/execution/script

# get the return code (working even if the container was detached)
rc=$(docker wait [38;5;5mcat /mnt/nas1/projects/lasr/blendseq/warp-pipelines/warp-gatk-germline-single-sample-pipeline-master/tmp/1977401714735460022/cromwell-executions/WholeGenomeGermlineSingleSample/3d34995f-bd8e-4e1e-88c8-95f2cc6eb274/call-UnmappedBamToAlignedBam/UnmappedBamToAlignedBam/4a1c33f3-cf3d-44bd-a4eb-bf4bb8fa4c5e/call-SplitRG/shard-0/SplitLargeReadGroup/fe27c5e0-9c12-4cc7-8978-b486720a16c5/call-SamToFastqAndDragmapAndMba/shard-31/execution/docker_cid[0m)

# remove the container after waiting
docker rm [38;5;5mcat /mnt/nas1/projects/lasr/blendseq/warp-pipelines/warp-gatk-germline-single-sample-pipeline-master/tmp/1977401714735460022/cromwell-executions/WholeGenomeGermlineSingleSample/3d34995f-bd8e-4e1e-88c8-95f2cc6eb274/call-UnmappedBamToAlignedBam/UnmappedBamToAlignedBam/4a1c33f3-cf3d-44bd-a4eb-bf4bb8fa4c5e/call-SplitRG/shard-0/SplitLargeReadGroup/fe27c5e0-9c12-4cc7-8978-b486720a16c5/call-SamToFastqAndDragmapAndMba/shard-31/execution/docker_cid[0m

# return exit code
exit $rc
[2025-11-29 14:53:27,70] [info] BackgroundConfigAsyncJobExecutionActor [[38;5;2mfe27c5e0[0mSplitLargeReadGroup.SamToFastqAndDragmapAndMba:31:1]: job id: 241347
[2025-11-29 14:53:27,70] [info] BackgroundConfigAsyncJobExecutionActor [[38;5;2mfe27c5e0[0mSplitLargeReadGroup.SamToFastqAndDragmapAndMba:31:1]: Status change from - to WaitingForReturnCode
[2025-11-29 14:54:21,16] [info] BackgroundConfigAsyncJobExecutionActor [[38;5;2mfe27c5e0[0mSplitLargeReadGroup.SamToFastqAndDragmapAndMba:31:1]: Status change from WaitingForReturnCode to Done
[2025-11-29 14:54:27,78] [info] Assigned new job execution tokens to the following groups: 3d34995f: 1
[2025-11-29 14:54:27,83] [[38;5;220mwarn[0m] BackgroundConfigAsyncJobExecutionActor [[38;5;2mfe27c5e0[0mSplitLargeReadGroup.SamToFastqAndDragmapAndMba:29:1]: Unrecognized runtime attribute keys: preemptible, disks, cpu, memory
[2025-11-29 14:54:34,86] [info] BackgroundConfigAsyncJobExecutionActor [[38;5;2mfe27c5e0[0mSplitLargeReadGroup.SamToFastqAndDragmapAndMba:29:1]: [38;5;5mset -euxo pipefail

DRAGMAP_VERSION=$(dragen-os --version)

if [ -z ${DRAGMAP_VERSION} ]; then
    exit 1;
fi

mkdir dragen_reference
mv /cromwell-executions/WholeGenomeGermlineSingleSample/3d34995f-bd8e-4e1e-88c8-95f2cc6eb274/call-UnmappedBamToAlignedBam/UnmappedBamToAlignedBam/4a1c33f3-cf3d-44bd-a4eb-bf4bb8fa4c5e/call-SplitRG/shard-0/SplitLargeReadGroup/fe27c5e0-9c12-4cc7-8978-b486720a16c5/call-SamToFastqAndDragmapAndMba/shard-29/inputs/-1290198700/reference.bin /cromwell-executions/WholeGenomeGermlineSingleSample/3d34995f-bd8e-4e1e-88c8-95f2cc6eb274/call-UnmappedBamToAlignedBam/UnmappedBamToAlignedBam/4a1c33f3-cf3d-44bd-a4eb-bf4bb8fa4c5e/call-SplitRG/shard-0/SplitLargeReadGroup/fe27c5e0-9c12-4cc7-8978-b486720a16c5/call-SamToFastqAndDragmapAndMba/shard-29/inputs/-1290198700/hash_table.cfg.bin /cromwell-executions/WholeGenomeGermlineSingleSample/3d34995f-bd8e-4e1e-88c8-95f2cc6eb274/call-UnmappedBamToAlignedBam/UnmappedBamToAlignedBam/4a1c33f3-cf3d-44bd-a4eb-bf4bb8fa4c5e/call-SplitRG/shard-0/SplitLargeReadGroup/fe27c5e0-9c12-4cc7-8978-b486720a16c5/call-SamToFastqAndDragmapAndMba/shard-29/inputs/-1290198700/hash_table.cmp dragen_reference

dragen-os -b /cromwell-executions/WholeGenomeGermlineSingleSample/3d34995f-bd8e-4e1e-88c8-95f2cc6eb274/call-UnmappedBamToAlignedBam/UnmappedBamToAlignedBam/4a1c33f3-cf3d-44bd-a4eb-bf4bb8fa4c5e/call-SplitRG/shard-0/SplitLargeReadGroup/fe27c5e0-9c12-4cc7-8978-b486720a16c5/call-SamToFastqAndDragmapAndMba/shard-29/inputs/-1047237686/shard_0030.bam -r dragen_reference --interleaved=1 --preserve-map-align-order true 2> >(tee shard_0030.dragmap.stderr.log >&2) | samtools view -h -O BAM - > aligned.bam
java -Dsamjdk.compression_level=2 -Xms1000m -Xmx1000m -jar /picard/picard.jar \
  MergeBamAlignment \
  VALIDATION_STRINGENCY=SILENT \
  EXPECTED_ORIENTATIONS=FR \
  ATTRIBUTES_TO_RETAIN=X0 \
  ATTRIBUTES_TO_REMOVE=RG \
  ATTRIBUTES_TO_REMOVE=NM \
  ATTRIBUTES_TO_REMOVE=MD \
  ALIGNED_BAM=aligned.bam \
  UNMAPPED_BAM=/cromwell-executions/WholeGenomeGermlineSingleSample/3d34995f-bd8e-4e1e-88c8-95f2cc6eb274/call-UnmappedBamToAlignedBam/UnmappedBamToAlignedBam/4a1c33f3-cf3d-44bd-a4eb-bf4bb8fa4c5e/call-SplitRG/shard-0/SplitLargeReadGroup/fe27c5e0-9c12-4cc7-8978-b486720a16c5/call-SamToFastqAndDragmapAndMba/shard-29/inputs/-1047237686/shard_0030.bam \
  OUTPUT=shard_0030.bam \
  REFERENCE_SEQUENCE=/cromwell-executions/WholeGenomeGermlineSingleSample/3d34995f-bd8e-4e1e-88c8-95f2cc6eb274/call-UnmappedBamToAlignedBam/UnmappedBamToAlignedBam/4a1c33f3-cf3d-44bd-a4eb-bf4bb8fa4c5e/call-SplitRG/shard-0/SplitLargeReadGroup/fe27c5e0-9c12-4cc7-8978-b486720a16c5/call-SamToFastqAndDragmapAndMba/shard-29/inputs/-1569105944/Homo_sapiens_assembly38_masked.fasta \
  PAIRED_RUN=true \
  SORT_ORDER="unsorted" \
  IS_BISULFITE_SEQUENCE=false \
  ALIGNED_READS_ONLY=false \
  CLIP_ADAPTERS=false \
   \
   \
  MAX_RECORDS_IN_RAM=2000000 \
  ADD_MATE_CIGAR=true \
  MAX_INSERTIONS_OR_DELETIONS=-1 \
  PRIMARY_ALIGNMENT_STRATEGY=MostDistant \
  PROGRAM_RECORD_ID="dragen-os" \
  PROGRAM_GROUP_VERSION="${DRAGMAP_VERSION}" \
  PROGRAM_GROUP_COMMAND_LINE="dragen-os -b /cromwell-executions/WholeGenomeGermlineSingleSample/3d34995f-bd8e-4e1e-88c8-95f2cc6eb274/call-UnmappedBamToAlignedBam/UnmappedBamToAlignedBam/4a1c33f3-cf3d-44bd-a4eb-bf4bb8fa4c5e/call-SplitRG/shard-0/SplitLargeReadGroup/fe27c5e0-9c12-4cc7-8978-b486720a16c5/call-SamToFastqAndDragmapAndMba/shard-29/inputs/-1047237686/shard_0030.bam -r dragen_reference --interleaved=1" \
  PROGRAM_GROUP_NAME="dragen-os" \
  UNMAPPED_READ_STRATEGY=COPY_TO_TAG \
  ALIGNER_PROPER_PAIR_FLAGS=true \
  UNMAP_CONTAMINANT_READS=true \
  ADD_PG_TAG_TO_READS=false[0m
[2025-11-29 14:54:34,87] [info] BackgroundConfigAsyncJobExecutionActor [[38;5;2mfe27c5e0[0mSplitLargeReadGroup.SamToFastqAndDragmapAndMba:29:1]: executing: # make sure there is no preexisting Docker CID file
rm -f /mnt/nas1/projects/lasr/blendseq/warp-pipelines/warp-gatk-germline-single-sample-pipeline-master/tmp/1977401714735460022/cromwell-executions/WholeGenomeGermlineSingleSample/3d34995f-bd8e-4e1e-88c8-95f2cc6eb274/call-UnmappedBamToAlignedBam/UnmappedBamToAlignedBam/4a1c33f3-cf3d-44bd-a4eb-bf4bb8fa4c5e/call-SplitRG/shard-0/SplitLargeReadGroup/fe27c5e0-9c12-4cc7-8978-b486720a16c5/call-SamToFastqAndDragmapAndMba/shard-29/execution/docker_cid
# run as in the original configuration without --rm flag (will remove later)
docker run \
  --cidfile /mnt/nas1/projects/lasr/blendseq/warp-pipelines/warp-gatk-germline-single-sample-pipeline-master/tmp/1977401714735460022/cromwell-executions/WholeGenomeGermlineSingleSample/3d34995f-bd8e-4e1e-88c8-95f2cc6eb274/call-UnmappedBamToAlignedBam/UnmappedBamToAlignedBam/4a1c33f3-cf3d-44bd-a4eb-bf4bb8fa4c5e/call-SplitRG/shard-0/SplitLargeReadGroup/fe27c5e0-9c12-4cc7-8978-b486720a16c5/call-SamToFastqAndDragmapAndMba/shard-29/execution/docker_cid \
  -i \
  --user 1027:1028 \
  --cpus="64" \
  --memory="204800M" \
  --entrypoint /bin/bash \
  -v /mnt/nas1/projects/lasr/blendseq/warp-pipelines/warp-gatk-germline-single-sample-pipeline-master/tmp/1977401714735460022/cromwell-executions/WholeGenomeGermlineSingleSample/3d34995f-bd8e-4e1e-88c8-95f2cc6eb274/call-UnmappedBamToAlignedBam/UnmappedBamToAlignedBam/4a1c33f3-cf3d-44bd-a4eb-bf4bb8fa4c5e/call-SplitRG/shard-0/SplitLargeReadGroup/fe27c5e0-9c12-4cc7-8978-b486720a16c5/call-SamToFastqAndDragmapAndMba/shard-29:/cromwell-executions/WholeGenomeGermlineSingleSample/3d34995f-bd8e-4e1e-88c8-95f2cc6eb274/call-UnmappedBamToAlignedBam/UnmappedBamToAlignedBam/4a1c33f3-cf3d-44bd-a4eb-bf4bb8fa4c5e/call-SplitRG/shard-0/SplitLargeReadGroup/fe27c5e0-9c12-4cc7-8978-b486720a16c5/call-SamToFastqAndDragmapAndMba/shard-29 \
  us.gcr.io/broad-gotc-prod/dragmap@sha256:5964afca3e4173c33b11100f68c1a44642e0ff2ee4de5a49d8cd446fef308b23 /cromwell-executions/WholeGenomeGermlineSingleSample/3d34995f-bd8e-4e1e-88c8-95f2cc6eb274/call-UnmappedBamToAlignedBam/UnmappedBamToAlignedBam/4a1c33f3-cf3d-44bd-a4eb-bf4bb8fa4c5e/call-SplitRG/shard-0/SplitLargeReadGroup/fe27c5e0-9c12-4cc7-8978-b486720a16c5/call-SamToFastqAndDragmapAndMba/shard-29/execution/script

# get the return code (working even if the container was detached)
rc=$(docker wait [38;5;5mcat /mnt/nas1/projects/lasr/blendseq/warp-pipelines/warp-gatk-germline-single-sample-pipeline-master/tmp/1977401714735460022/cromwell-executions/WholeGenomeGermlineSingleSample/3d34995f-bd8e-4e1e-88c8-95f2cc6eb274/call-UnmappedBamToAlignedBam/UnmappedBamToAlignedBam/4a1c33f3-cf3d-44bd-a4eb-bf4bb8fa4c5e/call-SplitRG/shard-0/SplitLargeReadGroup/fe27c5e0-9c12-4cc7-8978-b486720a16c5/call-SamToFastqAndDragmapAndMba/shard-29/execution/docker_cid[0m)

# remove the container after waiting
docker rm [38;5;5mcat /mnt/nas1/projects/lasr/blendseq/warp-pipelines/warp-gatk-germline-single-sample-pipeline-master/tmp/1977401714735460022/cromwell-executions/WholeGenomeGermlineSingleSample/3d34995f-bd8e-4e1e-88c8-95f2cc6eb274/call-UnmappedBamToAlignedBam/UnmappedBamToAlignedBam/4a1c33f3-cf3d-44bd-a4eb-bf4bb8fa4c5e/call-SplitRG/shard-0/SplitLargeReadGroup/fe27c5e0-9c12-4cc7-8978-b486720a16c5/call-SamToFastqAndDragmapAndMba/shard-29/execution/docker_cid[0m

# return exit code
exit $rc
[2025-11-29 14:54:37,70] [info] BackgroundConfigAsyncJobExecutionActor [[38;5;2mfe27c5e0[0mSplitLargeReadGroup.SamToFastqAndDragmapAndMba:29:1]: job id: 241967
[2025-11-29 14:54:37,70] [info] BackgroundConfigAsyncJobExecutionActor [[38;5;2mfe27c5e0[0mSplitLargeReadGroup.SamToFastqAndDragmapAndMba:29:1]: Status change from - to WaitingForReturnCode
[2025-11-29 14:55:25,64] [info] BackgroundConfigAsyncJobExecutionActor [[38;5;2mfe27c5e0[0mSplitLargeReadGroup.SamToFastqAndDragmapAndMba:29:1]: Status change from WaitingForReturnCode to Done
[2025-11-29 14:55:27,78] [info] Assigned new job execution tokens to the following groups: 3d34995f: 1
[2025-11-29 14:55:27,82] [[38;5;220mwarn[0m] BackgroundConfigAsyncJobExecutionActor [[38;5;2mfe27c5e0[0mSplitLargeReadGroup.SamToFastqAndDragmapAndMba:21:1]: Unrecognized runtime attribute keys: preemptible, disks, cpu, memory
[2025-11-29 14:55:37,71] [info] BackgroundConfigAsyncJobExecutionActor [[38;5;2mfe27c5e0[0mSplitLargeReadGroup.SamToFastqAndDragmapAndMba:21:1]: [38;5;5mset -euxo pipefail

DRAGMAP_VERSION=$(dragen-os --version)

if [ -z ${DRAGMAP_VERSION} ]; then
    exit 1;
fi

mkdir dragen_reference
mv /cromwell-executions/WholeGenomeGermlineSingleSample/3d34995f-bd8e-4e1e-88c8-95f2cc6eb274/call-UnmappedBamToAlignedBam/UnmappedBamToAlignedBam/4a1c33f3-cf3d-44bd-a4eb-bf4bb8fa4c5e/call-SplitRG/shard-0/SplitLargeReadGroup/fe27c5e0-9c12-4cc7-8978-b486720a16c5/call-SamToFastqAndDragmapAndMba/shard-21/inputs/-1290198700/reference.bin /cromwell-executions/WholeGenomeGermlineSingleSample/3d34995f-bd8e-4e1e-88c8-95f2cc6eb274/call-UnmappedBamToAlignedBam/UnmappedBamToAlignedBam/4a1c33f3-cf3d-44bd-a4eb-bf4bb8fa4c5e/call-SplitRG/shard-0/SplitLargeReadGroup/fe27c5e0-9c12-4cc7-8978-b486720a16c5/call-SamToFastqAndDragmapAndMba/shard-21/inputs/-1290198700/hash_table.cfg.bin /cromwell-executions/WholeGenomeGermlineSingleSample/3d34995f-bd8e-4e1e-88c8-95f2cc6eb274/call-UnmappedBamToAlignedBam/UnmappedBamToAlignedBam/4a1c33f3-cf3d-44bd-a4eb-bf4bb8fa4c5e/call-SplitRG/shard-0/SplitLargeReadGroup/fe27c5e0-9c12-4cc7-8978-b486720a16c5/call-SamToFastqAndDragmapAndMba/shard-21/inputs/-1290198700/hash_table.cmp dragen_reference

dragen-os -b /cromwell-executions/WholeGenomeGermlineSingleSample/3d34995f-bd8e-4e1e-88c8-95f2cc6eb274/call-UnmappedBamToAlignedBam/UnmappedBamToAlignedBam/4a1c33f3-cf3d-44bd-a4eb-bf4bb8fa4c5e/call-SplitRG/shard-0/SplitLargeReadGroup/fe27c5e0-9c12-4cc7-8978-b486720a16c5/call-SamToFastqAndDragmapAndMba/shard-21/inputs/-1047237686/shard_0022.bam -r dragen_reference --interleaved=1 --preserve-map-align-order true 2> >(tee shard_0022.dragmap.stderr.log >&2) | samtools view -h -O BAM - > aligned.bam
java -Dsamjdk.compression_level=2 -Xms1000m -Xmx1000m -jar /picard/picard.jar \
  MergeBamAlignment \
  VALIDATION_STRINGENCY=SILENT \
  EXPECTED_ORIENTATIONS=FR \
  ATTRIBUTES_TO_RETAIN=X0 \
  ATTRIBUTES_TO_REMOVE=RG \
  ATTRIBUTES_TO_REMOVE=NM \
  ATTRIBUTES_TO_REMOVE=MD \
  ALIGNED_BAM=aligned.bam \
  UNMAPPED_BAM=/cromwell-executions/WholeGenomeGermlineSingleSample/3d34995f-bd8e-4e1e-88c8-95f2cc6eb274/call-UnmappedBamToAlignedBam/UnmappedBamToAlignedBam/4a1c33f3-cf3d-44bd-a4eb-bf4bb8fa4c5e/call-SplitRG/shard-0/SplitLargeReadGroup/fe27c5e0-9c12-4cc7-8978-b486720a16c5/call-SamToFastqAndDragmapAndMba/shard-21/inputs/-1047237686/shard_0022.bam \
  OUTPUT=shard_0022.bam \
  REFERENCE_SEQUENCE=/cromwell-executions/WholeGenomeGermlineSingleSample/3d34995f-bd8e-4e1e-88c8-95f2cc6eb274/call-UnmappedBamToAlignedBam/UnmappedBamToAlignedBam/4a1c33f3-cf3d-44bd-a4eb-bf4bb8fa4c5e/call-SplitRG/shard-0/SplitLargeReadGroup/fe27c5e0-9c12-4cc7-8978-b486720a16c5/call-SamToFastqAndDragmapAndMba/shard-21/inputs/-1569105944/Homo_sapiens_assembly38_masked.fasta \
  PAIRED_RUN=true \
  SORT_ORDER="unsorted" \
  IS_BISULFITE_SEQUENCE=false \
  ALIGNED_READS_ONLY=false \
  CLIP_ADAPTERS=false \
   \
   \
  MAX_RECORDS_IN_RAM=2000000 \
  ADD_MATE_CIGAR=true \
  MAX_INSERTIONS_OR_DELETIONS=-1 \
  PRIMARY_ALIGNMENT_STRATEGY=MostDistant \
  PROGRAM_RECORD_ID="dragen-os" \
  PROGRAM_GROUP_VERSION="${DRAGMAP_VERSION}" \
  PROGRAM_GROUP_COMMAND_LINE="dragen-os -b /cromwell-executions/WholeGenomeGermlineSingleSample/3d34995f-bd8e-4e1e-88c8-95f2cc6eb274/call-UnmappedBamToAlignedBam/UnmappedBamToAlignedBam/4a1c33f3-cf3d-44bd-a4eb-bf4bb8fa4c5e/call-SplitRG/shard-0/SplitLargeReadGroup/fe27c5e0-9c12-4cc7-8978-b486720a16c5/call-SamToFastqAndDragmapAndMba/shard-21/inputs/-1047237686/shard_0022.bam -r dragen_reference --interleaved=1" \
  PROGRAM_GROUP_NAME="dragen-os" \
  UNMAPPED_READ_STRATEGY=COPY_TO_TAG \
  ALIGNER_PROPER_PAIR_FLAGS=true \
  UNMAP_CONTAMINANT_READS=true \
  ADD_PG_TAG_TO_READS=false[0m
[2025-11-29 14:55:37,73] [info] BackgroundConfigAsyncJobExecutionActor [[38;5;2mfe27c5e0[0mSplitLargeReadGroup.SamToFastqAndDragmapAndMba:21:1]: executing: # make sure there is no preexisting Docker CID file
rm -f /mnt/nas1/projects/lasr/blendseq/warp-pipelines/warp-gatk-germline-single-sample-pipeline-master/tmp/1977401714735460022/cromwell-executions/WholeGenomeGermlineSingleSample/3d34995f-bd8e-4e1e-88c8-95f2cc6eb274/call-UnmappedBamToAlignedBam/UnmappedBamToAlignedBam/4a1c33f3-cf3d-44bd-a4eb-bf4bb8fa4c5e/call-SplitRG/shard-0/SplitLargeReadGroup/fe27c5e0-9c12-4cc7-8978-b486720a16c5/call-SamToFastqAndDragmapAndMba/shard-21/execution/docker_cid
# run as in the original configuration without --rm flag (will remove later)
docker run \
  --cidfile /mnt/nas1/projects/lasr/blendseq/warp-pipelines/warp-gatk-germline-single-sample-pipeline-master/tmp/1977401714735460022/cromwell-executions/WholeGenomeGermlineSingleSample/3d34995f-bd8e-4e1e-88c8-95f2cc6eb274/call-UnmappedBamToAlignedBam/UnmappedBamToAlignedBam/4a1c33f3-cf3d-44bd-a4eb-bf4bb8fa4c5e/call-SplitRG/shard-0/SplitLargeReadGroup/fe27c5e0-9c12-4cc7-8978-b486720a16c5/call-SamToFastqAndDragmapAndMba/shard-21/execution/docker_cid \
  -i \
  --user 1027:1028 \
  --cpus="64" \
  --memory="204800M" \
  --entrypoint /bin/bash \
  -v /mnt/nas1/projects/lasr/blendseq/warp-pipelines/warp-gatk-germline-single-sample-pipeline-master/tmp/1977401714735460022/cromwell-executions/WholeGenomeGermlineSingleSample/3d34995f-bd8e-4e1e-88c8-95f2cc6eb274/call-UnmappedBamToAlignedBam/UnmappedBamToAlignedBam/4a1c33f3-cf3d-44bd-a4eb-bf4bb8fa4c5e/call-SplitRG/shard-0/SplitLargeReadGroup/fe27c5e0-9c12-4cc7-8978-b486720a16c5/call-SamToFastqAndDragmapAndMba/shard-21:/cromwell-executions/WholeGenomeGermlineSingleSample/3d34995f-bd8e-4e1e-88c8-95f2cc6eb274/call-UnmappedBamToAlignedBam/UnmappedBamToAlignedBam/4a1c33f3-cf3d-44bd-a4eb-bf4bb8fa4c5e/call-SplitRG/shard-0/SplitLargeReadGroup/fe27c5e0-9c12-4cc7-8978-b486720a16c5/call-SamToFastqAndDragmapAndMba/shard-21 \
  us.gcr.io/broad-gotc-prod/dragmap@sha256:5964afca3e4173c33b11100f68c1a44642e0ff2ee4de5a49d8cd446fef308b23 /cromwell-executions/WholeGenomeGermlineSingleSample/3d34995f-bd8e-4e1e-88c8-95f2cc6eb274/call-UnmappedBamToAlignedBam/UnmappedBamToAlignedBam/4a1c33f3-cf3d-44bd-a4eb-bf4bb8fa4c5e/call-SplitRG/shard-0/SplitLargeReadGroup/fe27c5e0-9c12-4cc7-8978-b486720a16c5/call-SamToFastqAndDragmapAndMba/shard-21/execution/script

# get the return code (working even if the container was detached)
rc=$(docker wait [38;5;5mcat /mnt/nas1/projects/lasr/blendseq/warp-pipelines/warp-gatk-germline-single-sample-pipeline-master/tmp/1977401714735460022/cromwell-executions/WholeGenomeGermlineSingleSample/3d34995f-bd8e-4e1e-88c8-95f2cc6eb274/call-UnmappedBamToAlignedBam/UnmappedBamToAlignedBam/4a1c33f3-cf3d-44bd-a4eb-bf4bb8fa4c5e/call-SplitRG/shard-0/SplitLargeReadGroup/fe27c5e0-9c12-4cc7-8978-b486720a16c5/call-SamToFastqAndDragmapAndMba/shard-21/execution/docker_cid[0m)

# remove the container after waiting
docker rm [38;5;5mcat /mnt/nas1/projects/lasr/blendseq/warp-pipelines/warp-gatk-germline-single-sample-pipeline-master/tmp/1977401714735460022/cromwell-executions/WholeGenomeGermlineSingleSample/3d34995f-bd8e-4e1e-88c8-95f2cc6eb274/call-UnmappedBamToAlignedBam/UnmappedBamToAlignedBam/4a1c33f3-cf3d-44bd-a4eb-bf4bb8fa4c5e/call-SplitRG/shard-0/SplitLargeReadGroup/fe27c5e0-9c12-4cc7-8978-b486720a16c5/call-SamToFastqAndDragmapAndMba/shard-21/execution/docker_cid[0m

# return exit code
exit $rc
[2025-11-29 14:55:42,70] [info] BackgroundConfigAsyncJobExecutionActor [[38;5;2mfe27c5e0[0mSplitLargeReadGroup.SamToFastqAndDragmapAndMba:21:1]: job id: 242587
[2025-11-29 14:55:42,70] [info] BackgroundConfigAsyncJobExecutionActor [[38;5;2mfe27c5e0[0mSplitLargeReadGroup.SamToFastqAndDragmapAndMba:21:1]: Status change from - to WaitingForReturnCode
[2025-11-29 14:56:31,95] [info] BackgroundConfigAsyncJobExecutionActor [[38;5;2mfe27c5e0[0mSplitLargeReadGroup.SamToFastqAndDragmapAndMba:21:1]: Status change from WaitingForReturnCode to Done
[2025-11-29 14:56:37,78] [info] Assigned new job execution tokens to the following groups: 3d34995f: 1
[2025-11-29 14:56:37,81] [[38;5;220mwarn[0m] BackgroundConfigAsyncJobExecutionActor [[38;5;2mfe27c5e0[0mSplitLargeReadGroup.SamToFastqAndDragmapAndMba:22:1]: Unrecognized runtime attribute keys: preemptible, disks, cpu, memory
[2025-11-29 14:56:45,09] [info] BackgroundConfigAsyncJobExecutionActor [[38;5;2mfe27c5e0[0mSplitLargeReadGroup.SamToFastqAndDragmapAndMba:22:1]: [38;5;5mset -euxo pipefail

DRAGMAP_VERSION=$(dragen-os --version)

if [ -z ${DRAGMAP_VERSION} ]; then
    exit 1;
fi

mkdir dragen_reference
mv /cromwell-executions/WholeGenomeGermlineSingleSample/3d34995f-bd8e-4e1e-88c8-95f2cc6eb274/call-UnmappedBamToAlignedBam/UnmappedBamToAlignedBam/4a1c33f3-cf3d-44bd-a4eb-bf4bb8fa4c5e/call-SplitRG/shard-0/SplitLargeReadGroup/fe27c5e0-9c12-4cc7-8978-b486720a16c5/call-SamToFastqAndDragmapAndMba/shard-22/inputs/-1290198700/reference.bin /cromwell-executions/WholeGenomeGermlineSingleSample/3d34995f-bd8e-4e1e-88c8-95f2cc6eb274/call-UnmappedBamToAlignedBam/UnmappedBamToAlignedBam/4a1c33f3-cf3d-44bd-a4eb-bf4bb8fa4c5e/call-SplitRG/shard-0/SplitLargeReadGroup/fe27c5e0-9c12-4cc7-8978-b486720a16c5/call-SamToFastqAndDragmapAndMba/shard-22/inputs/-1290198700/hash_table.cfg.bin /cromwell-executions/WholeGenomeGermlineSingleSample/3d34995f-bd8e-4e1e-88c8-95f2cc6eb274/call-UnmappedBamToAlignedBam/UnmappedBamToAlignedBam/4a1c33f3-cf3d-44bd-a4eb-bf4bb8fa4c5e/call-SplitRG/shard-0/SplitLargeReadGroup/fe27c5e0-9c12-4cc7-8978-b486720a16c5/call-SamToFastqAndDragmapAndMba/shard-22/inputs/-1290198700/hash_table.cmp dragen_reference

dragen-os -b /cromwell-executions/WholeGenomeGermlineSingleSample/3d34995f-bd8e-4e1e-88c8-95f2cc6eb274/call-UnmappedBamToAlignedBam/UnmappedBamToAlignedBam/4a1c33f3-cf3d-44bd-a4eb-bf4bb8fa4c5e/call-SplitRG/shard-0/SplitLargeReadGroup/fe27c5e0-9c12-4cc7-8978-b486720a16c5/call-SamToFastqAndDragmapAndMba/shard-22/inputs/-1047237686/shard_0023.bam -r dragen_reference --interleaved=1 --preserve-map-align-order true 2> >(tee shard_0023.dragmap.stderr.log >&2) | samtools view -h -O BAM - > aligned.bam
java -Dsamjdk.compression_level=2 -Xms1000m -Xmx1000m -jar /picard/picard.jar \
  MergeBamAlignment \
  VALIDATION_STRINGENCY=SILENT \
  EXPECTED_ORIENTATIONS=FR \
  ATTRIBUTES_TO_RETAIN=X0 \
  ATTRIBUTES_TO_REMOVE=RG \
  ATTRIBUTES_TO_REMOVE=NM \
  ATTRIBUTES_TO_REMOVE=MD \
  ALIGNED_BAM=aligned.bam \
  UNMAPPED_BAM=/cromwell-executions/WholeGenomeGermlineSingleSample/3d34995f-bd8e-4e1e-88c8-95f2cc6eb274/call-UnmappedBamToAlignedBam/UnmappedBamToAlignedBam/4a1c33f3-cf3d-44bd-a4eb-bf4bb8fa4c5e/call-SplitRG/shard-0/SplitLargeReadGroup/fe27c5e0-9c12-4cc7-8978-b486720a16c5/call-SamToFastqAndDragmapAndMba/shard-22/inputs/-1047237686/shard_0023.bam \
  OUTPUT=shard_0023.bam \
  REFERENCE_SEQUENCE=/cromwell-executions/WholeGenomeGermlineSingleSample/3d34995f-bd8e-4e1e-88c8-95f2cc6eb274/call-UnmappedBamToAlignedBam/UnmappedBamToAlignedBam/4a1c33f3-cf3d-44bd-a4eb-bf4bb8fa4c5e/call-SplitRG/shard-0/SplitLargeReadGroup/fe27c5e0-9c12-4cc7-8978-b486720a16c5/call-SamToFastqAndDragmapAndMba/shard-22/inputs/-1569105944/Homo_sapiens_assembly38_masked.fasta \
  PAIRED_RUN=true \
  SORT_ORDER="unsorted" \
  IS_BISULFITE_SEQUENCE=false \
  ALIGNED_READS_ONLY=false \
  CLIP_ADAPTERS=false \
   \
   \
  MAX_RECORDS_IN_RAM=2000000 \
  ADD_MATE_CIGAR=true \
  MAX_INSERTIONS_OR_DELETIONS=-1 \
  PRIMARY_ALIGNMENT_STRATEGY=MostDistant \
  PROGRAM_RECORD_ID="dragen-os" \
  PROGRAM_GROUP_VERSION="${DRAGMAP_VERSION}" \
  PROGRAM_GROUP_COMMAND_LINE="dragen-os -b /cromwell-executions/WholeGenomeGermlineSingleSample/3d34995f-bd8e-4e1e-88c8-95f2cc6eb274/call-UnmappedBamToAlignedBam/UnmappedBamToAlignedBam/4a1c33f3-cf3d-44bd-a4eb-bf4bb8fa4c5e/call-SplitRG/shard-0/SplitLargeReadGroup/fe27c5e0-9c12-4cc7-8978-b486720a16c5/call-SamToFastqAndDragmapAndMba/shard-22/inputs/-1047237686/shard_0023.bam -r dragen_reference --interleaved=1" \
  PROGRAM_GROUP_NAME="dragen-os" \
  UNMAPPED_READ_STRATEGY=COPY_TO_TAG \
  ALIGNER_PROPER_PAIR_FLAGS=true \
  UNMAP_CONTAMINANT_READS=true \
  ADD_PG_TAG_TO_READS=false[0m
[2025-11-29 14:56:45,10] [info] BackgroundConfigAsyncJobExecutionActor [[38;5;2mfe27c5e0[0mSplitLargeReadGroup.SamToFastqAndDragmapAndMba:22:1]: executing: # make sure there is no preexisting Docker CID file
rm -f /mnt/nas1/projects/lasr/blendseq/warp-pipelines/warp-gatk-germline-single-sample-pipeline-master/tmp/1977401714735460022/cromwell-executions/WholeGenomeGermlineSingleSample/3d34995f-bd8e-4e1e-88c8-95f2cc6eb274/call-UnmappedBamToAlignedBam/UnmappedBamToAlignedBam/4a1c33f3-cf3d-44bd-a4eb-bf4bb8fa4c5e/call-SplitRG/shard-0/SplitLargeReadGroup/fe27c5e0-9c12-4cc7-8978-b486720a16c5/call-SamToFastqAndDragmapAndMba/shard-22/execution/docker_cid
# run as in the original configuration without --rm flag (will remove later)
docker run \
  --cidfile /mnt/nas1/projects/lasr/blendseq/warp-pipelines/warp-gatk-germline-single-sample-pipeline-master/tmp/1977401714735460022/cromwell-executions/WholeGenomeGermlineSingleSample/3d34995f-bd8e-4e1e-88c8-95f2cc6eb274/call-UnmappedBamToAlignedBam/UnmappedBamToAlignedBam/4a1c33f3-cf3d-44bd-a4eb-bf4bb8fa4c5e/call-SplitRG/shard-0/SplitLargeReadGroup/fe27c5e0-9c12-4cc7-8978-b486720a16c5/call-SamToFastqAndDragmapAndMba/shard-22/execution/docker_cid \
  -i \
  --user 1027:1028 \
  --cpus="64" \
  --memory="204800M" \
  --entrypoint /bin/bash \
  -v /mnt/nas1/projects/lasr/blendseq/warp-pipelines/warp-gatk-germline-single-sample-pipeline-master/tmp/1977401714735460022/cromwell-executions/WholeGenomeGermlineSingleSample/3d34995f-bd8e-4e1e-88c8-95f2cc6eb274/call-UnmappedBamToAlignedBam/UnmappedBamToAlignedBam/4a1c33f3-cf3d-44bd-a4eb-bf4bb8fa4c5e/call-SplitRG/shard-0/SplitLargeReadGroup/fe27c5e0-9c12-4cc7-8978-b486720a16c5/call-SamToFastqAndDragmapAndMba/shard-22:/cromwell-executions/WholeGenomeGermlineSingleSample/3d34995f-bd8e-4e1e-88c8-95f2cc6eb274/call-UnmappedBamToAlignedBam/UnmappedBamToAlignedBam/4a1c33f3-cf3d-44bd-a4eb-bf4bb8fa4c5e/call-SplitRG/shard-0/SplitLargeReadGroup/fe27c5e0-9c12-4cc7-8978-b486720a16c5/call-SamToFastqAndDragmapAndMba/shard-22 \
  us.gcr.io/broad-gotc-prod/dragmap@sha256:5964afca3e4173c33b11100f68c1a44642e0ff2ee4de5a49d8cd446fef308b23 /cromwell-executions/WholeGenomeGermlineSingleSample/3d34995f-bd8e-4e1e-88c8-95f2cc6eb274/call-UnmappedBamToAlignedBam/UnmappedBamToAlignedBam/4a1c33f3-cf3d-44bd-a4eb-bf4bb8fa4c5e/call-SplitRG/shard-0/SplitLargeReadGroup/fe27c5e0-9c12-4cc7-8978-b486720a16c5/call-SamToFastqAndDragmapAndMba/shard-22/execution/script

# get the return code (working even if the container was detached)
rc=$(docker wait [38;5;5mcat /mnt/nas1/projects/lasr/blendseq/warp-pipelines/warp-gatk-germline-single-sample-pipeline-master/tmp/1977401714735460022/cromwell-executions/WholeGenomeGermlineSingleSample/3d34995f-bd8e-4e1e-88c8-95f2cc6eb274/call-UnmappedBamToAlignedBam/UnmappedBamToAlignedBam/4a1c33f3-cf3d-44bd-a4eb-bf4bb8fa4c5e/call-SplitRG/shard-0/SplitLargeReadGroup/fe27c5e0-9c12-4cc7-8978-b486720a16c5/call-SamToFastqAndDragmapAndMba/shard-22/execution/docker_cid[0m)

# remove the container after waiting
docker rm [38;5;5mcat /mnt/nas1/projects/lasr/blendseq/warp-pipelines/warp-gatk-germline-single-sample-pipeline-master/tmp/1977401714735460022/cromwell-executions/WholeGenomeGermlineSingleSample/3d34995f-bd8e-4e1e-88c8-95f2cc6eb274/call-UnmappedBamToAlignedBam/UnmappedBamToAlignedBam/4a1c33f3-cf3d-44bd-a4eb-bf4bb8fa4c5e/call-SplitRG/shard-0/SplitLargeReadGroup/fe27c5e0-9c12-4cc7-8978-b486720a16c5/call-SamToFastqAndDragmapAndMba/shard-22/execution/docker_cid[0m

# return exit code
exit $rc
[2025-11-29 14:56:47,70] [info] BackgroundConfigAsyncJobExecutionActor [[38;5;2mfe27c5e0[0mSplitLargeReadGroup.SamToFastqAndDragmapAndMba:22:1]: job id: 243197
[2025-11-29 14:56:47,70] [info] BackgroundConfigAsyncJobExecutionActor [[38;5;2mfe27c5e0[0mSplitLargeReadGroup.SamToFastqAndDragmapAndMba:22:1]: Status change from - to WaitingForReturnCode
[2025-11-29 14:57:23,03] [info] BackgroundConfigAsyncJobExecutionActor [[38;5;2mfe27c5e0[0mSplitLargeReadGroup.SamToFastqAndDragmapAndMba:22:1]: Status change from WaitingForReturnCode to Done
[2025-11-29 14:57:27,78] [info] Assigned new job execution tokens to the following groups: 3d34995f: 1
[2025-11-29 14:57:27,81] [[38;5;220mwarn[0m] BackgroundConfigAsyncJobExecutionActor [[38;5;2mfe27c5e0[0mSplitLargeReadGroup.SamToFastqAndDragmapAndMba:11:1]: Unrecognized runtime attribute keys: preemptible, disks, cpu, memory
[2025-11-29 14:57:37,39] [info] BackgroundConfigAsyncJobExecutionActor [[38;5;2mfe27c5e0[0mSplitLargeReadGroup.SamToFastqAndDragmapAndMba:11:1]: [38;5;5mset -euxo pipefail

DRAGMAP_VERSION=$(dragen-os --version)

if [ -z ${DRAGMAP_VERSION} ]; then
    exit 1;
fi

mkdir dragen_reference
mv /cromwell-executions/WholeGenomeGermlineSingleSample/3d34995f-bd8e-4e1e-88c8-95f2cc6eb274/call-UnmappedBamToAlignedBam/UnmappedBamToAlignedBam/4a1c33f3-cf3d-44bd-a4eb-bf4bb8fa4c5e/call-SplitRG/shard-0/SplitLargeReadGroup/fe27c5e0-9c12-4cc7-8978-b486720a16c5/call-SamToFastqAndDragmapAndMba/shard-11/inputs/-1290198700/reference.bin /cromwell-executions/WholeGenomeGermlineSingleSample/3d34995f-bd8e-4e1e-88c8-95f2cc6eb274/call-UnmappedBamToAlignedBam/UnmappedBamToAlignedBam/4a1c33f3-cf3d-44bd-a4eb-bf4bb8fa4c5e/call-SplitRG/shard-0/SplitLargeReadGroup/fe27c5e0-9c12-4cc7-8978-b486720a16c5/call-SamToFastqAndDragmapAndMba/shard-11/inputs/-1290198700/hash_table.cfg.bin /cromwell-executions/WholeGenomeGermlineSingleSample/3d34995f-bd8e-4e1e-88c8-95f2cc6eb274/call-UnmappedBamToAlignedBam/UnmappedBamToAlignedBam/4a1c33f3-cf3d-44bd-a4eb-bf4bb8fa4c5e/call-SplitRG/shard-0/SplitLargeReadGroup/fe27c5e0-9c12-4cc7-8978-b486720a16c5/call-SamToFastqAndDragmapAndMba/shard-11/inputs/-1290198700/hash_table.cmp dragen_reference

dragen-os -b /cromwell-executions/WholeGenomeGermlineSingleSample/3d34995f-bd8e-4e1e-88c8-95f2cc6eb274/call-UnmappedBamToAlignedBam/UnmappedBamToAlignedBam/4a1c33f3-cf3d-44bd-a4eb-bf4bb8fa4c5e/call-SplitRG/shard-0/SplitLargeReadGroup/fe27c5e0-9c12-4cc7-8978-b486720a16c5/call-SamToFastqAndDragmapAndMba/shard-11/inputs/-1047237686/shard_0012.bam -r dragen_reference --interleaved=1 --preserve-map-align-order true 2> >(tee shard_0012.dragmap.stderr.log >&2) | samtools view -h -O BAM - > aligned.bam
java -Dsamjdk.compression_level=2 -Xms1000m -Xmx1000m -jar /picard/picard.jar \
  MergeBamAlignment \
  VALIDATION_STRINGENCY=SILENT \
  EXPECTED_ORIENTATIONS=FR \
  ATTRIBUTES_TO_RETAIN=X0 \
  ATTRIBUTES_TO_REMOVE=RG \
  ATTRIBUTES_TO_REMOVE=NM \
  ATTRIBUTES_TO_REMOVE=MD \
  ALIGNED_BAM=aligned.bam \
  UNMAPPED_BAM=/cromwell-executions/WholeGenomeGermlineSingleSample/3d34995f-bd8e-4e1e-88c8-95f2cc6eb274/call-UnmappedBamToAlignedBam/UnmappedBamToAlignedBam/4a1c33f3-cf3d-44bd-a4eb-bf4bb8fa4c5e/call-SplitRG/shard-0/SplitLargeReadGroup/fe27c5e0-9c12-4cc7-8978-b486720a16c5/call-SamToFastqAndDragmapAndMba/shard-11/inputs/-1047237686/shard_0012.bam \
  OUTPUT=shard_0012.bam \
  REFERENCE_SEQUENCE=/cromwell-executions/WholeGenomeGermlineSingleSample/3d34995f-bd8e-4e1e-88c8-95f2cc6eb274/call-UnmappedBamToAlignedBam/UnmappedBamToAlignedBam/4a1c33f3-cf3d-44bd-a4eb-bf4bb8fa4c5e/call-SplitRG/shard-0/SplitLargeReadGroup/fe27c5e0-9c12-4cc7-8978-b486720a16c5/call-SamToFastqAndDragmapAndMba/shard-11/inputs/-1569105944/Homo_sapiens_assembly38_masked.fasta \
  PAIRED_RUN=true \
  SORT_ORDER="unsorted" \
  IS_BISULFITE_SEQUENCE=false \
  ALIGNED_READS_ONLY=false \
  CLIP_ADAPTERS=false \
   \
   \
  MAX_RECORDS_IN_RAM=2000000 \
  ADD_MATE_CIGAR=true \
  MAX_INSERTIONS_OR_DELETIONS=-1 \
  PRIMARY_ALIGNMENT_STRATEGY=MostDistant \
  PROGRAM_RECORD_ID="dragen-os" \
  PROGRAM_GROUP_VERSION="${DRAGMAP_VERSION}" \
  PROGRAM_GROUP_COMMAND_LINE="dragen-os -b /cromwell-executions/WholeGenomeGermlineSingleSample/3d34995f-bd8e-4e1e-88c8-95f2cc6eb274/call-UnmappedBamToAlignedBam/UnmappedBamToAlignedBam/4a1c33f3-cf3d-44bd-a4eb-bf4bb8fa4c5e/call-SplitRG/shard-0/SplitLargeReadGroup/fe27c5e0-9c12-4cc7-8978-b486720a16c5/call-SamToFastqAndDragmapAndMba/shard-11/inputs/-1047237686/shard_0012.bam -r dragen_reference --interleaved=1" \
  PROGRAM_GROUP_NAME="dragen-os" \
  UNMAPPED_READ_STRATEGY=COPY_TO_TAG \
  ALIGNER_PROPER_PAIR_FLAGS=true \
  UNMAP_CONTAMINANT_READS=true \
  ADD_PG_TAG_TO_READS=false[0m
[2025-11-29 14:57:37,40] [info] BackgroundConfigAsyncJobExecutionActor [[38;5;2mfe27c5e0[0mSplitLargeReadGroup.SamToFastqAndDragmapAndMba:11:1]: executing: # make sure there is no preexisting Docker CID file
rm -f /mnt/nas1/projects/lasr/blendseq/warp-pipelines/warp-gatk-germline-single-sample-pipeline-master/tmp/1977401714735460022/cromwell-executions/WholeGenomeGermlineSingleSample/3d34995f-bd8e-4e1e-88c8-95f2cc6eb274/call-UnmappedBamToAlignedBam/UnmappedBamToAlignedBam/4a1c33f3-cf3d-44bd-a4eb-bf4bb8fa4c5e/call-SplitRG/shard-0/SplitLargeReadGroup/fe27c5e0-9c12-4cc7-8978-b486720a16c5/call-SamToFastqAndDragmapAndMba/shard-11/execution/docker_cid
# run as in the original configuration without --rm flag (will remove later)
docker run \
  --cidfile /mnt/nas1/projects/lasr/blendseq/warp-pipelines/warp-gatk-germline-single-sample-pipeline-master/tmp/1977401714735460022/cromwell-executions/WholeGenomeGermlineSingleSample/3d34995f-bd8e-4e1e-88c8-95f2cc6eb274/call-UnmappedBamToAlignedBam/UnmappedBamToAlignedBam/4a1c33f3-cf3d-44bd-a4eb-bf4bb8fa4c5e/call-SplitRG/shard-0/SplitLargeReadGroup/fe27c5e0-9c12-4cc7-8978-b486720a16c5/call-SamToFastqAndDragmapAndMba/shard-11/execution/docker_cid \
  -i \
  --user 1027:1028 \
  --cpus="64" \
  --memory="204800M" \
  --entrypoint /bin/bash \
  -v /mnt/nas1/projects/lasr/blendseq/warp-pipelines/warp-gatk-germline-single-sample-pipeline-master/tmp/1977401714735460022/cromwell-executions/WholeGenomeGermlineSingleSample/3d34995f-bd8e-4e1e-88c8-95f2cc6eb274/call-UnmappedBamToAlignedBam/UnmappedBamToAlignedBam/4a1c33f3-cf3d-44bd-a4eb-bf4bb8fa4c5e/call-SplitRG/shard-0/SplitLargeReadGroup/fe27c5e0-9c12-4cc7-8978-b486720a16c5/call-SamToFastqAndDragmapAndMba/shard-11:/cromwell-executions/WholeGenomeGermlineSingleSample/3d34995f-bd8e-4e1e-88c8-95f2cc6eb274/call-UnmappedBamToAlignedBam/UnmappedBamToAlignedBam/4a1c33f3-cf3d-44bd-a4eb-bf4bb8fa4c5e/call-SplitRG/shard-0/SplitLargeReadGroup/fe27c5e0-9c12-4cc7-8978-b486720a16c5/call-SamToFastqAndDragmapAndMba/shard-11 \
  us.gcr.io/broad-gotc-prod/dragmap@sha256:5964afca3e4173c33b11100f68c1a44642e0ff2ee4de5a49d8cd446fef308b23 /cromwell-executions/WholeGenomeGermlineSingleSample/3d34995f-bd8e-4e1e-88c8-95f2cc6eb274/call-UnmappedBamToAlignedBam/UnmappedBamToAlignedBam/4a1c33f3-cf3d-44bd-a4eb-bf4bb8fa4c5e/call-SplitRG/shard-0/SplitLargeReadGroup/fe27c5e0-9c12-4cc7-8978-b486720a16c5/call-SamToFastqAndDragmapAndMba/shard-11/execution/script

# get the return code (working even if the container was detached)
rc=$(docker wait [38;5;5mcat /mnt/nas1/projects/lasr/blendseq/warp-pipelines/warp-gatk-germline-single-sample-pipeline-master/tmp/1977401714735460022/cromwell-executions/WholeGenomeGermlineSingleSample/3d34995f-bd8e-4e1e-88c8-95f2cc6eb274/call-UnmappedBamToAlignedBam/UnmappedBamToAlignedBam/4a1c33f3-cf3d-44bd-a4eb-bf4bb8fa4c5e/call-SplitRG/shard-0/SplitLargeReadGroup/fe27c5e0-9c12-4cc7-8978-b486720a16c5/call-SamToFastqAndDragmapAndMba/shard-11/execution/docker_cid[0m)

# remove the container after waiting
docker rm [38;5;5mcat /mnt/nas1/projects/lasr/blendseq/warp-pipelines/warp-gatk-germline-single-sample-pipeline-master/tmp/1977401714735460022/cromwell-executions/WholeGenomeGermlineSingleSample/3d34995f-bd8e-4e1e-88c8-95f2cc6eb274/call-UnmappedBamToAlignedBam/UnmappedBamToAlignedBam/4a1c33f3-cf3d-44bd-a4eb-bf4bb8fa4c5e/call-SplitRG/shard-0/SplitLargeReadGroup/fe27c5e0-9c12-4cc7-8978-b486720a16c5/call-SamToFastqAndDragmapAndMba/shard-11/execution/docker_cid[0m

# return exit code
exit $rc
[2025-11-29 14:57:37,70] [info] BackgroundConfigAsyncJobExecutionActor [[38;5;2mfe27c5e0[0mSplitLargeReadGroup.SamToFastqAndDragmapAndMba:11:1]: job id: 243817
[2025-11-29 14:57:37,70] [info] BackgroundConfigAsyncJobExecutionActor [[38;5;2mfe27c5e0[0mSplitLargeReadGroup.SamToFastqAndDragmapAndMba:11:1]: Status change from - to WaitingForReturnCode
[2025-11-29 14:58:23,87] [info] BackgroundConfigAsyncJobExecutionActor [[38;5;2mfe27c5e0[0mSplitLargeReadGroup.SamToFastqAndDragmapAndMba:11:1]: Status change from WaitingForReturnCode to Done
[2025-11-29 14:58:27,78] [info] Assigned new job execution tokens to the following groups: 3d34995f: 1
[2025-11-29 14:58:27,83] [[38;5;220mwarn[0m] BackgroundConfigAsyncJobExecutionActor [[38;5;2mfe27c5e0[0mSplitLargeReadGroup.SamToFastqAndDragmapAndMba:5:1]: Unrecognized runtime attribute keys: preemptible, disks, cpu, memory
[2025-11-29 14:58:37,34] [info] BackgroundConfigAsyncJobExecutionActor [[38;5;2mfe27c5e0[0mSplitLargeReadGroup.SamToFastqAndDragmapAndMba:5:1]: [38;5;5mset -euxo pipefail

DRAGMAP_VERSION=$(dragen-os --version)

if [ -z ${DRAGMAP_VERSION} ]; then
    exit 1;
fi

mkdir dragen_reference
mv /cromwell-executions/WholeGenomeGermlineSingleSample/3d34995f-bd8e-4e1e-88c8-95f2cc6eb274/call-UnmappedBamToAlignedBam/UnmappedBamToAlignedBam/4a1c33f3-cf3d-44bd-a4eb-bf4bb8fa4c5e/call-SplitRG/shard-0/SplitLargeReadGroup/fe27c5e0-9c12-4cc7-8978-b486720a16c5/call-SamToFastqAndDragmapAndMba/shard-5/inputs/-1290198700/reference.bin /cromwell-executions/WholeGenomeGermlineSingleSample/3d34995f-bd8e-4e1e-88c8-95f2cc6eb274/call-UnmappedBamToAlignedBam/UnmappedBamToAlignedBam/4a1c33f3-cf3d-44bd-a4eb-bf4bb8fa4c5e/call-SplitRG/shard-0/SplitLargeReadGroup/fe27c5e0-9c12-4cc7-8978-b486720a16c5/call-SamToFastqAndDragmapAndMba/shard-5/inputs/-1290198700/hash_table.cfg.bin /cromwell-executions/WholeGenomeGermlineSingleSample/3d34995f-bd8e-4e1e-88c8-95f2cc6eb274/call-UnmappedBamToAlignedBam/UnmappedBamToAlignedBam/4a1c33f3-cf3d-44bd-a4eb-bf4bb8fa4c5e/call-SplitRG/shard-0/SplitLargeReadGroup/fe27c5e0-9c12-4cc7-8978-b486720a16c5/call-SamToFastqAndDragmapAndMba/shard-5/inputs/-1290198700/hash_table.cmp dragen_reference

dragen-os -b /cromwell-executions/WholeGenomeGermlineSingleSample/3d34995f-bd8e-4e1e-88c8-95f2cc6eb274/call-UnmappedBamToAlignedBam/UnmappedBamToAlignedBam/4a1c33f3-cf3d-44bd-a4eb-bf4bb8fa4c5e/call-SplitRG/shard-0/SplitLargeReadGroup/fe27c5e0-9c12-4cc7-8978-b486720a16c5/call-SamToFastqAndDragmapAndMba/shard-5/inputs/-1047237686/shard_0006.bam -r dragen_reference --interleaved=1 --preserve-map-align-order true 2> >(tee shard_0006.dragmap.stderr.log >&2) | samtools view -h -O BAM - > aligned.bam
java -Dsamjdk.compression_level=2 -Xms1000m -Xmx1000m -jar /picard/picard.jar \
  MergeBamAlignment \
  VALIDATION_STRINGENCY=SILENT \
  EXPECTED_ORIENTATIONS=FR \
  ATTRIBUTES_TO_RETAIN=X0 \
  ATTRIBUTES_TO_REMOVE=RG \
  ATTRIBUTES_TO_REMOVE=NM \
  ATTRIBUTES_TO_REMOVE=MD \
  ALIGNED_BAM=aligned.bam \
  UNMAPPED_BAM=/cromwell-executions/WholeGenomeGermlineSingleSample/3d34995f-bd8e-4e1e-88c8-95f2cc6eb274/call-UnmappedBamToAlignedBam/UnmappedBamToAlignedBam/4a1c33f3-cf3d-44bd-a4eb-bf4bb8fa4c5e/call-SplitRG/shard-0/SplitLargeReadGroup/fe27c5e0-9c12-4cc7-8978-b486720a16c5/call-SamToFastqAndDragmapAndMba/shard-5/inputs/-1047237686/shard_0006.bam \
  OUTPUT=shard_0006.bam \
  REFERENCE_SEQUENCE=/cromwell-executions/WholeGenomeGermlineSingleSample/3d34995f-bd8e-4e1e-88c8-95f2cc6eb274/call-UnmappedBamToAlignedBam/UnmappedBamToAlignedBam/4a1c33f3-cf3d-44bd-a4eb-bf4bb8fa4c5e/call-SplitRG/shard-0/SplitLargeReadGroup/fe27c5e0-9c12-4cc7-8978-b486720a16c5/call-SamToFastqAndDragmapAndMba/shard-5/inputs/-1569105944/Homo_sapiens_assembly38_masked.fasta \
  PAIRED_RUN=true \
  SORT_ORDER="unsorted" \
  IS_BISULFITE_SEQUENCE=false \
  ALIGNED_READS_ONLY=false \
  CLIP_ADAPTERS=false \
   \
   \
  MAX_RECORDS_IN_RAM=2000000 \
  ADD_MATE_CIGAR=true \
  MAX_INSERTIONS_OR_DELETIONS=-1 \
  PRIMARY_ALIGNMENT_STRATEGY=MostDistant \
  PROGRAM_RECORD_ID="dragen-os" \
  PROGRAM_GROUP_VERSION="${DRAGMAP_VERSION}" \
  PROGRAM_GROUP_COMMAND_LINE="dragen-os -b /cromwell-executions/WholeGenomeGermlineSingleSample/3d34995f-bd8e-4e1e-88c8-95f2cc6eb274/call-UnmappedBamToAlignedBam/UnmappedBamToAlignedBam/4a1c33f3-cf3d-44bd-a4eb-bf4bb8fa4c5e/call-SplitRG/shard-0/SplitLargeReadGroup/fe27c5e0-9c12-4cc7-8978-b486720a16c5/call-SamToFastqAndDragmapAndMba/shard-5/inputs/-1047237686/shard_0006.bam -r dragen_reference --interleaved=1" \
  PROGRAM_GROUP_NAME="dragen-os" \
  UNMAPPED_READ_STRATEGY=COPY_TO_TAG \
  ALIGNER_PROPER_PAIR_FLAGS=true \
  UNMAP_CONTAMINANT_READS=true \
  ADD_PG_TAG_TO_READS=false[0m
[2025-11-29 14:58:37,34] [info] BackgroundConfigAsyncJobExecutionActor [[38;5;2mfe27c5e0[0mSplitLargeReadGroup.SamToFastqAndDragmapAndMba:5:1]: executing: # make sure there is no preexisting Docker CID file
rm -f /mnt/nas1/projects/lasr/blendseq/warp-pipelines/warp-gatk-germline-single-sample-pipeline-master/tmp/1977401714735460022/cromwell-executions/WholeGenomeGermlineSingleSample/3d34995f-bd8e-4e1e-88c8-95f2cc6eb274/call-UnmappedBamToAlignedBam/UnmappedBamToAlignedBam/4a1c33f3-cf3d-44bd-a4eb-bf4bb8fa4c5e/call-SplitRG/shard-0/SplitLargeReadGroup/fe27c5e0-9c12-4cc7-8978-b486720a16c5/call-SamToFastqAndDragmapAndMba/shard-5/execution/docker_cid
# run as in the original configuration without --rm flag (will remove later)
docker run \
  --cidfile /mnt/nas1/projects/lasr/blendseq/warp-pipelines/warp-gatk-germline-single-sample-pipeline-master/tmp/1977401714735460022/cromwell-executions/WholeGenomeGermlineSingleSample/3d34995f-bd8e-4e1e-88c8-95f2cc6eb274/call-UnmappedBamToAlignedBam/UnmappedBamToAlignedBam/4a1c33f3-cf3d-44bd-a4eb-bf4bb8fa4c5e/call-SplitRG/shard-0/SplitLargeReadGroup/fe27c5e0-9c12-4cc7-8978-b486720a16c5/call-SamToFastqAndDragmapAndMba/shard-5/execution/docker_cid \
  -i \
  --user 1027:1028 \
  --cpus="64" \
  --memory="204800M" \
  --entrypoint /bin/bash \
  -v /mnt/nas1/projects/lasr/blendseq/warp-pipelines/warp-gatk-germline-single-sample-pipeline-master/tmp/1977401714735460022/cromwell-executions/WholeGenomeGermlineSingleSample/3d34995f-bd8e-4e1e-88c8-95f2cc6eb274/call-UnmappedBamToAlignedBam/UnmappedBamToAlignedBam/4a1c33f3-cf3d-44bd-a4eb-bf4bb8fa4c5e/call-SplitRG/shard-0/SplitLargeReadGroup/fe27c5e0-9c12-4cc7-8978-b486720a16c5/call-SamToFastqAndDragmapAndMba/shard-5:/cromwell-executions/WholeGenomeGermlineSingleSample/3d34995f-bd8e-4e1e-88c8-95f2cc6eb274/call-UnmappedBamToAlignedBam/UnmappedBamToAlignedBam/4a1c33f3-cf3d-44bd-a4eb-bf4bb8fa4c5e/call-SplitRG/shard-0/SplitLargeReadGroup/fe27c5e0-9c12-4cc7-8978-b486720a16c5/call-SamToFastqAndDragmapAndMba/shard-5 \
  us.gcr.io/broad-gotc-prod/dragmap@sha256:5964afca3e4173c33b11100f68c1a44642e0ff2ee4de5a49d8cd446fef308b23 /cromwell-executions/WholeGenomeGermlineSingleSample/3d34995f-bd8e-4e1e-88c8-95f2cc6eb274/call-UnmappedBamToAlignedBam/UnmappedBamToAlignedBam/4a1c33f3-cf3d-44bd-a4eb-bf4bb8fa4c5e/call-SplitRG/shard-0/SplitLargeReadGroup/fe27c5e0-9c12-4cc7-8978-b486720a16c5/call-SamToFastqAndDragmapAndMba/shard-5/execution/script

# get the return code (working even if the container was detached)
rc=$(docker wait [38;5;5mcat /mnt/nas1/projects/lasr/blendseq/warp-pipelines/warp-gatk-germline-single-sample-pipeline-master/tmp/1977401714735460022/cromwell-executions/WholeGenomeGermlineSingleSample/3d34995f-bd8e-4e1e-88c8-95f2cc6eb274/call-UnmappedBamToAlignedBam/UnmappedBamToAlignedBam/4a1c33f3-cf3d-44bd-a4eb-bf4bb8fa4c5e/call-SplitRG/shard-0/SplitLargeReadGroup/fe27c5e0-9c12-4cc7-8978-b486720a16c5/call-SamToFastqAndDragmapAndMba/shard-5/execution/docker_cid[0m)

# remove the container after waiting
docker rm [38;5;5mcat /mnt/nas1/projects/lasr/blendseq/warp-pipelines/warp-gatk-germline-single-sample-pipeline-master/tmp/1977401714735460022/cromwell-executions/WholeGenomeGermlineSingleSample/3d34995f-bd8e-4e1e-88c8-95f2cc6eb274/call-UnmappedBamToAlignedBam/UnmappedBamToAlignedBam/4a1c33f3-cf3d-44bd-a4eb-bf4bb8fa4c5e/call-SplitRG/shard-0/SplitLargeReadGroup/fe27c5e0-9c12-4cc7-8978-b486720a16c5/call-SamToFastqAndDragmapAndMba/shard-5/execution/docker_cid[0m

# return exit code
exit $rc
[2025-11-29 14:58:37,70] [info] BackgroundConfigAsyncJobExecutionActor [[38;5;2mfe27c5e0[0mSplitLargeReadGroup.SamToFastqAndDragmapAndMba:5:1]: job id: 244434
[2025-11-29 14:58:37,70] [info] BackgroundConfigAsyncJobExecutionActor [[38;5;2mfe27c5e0[0mSplitLargeReadGroup.SamToFastqAndDragmapAndMba:5:1]: Status change from - to WaitingForReturnCode
[2025-11-29 14:59:24,70] [info] BackgroundConfigAsyncJobExecutionActor [[38;5;2mfe27c5e0[0mSplitLargeReadGroup.SamToFastqAndDragmapAndMba:5:1]: Status change from WaitingForReturnCode to Done
[2025-11-29 14:59:27,78] [info] Assigned new job execution tokens to the following groups: 3d34995f: 1
[2025-11-29 14:59:27,80] [[38;5;220mwarn[0m] BackgroundConfigAsyncJobExecutionActor [[38;5;2mfe27c5e0[0mSplitLargeReadGroup.SamToFastqAndDragmapAndMba:15:1]: Unrecognized runtime attribute keys: preemptible, disks, cpu, memory
[2025-11-29 14:59:38,13] [info] BackgroundConfigAsyncJobExecutionActor [[38;5;2mfe27c5e0[0mSplitLargeReadGroup.SamToFastqAndDragmapAndMba:15:1]: [38;5;5mset -euxo pipefail

DRAGMAP_VERSION=$(dragen-os --version)

if [ -z ${DRAGMAP_VERSION} ]; then
    exit 1;
fi

mkdir dragen_reference
mv /cromwell-executions/WholeGenomeGermlineSingleSample/3d34995f-bd8e-4e1e-88c8-95f2cc6eb274/call-UnmappedBamToAlignedBam/UnmappedBamToAlignedBam/4a1c33f3-cf3d-44bd-a4eb-bf4bb8fa4c5e/call-SplitRG/shard-0/SplitLargeReadGroup/fe27c5e0-9c12-4cc7-8978-b486720a16c5/call-SamToFastqAndDragmapAndMba/shard-15/inputs/-1290198700/reference.bin /cromwell-executions/WholeGenomeGermlineSingleSample/3d34995f-bd8e-4e1e-88c8-95f2cc6eb274/call-UnmappedBamToAlignedBam/UnmappedBamToAlignedBam/4a1c33f3-cf3d-44bd-a4eb-bf4bb8fa4c5e/call-SplitRG/shard-0/SplitLargeReadGroup/fe27c5e0-9c12-4cc7-8978-b486720a16c5/call-SamToFastqAndDragmapAndMba/shard-15/inputs/-1290198700/hash_table.cfg.bin /cromwell-executions/WholeGenomeGermlineSingleSample/3d34995f-bd8e-4e1e-88c8-95f2cc6eb274/call-UnmappedBamToAlignedBam/UnmappedBamToAlignedBam/4a1c33f3-cf3d-44bd-a4eb-bf4bb8fa4c5e/call-SplitRG/shard-0/SplitLargeReadGroup/fe27c5e0-9c12-4cc7-8978-b486720a16c5/call-SamToFastqAndDragmapAndMba/shard-15/inputs/-1290198700/hash_table.cmp dragen_reference

dragen-os -b /cromwell-executions/WholeGenomeGermlineSingleSample/3d34995f-bd8e-4e1e-88c8-95f2cc6eb274/call-UnmappedBamToAlignedBam/UnmappedBamToAlignedBam/4a1c33f3-cf3d-44bd-a4eb-bf4bb8fa4c5e/call-SplitRG/shard-0/SplitLargeReadGroup/fe27c5e0-9c12-4cc7-8978-b486720a16c5/call-SamToFastqAndDragmapAndMba/shard-15/inputs/-1047237686/shard_0016.bam -r dragen_reference --interleaved=1 --preserve-map-align-order true 2> >(tee shard_0016.dragmap.stderr.log >&2) | samtools view -h -O BAM - > aligned.bam
java -Dsamjdk.compression_level=2 -Xms1000m -Xmx1000m -jar /picard/picard.jar \
  MergeBamAlignment \
  VALIDATION_STRINGENCY=SILENT \
  EXPECTED_ORIENTATIONS=FR \
  ATTRIBUTES_TO_RETAIN=X0 \
  ATTRIBUTES_TO_REMOVE=RG \
  ATTRIBUTES_TO_REMOVE=NM \
  ATTRIBUTES_TO_REMOVE=MD \
  ALIGNED_BAM=aligned.bam \
  UNMAPPED_BAM=/cromwell-executions/WholeGenomeGermlineSingleSample/3d34995f-bd8e-4e1e-88c8-95f2cc6eb274/call-UnmappedBamToAlignedBam/UnmappedBamToAlignedBam/4a1c33f3-cf3d-44bd-a4eb-bf4bb8fa4c5e/call-SplitRG/shard-0/SplitLargeReadGroup/fe27c5e0-9c12-4cc7-8978-b486720a16c5/call-SamToFastqAndDragmapAndMba/shard-15/inputs/-1047237686/shard_0016.bam \
  OUTPUT=shard_0016.bam \
  REFERENCE_SEQUENCE=/cromwell-executions/WholeGenomeGermlineSingleSample/3d34995f-bd8e-4e1e-88c8-95f2cc6eb274/call-UnmappedBamToAlignedBam/UnmappedBamToAlignedBam/4a1c33f3-cf3d-44bd-a4eb-bf4bb8fa4c5e/call-SplitRG/shard-0/SplitLargeReadGroup/fe27c5e0-9c12-4cc7-8978-b486720a16c5/call-SamToFastqAndDragmapAndMba/shard-15/inputs/-1569105944/Homo_sapiens_assembly38_masked.fasta \
  PAIRED_RUN=true \
  SORT_ORDER="unsorted" \
  IS_BISULFITE_SEQUENCE=false \
  ALIGNED_READS_ONLY=false \
  CLIP_ADAPTERS=false \
   \
   \
  MAX_RECORDS_IN_RAM=2000000 \
  ADD_MATE_CIGAR=true \
  MAX_INSERTIONS_OR_DELETIONS=-1 \
  PRIMARY_ALIGNMENT_STRATEGY=MostDistant \
  PROGRAM_RECORD_ID="dragen-os" \
  PROGRAM_GROUP_VERSION="${DRAGMAP_VERSION}" \
  PROGRAM_GROUP_COMMAND_LINE="dragen-os -b /cromwell-executions/WholeGenomeGermlineSingleSample/3d34995f-bd8e-4e1e-88c8-95f2cc6eb274/call-UnmappedBamToAlignedBam/UnmappedBamToAlignedBam/4a1c33f3-cf3d-44bd-a4eb-bf4bb8fa4c5e/call-SplitRG/shard-0/SplitLargeReadGroup/fe27c5e0-9c12-4cc7-8978-b486720a16c5/call-SamToFastqAndDragmapAndMba/shard-15/inputs/-1047237686/shard_0016.bam -r dragen_reference --interleaved=1" \
  PROGRAM_GROUP_NAME="dragen-os" \
  UNMAPPED_READ_STRATEGY=COPY_TO_TAG \
  ALIGNER_PROPER_PAIR_FLAGS=true \
  UNMAP_CONTAMINANT_READS=true \
  ADD_PG_TAG_TO_READS=false[0m
[2025-11-29 14:59:38,14] [info] BackgroundConfigAsyncJobExecutionActor [[38;5;2mfe27c5e0[0mSplitLargeReadGroup.SamToFastqAndDragmapAndMba:15:1]: executing: # make sure there is no preexisting Docker CID file
rm -f /mnt/nas1/projects/lasr/blendseq/warp-pipelines/warp-gatk-germline-single-sample-pipeline-master/tmp/1977401714735460022/cromwell-executions/WholeGenomeGermlineSingleSample/3d34995f-bd8e-4e1e-88c8-95f2cc6eb274/call-UnmappedBamToAlignedBam/UnmappedBamToAlignedBam/4a1c33f3-cf3d-44bd-a4eb-bf4bb8fa4c5e/call-SplitRG/shard-0/SplitLargeReadGroup/fe27c5e0-9c12-4cc7-8978-b486720a16c5/call-SamToFastqAndDragmapAndMba/shard-15/execution/docker_cid
# run as in the original configuration without --rm flag (will remove later)
docker run \
  --cidfile /mnt/nas1/projects/lasr/blendseq/warp-pipelines/warp-gatk-germline-single-sample-pipeline-master/tmp/1977401714735460022/cromwell-executions/WholeGenomeGermlineSingleSample/3d34995f-bd8e-4e1e-88c8-95f2cc6eb274/call-UnmappedBamToAlignedBam/UnmappedBamToAlignedBam/4a1c33f3-cf3d-44bd-a4eb-bf4bb8fa4c5e/call-SplitRG/shard-0/SplitLargeReadGroup/fe27c5e0-9c12-4cc7-8978-b486720a16c5/call-SamToFastqAndDragmapAndMba/shard-15/execution/docker_cid \
  -i \
  --user 1027:1028 \
  --cpus="64" \
  --memory="204800M" \
  --entrypoint /bin/bash \
  -v /mnt/nas1/projects/lasr/blendseq/warp-pipelines/warp-gatk-germline-single-sample-pipeline-master/tmp/1977401714735460022/cromwell-executions/WholeGenomeGermlineSingleSample/3d34995f-bd8e-4e1e-88c8-95f2cc6eb274/call-UnmappedBamToAlignedBam/UnmappedBamToAlignedBam/4a1c33f3-cf3d-44bd-a4eb-bf4bb8fa4c5e/call-SplitRG/shard-0/SplitLargeReadGroup/fe27c5e0-9c12-4cc7-8978-b486720a16c5/call-SamToFastqAndDragmapAndMba/shard-15:/cromwell-executions/WholeGenomeGermlineSingleSample/3d34995f-bd8e-4e1e-88c8-95f2cc6eb274/call-UnmappedBamToAlignedBam/UnmappedBamToAlignedBam/4a1c33f3-cf3d-44bd-a4eb-bf4bb8fa4c5e/call-SplitRG/shard-0/SplitLargeReadGroup/fe27c5e0-9c12-4cc7-8978-b486720a16c5/call-SamToFastqAndDragmapAndMba/shard-15 \
  us.gcr.io/broad-gotc-prod/dragmap@sha256:5964afca3e4173c33b11100f68c1a44642e0ff2ee4de5a49d8cd446fef308b23 /cromwell-executions/WholeGenomeGermlineSingleSample/3d34995f-bd8e-4e1e-88c8-95f2cc6eb274/call-UnmappedBamToAlignedBam/UnmappedBamToAlignedBam/4a1c33f3-cf3d-44bd-a4eb-bf4bb8fa4c5e/call-SplitRG/shard-0/SplitLargeReadGroup/fe27c5e0-9c12-4cc7-8978-b486720a16c5/call-SamToFastqAndDragmapAndMba/shard-15/execution/script

# get the return code (working even if the container was detached)
rc=$(docker wait [38;5;5mcat /mnt/nas1/projects/lasr/blendseq/warp-pipelines/warp-gatk-germline-single-sample-pipeline-master/tmp/1977401714735460022/cromwell-executions/WholeGenomeGermlineSingleSample/3d34995f-bd8e-4e1e-88c8-95f2cc6eb274/call-UnmappedBamToAlignedBam/UnmappedBamToAlignedBam/4a1c33f3-cf3d-44bd-a4eb-bf4bb8fa4c5e/call-SplitRG/shard-0/SplitLargeReadGroup/fe27c5e0-9c12-4cc7-8978-b486720a16c5/call-SamToFastqAndDragmapAndMba/shard-15/execution/docker_cid[0m)

# remove the container after waiting
docker rm [38;5;5mcat /mnt/nas1/projects/lasr/blendseq/warp-pipelines/warp-gatk-germline-single-sample-pipeline-master/tmp/1977401714735460022/cromwell-executions/WholeGenomeGermlineSingleSample/3d34995f-bd8e-4e1e-88c8-95f2cc6eb274/call-UnmappedBamToAlignedBam/UnmappedBamToAlignedBam/4a1c33f3-cf3d-44bd-a4eb-bf4bb8fa4c5e/call-SplitRG/shard-0/SplitLargeReadGroup/fe27c5e0-9c12-4cc7-8978-b486720a16c5/call-SamToFastqAndDragmapAndMba/shard-15/execution/docker_cid[0m

# return exit code
exit $rc
[2025-11-29 14:59:42,70] [info] BackgroundConfigAsyncJobExecutionActor [[38;5;2mfe27c5e0[0mSplitLargeReadGroup.SamToFastqAndDragmapAndMba:15:1]: job id: 245044
[2025-11-29 14:59:42,70] [info] BackgroundConfigAsyncJobExecutionActor [[38;5;2mfe27c5e0[0mSplitLargeReadGroup.SamToFastqAndDragmapAndMba:15:1]: Status change from - to WaitingForReturnCode
[2025-11-29 15:00:20,52] [info] BackgroundConfigAsyncJobExecutionActor [[38;5;2mfe27c5e0[0mSplitLargeReadGroup.SamToFastqAndDragmapAndMba:15:1]: Status change from WaitingForReturnCode to Done
[2025-11-29 15:00:27,78] [info] Assigned new job execution tokens to the following groups: 3d34995f: 1
[2025-11-29 15:00:27,81] [[38;5;220mwarn[0m] BackgroundConfigAsyncJobExecutionActor [[38;5;2mfe27c5e0[0mSplitLargeReadGroup.SamToFastqAndDragmapAndMba:14:1]: Unrecognized runtime attribute keys: preemptible, disks, cpu, memory
[2025-11-29 15:00:37,45] [info] BackgroundConfigAsyncJobExecutionActor [[38;5;2mfe27c5e0[0mSplitLargeReadGroup.SamToFastqAndDragmapAndMba:14:1]: [38;5;5mset -euxo pipefail

DRAGMAP_VERSION=$(dragen-os --version)

if [ -z ${DRAGMAP_VERSION} ]; then
    exit 1;
fi

mkdir dragen_reference
mv /cromwell-executions/WholeGenomeGermlineSingleSample/3d34995f-bd8e-4e1e-88c8-95f2cc6eb274/call-UnmappedBamToAlignedBam/UnmappedBamToAlignedBam/4a1c33f3-cf3d-44bd-a4eb-bf4bb8fa4c5e/call-SplitRG/shard-0/SplitLargeReadGroup/fe27c5e0-9c12-4cc7-8978-b486720a16c5/call-SamToFastqAndDragmapAndMba/shard-14/inputs/-1290198700/reference.bin /cromwell-executions/WholeGenomeGermlineSingleSample/3d34995f-bd8e-4e1e-88c8-95f2cc6eb274/call-UnmappedBamToAlignedBam/UnmappedBamToAlignedBam/4a1c33f3-cf3d-44bd-a4eb-bf4bb8fa4c5e/call-SplitRG/shard-0/SplitLargeReadGroup/fe27c5e0-9c12-4cc7-8978-b486720a16c5/call-SamToFastqAndDragmapAndMba/shard-14/inputs/-1290198700/hash_table.cfg.bin /cromwell-executions/WholeGenomeGermlineSingleSample/3d34995f-bd8e-4e1e-88c8-95f2cc6eb274/call-UnmappedBamToAlignedBam/UnmappedBamToAlignedBam/4a1c33f3-cf3d-44bd-a4eb-bf4bb8fa4c5e/call-SplitRG/shard-0/SplitLargeReadGroup/fe27c5e0-9c12-4cc7-8978-b486720a16c5/call-SamToFastqAndDragmapAndMba/shard-14/inputs/-1290198700/hash_table.cmp dragen_reference

dragen-os -b /cromwell-executions/WholeGenomeGermlineSingleSample/3d34995f-bd8e-4e1e-88c8-95f2cc6eb274/call-UnmappedBamToAlignedBam/UnmappedBamToAlignedBam/4a1c33f3-cf3d-44bd-a4eb-bf4bb8fa4c5e/call-SplitRG/shard-0/SplitLargeReadGroup/fe27c5e0-9c12-4cc7-8978-b486720a16c5/call-SamToFastqAndDragmapAndMba/shard-14/inputs/-1047237686/shard_0015.bam -r dragen_reference --interleaved=1 --preserve-map-align-order true 2> >(tee shard_0015.dragmap.stderr.log >&2) | samtools view -h -O BAM - > aligned.bam
java -Dsamjdk.compression_level=2 -Xms1000m -Xmx1000m -jar /picard/picard.jar \
  MergeBamAlignment \
  VALIDATION_STRINGENCY=SILENT \
  EXPECTED_ORIENTATIONS=FR \
  ATTRIBUTES_TO_RETAIN=X0 \
  ATTRIBUTES_TO_REMOVE=RG \
  ATTRIBUTES_TO_REMOVE=NM \
  ATTRIBUTES_TO_REMOVE=MD \
  ALIGNED_BAM=aligned.bam \
  UNMAPPED_BAM=/cromwell-executions/WholeGenomeGermlineSingleSample/3d34995f-bd8e-4e1e-88c8-95f2cc6eb274/call-UnmappedBamToAlignedBam/UnmappedBamToAlignedBam/4a1c33f3-cf3d-44bd-a4eb-bf4bb8fa4c5e/call-SplitRG/shard-0/SplitLargeReadGroup/fe27c5e0-9c12-4cc7-8978-b486720a16c5/call-SamToFastqAndDragmapAndMba/shard-14/inputs/-1047237686/shard_0015.bam \
  OUTPUT=shard_0015.bam \
  REFERENCE_SEQUENCE=/cromwell-executions/WholeGenomeGermlineSingleSample/3d34995f-bd8e-4e1e-88c8-95f2cc6eb274/call-UnmappedBamToAlignedBam/UnmappedBamToAlignedBam/4a1c33f3-cf3d-44bd-a4eb-bf4bb8fa4c5e/call-SplitRG/shard-0/SplitLargeReadGroup/fe27c5e0-9c12-4cc7-8978-b486720a16c5/call-SamToFastqAndDragmapAndMba/shard-14/inputs/-1569105944/Homo_sapiens_assembly38_masked.fasta \
  PAIRED_RUN=true \
  SORT_ORDER="unsorted" \
  IS_BISULFITE_SEQUENCE=false \
  ALIGNED_READS_ONLY=false \
  CLIP_ADAPTERS=false \
   \
   \
  MAX_RECORDS_IN_RAM=2000000 \
  ADD_MATE_CIGAR=true \
  MAX_INSERTIONS_OR_DELETIONS=-1 \
  PRIMARY_ALIGNMENT_STRATEGY=MostDistant \
  PROGRAM_RECORD_ID="dragen-os" \
  PROGRAM_GROUP_VERSION="${DRAGMAP_VERSION}" \
  PROGRAM_GROUP_COMMAND_LINE="dragen-os -b /cromwell-executions/WholeGenomeGermlineSingleSample/3d34995f-bd8e-4e1e-88c8-95f2cc6eb274/call-UnmappedBamToAlignedBam/UnmappedBamToAlignedBam/4a1c33f3-cf3d-44bd-a4eb-bf4bb8fa4c5e/call-SplitRG/shard-0/SplitLargeReadGroup/fe27c5e0-9c12-4cc7-8978-b486720a16c5/call-SamToFastqAndDragmapAndMba/shard-14/inputs/-1047237686/shard_0015.bam -r dragen_reference --interleaved=1" \
  PROGRAM_GROUP_NAME="dragen-os" \
  UNMAPPED_READ_STRATEGY=COPY_TO_TAG \
  ALIGNER_PROPER_PAIR_FLAGS=true \
  UNMAP_CONTAMINANT_READS=true \
  ADD_PG_TAG_TO_READS=false[0m
[2025-11-29 15:00:37,46] [info] BackgroundConfigAsyncJobExecutionActor [[38;5;2mfe27c5e0[0mSplitLargeReadGroup.SamToFastqAndDragmapAndMba:14:1]: executing: # make sure there is no preexisting Docker CID file
rm -f /mnt/nas1/projects/lasr/blendseq/warp-pipelines/warp-gatk-germline-single-sample-pipeline-master/tmp/1977401714735460022/cromwell-executions/WholeGenomeGermlineSingleSample/3d34995f-bd8e-4e1e-88c8-95f2cc6eb274/call-UnmappedBamToAlignedBam/UnmappedBamToAlignedBam/4a1c33f3-cf3d-44bd-a4eb-bf4bb8fa4c5e/call-SplitRG/shard-0/SplitLargeReadGroup/fe27c5e0-9c12-4cc7-8978-b486720a16c5/call-SamToFastqAndDragmapAndMba/shard-14/execution/docker_cid
# run as in the original configuration without --rm flag (will remove later)
docker run \
  --cidfile /mnt/nas1/projects/lasr/blendseq/warp-pipelines/warp-gatk-germline-single-sample-pipeline-master/tmp/1977401714735460022/cromwell-executions/WholeGenomeGermlineSingleSample/3d34995f-bd8e-4e1e-88c8-95f2cc6eb274/call-UnmappedBamToAlignedBam/UnmappedBamToAlignedBam/4a1c33f3-cf3d-44bd-a4eb-bf4bb8fa4c5e/call-SplitRG/shard-0/SplitLargeReadGroup/fe27c5e0-9c12-4cc7-8978-b486720a16c5/call-SamToFastqAndDragmapAndMba/shard-14/execution/docker_cid \
  -i \
  --user 1027:1028 \
  --cpus="64" \
  --memory="204800M" \
  --entrypoint /bin/bash \
  -v /mnt/nas1/projects/lasr/blendseq/warp-pipelines/warp-gatk-germline-single-sample-pipeline-master/tmp/1977401714735460022/cromwell-executions/WholeGenomeGermlineSingleSample/3d34995f-bd8e-4e1e-88c8-95f2cc6eb274/call-UnmappedBamToAlignedBam/UnmappedBamToAlignedBam/4a1c33f3-cf3d-44bd-a4eb-bf4bb8fa4c5e/call-SplitRG/shard-0/SplitLargeReadGroup/fe27c5e0-9c12-4cc7-8978-b486720a16c5/call-SamToFastqAndDragmapAndMba/shard-14:/cromwell-executions/WholeGenomeGermlineSingleSample/3d34995f-bd8e-4e1e-88c8-95f2cc6eb274/call-UnmappedBamToAlignedBam/UnmappedBamToAlignedBam/4a1c33f3-cf3d-44bd-a4eb-bf4bb8fa4c5e/call-SplitRG/shard-0/SplitLargeReadGroup/fe27c5e0-9c12-4cc7-8978-b486720a16c5/call-SamToFastqAndDragmapAndMba/shard-14 \
  us.gcr.io/broad-gotc-prod/dragmap@sha256:5964afca3e4173c33b11100f68c1a44642e0ff2ee4de5a49d8cd446fef308b23 /cromwell-executions/WholeGenomeGermlineSingleSample/3d34995f-bd8e-4e1e-88c8-95f2cc6eb274/call-UnmappedBamToAlignedBam/UnmappedBamToAlignedBam/4a1c33f3-cf3d-44bd-a4eb-bf4bb8fa4c5e/call-SplitRG/shard-0/SplitLargeReadGroup/fe27c5e0-9c12-4cc7-8978-b486720a16c5/call-SamToFastqAndDragmapAndMba/shard-14/execution/script

# get the return code (working even if the container was detached)
rc=$(docker wait [38;5;5mcat /mnt/nas1/projects/lasr/blendseq/warp-pipelines/warp-gatk-germline-single-sample-pipeline-master/tmp/1977401714735460022/cromwell-executions/WholeGenomeGermlineSingleSample/3d34995f-bd8e-4e1e-88c8-95f2cc6eb274/call-UnmappedBamToAlignedBam/UnmappedBamToAlignedBam/4a1c33f3-cf3d-44bd-a4eb-bf4bb8fa4c5e/call-SplitRG/shard-0/SplitLargeReadGroup/fe27c5e0-9c12-4cc7-8978-b486720a16c5/call-SamToFastqAndDragmapAndMba/shard-14/execution/docker_cid[0m)

# remove the container after waiting
docker rm [38;5;5mcat /mnt/nas1/projects/lasr/blendseq/warp-pipelines/warp-gatk-germline-single-sample-pipeline-master/tmp/1977401714735460022/cromwell-executions/WholeGenomeGermlineSingleSample/3d34995f-bd8e-4e1e-88c8-95f2cc6eb274/call-UnmappedBamToAlignedBam/UnmappedBamToAlignedBam/4a1c33f3-cf3d-44bd-a4eb-bf4bb8fa4c5e/call-SplitRG/shard-0/SplitLargeReadGroup/fe27c5e0-9c12-4cc7-8978-b486720a16c5/call-SamToFastqAndDragmapAndMba/shard-14/execution/docker_cid[0m

# return exit code
exit $rc
[2025-11-29 15:00:37,70] [info] BackgroundConfigAsyncJobExecutionActor [[38;5;2mfe27c5e0[0mSplitLargeReadGroup.SamToFastqAndDragmapAndMba:14:1]: job id: 245664
[2025-11-29 15:00:37,70] [info] BackgroundConfigAsyncJobExecutionActor [[38;5;2mfe27c5e0[0mSplitLargeReadGroup.SamToFastqAndDragmapAndMba:14:1]: Status change from - to WaitingForReturnCode
[2025-11-29 15:01:26,35] [info] BackgroundConfigAsyncJobExecutionActor [[38;5;2mfe27c5e0[0mSplitLargeReadGroup.SamToFastqAndDragmapAndMba:14:1]: Status change from WaitingForReturnCode to Done
[2025-11-29 15:01:27,78] [info] Assigned new job execution tokens to the following groups: 3d34995f: 1
[2025-11-29 15:01:27,82] [[38;5;220mwarn[0m] BackgroundConfigAsyncJobExecutionActor [[38;5;2mfe27c5e0[0mSplitLargeReadGroup.SamToFastqAndDragmapAndMba:28:1]: Unrecognized runtime attribute keys: preemptible, disks, cpu, memory
[2025-11-29 15:01:38,12] [info] BackgroundConfigAsyncJobExecutionActor [[38;5;2mfe27c5e0[0mSplitLargeReadGroup.SamToFastqAndDragmapAndMba:28:1]: [38;5;5mset -euxo pipefail

DRAGMAP_VERSION=$(dragen-os --version)

if [ -z ${DRAGMAP_VERSION} ]; then
    exit 1;
fi

mkdir dragen_reference
mv /cromwell-executions/WholeGenomeGermlineSingleSample/3d34995f-bd8e-4e1e-88c8-95f2cc6eb274/call-UnmappedBamToAlignedBam/UnmappedBamToAlignedBam/4a1c33f3-cf3d-44bd-a4eb-bf4bb8fa4c5e/call-SplitRG/shard-0/SplitLargeReadGroup/fe27c5e0-9c12-4cc7-8978-b486720a16c5/call-SamToFastqAndDragmapAndMba/shard-28/inputs/-1290198700/reference.bin /cromwell-executions/WholeGenomeGermlineSingleSample/3d34995f-bd8e-4e1e-88c8-95f2cc6eb274/call-UnmappedBamToAlignedBam/UnmappedBamToAlignedBam/4a1c33f3-cf3d-44bd-a4eb-bf4bb8fa4c5e/call-SplitRG/shard-0/SplitLargeReadGroup/fe27c5e0-9c12-4cc7-8978-b486720a16c5/call-SamToFastqAndDragmapAndMba/shard-28/inputs/-1290198700/hash_table.cfg.bin /cromwell-executions/WholeGenomeGermlineSingleSample/3d34995f-bd8e-4e1e-88c8-95f2cc6eb274/call-UnmappedBamToAlignedBam/UnmappedBamToAlignedBam/4a1c33f3-cf3d-44bd-a4eb-bf4bb8fa4c5e/call-SplitRG/shard-0/SplitLargeReadGroup/fe27c5e0-9c12-4cc7-8978-b486720a16c5/call-SamToFastqAndDragmapAndMba/shard-28/inputs/-1290198700/hash_table.cmp dragen_reference

dragen-os -b /cromwell-executions/WholeGenomeGermlineSingleSample/3d34995f-bd8e-4e1e-88c8-95f2cc6eb274/call-UnmappedBamToAlignedBam/UnmappedBamToAlignedBam/4a1c33f3-cf3d-44bd-a4eb-bf4bb8fa4c5e/call-SplitRG/shard-0/SplitLargeReadGroup/fe27c5e0-9c12-4cc7-8978-b486720a16c5/call-SamToFastqAndDragmapAndMba/shard-28/inputs/-1047237686/shard_0029.bam -r dragen_reference --interleaved=1 --preserve-map-align-order true 2> >(tee shard_0029.dragmap.stderr.log >&2) | samtools view -h -O BAM - > aligned.bam
java -Dsamjdk.compression_level=2 -Xms1000m -Xmx1000m -jar /picard/picard.jar \
  MergeBamAlignment \
  VALIDATION_STRINGENCY=SILENT \
  EXPECTED_ORIENTATIONS=FR \
  ATTRIBUTES_TO_RETAIN=X0 \
  ATTRIBUTES_TO_REMOVE=RG \
  ATTRIBUTES_TO_REMOVE=NM \
  ATTRIBUTES_TO_REMOVE=MD \
  ALIGNED_BAM=aligned.bam \
  UNMAPPED_BAM=/cromwell-executions/WholeGenomeGermlineSingleSample/3d34995f-bd8e-4e1e-88c8-95f2cc6eb274/call-UnmappedBamToAlignedBam/UnmappedBamToAlignedBam/4a1c33f3-cf3d-44bd-a4eb-bf4bb8fa4c5e/call-SplitRG/shard-0/SplitLargeReadGroup/fe27c5e0-9c12-4cc7-8978-b486720a16c5/call-SamToFastqAndDragmapAndMba/shard-28/inputs/-1047237686/shard_0029.bam \
  OUTPUT=shard_0029.bam \
  REFERENCE_SEQUENCE=/cromwell-executions/WholeGenomeGermlineSingleSample/3d34995f-bd8e-4e1e-88c8-95f2cc6eb274/call-UnmappedBamToAlignedBam/UnmappedBamToAlignedBam/4a1c33f3-cf3d-44bd-a4eb-bf4bb8fa4c5e/call-SplitRG/shard-0/SplitLargeReadGroup/fe27c5e0-9c12-4cc7-8978-b486720a16c5/call-SamToFastqAndDragmapAndMba/shard-28/inputs/-1569105944/Homo_sapiens_assembly38_masked.fasta \
  PAIRED_RUN=true \
  SORT_ORDER="unsorted" \
  IS_BISULFITE_SEQUENCE=false \
  ALIGNED_READS_ONLY=false \
  CLIP_ADAPTERS=false \
   \
   \
  MAX_RECORDS_IN_RAM=2000000 \
  ADD_MATE_CIGAR=true \
  MAX_INSERTIONS_OR_DELETIONS=-1 \
  PRIMARY_ALIGNMENT_STRATEGY=MostDistant \
  PROGRAM_RECORD_ID="dragen-os" \
  PROGRAM_GROUP_VERSION="${DRAGMAP_VERSION}" \
  PROGRAM_GROUP_COMMAND_LINE="dragen-os -b /cromwell-executions/WholeGenomeGermlineSingleSample/3d34995f-bd8e-4e1e-88c8-95f2cc6eb274/call-UnmappedBamToAlignedBam/UnmappedBamToAlignedBam/4a1c33f3-cf3d-44bd-a4eb-bf4bb8fa4c5e/call-SplitRG/shard-0/SplitLargeReadGroup/fe27c5e0-9c12-4cc7-8978-b486720a16c5/call-SamToFastqAndDragmapAndMba/shard-28/inputs/-1047237686/shard_0029.bam -r dragen_reference --interleaved=1" \
  PROGRAM_GROUP_NAME="dragen-os" \
  UNMAPPED_READ_STRATEGY=COPY_TO_TAG \
  ALIGNER_PROPER_PAIR_FLAGS=true \
  UNMAP_CONTAMINANT_READS=true \
  ADD_PG_TAG_TO_READS=false[0m
[2025-11-29 15:01:38,12] [info] BackgroundConfigAsyncJobExecutionActor [[38;5;2mfe27c5e0[0mSplitLargeReadGroup.SamToFastqAndDragmapAndMba:28:1]: executing: # make sure there is no preexisting Docker CID file
rm -f /mnt/nas1/projects/lasr/blendseq/warp-pipelines/warp-gatk-germline-single-sample-pipeline-master/tmp/1977401714735460022/cromwell-executions/WholeGenomeGermlineSingleSample/3d34995f-bd8e-4e1e-88c8-95f2cc6eb274/call-UnmappedBamToAlignedBam/UnmappedBamToAlignedBam/4a1c33f3-cf3d-44bd-a4eb-bf4bb8fa4c5e/call-SplitRG/shard-0/SplitLargeReadGroup/fe27c5e0-9c12-4cc7-8978-b486720a16c5/call-SamToFastqAndDragmapAndMba/shard-28/execution/docker_cid
# run as in the original configuration without --rm flag (will remove later)
docker run \
  --cidfile /mnt/nas1/projects/lasr/blendseq/warp-pipelines/warp-gatk-germline-single-sample-pipeline-master/tmp/1977401714735460022/cromwell-executions/WholeGenomeGermlineSingleSample/3d34995f-bd8e-4e1e-88c8-95f2cc6eb274/call-UnmappedBamToAlignedBam/UnmappedBamToAlignedBam/4a1c33f3-cf3d-44bd-a4eb-bf4bb8fa4c5e/call-SplitRG/shard-0/SplitLargeReadGroup/fe27c5e0-9c12-4cc7-8978-b486720a16c5/call-SamToFastqAndDragmapAndMba/shard-28/execution/docker_cid \
  -i \
  --user 1027:1028 \
  --cpus="64" \
  --memory="204800M" \
  --entrypoint /bin/bash \
  -v /mnt/nas1/projects/lasr/blendseq/warp-pipelines/warp-gatk-germline-single-sample-pipeline-master/tmp/1977401714735460022/cromwell-executions/WholeGenomeGermlineSingleSample/3d34995f-bd8e-4e1e-88c8-95f2cc6eb274/call-UnmappedBamToAlignedBam/UnmappedBamToAlignedBam/4a1c33f3-cf3d-44bd-a4eb-bf4bb8fa4c5e/call-SplitRG/shard-0/SplitLargeReadGroup/fe27c5e0-9c12-4cc7-8978-b486720a16c5/call-SamToFastqAndDragmapAndMba/shard-28:/cromwell-executions/WholeGenomeGermlineSingleSample/3d34995f-bd8e-4e1e-88c8-95f2cc6eb274/call-UnmappedBamToAlignedBam/UnmappedBamToAlignedBam/4a1c33f3-cf3d-44bd-a4eb-bf4bb8fa4c5e/call-SplitRG/shard-0/SplitLargeReadGroup/fe27c5e0-9c12-4cc7-8978-b486720a16c5/call-SamToFastqAndDragmapAndMba/shard-28 \
  us.gcr.io/broad-gotc-prod/dragmap@sha256:5964afca3e4173c33b11100f68c1a44642e0ff2ee4de5a49d8cd446fef308b23 /cromwell-executions/WholeGenomeGermlineSingleSample/3d34995f-bd8e-4e1e-88c8-95f2cc6eb274/call-UnmappedBamToAlignedBam/UnmappedBamToAlignedBam/4a1c33f3-cf3d-44bd-a4eb-bf4bb8fa4c5e/call-SplitRG/shard-0/SplitLargeReadGroup/fe27c5e0-9c12-4cc7-8978-b486720a16c5/call-SamToFastqAndDragmapAndMba/shard-28/execution/script

# get the return code (working even if the container was detached)
rc=$(docker wait [38;5;5mcat /mnt/nas1/projects/lasr/blendseq/warp-pipelines/warp-gatk-germline-single-sample-pipeline-master/tmp/1977401714735460022/cromwell-executions/WholeGenomeGermlineSingleSample/3d34995f-bd8e-4e1e-88c8-95f2cc6eb274/call-UnmappedBamToAlignedBam/UnmappedBamToAlignedBam/4a1c33f3-cf3d-44bd-a4eb-bf4bb8fa4c5e/call-SplitRG/shard-0/SplitLargeReadGroup/fe27c5e0-9c12-4cc7-8978-b486720a16c5/call-SamToFastqAndDragmapAndMba/shard-28/execution/docker_cid[0m)

# remove the container after waiting
docker rm [38;5;5mcat /mnt/nas1/projects/lasr/blendseq/warp-pipelines/warp-gatk-germline-single-sample-pipeline-master/tmp/1977401714735460022/cromwell-executions/WholeGenomeGermlineSingleSample/3d34995f-bd8e-4e1e-88c8-95f2cc6eb274/call-UnmappedBamToAlignedBam/UnmappedBamToAlignedBam/4a1c33f3-cf3d-44bd-a4eb-bf4bb8fa4c5e/call-SplitRG/shard-0/SplitLargeReadGroup/fe27c5e0-9c12-4cc7-8978-b486720a16c5/call-SamToFastqAndDragmapAndMba/shard-28/execution/docker_cid[0m

# return exit code
exit $rc
[2025-11-29 15:01:42,70] [info] BackgroundConfigAsyncJobExecutionActor [[38;5;2mfe27c5e0[0mSplitLargeReadGroup.SamToFastqAndDragmapAndMba:28:1]: job id: 246282
[2025-11-29 15:01:42,70] [info] BackgroundConfigAsyncJobExecutionActor [[38;5;2mfe27c5e0[0mSplitLargeReadGroup.SamToFastqAndDragmapAndMba:28:1]: Status change from - to WaitingForReturnCode
[2025-11-29 15:02:57,04] [info] BackgroundConfigAsyncJobExecutionActor [[38;5;2mfe27c5e0[0mSplitLargeReadGroup.SamToFastqAndDragmapAndMba:28:1]: Status change from WaitingForReturnCode to Done
[2025-11-29 15:02:57,78] [info] Assigned new job execution tokens to the following groups: 3d34995f: 1
[2025-11-29 15:02:57,81] [[38;5;220mwarn[0m] BackgroundConfigAsyncJobExecutionActor [[38;5;2mfe27c5e0[0mSplitLargeReadGroup.SamToFastqAndDragmapAndMba:13:1]: Unrecognized runtime attribute keys: preemptible, disks, cpu, memory
[2025-11-29 15:03:07,12] [info] BackgroundConfigAsyncJobExecutionActor [[38;5;2mfe27c5e0[0mSplitLargeReadGroup.SamToFastqAndDragmapAndMba:13:1]: [38;5;5mset -euxo pipefail

DRAGMAP_VERSION=$(dragen-os --version)

if [ -z ${DRAGMAP_VERSION} ]; then
    exit 1;
fi

mkdir dragen_reference
mv /cromwell-executions/WholeGenomeGermlineSingleSample/3d34995f-bd8e-4e1e-88c8-95f2cc6eb274/call-UnmappedBamToAlignedBam/UnmappedBamToAlignedBam/4a1c33f3-cf3d-44bd-a4eb-bf4bb8fa4c5e/call-SplitRG/shard-0/SplitLargeReadGroup/fe27c5e0-9c12-4cc7-8978-b486720a16c5/call-SamToFastqAndDragmapAndMba/shard-13/inputs/-1290198700/reference.bin /cromwell-executions/WholeGenomeGermlineSingleSample/3d34995f-bd8e-4e1e-88c8-95f2cc6eb274/call-UnmappedBamToAlignedBam/UnmappedBamToAlignedBam/4a1c33f3-cf3d-44bd-a4eb-bf4bb8fa4c5e/call-SplitRG/shard-0/SplitLargeReadGroup/fe27c5e0-9c12-4cc7-8978-b486720a16c5/call-SamToFastqAndDragmapAndMba/shard-13/inputs/-1290198700/hash_table.cfg.bin /cromwell-executions/WholeGenomeGermlineSingleSample/3d34995f-bd8e-4e1e-88c8-95f2cc6eb274/call-UnmappedBamToAlignedBam/UnmappedBamToAlignedBam/4a1c33f3-cf3d-44bd-a4eb-bf4bb8fa4c5e/call-SplitRG/shard-0/SplitLargeReadGroup/fe27c5e0-9c12-4cc7-8978-b486720a16c5/call-SamToFastqAndDragmapAndMba/shard-13/inputs/-1290198700/hash_table.cmp dragen_reference

dragen-os -b /cromwell-executions/WholeGenomeGermlineSingleSample/3d34995f-bd8e-4e1e-88c8-95f2cc6eb274/call-UnmappedBamToAlignedBam/UnmappedBamToAlignedBam/4a1c33f3-cf3d-44bd-a4eb-bf4bb8fa4c5e/call-SplitRG/shard-0/SplitLargeReadGroup/fe27c5e0-9c12-4cc7-8978-b486720a16c5/call-SamToFastqAndDragmapAndMba/shard-13/inputs/-1047237686/shard_0014.bam -r dragen_reference --interleaved=1 --preserve-map-align-order true 2> >(tee shard_0014.dragmap.stderr.log >&2) | samtools view -h -O BAM - > aligned.bam
java -Dsamjdk.compression_level=2 -Xms1000m -Xmx1000m -jar /picard/picard.jar \
  MergeBamAlignment \
  VALIDATION_STRINGENCY=SILENT \
  EXPECTED_ORIENTATIONS=FR \
  ATTRIBUTES_TO_RETAIN=X0 \
  ATTRIBUTES_TO_REMOVE=RG \
  ATTRIBUTES_TO_REMOVE=NM \
  ATTRIBUTES_TO_REMOVE=MD \
  ALIGNED_BAM=aligned.bam \
  UNMAPPED_BAM=/cromwell-executions/WholeGenomeGermlineSingleSample/3d34995f-bd8e-4e1e-88c8-95f2cc6eb274/call-UnmappedBamToAlignedBam/UnmappedBamToAlignedBam/4a1c33f3-cf3d-44bd-a4eb-bf4bb8fa4c5e/call-SplitRG/shard-0/SplitLargeReadGroup/fe27c5e0-9c12-4cc7-8978-b486720a16c5/call-SamToFastqAndDragmapAndMba/shard-13/inputs/-1047237686/shard_0014.bam \
  OUTPUT=shard_0014.bam \
  REFERENCE_SEQUENCE=/cromwell-executions/WholeGenomeGermlineSingleSample/3d34995f-bd8e-4e1e-88c8-95f2cc6eb274/call-UnmappedBamToAlignedBam/UnmappedBamToAlignedBam/4a1c33f3-cf3d-44bd-a4eb-bf4bb8fa4c5e/call-SplitRG/shard-0/SplitLargeReadGroup/fe27c5e0-9c12-4cc7-8978-b486720a16c5/call-SamToFastqAndDragmapAndMba/shard-13/inputs/-1569105944/Homo_sapiens_assembly38_masked.fasta \
  PAIRED_RUN=true \
  SORT_ORDER="unsorted" \
  IS_BISULFITE_SEQUENCE=false \
  ALIGNED_READS_ONLY=false \
  CLIP_ADAPTERS=false \
   \
   \
  MAX_RECORDS_IN_RAM=2000000 \
  ADD_MATE_CIGAR=true \
  MAX_INSERTIONS_OR_DELETIONS=-1 \
  PRIMARY_ALIGNMENT_STRATEGY=MostDistant \
  PROGRAM_RECORD_ID="dragen-os" \
  PROGRAM_GROUP_VERSION="${DRAGMAP_VERSION}" \
  PROGRAM_GROUP_COMMAND_LINE="dragen-os -b /cromwell-executions/WholeGenomeGermlineSingleSample/3d34995f-bd8e-4e1e-88c8-95f2cc6eb274/call-UnmappedBamToAlignedBam/UnmappedBamToAlignedBam/4a1c33f3-cf3d-44bd-a4eb-bf4bb8fa4c5e/call-SplitRG/shard-0/SplitLargeReadGroup/fe27c5e0-9c12-4cc7-8978-b486720a16c5/call-SamToFastqAndDragmapAndMba/shard-13/inputs/-1047237686/shard_0014.bam -r dragen_reference --interleaved=1" \
  PROGRAM_GROUP_NAME="dragen-os" \
  UNMAPPED_READ_STRATEGY=COPY_TO_TAG \
  ALIGNER_PROPER_PAIR_FLAGS=true \
  UNMAP_CONTAMINANT_READS=true \
  ADD_PG_TAG_TO_READS=false[0m
[2025-11-29 15:03:07,12] [info] BackgroundConfigAsyncJobExecutionActor [[38;5;2mfe27c5e0[0mSplitLargeReadGroup.SamToFastqAndDragmapAndMba:13:1]: executing: # make sure there is no preexisting Docker CID file
rm -f /mnt/nas1/projects/lasr/blendseq/warp-pipelines/warp-gatk-germline-single-sample-pipeline-master/tmp/1977401714735460022/cromwell-executions/WholeGenomeGermlineSingleSample/3d34995f-bd8e-4e1e-88c8-95f2cc6eb274/call-UnmappedBamToAlignedBam/UnmappedBamToAlignedBam/4a1c33f3-cf3d-44bd-a4eb-bf4bb8fa4c5e/call-SplitRG/shard-0/SplitLargeReadGroup/fe27c5e0-9c12-4cc7-8978-b486720a16c5/call-SamToFastqAndDragmapAndMba/shard-13/execution/docker_cid
# run as in the original configuration without --rm flag (will remove later)
docker run \
  --cidfile /mnt/nas1/projects/lasr/blendseq/warp-pipelines/warp-gatk-germline-single-sample-pipeline-master/tmp/1977401714735460022/cromwell-executions/WholeGenomeGermlineSingleSample/3d34995f-bd8e-4e1e-88c8-95f2cc6eb274/call-UnmappedBamToAlignedBam/UnmappedBamToAlignedBam/4a1c33f3-cf3d-44bd-a4eb-bf4bb8fa4c5e/call-SplitRG/shard-0/SplitLargeReadGroup/fe27c5e0-9c12-4cc7-8978-b486720a16c5/call-SamToFastqAndDragmapAndMba/shard-13/execution/docker_cid \
  -i \
  --user 1027:1028 \
  --cpus="64" \
  --memory="204800M" \
  --entrypoint /bin/bash \
  -v /mnt/nas1/projects/lasr/blendseq/warp-pipelines/warp-gatk-germline-single-sample-pipeline-master/tmp/1977401714735460022/cromwell-executions/WholeGenomeGermlineSingleSample/3d34995f-bd8e-4e1e-88c8-95f2cc6eb274/call-UnmappedBamToAlignedBam/UnmappedBamToAlignedBam/4a1c33f3-cf3d-44bd-a4eb-bf4bb8fa4c5e/call-SplitRG/shard-0/SplitLargeReadGroup/fe27c5e0-9c12-4cc7-8978-b486720a16c5/call-SamToFastqAndDragmapAndMba/shard-13:/cromwell-executions/WholeGenomeGermlineSingleSample/3d34995f-bd8e-4e1e-88c8-95f2cc6eb274/call-UnmappedBamToAlignedBam/UnmappedBamToAlignedBam/4a1c33f3-cf3d-44bd-a4eb-bf4bb8fa4c5e/call-SplitRG/shard-0/SplitLargeReadGroup/fe27c5e0-9c12-4cc7-8978-b486720a16c5/call-SamToFastqAndDragmapAndMba/shard-13 \
  us.gcr.io/broad-gotc-prod/dragmap@sha256:5964afca3e4173c33b11100f68c1a44642e0ff2ee4de5a49d8cd446fef308b23 /cromwell-executions/WholeGenomeGermlineSingleSample/3d34995f-bd8e-4e1e-88c8-95f2cc6eb274/call-UnmappedBamToAlignedBam/UnmappedBamToAlignedBam/4a1c33f3-cf3d-44bd-a4eb-bf4bb8fa4c5e/call-SplitRG/shard-0/SplitLargeReadGroup/fe27c5e0-9c12-4cc7-8978-b486720a16c5/call-SamToFastqAndDragmapAndMba/shard-13/execution/script

# get the return code (working even if the container was detached)
rc=$(docker wait [38;5;5mcat /mnt/nas1/projects/lasr/blendseq/warp-pipelines/warp-gatk-germline-single-sample-pipeline-master/tmp/1977401714735460022/cromwell-executions/WholeGenomeGermlineSingleSample/3d34995f-bd8e-4e1e-88c8-95f2cc6eb274/call-UnmappedBamToAlignedBam/UnmappedBamToAlignedBam/4a1c33f3-cf3d-44bd-a4eb-bf4bb8fa4c5e/call-SplitRG/shard-0/SplitLargeReadGroup/fe27c5e0-9c12-4cc7-8978-b486720a16c5/call-SamToFastqAndDragmapAndMba/shard-13/execution/docker_cid[0m)

# remove the container after waiting
docker rm [38;5;5mcat /mnt/nas1/projects/lasr/blendseq/warp-pipelines/warp-gatk-germline-single-sample-pipeline-master/tmp/1977401714735460022/cromwell-executions/WholeGenomeGermlineSingleSample/3d34995f-bd8e-4e1e-88c8-95f2cc6eb274/call-UnmappedBamToAlignedBam/UnmappedBamToAlignedBam/4a1c33f3-cf3d-44bd-a4eb-bf4bb8fa4c5e/call-SplitRG/shard-0/SplitLargeReadGroup/fe27c5e0-9c12-4cc7-8978-b486720a16c5/call-SamToFastqAndDragmapAndMba/shard-13/execution/docker_cid[0m

# return exit code
exit $rc
[2025-11-29 15:03:07,70] [info] BackgroundConfigAsyncJobExecutionActor [[38;5;2mfe27c5e0[0mSplitLargeReadGroup.SamToFastqAndDragmapAndMba:13:1]: job id: 246890
[2025-11-29 15:03:07,70] [info] BackgroundConfigAsyncJobExecutionActor [[38;5;2mfe27c5e0[0mSplitLargeReadGroup.SamToFastqAndDragmapAndMba:13:1]: Status change from - to WaitingForReturnCode
[2025-11-29 15:03:57,02] [info] BackgroundConfigAsyncJobExecutionActor [[38;5;2mfe27c5e0[0mSplitLargeReadGroup.SamToFastqAndDragmapAndMba:13:1]: Status change from WaitingForReturnCode to Done
[2025-11-29 15:03:57,78] [info] Assigned new job execution tokens to the following groups: 3d34995f: 1
[2025-11-29 15:03:57,80] [[38;5;220mwarn[0m] BackgroundConfigAsyncJobExecutionActor [[38;5;2mfe27c5e0[0mSplitLargeReadGroup.SamToFastqAndDragmapAndMba:3:1]: Unrecognized runtime attribute keys: preemptible, disks, cpu, memory
[2025-11-29 15:04:06,66] [info] BackgroundConfigAsyncJobExecutionActor [[38;5;2mfe27c5e0[0mSplitLargeReadGroup.SamToFastqAndDragmapAndMba:3:1]: [38;5;5mset -euxo pipefail

DRAGMAP_VERSION=$(dragen-os --version)

if [ -z ${DRAGMAP_VERSION} ]; then
    exit 1;
fi

mkdir dragen_reference
mv /cromwell-executions/WholeGenomeGermlineSingleSample/3d34995f-bd8e-4e1e-88c8-95f2cc6eb274/call-UnmappedBamToAlignedBam/UnmappedBamToAlignedBam/4a1c33f3-cf3d-44bd-a4eb-bf4bb8fa4c5e/call-SplitRG/shard-0/SplitLargeReadGroup/fe27c5e0-9c12-4cc7-8978-b486720a16c5/call-SamToFastqAndDragmapAndMba/shard-3/inputs/-1290198700/reference.bin /cromwell-executions/WholeGenomeGermlineSingleSample/3d34995f-bd8e-4e1e-88c8-95f2cc6eb274/call-UnmappedBamToAlignedBam/UnmappedBamToAlignedBam/4a1c33f3-cf3d-44bd-a4eb-bf4bb8fa4c5e/call-SplitRG/shard-0/SplitLargeReadGroup/fe27c5e0-9c12-4cc7-8978-b486720a16c5/call-SamToFastqAndDragmapAndMba/shard-3/inputs/-1290198700/hash_table.cfg.bin /cromwell-executions/WholeGenomeGermlineSingleSample/3d34995f-bd8e-4e1e-88c8-95f2cc6eb274/call-UnmappedBamToAlignedBam/UnmappedBamToAlignedBam/4a1c33f3-cf3d-44bd-a4eb-bf4bb8fa4c5e/call-SplitRG/shard-0/SplitLargeReadGroup/fe27c5e0-9c12-4cc7-8978-b486720a16c5/call-SamToFastqAndDragmapAndMba/shard-3/inputs/-1290198700/hash_table.cmp dragen_reference

dragen-os -b /cromwell-executions/WholeGenomeGermlineSingleSample/3d34995f-bd8e-4e1e-88c8-95f2cc6eb274/call-UnmappedBamToAlignedBam/UnmappedBamToAlignedBam/4a1c33f3-cf3d-44bd-a4eb-bf4bb8fa4c5e/call-SplitRG/shard-0/SplitLargeReadGroup/fe27c5e0-9c12-4cc7-8978-b486720a16c5/call-SamToFastqAndDragmapAndMba/shard-3/inputs/-1047237686/shard_0004.bam -r dragen_reference --interleaved=1 --preserve-map-align-order true 2> >(tee shard_0004.dragmap.stderr.log >&2) | samtools view -h -O BAM - > aligned.bam
java -Dsamjdk.compression_level=2 -Xms1000m -Xmx1000m -jar /picard/picard.jar \
  MergeBamAlignment \
  VALIDATION_STRINGENCY=SILENT \
  EXPECTED_ORIENTATIONS=FR \
  ATTRIBUTES_TO_RETAIN=X0 \
  ATTRIBUTES_TO_REMOVE=RG \
  ATTRIBUTES_TO_REMOVE=NM \
  ATTRIBUTES_TO_REMOVE=MD \
  ALIGNED_BAM=aligned.bam \
  UNMAPPED_BAM=/cromwell-executions/WholeGenomeGermlineSingleSample/3d34995f-bd8e-4e1e-88c8-95f2cc6eb274/call-UnmappedBamToAlignedBam/UnmappedBamToAlignedBam/4a1c33f3-cf3d-44bd-a4eb-bf4bb8fa4c5e/call-SplitRG/shard-0/SplitLargeReadGroup/fe27c5e0-9c12-4cc7-8978-b486720a16c5/call-SamToFastqAndDragmapAndMba/shard-3/inputs/-1047237686/shard_0004.bam \
  OUTPUT=shard_0004.bam \
  REFERENCE_SEQUENCE=/cromwell-executions/WholeGenomeGermlineSingleSample/3d34995f-bd8e-4e1e-88c8-95f2cc6eb274/call-UnmappedBamToAlignedBam/UnmappedBamToAlignedBam/4a1c33f3-cf3d-44bd-a4eb-bf4bb8fa4c5e/call-SplitRG/shard-0/SplitLargeReadGroup/fe27c5e0-9c12-4cc7-8978-b486720a16c5/call-SamToFastqAndDragmapAndMba/shard-3/inputs/-1569105944/Homo_sapiens_assembly38_masked.fasta \
  PAIRED_RUN=true \
  SORT_ORDER="unsorted" \
  IS_BISULFITE_SEQUENCE=false \
  ALIGNED_READS_ONLY=false \
  CLIP_ADAPTERS=false \
   \
   \
  MAX_RECORDS_IN_RAM=2000000 \
  ADD_MATE_CIGAR=true \
  MAX_INSERTIONS_OR_DELETIONS=-1 \
  PRIMARY_ALIGNMENT_STRATEGY=MostDistant \
  PROGRAM_RECORD_ID="dragen-os" \
  PROGRAM_GROUP_VERSION="${DRAGMAP_VERSION}" \
  PROGRAM_GROUP_COMMAND_LINE="dragen-os -b /cromwell-executions/WholeGenomeGermlineSingleSample/3d34995f-bd8e-4e1e-88c8-95f2cc6eb274/call-UnmappedBamToAlignedBam/UnmappedBamToAlignedBam/4a1c33f3-cf3d-44bd-a4eb-bf4bb8fa4c5e/call-SplitRG/shard-0/SplitLargeReadGroup/fe27c5e0-9c12-4cc7-8978-b486720a16c5/call-SamToFastqAndDragmapAndMba/shard-3/inputs/-1047237686/shard_0004.bam -r dragen_reference --interleaved=1" \
  PROGRAM_GROUP_NAME="dragen-os" \
  UNMAPPED_READ_STRATEGY=COPY_TO_TAG \
  ALIGNER_PROPER_PAIR_FLAGS=true \
  UNMAP_CONTAMINANT_READS=true \
  ADD_PG_TAG_TO_READS=false[0m
[2025-11-29 15:04:06,66] [info] BackgroundConfigAsyncJobExecutionActor [[38;5;2mfe27c5e0[0mSplitLargeReadGroup.SamToFastqAndDragmapAndMba:3:1]: executing: # make sure there is no preexisting Docker CID file
rm -f /mnt/nas1/projects/lasr/blendseq/warp-pipelines/warp-gatk-germline-single-sample-pipeline-master/tmp/1977401714735460022/cromwell-executions/WholeGenomeGermlineSingleSample/3d34995f-bd8e-4e1e-88c8-95f2cc6eb274/call-UnmappedBamToAlignedBam/UnmappedBamToAlignedBam/4a1c33f3-cf3d-44bd-a4eb-bf4bb8fa4c5e/call-SplitRG/shard-0/SplitLargeReadGroup/fe27c5e0-9c12-4cc7-8978-b486720a16c5/call-SamToFastqAndDragmapAndMba/shard-3/execution/docker_cid
# run as in the original configuration without --rm flag (will remove later)
docker run \
  --cidfile /mnt/nas1/projects/lasr/blendseq/warp-pipelines/warp-gatk-germline-single-sample-pipeline-master/tmp/1977401714735460022/cromwell-executions/WholeGenomeGermlineSingleSample/3d34995f-bd8e-4e1e-88c8-95f2cc6eb274/call-UnmappedBamToAlignedBam/UnmappedBamToAlignedBam/4a1c33f3-cf3d-44bd-a4eb-bf4bb8fa4c5e/call-SplitRG/shard-0/SplitLargeReadGroup/fe27c5e0-9c12-4cc7-8978-b486720a16c5/call-SamToFastqAndDragmapAndMba/shard-3/execution/docker_cid \
  -i \
  --user 1027:1028 \
  --cpus="64" \
  --memory="204800M" \
  --entrypoint /bin/bash \
  -v /mnt/nas1/projects/lasr/blendseq/warp-pipelines/warp-gatk-germline-single-sample-pipeline-master/tmp/1977401714735460022/cromwell-executions/WholeGenomeGermlineSingleSample/3d34995f-bd8e-4e1e-88c8-95f2cc6eb274/call-UnmappedBamToAlignedBam/UnmappedBamToAlignedBam/4a1c33f3-cf3d-44bd-a4eb-bf4bb8fa4c5e/call-SplitRG/shard-0/SplitLargeReadGroup/fe27c5e0-9c12-4cc7-8978-b486720a16c5/call-SamToFastqAndDragmapAndMba/shard-3:/cromwell-executions/WholeGenomeGermlineSingleSample/3d34995f-bd8e-4e1e-88c8-95f2cc6eb274/call-UnmappedBamToAlignedBam/UnmappedBamToAlignedBam/4a1c33f3-cf3d-44bd-a4eb-bf4bb8fa4c5e/call-SplitRG/shard-0/SplitLargeReadGroup/fe27c5e0-9c12-4cc7-8978-b486720a16c5/call-SamToFastqAndDragmapAndMba/shard-3 \
  us.gcr.io/broad-gotc-prod/dragmap@sha256:5964afca3e4173c33b11100f68c1a44642e0ff2ee4de5a49d8cd446fef308b23 /cromwell-executions/WholeGenomeGermlineSingleSample/3d34995f-bd8e-4e1e-88c8-95f2cc6eb274/call-UnmappedBamToAlignedBam/UnmappedBamToAlignedBam/4a1c33f3-cf3d-44bd-a4eb-bf4bb8fa4c5e/call-SplitRG/shard-0/SplitLargeReadGroup/fe27c5e0-9c12-4cc7-8978-b486720a16c5/call-SamToFastqAndDragmapAndMba/shard-3/execution/script

# get the return code (working even if the container was detached)
rc=$(docker wait [38;5;5mcat /mnt/nas1/projects/lasr/blendseq/warp-pipelines/warp-gatk-germline-single-sample-pipeline-master/tmp/1977401714735460022/cromwell-executions/WholeGenomeGermlineSingleSample/3d34995f-bd8e-4e1e-88c8-95f2cc6eb274/call-UnmappedBamToAlignedBam/UnmappedBamToAlignedBam/4a1c33f3-cf3d-44bd-a4eb-bf4bb8fa4c5e/call-SplitRG/shard-0/SplitLargeReadGroup/fe27c5e0-9c12-4cc7-8978-b486720a16c5/call-SamToFastqAndDragmapAndMba/shard-3/execution/docker_cid[0m)

# remove the container after waiting
docker rm [38;5;5mcat /mnt/nas1/projects/lasr/blendseq/warp-pipelines/warp-gatk-germline-single-sample-pipeline-master/tmp/1977401714735460022/cromwell-executions/WholeGenomeGermlineSingleSample/3d34995f-bd8e-4e1e-88c8-95f2cc6eb274/call-UnmappedBamToAlignedBam/UnmappedBamToAlignedBam/4a1c33f3-cf3d-44bd-a4eb-bf4bb8fa4c5e/call-SplitRG/shard-0/SplitLargeReadGroup/fe27c5e0-9c12-4cc7-8978-b486720a16c5/call-SamToFastqAndDragmapAndMba/shard-3/execution/docker_cid[0m

# return exit code
exit $rc
[2025-11-29 15:04:07,70] [info] BackgroundConfigAsyncJobExecutionActor [[38;5;2mfe27c5e0[0mSplitLargeReadGroup.SamToFastqAndDragmapAndMba:3:1]: job id: 247497
[2025-11-29 15:04:07,70] [info] BackgroundConfigAsyncJobExecutionActor [[38;5;2mfe27c5e0[0mSplitLargeReadGroup.SamToFastqAndDragmapAndMba:3:1]: Status change from - to WaitingForReturnCode
[2025-11-29 15:04:58,45] [info] BackgroundConfigAsyncJobExecutionActor [[38;5;2mfe27c5e0[0mSplitLargeReadGroup.SamToFastqAndDragmapAndMba:3:1]: Status change from WaitingForReturnCode to Done
[2025-11-29 15:05:07,78] [info] Assigned new job execution tokens to the following groups: 3d34995f: 1
[2025-11-29 15:05:07,83] [[38;5;220mwarn[0m] BackgroundConfigAsyncJobExecutionActor [[38;5;2mfe27c5e0[0mSplitLargeReadGroup.SamToFastqAndDragmapAndMba:2:1]: Unrecognized runtime attribute keys: preemptible, disks, cpu, memory
[2025-11-29 15:05:18,34] [info] BackgroundConfigAsyncJobExecutionActor [[38;5;2mfe27c5e0[0mSplitLargeReadGroup.SamToFastqAndDragmapAndMba:2:1]: [38;5;5mset -euxo pipefail

DRAGMAP_VERSION=$(dragen-os --version)

if [ -z ${DRAGMAP_VERSION} ]; then
    exit 1;
fi

mkdir dragen_reference
mv /cromwell-executions/WholeGenomeGermlineSingleSample/3d34995f-bd8e-4e1e-88c8-95f2cc6eb274/call-UnmappedBamToAlignedBam/UnmappedBamToAlignedBam/4a1c33f3-cf3d-44bd-a4eb-bf4bb8fa4c5e/call-SplitRG/shard-0/SplitLargeReadGroup/fe27c5e0-9c12-4cc7-8978-b486720a16c5/call-SamToFastqAndDragmapAndMba/shard-2/inputs/-1290198700/reference.bin /cromwell-executions/WholeGenomeGermlineSingleSample/3d34995f-bd8e-4e1e-88c8-95f2cc6eb274/call-UnmappedBamToAlignedBam/UnmappedBamToAlignedBam/4a1c33f3-cf3d-44bd-a4eb-bf4bb8fa4c5e/call-SplitRG/shard-0/SplitLargeReadGroup/fe27c5e0-9c12-4cc7-8978-b486720a16c5/call-SamToFastqAndDragmapAndMba/shard-2/inputs/-1290198700/hash_table.cfg.bin /cromwell-executions/WholeGenomeGermlineSingleSample/3d34995f-bd8e-4e1e-88c8-95f2cc6eb274/call-UnmappedBamToAlignedBam/UnmappedBamToAlignedBam/4a1c33f3-cf3d-44bd-a4eb-bf4bb8fa4c5e/call-SplitRG/shard-0/SplitLargeReadGroup/fe27c5e0-9c12-4cc7-8978-b486720a16c5/call-SamToFastqAndDragmapAndMba/shard-2/inputs/-1290198700/hash_table.cmp dragen_reference

dragen-os -b /cromwell-executions/WholeGenomeGermlineSingleSample/3d34995f-bd8e-4e1e-88c8-95f2cc6eb274/call-UnmappedBamToAlignedBam/UnmappedBamToAlignedBam/4a1c33f3-cf3d-44bd-a4eb-bf4bb8fa4c5e/call-SplitRG/shard-0/SplitLargeReadGroup/fe27c5e0-9c12-4cc7-8978-b486720a16c5/call-SamToFastqAndDragmapAndMba/shard-2/inputs/-1047237686/shard_0003.bam -r dragen_reference --interleaved=1 --preserve-map-align-order true 2> >(tee shard_0003.dragmap.stderr.log >&2) | samtools view -h -O BAM - > aligned.bam
java -Dsamjdk.compression_level=2 -Xms1000m -Xmx1000m -jar /picard/picard.jar \
  MergeBamAlignment \
  VALIDATION_STRINGENCY=SILENT \
  EXPECTED_ORIENTATIONS=FR \
  ATTRIBUTES_TO_RETAIN=X0 \
  ATTRIBUTES_TO_REMOVE=RG \
  ATTRIBUTES_TO_REMOVE=NM \
  ATTRIBUTES_TO_REMOVE=MD \
  ALIGNED_BAM=aligned.bam \
  UNMAPPED_BAM=/cromwell-executions/WholeGenomeGermlineSingleSample/3d34995f-bd8e-4e1e-88c8-95f2cc6eb274/call-UnmappedBamToAlignedBam/UnmappedBamToAlignedBam/4a1c33f3-cf3d-44bd-a4eb-bf4bb8fa4c5e/call-SplitRG/shard-0/SplitLargeReadGroup/fe27c5e0-9c12-4cc7-8978-b486720a16c5/call-SamToFastqAndDragmapAndMba/shard-2/inputs/-1047237686/shard_0003.bam \
  OUTPUT=shard_0003.bam \
  REFERENCE_SEQUENCE=/cromwell-executions/WholeGenomeGermlineSingleSample/3d34995f-bd8e-4e1e-88c8-95f2cc6eb274/call-UnmappedBamToAlignedBam/UnmappedBamToAlignedBam/4a1c33f3-cf3d-44bd-a4eb-bf4bb8fa4c5e/call-SplitRG/shard-0/SplitLargeReadGroup/fe27c5e0-9c12-4cc7-8978-b486720a16c5/call-SamToFastqAndDragmapAndMba/shard-2/inputs/-1569105944/Homo_sapiens_assembly38_masked.fasta \
  PAIRED_RUN=true \
  SORT_ORDER="unsorted" \
  IS_BISULFITE_SEQUENCE=false \
  ALIGNED_READS_ONLY=false \
  CLIP_ADAPTERS=false \
   \
   \
  MAX_RECORDS_IN_RAM=2000000 \
  ADD_MATE_CIGAR=true \
  MAX_INSERTIONS_OR_DELETIONS=-1 \
  PRIMARY_ALIGNMENT_STRATEGY=MostDistant \
  PROGRAM_RECORD_ID="dragen-os" \
  PROGRAM_GROUP_VERSION="${DRAGMAP_VERSION}" \
  PROGRAM_GROUP_COMMAND_LINE="dragen-os -b /cromwell-executions/WholeGenomeGermlineSingleSample/3d34995f-bd8e-4e1e-88c8-95f2cc6eb274/call-UnmappedBamToAlignedBam/UnmappedBamToAlignedBam/4a1c33f3-cf3d-44bd-a4eb-bf4bb8fa4c5e/call-SplitRG/shard-0/SplitLargeReadGroup/fe27c5e0-9c12-4cc7-8978-b486720a16c5/call-SamToFastqAndDragmapAndMba/shard-2/inputs/-1047237686/shard_0003.bam -r dragen_reference --interleaved=1" \
  PROGRAM_GROUP_NAME="dragen-os" \
  UNMAPPED_READ_STRATEGY=COPY_TO_TAG \
  ALIGNER_PROPER_PAIR_FLAGS=true \
  UNMAP_CONTAMINANT_READS=true \
  ADD_PG_TAG_TO_READS=false[0m
[2025-11-29 15:05:18,35] [info] BackgroundConfigAsyncJobExecutionActor [[38;5;2mfe27c5e0[0mSplitLargeReadGroup.SamToFastqAndDragmapAndMba:2:1]: executing: # make sure there is no preexisting Docker CID file
rm -f /mnt/nas1/projects/lasr/blendseq/warp-pipelines/warp-gatk-germline-single-sample-pipeline-master/tmp/1977401714735460022/cromwell-executions/WholeGenomeGermlineSingleSample/3d34995f-bd8e-4e1e-88c8-95f2cc6eb274/call-UnmappedBamToAlignedBam/UnmappedBamToAlignedBam/4a1c33f3-cf3d-44bd-a4eb-bf4bb8fa4c5e/call-SplitRG/shard-0/SplitLargeReadGroup/fe27c5e0-9c12-4cc7-8978-b486720a16c5/call-SamToFastqAndDragmapAndMba/shard-2/execution/docker_cid
# run as in the original configuration without --rm flag (will remove later)
docker run \
  --cidfile /mnt/nas1/projects/lasr/blendseq/warp-pipelines/warp-gatk-germline-single-sample-pipeline-master/tmp/1977401714735460022/cromwell-executions/WholeGenomeGermlineSingleSample/3d34995f-bd8e-4e1e-88c8-95f2cc6eb274/call-UnmappedBamToAlignedBam/UnmappedBamToAlignedBam/4a1c33f3-cf3d-44bd-a4eb-bf4bb8fa4c5e/call-SplitRG/shard-0/SplitLargeReadGroup/fe27c5e0-9c12-4cc7-8978-b486720a16c5/call-SamToFastqAndDragmapAndMba/shard-2/execution/docker_cid \
  -i \
  --user 1027:1028 \
  --cpus="64" \
  --memory="204800M" \
  --entrypoint /bin/bash \
  -v /mnt/nas1/projects/lasr/blendseq/warp-pipelines/warp-gatk-germline-single-sample-pipeline-master/tmp/1977401714735460022/cromwell-executions/WholeGenomeGermlineSingleSample/3d34995f-bd8e-4e1e-88c8-95f2cc6eb274/call-UnmappedBamToAlignedBam/UnmappedBamToAlignedBam/4a1c33f3-cf3d-44bd-a4eb-bf4bb8fa4c5e/call-SplitRG/shard-0/SplitLargeReadGroup/fe27c5e0-9c12-4cc7-8978-b486720a16c5/call-SamToFastqAndDragmapAndMba/shard-2:/cromwell-executions/WholeGenomeGermlineSingleSample/3d34995f-bd8e-4e1e-88c8-95f2cc6eb274/call-UnmappedBamToAlignedBam/UnmappedBamToAlignedBam/4a1c33f3-cf3d-44bd-a4eb-bf4bb8fa4c5e/call-SplitRG/shard-0/SplitLargeReadGroup/fe27c5e0-9c12-4cc7-8978-b486720a16c5/call-SamToFastqAndDragmapAndMba/shard-2 \
  us.gcr.io/broad-gotc-prod/dragmap@sha256:5964afca3e4173c33b11100f68c1a44642e0ff2ee4de5a49d8cd446fef308b23 /cromwell-executions/WholeGenomeGermlineSingleSample/3d34995f-bd8e-4e1e-88c8-95f2cc6eb274/call-UnmappedBamToAlignedBam/UnmappedBamToAlignedBam/4a1c33f3-cf3d-44bd-a4eb-bf4bb8fa4c5e/call-SplitRG/shard-0/SplitLargeReadGroup/fe27c5e0-9c12-4cc7-8978-b486720a16c5/call-SamToFastqAndDragmapAndMba/shard-2/execution/script

# get the return code (working even if the container was detached)
rc=$(docker wait [38;5;5mcat /mnt/nas1/projects/lasr/blendseq/warp-pipelines/warp-gatk-germline-single-sample-pipeline-master/tmp/1977401714735460022/cromwell-executions/WholeGenomeGermlineSingleSample/3d34995f-bd8e-4e1e-88c8-95f2cc6eb274/call-UnmappedBamToAlignedBam/UnmappedBamToAlignedBam/4a1c33f3-cf3d-44bd-a4eb-bf4bb8fa4c5e/call-SplitRG/shard-0/SplitLargeReadGroup/fe27c5e0-9c12-4cc7-8978-b486720a16c5/call-SamToFastqAndDragmapAndMba/shard-2/execution/docker_cid[0m)

# remove the container after waiting
docker rm [38;5;5mcat /mnt/nas1/projects/lasr/blendseq/warp-pipelines/warp-gatk-germline-single-sample-pipeline-master/tmp/1977401714735460022/cromwell-executions/WholeGenomeGermlineSingleSample/3d34995f-bd8e-4e1e-88c8-95f2cc6eb274/call-UnmappedBamToAlignedBam/UnmappedBamToAlignedBam/4a1c33f3-cf3d-44bd-a4eb-bf4bb8fa4c5e/call-SplitRG/shard-0/SplitLargeReadGroup/fe27c5e0-9c12-4cc7-8978-b486720a16c5/call-SamToFastqAndDragmapAndMba/shard-2/execution/docker_cid[0m

# return exit code
exit $rc
[2025-11-29 15:05:22,70] [info] BackgroundConfigAsyncJobExecutionActor [[38;5;2mfe27c5e0[0mSplitLargeReadGroup.SamToFastqAndDragmapAndMba:2:1]: job id: 248114
[2025-11-29 15:05:22,70] [info] BackgroundConfigAsyncJobExecutionActor [[38;5;2mfe27c5e0[0mSplitLargeReadGroup.SamToFastqAndDragmapAndMba:2:1]: Status change from - to WaitingForReturnCode
[2025-11-29 15:06:15,64] [info] BackgroundConfigAsyncJobExecutionActor [[38;5;2mfe27c5e0[0mSplitLargeReadGroup.SamToFastqAndDragmapAndMba:2:1]: Status change from WaitingForReturnCode to Done
[2025-11-29 15:06:17,78] [info] Assigned new job execution tokens to the following groups: 3d34995f: 1
[2025-11-29 15:06:17,83] [[38;5;220mwarn[0m] BackgroundConfigAsyncJobExecutionActor [[38;5;2mfe27c5e0[0mSplitLargeReadGroup.SamToFastqAndDragmapAndMba:0:1]: Unrecognized runtime attribute keys: preemptible, disks, cpu, memory
[2025-11-29 15:06:27,18] [info] BackgroundConfigAsyncJobExecutionActor [[38;5;2mfe27c5e0[0mSplitLargeReadGroup.SamToFastqAndDragmapAndMba:0:1]: [38;5;5mset -euxo pipefail

DRAGMAP_VERSION=$(dragen-os --version)

if [ -z ${DRAGMAP_VERSION} ]; then
    exit 1;
fi

mkdir dragen_reference
mv /cromwell-executions/WholeGenomeGermlineSingleSample/3d34995f-bd8e-4e1e-88c8-95f2cc6eb274/call-UnmappedBamToAlignedBam/UnmappedBamToAlignedBam/4a1c33f3-cf3d-44bd-a4eb-bf4bb8fa4c5e/call-SplitRG/shard-0/SplitLargeReadGroup/fe27c5e0-9c12-4cc7-8978-b486720a16c5/call-SamToFastqAndDragmapAndMba/shard-0/inputs/-1290198700/reference.bin /cromwell-executions/WholeGenomeGermlineSingleSample/3d34995f-bd8e-4e1e-88c8-95f2cc6eb274/call-UnmappedBamToAlignedBam/UnmappedBamToAlignedBam/4a1c33f3-cf3d-44bd-a4eb-bf4bb8fa4c5e/call-SplitRG/shard-0/SplitLargeReadGroup/fe27c5e0-9c12-4cc7-8978-b486720a16c5/call-SamToFastqAndDragmapAndMba/shard-0/inputs/-1290198700/hash_table.cfg.bin /cromwell-executions/WholeGenomeGermlineSingleSample/3d34995f-bd8e-4e1e-88c8-95f2cc6eb274/call-UnmappedBamToAlignedBam/UnmappedBamToAlignedBam/4a1c33f3-cf3d-44bd-a4eb-bf4bb8fa4c5e/call-SplitRG/shard-0/SplitLargeReadGroup/fe27c5e0-9c12-4cc7-8978-b486720a16c5/call-SamToFastqAndDragmapAndMba/shard-0/inputs/-1290198700/hash_table.cmp dragen_reference

dragen-os -b /cromwell-executions/WholeGenomeGermlineSingleSample/3d34995f-bd8e-4e1e-88c8-95f2cc6eb274/call-UnmappedBamToAlignedBam/UnmappedBamToAlignedBam/4a1c33f3-cf3d-44bd-a4eb-bf4bb8fa4c5e/call-SplitRG/shard-0/SplitLargeReadGroup/fe27c5e0-9c12-4cc7-8978-b486720a16c5/call-SamToFastqAndDragmapAndMba/shard-0/inputs/-1047237686/shard_0001.bam -r dragen_reference --interleaved=1 --preserve-map-align-order true 2> >(tee shard_0001.dragmap.stderr.log >&2) | samtools view -h -O BAM - > aligned.bam
java -Dsamjdk.compression_level=2 -Xms1000m -Xmx1000m -jar /picard/picard.jar \
  MergeBamAlignment \
  VALIDATION_STRINGENCY=SILENT \
  EXPECTED_ORIENTATIONS=FR \
  ATTRIBUTES_TO_RETAIN=X0 \
  ATTRIBUTES_TO_REMOVE=RG \
  ATTRIBUTES_TO_REMOVE=NM \
  ATTRIBUTES_TO_REMOVE=MD \
  ALIGNED_BAM=aligned.bam \
  UNMAPPED_BAM=/cromwell-executions/WholeGenomeGermlineSingleSample/3d34995f-bd8e-4e1e-88c8-95f2cc6eb274/call-UnmappedBamToAlignedBam/UnmappedBamToAlignedBam/4a1c33f3-cf3d-44bd-a4eb-bf4bb8fa4c5e/call-SplitRG/shard-0/SplitLargeReadGroup/fe27c5e0-9c12-4cc7-8978-b486720a16c5/call-SamToFastqAndDragmapAndMba/shard-0/inputs/-1047237686/shard_0001.bam \
  OUTPUT=shard_0001.bam \
  REFERENCE_SEQUENCE=/cromwell-executions/WholeGenomeGermlineSingleSample/3d34995f-bd8e-4e1e-88c8-95f2cc6eb274/call-UnmappedBamToAlignedBam/UnmappedBamToAlignedBam/4a1c33f3-cf3d-44bd-a4eb-bf4bb8fa4c5e/call-SplitRG/shard-0/SplitLargeReadGroup/fe27c5e0-9c12-4cc7-8978-b486720a16c5/call-SamToFastqAndDragmapAndMba/shard-0/inputs/-1569105944/Homo_sapiens_assembly38_masked.fasta \
  PAIRED_RUN=true \
  SORT_ORDER="unsorted" \
  IS_BISULFITE_SEQUENCE=false \
  ALIGNED_READS_ONLY=false \
  CLIP_ADAPTERS=false \
   \
   \
  MAX_RECORDS_IN_RAM=2000000 \
  ADD_MATE_CIGAR=true \
  MAX_INSERTIONS_OR_DELETIONS=-1 \
  PRIMARY_ALIGNMENT_STRATEGY=MostDistant \
  PROGRAM_RECORD_ID="dragen-os" \
  PROGRAM_GROUP_VERSION="${DRAGMAP_VERSION}" \
  PROGRAM_GROUP_COMMAND_LINE="dragen-os -b /cromwell-executions/WholeGenomeGermlineSingleSample/3d34995f-bd8e-4e1e-88c8-95f2cc6eb274/call-UnmappedBamToAlignedBam/UnmappedBamToAlignedBam/4a1c33f3-cf3d-44bd-a4eb-bf4bb8fa4c5e/call-SplitRG/shard-0/SplitLargeReadGroup/fe27c5e0-9c12-4cc7-8978-b486720a16c5/call-SamToFastqAndDragmapAndMba/shard-0/inputs/-1047237686/shard_0001.bam -r dragen_reference --interleaved=1" \
  PROGRAM_GROUP_NAME="dragen-os" \
  UNMAPPED_READ_STRATEGY=COPY_TO_TAG \
  ALIGNER_PROPER_PAIR_FLAGS=true \
  UNMAP_CONTAMINANT_READS=true \
  ADD_PG_TAG_TO_READS=false[0m
[2025-11-29 15:06:27,18] [info] BackgroundConfigAsyncJobExecutionActor [[38;5;2mfe27c5e0[0mSplitLargeReadGroup.SamToFastqAndDragmapAndMba:0:1]: executing: # make sure there is no preexisting Docker CID file
rm -f /mnt/nas1/projects/lasr/blendseq/warp-pipelines/warp-gatk-germline-single-sample-pipeline-master/tmp/1977401714735460022/cromwell-executions/WholeGenomeGermlineSingleSample/3d34995f-bd8e-4e1e-88c8-95f2cc6eb274/call-UnmappedBamToAlignedBam/UnmappedBamToAlignedBam/4a1c33f3-cf3d-44bd-a4eb-bf4bb8fa4c5e/call-SplitRG/shard-0/SplitLargeReadGroup/fe27c5e0-9c12-4cc7-8978-b486720a16c5/call-SamToFastqAndDragmapAndMba/shard-0/execution/docker_cid
# run as in the original configuration without --rm flag (will remove later)
docker run \
  --cidfile /mnt/nas1/projects/lasr/blendseq/warp-pipelines/warp-gatk-germline-single-sample-pipeline-master/tmp/1977401714735460022/cromwell-executions/WholeGenomeGermlineSingleSample/3d34995f-bd8e-4e1e-88c8-95f2cc6eb274/call-UnmappedBamToAlignedBam/UnmappedBamToAlignedBam/4a1c33f3-cf3d-44bd-a4eb-bf4bb8fa4c5e/call-SplitRG/shard-0/SplitLargeReadGroup/fe27c5e0-9c12-4cc7-8978-b486720a16c5/call-SamToFastqAndDragmapAndMba/shard-0/execution/docker_cid \
  -i \
  --user 1027:1028 \
  --cpus="64" \
  --memory="204800M" \
  --entrypoint /bin/bash \
  -v /mnt/nas1/projects/lasr/blendseq/warp-pipelines/warp-gatk-germline-single-sample-pipeline-master/tmp/1977401714735460022/cromwell-executions/WholeGenomeGermlineSingleSample/3d34995f-bd8e-4e1e-88c8-95f2cc6eb274/call-UnmappedBamToAlignedBam/UnmappedBamToAlignedBam/4a1c33f3-cf3d-44bd-a4eb-bf4bb8fa4c5e/call-SplitRG/shard-0/SplitLargeReadGroup/fe27c5e0-9c12-4cc7-8978-b486720a16c5/call-SamToFastqAndDragmapAndMba/shard-0:/cromwell-executions/WholeGenomeGermlineSingleSample/3d34995f-bd8e-4e1e-88c8-95f2cc6eb274/call-UnmappedBamToAlignedBam/UnmappedBamToAlignedBam/4a1c33f3-cf3d-44bd-a4eb-bf4bb8fa4c5e/call-SplitRG/shard-0/SplitLargeReadGroup/fe27c5e0-9c12-4cc7-8978-b486720a16c5/call-SamToFastqAndDragmapAndMba/shard-0 \
  us.gcr.io/broad-gotc-prod/dragmap@sha256:5964afca3e4173c33b11100f68c1a44642e0ff2ee4de5a49d8cd446fef308b23 /cromwell-executions/WholeGenomeGermlineSingleSample/3d34995f-bd8e-4e1e-88c8-95f2cc6eb274/call-UnmappedBamToAlignedBam/UnmappedBamToAlignedBam/4a1c33f3-cf3d-44bd-a4eb-bf4bb8fa4c5e/call-SplitRG/shard-0/SplitLargeReadGroup/fe27c5e0-9c12-4cc7-8978-b486720a16c5/call-SamToFastqAndDragmapAndMba/shard-0/execution/script

# get the return code (working even if the container was detached)
rc=$(docker wait [38;5;5mcat /mnt/nas1/projects/lasr/blendseq/warp-pipelines/warp-gatk-germline-single-sample-pipeline-master/tmp/1977401714735460022/cromwell-executions/WholeGenomeGermlineSingleSample/3d34995f-bd8e-4e1e-88c8-95f2cc6eb274/call-UnmappedBamToAlignedBam/UnmappedBamToAlignedBam/4a1c33f3-cf3d-44bd-a4eb-bf4bb8fa4c5e/call-SplitRG/shard-0/SplitLargeReadGroup/fe27c5e0-9c12-4cc7-8978-b486720a16c5/call-SamToFastqAndDragmapAndMba/shard-0/execution/docker_cid[0m)

# remove the container after waiting
docker rm [38;5;5mcat /mnt/nas1/projects/lasr/blendseq/warp-pipelines/warp-gatk-germline-single-sample-pipeline-master/tmp/1977401714735460022/cromwell-executions/WholeGenomeGermlineSingleSample/3d34995f-bd8e-4e1e-88c8-95f2cc6eb274/call-UnmappedBamToAlignedBam/UnmappedBamToAlignedBam/4a1c33f3-cf3d-44bd-a4eb-bf4bb8fa4c5e/call-SplitRG/shard-0/SplitLargeReadGroup/fe27c5e0-9c12-4cc7-8978-b486720a16c5/call-SamToFastqAndDragmapAndMba/shard-0/execution/docker_cid[0m

# return exit code
exit $rc
[2025-11-29 15:06:27,70] [info] BackgroundConfigAsyncJobExecutionActor [[38;5;2mfe27c5e0[0mSplitLargeReadGroup.SamToFastqAndDragmapAndMba:0:1]: job id: 248726
[2025-11-29 15:06:27,70] [info] BackgroundConfigAsyncJobExecutionActor [[38;5;2mfe27c5e0[0mSplitLargeReadGroup.SamToFastqAndDragmapAndMba:0:1]: Status change from - to WaitingForReturnCode
[2025-11-29 15:07:05,88] [info] BackgroundConfigAsyncJobExecutionActor [[38;5;2mfe27c5e0[0mSplitLargeReadGroup.SamToFastqAndDragmapAndMba:0:1]: Status change from WaitingForReturnCode to Done
[2025-11-29 15:07:07,78] [info] Assigned new job execution tokens to the following groups: 3d34995f: 1
[2025-11-29 15:07:07,80] [[38;5;220mwarn[0m] BackgroundConfigAsyncJobExecutionActor [[38;5;2mfe27c5e0[0mSplitLargeReadGroup.SamToFastqAndDragmapAndMba:17:1]: Unrecognized runtime attribute keys: preemptible, disks, cpu, memory
[2025-11-29 15:07:17,74] [info] BackgroundConfigAsyncJobExecutionActor [[38;5;2mfe27c5e0[0mSplitLargeReadGroup.SamToFastqAndDragmapAndMba:17:1]: [38;5;5mset -euxo pipefail

DRAGMAP_VERSION=$(dragen-os --version)

if [ -z ${DRAGMAP_VERSION} ]; then
    exit 1;
fi

mkdir dragen_reference
mv /cromwell-executions/WholeGenomeGermlineSingleSample/3d34995f-bd8e-4e1e-88c8-95f2cc6eb274/call-UnmappedBamToAlignedBam/UnmappedBamToAlignedBam/4a1c33f3-cf3d-44bd-a4eb-bf4bb8fa4c5e/call-SplitRG/shard-0/SplitLargeReadGroup/fe27c5e0-9c12-4cc7-8978-b486720a16c5/call-SamToFastqAndDragmapAndMba/shard-17/inputs/-1290198700/reference.bin /cromwell-executions/WholeGenomeGermlineSingleSample/3d34995f-bd8e-4e1e-88c8-95f2cc6eb274/call-UnmappedBamToAlignedBam/UnmappedBamToAlignedBam/4a1c33f3-cf3d-44bd-a4eb-bf4bb8fa4c5e/call-SplitRG/shard-0/SplitLargeReadGroup/fe27c5e0-9c12-4cc7-8978-b486720a16c5/call-SamToFastqAndDragmapAndMba/shard-17/inputs/-1290198700/hash_table.cfg.bin /cromwell-executions/WholeGenomeGermlineSingleSample/3d34995f-bd8e-4e1e-88c8-95f2cc6eb274/call-UnmappedBamToAlignedBam/UnmappedBamToAlignedBam/4a1c33f3-cf3d-44bd-a4eb-bf4bb8fa4c5e/call-SplitRG/shard-0/SplitLargeReadGroup/fe27c5e0-9c12-4cc7-8978-b486720a16c5/call-SamToFastqAndDragmapAndMba/shard-17/inputs/-1290198700/hash_table.cmp dragen_reference

dragen-os -b /cromwell-executions/WholeGenomeGermlineSingleSample/3d34995f-bd8e-4e1e-88c8-95f2cc6eb274/call-UnmappedBamToAlignedBam/UnmappedBamToAlignedBam/4a1c33f3-cf3d-44bd-a4eb-bf4bb8fa4c5e/call-SplitRG/shard-0/SplitLargeReadGroup/fe27c5e0-9c12-4cc7-8978-b486720a16c5/call-SamToFastqAndDragmapAndMba/shard-17/inputs/-1047237686/shard_0018.bam -r dragen_reference --interleaved=1 --preserve-map-align-order true 2> >(tee shard_0018.dragmap.stderr.log >&2) | samtools view -h -O BAM - > aligned.bam
java -Dsamjdk.compression_level=2 -Xms1000m -Xmx1000m -jar /picard/picard.jar \
  MergeBamAlignment \
  VALIDATION_STRINGENCY=SILENT \
  EXPECTED_ORIENTATIONS=FR \
  ATTRIBUTES_TO_RETAIN=X0 \
  ATTRIBUTES_TO_REMOVE=RG \
  ATTRIBUTES_TO_REMOVE=NM \
  ATTRIBUTES_TO_REMOVE=MD \
  ALIGNED_BAM=aligned.bam \
  UNMAPPED_BAM=/cromwell-executions/WholeGenomeGermlineSingleSample/3d34995f-bd8e-4e1e-88c8-95f2cc6eb274/call-UnmappedBamToAlignedBam/UnmappedBamToAlignedBam/4a1c33f3-cf3d-44bd-a4eb-bf4bb8fa4c5e/call-SplitRG/shard-0/SplitLargeReadGroup/fe27c5e0-9c12-4cc7-8978-b486720a16c5/call-SamToFastqAndDragmapAndMba/shard-17/inputs/-1047237686/shard_0018.bam \
  OUTPUT=shard_0018.bam \
  REFERENCE_SEQUENCE=/cromwell-executions/WholeGenomeGermlineSingleSample/3d34995f-bd8e-4e1e-88c8-95f2cc6eb274/call-UnmappedBamToAlignedBam/UnmappedBamToAlignedBam/4a1c33f3-cf3d-44bd-a4eb-bf4bb8fa4c5e/call-SplitRG/shard-0/SplitLargeReadGroup/fe27c5e0-9c12-4cc7-8978-b486720a16c5/call-SamToFastqAndDragmapAndMba/shard-17/inputs/-1569105944/Homo_sapiens_assembly38_masked.fasta \
  PAIRED_RUN=true \
  SORT_ORDER="unsorted" \
  IS_BISULFITE_SEQUENCE=false \
  ALIGNED_READS_ONLY=false \
  CLIP_ADAPTERS=false \
   \
   \
  MAX_RECORDS_IN_RAM=2000000 \
  ADD_MATE_CIGAR=true \
  MAX_INSERTIONS_OR_DELETIONS=-1 \
  PRIMARY_ALIGNMENT_STRATEGY=MostDistant \
  PROGRAM_RECORD_ID="dragen-os" \
  PROGRAM_GROUP_VERSION="${DRAGMAP_VERSION}" \
  PROGRAM_GROUP_COMMAND_LINE="dragen-os -b /cromwell-executions/WholeGenomeGermlineSingleSample/3d34995f-bd8e-4e1e-88c8-95f2cc6eb274/call-UnmappedBamToAlignedBam/UnmappedBamToAlignedBam/4a1c33f3-cf3d-44bd-a4eb-bf4bb8fa4c5e/call-SplitRG/shard-0/SplitLargeReadGroup/fe27c5e0-9c12-4cc7-8978-b486720a16c5/call-SamToFastqAndDragmapAndMba/shard-17/inputs/-1047237686/shard_0018.bam -r dragen_reference --interleaved=1" \
  PROGRAM_GROUP_NAME="dragen-os" \
  UNMAPPED_READ_STRATEGY=COPY_TO_TAG \
  ALIGNER_PROPER_PAIR_FLAGS=true \
  UNMAP_CONTAMINANT_READS=true \
  ADD_PG_TAG_TO_READS=false[0m
[2025-11-29 15:07:17,75] [info] BackgroundConfigAsyncJobExecutionActor [[38;5;2mfe27c5e0[0mSplitLargeReadGroup.SamToFastqAndDragmapAndMba:17:1]: executing: # make sure there is no preexisting Docker CID file
rm -f /mnt/nas1/projects/lasr/blendseq/warp-pipelines/warp-gatk-germline-single-sample-pipeline-master/tmp/1977401714735460022/cromwell-executions/WholeGenomeGermlineSingleSample/3d34995f-bd8e-4e1e-88c8-95f2cc6eb274/call-UnmappedBamToAlignedBam/UnmappedBamToAlignedBam/4a1c33f3-cf3d-44bd-a4eb-bf4bb8fa4c5e/call-SplitRG/shard-0/SplitLargeReadGroup/fe27c5e0-9c12-4cc7-8978-b486720a16c5/call-SamToFastqAndDragmapAndMba/shard-17/execution/docker_cid
# run as in the original configuration without --rm flag (will remove later)
docker run \
  --cidfile /mnt/nas1/projects/lasr/blendseq/warp-pipelines/warp-gatk-germline-single-sample-pipeline-master/tmp/1977401714735460022/cromwell-executions/WholeGenomeGermlineSingleSample/3d34995f-bd8e-4e1e-88c8-95f2cc6eb274/call-UnmappedBamToAlignedBam/UnmappedBamToAlignedBam/4a1c33f3-cf3d-44bd-a4eb-bf4bb8fa4c5e/call-SplitRG/shard-0/SplitLargeReadGroup/fe27c5e0-9c12-4cc7-8978-b486720a16c5/call-SamToFastqAndDragmapAndMba/shard-17/execution/docker_cid \
  -i \
  --user 1027:1028 \
  --cpus="64" \
  --memory="204800M" \
  --entrypoint /bin/bash \
  -v /mnt/nas1/projects/lasr/blendseq/warp-pipelines/warp-gatk-germline-single-sample-pipeline-master/tmp/1977401714735460022/cromwell-executions/WholeGenomeGermlineSingleSample/3d34995f-bd8e-4e1e-88c8-95f2cc6eb274/call-UnmappedBamToAlignedBam/UnmappedBamToAlignedBam/4a1c33f3-cf3d-44bd-a4eb-bf4bb8fa4c5e/call-SplitRG/shard-0/SplitLargeReadGroup/fe27c5e0-9c12-4cc7-8978-b486720a16c5/call-SamToFastqAndDragmapAndMba/shard-17:/cromwell-executions/WholeGenomeGermlineSingleSample/3d34995f-bd8e-4e1e-88c8-95f2cc6eb274/call-UnmappedBamToAlignedBam/UnmappedBamToAlignedBam/4a1c33f3-cf3d-44bd-a4eb-bf4bb8fa4c5e/call-SplitRG/shard-0/SplitLargeReadGroup/fe27c5e0-9c12-4cc7-8978-b486720a16c5/call-SamToFastqAndDragmapAndMba/shard-17 \
  us.gcr.io/broad-gotc-prod/dragmap@sha256:5964afca3e4173c33b11100f68c1a44642e0ff2ee4de5a49d8cd446fef308b23 /cromwell-executions/WholeGenomeGermlineSingleSample/3d34995f-bd8e-4e1e-88c8-95f2cc6eb274/call-UnmappedBamToAlignedBam/UnmappedBamToAlignedBam/4a1c33f3-cf3d-44bd-a4eb-bf4bb8fa4c5e/call-SplitRG/shard-0/SplitLargeReadGroup/fe27c5e0-9c12-4cc7-8978-b486720a16c5/call-SamToFastqAndDragmapAndMba/shard-17/execution/script

# get the return code (working even if the container was detached)
rc=$(docker wait [38;5;5mcat /mnt/nas1/projects/lasr/blendseq/warp-pipelines/warp-gatk-germline-single-sample-pipeline-master/tmp/1977401714735460022/cromwell-executions/WholeGenomeGermlineSingleSample/3d34995f-bd8e-4e1e-88c8-95f2cc6eb274/call-UnmappedBamToAlignedBam/UnmappedBamToAlignedBam/4a1c33f3-cf3d-44bd-a4eb-bf4bb8fa4c5e/call-SplitRG/shard-0/SplitLargeReadGroup/fe27c5e0-9c12-4cc7-8978-b486720a16c5/call-SamToFastqAndDragmapAndMba/shard-17/execution/docker_cid[0m)

# remove the container after waiting
docker rm [38;5;5mcat /mnt/nas1/projects/lasr/blendseq/warp-pipelines/warp-gatk-germline-single-sample-pipeline-master/tmp/1977401714735460022/cromwell-executions/WholeGenomeGermlineSingleSample/3d34995f-bd8e-4e1e-88c8-95f2cc6eb274/call-UnmappedBamToAlignedBam/UnmappedBamToAlignedBam/4a1c33f3-cf3d-44bd-a4eb-bf4bb8fa4c5e/call-SplitRG/shard-0/SplitLargeReadGroup/fe27c5e0-9c12-4cc7-8978-b486720a16c5/call-SamToFastqAndDragmapAndMba/shard-17/execution/docker_cid[0m

# return exit code
exit $rc
[2025-11-29 15:07:22,70] [info] BackgroundConfigAsyncJobExecutionActor [[38;5;2mfe27c5e0[0mSplitLargeReadGroup.SamToFastqAndDragmapAndMba:17:1]: job id: 249341
[2025-11-29 15:07:22,70] [info] BackgroundConfigAsyncJobExecutionActor [[38;5;2mfe27c5e0[0mSplitLargeReadGroup.SamToFastqAndDragmapAndMba:17:1]: Status change from - to WaitingForReturnCode
[2025-11-29 15:07:55,63] [info] BackgroundConfigAsyncJobExecutionActor [[38;5;2mfe27c5e0[0mSplitLargeReadGroup.SamToFastqAndDragmapAndMba:17:1]: Status change from WaitingForReturnCode to Done
[2025-11-29 15:07:57,78] [info] Assigned new job execution tokens to the following groups: 3d34995f: 1
[2025-11-29 15:07:57,81] [[38;5;220mwarn[0m] BackgroundConfigAsyncJobExecutionActor [[38;5;2mfe27c5e0[0mSplitLargeReadGroup.SamToFastqAndDragmapAndMba:27:1]: Unrecognized runtime attribute keys: preemptible, disks, cpu, memory
[2025-11-29 15:08:07,95] [info] BackgroundConfigAsyncJobExecutionActor [[38;5;2mfe27c5e0[0mSplitLargeReadGroup.SamToFastqAndDragmapAndMba:27:1]: [38;5;5mset -euxo pipefail

DRAGMAP_VERSION=$(dragen-os --version)

if [ -z ${DRAGMAP_VERSION} ]; then
    exit 1;
fi

mkdir dragen_reference
mv /cromwell-executions/WholeGenomeGermlineSingleSample/3d34995f-bd8e-4e1e-88c8-95f2cc6eb274/call-UnmappedBamToAlignedBam/UnmappedBamToAlignedBam/4a1c33f3-cf3d-44bd-a4eb-bf4bb8fa4c5e/call-SplitRG/shard-0/SplitLargeReadGroup/fe27c5e0-9c12-4cc7-8978-b486720a16c5/call-SamToFastqAndDragmapAndMba/shard-27/inputs/-1290198700/reference.bin /cromwell-executions/WholeGenomeGermlineSingleSample/3d34995f-bd8e-4e1e-88c8-95f2cc6eb274/call-UnmappedBamToAlignedBam/UnmappedBamToAlignedBam/4a1c33f3-cf3d-44bd-a4eb-bf4bb8fa4c5e/call-SplitRG/shard-0/SplitLargeReadGroup/fe27c5e0-9c12-4cc7-8978-b486720a16c5/call-SamToFastqAndDragmapAndMba/shard-27/inputs/-1290198700/hash_table.cfg.bin /cromwell-executions/WholeGenomeGermlineSingleSample/3d34995f-bd8e-4e1e-88c8-95f2cc6eb274/call-UnmappedBamToAlignedBam/UnmappedBamToAlignedBam/4a1c33f3-cf3d-44bd-a4eb-bf4bb8fa4c5e/call-SplitRG/shard-0/SplitLargeReadGroup/fe27c5e0-9c12-4cc7-8978-b486720a16c5/call-SamToFastqAndDragmapAndMba/shard-27/inputs/-1290198700/hash_table.cmp dragen_reference

dragen-os -b /cromwell-executions/WholeGenomeGermlineSingleSample/3d34995f-bd8e-4e1e-88c8-95f2cc6eb274/call-UnmappedBamToAlignedBam/UnmappedBamToAlignedBam/4a1c33f3-cf3d-44bd-a4eb-bf4bb8fa4c5e/call-SplitRG/shard-0/SplitLargeReadGroup/fe27c5e0-9c12-4cc7-8978-b486720a16c5/call-SamToFastqAndDragmapAndMba/shard-27/inputs/-1047237686/shard_0028.bam -r dragen_reference --interleaved=1 --preserve-map-align-order true 2> >(tee shard_0028.dragmap.stderr.log >&2) | samtools view -h -O BAM - > aligned.bam
java -Dsamjdk.compression_level=2 -Xms1000m -Xmx1000m -jar /picard/picard.jar \
  MergeBamAlignment \
  VALIDATION_STRINGENCY=SILENT \
  EXPECTED_ORIENTATIONS=FR \
  ATTRIBUTES_TO_RETAIN=X0 \
  ATTRIBUTES_TO_REMOVE=RG \
  ATTRIBUTES_TO_REMOVE=NM \
  ATTRIBUTES_TO_REMOVE=MD \
  ALIGNED_BAM=aligned.bam \
  UNMAPPED_BAM=/cromwell-executions/WholeGenomeGermlineSingleSample/3d34995f-bd8e-4e1e-88c8-95f2cc6eb274/call-UnmappedBamToAlignedBam/UnmappedBamToAlignedBam/4a1c33f3-cf3d-44bd-a4eb-bf4bb8fa4c5e/call-SplitRG/shard-0/SplitLargeReadGroup/fe27c5e0-9c12-4cc7-8978-b486720a16c5/call-SamToFastqAndDragmapAndMba/shard-27/inputs/-1047237686/shard_0028.bam \
  OUTPUT=shard_0028.bam \
  REFERENCE_SEQUENCE=/cromwell-executions/WholeGenomeGermlineSingleSample/3d34995f-bd8e-4e1e-88c8-95f2cc6eb274/call-UnmappedBamToAlignedBam/UnmappedBamToAlignedBam/4a1c33f3-cf3d-44bd-a4eb-bf4bb8fa4c5e/call-SplitRG/shard-0/SplitLargeReadGroup/fe27c5e0-9c12-4cc7-8978-b486720a16c5/call-SamToFastqAndDragmapAndMba/shard-27/inputs/-1569105944/Homo_sapiens_assembly38_masked.fasta \
  PAIRED_RUN=true \
  SORT_ORDER="unsorted" \
  IS_BISULFITE_SEQUENCE=false \
  ALIGNED_READS_ONLY=false \
  CLIP_ADAPTERS=false \
   \
   \
  MAX_RECORDS_IN_RAM=2000000 \
  ADD_MATE_CIGAR=true \
  MAX_INSERTIONS_OR_DELETIONS=-1 \
  PRIMARY_ALIGNMENT_STRATEGY=MostDistant \
  PROGRAM_RECORD_ID="dragen-os" \
  PROGRAM_GROUP_VERSION="${DRAGMAP_VERSION}" \
  PROGRAM_GROUP_COMMAND_LINE="dragen-os -b /cromwell-executions/WholeGenomeGermlineSingleSample/3d34995f-bd8e-4e1e-88c8-95f2cc6eb274/call-UnmappedBamToAlignedBam/UnmappedBamToAlignedBam/4a1c33f3-cf3d-44bd-a4eb-bf4bb8fa4c5e/call-SplitRG/shard-0/SplitLargeReadGroup/fe27c5e0-9c12-4cc7-8978-b486720a16c5/call-SamToFastqAndDragmapAndMba/shard-27/inputs/-1047237686/shard_0028.bam -r dragen_reference --interleaved=1" \
  PROGRAM_GROUP_NAME="dragen-os" \
  UNMAPPED_READ_STRATEGY=COPY_TO_TAG \
  ALIGNER_PROPER_PAIR_FLAGS=true \
  UNMAP_CONTAMINANT_READS=true \
  ADD_PG_TAG_TO_READS=false[0m
[2025-11-29 15:08:07,95] [info] BackgroundConfigAsyncJobExecutionActor [[38;5;2mfe27c5e0[0mSplitLargeReadGroup.SamToFastqAndDragmapAndMba:27:1]: executing: # make sure there is no preexisting Docker CID file
rm -f /mnt/nas1/projects/lasr/blendseq/warp-pipelines/warp-gatk-germline-single-sample-pipeline-master/tmp/1977401714735460022/cromwell-executions/WholeGenomeGermlineSingleSample/3d34995f-bd8e-4e1e-88c8-95f2cc6eb274/call-UnmappedBamToAlignedBam/UnmappedBamToAlignedBam/4a1c33f3-cf3d-44bd-a4eb-bf4bb8fa4c5e/call-SplitRG/shard-0/SplitLargeReadGroup/fe27c5e0-9c12-4cc7-8978-b486720a16c5/call-SamToFastqAndDragmapAndMba/shard-27/execution/docker_cid
# run as in the original configuration without --rm flag (will remove later)
docker run \
  --cidfile /mnt/nas1/projects/lasr/blendseq/warp-pipelines/warp-gatk-germline-single-sample-pipeline-master/tmp/1977401714735460022/cromwell-executions/WholeGenomeGermlineSingleSample/3d34995f-bd8e-4e1e-88c8-95f2cc6eb274/call-UnmappedBamToAlignedBam/UnmappedBamToAlignedBam/4a1c33f3-cf3d-44bd-a4eb-bf4bb8fa4c5e/call-SplitRG/shard-0/SplitLargeReadGroup/fe27c5e0-9c12-4cc7-8978-b486720a16c5/call-SamToFastqAndDragmapAndMba/shard-27/execution/docker_cid \
  -i \
  --user 1027:1028 \
  --cpus="64" \
  --memory="204800M" \
  --entrypoint /bin/bash \
  -v /mnt/nas1/projects/lasr/blendseq/warp-pipelines/warp-gatk-germline-single-sample-pipeline-master/tmp/1977401714735460022/cromwell-executions/WholeGenomeGermlineSingleSample/3d34995f-bd8e-4e1e-88c8-95f2cc6eb274/call-UnmappedBamToAlignedBam/UnmappedBamToAlignedBam/4a1c33f3-cf3d-44bd-a4eb-bf4bb8fa4c5e/call-SplitRG/shard-0/SplitLargeReadGroup/fe27c5e0-9c12-4cc7-8978-b486720a16c5/call-SamToFastqAndDragmapAndMba/shard-27:/cromwell-executions/WholeGenomeGermlineSingleSample/3d34995f-bd8e-4e1e-88c8-95f2cc6eb274/call-UnmappedBamToAlignedBam/UnmappedBamToAlignedBam/4a1c33f3-cf3d-44bd-a4eb-bf4bb8fa4c5e/call-SplitRG/shard-0/SplitLargeReadGroup/fe27c5e0-9c12-4cc7-8978-b486720a16c5/call-SamToFastqAndDragmapAndMba/shard-27 \
  us.gcr.io/broad-gotc-prod/dragmap@sha256:5964afca3e4173c33b11100f68c1a44642e0ff2ee4de5a49d8cd446fef308b23 /cromwell-executions/WholeGenomeGermlineSingleSample/3d34995f-bd8e-4e1e-88c8-95f2cc6eb274/call-UnmappedBamToAlignedBam/UnmappedBamToAlignedBam/4a1c33f3-cf3d-44bd-a4eb-bf4bb8fa4c5e/call-SplitRG/shard-0/SplitLargeReadGroup/fe27c5e0-9c12-4cc7-8978-b486720a16c5/call-SamToFastqAndDragmapAndMba/shard-27/execution/script

# get the return code (working even if the container was detached)
rc=$(docker wait [38;5;5mcat /mnt/nas1/projects/lasr/blendseq/warp-pipelines/warp-gatk-germline-single-sample-pipeline-master/tmp/1977401714735460022/cromwell-executions/WholeGenomeGermlineSingleSample/3d34995f-bd8e-4e1e-88c8-95f2cc6eb274/call-UnmappedBamToAlignedBam/UnmappedBamToAlignedBam/4a1c33f3-cf3d-44bd-a4eb-bf4bb8fa4c5e/call-SplitRG/shard-0/SplitLargeReadGroup/fe27c5e0-9c12-4cc7-8978-b486720a16c5/call-SamToFastqAndDragmapAndMba/shard-27/execution/docker_cid[0m)

# remove the container after waiting
docker rm [38;5;5mcat /mnt/nas1/projects/lasr/blendseq/warp-pipelines/warp-gatk-germline-single-sample-pipeline-master/tmp/1977401714735460022/cromwell-executions/WholeGenomeGermlineSingleSample/3d34995f-bd8e-4e1e-88c8-95f2cc6eb274/call-UnmappedBamToAlignedBam/UnmappedBamToAlignedBam/4a1c33f3-cf3d-44bd-a4eb-bf4bb8fa4c5e/call-SplitRG/shard-0/SplitLargeReadGroup/fe27c5e0-9c12-4cc7-8978-b486720a16c5/call-SamToFastqAndDragmapAndMba/shard-27/execution/docker_cid[0m

# return exit code
exit $rc
[2025-11-29 15:08:12,70] [info] BackgroundConfigAsyncJobExecutionActor [[38;5;2mfe27c5e0[0mSplitLargeReadGroup.SamToFastqAndDragmapAndMba:27:1]: job id: 249957
[2025-11-29 15:08:12,70] [info] BackgroundConfigAsyncJobExecutionActor [[38;5;2mfe27c5e0[0mSplitLargeReadGroup.SamToFastqAndDragmapAndMba:27:1]: Status change from - to WaitingForReturnCode
[2025-11-29 15:08:48,80] [info] BackgroundConfigAsyncJobExecutionActor [[38;5;2mfe27c5e0[0mSplitLargeReadGroup.SamToFastqAndDragmapAndMba:27:1]: Status change from WaitingForReturnCode to Done
[2025-11-29 15:08:57,78] [info] Assigned new job execution tokens to the following groups: 3d34995f: 1
[2025-11-29 15:08:57,81] [[38;5;220mwarn[0m] BackgroundConfigAsyncJobExecutionActor [[38;5;2mfe27c5e0[0mSplitLargeReadGroup.SamToFastqAndDragmapAndMba:9:1]: Unrecognized runtime attribute keys: preemptible, disks, cpu, memory
[2025-11-29 15:09:08,95] [info] BackgroundConfigAsyncJobExecutionActor [[38;5;2mfe27c5e0[0mSplitLargeReadGroup.SamToFastqAndDragmapAndMba:9:1]: [38;5;5mset -euxo pipefail

DRAGMAP_VERSION=$(dragen-os --version)

if [ -z ${DRAGMAP_VERSION} ]; then
    exit 1;
fi

mkdir dragen_reference
mv /cromwell-executions/WholeGenomeGermlineSingleSample/3d34995f-bd8e-4e1e-88c8-95f2cc6eb274/call-UnmappedBamToAlignedBam/UnmappedBamToAlignedBam/4a1c33f3-cf3d-44bd-a4eb-bf4bb8fa4c5e/call-SplitRG/shard-0/SplitLargeReadGroup/fe27c5e0-9c12-4cc7-8978-b486720a16c5/call-SamToFastqAndDragmapAndMba/shard-9/inputs/-1290198700/reference.bin /cromwell-executions/WholeGenomeGermlineSingleSample/3d34995f-bd8e-4e1e-88c8-95f2cc6eb274/call-UnmappedBamToAlignedBam/UnmappedBamToAlignedBam/4a1c33f3-cf3d-44bd-a4eb-bf4bb8fa4c5e/call-SplitRG/shard-0/SplitLargeReadGroup/fe27c5e0-9c12-4cc7-8978-b486720a16c5/call-SamToFastqAndDragmapAndMba/shard-9/inputs/-1290198700/hash_table.cfg.bin /cromwell-executions/WholeGenomeGermlineSingleSample/3d34995f-bd8e-4e1e-88c8-95f2cc6eb274/call-UnmappedBamToAlignedBam/UnmappedBamToAlignedBam/4a1c33f3-cf3d-44bd-a4eb-bf4bb8fa4c5e/call-SplitRG/shard-0/SplitLargeReadGroup/fe27c5e0-9c12-4cc7-8978-b486720a16c5/call-SamToFastqAndDragmapAndMba/shard-9/inputs/-1290198700/hash_table.cmp dragen_reference

dragen-os -b /cromwell-executions/WholeGenomeGermlineSingleSample/3d34995f-bd8e-4e1e-88c8-95f2cc6eb274/call-UnmappedBamToAlignedBam/UnmappedBamToAlignedBam/4a1c33f3-cf3d-44bd-a4eb-bf4bb8fa4c5e/call-SplitRG/shard-0/SplitLargeReadGroup/fe27c5e0-9c12-4cc7-8978-b486720a16c5/call-SamToFastqAndDragmapAndMba/shard-9/inputs/-1047237686/shard_0010.bam -r dragen_reference --interleaved=1 --preserve-map-align-order true 2> >(tee shard_0010.dragmap.stderr.log >&2) | samtools view -h -O BAM - > aligned.bam
java -Dsamjdk.compression_level=2 -Xms1000m -Xmx1000m -jar /picard/picard.jar \
  MergeBamAlignment \
  VALIDATION_STRINGENCY=SILENT \
  EXPECTED_ORIENTATIONS=FR \
  ATTRIBUTES_TO_RETAIN=X0 \
  ATTRIBUTES_TO_REMOVE=RG \
  ATTRIBUTES_TO_REMOVE=NM \
  ATTRIBUTES_TO_REMOVE=MD \
  ALIGNED_BAM=aligned.bam \
  UNMAPPED_BAM=/cromwell-executions/WholeGenomeGermlineSingleSample/3d34995f-bd8e-4e1e-88c8-95f2cc6eb274/call-UnmappedBamToAlignedBam/UnmappedBamToAlignedBam/4a1c33f3-cf3d-44bd-a4eb-bf4bb8fa4c5e/call-SplitRG/shard-0/SplitLargeReadGroup/fe27c5e0-9c12-4cc7-8978-b486720a16c5/call-SamToFastqAndDragmapAndMba/shard-9/inputs/-1047237686/shard_0010.bam \
  OUTPUT=shard_0010.bam \
  REFERENCE_SEQUENCE=/cromwell-executions/WholeGenomeGermlineSingleSample/3d34995f-bd8e-4e1e-88c8-95f2cc6eb274/call-UnmappedBamToAlignedBam/UnmappedBamToAlignedBam/4a1c33f3-cf3d-44bd-a4eb-bf4bb8fa4c5e/call-SplitRG/shard-0/SplitLargeReadGroup/fe27c5e0-9c12-4cc7-8978-b486720a16c5/call-SamToFastqAndDragmapAndMba/shard-9/inputs/-1569105944/Homo_sapiens_assembly38_masked.fasta \
  PAIRED_RUN=true \
  SORT_ORDER="unsorted" \
  IS_BISULFITE_SEQUENCE=false \
  ALIGNED_READS_ONLY=false \
  CLIP_ADAPTERS=false \
   \
   \
  MAX_RECORDS_IN_RAM=2000000 \
  ADD_MATE_CIGAR=true \
  MAX_INSERTIONS_OR_DELETIONS=-1 \
  PRIMARY_ALIGNMENT_STRATEGY=MostDistant \
  PROGRAM_RECORD_ID="dragen-os" \
  PROGRAM_GROUP_VERSION="${DRAGMAP_VERSION}" \
  PROGRAM_GROUP_COMMAND_LINE="dragen-os -b /cromwell-executions/WholeGenomeGermlineSingleSample/3d34995f-bd8e-4e1e-88c8-95f2cc6eb274/call-UnmappedBamToAlignedBam/UnmappedBamToAlignedBam/4a1c33f3-cf3d-44bd-a4eb-bf4bb8fa4c5e/call-SplitRG/shard-0/SplitLargeReadGroup/fe27c5e0-9c12-4cc7-8978-b486720a16c5/call-SamToFastqAndDragmapAndMba/shard-9/inputs/-1047237686/shard_0010.bam -r dragen_reference --interleaved=1" \
  PROGRAM_GROUP_NAME="dragen-os" \
  UNMAPPED_READ_STRATEGY=COPY_TO_TAG \
  ALIGNER_PROPER_PAIR_FLAGS=true \
  UNMAP_CONTAMINANT_READS=true \
  ADD_PG_TAG_TO_READS=false[0m
[2025-11-29 15:09:08,96] [info] BackgroundConfigAsyncJobExecutionActor [[38;5;2mfe27c5e0[0mSplitLargeReadGroup.SamToFastqAndDragmapAndMba:9:1]: executing: # make sure there is no preexisting Docker CID file
rm -f /mnt/nas1/projects/lasr/blendseq/warp-pipelines/warp-gatk-germline-single-sample-pipeline-master/tmp/1977401714735460022/cromwell-executions/WholeGenomeGermlineSingleSample/3d34995f-bd8e-4e1e-88c8-95f2cc6eb274/call-UnmappedBamToAlignedBam/UnmappedBamToAlignedBam/4a1c33f3-cf3d-44bd-a4eb-bf4bb8fa4c5e/call-SplitRG/shard-0/SplitLargeReadGroup/fe27c5e0-9c12-4cc7-8978-b486720a16c5/call-SamToFastqAndDragmapAndMba/shard-9/execution/docker_cid
# run as in the original configuration without --rm flag (will remove later)
docker run \
  --cidfile /mnt/nas1/projects/lasr/blendseq/warp-pipelines/warp-gatk-germline-single-sample-pipeline-master/tmp/1977401714735460022/cromwell-executions/WholeGenomeGermlineSingleSample/3d34995f-bd8e-4e1e-88c8-95f2cc6eb274/call-UnmappedBamToAlignedBam/UnmappedBamToAlignedBam/4a1c33f3-cf3d-44bd-a4eb-bf4bb8fa4c5e/call-SplitRG/shard-0/SplitLargeReadGroup/fe27c5e0-9c12-4cc7-8978-b486720a16c5/call-SamToFastqAndDragmapAndMba/shard-9/execution/docker_cid \
  -i \
  --user 1027:1028 \
  --cpus="64" \
  --memory="204800M" \
  --entrypoint /bin/bash \
  -v /mnt/nas1/projects/lasr/blendseq/warp-pipelines/warp-gatk-germline-single-sample-pipeline-master/tmp/1977401714735460022/cromwell-executions/WholeGenomeGermlineSingleSample/3d34995f-bd8e-4e1e-88c8-95f2cc6eb274/call-UnmappedBamToAlignedBam/UnmappedBamToAlignedBam/4a1c33f3-cf3d-44bd-a4eb-bf4bb8fa4c5e/call-SplitRG/shard-0/SplitLargeReadGroup/fe27c5e0-9c12-4cc7-8978-b486720a16c5/call-SamToFastqAndDragmapAndMba/shard-9:/cromwell-executions/WholeGenomeGermlineSingleSample/3d34995f-bd8e-4e1e-88c8-95f2cc6eb274/call-UnmappedBamToAlignedBam/UnmappedBamToAlignedBam/4a1c33f3-cf3d-44bd-a4eb-bf4bb8fa4c5e/call-SplitRG/shard-0/SplitLargeReadGroup/fe27c5e0-9c12-4cc7-8978-b486720a16c5/call-SamToFastqAndDragmapAndMba/shard-9 \
  us.gcr.io/broad-gotc-prod/dragmap@sha256:5964afca3e4173c33b11100f68c1a44642e0ff2ee4de5a49d8cd446fef308b23 /cromwell-executions/WholeGenomeGermlineSingleSample/3d34995f-bd8e-4e1e-88c8-95f2cc6eb274/call-UnmappedBamToAlignedBam/UnmappedBamToAlignedBam/4a1c33f3-cf3d-44bd-a4eb-bf4bb8fa4c5e/call-SplitRG/shard-0/SplitLargeReadGroup/fe27c5e0-9c12-4cc7-8978-b486720a16c5/call-SamToFastqAndDragmapAndMba/shard-9/execution/script

# get the return code (working even if the container was detached)
rc=$(docker wait [38;5;5mcat /mnt/nas1/projects/lasr/blendseq/warp-pipelines/warp-gatk-germline-single-sample-pipeline-master/tmp/1977401714735460022/cromwell-executions/WholeGenomeGermlineSingleSample/3d34995f-bd8e-4e1e-88c8-95f2cc6eb274/call-UnmappedBamToAlignedBam/UnmappedBamToAlignedBam/4a1c33f3-cf3d-44bd-a4eb-bf4bb8fa4c5e/call-SplitRG/shard-0/SplitLargeReadGroup/fe27c5e0-9c12-4cc7-8978-b486720a16c5/call-SamToFastqAndDragmapAndMba/shard-9/execution/docker_cid[0m)

# remove the container after waiting
docker rm [38;5;5mcat /mnt/nas1/projects/lasr/blendseq/warp-pipelines/warp-gatk-germline-single-sample-pipeline-master/tmp/1977401714735460022/cromwell-executions/WholeGenomeGermlineSingleSample/3d34995f-bd8e-4e1e-88c8-95f2cc6eb274/call-UnmappedBamToAlignedBam/UnmappedBamToAlignedBam/4a1c33f3-cf3d-44bd-a4eb-bf4bb8fa4c5e/call-SplitRG/shard-0/SplitLargeReadGroup/fe27c5e0-9c12-4cc7-8978-b486720a16c5/call-SamToFastqAndDragmapAndMba/shard-9/execution/docker_cid[0m

# return exit code
exit $rc
[2025-11-29 15:09:12,70] [info] BackgroundConfigAsyncJobExecutionActor [[38;5;2mfe27c5e0[0mSplitLargeReadGroup.SamToFastqAndDragmapAndMba:9:1]: job id: 250573
[2025-11-29 15:09:12,70] [info] BackgroundConfigAsyncJobExecutionActor [[38;5;2mfe27c5e0[0mSplitLargeReadGroup.SamToFastqAndDragmapAndMba:9:1]: Status change from - to WaitingForReturnCode
[2025-11-29 15:10:04,34] [info] BackgroundConfigAsyncJobExecutionActor [[38;5;2mfe27c5e0[0mSplitLargeReadGroup.SamToFastqAndDragmapAndMba:9:1]: Status change from WaitingForReturnCode to Done
[2025-11-29 15:10:07,78] [info] Assigned new job execution tokens to the following groups: 3d34995f: 1
[2025-11-29 15:10:07,83] [[38;5;220mwarn[0m] BackgroundConfigAsyncJobExecutionActor [[38;5;2mfe27c5e0[0mSplitLargeReadGroup.SamToFastqAndDragmapAndMba:12:1]: Unrecognized runtime attribute keys: preemptible, disks, cpu, memory
[2025-11-29 15:10:17,59] [info] BackgroundConfigAsyncJobExecutionActor [[38;5;2mfe27c5e0[0mSplitLargeReadGroup.SamToFastqAndDragmapAndMba:12:1]: [38;5;5mset -euxo pipefail

DRAGMAP_VERSION=$(dragen-os --version)

if [ -z ${DRAGMAP_VERSION} ]; then
    exit 1;
fi

mkdir dragen_reference
mv /cromwell-executions/WholeGenomeGermlineSingleSample/3d34995f-bd8e-4e1e-88c8-95f2cc6eb274/call-UnmappedBamToAlignedBam/UnmappedBamToAlignedBam/4a1c33f3-cf3d-44bd-a4eb-bf4bb8fa4c5e/call-SplitRG/shard-0/SplitLargeReadGroup/fe27c5e0-9c12-4cc7-8978-b486720a16c5/call-SamToFastqAndDragmapAndMba/shard-12/inputs/-1290198700/reference.bin /cromwell-executions/WholeGenomeGermlineSingleSample/3d34995f-bd8e-4e1e-88c8-95f2cc6eb274/call-UnmappedBamToAlignedBam/UnmappedBamToAlignedBam/4a1c33f3-cf3d-44bd-a4eb-bf4bb8fa4c5e/call-SplitRG/shard-0/SplitLargeReadGroup/fe27c5e0-9c12-4cc7-8978-b486720a16c5/call-SamToFastqAndDragmapAndMba/shard-12/inputs/-1290198700/hash_table.cfg.bin /cromwell-executions/WholeGenomeGermlineSingleSample/3d34995f-bd8e-4e1e-88c8-95f2cc6eb274/call-UnmappedBamToAlignedBam/UnmappedBamToAlignedBam/4a1c33f3-cf3d-44bd-a4eb-bf4bb8fa4c5e/call-SplitRG/shard-0/SplitLargeReadGroup/fe27c5e0-9c12-4cc7-8978-b486720a16c5/call-SamToFastqAndDragmapAndMba/shard-12/inputs/-1290198700/hash_table.cmp dragen_reference

dragen-os -b /cromwell-executions/WholeGenomeGermlineSingleSample/3d34995f-bd8e-4e1e-88c8-95f2cc6eb274/call-UnmappedBamToAlignedBam/UnmappedBamToAlignedBam/4a1c33f3-cf3d-44bd-a4eb-bf4bb8fa4c5e/call-SplitRG/shard-0/SplitLargeReadGroup/fe27c5e0-9c12-4cc7-8978-b486720a16c5/call-SamToFastqAndDragmapAndMba/shard-12/inputs/-1047237686/shard_0013.bam -r dragen_reference --interleaved=1 --preserve-map-align-order true 2> >(tee shard_0013.dragmap.stderr.log >&2) | samtools view -h -O BAM - > aligned.bam
java -Dsamjdk.compression_level=2 -Xms1000m -Xmx1000m -jar /picard/picard.jar \
  MergeBamAlignment \
  VALIDATION_STRINGENCY=SILENT \
  EXPECTED_ORIENTATIONS=FR \
  ATTRIBUTES_TO_RETAIN=X0 \
  ATTRIBUTES_TO_REMOVE=RG \
  ATTRIBUTES_TO_REMOVE=NM \
  ATTRIBUTES_TO_REMOVE=MD \
  ALIGNED_BAM=aligned.bam \
  UNMAPPED_BAM=/cromwell-executions/WholeGenomeGermlineSingleSample/3d34995f-bd8e-4e1e-88c8-95f2cc6eb274/call-UnmappedBamToAlignedBam/UnmappedBamToAlignedBam/4a1c33f3-cf3d-44bd-a4eb-bf4bb8fa4c5e/call-SplitRG/shard-0/SplitLargeReadGroup/fe27c5e0-9c12-4cc7-8978-b486720a16c5/call-SamToFastqAndDragmapAndMba/shard-12/inputs/-1047237686/shard_0013.bam \
  OUTPUT=shard_0013.bam \
  REFERENCE_SEQUENCE=/cromwell-executions/WholeGenomeGermlineSingleSample/3d34995f-bd8e-4e1e-88c8-95f2cc6eb274/call-UnmappedBamToAlignedBam/UnmappedBamToAlignedBam/4a1c33f3-cf3d-44bd-a4eb-bf4bb8fa4c5e/call-SplitRG/shard-0/SplitLargeReadGroup/fe27c5e0-9c12-4cc7-8978-b486720a16c5/call-SamToFastqAndDragmapAndMba/shard-12/inputs/-1569105944/Homo_sapiens_assembly38_masked.fasta \
  PAIRED_RUN=true \
  SORT_ORDER="unsorted" \
  IS_BISULFITE_SEQUENCE=false \
  ALIGNED_READS_ONLY=false \
  CLIP_ADAPTERS=false \
   \
   \
  MAX_RECORDS_IN_RAM=2000000 \
  ADD_MATE_CIGAR=true \
  MAX_INSERTIONS_OR_DELETIONS=-1 \
  PRIMARY_ALIGNMENT_STRATEGY=MostDistant \
  PROGRAM_RECORD_ID="dragen-os" \
  PROGRAM_GROUP_VERSION="${DRAGMAP_VERSION}" \
  PROGRAM_GROUP_COMMAND_LINE="dragen-os -b /cromwell-executions/WholeGenomeGermlineSingleSample/3d34995f-bd8e-4e1e-88c8-95f2cc6eb274/call-UnmappedBamToAlignedBam/UnmappedBamToAlignedBam/4a1c33f3-cf3d-44bd-a4eb-bf4bb8fa4c5e/call-SplitRG/shard-0/SplitLargeReadGroup/fe27c5e0-9c12-4cc7-8978-b486720a16c5/call-SamToFastqAndDragmapAndMba/shard-12/inputs/-1047237686/shard_0013.bam -r dragen_reference --interleaved=1" \
  PROGRAM_GROUP_NAME="dragen-os" \
  UNMAPPED_READ_STRATEGY=COPY_TO_TAG \
  ALIGNER_PROPER_PAIR_FLAGS=true \
  UNMAP_CONTAMINANT_READS=true \
  ADD_PG_TAG_TO_READS=false[0m
[2025-11-29 15:10:17,59] [info] BackgroundConfigAsyncJobExecutionActor [[38;5;2mfe27c5e0[0mSplitLargeReadGroup.SamToFastqAndDragmapAndMba:12:1]: executing: # make sure there is no preexisting Docker CID file
rm -f /mnt/nas1/projects/lasr/blendseq/warp-pipelines/warp-gatk-germline-single-sample-pipeline-master/tmp/1977401714735460022/cromwell-executions/WholeGenomeGermlineSingleSample/3d34995f-bd8e-4e1e-88c8-95f2cc6eb274/call-UnmappedBamToAlignedBam/UnmappedBamToAlignedBam/4a1c33f3-cf3d-44bd-a4eb-bf4bb8fa4c5e/call-SplitRG/shard-0/SplitLargeReadGroup/fe27c5e0-9c12-4cc7-8978-b486720a16c5/call-SamToFastqAndDragmapAndMba/shard-12/execution/docker_cid
# run as in the original configuration without --rm flag (will remove later)
docker run \
  --cidfile /mnt/nas1/projects/lasr/blendseq/warp-pipelines/warp-gatk-germline-single-sample-pipeline-master/tmp/1977401714735460022/cromwell-executions/WholeGenomeGermlineSingleSample/3d34995f-bd8e-4e1e-88c8-95f2cc6eb274/call-UnmappedBamToAlignedBam/UnmappedBamToAlignedBam/4a1c33f3-cf3d-44bd-a4eb-bf4bb8fa4c5e/call-SplitRG/shard-0/SplitLargeReadGroup/fe27c5e0-9c12-4cc7-8978-b486720a16c5/call-SamToFastqAndDragmapAndMba/shard-12/execution/docker_cid \
  -i \
  --user 1027:1028 \
  --cpus="64" \
  --memory="204800M" \
  --entrypoint /bin/bash \
  -v /mnt/nas1/projects/lasr/blendseq/warp-pipelines/warp-gatk-germline-single-sample-pipeline-master/tmp/1977401714735460022/cromwell-executions/WholeGenomeGermlineSingleSample/3d34995f-bd8e-4e1e-88c8-95f2cc6eb274/call-UnmappedBamToAlignedBam/UnmappedBamToAlignedBam/4a1c33f3-cf3d-44bd-a4eb-bf4bb8fa4c5e/call-SplitRG/shard-0/SplitLargeReadGroup/fe27c5e0-9c12-4cc7-8978-b486720a16c5/call-SamToFastqAndDragmapAndMba/shard-12:/cromwell-executions/WholeGenomeGermlineSingleSample/3d34995f-bd8e-4e1e-88c8-95f2cc6eb274/call-UnmappedBamToAlignedBam/UnmappedBamToAlignedBam/4a1c33f3-cf3d-44bd-a4eb-bf4bb8fa4c5e/call-SplitRG/shard-0/SplitLargeReadGroup/fe27c5e0-9c12-4cc7-8978-b486720a16c5/call-SamToFastqAndDragmapAndMba/shard-12 \
  us.gcr.io/broad-gotc-prod/dragmap@sha256:5964afca3e4173c33b11100f68c1a44642e0ff2ee4de5a49d8cd446fef308b23 /cromwell-executions/WholeGenomeGermlineSingleSample/3d34995f-bd8e-4e1e-88c8-95f2cc6eb274/call-UnmappedBamToAlignedBam/UnmappedBamToAlignedBam/4a1c33f3-cf3d-44bd-a4eb-bf4bb8fa4c5e/call-SplitRG/shard-0/SplitLargeReadGroup/fe27c5e0-9c12-4cc7-8978-b486720a16c5/call-SamToFastqAndDragmapAndMba/shard-12/execution/script

# get the return code (working even if the container was detached)
rc=$(docker wait [38;5;5mcat /mnt/nas1/projects/lasr/blendseq/warp-pipelines/warp-gatk-germline-single-sample-pipeline-master/tmp/1977401714735460022/cromwell-executions/WholeGenomeGermlineSingleSample/3d34995f-bd8e-4e1e-88c8-95f2cc6eb274/call-UnmappedBamToAlignedBam/UnmappedBamToAlignedBam/4a1c33f3-cf3d-44bd-a4eb-bf4bb8fa4c5e/call-SplitRG/shard-0/SplitLargeReadGroup/fe27c5e0-9c12-4cc7-8978-b486720a16c5/call-SamToFastqAndDragmapAndMba/shard-12/execution/docker_cid[0m)

# remove the container after waiting
docker rm [38;5;5mcat /mnt/nas1/projects/lasr/blendseq/warp-pipelines/warp-gatk-germline-single-sample-pipeline-master/tmp/1977401714735460022/cromwell-executions/WholeGenomeGermlineSingleSample/3d34995f-bd8e-4e1e-88c8-95f2cc6eb274/call-UnmappedBamToAlignedBam/UnmappedBamToAlignedBam/4a1c33f3-cf3d-44bd-a4eb-bf4bb8fa4c5e/call-SplitRG/shard-0/SplitLargeReadGroup/fe27c5e0-9c12-4cc7-8978-b486720a16c5/call-SamToFastqAndDragmapAndMba/shard-12/execution/docker_cid[0m

# return exit code
exit $rc
[2025-11-29 15:10:17,70] [info] BackgroundConfigAsyncJobExecutionActor [[38;5;2mfe27c5e0[0mSplitLargeReadGroup.SamToFastqAndDragmapAndMba:12:1]: job id: 251187
[2025-11-29 15:10:17,70] [info] BackgroundConfigAsyncJobExecutionActor [[38;5;2mfe27c5e0[0mSplitLargeReadGroup.SamToFastqAndDragmapAndMba:12:1]: Status change from - to WaitingForReturnCode
[2025-11-29 15:10:54,76] [info] BackgroundConfigAsyncJobExecutionActor [[38;5;2mfe27c5e0[0mSplitLargeReadGroup.SamToFastqAndDragmapAndMba:12:1]: Status change from WaitingForReturnCode to Done
[2025-11-29 15:10:57,78] [info] Assigned new job execution tokens to the following groups: 3d34995f: 1
[2025-11-29 15:10:57,80] [[38;5;220mwarn[0m] BackgroundConfigAsyncJobExecutionActor [[38;5;2mfe27c5e0[0mSplitLargeReadGroup.SamToFastqAndDragmapAndMba:30:1]: Unrecognized runtime attribute keys: preemptible, disks, cpu, memory
[2025-11-29 15:11:07,42] [info] BackgroundConfigAsyncJobExecutionActor [[38;5;2mfe27c5e0[0mSplitLargeReadGroup.SamToFastqAndDragmapAndMba:30:1]: [38;5;5mset -euxo pipefail

DRAGMAP_VERSION=$(dragen-os --version)

if [ -z ${DRAGMAP_VERSION} ]; then
    exit 1;
fi

mkdir dragen_reference
mv /cromwell-executions/WholeGenomeGermlineSingleSample/3d34995f-bd8e-4e1e-88c8-95f2cc6eb274/call-UnmappedBamToAlignedBam/UnmappedBamToAlignedBam/4a1c33f3-cf3d-44bd-a4eb-bf4bb8fa4c5e/call-SplitRG/shard-0/SplitLargeReadGroup/fe27c5e0-9c12-4cc7-8978-b486720a16c5/call-SamToFastqAndDragmapAndMba/shard-30/inputs/-1290198700/reference.bin /cromwell-executions/WholeGenomeGermlineSingleSample/3d34995f-bd8e-4e1e-88c8-95f2cc6eb274/call-UnmappedBamToAlignedBam/UnmappedBamToAlignedBam/4a1c33f3-cf3d-44bd-a4eb-bf4bb8fa4c5e/call-SplitRG/shard-0/SplitLargeReadGroup/fe27c5e0-9c12-4cc7-8978-b486720a16c5/call-SamToFastqAndDragmapAndMba/shard-30/inputs/-1290198700/hash_table.cfg.bin /cromwell-executions/WholeGenomeGermlineSingleSample/3d34995f-bd8e-4e1e-88c8-95f2cc6eb274/call-UnmappedBamToAlignedBam/UnmappedBamToAlignedBam/4a1c33f3-cf3d-44bd-a4eb-bf4bb8fa4c5e/call-SplitRG/shard-0/SplitLargeReadGroup/fe27c5e0-9c12-4cc7-8978-b486720a16c5/call-SamToFastqAndDragmapAndMba/shard-30/inputs/-1290198700/hash_table.cmp dragen_reference

dragen-os -b /cromwell-executions/WholeGenomeGermlineSingleSample/3d34995f-bd8e-4e1e-88c8-95f2cc6eb274/call-UnmappedBamToAlignedBam/UnmappedBamToAlignedBam/4a1c33f3-cf3d-44bd-a4eb-bf4bb8fa4c5e/call-SplitRG/shard-0/SplitLargeReadGroup/fe27c5e0-9c12-4cc7-8978-b486720a16c5/call-SamToFastqAndDragmapAndMba/shard-30/inputs/-1047237686/shard_0031.bam -r dragen_reference --interleaved=1 --preserve-map-align-order true 2> >(tee shard_0031.dragmap.stderr.log >&2) | samtools view -h -O BAM - > aligned.bam
java -Dsamjdk.compression_level=2 -Xms1000m -Xmx1000m -jar /picard/picard.jar \
  MergeBamAlignment \
  VALIDATION_STRINGENCY=SILENT \
  EXPECTED_ORIENTATIONS=FR \
  ATTRIBUTES_TO_RETAIN=X0 \
  ATTRIBUTES_TO_REMOVE=RG \
  ATTRIBUTES_TO_REMOVE=NM \
  ATTRIBUTES_TO_REMOVE=MD \
  ALIGNED_BAM=aligned.bam \
  UNMAPPED_BAM=/cromwell-executions/WholeGenomeGermlineSingleSample/3d34995f-bd8e-4e1e-88c8-95f2cc6eb274/call-UnmappedBamToAlignedBam/UnmappedBamToAlignedBam/4a1c33f3-cf3d-44bd-a4eb-bf4bb8fa4c5e/call-SplitRG/shard-0/SplitLargeReadGroup/fe27c5e0-9c12-4cc7-8978-b486720a16c5/call-SamToFastqAndDragmapAndMba/shard-30/inputs/-1047237686/shard_0031.bam \
  OUTPUT=shard_0031.bam \
  REFERENCE_SEQUENCE=/cromwell-executions/WholeGenomeGermlineSingleSample/3d34995f-bd8e-4e1e-88c8-95f2cc6eb274/call-UnmappedBamToAlignedBam/UnmappedBamToAlignedBam/4a1c33f3-cf3d-44bd-a4eb-bf4bb8fa4c5e/call-SplitRG/shard-0/SplitLargeReadGroup/fe27c5e0-9c12-4cc7-8978-b486720a16c5/call-SamToFastqAndDragmapAndMba/shard-30/inputs/-1569105944/Homo_sapiens_assembly38_masked.fasta \
  PAIRED_RUN=true \
  SORT_ORDER="unsorted" \
  IS_BISULFITE_SEQUENCE=false \
  ALIGNED_READS_ONLY=false \
  CLIP_ADAPTERS=false \
   \
   \
  MAX_RECORDS_IN_RAM=2000000 \
  ADD_MATE_CIGAR=true \
  MAX_INSERTIONS_OR_DELETIONS=-1 \
  PRIMARY_ALIGNMENT_STRATEGY=MostDistant \
  PROGRAM_RECORD_ID="dragen-os" \
  PROGRAM_GROUP_VERSION="${DRAGMAP_VERSION}" \
  PROGRAM_GROUP_COMMAND_LINE="dragen-os -b /cromwell-executions/WholeGenomeGermlineSingleSample/3d34995f-bd8e-4e1e-88c8-95f2cc6eb274/call-UnmappedBamToAlignedBam/UnmappedBamToAlignedBam/4a1c33f3-cf3d-44bd-a4eb-bf4bb8fa4c5e/call-SplitRG/shard-0/SplitLargeReadGroup/fe27c5e0-9c12-4cc7-8978-b486720a16c5/call-SamToFastqAndDragmapAndMba/shard-30/inputs/-1047237686/shard_0031.bam -r dragen_reference --interleaved=1" \
  PROGRAM_GROUP_NAME="dragen-os" \
  UNMAPPED_READ_STRATEGY=COPY_TO_TAG \
  ALIGNER_PROPER_PAIR_FLAGS=true \
  UNMAP_CONTAMINANT_READS=true \
  ADD_PG_TAG_TO_READS=false[0m
[2025-11-29 15:11:07,43] [info] BackgroundConfigAsyncJobExecutionActor [[38;5;2mfe27c5e0[0mSplitLargeReadGroup.SamToFastqAndDragmapAndMba:30:1]: executing: # make sure there is no preexisting Docker CID file
rm -f /mnt/nas1/projects/lasr/blendseq/warp-pipelines/warp-gatk-germline-single-sample-pipeline-master/tmp/1977401714735460022/cromwell-executions/WholeGenomeGermlineSingleSample/3d34995f-bd8e-4e1e-88c8-95f2cc6eb274/call-UnmappedBamToAlignedBam/UnmappedBamToAlignedBam/4a1c33f3-cf3d-44bd-a4eb-bf4bb8fa4c5e/call-SplitRG/shard-0/SplitLargeReadGroup/fe27c5e0-9c12-4cc7-8978-b486720a16c5/call-SamToFastqAndDragmapAndMba/shard-30/execution/docker_cid
# run as in the original configuration without --rm flag (will remove later)
docker run \
  --cidfile /mnt/nas1/projects/lasr/blendseq/warp-pipelines/warp-gatk-germline-single-sample-pipeline-master/tmp/1977401714735460022/cromwell-executions/WholeGenomeGermlineSingleSample/3d34995f-bd8e-4e1e-88c8-95f2cc6eb274/call-UnmappedBamToAlignedBam/UnmappedBamToAlignedBam/4a1c33f3-cf3d-44bd-a4eb-bf4bb8fa4c5e/call-SplitRG/shard-0/SplitLargeReadGroup/fe27c5e0-9c12-4cc7-8978-b486720a16c5/call-SamToFastqAndDragmapAndMba/shard-30/execution/docker_cid \
  -i \
  --user 1027:1028 \
  --cpus="64" \
  --memory="204800M" \
  --entrypoint /bin/bash \
  -v /mnt/nas1/projects/lasr/blendseq/warp-pipelines/warp-gatk-germline-single-sample-pipeline-master/tmp/1977401714735460022/cromwell-executions/WholeGenomeGermlineSingleSample/3d34995f-bd8e-4e1e-88c8-95f2cc6eb274/call-UnmappedBamToAlignedBam/UnmappedBamToAlignedBam/4a1c33f3-cf3d-44bd-a4eb-bf4bb8fa4c5e/call-SplitRG/shard-0/SplitLargeReadGroup/fe27c5e0-9c12-4cc7-8978-b486720a16c5/call-SamToFastqAndDragmapAndMba/shard-30:/cromwell-executions/WholeGenomeGermlineSingleSample/3d34995f-bd8e-4e1e-88c8-95f2cc6eb274/call-UnmappedBamToAlignedBam/UnmappedBamToAlignedBam/4a1c33f3-cf3d-44bd-a4eb-bf4bb8fa4c5e/call-SplitRG/shard-0/SplitLargeReadGroup/fe27c5e0-9c12-4cc7-8978-b486720a16c5/call-SamToFastqAndDragmapAndMba/shard-30 \
  us.gcr.io/broad-gotc-prod/dragmap@sha256:5964afca3e4173c33b11100f68c1a44642e0ff2ee4de5a49d8cd446fef308b23 /cromwell-executions/WholeGenomeGermlineSingleSample/3d34995f-bd8e-4e1e-88c8-95f2cc6eb274/call-UnmappedBamToAlignedBam/UnmappedBamToAlignedBam/4a1c33f3-cf3d-44bd-a4eb-bf4bb8fa4c5e/call-SplitRG/shard-0/SplitLargeReadGroup/fe27c5e0-9c12-4cc7-8978-b486720a16c5/call-SamToFastqAndDragmapAndMba/shard-30/execution/script

# get the return code (working even if the container was detached)
rc=$(docker wait [38;5;5mcat /mnt/nas1/projects/lasr/blendseq/warp-pipelines/warp-gatk-germline-single-sample-pipeline-master/tmp/1977401714735460022/cromwell-executions/WholeGenomeGermlineSingleSample/3d34995f-bd8e-4e1e-88c8-95f2cc6eb274/call-UnmappedBamToAlignedBam/UnmappedBamToAlignedBam/4a1c33f3-cf3d-44bd-a4eb-bf4bb8fa4c5e/call-SplitRG/shard-0/SplitLargeReadGroup/fe27c5e0-9c12-4cc7-8978-b486720a16c5/call-SamToFastqAndDragmapAndMba/shard-30/execution/docker_cid[0m)

# remove the container after waiting
docker rm [38;5;5mcat /mnt/nas1/projects/lasr/blendseq/warp-pipelines/warp-gatk-germline-single-sample-pipeline-master/tmp/1977401714735460022/cromwell-executions/WholeGenomeGermlineSingleSample/3d34995f-bd8e-4e1e-88c8-95f2cc6eb274/call-UnmappedBamToAlignedBam/UnmappedBamToAlignedBam/4a1c33f3-cf3d-44bd-a4eb-bf4bb8fa4c5e/call-SplitRG/shard-0/SplitLargeReadGroup/fe27c5e0-9c12-4cc7-8978-b486720a16c5/call-SamToFastqAndDragmapAndMba/shard-30/execution/docker_cid[0m

# return exit code
exit $rc
[2025-11-29 15:11:07,70] [info] BackgroundConfigAsyncJobExecutionActor [[38;5;2mfe27c5e0[0mSplitLargeReadGroup.SamToFastqAndDragmapAndMba:30:1]: job id: 251806
[2025-11-29 15:11:07,70] [info] BackgroundConfigAsyncJobExecutionActor [[38;5;2mfe27c5e0[0mSplitLargeReadGroup.SamToFastqAndDragmapAndMba:30:1]: Status change from - to WaitingForReturnCode
[2025-11-29 15:11:42,79] [info] BackgroundConfigAsyncJobExecutionActor [[38;5;2mfe27c5e0[0mSplitLargeReadGroup.SamToFastqAndDragmapAndMba:30:1]: Status change from WaitingForReturnCode to Done
[2025-11-29 15:11:47,78] [info] Assigned new job execution tokens to the following groups: 3d34995f: 1
[2025-11-29 15:11:47,80] [[38;5;220mwarn[0m] BackgroundConfigAsyncJobExecutionActor [[38;5;2mfe27c5e0[0mSplitLargeReadGroup.SamToFastqAndDragmapAndMba:34:1]: Unrecognized runtime attribute keys: preemptible, disks, cpu, memory
[2025-11-29 15:11:56,94] [info] BackgroundConfigAsyncJobExecutionActor [[38;5;2mfe27c5e0[0mSplitLargeReadGroup.SamToFastqAndDragmapAndMba:34:1]: [38;5;5mset -euxo pipefail

DRAGMAP_VERSION=$(dragen-os --version)

if [ -z ${DRAGMAP_VERSION} ]; then
    exit 1;
fi

mkdir dragen_reference
mv /cromwell-executions/WholeGenomeGermlineSingleSample/3d34995f-bd8e-4e1e-88c8-95f2cc6eb274/call-UnmappedBamToAlignedBam/UnmappedBamToAlignedBam/4a1c33f3-cf3d-44bd-a4eb-bf4bb8fa4c5e/call-SplitRG/shard-0/SplitLargeReadGroup/fe27c5e0-9c12-4cc7-8978-b486720a16c5/call-SamToFastqAndDragmapAndMba/shard-34/inputs/-1290198700/reference.bin /cromwell-executions/WholeGenomeGermlineSingleSample/3d34995f-bd8e-4e1e-88c8-95f2cc6eb274/call-UnmappedBamToAlignedBam/UnmappedBamToAlignedBam/4a1c33f3-cf3d-44bd-a4eb-bf4bb8fa4c5e/call-SplitRG/shard-0/SplitLargeReadGroup/fe27c5e0-9c12-4cc7-8978-b486720a16c5/call-SamToFastqAndDragmapAndMba/shard-34/inputs/-1290198700/hash_table.cfg.bin /cromwell-executions/WholeGenomeGermlineSingleSample/3d34995f-bd8e-4e1e-88c8-95f2cc6eb274/call-UnmappedBamToAlignedBam/UnmappedBamToAlignedBam/4a1c33f3-cf3d-44bd-a4eb-bf4bb8fa4c5e/call-SplitRG/shard-0/SplitLargeReadGroup/fe27c5e0-9c12-4cc7-8978-b486720a16c5/call-SamToFastqAndDragmapAndMba/shard-34/inputs/-1290198700/hash_table.cmp dragen_reference

dragen-os -b /cromwell-executions/WholeGenomeGermlineSingleSample/3d34995f-bd8e-4e1e-88c8-95f2cc6eb274/call-UnmappedBamToAlignedBam/UnmappedBamToAlignedBam/4a1c33f3-cf3d-44bd-a4eb-bf4bb8fa4c5e/call-SplitRG/shard-0/SplitLargeReadGroup/fe27c5e0-9c12-4cc7-8978-b486720a16c5/call-SamToFastqAndDragmapAndMba/shard-34/inputs/-1047237686/shard_0035.bam -r dragen_reference --interleaved=1 --preserve-map-align-order true 2> >(tee shard_0035.dragmap.stderr.log >&2) | samtools view -h -O BAM - > aligned.bam
java -Dsamjdk.compression_level=2 -Xms1000m -Xmx1000m -jar /picard/picard.jar \
  MergeBamAlignment \
  VALIDATION_STRINGENCY=SILENT \
  EXPECTED_ORIENTATIONS=FR \
  ATTRIBUTES_TO_RETAIN=X0 \
  ATTRIBUTES_TO_REMOVE=RG \
  ATTRIBUTES_TO_REMOVE=NM \
  ATTRIBUTES_TO_REMOVE=MD \
  ALIGNED_BAM=aligned.bam \
  UNMAPPED_BAM=/cromwell-executions/WholeGenomeGermlineSingleSample/3d34995f-bd8e-4e1e-88c8-95f2cc6eb274/call-UnmappedBamToAlignedBam/UnmappedBamToAlignedBam/4a1c33f3-cf3d-44bd-a4eb-bf4bb8fa4c5e/call-SplitRG/shard-0/SplitLargeReadGroup/fe27c5e0-9c12-4cc7-8978-b486720a16c5/call-SamToFastqAndDragmapAndMba/shard-34/inputs/-1047237686/shard_0035.bam \
  OUTPUT=shard_0035.bam \
  REFERENCE_SEQUENCE=/cromwell-executions/WholeGenomeGermlineSingleSample/3d34995f-bd8e-4e1e-88c8-95f2cc6eb274/call-UnmappedBamToAlignedBam/UnmappedBamToAlignedBam/4a1c33f3-cf3d-44bd-a4eb-bf4bb8fa4c5e/call-SplitRG/shard-0/SplitLargeReadGroup/fe27c5e0-9c12-4cc7-8978-b486720a16c5/call-SamToFastqAndDragmapAndMba/shard-34/inputs/-1569105944/Homo_sapiens_assembly38_masked.fasta \
  PAIRED_RUN=true \
  SORT_ORDER="unsorted" \
  IS_BISULFITE_SEQUENCE=false \
  ALIGNED_READS_ONLY=false \
  CLIP_ADAPTERS=false \
   \
   \
  MAX_RECORDS_IN_RAM=2000000 \
  ADD_MATE_CIGAR=true \
  MAX_INSERTIONS_OR_DELETIONS=-1 \
  PRIMARY_ALIGNMENT_STRATEGY=MostDistant \
  PROGRAM_RECORD_ID="dragen-os" \
  PROGRAM_GROUP_VERSION="${DRAGMAP_VERSION}" \
  PROGRAM_GROUP_COMMAND_LINE="dragen-os -b /cromwell-executions/WholeGenomeGermlineSingleSample/3d34995f-bd8e-4e1e-88c8-95f2cc6eb274/call-UnmappedBamToAlignedBam/UnmappedBamToAlignedBam/4a1c33f3-cf3d-44bd-a4eb-bf4bb8fa4c5e/call-SplitRG/shard-0/SplitLargeReadGroup/fe27c5e0-9c12-4cc7-8978-b486720a16c5/call-SamToFastqAndDragmapAndMba/shard-34/inputs/-1047237686/shard_0035.bam -r dragen_reference --interleaved=1" \
  PROGRAM_GROUP_NAME="dragen-os" \
  UNMAPPED_READ_STRATEGY=COPY_TO_TAG \
  ALIGNER_PROPER_PAIR_FLAGS=true \
  UNMAP_CONTAMINANT_READS=true \
  ADD_PG_TAG_TO_READS=false[0m
[2025-11-29 15:11:56,94] [info] BackgroundConfigAsyncJobExecutionActor [[38;5;2mfe27c5e0[0mSplitLargeReadGroup.SamToFastqAndDragmapAndMba:34:1]: executing: # make sure there is no preexisting Docker CID file
rm -f /mnt/nas1/projects/lasr/blendseq/warp-pipelines/warp-gatk-germline-single-sample-pipeline-master/tmp/1977401714735460022/cromwell-executions/WholeGenomeGermlineSingleSample/3d34995f-bd8e-4e1e-88c8-95f2cc6eb274/call-UnmappedBamToAlignedBam/UnmappedBamToAlignedBam/4a1c33f3-cf3d-44bd-a4eb-bf4bb8fa4c5e/call-SplitRG/shard-0/SplitLargeReadGroup/fe27c5e0-9c12-4cc7-8978-b486720a16c5/call-SamToFastqAndDragmapAndMba/shard-34/execution/docker_cid
# run as in the original configuration without --rm flag (will remove later)
docker run \
  --cidfile /mnt/nas1/projects/lasr/blendseq/warp-pipelines/warp-gatk-germline-single-sample-pipeline-master/tmp/1977401714735460022/cromwell-executions/WholeGenomeGermlineSingleSample/3d34995f-bd8e-4e1e-88c8-95f2cc6eb274/call-UnmappedBamToAlignedBam/UnmappedBamToAlignedBam/4a1c33f3-cf3d-44bd-a4eb-bf4bb8fa4c5e/call-SplitRG/shard-0/SplitLargeReadGroup/fe27c5e0-9c12-4cc7-8978-b486720a16c5/call-SamToFastqAndDragmapAndMba/shard-34/execution/docker_cid \
  -i \
  --user 1027:1028 \
  --cpus="64" \
  --memory="204800M" \
  --entrypoint /bin/bash \
  -v /mnt/nas1/projects/lasr/blendseq/warp-pipelines/warp-gatk-germline-single-sample-pipeline-master/tmp/1977401714735460022/cromwell-executions/WholeGenomeGermlineSingleSample/3d34995f-bd8e-4e1e-88c8-95f2cc6eb274/call-UnmappedBamToAlignedBam/UnmappedBamToAlignedBam/4a1c33f3-cf3d-44bd-a4eb-bf4bb8fa4c5e/call-SplitRG/shard-0/SplitLargeReadGroup/fe27c5e0-9c12-4cc7-8978-b486720a16c5/call-SamToFastqAndDragmapAndMba/shard-34:/cromwell-executions/WholeGenomeGermlineSingleSample/3d34995f-bd8e-4e1e-88c8-95f2cc6eb274/call-UnmappedBamToAlignedBam/UnmappedBamToAlignedBam/4a1c33f3-cf3d-44bd-a4eb-bf4bb8fa4c5e/call-SplitRG/shard-0/SplitLargeReadGroup/fe27c5e0-9c12-4cc7-8978-b486720a16c5/call-SamToFastqAndDragmapAndMba/shard-34 \
  us.gcr.io/broad-gotc-prod/dragmap@sha256:5964afca3e4173c33b11100f68c1a44642e0ff2ee4de5a49d8cd446fef308b23 /cromwell-executions/WholeGenomeGermlineSingleSample/3d34995f-bd8e-4e1e-88c8-95f2cc6eb274/call-UnmappedBamToAlignedBam/UnmappedBamToAlignedBam/4a1c33f3-cf3d-44bd-a4eb-bf4bb8fa4c5e/call-SplitRG/shard-0/SplitLargeReadGroup/fe27c5e0-9c12-4cc7-8978-b486720a16c5/call-SamToFastqAndDragmapAndMba/shard-34/execution/script

# get the return code (working even if the container was detached)
rc=$(docker wait [38;5;5mcat /mnt/nas1/projects/lasr/blendseq/warp-pipelines/warp-gatk-germline-single-sample-pipeline-master/tmp/1977401714735460022/cromwell-executions/WholeGenomeGermlineSingleSample/3d34995f-bd8e-4e1e-88c8-95f2cc6eb274/call-UnmappedBamToAlignedBam/UnmappedBamToAlignedBam/4a1c33f3-cf3d-44bd-a4eb-bf4bb8fa4c5e/call-SplitRG/shard-0/SplitLargeReadGroup/fe27c5e0-9c12-4cc7-8978-b486720a16c5/call-SamToFastqAndDragmapAndMba/shard-34/execution/docker_cid[0m)

# remove the container after waiting
docker rm [38;5;5mcat /mnt/nas1/projects/lasr/blendseq/warp-pipelines/warp-gatk-germline-single-sample-pipeline-master/tmp/1977401714735460022/cromwell-executions/WholeGenomeGermlineSingleSample/3d34995f-bd8e-4e1e-88c8-95f2cc6eb274/call-UnmappedBamToAlignedBam/UnmappedBamToAlignedBam/4a1c33f3-cf3d-44bd-a4eb-bf4bb8fa4c5e/call-SplitRG/shard-0/SplitLargeReadGroup/fe27c5e0-9c12-4cc7-8978-b486720a16c5/call-SamToFastqAndDragmapAndMba/shard-34/execution/docker_cid[0m

# return exit code
exit $rc
[2025-11-29 15:11:57,70] [info] BackgroundConfigAsyncJobExecutionActor [[38;5;2mfe27c5e0[0mSplitLargeReadGroup.SamToFastqAndDragmapAndMba:34:1]: job id: 252488
[2025-11-29 15:11:57,70] [info] BackgroundConfigAsyncJobExecutionActor [[38;5;2mfe27c5e0[0mSplitLargeReadGroup.SamToFastqAndDragmapAndMba:34:1]: Status change from - to WaitingForReturnCode
[2025-11-29 15:12:44,75] [info] BackgroundConfigAsyncJobExecutionActor [[38;5;2mfe27c5e0[0mSplitLargeReadGroup.SamToFastqAndDragmapAndMba:34:1]: Status change from WaitingForReturnCode to Done
[2025-11-29 15:12:47,78] [info] Assigned new job execution tokens to the following groups: 3d34995f: 1
[2025-11-29 15:12:47,80] [[38;5;220mwarn[0m] BackgroundConfigAsyncJobExecutionActor [[38;5;2mfe27c5e0[0mSplitLargeReadGroup.SamToFastqAndDragmapAndMba:19:1]: Unrecognized runtime attribute keys: preemptible, disks, cpu, memory
[2025-11-29 15:12:56,84] [info] BackgroundConfigAsyncJobExecutionActor [[38;5;2mfe27c5e0[0mSplitLargeReadGroup.SamToFastqAndDragmapAndMba:19:1]: [38;5;5mset -euxo pipefail

DRAGMAP_VERSION=$(dragen-os --version)

if [ -z ${DRAGMAP_VERSION} ]; then
    exit 1;
fi

mkdir dragen_reference
mv /cromwell-executions/WholeGenomeGermlineSingleSample/3d34995f-bd8e-4e1e-88c8-95f2cc6eb274/call-UnmappedBamToAlignedBam/UnmappedBamToAlignedBam/4a1c33f3-cf3d-44bd-a4eb-bf4bb8fa4c5e/call-SplitRG/shard-0/SplitLargeReadGroup/fe27c5e0-9c12-4cc7-8978-b486720a16c5/call-SamToFastqAndDragmapAndMba/shard-19/inputs/-1290198700/reference.bin /cromwell-executions/WholeGenomeGermlineSingleSample/3d34995f-bd8e-4e1e-88c8-95f2cc6eb274/call-UnmappedBamToAlignedBam/UnmappedBamToAlignedBam/4a1c33f3-cf3d-44bd-a4eb-bf4bb8fa4c5e/call-SplitRG/shard-0/SplitLargeReadGroup/fe27c5e0-9c12-4cc7-8978-b486720a16c5/call-SamToFastqAndDragmapAndMba/shard-19/inputs/-1290198700/hash_table.cfg.bin /cromwell-executions/WholeGenomeGermlineSingleSample/3d34995f-bd8e-4e1e-88c8-95f2cc6eb274/call-UnmappedBamToAlignedBam/UnmappedBamToAlignedBam/4a1c33f3-cf3d-44bd-a4eb-bf4bb8fa4c5e/call-SplitRG/shard-0/SplitLargeReadGroup/fe27c5e0-9c12-4cc7-8978-b486720a16c5/call-SamToFastqAndDragmapAndMba/shard-19/inputs/-1290198700/hash_table.cmp dragen_reference

dragen-os -b /cromwell-executions/WholeGenomeGermlineSingleSample/3d34995f-bd8e-4e1e-88c8-95f2cc6eb274/call-UnmappedBamToAlignedBam/UnmappedBamToAlignedBam/4a1c33f3-cf3d-44bd-a4eb-bf4bb8fa4c5e/call-SplitRG/shard-0/SplitLargeReadGroup/fe27c5e0-9c12-4cc7-8978-b486720a16c5/call-SamToFastqAndDragmapAndMba/shard-19/inputs/-1047237686/shard_0020.bam -r dragen_reference --interleaved=1 --preserve-map-align-order true 2> >(tee shard_0020.dragmap.stderr.log >&2) | samtools view -h -O BAM - > aligned.bam
java -Dsamjdk.compression_level=2 -Xms1000m -Xmx1000m -jar /picard/picard.jar \
  MergeBamAlignment \
  VALIDATION_STRINGENCY=SILENT \
  EXPECTED_ORIENTATIONS=FR \
  ATTRIBUTES_TO_RETAIN=X0 \
  ATTRIBUTES_TO_REMOVE=RG \
  ATTRIBUTES_TO_REMOVE=NM \
  ATTRIBUTES_TO_REMOVE=MD \
  ALIGNED_BAM=aligned.bam \
  UNMAPPED_BAM=/cromwell-executions/WholeGenomeGermlineSingleSample/3d34995f-bd8e-4e1e-88c8-95f2cc6eb274/call-UnmappedBamToAlignedBam/UnmappedBamToAlignedBam/4a1c33f3-cf3d-44bd-a4eb-bf4bb8fa4c5e/call-SplitRG/shard-0/SplitLargeReadGroup/fe27c5e0-9c12-4cc7-8978-b486720a16c5/call-SamToFastqAndDragmapAndMba/shard-19/inputs/-1047237686/shard_0020.bam \
  OUTPUT=shard_0020.bam \
  REFERENCE_SEQUENCE=/cromwell-executions/WholeGenomeGermlineSingleSample/3d34995f-bd8e-4e1e-88c8-95f2cc6eb274/call-UnmappedBamToAlignedBam/UnmappedBamToAlignedBam/4a1c33f3-cf3d-44bd-a4eb-bf4bb8fa4c5e/call-SplitRG/shard-0/SplitLargeReadGroup/fe27c5e0-9c12-4cc7-8978-b486720a16c5/call-SamToFastqAndDragmapAndMba/shard-19/inputs/-1569105944/Homo_sapiens_assembly38_masked.fasta \
  PAIRED_RUN=true \
  SORT_ORDER="unsorted" \
  IS_BISULFITE_SEQUENCE=false \
  ALIGNED_READS_ONLY=false \
  CLIP_ADAPTERS=false \
   \
   \
  MAX_RECORDS_IN_RAM=2000000 \
  ADD_MATE_CIGAR=true \
  MAX_INSERTIONS_OR_DELETIONS=-1 \
  PRIMARY_ALIGNMENT_STRATEGY=MostDistant \
  PROGRAM_RECORD_ID="dragen-os" \
  PROGRAM_GROUP_VERSION="${DRAGMAP_VERSION}" \
  PROGRAM_GROUP_COMMAND_LINE="dragen-os -b /cromwell-executions/WholeGenomeGermlineSingleSample/3d34995f-bd8e-4e1e-88c8-95f2cc6eb274/call-UnmappedBamToAlignedBam/UnmappedBamToAlignedBam/4a1c33f3-cf3d-44bd-a4eb-bf4bb8fa4c5e/call-SplitRG/shard-0/SplitLargeReadGroup/fe27c5e0-9c12-4cc7-8978-b486720a16c5/call-SamToFastqAndDragmapAndMba/shard-19/inputs/-1047237686/shard_0020.bam -r dragen_reference --interleaved=1" \
  PROGRAM_GROUP_NAME="dragen-os" \
  UNMAPPED_READ_STRATEGY=COPY_TO_TAG \
  ALIGNER_PROPER_PAIR_FLAGS=true \
  UNMAP_CONTAMINANT_READS=true \
  ADD_PG_TAG_TO_READS=false[0m
[2025-11-29 15:12:56,85] [info] BackgroundConfigAsyncJobExecutionActor [[38;5;2mfe27c5e0[0mSplitLargeReadGroup.SamToFastqAndDragmapAndMba:19:1]: executing: # make sure there is no preexisting Docker CID file
rm -f /mnt/nas1/projects/lasr/blendseq/warp-pipelines/warp-gatk-germline-single-sample-pipeline-master/tmp/1977401714735460022/cromwell-executions/WholeGenomeGermlineSingleSample/3d34995f-bd8e-4e1e-88c8-95f2cc6eb274/call-UnmappedBamToAlignedBam/UnmappedBamToAlignedBam/4a1c33f3-cf3d-44bd-a4eb-bf4bb8fa4c5e/call-SplitRG/shard-0/SplitLargeReadGroup/fe27c5e0-9c12-4cc7-8978-b486720a16c5/call-SamToFastqAndDragmapAndMba/shard-19/execution/docker_cid
# run as in the original configuration without --rm flag (will remove later)
docker run \
  --cidfile /mnt/nas1/projects/lasr/blendseq/warp-pipelines/warp-gatk-germline-single-sample-pipeline-master/tmp/1977401714735460022/cromwell-executions/WholeGenomeGermlineSingleSample/3d34995f-bd8e-4e1e-88c8-95f2cc6eb274/call-UnmappedBamToAlignedBam/UnmappedBamToAlignedBam/4a1c33f3-cf3d-44bd-a4eb-bf4bb8fa4c5e/call-SplitRG/shard-0/SplitLargeReadGroup/fe27c5e0-9c12-4cc7-8978-b486720a16c5/call-SamToFastqAndDragmapAndMba/shard-19/execution/docker_cid \
  -i \
  --user 1027:1028 \
  --cpus="64" \
  --memory="204800M" \
  --entrypoint /bin/bash \
  -v /mnt/nas1/projects/lasr/blendseq/warp-pipelines/warp-gatk-germline-single-sample-pipeline-master/tmp/1977401714735460022/cromwell-executions/WholeGenomeGermlineSingleSample/3d34995f-bd8e-4e1e-88c8-95f2cc6eb274/call-UnmappedBamToAlignedBam/UnmappedBamToAlignedBam/4a1c33f3-cf3d-44bd-a4eb-bf4bb8fa4c5e/call-SplitRG/shard-0/SplitLargeReadGroup/fe27c5e0-9c12-4cc7-8978-b486720a16c5/call-SamToFastqAndDragmapAndMba/shard-19:/cromwell-executions/WholeGenomeGermlineSingleSample/3d34995f-bd8e-4e1e-88c8-95f2cc6eb274/call-UnmappedBamToAlignedBam/UnmappedBamToAlignedBam/4a1c33f3-cf3d-44bd-a4eb-bf4bb8fa4c5e/call-SplitRG/shard-0/SplitLargeReadGroup/fe27c5e0-9c12-4cc7-8978-b486720a16c5/call-SamToFastqAndDragmapAndMba/shard-19 \
  us.gcr.io/broad-gotc-prod/dragmap@sha256:5964afca3e4173c33b11100f68c1a44642e0ff2ee4de5a49d8cd446fef308b23 /cromwell-executions/WholeGenomeGermlineSingleSample/3d34995f-bd8e-4e1e-88c8-95f2cc6eb274/call-UnmappedBamToAlignedBam/UnmappedBamToAlignedBam/4a1c33f3-cf3d-44bd-a4eb-bf4bb8fa4c5e/call-SplitRG/shard-0/SplitLargeReadGroup/fe27c5e0-9c12-4cc7-8978-b486720a16c5/call-SamToFastqAndDragmapAndMba/shard-19/execution/script

# get the return code (working even if the container was detached)
rc=$(docker wait [38;5;5mcat /mnt/nas1/projects/lasr/blendseq/warp-pipelines/warp-gatk-germline-single-sample-pipeline-master/tmp/1977401714735460022/cromwell-executions/WholeGenomeGermlineSingleSample/3d34995f-bd8e-4e1e-88c8-95f2cc6eb274/call-UnmappedBamToAlignedBam/UnmappedBamToAlignedBam/4a1c33f3-cf3d-44bd-a4eb-bf4bb8fa4c5e/call-SplitRG/shard-0/SplitLargeReadGroup/fe27c5e0-9c12-4cc7-8978-b486720a16c5/call-SamToFastqAndDragmapAndMba/shard-19/execution/docker_cid[0m)

# remove the container after waiting
docker rm [38;5;5mcat /mnt/nas1/projects/lasr/blendseq/warp-pipelines/warp-gatk-germline-single-sample-pipeline-master/tmp/1977401714735460022/cromwell-executions/WholeGenomeGermlineSingleSample/3d34995f-bd8e-4e1e-88c8-95f2cc6eb274/call-UnmappedBamToAlignedBam/UnmappedBamToAlignedBam/4a1c33f3-cf3d-44bd-a4eb-bf4bb8fa4c5e/call-SplitRG/shard-0/SplitLargeReadGroup/fe27c5e0-9c12-4cc7-8978-b486720a16c5/call-SamToFastqAndDragmapAndMba/shard-19/execution/docker_cid[0m

# return exit code
exit $rc
[2025-11-29 15:12:57,70] [info] BackgroundConfigAsyncJobExecutionActor [[38;5;2mfe27c5e0[0mSplitLargeReadGroup.SamToFastqAndDragmapAndMba:19:1]: job id: 253097
[2025-11-29 15:12:57,70] [info] BackgroundConfigAsyncJobExecutionActor [[38;5;2mfe27c5e0[0mSplitLargeReadGroup.SamToFastqAndDragmapAndMba:19:1]: Status change from - to WaitingForReturnCode
[2025-11-29 15:13:43,81] [info] BackgroundConfigAsyncJobExecutionActor [[38;5;2mfe27c5e0[0mSplitLargeReadGroup.SamToFastqAndDragmapAndMba:19:1]: Status change from WaitingForReturnCode to Done
[2025-11-29 15:13:47,78] [info] Assigned new job execution tokens to the following groups: 3d34995f: 1
[2025-11-29 15:13:47,82] [[38;5;220mwarn[0m] BackgroundConfigAsyncJobExecutionActor [[38;5;2mfe27c5e0[0mSplitLargeReadGroup.SamToFastqAndDragmapAndMba:32:1]: Unrecognized runtime attribute keys: preemptible, disks, cpu, memory
[2025-11-29 15:13:58,74] [info] BackgroundConfigAsyncJobExecutionActor [[38;5;2mfe27c5e0[0mSplitLargeReadGroup.SamToFastqAndDragmapAndMba:32:1]: [38;5;5mset -euxo pipefail

DRAGMAP_VERSION=$(dragen-os --version)

if [ -z ${DRAGMAP_VERSION} ]; then
    exit 1;
fi

mkdir dragen_reference
mv /cromwell-executions/WholeGenomeGermlineSingleSample/3d34995f-bd8e-4e1e-88c8-95f2cc6eb274/call-UnmappedBamToAlignedBam/UnmappedBamToAlignedBam/4a1c33f3-cf3d-44bd-a4eb-bf4bb8fa4c5e/call-SplitRG/shard-0/SplitLargeReadGroup/fe27c5e0-9c12-4cc7-8978-b486720a16c5/call-SamToFastqAndDragmapAndMba/shard-32/inputs/-1290198700/reference.bin /cromwell-executions/WholeGenomeGermlineSingleSample/3d34995f-bd8e-4e1e-88c8-95f2cc6eb274/call-UnmappedBamToAlignedBam/UnmappedBamToAlignedBam/4a1c33f3-cf3d-44bd-a4eb-bf4bb8fa4c5e/call-SplitRG/shard-0/SplitLargeReadGroup/fe27c5e0-9c12-4cc7-8978-b486720a16c5/call-SamToFastqAndDragmapAndMba/shard-32/inputs/-1290198700/hash_table.cfg.bin /cromwell-executions/WholeGenomeGermlineSingleSample/3d34995f-bd8e-4e1e-88c8-95f2cc6eb274/call-UnmappedBamToAlignedBam/UnmappedBamToAlignedBam/4a1c33f3-cf3d-44bd-a4eb-bf4bb8fa4c5e/call-SplitRG/shard-0/SplitLargeReadGroup/fe27c5e0-9c12-4cc7-8978-b486720a16c5/call-SamToFastqAndDragmapAndMba/shard-32/inputs/-1290198700/hash_table.cmp dragen_reference

dragen-os -b /cromwell-executions/WholeGenomeGermlineSingleSample/3d34995f-bd8e-4e1e-88c8-95f2cc6eb274/call-UnmappedBamToAlignedBam/UnmappedBamToAlignedBam/4a1c33f3-cf3d-44bd-a4eb-bf4bb8fa4c5e/call-SplitRG/shard-0/SplitLargeReadGroup/fe27c5e0-9c12-4cc7-8978-b486720a16c5/call-SamToFastqAndDragmapAndMba/shard-32/inputs/-1047237686/shard_0033.bam -r dragen_reference --interleaved=1 --preserve-map-align-order true 2> >(tee shard_0033.dragmap.stderr.log >&2) | samtools view -h -O BAM - > aligned.bam
java -Dsamjdk.compression_level=2 -Xms1000m -Xmx1000m -jar /picard/picard.jar \
  MergeBamAlignment \
  VALIDATION_STRINGENCY=SILENT \
  EXPECTED_ORIENTATIONS=FR \
  ATTRIBUTES_TO_RETAIN=X0 \
  ATTRIBUTES_TO_REMOVE=RG \
  ATTRIBUTES_TO_REMOVE=NM \
  ATTRIBUTES_TO_REMOVE=MD \
  ALIGNED_BAM=aligned.bam \
  UNMAPPED_BAM=/cromwell-executions/WholeGenomeGermlineSingleSample/3d34995f-bd8e-4e1e-88c8-95f2cc6eb274/call-UnmappedBamToAlignedBam/UnmappedBamToAlignedBam/4a1c33f3-cf3d-44bd-a4eb-bf4bb8fa4c5e/call-SplitRG/shard-0/SplitLargeReadGroup/fe27c5e0-9c12-4cc7-8978-b486720a16c5/call-SamToFastqAndDragmapAndMba/shard-32/inputs/-1047237686/shard_0033.bam \
  OUTPUT=shard_0033.bam \
  REFERENCE_SEQUENCE=/cromwell-executions/WholeGenomeGermlineSingleSample/3d34995f-bd8e-4e1e-88c8-95f2cc6eb274/call-UnmappedBamToAlignedBam/UnmappedBamToAlignedBam/4a1c33f3-cf3d-44bd-a4eb-bf4bb8fa4c5e/call-SplitRG/shard-0/SplitLargeReadGroup/fe27c5e0-9c12-4cc7-8978-b486720a16c5/call-SamToFastqAndDragmapAndMba/shard-32/inputs/-1569105944/Homo_sapiens_assembly38_masked.fasta \
  PAIRED_RUN=true \
  SORT_ORDER="unsorted" \
  IS_BISULFITE_SEQUENCE=false \
  ALIGNED_READS_ONLY=false \
  CLIP_ADAPTERS=false \
   \
   \
  MAX_RECORDS_IN_RAM=2000000 \
  ADD_MATE_CIGAR=true \
  MAX_INSERTIONS_OR_DELETIONS=-1 \
  PRIMARY_ALIGNMENT_STRATEGY=MostDistant \
  PROGRAM_RECORD_ID="dragen-os" \
  PROGRAM_GROUP_VERSION="${DRAGMAP_VERSION}" \
  PROGRAM_GROUP_COMMAND_LINE="dragen-os -b /cromwell-executions/WholeGenomeGermlineSingleSample/3d34995f-bd8e-4e1e-88c8-95f2cc6eb274/call-UnmappedBamToAlignedBam/UnmappedBamToAlignedBam/4a1c33f3-cf3d-44bd-a4eb-bf4bb8fa4c5e/call-SplitRG/shard-0/SplitLargeReadGroup/fe27c5e0-9c12-4cc7-8978-b486720a16c5/call-SamToFastqAndDragmapAndMba/shard-32/inputs/-1047237686/shard_0033.bam -r dragen_reference --interleaved=1" \
  PROGRAM_GROUP_NAME="dragen-os" \
  UNMAPPED_READ_STRATEGY=COPY_TO_TAG \
  ALIGNER_PROPER_PAIR_FLAGS=true \
  UNMAP_CONTAMINANT_READS=true \
  ADD_PG_TAG_TO_READS=false[0m
[2025-11-29 15:13:58,74] [info] BackgroundConfigAsyncJobExecutionActor [[38;5;2mfe27c5e0[0mSplitLargeReadGroup.SamToFastqAndDragmapAndMba:32:1]: executing: # make sure there is no preexisting Docker CID file
rm -f /mnt/nas1/projects/lasr/blendseq/warp-pipelines/warp-gatk-germline-single-sample-pipeline-master/tmp/1977401714735460022/cromwell-executions/WholeGenomeGermlineSingleSample/3d34995f-bd8e-4e1e-88c8-95f2cc6eb274/call-UnmappedBamToAlignedBam/UnmappedBamToAlignedBam/4a1c33f3-cf3d-44bd-a4eb-bf4bb8fa4c5e/call-SplitRG/shard-0/SplitLargeReadGroup/fe27c5e0-9c12-4cc7-8978-b486720a16c5/call-SamToFastqAndDragmapAndMba/shard-32/execution/docker_cid
# run as in the original configuration without --rm flag (will remove later)
docker run \
  --cidfile /mnt/nas1/projects/lasr/blendseq/warp-pipelines/warp-gatk-germline-single-sample-pipeline-master/tmp/1977401714735460022/cromwell-executions/WholeGenomeGermlineSingleSample/3d34995f-bd8e-4e1e-88c8-95f2cc6eb274/call-UnmappedBamToAlignedBam/UnmappedBamToAlignedBam/4a1c33f3-cf3d-44bd-a4eb-bf4bb8fa4c5e/call-SplitRG/shard-0/SplitLargeReadGroup/fe27c5e0-9c12-4cc7-8978-b486720a16c5/call-SamToFastqAndDragmapAndMba/shard-32/execution/docker_cid \
  -i \
  --user 1027:1028 \
  --cpus="64" \
  --memory="204800M" \
  --entrypoint /bin/bash \
  -v /mnt/nas1/projects/lasr/blendseq/warp-pipelines/warp-gatk-germline-single-sample-pipeline-master/tmp/1977401714735460022/cromwell-executions/WholeGenomeGermlineSingleSample/3d34995f-bd8e-4e1e-88c8-95f2cc6eb274/call-UnmappedBamToAlignedBam/UnmappedBamToAlignedBam/4a1c33f3-cf3d-44bd-a4eb-bf4bb8fa4c5e/call-SplitRG/shard-0/SplitLargeReadGroup/fe27c5e0-9c12-4cc7-8978-b486720a16c5/call-SamToFastqAndDragmapAndMba/shard-32:/cromwell-executions/WholeGenomeGermlineSingleSample/3d34995f-bd8e-4e1e-88c8-95f2cc6eb274/call-UnmappedBamToAlignedBam/UnmappedBamToAlignedBam/4a1c33f3-cf3d-44bd-a4eb-bf4bb8fa4c5e/call-SplitRG/shard-0/SplitLargeReadGroup/fe27c5e0-9c12-4cc7-8978-b486720a16c5/call-SamToFastqAndDragmapAndMba/shard-32 \
  us.gcr.io/broad-gotc-prod/dragmap@sha256:5964afca3e4173c33b11100f68c1a44642e0ff2ee4de5a49d8cd446fef308b23 /cromwell-executions/WholeGenomeGermlineSingleSample/3d34995f-bd8e-4e1e-88c8-95f2cc6eb274/call-UnmappedBamToAlignedBam/UnmappedBamToAlignedBam/4a1c33f3-cf3d-44bd-a4eb-bf4bb8fa4c5e/call-SplitRG/shard-0/SplitLargeReadGroup/fe27c5e0-9c12-4cc7-8978-b486720a16c5/call-SamToFastqAndDragmapAndMba/shard-32/execution/script

# get the return code (working even if the container was detached)
rc=$(docker wait [38;5;5mcat /mnt/nas1/projects/lasr/blendseq/warp-pipelines/warp-gatk-germline-single-sample-pipeline-master/tmp/1977401714735460022/cromwell-executions/WholeGenomeGermlineSingleSample/3d34995f-bd8e-4e1e-88c8-95f2cc6eb274/call-UnmappedBamToAlignedBam/UnmappedBamToAlignedBam/4a1c33f3-cf3d-44bd-a4eb-bf4bb8fa4c5e/call-SplitRG/shard-0/SplitLargeReadGroup/fe27c5e0-9c12-4cc7-8978-b486720a16c5/call-SamToFastqAndDragmapAndMba/shard-32/execution/docker_cid[0m)

# remove the container after waiting
docker rm [38;5;5mcat /mnt/nas1/projects/lasr/blendseq/warp-pipelines/warp-gatk-germline-single-sample-pipeline-master/tmp/1977401714735460022/cromwell-executions/WholeGenomeGermlineSingleSample/3d34995f-bd8e-4e1e-88c8-95f2cc6eb274/call-UnmappedBamToAlignedBam/UnmappedBamToAlignedBam/4a1c33f3-cf3d-44bd-a4eb-bf4bb8fa4c5e/call-SplitRG/shard-0/SplitLargeReadGroup/fe27c5e0-9c12-4cc7-8978-b486720a16c5/call-SamToFastqAndDragmapAndMba/shard-32/execution/docker_cid[0m

# return exit code
exit $rc
[2025-11-29 15:14:02,70] [info] BackgroundConfigAsyncJobExecutionActor [[38;5;2mfe27c5e0[0mSplitLargeReadGroup.SamToFastqAndDragmapAndMba:32:1]: job id: 253717
[2025-11-29 15:14:02,70] [info] BackgroundConfigAsyncJobExecutionActor [[38;5;2mfe27c5e0[0mSplitLargeReadGroup.SamToFastqAndDragmapAndMba:32:1]: Status change from - to WaitingForReturnCode
[2025-11-29 15:14:47,32] [info] BackgroundConfigAsyncJobExecutionActor [[38;5;2mfe27c5e0[0mSplitLargeReadGroup.SamToFastqAndDragmapAndMba:32:1]: Status change from WaitingForReturnCode to Done
[2025-11-29 15:14:47,78] [info] Assigned new job execution tokens to the following groups: 3d34995f: 1
[2025-11-29 15:14:47,80] [[38;5;220mwarn[0m] BackgroundConfigAsyncJobExecutionActor [[38;5;2mfe27c5e0[0mSplitLargeReadGroup.SamToFastqAndDragmapAndMba:23:1]: Unrecognized runtime attribute keys: preemptible, disks, cpu, memory
[2025-11-29 15:14:57,67] [info] BackgroundConfigAsyncJobExecutionActor [[38;5;2mfe27c5e0[0mSplitLargeReadGroup.SamToFastqAndDragmapAndMba:23:1]: [38;5;5mset -euxo pipefail

DRAGMAP_VERSION=$(dragen-os --version)

if [ -z ${DRAGMAP_VERSION} ]; then
    exit 1;
fi

mkdir dragen_reference
mv /cromwell-executions/WholeGenomeGermlineSingleSample/3d34995f-bd8e-4e1e-88c8-95f2cc6eb274/call-UnmappedBamToAlignedBam/UnmappedBamToAlignedBam/4a1c33f3-cf3d-44bd-a4eb-bf4bb8fa4c5e/call-SplitRG/shard-0/SplitLargeReadGroup/fe27c5e0-9c12-4cc7-8978-b486720a16c5/call-SamToFastqAndDragmapAndMba/shard-23/inputs/-1290198700/reference.bin /cromwell-executions/WholeGenomeGermlineSingleSample/3d34995f-bd8e-4e1e-88c8-95f2cc6eb274/call-UnmappedBamToAlignedBam/UnmappedBamToAlignedBam/4a1c33f3-cf3d-44bd-a4eb-bf4bb8fa4c5e/call-SplitRG/shard-0/SplitLargeReadGroup/fe27c5e0-9c12-4cc7-8978-b486720a16c5/call-SamToFastqAndDragmapAndMba/shard-23/inputs/-1290198700/hash_table.cfg.bin /cromwell-executions/WholeGenomeGermlineSingleSample/3d34995f-bd8e-4e1e-88c8-95f2cc6eb274/call-UnmappedBamToAlignedBam/UnmappedBamToAlignedBam/4a1c33f3-cf3d-44bd-a4eb-bf4bb8fa4c5e/call-SplitRG/shard-0/SplitLargeReadGroup/fe27c5e0-9c12-4cc7-8978-b486720a16c5/call-SamToFastqAndDragmapAndMba/shard-23/inputs/-1290198700/hash_table.cmp dragen_reference

dragen-os -b /cromwell-executions/WholeGenomeGermlineSingleSample/3d34995f-bd8e-4e1e-88c8-95f2cc6eb274/call-UnmappedBamToAlignedBam/UnmappedBamToAlignedBam/4a1c33f3-cf3d-44bd-a4eb-bf4bb8fa4c5e/call-SplitRG/shard-0/SplitLargeReadGroup/fe27c5e0-9c12-4cc7-8978-b486720a16c5/call-SamToFastqAndDragmapAndMba/shard-23/inputs/-1047237686/shard_0024.bam -r dragen_reference --interleaved=1 --preserve-map-align-order true 2> >(tee shard_0024.dragmap.stderr.log >&2) | samtools view -h -O BAM - > aligned.bam
java -Dsamjdk.compression_level=2 -Xms1000m -Xmx1000m -jar /picard/picard.jar \
  MergeBamAlignment \
  VALIDATION_STRINGENCY=SILENT \
  EXPECTED_ORIENTATIONS=FR \
  ATTRIBUTES_TO_RETAIN=X0 \
  ATTRIBUTES_TO_REMOVE=RG \
  ATTRIBUTES_TO_REMOVE=NM \
  ATTRIBUTES_TO_REMOVE=MD \
  ALIGNED_BAM=aligned.bam \
  UNMAPPED_BAM=/cromwell-executions/WholeGenomeGermlineSingleSample/3d34995f-bd8e-4e1e-88c8-95f2cc6eb274/call-UnmappedBamToAlignedBam/UnmappedBamToAlignedBam/4a1c33f3-cf3d-44bd-a4eb-bf4bb8fa4c5e/call-SplitRG/shard-0/SplitLargeReadGroup/fe27c5e0-9c12-4cc7-8978-b486720a16c5/call-SamToFastqAndDragmapAndMba/shard-23/inputs/-1047237686/shard_0024.bam \
  OUTPUT=shard_0024.bam \
  REFERENCE_SEQUENCE=/cromwell-executions/WholeGenomeGermlineSingleSample/3d34995f-bd8e-4e1e-88c8-95f2cc6eb274/call-UnmappedBamToAlignedBam/UnmappedBamToAlignedBam/4a1c33f3-cf3d-44bd-a4eb-bf4bb8fa4c5e/call-SplitRG/shard-0/SplitLargeReadGroup/fe27c5e0-9c12-4cc7-8978-b486720a16c5/call-SamToFastqAndDragmapAndMba/shard-23/inputs/-1569105944/Homo_sapiens_assembly38_masked.fasta \
  PAIRED_RUN=true \
  SORT_ORDER="unsorted" \
  IS_BISULFITE_SEQUENCE=false \
  ALIGNED_READS_ONLY=false \
  CLIP_ADAPTERS=false \
   \
   \
  MAX_RECORDS_IN_RAM=2000000 \
  ADD_MATE_CIGAR=true \
  MAX_INSERTIONS_OR_DELETIONS=-1 \
  PRIMARY_ALIGNMENT_STRATEGY=MostDistant \
  PROGRAM_RECORD_ID="dragen-os" \
  PROGRAM_GROUP_VERSION="${DRAGMAP_VERSION}" \
  PROGRAM_GROUP_COMMAND_LINE="dragen-os -b /cromwell-executions/WholeGenomeGermlineSingleSample/3d34995f-bd8e-4e1e-88c8-95f2cc6eb274/call-UnmappedBamToAlignedBam/UnmappedBamToAlignedBam/4a1c33f3-cf3d-44bd-a4eb-bf4bb8fa4c5e/call-SplitRG/shard-0/SplitLargeReadGroup/fe27c5e0-9c12-4cc7-8978-b486720a16c5/call-SamToFastqAndDragmapAndMba/shard-23/inputs/-1047237686/shard_0024.bam -r dragen_reference --interleaved=1" \
  PROGRAM_GROUP_NAME="dragen-os" \
  UNMAPPED_READ_STRATEGY=COPY_TO_TAG \
  ALIGNER_PROPER_PAIR_FLAGS=true \
  UNMAP_CONTAMINANT_READS=true \
  ADD_PG_TAG_TO_READS=false[0m
[2025-11-29 15:14:57,68] [info] BackgroundConfigAsyncJobExecutionActor [[38;5;2mfe27c5e0[0mSplitLargeReadGroup.SamToFastqAndDragmapAndMba:23:1]: executing: # make sure there is no preexisting Docker CID file
rm -f /mnt/nas1/projects/lasr/blendseq/warp-pipelines/warp-gatk-germline-single-sample-pipeline-master/tmp/1977401714735460022/cromwell-executions/WholeGenomeGermlineSingleSample/3d34995f-bd8e-4e1e-88c8-95f2cc6eb274/call-UnmappedBamToAlignedBam/UnmappedBamToAlignedBam/4a1c33f3-cf3d-44bd-a4eb-bf4bb8fa4c5e/call-SplitRG/shard-0/SplitLargeReadGroup/fe27c5e0-9c12-4cc7-8978-b486720a16c5/call-SamToFastqAndDragmapAndMba/shard-23/execution/docker_cid
# run as in the original configuration without --rm flag (will remove later)
docker run \
  --cidfile /mnt/nas1/projects/lasr/blendseq/warp-pipelines/warp-gatk-germline-single-sample-pipeline-master/tmp/1977401714735460022/cromwell-executions/WholeGenomeGermlineSingleSample/3d34995f-bd8e-4e1e-88c8-95f2cc6eb274/call-UnmappedBamToAlignedBam/UnmappedBamToAlignedBam/4a1c33f3-cf3d-44bd-a4eb-bf4bb8fa4c5e/call-SplitRG/shard-0/SplitLargeReadGroup/fe27c5e0-9c12-4cc7-8978-b486720a16c5/call-SamToFastqAndDragmapAndMba/shard-23/execution/docker_cid \
  -i \
  --user 1027:1028 \
  --cpus="64" \
  --memory="204800M" \
  --entrypoint /bin/bash \
  -v /mnt/nas1/projects/lasr/blendseq/warp-pipelines/warp-gatk-germline-single-sample-pipeline-master/tmp/1977401714735460022/cromwell-executions/WholeGenomeGermlineSingleSample/3d34995f-bd8e-4e1e-88c8-95f2cc6eb274/call-UnmappedBamToAlignedBam/UnmappedBamToAlignedBam/4a1c33f3-cf3d-44bd-a4eb-bf4bb8fa4c5e/call-SplitRG/shard-0/SplitLargeReadGroup/fe27c5e0-9c12-4cc7-8978-b486720a16c5/call-SamToFastqAndDragmapAndMba/shard-23:/cromwell-executions/WholeGenomeGermlineSingleSample/3d34995f-bd8e-4e1e-88c8-95f2cc6eb274/call-UnmappedBamToAlignedBam/UnmappedBamToAlignedBam/4a1c33f3-cf3d-44bd-a4eb-bf4bb8fa4c5e/call-SplitRG/shard-0/SplitLargeReadGroup/fe27c5e0-9c12-4cc7-8978-b486720a16c5/call-SamToFastqAndDragmapAndMba/shard-23 \
  us.gcr.io/broad-gotc-prod/dragmap@sha256:5964afca3e4173c33b11100f68c1a44642e0ff2ee4de5a49d8cd446fef308b23 /cromwell-executions/WholeGenomeGermlineSingleSample/3d34995f-bd8e-4e1e-88c8-95f2cc6eb274/call-UnmappedBamToAlignedBam/UnmappedBamToAlignedBam/4a1c33f3-cf3d-44bd-a4eb-bf4bb8fa4c5e/call-SplitRG/shard-0/SplitLargeReadGroup/fe27c5e0-9c12-4cc7-8978-b486720a16c5/call-SamToFastqAndDragmapAndMba/shard-23/execution/script

# get the return code (working even if the container was detached)
rc=$(docker wait [38;5;5mcat /mnt/nas1/projects/lasr/blendseq/warp-pipelines/warp-gatk-germline-single-sample-pipeline-master/tmp/1977401714735460022/cromwell-executions/WholeGenomeGermlineSingleSample/3d34995f-bd8e-4e1e-88c8-95f2cc6eb274/call-UnmappedBamToAlignedBam/UnmappedBamToAlignedBam/4a1c33f3-cf3d-44bd-a4eb-bf4bb8fa4c5e/call-SplitRG/shard-0/SplitLargeReadGroup/fe27c5e0-9c12-4cc7-8978-b486720a16c5/call-SamToFastqAndDragmapAndMba/shard-23/execution/docker_cid[0m)

# remove the container after waiting
docker rm [38;5;5mcat /mnt/nas1/projects/lasr/blendseq/warp-pipelines/warp-gatk-germline-single-sample-pipeline-master/tmp/1977401714735460022/cromwell-executions/WholeGenomeGermlineSingleSample/3d34995f-bd8e-4e1e-88c8-95f2cc6eb274/call-UnmappedBamToAlignedBam/UnmappedBamToAlignedBam/4a1c33f3-cf3d-44bd-a4eb-bf4bb8fa4c5e/call-SplitRG/shard-0/SplitLargeReadGroup/fe27c5e0-9c12-4cc7-8978-b486720a16c5/call-SamToFastqAndDragmapAndMba/shard-23/execution/docker_cid[0m

# return exit code
exit $rc
[2025-11-29 15:14:57,70] [info] BackgroundConfigAsyncJobExecutionActor [[38;5;2mfe27c5e0[0mSplitLargeReadGroup.SamToFastqAndDragmapAndMba:23:1]: job id: 254334
[2025-11-29 15:14:57,70] [info] BackgroundConfigAsyncJobExecutionActor [[38;5;2mfe27c5e0[0mSplitLargeReadGroup.SamToFastqAndDragmapAndMba:23:1]: Status change from - to WaitingForReturnCode
[2025-11-29 15:15:40,25] [info] BackgroundConfigAsyncJobExecutionActor [[38;5;2mfe27c5e0[0mSplitLargeReadGroup.SamToFastqAndDragmapAndMba:23:1]: Status change from WaitingForReturnCode to Done
[2025-11-29 15:15:47,78] [info] Assigned new job execution tokens to the following groups: 3d34995f: 1
[2025-11-29 15:15:47,82] [[38;5;220mwarn[0m] BackgroundConfigAsyncJobExecutionActor [[38;5;2mfe27c5e0[0mSplitLargeReadGroup.SamToFastqAndDragmapAndMba:1:1]: Unrecognized runtime attribute keys: preemptible, disks, cpu, memory
[2025-11-29 15:15:58,09] [info] BackgroundConfigAsyncJobExecutionActor [[38;5;2mfe27c5e0[0mSplitLargeReadGroup.SamToFastqAndDragmapAndMba:1:1]: [38;5;5mset -euxo pipefail

DRAGMAP_VERSION=$(dragen-os --version)

if [ -z ${DRAGMAP_VERSION} ]; then
    exit 1;
fi

mkdir dragen_reference
mv /cromwell-executions/WholeGenomeGermlineSingleSample/3d34995f-bd8e-4e1e-88c8-95f2cc6eb274/call-UnmappedBamToAlignedBam/UnmappedBamToAlignedBam/4a1c33f3-cf3d-44bd-a4eb-bf4bb8fa4c5e/call-SplitRG/shard-0/SplitLargeReadGroup/fe27c5e0-9c12-4cc7-8978-b486720a16c5/call-SamToFastqAndDragmapAndMba/shard-1/inputs/-1290198700/reference.bin /cromwell-executions/WholeGenomeGermlineSingleSample/3d34995f-bd8e-4e1e-88c8-95f2cc6eb274/call-UnmappedBamToAlignedBam/UnmappedBamToAlignedBam/4a1c33f3-cf3d-44bd-a4eb-bf4bb8fa4c5e/call-SplitRG/shard-0/SplitLargeReadGroup/fe27c5e0-9c12-4cc7-8978-b486720a16c5/call-SamToFastqAndDragmapAndMba/shard-1/inputs/-1290198700/hash_table.cfg.bin /cromwell-executions/WholeGenomeGermlineSingleSample/3d34995f-bd8e-4e1e-88c8-95f2cc6eb274/call-UnmappedBamToAlignedBam/UnmappedBamToAlignedBam/4a1c33f3-cf3d-44bd-a4eb-bf4bb8fa4c5e/call-SplitRG/shard-0/SplitLargeReadGroup/fe27c5e0-9c12-4cc7-8978-b486720a16c5/call-SamToFastqAndDragmapAndMba/shard-1/inputs/-1290198700/hash_table.cmp dragen_reference

dragen-os -b /cromwell-executions/WholeGenomeGermlineSingleSample/3d34995f-bd8e-4e1e-88c8-95f2cc6eb274/call-UnmappedBamToAlignedBam/UnmappedBamToAlignedBam/4a1c33f3-cf3d-44bd-a4eb-bf4bb8fa4c5e/call-SplitRG/shard-0/SplitLargeReadGroup/fe27c5e0-9c12-4cc7-8978-b486720a16c5/call-SamToFastqAndDragmapAndMba/shard-1/inputs/-1047237686/shard_0002.bam -r dragen_reference --interleaved=1 --preserve-map-align-order true 2> >(tee shard_0002.dragmap.stderr.log >&2) | samtools view -h -O BAM - > aligned.bam
java -Dsamjdk.compression_level=2 -Xms1000m -Xmx1000m -jar /picard/picard.jar \
  MergeBamAlignment \
  VALIDATION_STRINGENCY=SILENT \
  EXPECTED_ORIENTATIONS=FR \
  ATTRIBUTES_TO_RETAIN=X0 \
  ATTRIBUTES_TO_REMOVE=RG \
  ATTRIBUTES_TO_REMOVE=NM \
  ATTRIBUTES_TO_REMOVE=MD \
  ALIGNED_BAM=aligned.bam \
  UNMAPPED_BAM=/cromwell-executions/WholeGenomeGermlineSingleSample/3d34995f-bd8e-4e1e-88c8-95f2cc6eb274/call-UnmappedBamToAlignedBam/UnmappedBamToAlignedBam/4a1c33f3-cf3d-44bd-a4eb-bf4bb8fa4c5e/call-SplitRG/shard-0/SplitLargeReadGroup/fe27c5e0-9c12-4cc7-8978-b486720a16c5/call-SamToFastqAndDragmapAndMba/shard-1/inputs/-1047237686/shard_0002.bam \
  OUTPUT=shard_0002.bam \
  REFERENCE_SEQUENCE=/cromwell-executions/WholeGenomeGermlineSingleSample/3d34995f-bd8e-4e1e-88c8-95f2cc6eb274/call-UnmappedBamToAlignedBam/UnmappedBamToAlignedBam/4a1c33f3-cf3d-44bd-a4eb-bf4bb8fa4c5e/call-SplitRG/shard-0/SplitLargeReadGroup/fe27c5e0-9c12-4cc7-8978-b486720a16c5/call-SamToFastqAndDragmapAndMba/shard-1/inputs/-1569105944/Homo_sapiens_assembly38_masked.fasta \
  PAIRED_RUN=true \
  SORT_ORDER="unsorted" \
  IS_BISULFITE_SEQUENCE=false \
  ALIGNED_READS_ONLY=false \
  CLIP_ADAPTERS=false \
   \
   \
  MAX_RECORDS_IN_RAM=2000000 \
  ADD_MATE_CIGAR=true \
  MAX_INSERTIONS_OR_DELETIONS=-1 \
  PRIMARY_ALIGNMENT_STRATEGY=MostDistant \
  PROGRAM_RECORD_ID="dragen-os" \
  PROGRAM_GROUP_VERSION="${DRAGMAP_VERSION}" \
  PROGRAM_GROUP_COMMAND_LINE="dragen-os -b /cromwell-executions/WholeGenomeGermlineSingleSample/3d34995f-bd8e-4e1e-88c8-95f2cc6eb274/call-UnmappedBamToAlignedBam/UnmappedBamToAlignedBam/4a1c33f3-cf3d-44bd-a4eb-bf4bb8fa4c5e/call-SplitRG/shard-0/SplitLargeReadGroup/fe27c5e0-9c12-4cc7-8978-b486720a16c5/call-SamToFastqAndDragmapAndMba/shard-1/inputs/-1047237686/shard_0002.bam -r dragen_reference --interleaved=1" \
  PROGRAM_GROUP_NAME="dragen-os" \
  UNMAPPED_READ_STRATEGY=COPY_TO_TAG \
  ALIGNER_PROPER_PAIR_FLAGS=true \
  UNMAP_CONTAMINANT_READS=true \
  ADD_PG_TAG_TO_READS=false[0m
[2025-11-29 15:15:58,10] [info] BackgroundConfigAsyncJobExecutionActor [[38;5;2mfe27c5e0[0mSplitLargeReadGroup.SamToFastqAndDragmapAndMba:1:1]: executing: # make sure there is no preexisting Docker CID file
rm -f /mnt/nas1/projects/lasr/blendseq/warp-pipelines/warp-gatk-germline-single-sample-pipeline-master/tmp/1977401714735460022/cromwell-executions/WholeGenomeGermlineSingleSample/3d34995f-bd8e-4e1e-88c8-95f2cc6eb274/call-UnmappedBamToAlignedBam/UnmappedBamToAlignedBam/4a1c33f3-cf3d-44bd-a4eb-bf4bb8fa4c5e/call-SplitRG/shard-0/SplitLargeReadGroup/fe27c5e0-9c12-4cc7-8978-b486720a16c5/call-SamToFastqAndDragmapAndMba/shard-1/execution/docker_cid
# run as in the original configuration without --rm flag (will remove later)
docker run \
  --cidfile /mnt/nas1/projects/lasr/blendseq/warp-pipelines/warp-gatk-germline-single-sample-pipeline-master/tmp/1977401714735460022/cromwell-executions/WholeGenomeGermlineSingleSample/3d34995f-bd8e-4e1e-88c8-95f2cc6eb274/call-UnmappedBamToAlignedBam/UnmappedBamToAlignedBam/4a1c33f3-cf3d-44bd-a4eb-bf4bb8fa4c5e/call-SplitRG/shard-0/SplitLargeReadGroup/fe27c5e0-9c12-4cc7-8978-b486720a16c5/call-SamToFastqAndDragmapAndMba/shard-1/execution/docker_cid \
  -i \
  --user 1027:1028 \
  --cpus="64" \
  --memory="204800M" \
  --entrypoint /bin/bash \
  -v /mnt/nas1/projects/lasr/blendseq/warp-pipelines/warp-gatk-germline-single-sample-pipeline-master/tmp/1977401714735460022/cromwell-executions/WholeGenomeGermlineSingleSample/3d34995f-bd8e-4e1e-88c8-95f2cc6eb274/call-UnmappedBamToAlignedBam/UnmappedBamToAlignedBam/4a1c33f3-cf3d-44bd-a4eb-bf4bb8fa4c5e/call-SplitRG/shard-0/SplitLargeReadGroup/fe27c5e0-9c12-4cc7-8978-b486720a16c5/call-SamToFastqAndDragmapAndMba/shard-1:/cromwell-executions/WholeGenomeGermlineSingleSample/3d34995f-bd8e-4e1e-88c8-95f2cc6eb274/call-UnmappedBamToAlignedBam/UnmappedBamToAlignedBam/4a1c33f3-cf3d-44bd-a4eb-bf4bb8fa4c5e/call-SplitRG/shard-0/SplitLargeReadGroup/fe27c5e0-9c12-4cc7-8978-b486720a16c5/call-SamToFastqAndDragmapAndMba/shard-1 \
  us.gcr.io/broad-gotc-prod/dragmap@sha256:5964afca3e4173c33b11100f68c1a44642e0ff2ee4de5a49d8cd446fef308b23 /cromwell-executions/WholeGenomeGermlineSingleSample/3d34995f-bd8e-4e1e-88c8-95f2cc6eb274/call-UnmappedBamToAlignedBam/UnmappedBamToAlignedBam/4a1c33f3-cf3d-44bd-a4eb-bf4bb8fa4c5e/call-SplitRG/shard-0/SplitLargeReadGroup/fe27c5e0-9c12-4cc7-8978-b486720a16c5/call-SamToFastqAndDragmapAndMba/shard-1/execution/script

# get the return code (working even if the container was detached)
rc=$(docker wait [38;5;5mcat /mnt/nas1/projects/lasr/blendseq/warp-pipelines/warp-gatk-germline-single-sample-pipeline-master/tmp/1977401714735460022/cromwell-executions/WholeGenomeGermlineSingleSample/3d34995f-bd8e-4e1e-88c8-95f2cc6eb274/call-UnmappedBamToAlignedBam/UnmappedBamToAlignedBam/4a1c33f3-cf3d-44bd-a4eb-bf4bb8fa4c5e/call-SplitRG/shard-0/SplitLargeReadGroup/fe27c5e0-9c12-4cc7-8978-b486720a16c5/call-SamToFastqAndDragmapAndMba/shard-1/execution/docker_cid[0m)

# remove the container after waiting
docker rm [38;5;5mcat /mnt/nas1/projects/lasr/blendseq/warp-pipelines/warp-gatk-germline-single-sample-pipeline-master/tmp/1977401714735460022/cromwell-executions/WholeGenomeGermlineSingleSample/3d34995f-bd8e-4e1e-88c8-95f2cc6eb274/call-UnmappedBamToAlignedBam/UnmappedBamToAlignedBam/4a1c33f3-cf3d-44bd-a4eb-bf4bb8fa4c5e/call-SplitRG/shard-0/SplitLargeReadGroup/fe27c5e0-9c12-4cc7-8978-b486720a16c5/call-SamToFastqAndDragmapAndMba/shard-1/execution/docker_cid[0m

# return exit code
exit $rc
[2025-11-29 15:16:02,70] [info] BackgroundConfigAsyncJobExecutionActor [[38;5;2mfe27c5e0[0mSplitLargeReadGroup.SamToFastqAndDragmapAndMba:1:1]: job id: 254948
[2025-11-29 15:16:02,70] [info] BackgroundConfigAsyncJobExecutionActor [[38;5;2mfe27c5e0[0mSplitLargeReadGroup.SamToFastqAndDragmapAndMba:1:1]: Status change from - to WaitingForReturnCode
[2025-11-29 15:16:35,27] [info] BackgroundConfigAsyncJobExecutionActor [[38;5;2mfe27c5e0[0mSplitLargeReadGroup.SamToFastqAndDragmapAndMba:1:1]: Status change from WaitingForReturnCode to Done
[2025-11-29 15:16:37,78] [info] Assigned new job execution tokens to the following groups: 3d34995f: 1
[2025-11-29 15:16:37,80] [[38;5;220mwarn[0m] BackgroundConfigAsyncJobExecutionActor [[38;5;2mfe27c5e0[0mSplitLargeReadGroup.SamToFastqAndDragmapAndMba:16:1]: Unrecognized runtime attribute keys: preemptible, disks, cpu, memory
[2025-11-29 15:16:46,87] [info] BackgroundConfigAsyncJobExecutionActor [[38;5;2mfe27c5e0[0mSplitLargeReadGroup.SamToFastqAndDragmapAndMba:16:1]: [38;5;5mset -euxo pipefail

DRAGMAP_VERSION=$(dragen-os --version)

if [ -z ${DRAGMAP_VERSION} ]; then
    exit 1;
fi

mkdir dragen_reference
mv /cromwell-executions/WholeGenomeGermlineSingleSample/3d34995f-bd8e-4e1e-88c8-95f2cc6eb274/call-UnmappedBamToAlignedBam/UnmappedBamToAlignedBam/4a1c33f3-cf3d-44bd-a4eb-bf4bb8fa4c5e/call-SplitRG/shard-0/SplitLargeReadGroup/fe27c5e0-9c12-4cc7-8978-b486720a16c5/call-SamToFastqAndDragmapAndMba/shard-16/inputs/-1290198700/reference.bin /cromwell-executions/WholeGenomeGermlineSingleSample/3d34995f-bd8e-4e1e-88c8-95f2cc6eb274/call-UnmappedBamToAlignedBam/UnmappedBamToAlignedBam/4a1c33f3-cf3d-44bd-a4eb-bf4bb8fa4c5e/call-SplitRG/shard-0/SplitLargeReadGroup/fe27c5e0-9c12-4cc7-8978-b486720a16c5/call-SamToFastqAndDragmapAndMba/shard-16/inputs/-1290198700/hash_table.cfg.bin /cromwell-executions/WholeGenomeGermlineSingleSample/3d34995f-bd8e-4e1e-88c8-95f2cc6eb274/call-UnmappedBamToAlignedBam/UnmappedBamToAlignedBam/4a1c33f3-cf3d-44bd-a4eb-bf4bb8fa4c5e/call-SplitRG/shard-0/SplitLargeReadGroup/fe27c5e0-9c12-4cc7-8978-b486720a16c5/call-SamToFastqAndDragmapAndMba/shard-16/inputs/-1290198700/hash_table.cmp dragen_reference

dragen-os -b /cromwell-executions/WholeGenomeGermlineSingleSample/3d34995f-bd8e-4e1e-88c8-95f2cc6eb274/call-UnmappedBamToAlignedBam/UnmappedBamToAlignedBam/4a1c33f3-cf3d-44bd-a4eb-bf4bb8fa4c5e/call-SplitRG/shard-0/SplitLargeReadGroup/fe27c5e0-9c12-4cc7-8978-b486720a16c5/call-SamToFastqAndDragmapAndMba/shard-16/inputs/-1047237686/shard_0017.bam -r dragen_reference --interleaved=1 --preserve-map-align-order true 2> >(tee shard_0017.dragmap.stderr.log >&2) | samtools view -h -O BAM - > aligned.bam
java -Dsamjdk.compression_level=2 -Xms1000m -Xmx1000m -jar /picard/picard.jar \
  MergeBamAlignment \
  VALIDATION_STRINGENCY=SILENT \
  EXPECTED_ORIENTATIONS=FR \
  ATTRIBUTES_TO_RETAIN=X0 \
  ATTRIBUTES_TO_REMOVE=RG \
  ATTRIBUTES_TO_REMOVE=NM \
  ATTRIBUTES_TO_REMOVE=MD \
  ALIGNED_BAM=aligned.bam \
  UNMAPPED_BAM=/cromwell-executions/WholeGenomeGermlineSingleSample/3d34995f-bd8e-4e1e-88c8-95f2cc6eb274/call-UnmappedBamToAlignedBam/UnmappedBamToAlignedBam/4a1c33f3-cf3d-44bd-a4eb-bf4bb8fa4c5e/call-SplitRG/shard-0/SplitLargeReadGroup/fe27c5e0-9c12-4cc7-8978-b486720a16c5/call-SamToFastqAndDragmapAndMba/shard-16/inputs/-1047237686/shard_0017.bam \
  OUTPUT=shard_0017.bam \
  REFERENCE_SEQUENCE=/cromwell-executions/WholeGenomeGermlineSingleSample/3d34995f-bd8e-4e1e-88c8-95f2cc6eb274/call-UnmappedBamToAlignedBam/UnmappedBamToAlignedBam/4a1c33f3-cf3d-44bd-a4eb-bf4bb8fa4c5e/call-SplitRG/shard-0/SplitLargeReadGroup/fe27c5e0-9c12-4cc7-8978-b486720a16c5/call-SamToFastqAndDragmapAndMba/shard-16/inputs/-1569105944/Homo_sapiens_assembly38_masked.fasta \
  PAIRED_RUN=true \
  SORT_ORDER="unsorted" \
  IS_BISULFITE_SEQUENCE=false \
  ALIGNED_READS_ONLY=false \
  CLIP_ADAPTERS=false \
   \
   \
  MAX_RECORDS_IN_RAM=2000000 \
  ADD_MATE_CIGAR=true \
  MAX_INSERTIONS_OR_DELETIONS=-1 \
  PRIMARY_ALIGNMENT_STRATEGY=MostDistant \
  PROGRAM_RECORD_ID="dragen-os" \
  PROGRAM_GROUP_VERSION="${DRAGMAP_VERSION}" \
  PROGRAM_GROUP_COMMAND_LINE="dragen-os -b /cromwell-executions/WholeGenomeGermlineSingleSample/3d34995f-bd8e-4e1e-88c8-95f2cc6eb274/call-UnmappedBamToAlignedBam/UnmappedBamToAlignedBam/4a1c33f3-cf3d-44bd-a4eb-bf4bb8fa4c5e/call-SplitRG/shard-0/SplitLargeReadGroup/fe27c5e0-9c12-4cc7-8978-b486720a16c5/call-SamToFastqAndDragmapAndMba/shard-16/inputs/-1047237686/shard_0017.bam -r dragen_reference --interleaved=1" \
  PROGRAM_GROUP_NAME="dragen-os" \
  UNMAPPED_READ_STRATEGY=COPY_TO_TAG \
  ALIGNER_PROPER_PAIR_FLAGS=true \
  UNMAP_CONTAMINANT_READS=true \
  ADD_PG_TAG_TO_READS=false[0m
[2025-11-29 15:16:46,87] [info] BackgroundConfigAsyncJobExecutionActor [[38;5;2mfe27c5e0[0mSplitLargeReadGroup.SamToFastqAndDragmapAndMba:16:1]: executing: # make sure there is no preexisting Docker CID file
rm -f /mnt/nas1/projects/lasr/blendseq/warp-pipelines/warp-gatk-germline-single-sample-pipeline-master/tmp/1977401714735460022/cromwell-executions/WholeGenomeGermlineSingleSample/3d34995f-bd8e-4e1e-88c8-95f2cc6eb274/call-UnmappedBamToAlignedBam/UnmappedBamToAlignedBam/4a1c33f3-cf3d-44bd-a4eb-bf4bb8fa4c5e/call-SplitRG/shard-0/SplitLargeReadGroup/fe27c5e0-9c12-4cc7-8978-b486720a16c5/call-SamToFastqAndDragmapAndMba/shard-16/execution/docker_cid
# run as in the original configuration without --rm flag (will remove later)
docker run \
  --cidfile /mnt/nas1/projects/lasr/blendseq/warp-pipelines/warp-gatk-germline-single-sample-pipeline-master/tmp/1977401714735460022/cromwell-executions/WholeGenomeGermlineSingleSample/3d34995f-bd8e-4e1e-88c8-95f2cc6eb274/call-UnmappedBamToAlignedBam/UnmappedBamToAlignedBam/4a1c33f3-cf3d-44bd-a4eb-bf4bb8fa4c5e/call-SplitRG/shard-0/SplitLargeReadGroup/fe27c5e0-9c12-4cc7-8978-b486720a16c5/call-SamToFastqAndDragmapAndMba/shard-16/execution/docker_cid \
  -i \
  --user 1027:1028 \
  --cpus="64" \
  --memory="204800M" \
  --entrypoint /bin/bash \
  -v /mnt/nas1/projects/lasr/blendseq/warp-pipelines/warp-gatk-germline-single-sample-pipeline-master/tmp/1977401714735460022/cromwell-executions/WholeGenomeGermlineSingleSample/3d34995f-bd8e-4e1e-88c8-95f2cc6eb274/call-UnmappedBamToAlignedBam/UnmappedBamToAlignedBam/4a1c33f3-cf3d-44bd-a4eb-bf4bb8fa4c5e/call-SplitRG/shard-0/SplitLargeReadGroup/fe27c5e0-9c12-4cc7-8978-b486720a16c5/call-SamToFastqAndDragmapAndMba/shard-16:/cromwell-executions/WholeGenomeGermlineSingleSample/3d34995f-bd8e-4e1e-88c8-95f2cc6eb274/call-UnmappedBamToAlignedBam/UnmappedBamToAlignedBam/4a1c33f3-cf3d-44bd-a4eb-bf4bb8fa4c5e/call-SplitRG/shard-0/SplitLargeReadGroup/fe27c5e0-9c12-4cc7-8978-b486720a16c5/call-SamToFastqAndDragmapAndMba/shard-16 \
  us.gcr.io/broad-gotc-prod/dragmap@sha256:5964afca3e4173c33b11100f68c1a44642e0ff2ee4de5a49d8cd446fef308b23 /cromwell-executions/WholeGenomeGermlineSingleSample/3d34995f-bd8e-4e1e-88c8-95f2cc6eb274/call-UnmappedBamToAlignedBam/UnmappedBamToAlignedBam/4a1c33f3-cf3d-44bd-a4eb-bf4bb8fa4c5e/call-SplitRG/shard-0/SplitLargeReadGroup/fe27c5e0-9c12-4cc7-8978-b486720a16c5/call-SamToFastqAndDragmapAndMba/shard-16/execution/script

# get the return code (working even if the container was detached)
rc=$(docker wait [38;5;5mcat /mnt/nas1/projects/lasr/blendseq/warp-pipelines/warp-gatk-germline-single-sample-pipeline-master/tmp/1977401714735460022/cromwell-executions/WholeGenomeGermlineSingleSample/3d34995f-bd8e-4e1e-88c8-95f2cc6eb274/call-UnmappedBamToAlignedBam/UnmappedBamToAlignedBam/4a1c33f3-cf3d-44bd-a4eb-bf4bb8fa4c5e/call-SplitRG/shard-0/SplitLargeReadGroup/fe27c5e0-9c12-4cc7-8978-b486720a16c5/call-SamToFastqAndDragmapAndMba/shard-16/execution/docker_cid[0m)

# remove the container after waiting
docker rm [38;5;5mcat /mnt/nas1/projects/lasr/blendseq/warp-pipelines/warp-gatk-germline-single-sample-pipeline-master/tmp/1977401714735460022/cromwell-executions/WholeGenomeGermlineSingleSample/3d34995f-bd8e-4e1e-88c8-95f2cc6eb274/call-UnmappedBamToAlignedBam/UnmappedBamToAlignedBam/4a1c33f3-cf3d-44bd-a4eb-bf4bb8fa4c5e/call-SplitRG/shard-0/SplitLargeReadGroup/fe27c5e0-9c12-4cc7-8978-b486720a16c5/call-SamToFastqAndDragmapAndMba/shard-16/execution/docker_cid[0m

# return exit code
exit $rc
[2025-11-29 15:16:47,70] [info] BackgroundConfigAsyncJobExecutionActor [[38;5;2mfe27c5e0[0mSplitLargeReadGroup.SamToFastqAndDragmapAndMba:16:1]: job id: 255572
[2025-11-29 15:16:47,70] [info] BackgroundConfigAsyncJobExecutionActor [[38;5;2mfe27c5e0[0mSplitLargeReadGroup.SamToFastqAndDragmapAndMba:16:1]: Status change from - to WaitingForReturnCode
[2025-11-29 15:17:23,57] [info] BackgroundConfigAsyncJobExecutionActor [[38;5;2mfe27c5e0[0mSplitLargeReadGroup.SamToFastqAndDragmapAndMba:16:1]: Status change from WaitingForReturnCode to Done
[2025-11-29 15:17:27,78] [info] Assigned new job execution tokens to the following groups: 3d34995f: 1
[2025-11-29 15:17:27,81] [[38;5;220mwarn[0m] BackgroundConfigAsyncJobExecutionActor [[38;5;2mfe27c5e0[0mSplitLargeReadGroup.SamToFastqAndDragmapAndMba:20:1]: Unrecognized runtime attribute keys: preemptible, disks, cpu, memory
[2025-11-29 15:17:37,61] [info] BackgroundConfigAsyncJobExecutionActor [[38;5;2mfe27c5e0[0mSplitLargeReadGroup.SamToFastqAndDragmapAndMba:20:1]: [38;5;5mset -euxo pipefail

DRAGMAP_VERSION=$(dragen-os --version)

if [ -z ${DRAGMAP_VERSION} ]; then
    exit 1;
fi

mkdir dragen_reference
mv /cromwell-executions/WholeGenomeGermlineSingleSample/3d34995f-bd8e-4e1e-88c8-95f2cc6eb274/call-UnmappedBamToAlignedBam/UnmappedBamToAlignedBam/4a1c33f3-cf3d-44bd-a4eb-bf4bb8fa4c5e/call-SplitRG/shard-0/SplitLargeReadGroup/fe27c5e0-9c12-4cc7-8978-b486720a16c5/call-SamToFastqAndDragmapAndMba/shard-20/inputs/-1290198700/reference.bin /cromwell-executions/WholeGenomeGermlineSingleSample/3d34995f-bd8e-4e1e-88c8-95f2cc6eb274/call-UnmappedBamToAlignedBam/UnmappedBamToAlignedBam/4a1c33f3-cf3d-44bd-a4eb-bf4bb8fa4c5e/call-SplitRG/shard-0/SplitLargeReadGroup/fe27c5e0-9c12-4cc7-8978-b486720a16c5/call-SamToFastqAndDragmapAndMba/shard-20/inputs/-1290198700/hash_table.cfg.bin /cromwell-executions/WholeGenomeGermlineSingleSample/3d34995f-bd8e-4e1e-88c8-95f2cc6eb274/call-UnmappedBamToAlignedBam/UnmappedBamToAlignedBam/4a1c33f3-cf3d-44bd-a4eb-bf4bb8fa4c5e/call-SplitRG/shard-0/SplitLargeReadGroup/fe27c5e0-9c12-4cc7-8978-b486720a16c5/call-SamToFastqAndDragmapAndMba/shard-20/inputs/-1290198700/hash_table.cmp dragen_reference

dragen-os -b /cromwell-executions/WholeGenomeGermlineSingleSample/3d34995f-bd8e-4e1e-88c8-95f2cc6eb274/call-UnmappedBamToAlignedBam/UnmappedBamToAlignedBam/4a1c33f3-cf3d-44bd-a4eb-bf4bb8fa4c5e/call-SplitRG/shard-0/SplitLargeReadGroup/fe27c5e0-9c12-4cc7-8978-b486720a16c5/call-SamToFastqAndDragmapAndMba/shard-20/inputs/-1047237686/shard_0021.bam -r dragen_reference --interleaved=1 --preserve-map-align-order true 2> >(tee shard_0021.dragmap.stderr.log >&2) | samtools view -h -O BAM - > aligned.bam
java -Dsamjdk.compression_level=2 -Xms1000m -Xmx1000m -jar /picard/picard.jar \
  MergeBamAlignment \
  VALIDATION_STRINGENCY=SILENT \
  EXPECTED_ORIENTATIONS=FR \
  ATTRIBUTES_TO_RETAIN=X0 \
  ATTRIBUTES_TO_REMOVE=RG \
  ATTRIBUTES_TO_REMOVE=NM \
  ATTRIBUTES_TO_REMOVE=MD \
  ALIGNED_BAM=aligned.bam \
  UNMAPPED_BAM=/cromwell-executions/WholeGenomeGermlineSingleSample/3d34995f-bd8e-4e1e-88c8-95f2cc6eb274/call-UnmappedBamToAlignedBam/UnmappedBamToAlignedBam/4a1c33f3-cf3d-44bd-a4eb-bf4bb8fa4c5e/call-SplitRG/shard-0/SplitLargeReadGroup/fe27c5e0-9c12-4cc7-8978-b486720a16c5/call-SamToFastqAndDragmapAndMba/shard-20/inputs/-1047237686/shard_0021.bam \
  OUTPUT=shard_0021.bam \
  REFERENCE_SEQUENCE=/cromwell-executions/WholeGenomeGermlineSingleSample/3d34995f-bd8e-4e1e-88c8-95f2cc6eb274/call-UnmappedBamToAlignedBam/UnmappedBamToAlignedBam/4a1c33f3-cf3d-44bd-a4eb-bf4bb8fa4c5e/call-SplitRG/shard-0/SplitLargeReadGroup/fe27c5e0-9c12-4cc7-8978-b486720a16c5/call-SamToFastqAndDragmapAndMba/shard-20/inputs/-1569105944/Homo_sapiens_assembly38_masked.fasta \
  PAIRED_RUN=true \
  SORT_ORDER="unsorted" \
  IS_BISULFITE_SEQUENCE=false \
  ALIGNED_READS_ONLY=false \
  CLIP_ADAPTERS=false \
   \
   \
  MAX_RECORDS_IN_RAM=2000000 \
  ADD_MATE_CIGAR=true \
  MAX_INSERTIONS_OR_DELETIONS=-1 \
  PRIMARY_ALIGNMENT_STRATEGY=MostDistant \
  PROGRAM_RECORD_ID="dragen-os" \
  PROGRAM_GROUP_VERSION="${DRAGMAP_VERSION}" \
  PROGRAM_GROUP_COMMAND_LINE="dragen-os -b /cromwell-executions/WholeGenomeGermlineSingleSample/3d34995f-bd8e-4e1e-88c8-95f2cc6eb274/call-UnmappedBamToAlignedBam/UnmappedBamToAlignedBam/4a1c33f3-cf3d-44bd-a4eb-bf4bb8fa4c5e/call-SplitRG/shard-0/SplitLargeReadGroup/fe27c5e0-9c12-4cc7-8978-b486720a16c5/call-SamToFastqAndDragmapAndMba/shard-20/inputs/-1047237686/shard_0021.bam -r dragen_reference --interleaved=1" \
  PROGRAM_GROUP_NAME="dragen-os" \
  UNMAPPED_READ_STRATEGY=COPY_TO_TAG \
  ALIGNER_PROPER_PAIR_FLAGS=true \
  UNMAP_CONTAMINANT_READS=true \
  ADD_PG_TAG_TO_READS=false[0m
[2025-11-29 15:17:37,62] [info] BackgroundConfigAsyncJobExecutionActor [[38;5;2mfe27c5e0[0mSplitLargeReadGroup.SamToFastqAndDragmapAndMba:20:1]: executing: # make sure there is no preexisting Docker CID file
rm -f /mnt/nas1/projects/lasr/blendseq/warp-pipelines/warp-gatk-germline-single-sample-pipeline-master/tmp/1977401714735460022/cromwell-executions/WholeGenomeGermlineSingleSample/3d34995f-bd8e-4e1e-88c8-95f2cc6eb274/call-UnmappedBamToAlignedBam/UnmappedBamToAlignedBam/4a1c33f3-cf3d-44bd-a4eb-bf4bb8fa4c5e/call-SplitRG/shard-0/SplitLargeReadGroup/fe27c5e0-9c12-4cc7-8978-b486720a16c5/call-SamToFastqAndDragmapAndMba/shard-20/execution/docker_cid
# run as in the original configuration without --rm flag (will remove later)
docker run \
  --cidfile /mnt/nas1/projects/lasr/blendseq/warp-pipelines/warp-gatk-germline-single-sample-pipeline-master/tmp/1977401714735460022/cromwell-executions/WholeGenomeGermlineSingleSample/3d34995f-bd8e-4e1e-88c8-95f2cc6eb274/call-UnmappedBamToAlignedBam/UnmappedBamToAlignedBam/4a1c33f3-cf3d-44bd-a4eb-bf4bb8fa4c5e/call-SplitRG/shard-0/SplitLargeReadGroup/fe27c5e0-9c12-4cc7-8978-b486720a16c5/call-SamToFastqAndDragmapAndMba/shard-20/execution/docker_cid \
  -i \
  --user 1027:1028 \
  --cpus="64" \
  --memory="204800M" \
  --entrypoint /bin/bash \
  -v /mnt/nas1/projects/lasr/blendseq/warp-pipelines/warp-gatk-germline-single-sample-pipeline-master/tmp/1977401714735460022/cromwell-executions/WholeGenomeGermlineSingleSample/3d34995f-bd8e-4e1e-88c8-95f2cc6eb274/call-UnmappedBamToAlignedBam/UnmappedBamToAlignedBam/4a1c33f3-cf3d-44bd-a4eb-bf4bb8fa4c5e/call-SplitRG/shard-0/SplitLargeReadGroup/fe27c5e0-9c12-4cc7-8978-b486720a16c5/call-SamToFastqAndDragmapAndMba/shard-20:/cromwell-executions/WholeGenomeGermlineSingleSample/3d34995f-bd8e-4e1e-88c8-95f2cc6eb274/call-UnmappedBamToAlignedBam/UnmappedBamToAlignedBam/4a1c33f3-cf3d-44bd-a4eb-bf4bb8fa4c5e/call-SplitRG/shard-0/SplitLargeReadGroup/fe27c5e0-9c12-4cc7-8978-b486720a16c5/call-SamToFastqAndDragmapAndMba/shard-20 \
  us.gcr.io/broad-gotc-prod/dragmap@sha256:5964afca3e4173c33b11100f68c1a44642e0ff2ee4de5a49d8cd446fef308b23 /cromwell-executions/WholeGenomeGermlineSingleSample/3d34995f-bd8e-4e1e-88c8-95f2cc6eb274/call-UnmappedBamToAlignedBam/UnmappedBamToAlignedBam/4a1c33f3-cf3d-44bd-a4eb-bf4bb8fa4c5e/call-SplitRG/shard-0/SplitLargeReadGroup/fe27c5e0-9c12-4cc7-8978-b486720a16c5/call-SamToFastqAndDragmapAndMba/shard-20/execution/script

# get the return code (working even if the container was detached)
rc=$(docker wait [38;5;5mcat /mnt/nas1/projects/lasr/blendseq/warp-pipelines/warp-gatk-germline-single-sample-pipeline-master/tmp/1977401714735460022/cromwell-executions/WholeGenomeGermlineSingleSample/3d34995f-bd8e-4e1e-88c8-95f2cc6eb274/call-UnmappedBamToAlignedBam/UnmappedBamToAlignedBam/4a1c33f3-cf3d-44bd-a4eb-bf4bb8fa4c5e/call-SplitRG/shard-0/SplitLargeReadGroup/fe27c5e0-9c12-4cc7-8978-b486720a16c5/call-SamToFastqAndDragmapAndMba/shard-20/execution/docker_cid[0m)

# remove the container after waiting
docker rm [38;5;5mcat /mnt/nas1/projects/lasr/blendseq/warp-pipelines/warp-gatk-germline-single-sample-pipeline-master/tmp/1977401714735460022/cromwell-executions/WholeGenomeGermlineSingleSample/3d34995f-bd8e-4e1e-88c8-95f2cc6eb274/call-UnmappedBamToAlignedBam/UnmappedBamToAlignedBam/4a1c33f3-cf3d-44bd-a4eb-bf4bb8fa4c5e/call-SplitRG/shard-0/SplitLargeReadGroup/fe27c5e0-9c12-4cc7-8978-b486720a16c5/call-SamToFastqAndDragmapAndMba/shard-20/execution/docker_cid[0m

# return exit code
exit $rc
[2025-11-29 15:17:37,70] [info] BackgroundConfigAsyncJobExecutionActor [[38;5;2mfe27c5e0[0mSplitLargeReadGroup.SamToFastqAndDragmapAndMba:20:1]: job id: 256204
[2025-11-29 15:17:37,70] [info] BackgroundConfigAsyncJobExecutionActor [[38;5;2mfe27c5e0[0mSplitLargeReadGroup.SamToFastqAndDragmapAndMba:20:1]: Status change from - to WaitingForReturnCode
[2025-11-29 15:18:30,44] [info] BackgroundConfigAsyncJobExecutionActor [[38;5;2mfe27c5e0[0mSplitLargeReadGroup.SamToFastqAndDragmapAndMba:20:1]: Status change from WaitingForReturnCode to Done
[2025-11-29 15:18:37,78] [info] Assigned new job execution tokens to the following groups: 3d34995f: 1
[2025-11-29 15:18:37,83] [[38;5;220mwarn[0m] BackgroundConfigAsyncJobExecutionActor [[38;5;2mfe27c5e0[0mSplitLargeReadGroup.SamToFastqAndDragmapAndMba:10:1]: Unrecognized runtime attribute keys: preemptible, disks, cpu, memory
[2025-11-29 15:18:47,86] [info] BackgroundConfigAsyncJobExecutionActor [[38;5;2mfe27c5e0[0mSplitLargeReadGroup.SamToFastqAndDragmapAndMba:10:1]: [38;5;5mset -euxo pipefail

DRAGMAP_VERSION=$(dragen-os --version)

if [ -z ${DRAGMAP_VERSION} ]; then
    exit 1;
fi

mkdir dragen_reference
mv /cromwell-executions/WholeGenomeGermlineSingleSample/3d34995f-bd8e-4e1e-88c8-95f2cc6eb274/call-UnmappedBamToAlignedBam/UnmappedBamToAlignedBam/4a1c33f3-cf3d-44bd-a4eb-bf4bb8fa4c5e/call-SplitRG/shard-0/SplitLargeReadGroup/fe27c5e0-9c12-4cc7-8978-b486720a16c5/call-SamToFastqAndDragmapAndMba/shard-10/inputs/-1290198700/reference.bin /cromwell-executions/WholeGenomeGermlineSingleSample/3d34995f-bd8e-4e1e-88c8-95f2cc6eb274/call-UnmappedBamToAlignedBam/UnmappedBamToAlignedBam/4a1c33f3-cf3d-44bd-a4eb-bf4bb8fa4c5e/call-SplitRG/shard-0/SplitLargeReadGroup/fe27c5e0-9c12-4cc7-8978-b486720a16c5/call-SamToFastqAndDragmapAndMba/shard-10/inputs/-1290198700/hash_table.cfg.bin /cromwell-executions/WholeGenomeGermlineSingleSample/3d34995f-bd8e-4e1e-88c8-95f2cc6eb274/call-UnmappedBamToAlignedBam/UnmappedBamToAlignedBam/4a1c33f3-cf3d-44bd-a4eb-bf4bb8fa4c5e/call-SplitRG/shard-0/SplitLargeReadGroup/fe27c5e0-9c12-4cc7-8978-b486720a16c5/call-SamToFastqAndDragmapAndMba/shard-10/inputs/-1290198700/hash_table.cmp dragen_reference

dragen-os -b /cromwell-executions/WholeGenomeGermlineSingleSample/3d34995f-bd8e-4e1e-88c8-95f2cc6eb274/call-UnmappedBamToAlignedBam/UnmappedBamToAlignedBam/4a1c33f3-cf3d-44bd-a4eb-bf4bb8fa4c5e/call-SplitRG/shard-0/SplitLargeReadGroup/fe27c5e0-9c12-4cc7-8978-b486720a16c5/call-SamToFastqAndDragmapAndMba/shard-10/inputs/-1047237686/shard_0011.bam -r dragen_reference --interleaved=1 --preserve-map-align-order true 2> >(tee shard_0011.dragmap.stderr.log >&2) | samtools view -h -O BAM - > aligned.bam
java -Dsamjdk.compression_level=2 -Xms1000m -Xmx1000m -jar /picard/picard.jar \
  MergeBamAlignment \
  VALIDATION_STRINGENCY=SILENT \
  EXPECTED_ORIENTATIONS=FR \
  ATTRIBUTES_TO_RETAIN=X0 \
  ATTRIBUTES_TO_REMOVE=RG \
  ATTRIBUTES_TO_REMOVE=NM \
  ATTRIBUTES_TO_REMOVE=MD \
  ALIGNED_BAM=aligned.bam \
  UNMAPPED_BAM=/cromwell-executions/WholeGenomeGermlineSingleSample/3d34995f-bd8e-4e1e-88c8-95f2cc6eb274/call-UnmappedBamToAlignedBam/UnmappedBamToAlignedBam/4a1c33f3-cf3d-44bd-a4eb-bf4bb8fa4c5e/call-SplitRG/shard-0/SplitLargeReadGroup/fe27c5e0-9c12-4cc7-8978-b486720a16c5/call-SamToFastqAndDragmapAndMba/shard-10/inputs/-1047237686/shard_0011.bam \
  OUTPUT=shard_0011.bam \
  REFERENCE_SEQUENCE=/cromwell-executions/WholeGenomeGermlineSingleSample/3d34995f-bd8e-4e1e-88c8-95f2cc6eb274/call-UnmappedBamToAlignedBam/UnmappedBamToAlignedBam/4a1c33f3-cf3d-44bd-a4eb-bf4bb8fa4c5e/call-SplitRG/shard-0/SplitLargeReadGroup/fe27c5e0-9c12-4cc7-8978-b486720a16c5/call-SamToFastqAndDragmapAndMba/shard-10/inputs/-1569105944/Homo_sapiens_assembly38_masked.fasta \
  PAIRED_RUN=true \
  SORT_ORDER="unsorted" \
  IS_BISULFITE_SEQUENCE=false \
  ALIGNED_READS_ONLY=false \
  CLIP_ADAPTERS=false \
   \
   \
  MAX_RECORDS_IN_RAM=2000000 \
  ADD_MATE_CIGAR=true \
  MAX_INSERTIONS_OR_DELETIONS=-1 \
  PRIMARY_ALIGNMENT_STRATEGY=MostDistant \
  PROGRAM_RECORD_ID="dragen-os" \
  PROGRAM_GROUP_VERSION="${DRAGMAP_VERSION}" \
  PROGRAM_GROUP_COMMAND_LINE="dragen-os -b /cromwell-executions/WholeGenomeGermlineSingleSample/3d34995f-bd8e-4e1e-88c8-95f2cc6eb274/call-UnmappedBamToAlignedBam/UnmappedBamToAlignedBam/4a1c33f3-cf3d-44bd-a4eb-bf4bb8fa4c5e/call-SplitRG/shard-0/SplitLargeReadGroup/fe27c5e0-9c12-4cc7-8978-b486720a16c5/call-SamToFastqAndDragmapAndMba/shard-10/inputs/-1047237686/shard_0011.bam -r dragen_reference --interleaved=1" \
  PROGRAM_GROUP_NAME="dragen-os" \
  UNMAPPED_READ_STRATEGY=COPY_TO_TAG \
  ALIGNER_PROPER_PAIR_FLAGS=true \
  UNMAP_CONTAMINANT_READS=true \
  ADD_PG_TAG_TO_READS=false[0m
[2025-11-29 15:18:47,86] [info] BackgroundConfigAsyncJobExecutionActor [[38;5;2mfe27c5e0[0mSplitLargeReadGroup.SamToFastqAndDragmapAndMba:10:1]: executing: # make sure there is no preexisting Docker CID file
rm -f /mnt/nas1/projects/lasr/blendseq/warp-pipelines/warp-gatk-germline-single-sample-pipeline-master/tmp/1977401714735460022/cromwell-executions/WholeGenomeGermlineSingleSample/3d34995f-bd8e-4e1e-88c8-95f2cc6eb274/call-UnmappedBamToAlignedBam/UnmappedBamToAlignedBam/4a1c33f3-cf3d-44bd-a4eb-bf4bb8fa4c5e/call-SplitRG/shard-0/SplitLargeReadGroup/fe27c5e0-9c12-4cc7-8978-b486720a16c5/call-SamToFastqAndDragmapAndMba/shard-10/execution/docker_cid
# run as in the original configuration without --rm flag (will remove later)
docker run \
  --cidfile /mnt/nas1/projects/lasr/blendseq/warp-pipelines/warp-gatk-germline-single-sample-pipeline-master/tmp/1977401714735460022/cromwell-executions/WholeGenomeGermlineSingleSample/3d34995f-bd8e-4e1e-88c8-95f2cc6eb274/call-UnmappedBamToAlignedBam/UnmappedBamToAlignedBam/4a1c33f3-cf3d-44bd-a4eb-bf4bb8fa4c5e/call-SplitRG/shard-0/SplitLargeReadGroup/fe27c5e0-9c12-4cc7-8978-b486720a16c5/call-SamToFastqAndDragmapAndMba/shard-10/execution/docker_cid \
  -i \
  --user 1027:1028 \
  --cpus="64" \
  --memory="204800M" \
  --entrypoint /bin/bash \
  -v /mnt/nas1/projects/lasr/blendseq/warp-pipelines/warp-gatk-germline-single-sample-pipeline-master/tmp/1977401714735460022/cromwell-executions/WholeGenomeGermlineSingleSample/3d34995f-bd8e-4e1e-88c8-95f2cc6eb274/call-UnmappedBamToAlignedBam/UnmappedBamToAlignedBam/4a1c33f3-cf3d-44bd-a4eb-bf4bb8fa4c5e/call-SplitRG/shard-0/SplitLargeReadGroup/fe27c5e0-9c12-4cc7-8978-b486720a16c5/call-SamToFastqAndDragmapAndMba/shard-10:/cromwell-executions/WholeGenomeGermlineSingleSample/3d34995f-bd8e-4e1e-88c8-95f2cc6eb274/call-UnmappedBamToAlignedBam/UnmappedBamToAlignedBam/4a1c33f3-cf3d-44bd-a4eb-bf4bb8fa4c5e/call-SplitRG/shard-0/SplitLargeReadGroup/fe27c5e0-9c12-4cc7-8978-b486720a16c5/call-SamToFastqAndDragmapAndMba/shard-10 \
  us.gcr.io/broad-gotc-prod/dragmap@sha256:5964afca3e4173c33b11100f68c1a44642e0ff2ee4de5a49d8cd446fef308b23 /cromwell-executions/WholeGenomeGermlineSingleSample/3d34995f-bd8e-4e1e-88c8-95f2cc6eb274/call-UnmappedBamToAlignedBam/UnmappedBamToAlignedBam/4a1c33f3-cf3d-44bd-a4eb-bf4bb8fa4c5e/call-SplitRG/shard-0/SplitLargeReadGroup/fe27c5e0-9c12-4cc7-8978-b486720a16c5/call-SamToFastqAndDragmapAndMba/shard-10/execution/script

# get the return code (working even if the container was detached)
rc=$(docker wait [38;5;5mcat /mnt/nas1/projects/lasr/blendseq/warp-pipelines/warp-gatk-germline-single-sample-pipeline-master/tmp/1977401714735460022/cromwell-executions/WholeGenomeGermlineSingleSample/3d34995f-bd8e-4e1e-88c8-95f2cc6eb274/call-UnmappedBamToAlignedBam/UnmappedBamToAlignedBam/4a1c33f3-cf3d-44bd-a4eb-bf4bb8fa4c5e/call-SplitRG/shard-0/SplitLargeReadGroup/fe27c5e0-9c12-4cc7-8978-b486720a16c5/call-SamToFastqAndDragmapAndMba/shard-10/execution/docker_cid[0m)

# remove the container after waiting
docker rm [38;5;5mcat /mnt/nas1/projects/lasr/blendseq/warp-pipelines/warp-gatk-germline-single-sample-pipeline-master/tmp/1977401714735460022/cromwell-executions/WholeGenomeGermlineSingleSample/3d34995f-bd8e-4e1e-88c8-95f2cc6eb274/call-UnmappedBamToAlignedBam/UnmappedBamToAlignedBam/4a1c33f3-cf3d-44bd-a4eb-bf4bb8fa4c5e/call-SplitRG/shard-0/SplitLargeReadGroup/fe27c5e0-9c12-4cc7-8978-b486720a16c5/call-SamToFastqAndDragmapAndMba/shard-10/execution/docker_cid[0m

# return exit code
exit $rc
[2025-11-29 15:18:52,70] [info] BackgroundConfigAsyncJobExecutionActor [[38;5;2mfe27c5e0[0mSplitLargeReadGroup.SamToFastqAndDragmapAndMba:10:1]: job id: 256815
[2025-11-29 15:18:52,70] [info] BackgroundConfigAsyncJobExecutionActor [[38;5;2mfe27c5e0[0mSplitLargeReadGroup.SamToFastqAndDragmapAndMba:10:1]: Status change from - to WaitingForReturnCode
[2025-11-29 15:19:33,87] [info] BackgroundConfigAsyncJobExecutionActor [[38;5;2mfe27c5e0[0mSplitLargeReadGroup.SamToFastqAndDragmapAndMba:10:1]: Status change from WaitingForReturnCode to Done
[2025-11-29 15:19:37,78] [info] Assigned new job execution tokens to the following groups: 3d34995f: 1
[2025-11-29 15:19:37,81] [[38;5;220mwarn[0m] BackgroundConfigAsyncJobExecutionActor [[38;5;2mfe27c5e0[0mSplitLargeReadGroup.SamToFastqAndDragmapAndMba:4:1]: Unrecognized runtime attribute keys: preemptible, disks, cpu, memory
[2025-11-29 15:19:47,63] [info] BackgroundConfigAsyncJobExecutionActor [[38;5;2mfe27c5e0[0mSplitLargeReadGroup.SamToFastqAndDragmapAndMba:4:1]: [38;5;5mset -euxo pipefail

DRAGMAP_VERSION=$(dragen-os --version)

if [ -z ${DRAGMAP_VERSION} ]; then
    exit 1;
fi

mkdir dragen_reference
mv /cromwell-executions/WholeGenomeGermlineSingleSample/3d34995f-bd8e-4e1e-88c8-95f2cc6eb274/call-UnmappedBamToAlignedBam/UnmappedBamToAlignedBam/4a1c33f3-cf3d-44bd-a4eb-bf4bb8fa4c5e/call-SplitRG/shard-0/SplitLargeReadGroup/fe27c5e0-9c12-4cc7-8978-b486720a16c5/call-SamToFastqAndDragmapAndMba/shard-4/inputs/-1290198700/reference.bin /cromwell-executions/WholeGenomeGermlineSingleSample/3d34995f-bd8e-4e1e-88c8-95f2cc6eb274/call-UnmappedBamToAlignedBam/UnmappedBamToAlignedBam/4a1c33f3-cf3d-44bd-a4eb-bf4bb8fa4c5e/call-SplitRG/shard-0/SplitLargeReadGroup/fe27c5e0-9c12-4cc7-8978-b486720a16c5/call-SamToFastqAndDragmapAndMba/shard-4/inputs/-1290198700/hash_table.cfg.bin /cromwell-executions/WholeGenomeGermlineSingleSample/3d34995f-bd8e-4e1e-88c8-95f2cc6eb274/call-UnmappedBamToAlignedBam/UnmappedBamToAlignedBam/4a1c33f3-cf3d-44bd-a4eb-bf4bb8fa4c5e/call-SplitRG/shard-0/SplitLargeReadGroup/fe27c5e0-9c12-4cc7-8978-b486720a16c5/call-SamToFastqAndDragmapAndMba/shard-4/inputs/-1290198700/hash_table.cmp dragen_reference

dragen-os -b /cromwell-executions/WholeGenomeGermlineSingleSample/3d34995f-bd8e-4e1e-88c8-95f2cc6eb274/call-UnmappedBamToAlignedBam/UnmappedBamToAlignedBam/4a1c33f3-cf3d-44bd-a4eb-bf4bb8fa4c5e/call-SplitRG/shard-0/SplitLargeReadGroup/fe27c5e0-9c12-4cc7-8978-b486720a16c5/call-SamToFastqAndDragmapAndMba/shard-4/inputs/-1047237686/shard_0005.bam -r dragen_reference --interleaved=1 --preserve-map-align-order true 2> >(tee shard_0005.dragmap.stderr.log >&2) | samtools view -h -O BAM - > aligned.bam
java -Dsamjdk.compression_level=2 -Xms1000m -Xmx1000m -jar /picard/picard.jar \
  MergeBamAlignment \
  VALIDATION_STRINGENCY=SILENT \
  EXPECTED_ORIENTATIONS=FR \
  ATTRIBUTES_TO_RETAIN=X0 \
  ATTRIBUTES_TO_REMOVE=RG \
  ATTRIBUTES_TO_REMOVE=NM \
  ATTRIBUTES_TO_REMOVE=MD \
  ALIGNED_BAM=aligned.bam \
  UNMAPPED_BAM=/cromwell-executions/WholeGenomeGermlineSingleSample/3d34995f-bd8e-4e1e-88c8-95f2cc6eb274/call-UnmappedBamToAlignedBam/UnmappedBamToAlignedBam/4a1c33f3-cf3d-44bd-a4eb-bf4bb8fa4c5e/call-SplitRG/shard-0/SplitLargeReadGroup/fe27c5e0-9c12-4cc7-8978-b486720a16c5/call-SamToFastqAndDragmapAndMba/shard-4/inputs/-1047237686/shard_0005.bam \
  OUTPUT=shard_0005.bam \
  REFERENCE_SEQUENCE=/cromwell-executions/WholeGenomeGermlineSingleSample/3d34995f-bd8e-4e1e-88c8-95f2cc6eb274/call-UnmappedBamToAlignedBam/UnmappedBamToAlignedBam/4a1c33f3-cf3d-44bd-a4eb-bf4bb8fa4c5e/call-SplitRG/shard-0/SplitLargeReadGroup/fe27c5e0-9c12-4cc7-8978-b486720a16c5/call-SamToFastqAndDragmapAndMba/shard-4/inputs/-1569105944/Homo_sapiens_assembly38_masked.fasta \
  PAIRED_RUN=true \
  SORT_ORDER="unsorted" \
  IS_BISULFITE_SEQUENCE=false \
  ALIGNED_READS_ONLY=false \
  CLIP_ADAPTERS=false \
   \
   \
  MAX_RECORDS_IN_RAM=2000000 \
  ADD_MATE_CIGAR=true \
  MAX_INSERTIONS_OR_DELETIONS=-1 \
  PRIMARY_ALIGNMENT_STRATEGY=MostDistant \
  PROGRAM_RECORD_ID="dragen-os" \
  PROGRAM_GROUP_VERSION="${DRAGMAP_VERSION}" \
  PROGRAM_GROUP_COMMAND_LINE="dragen-os -b /cromwell-executions/WholeGenomeGermlineSingleSample/3d34995f-bd8e-4e1e-88c8-95f2cc6eb274/call-UnmappedBamToAlignedBam/UnmappedBamToAlignedBam/4a1c33f3-cf3d-44bd-a4eb-bf4bb8fa4c5e/call-SplitRG/shard-0/SplitLargeReadGroup/fe27c5e0-9c12-4cc7-8978-b486720a16c5/call-SamToFastqAndDragmapAndMba/shard-4/inputs/-1047237686/shard_0005.bam -r dragen_reference --interleaved=1" \
  PROGRAM_GROUP_NAME="dragen-os" \
  UNMAPPED_READ_STRATEGY=COPY_TO_TAG \
  ALIGNER_PROPER_PAIR_FLAGS=true \
  UNMAP_CONTAMINANT_READS=true \
  ADD_PG_TAG_TO_READS=false[0m
[2025-11-29 15:19:47,64] [info] BackgroundConfigAsyncJobExecutionActor [[38;5;2mfe27c5e0[0mSplitLargeReadGroup.SamToFastqAndDragmapAndMba:4:1]: executing: # make sure there is no preexisting Docker CID file
rm -f /mnt/nas1/projects/lasr/blendseq/warp-pipelines/warp-gatk-germline-single-sample-pipeline-master/tmp/1977401714735460022/cromwell-executions/WholeGenomeGermlineSingleSample/3d34995f-bd8e-4e1e-88c8-95f2cc6eb274/call-UnmappedBamToAlignedBam/UnmappedBamToAlignedBam/4a1c33f3-cf3d-44bd-a4eb-bf4bb8fa4c5e/call-SplitRG/shard-0/SplitLargeReadGroup/fe27c5e0-9c12-4cc7-8978-b486720a16c5/call-SamToFastqAndDragmapAndMba/shard-4/execution/docker_cid
# run as in the original configuration without --rm flag (will remove later)
docker run \
  --cidfile /mnt/nas1/projects/lasr/blendseq/warp-pipelines/warp-gatk-germline-single-sample-pipeline-master/tmp/1977401714735460022/cromwell-executions/WholeGenomeGermlineSingleSample/3d34995f-bd8e-4e1e-88c8-95f2cc6eb274/call-UnmappedBamToAlignedBam/UnmappedBamToAlignedBam/4a1c33f3-cf3d-44bd-a4eb-bf4bb8fa4c5e/call-SplitRG/shard-0/SplitLargeReadGroup/fe27c5e0-9c12-4cc7-8978-b486720a16c5/call-SamToFastqAndDragmapAndMba/shard-4/execution/docker_cid \
  -i \
  --user 1027:1028 \
  --cpus="64" \
  --memory="204800M" \
  --entrypoint /bin/bash \
  -v /mnt/nas1/projects/lasr/blendseq/warp-pipelines/warp-gatk-germline-single-sample-pipeline-master/tmp/1977401714735460022/cromwell-executions/WholeGenomeGermlineSingleSample/3d34995f-bd8e-4e1e-88c8-95f2cc6eb274/call-UnmappedBamToAlignedBam/UnmappedBamToAlignedBam/4a1c33f3-cf3d-44bd-a4eb-bf4bb8fa4c5e/call-SplitRG/shard-0/SplitLargeReadGroup/fe27c5e0-9c12-4cc7-8978-b486720a16c5/call-SamToFastqAndDragmapAndMba/shard-4:/cromwell-executions/WholeGenomeGermlineSingleSample/3d34995f-bd8e-4e1e-88c8-95f2cc6eb274/call-UnmappedBamToAlignedBam/UnmappedBamToAlignedBam/4a1c33f3-cf3d-44bd-a4eb-bf4bb8fa4c5e/call-SplitRG/shard-0/SplitLargeReadGroup/fe27c5e0-9c12-4cc7-8978-b486720a16c5/call-SamToFastqAndDragmapAndMba/shard-4 \
  us.gcr.io/broad-gotc-prod/dragmap@sha256:5964afca3e4173c33b11100f68c1a44642e0ff2ee4de5a49d8cd446fef308b23 /cromwell-executions/WholeGenomeGermlineSingleSample/3d34995f-bd8e-4e1e-88c8-95f2cc6eb274/call-UnmappedBamToAlignedBam/UnmappedBamToAlignedBam/4a1c33f3-cf3d-44bd-a4eb-bf4bb8fa4c5e/call-SplitRG/shard-0/SplitLargeReadGroup/fe27c5e0-9c12-4cc7-8978-b486720a16c5/call-SamToFastqAndDragmapAndMba/shard-4/execution/script

# get the return code (working even if the container was detached)
rc=$(docker wait [38;5;5mcat /mnt/nas1/projects/lasr/blendseq/warp-pipelines/warp-gatk-germline-single-sample-pipeline-master/tmp/1977401714735460022/cromwell-executions/WholeGenomeGermlineSingleSample/3d34995f-bd8e-4e1e-88c8-95f2cc6eb274/call-UnmappedBamToAlignedBam/UnmappedBamToAlignedBam/4a1c33f3-cf3d-44bd-a4eb-bf4bb8fa4c5e/call-SplitRG/shard-0/SplitLargeReadGroup/fe27c5e0-9c12-4cc7-8978-b486720a16c5/call-SamToFastqAndDragmapAndMba/shard-4/execution/docker_cid[0m)

# remove the container after waiting
docker rm [38;5;5mcat /mnt/nas1/projects/lasr/blendseq/warp-pipelines/warp-gatk-germline-single-sample-pipeline-master/tmp/1977401714735460022/cromwell-executions/WholeGenomeGermlineSingleSample/3d34995f-bd8e-4e1e-88c8-95f2cc6eb274/call-UnmappedBamToAlignedBam/UnmappedBamToAlignedBam/4a1c33f3-cf3d-44bd-a4eb-bf4bb8fa4c5e/call-SplitRG/shard-0/SplitLargeReadGroup/fe27c5e0-9c12-4cc7-8978-b486720a16c5/call-SamToFastqAndDragmapAndMba/shard-4/execution/docker_cid[0m

# return exit code
exit $rc
[2025-11-29 15:19:47,70] [info] BackgroundConfigAsyncJobExecutionActor [[38;5;2mfe27c5e0[0mSplitLargeReadGroup.SamToFastqAndDragmapAndMba:4:1]: job id: 257425
[2025-11-29 15:19:47,70] [info] BackgroundConfigAsyncJobExecutionActor [[38;5;2mfe27c5e0[0mSplitLargeReadGroup.SamToFastqAndDragmapAndMba:4:1]: Status change from - to WaitingForReturnCode
[2025-11-29 15:20:25,11] [info] BackgroundConfigAsyncJobExecutionActor [[38;5;2mfe27c5e0[0mSplitLargeReadGroup.SamToFastqAndDragmapAndMba:4:1]: Status change from WaitingForReturnCode to Done
[2025-11-29 15:20:27,78] [info] Assigned new job execution tokens to the following groups: 3d34995f: 1
[2025-11-29 15:20:27,80] [[38;5;220mwarn[0m] BackgroundConfigAsyncJobExecutionActor [[38;5;2mfe27c5e0[0mSplitLargeReadGroup.SamToFastqAndDragmapAndMba:8:1]: Unrecognized runtime attribute keys: preemptible, disks, cpu, memory
[2025-11-29 15:20:39,22] [info] BackgroundConfigAsyncJobExecutionActor [[38;5;2mfe27c5e0[0mSplitLargeReadGroup.SamToFastqAndDragmapAndMba:8:1]: [38;5;5mset -euxo pipefail

DRAGMAP_VERSION=$(dragen-os --version)

if [ -z ${DRAGMAP_VERSION} ]; then
    exit 1;
fi

mkdir dragen_reference
mv /cromwell-executions/WholeGenomeGermlineSingleSample/3d34995f-bd8e-4e1e-88c8-95f2cc6eb274/call-UnmappedBamToAlignedBam/UnmappedBamToAlignedBam/4a1c33f3-cf3d-44bd-a4eb-bf4bb8fa4c5e/call-SplitRG/shard-0/SplitLargeReadGroup/fe27c5e0-9c12-4cc7-8978-b486720a16c5/call-SamToFastqAndDragmapAndMba/shard-8/inputs/-1290198700/reference.bin /cromwell-executions/WholeGenomeGermlineSingleSample/3d34995f-bd8e-4e1e-88c8-95f2cc6eb274/call-UnmappedBamToAlignedBam/UnmappedBamToAlignedBam/4a1c33f3-cf3d-44bd-a4eb-bf4bb8fa4c5e/call-SplitRG/shard-0/SplitLargeReadGroup/fe27c5e0-9c12-4cc7-8978-b486720a16c5/call-SamToFastqAndDragmapAndMba/shard-8/inputs/-1290198700/hash_table.cfg.bin /cromwell-executions/WholeGenomeGermlineSingleSample/3d34995f-bd8e-4e1e-88c8-95f2cc6eb274/call-UnmappedBamToAlignedBam/UnmappedBamToAlignedBam/4a1c33f3-cf3d-44bd-a4eb-bf4bb8fa4c5e/call-SplitRG/shard-0/SplitLargeReadGroup/fe27c5e0-9c12-4cc7-8978-b486720a16c5/call-SamToFastqAndDragmapAndMba/shard-8/inputs/-1290198700/hash_table.cmp dragen_reference

dragen-os -b /cromwell-executions/WholeGenomeGermlineSingleSample/3d34995f-bd8e-4e1e-88c8-95f2cc6eb274/call-UnmappedBamToAlignedBam/UnmappedBamToAlignedBam/4a1c33f3-cf3d-44bd-a4eb-bf4bb8fa4c5e/call-SplitRG/shard-0/SplitLargeReadGroup/fe27c5e0-9c12-4cc7-8978-b486720a16c5/call-SamToFastqAndDragmapAndMba/shard-8/inputs/-1047237686/shard_0009.bam -r dragen_reference --interleaved=1 --preserve-map-align-order true 2> >(tee shard_0009.dragmap.stderr.log >&2) | samtools view -h -O BAM - > aligned.bam
java -Dsamjdk.compression_level=2 -Xms1000m -Xmx1000m -jar /picard/picard.jar \
  MergeBamAlignment \
  VALIDATION_STRINGENCY=SILENT \
  EXPECTED_ORIENTATIONS=FR \
  ATTRIBUTES_TO_RETAIN=X0 \
  ATTRIBUTES_TO_REMOVE=RG \
  ATTRIBUTES_TO_REMOVE=NM \
  ATTRIBUTES_TO_REMOVE=MD \
  ALIGNED_BAM=aligned.bam \
  UNMAPPED_BAM=/cromwell-executions/WholeGenomeGermlineSingleSample/3d34995f-bd8e-4e1e-88c8-95f2cc6eb274/call-UnmappedBamToAlignedBam/UnmappedBamToAlignedBam/4a1c33f3-cf3d-44bd-a4eb-bf4bb8fa4c5e/call-SplitRG/shard-0/SplitLargeReadGroup/fe27c5e0-9c12-4cc7-8978-b486720a16c5/call-SamToFastqAndDragmapAndMba/shard-8/inputs/-1047237686/shard_0009.bam \
  OUTPUT=shard_0009.bam \
  REFERENCE_SEQUENCE=/cromwell-executions/WholeGenomeGermlineSingleSample/3d34995f-bd8e-4e1e-88c8-95f2cc6eb274/call-UnmappedBamToAlignedBam/UnmappedBamToAlignedBam/4a1c33f3-cf3d-44bd-a4eb-bf4bb8fa4c5e/call-SplitRG/shard-0/SplitLargeReadGroup/fe27c5e0-9c12-4cc7-8978-b486720a16c5/call-SamToFastqAndDragmapAndMba/shard-8/inputs/-1569105944/Homo_sapiens_assembly38_masked.fasta \
  PAIRED_RUN=true \
  SORT_ORDER="unsorted" \
  IS_BISULFITE_SEQUENCE=false \
  ALIGNED_READS_ONLY=false \
  CLIP_ADAPTERS=false \
   \
   \
  MAX_RECORDS_IN_RAM=2000000 \
  ADD_MATE_CIGAR=true \
  MAX_INSERTIONS_OR_DELETIONS=-1 \
  PRIMARY_ALIGNMENT_STRATEGY=MostDistant \
  PROGRAM_RECORD_ID="dragen-os" \
  PROGRAM_GROUP_VERSION="${DRAGMAP_VERSION}" \
  PROGRAM_GROUP_COMMAND_LINE="dragen-os -b /cromwell-executions/WholeGenomeGermlineSingleSample/3d34995f-bd8e-4e1e-88c8-95f2cc6eb274/call-UnmappedBamToAlignedBam/UnmappedBamToAlignedBam/4a1c33f3-cf3d-44bd-a4eb-bf4bb8fa4c5e/call-SplitRG/shard-0/SplitLargeReadGroup/fe27c5e0-9c12-4cc7-8978-b486720a16c5/call-SamToFastqAndDragmapAndMba/shard-8/inputs/-1047237686/shard_0009.bam -r dragen_reference --interleaved=1" \
  PROGRAM_GROUP_NAME="dragen-os" \
  UNMAPPED_READ_STRATEGY=COPY_TO_TAG \
  ALIGNER_PROPER_PAIR_FLAGS=true \
  UNMAP_CONTAMINANT_READS=true \
  ADD_PG_TAG_TO_READS=false[0m
[2025-11-29 15:20:39,23] [info] BackgroundConfigAsyncJobExecutionActor [[38;5;2mfe27c5e0[0mSplitLargeReadGroup.SamToFastqAndDragmapAndMba:8:1]: executing: # make sure there is no preexisting Docker CID file
rm -f /mnt/nas1/projects/lasr/blendseq/warp-pipelines/warp-gatk-germline-single-sample-pipeline-master/tmp/1977401714735460022/cromwell-executions/WholeGenomeGermlineSingleSample/3d34995f-bd8e-4e1e-88c8-95f2cc6eb274/call-UnmappedBamToAlignedBam/UnmappedBamToAlignedBam/4a1c33f3-cf3d-44bd-a4eb-bf4bb8fa4c5e/call-SplitRG/shard-0/SplitLargeReadGroup/fe27c5e0-9c12-4cc7-8978-b486720a16c5/call-SamToFastqAndDragmapAndMba/shard-8/execution/docker_cid
# run as in the original configuration without --rm flag (will remove later)
docker run \
  --cidfile /mnt/nas1/projects/lasr/blendseq/warp-pipelines/warp-gatk-germline-single-sample-pipeline-master/tmp/1977401714735460022/cromwell-executions/WholeGenomeGermlineSingleSample/3d34995f-bd8e-4e1e-88c8-95f2cc6eb274/call-UnmappedBamToAlignedBam/UnmappedBamToAlignedBam/4a1c33f3-cf3d-44bd-a4eb-bf4bb8fa4c5e/call-SplitRG/shard-0/SplitLargeReadGroup/fe27c5e0-9c12-4cc7-8978-b486720a16c5/call-SamToFastqAndDragmapAndMba/shard-8/execution/docker_cid \
  -i \
  --user 1027:1028 \
  --cpus="64" \
  --memory="204800M" \
  --entrypoint /bin/bash \
  -v /mnt/nas1/projects/lasr/blendseq/warp-pipelines/warp-gatk-germline-single-sample-pipeline-master/tmp/1977401714735460022/cromwell-executions/WholeGenomeGermlineSingleSample/3d34995f-bd8e-4e1e-88c8-95f2cc6eb274/call-UnmappedBamToAlignedBam/UnmappedBamToAlignedBam/4a1c33f3-cf3d-44bd-a4eb-bf4bb8fa4c5e/call-SplitRG/shard-0/SplitLargeReadGroup/fe27c5e0-9c12-4cc7-8978-b486720a16c5/call-SamToFastqAndDragmapAndMba/shard-8:/cromwell-executions/WholeGenomeGermlineSingleSample/3d34995f-bd8e-4e1e-88c8-95f2cc6eb274/call-UnmappedBamToAlignedBam/UnmappedBamToAlignedBam/4a1c33f3-cf3d-44bd-a4eb-bf4bb8fa4c5e/call-SplitRG/shard-0/SplitLargeReadGroup/fe27c5e0-9c12-4cc7-8978-b486720a16c5/call-SamToFastqAndDragmapAndMba/shard-8 \
  us.gcr.io/broad-gotc-prod/dragmap@sha256:5964afca3e4173c33b11100f68c1a44642e0ff2ee4de5a49d8cd446fef308b23 /cromwell-executions/WholeGenomeGermlineSingleSample/3d34995f-bd8e-4e1e-88c8-95f2cc6eb274/call-UnmappedBamToAlignedBam/UnmappedBamToAlignedBam/4a1c33f3-cf3d-44bd-a4eb-bf4bb8fa4c5e/call-SplitRG/shard-0/SplitLargeReadGroup/fe27c5e0-9c12-4cc7-8978-b486720a16c5/call-SamToFastqAndDragmapAndMba/shard-8/execution/script

# get the return code (working even if the container was detached)
rc=$(docker wait [38;5;5mcat /mnt/nas1/projects/lasr/blendseq/warp-pipelines/warp-gatk-germline-single-sample-pipeline-master/tmp/1977401714735460022/cromwell-executions/WholeGenomeGermlineSingleSample/3d34995f-bd8e-4e1e-88c8-95f2cc6eb274/call-UnmappedBamToAlignedBam/UnmappedBamToAlignedBam/4a1c33f3-cf3d-44bd-a4eb-bf4bb8fa4c5e/call-SplitRG/shard-0/SplitLargeReadGroup/fe27c5e0-9c12-4cc7-8978-b486720a16c5/call-SamToFastqAndDragmapAndMba/shard-8/execution/docker_cid[0m)

# remove the container after waiting
docker rm [38;5;5mcat /mnt/nas1/projects/lasr/blendseq/warp-pipelines/warp-gatk-germline-single-sample-pipeline-master/tmp/1977401714735460022/cromwell-executions/WholeGenomeGermlineSingleSample/3d34995f-bd8e-4e1e-88c8-95f2cc6eb274/call-UnmappedBamToAlignedBam/UnmappedBamToAlignedBam/4a1c33f3-cf3d-44bd-a4eb-bf4bb8fa4c5e/call-SplitRG/shard-0/SplitLargeReadGroup/fe27c5e0-9c12-4cc7-8978-b486720a16c5/call-SamToFastqAndDragmapAndMba/shard-8/execution/docker_cid[0m

# return exit code
exit $rc
[2025-11-29 15:20:42,70] [info] BackgroundConfigAsyncJobExecutionActor [[38;5;2mfe27c5e0[0mSplitLargeReadGroup.SamToFastqAndDragmapAndMba:8:1]: job id: 258037
[2025-11-29 15:20:42,70] [info] BackgroundConfigAsyncJobExecutionActor [[38;5;2mfe27c5e0[0mSplitLargeReadGroup.SamToFastqAndDragmapAndMba:8:1]: Status change from - to WaitingForReturnCode
[2025-11-29 15:21:23,67] [info] BackgroundConfigAsyncJobExecutionActor [[38;5;2mfe27c5e0[0mSplitLargeReadGroup.SamToFastqAndDragmapAndMba:8:1]: Status change from WaitingForReturnCode to Done
[2025-11-29 15:21:27,78] [info] Assigned new job execution tokens to the following groups: 3d34995f: 1
[2025-11-29 15:21:27,82] [[38;5;220mwarn[0m] BackgroundConfigAsyncJobExecutionActor [[38;5;2mfe27c5e0[0mSplitLargeReadGroup.SamToFastqAndDragmapAndMba:24:1]: Unrecognized runtime attribute keys: preemptible, disks, cpu, memory
[2025-11-29 15:21:38,02] [info] BackgroundConfigAsyncJobExecutionActor [[38;5;2mfe27c5e0[0mSplitLargeReadGroup.SamToFastqAndDragmapAndMba:24:1]: [38;5;5mset -euxo pipefail

DRAGMAP_VERSION=$(dragen-os --version)

if [ -z ${DRAGMAP_VERSION} ]; then
    exit 1;
fi

mkdir dragen_reference
mv /cromwell-executions/WholeGenomeGermlineSingleSample/3d34995f-bd8e-4e1e-88c8-95f2cc6eb274/call-UnmappedBamToAlignedBam/UnmappedBamToAlignedBam/4a1c33f3-cf3d-44bd-a4eb-bf4bb8fa4c5e/call-SplitRG/shard-0/SplitLargeReadGroup/fe27c5e0-9c12-4cc7-8978-b486720a16c5/call-SamToFastqAndDragmapAndMba/shard-24/inputs/-1290198700/reference.bin /cromwell-executions/WholeGenomeGermlineSingleSample/3d34995f-bd8e-4e1e-88c8-95f2cc6eb274/call-UnmappedBamToAlignedBam/UnmappedBamToAlignedBam/4a1c33f3-cf3d-44bd-a4eb-bf4bb8fa4c5e/call-SplitRG/shard-0/SplitLargeReadGroup/fe27c5e0-9c12-4cc7-8978-b486720a16c5/call-SamToFastqAndDragmapAndMba/shard-24/inputs/-1290198700/hash_table.cfg.bin /cromwell-executions/WholeGenomeGermlineSingleSample/3d34995f-bd8e-4e1e-88c8-95f2cc6eb274/call-UnmappedBamToAlignedBam/UnmappedBamToAlignedBam/4a1c33f3-cf3d-44bd-a4eb-bf4bb8fa4c5e/call-SplitRG/shard-0/SplitLargeReadGroup/fe27c5e0-9c12-4cc7-8978-b486720a16c5/call-SamToFastqAndDragmapAndMba/shard-24/inputs/-1290198700/hash_table.cmp dragen_reference

dragen-os -b /cromwell-executions/WholeGenomeGermlineSingleSample/3d34995f-bd8e-4e1e-88c8-95f2cc6eb274/call-UnmappedBamToAlignedBam/UnmappedBamToAlignedBam/4a1c33f3-cf3d-44bd-a4eb-bf4bb8fa4c5e/call-SplitRG/shard-0/SplitLargeReadGroup/fe27c5e0-9c12-4cc7-8978-b486720a16c5/call-SamToFastqAndDragmapAndMba/shard-24/inputs/-1047237686/shard_0025.bam -r dragen_reference --interleaved=1 --preserve-map-align-order true 2> >(tee shard_0025.dragmap.stderr.log >&2) | samtools view -h -O BAM - > aligned.bam
java -Dsamjdk.compression_level=2 -Xms1000m -Xmx1000m -jar /picard/picard.jar \
  MergeBamAlignment \
  VALIDATION_STRINGENCY=SILENT \
  EXPECTED_ORIENTATIONS=FR \
  ATTRIBUTES_TO_RETAIN=X0 \
  ATTRIBUTES_TO_REMOVE=RG \
  ATTRIBUTES_TO_REMOVE=NM \
  ATTRIBUTES_TO_REMOVE=MD \
  ALIGNED_BAM=aligned.bam \
  UNMAPPED_BAM=/cromwell-executions/WholeGenomeGermlineSingleSample/3d34995f-bd8e-4e1e-88c8-95f2cc6eb274/call-UnmappedBamToAlignedBam/UnmappedBamToAlignedBam/4a1c33f3-cf3d-44bd-a4eb-bf4bb8fa4c5e/call-SplitRG/shard-0/SplitLargeReadGroup/fe27c5e0-9c12-4cc7-8978-b486720a16c5/call-SamToFastqAndDragmapAndMba/shard-24/inputs/-1047237686/shard_0025.bam \
  OUTPUT=shard_0025.bam \
  REFERENCE_SEQUENCE=/cromwell-executions/WholeGenomeGermlineSingleSample/3d34995f-bd8e-4e1e-88c8-95f2cc6eb274/call-UnmappedBamToAlignedBam/UnmappedBamToAlignedBam/4a1c33f3-cf3d-44bd-a4eb-bf4bb8fa4c5e/call-SplitRG/shard-0/SplitLargeReadGroup/fe27c5e0-9c12-4cc7-8978-b486720a16c5/call-SamToFastqAndDragmapAndMba/shard-24/inputs/-1569105944/Homo_sapiens_assembly38_masked.fasta \
  PAIRED_RUN=true \
  SORT_ORDER="unsorted" \
  IS_BISULFITE_SEQUENCE=false \
  ALIGNED_READS_ONLY=false \
  CLIP_ADAPTERS=false \
   \
   \
  MAX_RECORDS_IN_RAM=2000000 \
  ADD_MATE_CIGAR=true \
  MAX_INSERTIONS_OR_DELETIONS=-1 \
  PRIMARY_ALIGNMENT_STRATEGY=MostDistant \
  PROGRAM_RECORD_ID="dragen-os" \
  PROGRAM_GROUP_VERSION="${DRAGMAP_VERSION}" \
  PROGRAM_GROUP_COMMAND_LINE="dragen-os -b /cromwell-executions/WholeGenomeGermlineSingleSample/3d34995f-bd8e-4e1e-88c8-95f2cc6eb274/call-UnmappedBamToAlignedBam/UnmappedBamToAlignedBam/4a1c33f3-cf3d-44bd-a4eb-bf4bb8fa4c5e/call-SplitRG/shard-0/SplitLargeReadGroup/fe27c5e0-9c12-4cc7-8978-b486720a16c5/call-SamToFastqAndDragmapAndMba/shard-24/inputs/-1047237686/shard_0025.bam -r dragen_reference --interleaved=1" \
  PROGRAM_GROUP_NAME="dragen-os" \
  UNMAPPED_READ_STRATEGY=COPY_TO_TAG \
  ALIGNER_PROPER_PAIR_FLAGS=true \
  UNMAP_CONTAMINANT_READS=true \
  ADD_PG_TAG_TO_READS=false[0m
[2025-11-29 15:21:38,03] [info] BackgroundConfigAsyncJobExecutionActor [[38;5;2mfe27c5e0[0mSplitLargeReadGroup.SamToFastqAndDragmapAndMba:24:1]: executing: # make sure there is no preexisting Docker CID file
rm -f /mnt/nas1/projects/lasr/blendseq/warp-pipelines/warp-gatk-germline-single-sample-pipeline-master/tmp/1977401714735460022/cromwell-executions/WholeGenomeGermlineSingleSample/3d34995f-bd8e-4e1e-88c8-95f2cc6eb274/call-UnmappedBamToAlignedBam/UnmappedBamToAlignedBam/4a1c33f3-cf3d-44bd-a4eb-bf4bb8fa4c5e/call-SplitRG/shard-0/SplitLargeReadGroup/fe27c5e0-9c12-4cc7-8978-b486720a16c5/call-SamToFastqAndDragmapAndMba/shard-24/execution/docker_cid
# run as in the original configuration without --rm flag (will remove later)
docker run \
  --cidfile /mnt/nas1/projects/lasr/blendseq/warp-pipelines/warp-gatk-germline-single-sample-pipeline-master/tmp/1977401714735460022/cromwell-executions/WholeGenomeGermlineSingleSample/3d34995f-bd8e-4e1e-88c8-95f2cc6eb274/call-UnmappedBamToAlignedBam/UnmappedBamToAlignedBam/4a1c33f3-cf3d-44bd-a4eb-bf4bb8fa4c5e/call-SplitRG/shard-0/SplitLargeReadGroup/fe27c5e0-9c12-4cc7-8978-b486720a16c5/call-SamToFastqAndDragmapAndMba/shard-24/execution/docker_cid \
  -i \
  --user 1027:1028 \
  --cpus="64" \
  --memory="204800M" \
  --entrypoint /bin/bash \
  -v /mnt/nas1/projects/lasr/blendseq/warp-pipelines/warp-gatk-germline-single-sample-pipeline-master/tmp/1977401714735460022/cromwell-executions/WholeGenomeGermlineSingleSample/3d34995f-bd8e-4e1e-88c8-95f2cc6eb274/call-UnmappedBamToAlignedBam/UnmappedBamToAlignedBam/4a1c33f3-cf3d-44bd-a4eb-bf4bb8fa4c5e/call-SplitRG/shard-0/SplitLargeReadGroup/fe27c5e0-9c12-4cc7-8978-b486720a16c5/call-SamToFastqAndDragmapAndMba/shard-24:/cromwell-executions/WholeGenomeGermlineSingleSample/3d34995f-bd8e-4e1e-88c8-95f2cc6eb274/call-UnmappedBamToAlignedBam/UnmappedBamToAlignedBam/4a1c33f3-cf3d-44bd-a4eb-bf4bb8fa4c5e/call-SplitRG/shard-0/SplitLargeReadGroup/fe27c5e0-9c12-4cc7-8978-b486720a16c5/call-SamToFastqAndDragmapAndMba/shard-24 \
  us.gcr.io/broad-gotc-prod/dragmap@sha256:5964afca3e4173c33b11100f68c1a44642e0ff2ee4de5a49d8cd446fef308b23 /cromwell-executions/WholeGenomeGermlineSingleSample/3d34995f-bd8e-4e1e-88c8-95f2cc6eb274/call-UnmappedBamToAlignedBam/UnmappedBamToAlignedBam/4a1c33f3-cf3d-44bd-a4eb-bf4bb8fa4c5e/call-SplitRG/shard-0/SplitLargeReadGroup/fe27c5e0-9c12-4cc7-8978-b486720a16c5/call-SamToFastqAndDragmapAndMba/shard-24/execution/script

# get the return code (working even if the container was detached)
rc=$(docker wait [38;5;5mcat /mnt/nas1/projects/lasr/blendseq/warp-pipelines/warp-gatk-germline-single-sample-pipeline-master/tmp/1977401714735460022/cromwell-executions/WholeGenomeGermlineSingleSample/3d34995f-bd8e-4e1e-88c8-95f2cc6eb274/call-UnmappedBamToAlignedBam/UnmappedBamToAlignedBam/4a1c33f3-cf3d-44bd-a4eb-bf4bb8fa4c5e/call-SplitRG/shard-0/SplitLargeReadGroup/fe27c5e0-9c12-4cc7-8978-b486720a16c5/call-SamToFastqAndDragmapAndMba/shard-24/execution/docker_cid[0m)

# remove the container after waiting
docker rm [38;5;5mcat /mnt/nas1/projects/lasr/blendseq/warp-pipelines/warp-gatk-germline-single-sample-pipeline-master/tmp/1977401714735460022/cromwell-executions/WholeGenomeGermlineSingleSample/3d34995f-bd8e-4e1e-88c8-95f2cc6eb274/call-UnmappedBamToAlignedBam/UnmappedBamToAlignedBam/4a1c33f3-cf3d-44bd-a4eb-bf4bb8fa4c5e/call-SplitRG/shard-0/SplitLargeReadGroup/fe27c5e0-9c12-4cc7-8978-b486720a16c5/call-SamToFastqAndDragmapAndMba/shard-24/execution/docker_cid[0m

# return exit code
exit $rc
[2025-11-29 15:21:42,70] [info] BackgroundConfigAsyncJobExecutionActor [[38;5;2mfe27c5e0[0mSplitLargeReadGroup.SamToFastqAndDragmapAndMba:24:1]: job id: 258646
[2025-11-29 15:21:42,70] [info] BackgroundConfigAsyncJobExecutionActor [[38;5;2mfe27c5e0[0mSplitLargeReadGroup.SamToFastqAndDragmapAndMba:24:1]: Status change from - to WaitingForReturnCode
[2025-11-29 15:22:32,55] [info] BackgroundConfigAsyncJobExecutionActor [[38;5;2mfe27c5e0[0mSplitLargeReadGroup.SamToFastqAndDragmapAndMba:24:1]: Status change from WaitingForReturnCode to Done
[2025-11-29 15:22:42,93] [info] WorkflowManagerActor: Workflow 3d34995f-bd8e-4e1e-88c8-95f2cc6eb274 failed (during ExecutingWorkflowState): Job SplitLargeReadGroup.SamToFastqAndDragmapAndMba:25:1 exited with return code 1 which has not been declared as a valid return code. See 'continueOnReturnCode' runtime attribute for more details.
Check the content of stderr for potential additional information: /mnt/nas1/projects/lasr/blendseq/warp-pipelines/warp-gatk-germline-single-sample-pipeline-master/tmp/1977401714735460022/cromwell-executions/WholeGenomeGermlineSingleSample/3d34995f-bd8e-4e1e-88c8-95f2cc6eb274/call-UnmappedBamToAlignedBam/UnmappedBamToAlignedBam/4a1c33f3-cf3d-44bd-a4eb-bf4bb8fa4c5e/call-SplitRG/shard-0/SplitLargeReadGroup/fe27c5e0-9c12-4cc7-8978-b486720a16c5/call-SamToFastqAndDragmapAndMba/shard-25/execution/stderr.
 [First 3000 bytes]:++ dragen-os --version
+ DRAGMAP_VERSION=UNKNOWN
+ '[' -z UNKNOWN ']'
+ mkdir dragen_reference
+ mv /cromwell-executions/WholeGenomeGermlineSingleSample/3d34995f-bd8e-4e1e-88c8-95f2cc6eb274/call-UnmappedBamToAlignedBam/UnmappedBamToAlignedBam/4a1c33f3-cf3d-44bd-a4eb-bf4bb8fa4c5e/call-SplitRG/shard-0/SplitLargeReadGroup/fe27c5e0-9c12-4cc7-8978-b486720a16c5/call-SamToFastqAndDragmapAndMba/shard-25/inputs/-1290198700/reference.bin /cromwell-executions/WholeGenomeGermlineSingleSample/3d34995f-bd8e-4e1e-88c8-95f2cc6eb274/call-UnmappedBamToAlignedBam/UnmappedBamToAlignedBam/4a1c33f3-cf3d-44bd-a4eb-bf4bb8fa4c5e/call-SplitRG/shard-0/SplitLargeReadGroup/fe27c5e0-9c12-4cc7-8978-b486720a16c5/call-SamToFastqAndDragmapAndMba/shard-25/inputs/-1290198700/hash_table.cfg.bin /cromwell-executions/WholeGenomeGermlineSingleSample/3d34995f-bd8e-4e1e-88c8-95f2cc6eb274/call-UnmappedBamToAlignedBam/UnmappedBamToAlignedBam/4a1c33f3-cf3d-44bd-a4eb-bf4bb8fa4c5e/call-SplitRG/shard-0/SplitLargeReadGroup/fe27c5e0-9c12-4cc7-8978-b486720a16c5/call-SamToFastqAndDragmapAndMba/shard-25/inputs/-1290198700/hash_table.cmp dragen_reference
+ dragen-os -b /cromwell-executions/WholeGenomeGermlineSingleSample/3d34995f-bd8e-4e1e-88c8-95f2cc6eb274/call-UnmappedBamToAlignedBam/UnmappedBamToAlignedBam/4a1c33f3-cf3d-44bd-a4eb-bf4bb8fa4c5e/call-SplitRG/shard-0/SplitLargeReadGroup/fe27c5e0-9c12-4cc7-8978-b486720a16c5/call-SamToFastqAndDragmapAndMba/shard-25/inputs/-1047237686/shard_0026.bam -r dragen_reference --interleaved=1 --preserve-map-align-order true
+ samtools view -h -O BAM -
++ tee shard_0026.dragmap.stderr.log
2025-11-29 14:44:36 	[784d106d37c0]	Version: UNKNOWN
2025-11-29 14:44:36 	[784d106d37c0]	argc: 8 argv: dragen-os -b /cromwell-executions/WholeGenomeGermlineSingleSample/3d34995f-bd8e-4e1e-88c8-95f2cc6eb274/call-UnmappedBamToAlignedBam/UnmappedBamToAlignedBam/4a1c33f3-cf3d-44bd-a4eb-bf4bb8fa4c5e/call-SplitRG/shard-0/SplitLargeReadGroup/fe27c5e0-9c12-4cc7-8978-b486720a16c5/call-SamToFastqAndDragmapAndMba/shard-25/inputs/-1047237686/shard_0026.bam -r dragen_reference --interleaved=1 --preserve-map-align-order true
decompHashTableCtxInit...
  0.785 seconds
decompHashTableHeader...
  0.002 seconds
decompHashTableLiterals...
  2.548 seconds
decompHashTableExtIndex...
  0.046 seconds
decompHashTableAutoHits...
  12.110 seconds
decompHashTableSetFlags...
  1.085 seconds
finished decompress
Running fastq workflow on 64 threads. System supports 64 threads.
0	249	0	0	0	0	10000	1	40000	1	1000	0	0	0	6	
0	250	0	0	0	0	10000	1	40000	1	1000	0	0	0	5	
0	251	0	0	0	0	10000	1	40000	1	1000	0	0	0	4	
0	252	0	0	0	0	10000	1	40000	1	1000	0	0	0	3	
0	253	0	0	0	0	10000	1	40000	1	1000	0	0	0	2	
0	254	0	0	0	0	10000	1	40000	1	1000	0	0	0	1	
When maskLen < 15, the function ssw_align doesn't return 2nd best alignment information.
When maskLen < 15, the function ssw_align doesn't return 2nd best alignment information.
When maskLen < 15, the function ssw_align doesn't return 2nd best alignment information.
When maskL
Job SplitLargeReadGroup.SamToFastqAndDragmapAndMba:7:1 exited with return code 1 which has not been declared as a valid return code. See 'continueOnReturnCode' runtime attribute for more details.
Check the content of stderr for potential additional information: /mnt/nas1/projects/lasr/blendseq/warp-pipelines/warp-gatk-germline-single-sample-pipeline-master/tmp/1977401714735460022/cromwell-executions/WholeGenomeGermlineSingleSample/3d34995f-bd8e-4e1e-88c8-95f2cc6eb274/call-UnmappedBamToAlignedBam/UnmappedBamToAlignedBam/4a1c33f3-cf3d-44bd-a4eb-bf4bb8fa4c5e/call-SplitRG/shard-0/SplitLargeReadGroup/fe27c5e0-9c12-4cc7-8978-b486720a16c5/call-SamToFastqAndDragmapAndMba/shard-7/execution/stderr.
 [First 3000 bytes]:++ dragen-os --version
+ DRAGMAP_VERSION=UNKNOWN
+ '[' -z UNKNOWN ']'
+ mkdir dragen_reference
+ mv /cromwell-executions/WholeGenomeGermlineSingleSample/3d34995f-bd8e-4e1e-88c8-95f2cc6eb274/call-UnmappedBamToAlignedBam/UnmappedBamToAlignedBam/4a1c33f3-cf3d-44bd-a4eb-bf4bb8fa4c5e/call-SplitRG/shard-0/SplitLargeReadGroup/fe27c5e0-9c12-4cc7-8978-b486720a16c5/call-SamToFastqAndDragmapAndMba/shard-7/inputs/-1290198700/reference.bin /cromwell-executions/WholeGenomeGermlineSingleSample/3d34995f-bd8e-4e1e-88c8-95f2cc6eb274/call-UnmappedBamToAlignedBam/UnmappedBamToAlignedBam/4a1c33f3-cf3d-44bd-a4eb-bf4bb8fa4c5e/call-SplitRG/shard-0/SplitLargeReadGroup/fe27c5e0-9c12-4cc7-8978-b486720a16c5/call-SamToFastqAndDragmapAndMba/shard-7/inputs/-1290198700/hash_table.cfg.bin /cromwell-executions/WholeGenomeGermlineSingleSample/3d34995f-bd8e-4e1e-88c8-95f2cc6eb274/call-UnmappedBamToAlignedBam/UnmappedBamToAlignedBam/4a1c33f3-cf3d-44bd-a4eb-bf4bb8fa4c5e/call-SplitRG/shard-0/SplitLargeReadGroup/fe27c5e0-9c12-4cc7-8978-b486720a16c5/call-SamToFastqAndDragmapAndMba/shard-7/inputs/-1290198700/hash_table.cmp dragen_reference
+ dragen-os -b /cromwell-executions/WholeGenomeGermlineSingleSample/3d34995f-bd8e-4e1e-88c8-95f2cc6eb274/call-UnmappedBamToAlignedBam/UnmappedBamToAlignedBam/4a1c33f3-cf3d-44bd-a4eb-bf4bb8fa4c5e/call-SplitRG/shard-0/SplitLargeReadGroup/fe27c5e0-9c12-4cc7-8978-b486720a16c5/call-SamToFastqAndDragmapAndMba/shard-7/inputs/-1047237686/shard_0008.bam -r dragen_reference --interleaved=1 --preserve-map-align-order true
+ samtools view -h -O BAM -
++ tee shard_0008.dragmap.stderr.log
2025-11-29 14:45:29 	[72b90a9d07c0]	Version: UNKNOWN
2025-11-29 14:45:29 	[72b90a9d07c0]	argc: 8 argv: dragen-os -b /cromwell-executions/WholeGenomeGermlineSingleSample/3d34995f-bd8e-4e1e-88c8-95f2cc6eb274/call-UnmappedBamToAlignedBam/UnmappedBamToAlignedBam/4a1c33f3-cf3d-44bd-a4eb-bf4bb8fa4c5e/call-SplitRG/shard-0/SplitLargeReadGroup/fe27c5e0-9c12-4cc7-8978-b486720a16c5/call-SamToFastqAndDragmapAndMba/shard-7/inputs/-1047237686/shard_0008.bam -r dragen_reference --interleaved=1 --preserve-map-align-order true
decompHashTableCtxInit...
  0.988 seconds
decompHashTableHeader...
  0.002 seconds
decompHashTableLiterals...
  1.747 seconds
decompHashTableExtIndex...
  0.042 seconds
decompHashTableAutoHits...
  12.328 seconds
decompHashTableSetFlags...
  1.159 seconds
finished decompress
Running fastq workflow on 64 threads. System supports 64 threads.
0	249	0	0	0	0	10000	1	40000	1	1000	0	0	0	6	
0	250	0	0	0	0	10000	1	40000	1	1000	0	0	0	5	
0	251	0	0	0	0	10000	1	40000	1	1000	0	0	0	4	
0	252	0	0	0	0	10000	1	40000	1	1000	0	0	0	3	
0	253	0	0	0	0	10000	1	40000	1	1000	0	0	0	2	
0	254	0	0	0	0	10000	1	40000	1	1000	0	0	0	1	
When maskLen < 15, the function ssw_align doesn't return 2nd best alignment information.
When maskLen < 15, the function ssw_align doesn't return 2nd best alignment information.
When maskLen < 15, the function ssw_align doesn't return 2nd best alignment information.
When maskLen < 
Job SplitLargeReadGroup.SamToFastqAndDragmapAndMba:6:1 exited with return code 1 which has not been declared as a valid return code. See 'continueOnReturnCode' runtime attribute for more details.
Check the content of stderr for potential additional information: /mnt/nas1/projects/lasr/blendseq/warp-pipelines/warp-gatk-germline-single-sample-pipeline-master/tmp/1977401714735460022/cromwell-executions/WholeGenomeGermlineSingleSample/3d34995f-bd8e-4e1e-88c8-95f2cc6eb274/call-UnmappedBamToAlignedBam/UnmappedBamToAlignedBam/4a1c33f3-cf3d-44bd-a4eb-bf4bb8fa4c5e/call-SplitRG/shard-0/SplitLargeReadGroup/fe27c5e0-9c12-4cc7-8978-b486720a16c5/call-SamToFastqAndDragmapAndMba/shard-6/execution/stderr.
 [First 3000 bytes]:++ dragen-os --version
+ DRAGMAP_VERSION=UNKNOWN
+ '[' -z UNKNOWN ']'
+ mkdir dragen_reference
+ mv /cromwell-executions/WholeGenomeGermlineSingleSample/3d34995f-bd8e-4e1e-88c8-95f2cc6eb274/call-UnmappedBamToAlignedBam/UnmappedBamToAlignedBam/4a1c33f3-cf3d-44bd-a4eb-bf4bb8fa4c5e/call-SplitRG/shard-0/SplitLargeReadGroup/fe27c5e0-9c12-4cc7-8978-b486720a16c5/call-SamToFastqAndDragmapAndMba/shard-6/inputs/-1290198700/reference.bin /cromwell-executions/WholeGenomeGermlineSingleSample/3d34995f-bd8e-4e1e-88c8-95f2cc6eb274/call-UnmappedBamToAlignedBam/UnmappedBamToAlignedBam/4a1c33f3-cf3d-44bd-a4eb-bf4bb8fa4c5e/call-SplitRG/shard-0/SplitLargeReadGroup/fe27c5e0-9c12-4cc7-8978-b486720a16c5/call-SamToFastqAndDragmapAndMba/shard-6/inputs/-1290198700/hash_table.cfg.bin /cromwell-executions/WholeGenomeGermlineSingleSample/3d34995f-bd8e-4e1e-88c8-95f2cc6eb274/call-UnmappedBamToAlignedBam/UnmappedBamToAlignedBam/4a1c33f3-cf3d-44bd-a4eb-bf4bb8fa4c5e/call-SplitRG/shard-0/SplitLargeReadGroup/fe27c5e0-9c12-4cc7-8978-b486720a16c5/call-SamToFastqAndDragmapAndMba/shard-6/inputs/-1290198700/hash_table.cmp dragen_reference
+ dragen-os -b /cromwell-executions/WholeGenomeGermlineSingleSample/3d34995f-bd8e-4e1e-88c8-95f2cc6eb274/call-UnmappedBamToAlignedBam/UnmappedBamToAlignedBam/4a1c33f3-cf3d-44bd-a4eb-bf4bb8fa4c5e/call-SplitRG/shard-0/SplitLargeReadGroup/fe27c5e0-9c12-4cc7-8978-b486720a16c5/call-SamToFastqAndDragmapAndMba/shard-6/inputs/-1047237686/shard_0007.bam -r dragen_reference --interleaved=1 --preserve-map-align-order true
+ samtools view -h -O BAM -
++ tee shard_0007.dragmap.stderr.log
2025-11-29 14:46:59 	[77f6880cf7c0]	Version: UNKNOWN
2025-11-29 14:46:59 	[77f6880cf7c0]	argc: 8 argv: dragen-os -b /cromwell-executions/WholeGenomeGermlineSingleSample/3d34995f-bd8e-4e1e-88c8-95f2cc6eb274/call-UnmappedBamToAlignedBam/UnmappedBamToAlignedBam/4a1c33f3-cf3d-44bd-a4eb-bf4bb8fa4c5e/call-SplitRG/shard-0/SplitLargeReadGroup/fe27c5e0-9c12-4cc7-8978-b486720a16c5/call-SamToFastqAndDragmapAndMba/shard-6/inputs/-1047237686/shard_0007.bam -r dragen_reference --interleaved=1 --preserve-map-align-order true
decompHashTableCtxInit...
  0.990 seconds
decompHashTableHeader...
  0.002 seconds
decompHashTableLiterals...
  1.743 seconds
decompHashTableExtIndex...
  0.055 seconds
decompHashTableAutoHits...
  12.572 seconds
decompHashTableSetFlags...
  1.260 seconds
finished decompress
Running fastq workflow on 64 threads. System supports 64 threads.
0	249	0	0	0	0	10000	1	40000	1	1000	0	0	0	6	
0	250	0	0	0	0	10000	1	40000	1	1000	0	0	0	5	
0	251	0	0	0	0	10000	1	40000	1	1000	0	0	0	4	
0	252	0	0	0	0	10000	1	40000	1	1000	0	0	0	3	
0	253	0	0	0	0	10000	1	40000	1	1000	0	0	0	2	
0	254	0	0	0	0	10000	1	40000	1	1000	0	0	0	1	
When maskLen < 15, the function ssw_align doesn't return 2nd best alignment information.
When maskLen < 15, the function ssw_align doesn't return 2nd best alignment information.
When maskLen < 15, the function ssw_align doesn't return 2nd best alignment information.
When maskLen < 
Job SplitLargeReadGroup.SamToFastqAndDragmapAndMba:18:1 exited with return code 1 which has not been declared as a valid return code. See 'continueOnReturnCode' runtime attribute for more details.
Check the content of stderr for potential additional information: /mnt/nas1/projects/lasr/blendseq/warp-pipelines/warp-gatk-germline-single-sample-pipeline-master/tmp/1977401714735460022/cromwell-executions/WholeGenomeGermlineSingleSample/3d34995f-bd8e-4e1e-88c8-95f2cc6eb274/call-UnmappedBamToAlignedBam/UnmappedBamToAlignedBam/4a1c33f3-cf3d-44bd-a4eb-bf4bb8fa4c5e/call-SplitRG/shard-0/SplitLargeReadGroup/fe27c5e0-9c12-4cc7-8978-b486720a16c5/call-SamToFastqAndDragmapAndMba/shard-18/execution/stderr.
 [First 3000 bytes]:++ dragen-os --version
+ DRAGMAP_VERSION=UNKNOWN
+ '[' -z UNKNOWN ']'
+ mkdir dragen_reference
+ mv /cromwell-executions/WholeGenomeGermlineSingleSample/3d34995f-bd8e-4e1e-88c8-95f2cc6eb274/call-UnmappedBamToAlignedBam/UnmappedBamToAlignedBam/4a1c33f3-cf3d-44bd-a4eb-bf4bb8fa4c5e/call-SplitRG/shard-0/SplitLargeReadGroup/fe27c5e0-9c12-4cc7-8978-b486720a16c5/call-SamToFastqAndDragmapAndMba/shard-18/inputs/-1290198700/reference.bin /cromwell-executions/WholeGenomeGermlineSingleSample/3d34995f-bd8e-4e1e-88c8-95f2cc6eb274/call-UnmappedBamToAlignedBam/UnmappedBamToAlignedBam/4a1c33f3-cf3d-44bd-a4eb-bf4bb8fa4c5e/call-SplitRG/shard-0/SplitLargeReadGroup/fe27c5e0-9c12-4cc7-8978-b486720a16c5/call-SamToFastqAndDragmapAndMba/shard-18/inputs/-1290198700/hash_table.cfg.bin /cromwell-executions/WholeGenomeGermlineSingleSample/3d34995f-bd8e-4e1e-88c8-95f2cc6eb274/call-UnmappedBamToAlignedBam/UnmappedBamToAlignedBam/4a1c33f3-cf3d-44bd-a4eb-bf4bb8fa4c5e/call-SplitRG/shard-0/SplitLargeReadGroup/fe27c5e0-9c12-4cc7-8978-b486720a16c5/call-SamToFastqAndDragmapAndMba/shard-18/inputs/-1290198700/hash_table.cmp dragen_reference
+ dragen-os -b /cromwell-executions/WholeGenomeGermlineSingleSample/3d34995f-bd8e-4e1e-88c8-95f2cc6eb274/call-UnmappedBamToAlignedBam/UnmappedBamToAlignedBam/4a1c33f3-cf3d-44bd-a4eb-bf4bb8fa4c5e/call-SplitRG/shard-0/SplitLargeReadGroup/fe27c5e0-9c12-4cc7-8978-b486720a16c5/call-SamToFastqAndDragmapAndMba/shard-18/inputs/-1047237686/shard_0019.bam -r dragen_reference --interleaved=1 --preserve-map-align-order true
+ samtools view -h -O BAM -
++ tee shard_0019.dragmap.stderr.log
2025-11-29 14:51:39 	[7bf288ac57c0]	Version: UNKNOWN
2025-11-29 14:51:39 	[7bf288ac57c0]	argc: 8 argv: dragen-os -b /cromwell-executions/WholeGenomeGermlineSingleSample/3d34995f-bd8e-4e1e-88c8-95f2cc6eb274/call-UnmappedBamToAlignedBam/UnmappedBamToAlignedBam/4a1c33f3-cf3d-44bd-a4eb-bf4bb8fa4c5e/call-SplitRG/shard-0/SplitLargeReadGroup/fe27c5e0-9c12-4cc7-8978-b486720a16c5/call-SamToFastqAndDragmapAndMba/shard-18/inputs/-1047237686/shard_0019.bam -r dragen_reference --interleaved=1 --preserve-map-align-order true
decompHashTableCtxInit...
  0.989 seconds
decompHashTableHeader...
  0.002 seconds
decompHashTableLiterals...
  1.723 seconds
decompHashTableExtIndex...
  0.052 seconds
decompHashTableAutoHits...
  12.612 seconds
decompHashTableSetFlags...
  1.269 seconds
finished decompress
Running fastq workflow on 64 threads. System supports 64 threads.
0	249	0	0	0	0	10000	1	40000	1	1000	0	0	0	6	
0	250	0	0	0	0	10000	1	40000	1	1000	0	0	0	5	
0	251	0	0	0	0	10000	1	40000	1	1000	0	0	0	4	
0	252	0	0	0	0	10000	1	40000	1	1000	0	0	0	3	
0	253	0	0	0	0	10000	1	40000	1	1000	0	0	0	2	
0	254	0	0	0	0	10000	1	40000	1	1000	0	0	0	1	
0	0	230	301	409	329.903	132.716	1	946	1	662	95623	96567	0	0	
Initial paired-end statistics detected for read group all, based on 95623 high quality pairs for FR orientation
        Quartiles (25 50 75) = 230 301 409
        Mean = 329.903
        Standard deviation = 132.716
 
Job SplitLargeReadGroup.SamToFastqAndDragmapAndMba:31:1 exited with return code 1 which has not been declared as a valid return code. See 'continueOnReturnCode' runtime attribute for more details.
Check the content of stderr for potential additional information: /mnt/nas1/projects/lasr/blendseq/warp-pipelines/warp-gatk-germline-single-sample-pipeline-master/tmp/1977401714735460022/cromwell-executions/WholeGenomeGermlineSingleSample/3d34995f-bd8e-4e1e-88c8-95f2cc6eb274/call-UnmappedBamToAlignedBam/UnmappedBamToAlignedBam/4a1c33f3-cf3d-44bd-a4eb-bf4bb8fa4c5e/call-SplitRG/shard-0/SplitLargeReadGroup/fe27c5e0-9c12-4cc7-8978-b486720a16c5/call-SamToFastqAndDragmapAndMba/shard-31/execution/stderr.
 [First 3000 bytes]:++ dragen-os --version
+ DRAGMAP_VERSION=UNKNOWN
+ '[' -z UNKNOWN ']'
+ mkdir dragen_reference
+ mv /cromwell-executions/WholeGenomeGermlineSingleSample/3d34995f-bd8e-4e1e-88c8-95f2cc6eb274/call-UnmappedBamToAlignedBam/UnmappedBamToAlignedBam/4a1c33f3-cf3d-44bd-a4eb-bf4bb8fa4c5e/call-SplitRG/shard-0/SplitLargeReadGroup/fe27c5e0-9c12-4cc7-8978-b486720a16c5/call-SamToFastqAndDragmapAndMba/shard-31/inputs/-1290198700/reference.bin /cromwell-executions/WholeGenomeGermlineSingleSample/3d34995f-bd8e-4e1e-88c8-95f2cc6eb274/call-UnmappedBamToAlignedBam/UnmappedBamToAlignedBam/4a1c33f3-cf3d-44bd-a4eb-bf4bb8fa4c5e/call-SplitRG/shard-0/SplitLargeReadGroup/fe27c5e0-9c12-4cc7-8978-b486720a16c5/call-SamToFastqAndDragmapAndMba/shard-31/inputs/-1290198700/hash_table.cfg.bin /cromwell-executions/WholeGenomeGermlineSingleSample/3d34995f-bd8e-4e1e-88c8-95f2cc6eb274/call-UnmappedBamToAlignedBam/UnmappedBamToAlignedBam/4a1c33f3-cf3d-44bd-a4eb-bf4bb8fa4c5e/call-SplitRG/shard-0/SplitLargeReadGroup/fe27c5e0-9c12-4cc7-8978-b486720a16c5/call-SamToFastqAndDragmapAndMba/shard-31/inputs/-1290198700/hash_table.cmp dragen_reference
+ dragen-os -b /cromwell-executions/WholeGenomeGermlineSingleSample/3d34995f-bd8e-4e1e-88c8-95f2cc6eb274/call-UnmappedBamToAlignedBam/UnmappedBamToAlignedBam/4a1c33f3-cf3d-44bd-a4eb-bf4bb8fa4c5e/call-SplitRG/shard-0/SplitLargeReadGroup/fe27c5e0-9c12-4cc7-8978-b486720a16c5/call-SamToFastqAndDragmapAndMba/shard-31/inputs/-1047237686/shard_0032.bam -r dragen_reference --interleaved=1 --preserve-map-align-order true
+ samtools view -h -O BAM -
++ tee shard_0032.dragmap.stderr.log
2025-11-29 14:53:26 	[77ec4d2797c0]	Version: UNKNOWN
2025-11-29 14:53:26 	[77ec4d2797c0]	argc: 8 argv: dragen-os -b /cromwell-executions/WholeGenomeGermlineSingleSample/3d34995f-bd8e-4e1e-88c8-95f2cc6eb274/call-UnmappedBamToAlignedBam/UnmappedBamToAlignedBam/4a1c33f3-cf3d-44bd-a4eb-bf4bb8fa4c5e/call-SplitRG/shard-0/SplitLargeReadGroup/fe27c5e0-9c12-4cc7-8978-b486720a16c5/call-SamToFastqAndDragmapAndMba/shard-31/inputs/-1047237686/shard_0032.bam -r dragen_reference --interleaved=1 --preserve-map-align-order true
decompHashTableCtxInit...
  0.770 seconds
decompHashTableHeader...
  0.002 seconds
decompHashTableLiterals...
  1.678 seconds
decompHashTableExtIndex...
  0.050 seconds
decompHashTableAutoHits...
  12.612 seconds
decompHashTableSetFlags...
  1.267 seconds
finished decompress
Running fastq workflow on 64 threads. System supports 64 threads.
0	249	0	0	0	0	10000	1	40000	1	1000	0	0	0	6	
0	250	0	0	0	0	10000	1	40000	1	1000	0	0	0	5	
0	251	0	0	0	0	10000	1	40000	1	1000	0	0	0	4	
0	252	0	0	0	0	10000	1	40000	1	1000	0	0	0	3	
0	253	0	0	0	0	10000	1	40000	1	1000	0	0	0	2	
0	254	0	0	0	0	10000	1	40000	1	1000	0	0	0	1	
0	0	230	300	410	329.792	132.88	1	950	1	662	94934	95806	0	0	
Initial paired-end statistics detected for read group all, based on 94934 high quality pairs for FR orientation
        Quartiles (25 50 75) = 230 300 410
        Mean = 329.792
        Standard deviation = 132.88
   
Job SplitLargeReadGroup.SamToFastqAndDragmapAndMba:29:1 exited with return code 1 which has not been declared as a valid return code. See 'continueOnReturnCode' runtime attribute for more details.
Check the content of stderr for potential additional information: /mnt/nas1/projects/lasr/blendseq/warp-pipelines/warp-gatk-germline-single-sample-pipeline-master/tmp/1977401714735460022/cromwell-executions/WholeGenomeGermlineSingleSample/3d34995f-bd8e-4e1e-88c8-95f2cc6eb274/call-UnmappedBamToAlignedBam/UnmappedBamToAlignedBam/4a1c33f3-cf3d-44bd-a4eb-bf4bb8fa4c5e/call-SplitRG/shard-0/SplitLargeReadGroup/fe27c5e0-9c12-4cc7-8978-b486720a16c5/call-SamToFastqAndDragmapAndMba/shard-29/execution/stderr.
 [First 3000 bytes]:++ dragen-os --version
+ DRAGMAP_VERSION=UNKNOWN
+ '[' -z UNKNOWN ']'
+ mkdir dragen_reference
+ mv /cromwell-executions/WholeGenomeGermlineSingleSample/3d34995f-bd8e-4e1e-88c8-95f2cc6eb274/call-UnmappedBamToAlignedBam/UnmappedBamToAlignedBam/4a1c33f3-cf3d-44bd-a4eb-bf4bb8fa4c5e/call-SplitRG/shard-0/SplitLargeReadGroup/fe27c5e0-9c12-4cc7-8978-b486720a16c5/call-SamToFastqAndDragmapAndMba/shard-29/inputs/-1290198700/reference.bin /cromwell-executions/WholeGenomeGermlineSingleSample/3d34995f-bd8e-4e1e-88c8-95f2cc6eb274/call-UnmappedBamToAlignedBam/UnmappedBamToAlignedBam/4a1c33f3-cf3d-44bd-a4eb-bf4bb8fa4c5e/call-SplitRG/shard-0/SplitLargeReadGroup/fe27c5e0-9c12-4cc7-8978-b486720a16c5/call-SamToFastqAndDragmapAndMba/shard-29/inputs/-1290198700/hash_table.cfg.bin /cromwell-executions/WholeGenomeGermlineSingleSample/3d34995f-bd8e-4e1e-88c8-95f2cc6eb274/call-UnmappedBamToAlignedBam/UnmappedBamToAlignedBam/4a1c33f3-cf3d-44bd-a4eb-bf4bb8fa4c5e/call-SplitRG/shard-0/SplitLargeReadGroup/fe27c5e0-9c12-4cc7-8978-b486720a16c5/call-SamToFastqAndDragmapAndMba/shard-29/inputs/-1290198700/hash_table.cmp dragen_reference
+ dragen-os -b /cromwell-executions/WholeGenomeGermlineSingleSample/3d34995f-bd8e-4e1e-88c8-95f2cc6eb274/call-UnmappedBamToAlignedBam/UnmappedBamToAlignedBam/4a1c33f3-cf3d-44bd-a4eb-bf4bb8fa4c5e/call-SplitRG/shard-0/SplitLargeReadGroup/fe27c5e0-9c12-4cc7-8978-b486720a16c5/call-SamToFastqAndDragmapAndMba/shard-29/inputs/-1047237686/shard_0030.bam -r dragen_reference --interleaved=1 --preserve-map-align-order true
+ samtools view -h -O BAM -
++ tee shard_0030.dragmap.stderr.log
2025-11-29 14:54:36 	[75a1aa2177c0]	Version: UNKNOWN
2025-11-29 14:54:36 	[75a1aa2177c0]	argc: 8 argv: dragen-os -b /cromwell-executions/WholeGenomeGermlineSingleSample/3d34995f-bd8e-4e1e-88c8-95f2cc6eb274/call-UnmappedBamToAlignedBam/UnmappedBamToAlignedBam/4a1c33f3-cf3d-44bd-a4eb-bf4bb8fa4c5e/call-SplitRG/shard-0/SplitLargeReadGroup/fe27c5e0-9c12-4cc7-8978-b486720a16c5/call-SamToFastqAndDragmapAndMba/shard-29/inputs/-1047237686/shard_0030.bam -r dragen_reference --interleaved=1 --preserve-map-align-order true
decompHashTableCtxInit...
  0.973 seconds
decompHashTableHeader...
  0.002 seconds
decompHashTableLiterals...
  1.693 seconds
decompHashTableExtIndex...
  0.046 seconds
decompHashTableAutoHits...
  12.597 seconds
decompHashTableSetFlags...
  1.272 seconds
finished decompress
Running fastq workflow on 64 threads. System supports 64 threads.
0	249	0	0	0	0	10000	1	40000	1	1000	0	0	0	6	
0	250	0	0	0	0	10000	1	40000	1	1000	0	0	0	5	
0	251	0	0	0	0	10000	1	40000	1	1000	0	0	0	4	
0	252	0	0	0	0	10000	1	40000	1	1000	0	0	0	3	
0	253	0	0	0	0	10000	1	40000	1	1000	0	0	0	2	
0	254	0	0	0	0	10000	1	40000	1	1000	0	0	0	1	
When maskLen < 15, the function ssw_align doesn't return 2nd best alignment information.
When maskLen < 15, the function ssw_align doesn't return 2nd best alignment information.
When maskLen < 15, the function ssw_align doesn't return 2nd best alignment information.
0	0	230	30
Job SplitLargeReadGroup.SamToFastqAndDragmapAndMba:21:1 exited with return code 1 which has not been declared as a valid return code. See 'continueOnReturnCode' runtime attribute for more details.
Check the content of stderr for potential additional information: /mnt/nas1/projects/lasr/blendseq/warp-pipelines/warp-gatk-germline-single-sample-pipeline-master/tmp/1977401714735460022/cromwell-executions/WholeGenomeGermlineSingleSample/3d34995f-bd8e-4e1e-88c8-95f2cc6eb274/call-UnmappedBamToAlignedBam/UnmappedBamToAlignedBam/4a1c33f3-cf3d-44bd-a4eb-bf4bb8fa4c5e/call-SplitRG/shard-0/SplitLargeReadGroup/fe27c5e0-9c12-4cc7-8978-b486720a16c5/call-SamToFastqAndDragmapAndMba/shard-21/execution/stderr.
 [First 3000 bytes]:++ dragen-os --version
+ DRAGMAP_VERSION=UNKNOWN
+ '[' -z UNKNOWN ']'
+ mkdir dragen_reference
+ mv /cromwell-executions/WholeGenomeGermlineSingleSample/3d34995f-bd8e-4e1e-88c8-95f2cc6eb274/call-UnmappedBamToAlignedBam/UnmappedBamToAlignedBam/4a1c33f3-cf3d-44bd-a4eb-bf4bb8fa4c5e/call-SplitRG/shard-0/SplitLargeReadGroup/fe27c5e0-9c12-4cc7-8978-b486720a16c5/call-SamToFastqAndDragmapAndMba/shard-21/inputs/-1290198700/reference.bin /cromwell-executions/WholeGenomeGermlineSingleSample/3d34995f-bd8e-4e1e-88c8-95f2cc6eb274/call-UnmappedBamToAlignedBam/UnmappedBamToAlignedBam/4a1c33f3-cf3d-44bd-a4eb-bf4bb8fa4c5e/call-SplitRG/shard-0/SplitLargeReadGroup/fe27c5e0-9c12-4cc7-8978-b486720a16c5/call-SamToFastqAndDragmapAndMba/shard-21/inputs/-1290198700/hash_table.cfg.bin /cromwell-executions/WholeGenomeGermlineSingleSample/3d34995f-bd8e-4e1e-88c8-95f2cc6eb274/call-UnmappedBamToAlignedBam/UnmappedBamToAlignedBam/4a1c33f3-cf3d-44bd-a4eb-bf4bb8fa4c5e/call-SplitRG/shard-0/SplitLargeReadGroup/fe27c5e0-9c12-4cc7-8978-b486720a16c5/call-SamToFastqAndDragmapAndMba/shard-21/inputs/-1290198700/hash_table.cmp dragen_reference
+ dragen-os -b /cromwell-executions/WholeGenomeGermlineSingleSample/3d34995f-bd8e-4e1e-88c8-95f2cc6eb274/call-UnmappedBamToAlignedBam/UnmappedBamToAlignedBam/4a1c33f3-cf3d-44bd-a4eb-bf4bb8fa4c5e/call-SplitRG/shard-0/SplitLargeReadGroup/fe27c5e0-9c12-4cc7-8978-b486720a16c5/call-SamToFastqAndDragmapAndMba/shard-21/inputs/-1047237686/shard_0022.bam -r dragen_reference --interleaved=1 --preserve-map-align-order true
+ samtools view -h -O BAM -
++ tee shard_0022.dragmap.stderr.log
2025-11-29 14:55:39 	[70af87f857c0]	Version: UNKNOWN
2025-11-29 14:55:39 	[70af87f857c0]	argc: 8 argv: dragen-os -b /cromwell-executions/WholeGenomeGermlineSingleSample/3d34995f-bd8e-4e1e-88c8-95f2cc6eb274/call-UnmappedBamToAlignedBam/UnmappedBamToAlignedBam/4a1c33f3-cf3d-44bd-a4eb-bf4bb8fa4c5e/call-SplitRG/shard-0/SplitLargeReadGroup/fe27c5e0-9c12-4cc7-8978-b486720a16c5/call-SamToFastqAndDragmapAndMba/shard-21/inputs/-1047237686/shard_0022.bam -r dragen_reference --interleaved=1 --preserve-map-align-order true
decompHashTableCtxInit...
  0.769 seconds
decompHashTableHeader...
  0.002 seconds
decompHashTableLiterals...
  1.698 seconds
decompHashTableExtIndex...
  0.055 seconds
decompHashTableAutoHits...
  12.632 seconds
decompHashTableSetFlags...
  1.261 seconds
finished decompress
Running fastq workflow on 64 threads. System supports 64 threads.
0	249	0	0	0	0	10000	1	40000	1	1000	0	0	0	6	
0	250	0	0	0	0	10000	1	40000	1	1000	0	0	0	5	
0	251	0	0	0	0	10000	1	40000	1	1000	0	0	0	4	
0	252	0	0	0	0	10000	1	40000	1	1000	0	0	0	3	
0	253	0	0	0	0	10000	1	40000	1	1000	0	0	0	2	
0	254	0	0	0	0	10000	1	40000	1	1000	0	0	0	1	
0	0	229	300	408	328.982	132.327	1	945	1	660	95477	96315	0	0	
Initial paired-end statistics detected for read group all, based on 95477 high quality pairs for FR orientation
        Quartiles (25 50 75) = 229 300 408
        Mean = 328.982
        Standard deviation = 132.327
 
Job SplitLargeReadGroup.SamToFastqAndDragmapAndMba:14:1 exited with return code 1 which has not been declared as a valid return code. See 'continueOnReturnCode' runtime attribute for more details.
Check the content of stderr for potential additional information: /mnt/nas1/projects/lasr/blendseq/warp-pipelines/warp-gatk-germline-single-sample-pipeline-master/tmp/1977401714735460022/cromwell-executions/WholeGenomeGermlineSingleSample/3d34995f-bd8e-4e1e-88c8-95f2cc6eb274/call-UnmappedBamToAlignedBam/UnmappedBamToAlignedBam/4a1c33f3-cf3d-44bd-a4eb-bf4bb8fa4c5e/call-SplitRG/shard-0/SplitLargeReadGroup/fe27c5e0-9c12-4cc7-8978-b486720a16c5/call-SamToFastqAndDragmapAndMba/shard-14/execution/stderr.
 [First 3000 bytes]:++ dragen-os --version
+ DRAGMAP_VERSION=UNKNOWN
+ '[' -z UNKNOWN ']'
+ mkdir dragen_reference
+ mv /cromwell-executions/WholeGenomeGermlineSingleSample/3d34995f-bd8e-4e1e-88c8-95f2cc6eb274/call-UnmappedBamToAlignedBam/UnmappedBamToAlignedBam/4a1c33f3-cf3d-44bd-a4eb-bf4bb8fa4c5e/call-SplitRG/shard-0/SplitLargeReadGroup/fe27c5e0-9c12-4cc7-8978-b486720a16c5/call-SamToFastqAndDragmapAndMba/shard-14/inputs/-1290198700/reference.bin /cromwell-executions/WholeGenomeGermlineSingleSample/3d34995f-bd8e-4e1e-88c8-95f2cc6eb274/call-UnmappedBamToAlignedBam/UnmappedBamToAlignedBam/4a1c33f3-cf3d-44bd-a4eb-bf4bb8fa4c5e/call-SplitRG/shard-0/SplitLargeReadGroup/fe27c5e0-9c12-4cc7-8978-b486720a16c5/call-SamToFastqAndDragmapAndMba/shard-14/inputs/-1290198700/hash_table.cfg.bin /cromwell-executions/WholeGenomeGermlineSingleSample/3d34995f-bd8e-4e1e-88c8-95f2cc6eb274/call-UnmappedBamToAlignedBam/UnmappedBamToAlignedBam/4a1c33f3-cf3d-44bd-a4eb-bf4bb8fa4c5e/call-SplitRG/shard-0/SplitLargeReadGroup/fe27c5e0-9c12-4cc7-8978-b486720a16c5/call-SamToFastqAndDragmapAndMba/shard-14/inputs/-1290198700/hash_table.cmp dragen_reference
+ dragen-os -b /cromwell-executions/WholeGenomeGermlineSingleSample/3d34995f-bd8e-4e1e-88c8-95f2cc6eb274/call-UnmappedBamToAlignedBam/UnmappedBamToAlignedBam/4a1c33f3-cf3d-44bd-a4eb-bf4bb8fa4c5e/call-SplitRG/shard-0/SplitLargeReadGroup/fe27c5e0-9c12-4cc7-8978-b486720a16c5/call-SamToFastqAndDragmapAndMba/shard-14/inputs/-1047237686/shard_0015.bam -r dragen_reference --interleaved=1 --preserve-map-align-order true
+ samtools view -h -O BAM -
++ tee shard_0015.dragmap.stderr.log
2025-11-29 15:00:38 	[7f8268bc77c0]	Version: UNKNOWN
2025-11-29 15:00:38 	[7f8268bc77c0]	argc: 8 argv: dragen-os -b /cromwell-executions/WholeGenomeGermlineSingleSample/3d34995f-bd8e-4e1e-88c8-95f2cc6eb274/call-UnmappedBamToAlignedBam/UnmappedBamToAlignedBam/4a1c33f3-cf3d-44bd-a4eb-bf4bb8fa4c5e/call-SplitRG/shard-0/SplitLargeReadGroup/fe27c5e0-9c12-4cc7-8978-b486720a16c5/call-SamToFastqAndDragmapAndMba/shard-14/inputs/-1047237686/shard_0015.bam -r dragen_reference --interleaved=1 --preserve-map-align-order true
decompHashTableCtxInit...
  0.774 seconds
decompHashTableHeader...
  0.002 seconds
decompHashTableLiterals...
  1.704 seconds
decompHashTableExtIndex...
  0.056 seconds
decompHashTableAutoHits...
  12.680 seconds
decompHashTableSetFlags...
  1.261 seconds
finished decompress
Running fastq workflow on 64 threads. System supports 64 threads.
0	249	0	0	0	0	10000	1	40000	1	1000	0	0	0	6	
0	250	0	0	0	0	10000	1	40000	1	1000	0	0	0	5	
0	251	0	0	0	0	10000	1	40000	1	1000	0	0	0	4	
0	252	0	0	0	0	10000	1	40000	1	1000	0	0	0	3	
0	253	0	0	0	0	10000	1	40000	1	1000	0	0	0	2	
0	254	0	0	0	0	10000	1	40000	1	1000	0	0	0	1	
When maskLen < 15, the function ssw_align doesn't return 2nd best alignment information.
When maskLen < 15, the function ssw_align doesn't return 2nd best alignment information.
When maskLen < 15, the function ssw_align doesn't return 2nd best alignment information.
When maskL
Job SplitLargeReadGroup.SamToFastqAndDragmapAndMba:28:1 exited with return code 1 which has not been declared as a valid return code. See 'continueOnReturnCode' runtime attribute for more details.
Check the content of stderr for potential additional information: /mnt/nas1/projects/lasr/blendseq/warp-pipelines/warp-gatk-germline-single-sample-pipeline-master/tmp/1977401714735460022/cromwell-executions/WholeGenomeGermlineSingleSample/3d34995f-bd8e-4e1e-88c8-95f2cc6eb274/call-UnmappedBamToAlignedBam/UnmappedBamToAlignedBam/4a1c33f3-cf3d-44bd-a4eb-bf4bb8fa4c5e/call-SplitRG/shard-0/SplitLargeReadGroup/fe27c5e0-9c12-4cc7-8978-b486720a16c5/call-SamToFastqAndDragmapAndMba/shard-28/execution/stderr.
 [First 3000 bytes]:++ dragen-os --version
+ DRAGMAP_VERSION=UNKNOWN
+ '[' -z UNKNOWN ']'
+ mkdir dragen_reference
+ mv /cromwell-executions/WholeGenomeGermlineSingleSample/3d34995f-bd8e-4e1e-88c8-95f2cc6eb274/call-UnmappedBamToAlignedBam/UnmappedBamToAlignedBam/4a1c33f3-cf3d-44bd-a4eb-bf4bb8fa4c5e/call-SplitRG/shard-0/SplitLargeReadGroup/fe27c5e0-9c12-4cc7-8978-b486720a16c5/call-SamToFastqAndDragmapAndMba/shard-28/inputs/-1290198700/reference.bin /cromwell-executions/WholeGenomeGermlineSingleSample/3d34995f-bd8e-4e1e-88c8-95f2cc6eb274/call-UnmappedBamToAlignedBam/UnmappedBamToAlignedBam/4a1c33f3-cf3d-44bd-a4eb-bf4bb8fa4c5e/call-SplitRG/shard-0/SplitLargeReadGroup/fe27c5e0-9c12-4cc7-8978-b486720a16c5/call-SamToFastqAndDragmapAndMba/shard-28/inputs/-1290198700/hash_table.cfg.bin /cromwell-executions/WholeGenomeGermlineSingleSample/3d34995f-bd8e-4e1e-88c8-95f2cc6eb274/call-UnmappedBamToAlignedBam/UnmappedBamToAlignedBam/4a1c33f3-cf3d-44bd-a4eb-bf4bb8fa4c5e/call-SplitRG/shard-0/SplitLargeReadGroup/fe27c5e0-9c12-4cc7-8978-b486720a16c5/call-SamToFastqAndDragmapAndMba/shard-28/inputs/-1290198700/hash_table.cmp dragen_reference
+ dragen-os -b /cromwell-executions/WholeGenomeGermlineSingleSample/3d34995f-bd8e-4e1e-88c8-95f2cc6eb274/call-UnmappedBamToAlignedBam/UnmappedBamToAlignedBam/4a1c33f3-cf3d-44bd-a4eb-bf4bb8fa4c5e/call-SplitRG/shard-0/SplitLargeReadGroup/fe27c5e0-9c12-4cc7-8978-b486720a16c5/call-SamToFastqAndDragmapAndMba/shard-28/inputs/-1047237686/shard_0029.bam -r dragen_reference --interleaved=1 --preserve-map-align-order true
+ samtools view -h -O BAM -
++ tee shard_0029.dragmap.stderr.log
2025-11-29 15:01:39 	[71acb66b07c0]	Version: UNKNOWN
2025-11-29 15:01:39 	[71acb66b07c0]	argc: 8 argv: dragen-os -b /cromwell-executions/WholeGenomeGermlineSingleSample/3d34995f-bd8e-4e1e-88c8-95f2cc6eb274/call-UnmappedBamToAlignedBam/UnmappedBamToAlignedBam/4a1c33f3-cf3d-44bd-a4eb-bf4bb8fa4c5e/call-SplitRG/shard-0/SplitLargeReadGroup/fe27c5e0-9c12-4cc7-8978-b486720a16c5/call-SamToFastqAndDragmapAndMba/shard-28/inputs/-1047237686/shard_0029.bam -r dragen_reference --interleaved=1 --preserve-map-align-order true
decompHashTableCtxInit...
  0.992 seconds
decompHashTableHeader...
  0.002 seconds
decompHashTableLiterals...
  1.745 seconds
decompHashTableExtIndex...
  0.044 seconds
decompHashTableAutoHits...
  12.588 seconds
decompHashTableSetFlags...
  1.280 seconds
finished decompress
Running fastq workflow on 64 threads. System supports 64 threads.
0	249	0	0	0	0	10000	1	40000	1	1000	0	0	0	6	
0	250	0	0	0	0	10000	1	40000	1	1000	0	0	0	5	
0	251	0	0	0	0	10000	1	40000	1	1000	0	0	0	4	
0	252	0	0	0	0	10000	1	40000	1	1000	0	0	0	3	
0	253	0	0	0	0	10000	1	40000	1	1000	0	0	0	2	
0	254	0	0	0	0	10000	1	40000	1	1000	0	0	0	1	
When maskLen < 15, the function ssw_align doesn't return 2nd best alignment information.
When maskLen < 15, the function ssw_align doesn't return 2nd best alignment information.
When maskLen < 15, the function ssw_align doesn't return 2nd best alignment information.
When maskL
Job SplitLargeReadGroup.SamToFastqAndDragmapAndMba:13:1 exited with return code 1 which has not been declared as a valid return code. See 'continueOnReturnCode' runtime attribute for more details.
Check the content of stderr for potential additional information: /mnt/nas1/projects/lasr/blendseq/warp-pipelines/warp-gatk-germline-single-sample-pipeline-master/tmp/1977401714735460022/cromwell-executions/WholeGenomeGermlineSingleSample/3d34995f-bd8e-4e1e-88c8-95f2cc6eb274/call-UnmappedBamToAlignedBam/UnmappedBamToAlignedBam/4a1c33f3-cf3d-44bd-a4eb-bf4bb8fa4c5e/call-SplitRG/shard-0/SplitLargeReadGroup/fe27c5e0-9c12-4cc7-8978-b486720a16c5/call-SamToFastqAndDragmapAndMba/shard-13/execution/stderr.
 [First 3000 bytes]:++ dragen-os --version
+ DRAGMAP_VERSION=UNKNOWN
+ '[' -z UNKNOWN ']'
+ mkdir dragen_reference
+ mv /cromwell-executions/WholeGenomeGermlineSingleSample/3d34995f-bd8e-4e1e-88c8-95f2cc6eb274/call-UnmappedBamToAlignedBam/UnmappedBamToAlignedBam/4a1c33f3-cf3d-44bd-a4eb-bf4bb8fa4c5e/call-SplitRG/shard-0/SplitLargeReadGroup/fe27c5e0-9c12-4cc7-8978-b486720a16c5/call-SamToFastqAndDragmapAndMba/shard-13/inputs/-1290198700/reference.bin /cromwell-executions/WholeGenomeGermlineSingleSample/3d34995f-bd8e-4e1e-88c8-95f2cc6eb274/call-UnmappedBamToAlignedBam/UnmappedBamToAlignedBam/4a1c33f3-cf3d-44bd-a4eb-bf4bb8fa4c5e/call-SplitRG/shard-0/SplitLargeReadGroup/fe27c5e0-9c12-4cc7-8978-b486720a16c5/call-SamToFastqAndDragmapAndMba/shard-13/inputs/-1290198700/hash_table.cfg.bin /cromwell-executions/WholeGenomeGermlineSingleSample/3d34995f-bd8e-4e1e-88c8-95f2cc6eb274/call-UnmappedBamToAlignedBam/UnmappedBamToAlignedBam/4a1c33f3-cf3d-44bd-a4eb-bf4bb8fa4c5e/call-SplitRG/shard-0/SplitLargeReadGroup/fe27c5e0-9c12-4cc7-8978-b486720a16c5/call-SamToFastqAndDragmapAndMba/shard-13/inputs/-1290198700/hash_table.cmp dragen_reference
+ dragen-os -b /cromwell-executions/WholeGenomeGermlineSingleSample/3d34995f-bd8e-4e1e-88c8-95f2cc6eb274/call-UnmappedBamToAlignedBam/UnmappedBamToAlignedBam/4a1c33f3-cf3d-44bd-a4eb-bf4bb8fa4c5e/call-SplitRG/shard-0/SplitLargeReadGroup/fe27c5e0-9c12-4cc7-8978-b486720a16c5/call-SamToFastqAndDragmapAndMba/shard-13/inputs/-1047237686/shard_0014.bam -r dragen_reference --interleaved=1 --preserve-map-align-order true
+ samtools view -h -O BAM -
++ tee shard_0014.dragmap.stderr.log
2025-11-29 15:03:08 	[7592312757c0]	Version: UNKNOWN
2025-11-29 15:03:08 	[7592312757c0]	argc: 8 argv: dragen-os -b /cromwell-executions/WholeGenomeGermlineSingleSample/3d34995f-bd8e-4e1e-88c8-95f2cc6eb274/call-UnmappedBamToAlignedBam/UnmappedBamToAlignedBam/4a1c33f3-cf3d-44bd-a4eb-bf4bb8fa4c5e/call-SplitRG/shard-0/SplitLargeReadGroup/fe27c5e0-9c12-4cc7-8978-b486720a16c5/call-SamToFastqAndDragmapAndMba/shard-13/inputs/-1047237686/shard_0014.bam -r dragen_reference --interleaved=1 --preserve-map-align-order true
decompHashTableCtxInit...
  0.773 seconds
decompHashTableHeader...
  0.002 seconds
decompHashTableLiterals...
  1.732 seconds
decompHashTableExtIndex...
  0.057 seconds
decompHashTableAutoHits...
  12.668 seconds
decompHashTableSetFlags...
  1.254 seconds
finished decompress
Running fastq workflow on 64 threads. System supports 64 threads.
0	249	0	0	0	0	10000	1	40000	1	1000	0	0	0	6	
0	250	0	0	0	0	10000	1	40000	1	1000	0	0	0	5	
0	251	0	0	0	0	10000	1	40000	1	1000	0	0	0	4	
0	252	0	0	0	0	10000	1	40000	1	1000	0	0	0	3	
0	253	0	0	0	0	10000	1	40000	1	1000	0	0	0	2	
0	254	0	0	0	0	10000	1	40000	1	1000	0	0	0	1	
When maskLen < 15, the function ssw_align doesn't return 2nd best alignment information.
When maskLen < 15, the function ssw_align doesn't return 2nd best alignment information.
When maskLen < 15, the function ssw_align doesn't return 2nd best alignment information.
When maskL
Job SplitLargeReadGroup.SamToFastqAndDragmapAndMba:3:1 exited with return code 1 which has not been declared as a valid return code. See 'continueOnReturnCode' runtime attribute for more details.
Check the content of stderr for potential additional information: /mnt/nas1/projects/lasr/blendseq/warp-pipelines/warp-gatk-germline-single-sample-pipeline-master/tmp/1977401714735460022/cromwell-executions/WholeGenomeGermlineSingleSample/3d34995f-bd8e-4e1e-88c8-95f2cc6eb274/call-UnmappedBamToAlignedBam/UnmappedBamToAlignedBam/4a1c33f3-cf3d-44bd-a4eb-bf4bb8fa4c5e/call-SplitRG/shard-0/SplitLargeReadGroup/fe27c5e0-9c12-4cc7-8978-b486720a16c5/call-SamToFastqAndDragmapAndMba/shard-3/execution/stderr.
 [First 3000 bytes]:++ dragen-os --version
+ DRAGMAP_VERSION=UNKNOWN
+ '[' -z UNKNOWN ']'
+ mkdir dragen_reference
+ mv /cromwell-executions/WholeGenomeGermlineSingleSample/3d34995f-bd8e-4e1e-88c8-95f2cc6eb274/call-UnmappedBamToAlignedBam/UnmappedBamToAlignedBam/4a1c33f3-cf3d-44bd-a4eb-bf4bb8fa4c5e/call-SplitRG/shard-0/SplitLargeReadGroup/fe27c5e0-9c12-4cc7-8978-b486720a16c5/call-SamToFastqAndDragmapAndMba/shard-3/inputs/-1290198700/reference.bin /cromwell-executions/WholeGenomeGermlineSingleSample/3d34995f-bd8e-4e1e-88c8-95f2cc6eb274/call-UnmappedBamToAlignedBam/UnmappedBamToAlignedBam/4a1c33f3-cf3d-44bd-a4eb-bf4bb8fa4c5e/call-SplitRG/shard-0/SplitLargeReadGroup/fe27c5e0-9c12-4cc7-8978-b486720a16c5/call-SamToFastqAndDragmapAndMba/shard-3/inputs/-1290198700/hash_table.cfg.bin /cromwell-executions/WholeGenomeGermlineSingleSample/3d34995f-bd8e-4e1e-88c8-95f2cc6eb274/call-UnmappedBamToAlignedBam/UnmappedBamToAlignedBam/4a1c33f3-cf3d-44bd-a4eb-bf4bb8fa4c5e/call-SplitRG/shard-0/SplitLargeReadGroup/fe27c5e0-9c12-4cc7-8978-b486720a16c5/call-SamToFastqAndDragmapAndMba/shard-3/inputs/-1290198700/hash_table.cmp dragen_reference
+ dragen-os -b /cromwell-executions/WholeGenomeGermlineSingleSample/3d34995f-bd8e-4e1e-88c8-95f2cc6eb274/call-UnmappedBamToAlignedBam/UnmappedBamToAlignedBam/4a1c33f3-cf3d-44bd-a4eb-bf4bb8fa4c5e/call-SplitRG/shard-0/SplitLargeReadGroup/fe27c5e0-9c12-4cc7-8978-b486720a16c5/call-SamToFastqAndDragmapAndMba/shard-3/inputs/-1047237686/shard_0004.bam -r dragen_reference --interleaved=1 --preserve-map-align-order true
+ samtools view -h -O BAM -
++ tee shard_0004.dragmap.stderr.log
2025-11-29 15:04:08 	[7ced08be27c0]	Version: UNKNOWN
2025-11-29 15:04:08 	[7ced08be27c0]	argc: 8 argv: dragen-os -b /cromwell-executions/WholeGenomeGermlineSingleSample/3d34995f-bd8e-4e1e-88c8-95f2cc6eb274/call-UnmappedBamToAlignedBam/UnmappedBamToAlignedBam/4a1c33f3-cf3d-44bd-a4eb-bf4bb8fa4c5e/call-SplitRG/shard-0/SplitLargeReadGroup/fe27c5e0-9c12-4cc7-8978-b486720a16c5/call-SamToFastqAndDragmapAndMba/shard-3/inputs/-1047237686/shard_0004.bam -r dragen_reference --interleaved=1 --preserve-map-align-order true
decompHashTableCtxInit...
  0.776 seconds
decompHashTableHeader...
  0.002 seconds
decompHashTableLiterals...
  1.734 seconds
decompHashTableExtIndex...
  0.053 seconds
decompHashTableAutoHits...
  12.694 seconds
decompHashTableSetFlags...
  1.263 seconds
finished decompress
Running fastq workflow on 64 threads. System supports 64 threads.
0	249	0	0	0	0	10000	1	40000	1	1000	0	0	0	6	
0	250	0	0	0	0	10000	1	40000	1	1000	0	0	0	5	
0	251	0	0	0	0	10000	1	40000	1	1000	0	0	0	4	
0	252	0	0	0	0	10000	1	40000	1	1000	0	0	0	3	
0	253	0	0	0	0	10000	1	40000	1	1000	0	0	0	2	
0	254	0	0	0	0	10000	1	40000	1	1000	0	0	0	1	
0	0	227	266	310	270.635	63.7478	1	559	111	430	61726	63324	0	0	
Initial paired-end statistics detected for read group all, based on 61726 high quality pairs for FR orientation
        Quartiles (25 50 75) = 227 266 310
        Mean = 270.635
        Standard deviation = 63.7478
    
Job SplitLargeReadGroup.SamToFastqAndDragmapAndMba:33:1 exited with return code 1 which has not been declared as a valid return code. See 'continueOnReturnCode' runtime attribute for more details.
Check the content of stderr for potential additional information: /mnt/nas1/projects/lasr/blendseq/warp-pipelines/warp-gatk-germline-single-sample-pipeline-master/tmp/1977401714735460022/cromwell-executions/WholeGenomeGermlineSingleSample/3d34995f-bd8e-4e1e-88c8-95f2cc6eb274/call-UnmappedBamToAlignedBam/UnmappedBamToAlignedBam/4a1c33f3-cf3d-44bd-a4eb-bf4bb8fa4c5e/call-SplitRG/shard-0/SplitLargeReadGroup/fe27c5e0-9c12-4cc7-8978-b486720a16c5/call-SamToFastqAndDragmapAndMba/shard-33/execution/stderr.
 [First 3000 bytes]:++ dragen-os --version
+ DRAGMAP_VERSION=UNKNOWN
+ '[' -z UNKNOWN ']'
+ mkdir dragen_reference
+ mv /cromwell-executions/WholeGenomeGermlineSingleSample/3d34995f-bd8e-4e1e-88c8-95f2cc6eb274/call-UnmappedBamToAlignedBam/UnmappedBamToAlignedBam/4a1c33f3-cf3d-44bd-a4eb-bf4bb8fa4c5e/call-SplitRG/shard-0/SplitLargeReadGroup/fe27c5e0-9c12-4cc7-8978-b486720a16c5/call-SamToFastqAndDragmapAndMba/shard-33/inputs/-1290198700/reference.bin /cromwell-executions/WholeGenomeGermlineSingleSample/3d34995f-bd8e-4e1e-88c8-95f2cc6eb274/call-UnmappedBamToAlignedBam/UnmappedBamToAlignedBam/4a1c33f3-cf3d-44bd-a4eb-bf4bb8fa4c5e/call-SplitRG/shard-0/SplitLargeReadGroup/fe27c5e0-9c12-4cc7-8978-b486720a16c5/call-SamToFastqAndDragmapAndMba/shard-33/inputs/-1290198700/hash_table.cfg.bin /cromwell-executions/WholeGenomeGermlineSingleSample/3d34995f-bd8e-4e1e-88c8-95f2cc6eb274/call-UnmappedBamToAlignedBam/UnmappedBamToAlignedBam/4a1c33f3-cf3d-44bd-a4eb-bf4bb8fa4c5e/call-SplitRG/shard-0/SplitLargeReadGroup/fe27c5e0-9c12-4cc7-8978-b486720a16c5/call-SamToFastqAndDragmapAndMba/shard-33/inputs/-1290198700/hash_table.cmp dragen_reference
+ dragen-os -b /cromwell-executions/WholeGenomeGermlineSingleSample/3d34995f-bd8e-4e1e-88c8-95f2cc6eb274/call-UnmappedBamToAlignedBam/UnmappedBamToAlignedBam/4a1c33f3-cf3d-44bd-a4eb-bf4bb8fa4c5e/call-SplitRG/shard-0/SplitLargeReadGroup/fe27c5e0-9c12-4cc7-8978-b486720a16c5/call-SamToFastqAndDragmapAndMba/shard-33/inputs/-1047237686/shard_0034.bam -r dragen_reference --interleaved=1 --preserve-map-align-order true
+ samtools view -h -O BAM -
++ tee shard_0034.dragmap.stderr.log
2025-11-29 14:48:26 	[72f98ebd97c0]	Version: UNKNOWN
2025-11-29 14:48:26 	[72f98ebd97c0]	argc: 8 argv: dragen-os -b /cromwell-executions/WholeGenomeGermlineSingleSample/3d34995f-bd8e-4e1e-88c8-95f2cc6eb274/call-UnmappedBamToAlignedBam/UnmappedBamToAlignedBam/4a1c33f3-cf3d-44bd-a4eb-bf4bb8fa4c5e/call-SplitRG/shard-0/SplitLargeReadGroup/fe27c5e0-9c12-4cc7-8978-b486720a16c5/call-SamToFastqAndDragmapAndMba/shard-33/inputs/-1047237686/shard_0034.bam -r dragen_reference --interleaved=1 --preserve-map-align-order true
decompHashTableCtxInit...
  0.780 seconds
decompHashTableHeader...
  0.001 seconds
decompHashTableLiterals...
  1.700 seconds
decompHashTableExtIndex...
  0.033 seconds
decompHashTableAutoHits...
  12.596 seconds
decompHashTableSetFlags...
  1.265 seconds
finished decompress
Running fastq workflow on 64 threads. System supports 64 threads.
0	249	0	0	0	0	10000	1	40000	1	1000	0	0	0	6	
0	250	0	0	0	0	10000	1	40000	1	1000	0	0	0	5	
0	251	0	0	0	0	10000	1	40000	1	1000	0	0	0	4	
0	252	0	0	0	0	10000	1	40000	1	1000	0	0	0	3	
0	253	0	0	0	0	10000	1	40000	1	1000	0	0	0	2	
0	254	0	0	0	0	10000	1	40000	1	1000	0	0	0	1	
0	0	229	301	413	330.042	134.007	1	965	1	665	9702	9854	0	0	
Initial paired-end statistics detected for read group all, based on 9702 high quality pairs for FR orientation
        Quartiles (25 50 75) = 229 301 413
        Mean = 330.042
        Standard deviation = 134.007
    
Job SplitLargeReadGroup.SamToFastqAndDragmapAndMba:26:1 exited with return code 1 which has not been declared as a valid return code. See 'continueOnReturnCode' runtime attribute for more details.
Check the content of stderr for potential additional information: /mnt/nas1/projects/lasr/blendseq/warp-pipelines/warp-gatk-germline-single-sample-pipeline-master/tmp/1977401714735460022/cromwell-executions/WholeGenomeGermlineSingleSample/3d34995f-bd8e-4e1e-88c8-95f2cc6eb274/call-UnmappedBamToAlignedBam/UnmappedBamToAlignedBam/4a1c33f3-cf3d-44bd-a4eb-bf4bb8fa4c5e/call-SplitRG/shard-0/SplitLargeReadGroup/fe27c5e0-9c12-4cc7-8978-b486720a16c5/call-SamToFastqAndDragmapAndMba/shard-26/execution/stderr.
 [First 3000 bytes]:++ dragen-os --version
+ DRAGMAP_VERSION=UNKNOWN
+ '[' -z UNKNOWN ']'
+ mkdir dragen_reference
+ mv /cromwell-executions/WholeGenomeGermlineSingleSample/3d34995f-bd8e-4e1e-88c8-95f2cc6eb274/call-UnmappedBamToAlignedBam/UnmappedBamToAlignedBam/4a1c33f3-cf3d-44bd-a4eb-bf4bb8fa4c5e/call-SplitRG/shard-0/SplitLargeReadGroup/fe27c5e0-9c12-4cc7-8978-b486720a16c5/call-SamToFastqAndDragmapAndMba/shard-26/inputs/-1290198700/reference.bin /cromwell-executions/WholeGenomeGermlineSingleSample/3d34995f-bd8e-4e1e-88c8-95f2cc6eb274/call-UnmappedBamToAlignedBam/UnmappedBamToAlignedBam/4a1c33f3-cf3d-44bd-a4eb-bf4bb8fa4c5e/call-SplitRG/shard-0/SplitLargeReadGroup/fe27c5e0-9c12-4cc7-8978-b486720a16c5/call-SamToFastqAndDragmapAndMba/shard-26/inputs/-1290198700/hash_table.cfg.bin /cromwell-executions/WholeGenomeGermlineSingleSample/3d34995f-bd8e-4e1e-88c8-95f2cc6eb274/call-UnmappedBamToAlignedBam/UnmappedBamToAlignedBam/4a1c33f3-cf3d-44bd-a4eb-bf4bb8fa4c5e/call-SplitRG/shard-0/SplitLargeReadGroup/fe27c5e0-9c12-4cc7-8978-b486720a16c5/call-SamToFastqAndDragmapAndMba/shard-26/inputs/-1290198700/hash_table.cmp dragen_reference
+ dragen-os -b /cromwell-executions/WholeGenomeGermlineSingleSample/3d34995f-bd8e-4e1e-88c8-95f2cc6eb274/call-UnmappedBamToAlignedBam/UnmappedBamToAlignedBam/4a1c33f3-cf3d-44bd-a4eb-bf4bb8fa4c5e/call-SplitRG/shard-0/SplitLargeReadGroup/fe27c5e0-9c12-4cc7-8978-b486720a16c5/call-SamToFastqAndDragmapAndMba/shard-26/inputs/-1047237686/shard_0027.bam -r dragen_reference --interleaved=1 --preserve-map-align-order true
+ samtools view -h -O BAM -
++ tee shard_0027.dragmap.stderr.log
2025-11-29 14:50:15 	[721c80d8c7c0]	Version: UNKNOWN
2025-11-29 14:50:15 	[721c80d8c7c0]	argc: 8 argv: dragen-os -b /cromwell-executions/WholeGenomeGermlineSingleSample/3d34995f-bd8e-4e1e-88c8-95f2cc6eb274/call-UnmappedBamToAlignedBam/UnmappedBamToAlignedBam/4a1c33f3-cf3d-44bd-a4eb-bf4bb8fa4c5e/call-SplitRG/shard-0/SplitLargeReadGroup/fe27c5e0-9c12-4cc7-8978-b486720a16c5/call-SamToFastqAndDragmapAndMba/shard-26/inputs/-1047237686/shard_0027.bam -r dragen_reference --interleaved=1 --preserve-map-align-order true
decompHashTableCtxInit...
  0.779 seconds
decompHashTableHeader...
  0.002 seconds
decompHashTableLiterals...
  1.739 seconds
decompHashTableExtIndex...
  0.054 seconds
decompHashTableAutoHits...
  12.669 seconds
decompHashTableSetFlags...
  1.263 seconds
finished decompress
Running fastq workflow on 64 threads. System supports 64 threads.
0	249	0	0	0	0	10000	1	40000	1	1000	0	0	0	6	
0	250	0	0	0	0	10000	1	40000	1	1000	0	0	0	5	
0	251	0	0	0	0	10000	1	40000	1	1000	0	0	0	4	
0	252	0	0	0	0	10000	1	40000	1	1000	0	0	0	3	
0	253	0	0	0	0	10000	1	40000	1	1000	0	0	0	2	
0	254	0	0	0	0	10000	1	40000	1	1000	0	0	0	1	
When maskLen < 15, the function ssw_align doesn't return 2nd best alignment information.
When maskLen < 15, the function ssw_align doesn't return 2nd best alignment information.
When maskLen < 15, the function ssw_align doesn't return 2nd best alignment information.
When maskL
Job SplitLargeReadGroup.SamToFastqAndDragmapAndMba:22:1 exited with return code 1 which has not been declared as a valid return code. See 'continueOnReturnCode' runtime attribute for more details.
Check the content of stderr for potential additional information: /mnt/nas1/projects/lasr/blendseq/warp-pipelines/warp-gatk-germline-single-sample-pipeline-master/tmp/1977401714735460022/cromwell-executions/WholeGenomeGermlineSingleSample/3d34995f-bd8e-4e1e-88c8-95f2cc6eb274/call-UnmappedBamToAlignedBam/UnmappedBamToAlignedBam/4a1c33f3-cf3d-44bd-a4eb-bf4bb8fa4c5e/call-SplitRG/shard-0/SplitLargeReadGroup/fe27c5e0-9c12-4cc7-8978-b486720a16c5/call-SamToFastqAndDragmapAndMba/shard-22/execution/stderr.
 [First 3000 bytes]:++ dragen-os --version
+ DRAGMAP_VERSION=UNKNOWN
+ '[' -z UNKNOWN ']'
+ mkdir dragen_reference
+ mv /cromwell-executions/WholeGenomeGermlineSingleSample/3d34995f-bd8e-4e1e-88c8-95f2cc6eb274/call-UnmappedBamToAlignedBam/UnmappedBamToAlignedBam/4a1c33f3-cf3d-44bd-a4eb-bf4bb8fa4c5e/call-SplitRG/shard-0/SplitLargeReadGroup/fe27c5e0-9c12-4cc7-8978-b486720a16c5/call-SamToFastqAndDragmapAndMba/shard-22/inputs/-1290198700/reference.bin /cromwell-executions/WholeGenomeGermlineSingleSample/3d34995f-bd8e-4e1e-88c8-95f2cc6eb274/call-UnmappedBamToAlignedBam/UnmappedBamToAlignedBam/4a1c33f3-cf3d-44bd-a4eb-bf4bb8fa4c5e/call-SplitRG/shard-0/SplitLargeReadGroup/fe27c5e0-9c12-4cc7-8978-b486720a16c5/call-SamToFastqAndDragmapAndMba/shard-22/inputs/-1290198700/hash_table.cfg.bin /cromwell-executions/WholeGenomeGermlineSingleSample/3d34995f-bd8e-4e1e-88c8-95f2cc6eb274/call-UnmappedBamToAlignedBam/UnmappedBamToAlignedBam/4a1c33f3-cf3d-44bd-a4eb-bf4bb8fa4c5e/call-SplitRG/shard-0/SplitLargeReadGroup/fe27c5e0-9c12-4cc7-8978-b486720a16c5/call-SamToFastqAndDragmapAndMba/shard-22/inputs/-1290198700/hash_table.cmp dragen_reference
+ dragen-os -b /cromwell-executions/WholeGenomeGermlineSingleSample/3d34995f-bd8e-4e1e-88c8-95f2cc6eb274/call-UnmappedBamToAlignedBam/UnmappedBamToAlignedBam/4a1c33f3-cf3d-44bd-a4eb-bf4bb8fa4c5e/call-SplitRG/shard-0/SplitLargeReadGroup/fe27c5e0-9c12-4cc7-8978-b486720a16c5/call-SamToFastqAndDragmapAndMba/shard-22/inputs/-1047237686/shard_0023.bam -r dragen_reference --interleaved=1 --preserve-map-align-order true
+ samtools view -h -O BAM -
++ tee shard_0023.dragmap.stderr.log
2025-11-29 14:56:45 	[73d389bc67c0]	Version: UNKNOWN
2025-11-29 14:56:45 	[73d389bc67c0]	argc: 8 argv: dragen-os -b /cromwell-executions/WholeGenomeGermlineSingleSample/3d34995f-bd8e-4e1e-88c8-95f2cc6eb274/call-UnmappedBamToAlignedBam/UnmappedBamToAlignedBam/4a1c33f3-cf3d-44bd-a4eb-bf4bb8fa4c5e/call-SplitRG/shard-0/SplitLargeReadGroup/fe27c5e0-9c12-4cc7-8978-b486720a16c5/call-SamToFastqAndDragmapAndMba/shard-22/inputs/-1047237686/shard_0023.bam -r dragen_reference --interleaved=1 --preserve-map-align-order true
decompHashTableCtxInit...
  0.782 seconds
decompHashTableHeader...
  0.002 seconds
decompHashTableLiterals...
  1.711 seconds
decompHashTableExtIndex...
  0.049 seconds
decompHashTableAutoHits...
  12.699 seconds
decompHashTableSetFlags...
  1.271 seconds
finished decompress
Running fastq workflow on 64 threads. System supports 64 threads.
0	249	0	0	0	0	10000	1	40000	1	1000	0	0	0	6	
0	250	0	0	0	0	10000	1	40000	1	1000	0	0	0	5	
0	251	0	0	0	0	10000	1	40000	1	1000	0	0	0	4	
0	252	0	0	0	0	10000	1	40000	1	1000	0	0	0	3	
0	253	0	0	0	0	10000	1	40000	1	1000	0	0	0	2	
0	254	0	0	0	0	10000	1	40000	1	1000	0	0	0	1	
When maskLen < 15, the function ssw_align doesn't return 2nd best alignment information.
When maskLen < 15, the function ssw_align doesn't return 2nd best alignment information.
When maskLen < 15, the function ssw_align doesn't return 2nd best alignment information.
When maskL
Job SplitLargeReadGroup.SamToFastqAndDragmapAndMba:11:1 exited with return code 1 which has not been declared as a valid return code. See 'continueOnReturnCode' runtime attribute for more details.
Check the content of stderr for potential additional information: /mnt/nas1/projects/lasr/blendseq/warp-pipelines/warp-gatk-germline-single-sample-pipeline-master/tmp/1977401714735460022/cromwell-executions/WholeGenomeGermlineSingleSample/3d34995f-bd8e-4e1e-88c8-95f2cc6eb274/call-UnmappedBamToAlignedBam/UnmappedBamToAlignedBam/4a1c33f3-cf3d-44bd-a4eb-bf4bb8fa4c5e/call-SplitRG/shard-0/SplitLargeReadGroup/fe27c5e0-9c12-4cc7-8978-b486720a16c5/call-SamToFastqAndDragmapAndMba/shard-11/execution/stderr.
 [First 3000 bytes]:++ dragen-os --version
+ DRAGMAP_VERSION=UNKNOWN
+ '[' -z UNKNOWN ']'
+ mkdir dragen_reference
+ mv /cromwell-executions/WholeGenomeGermlineSingleSample/3d34995f-bd8e-4e1e-88c8-95f2cc6eb274/call-UnmappedBamToAlignedBam/UnmappedBamToAlignedBam/4a1c33f3-cf3d-44bd-a4eb-bf4bb8fa4c5e/call-SplitRG/shard-0/SplitLargeReadGroup/fe27c5e0-9c12-4cc7-8978-b486720a16c5/call-SamToFastqAndDragmapAndMba/shard-11/inputs/-1290198700/reference.bin /cromwell-executions/WholeGenomeGermlineSingleSample/3d34995f-bd8e-4e1e-88c8-95f2cc6eb274/call-UnmappedBamToAlignedBam/UnmappedBamToAlignedBam/4a1c33f3-cf3d-44bd-a4eb-bf4bb8fa4c5e/call-SplitRG/shard-0/SplitLargeReadGroup/fe27c5e0-9c12-4cc7-8978-b486720a16c5/call-SamToFastqAndDragmapAndMba/shard-11/inputs/-1290198700/hash_table.cfg.bin /cromwell-executions/WholeGenomeGermlineSingleSample/3d34995f-bd8e-4e1e-88c8-95f2cc6eb274/call-UnmappedBamToAlignedBam/UnmappedBamToAlignedBam/4a1c33f3-cf3d-44bd-a4eb-bf4bb8fa4c5e/call-SplitRG/shard-0/SplitLargeReadGroup/fe27c5e0-9c12-4cc7-8978-b486720a16c5/call-SamToFastqAndDragmapAndMba/shard-11/inputs/-1290198700/hash_table.cmp dragen_reference
+ dragen-os -b /cromwell-executions/WholeGenomeGermlineSingleSample/3d34995f-bd8e-4e1e-88c8-95f2cc6eb274/call-UnmappedBamToAlignedBam/UnmappedBamToAlignedBam/4a1c33f3-cf3d-44bd-a4eb-bf4bb8fa4c5e/call-SplitRG/shard-0/SplitLargeReadGroup/fe27c5e0-9c12-4cc7-8978-b486720a16c5/call-SamToFastqAndDragmapAndMba/shard-11/inputs/-1047237686/shard_0012.bam -r dragen_reference --interleaved=1 --preserve-map-align-order true
+ samtools view -h -O BAM -
++ tee shard_0012.dragmap.stderr.log
2025-11-29 14:57:37 	[7c3c8e9c87c0]	Version: UNKNOWN
2025-11-29 14:57:37 	[7c3c8e9c87c0]	argc: 8 argv: dragen-os -b /cromwell-executions/WholeGenomeGermlineSingleSample/3d34995f-bd8e-4e1e-88c8-95f2cc6eb274/call-UnmappedBamToAlignedBam/UnmappedBamToAlignedBam/4a1c33f3-cf3d-44bd-a4eb-bf4bb8fa4c5e/call-SplitRG/shard-0/SplitLargeReadGroup/fe27c5e0-9c12-4cc7-8978-b486720a16c5/call-SamToFastqAndDragmapAndMba/shard-11/inputs/-1047237686/shard_0012.bam -r dragen_reference --interleaved=1 --preserve-map-align-order true
decompHashTableCtxInit...
  0.773 seconds
decompHashTableHeader...
  0.002 seconds
decompHashTableLiterals...
  1.733 seconds
decompHashTableExtIndex...
  0.055 seconds
decompHashTableAutoHits...
  12.731 seconds
decompHashTableSetFlags...
  1.265 seconds
finished decompress
Running fastq workflow on 64 threads. System supports 64 threads.
0	249	0	0	0	0	10000	1	40000	1	1000	0	0	0	6	
0	250	0	0	0	0	10000	1	40000	1	1000	0	0	0	5	
0	251	0	0	0	0	10000	1	40000	1	1000	0	0	0	4	
0	252	0	0	0	0	10000	1	40000	1	1000	0	0	0	3	
0	253	0	0	0	0	10000	1	40000	1	1000	0	0	0	2	
0	254	0	0	0	0	10000	1	40000	1	1000	0	0	0	1	
When maskLen < 15, the function ssw_align doesn't return 2nd best alignment information.
When maskLen < 15, the function ssw_align doesn't return 2nd best alignment information.
When maskLen < 15, the function ssw_align doesn't return 2nd best alignment information.
When maskL
Job SplitLargeReadGroup.SamToFastqAndDragmapAndMba:5:1 exited with return code 1 which has not been declared as a valid return code. See 'continueOnReturnCode' runtime attribute for more details.
Check the content of stderr for potential additional information: /mnt/nas1/projects/lasr/blendseq/warp-pipelines/warp-gatk-germline-single-sample-pipeline-master/tmp/1977401714735460022/cromwell-executions/WholeGenomeGermlineSingleSample/3d34995f-bd8e-4e1e-88c8-95f2cc6eb274/call-UnmappedBamToAlignedBam/UnmappedBamToAlignedBam/4a1c33f3-cf3d-44bd-a4eb-bf4bb8fa4c5e/call-SplitRG/shard-0/SplitLargeReadGroup/fe27c5e0-9c12-4cc7-8978-b486720a16c5/call-SamToFastqAndDragmapAndMba/shard-5/execution/stderr.
 [First 3000 bytes]:++ dragen-os --version
+ DRAGMAP_VERSION=UNKNOWN
+ '[' -z UNKNOWN ']'
+ mkdir dragen_reference
+ mv /cromwell-executions/WholeGenomeGermlineSingleSample/3d34995f-bd8e-4e1e-88c8-95f2cc6eb274/call-UnmappedBamToAlignedBam/UnmappedBamToAlignedBam/4a1c33f3-cf3d-44bd-a4eb-bf4bb8fa4c5e/call-SplitRG/shard-0/SplitLargeReadGroup/fe27c5e0-9c12-4cc7-8978-b486720a16c5/call-SamToFastqAndDragmapAndMba/shard-5/inputs/-1290198700/reference.bin /cromwell-executions/WholeGenomeGermlineSingleSample/3d34995f-bd8e-4e1e-88c8-95f2cc6eb274/call-UnmappedBamToAlignedBam/UnmappedBamToAlignedBam/4a1c33f3-cf3d-44bd-a4eb-bf4bb8fa4c5e/call-SplitRG/shard-0/SplitLargeReadGroup/fe27c5e0-9c12-4cc7-8978-b486720a16c5/call-SamToFastqAndDragmapAndMba/shard-5/inputs/-1290198700/hash_table.cfg.bin /cromwell-executions/WholeGenomeGermlineSingleSample/3d34995f-bd8e-4e1e-88c8-95f2cc6eb274/call-UnmappedBamToAlignedBam/UnmappedBamToAlignedBam/4a1c33f3-cf3d-44bd-a4eb-bf4bb8fa4c5e/call-SplitRG/shard-0/SplitLargeReadGroup/fe27c5e0-9c12-4cc7-8978-b486720a16c5/call-SamToFastqAndDragmapAndMba/shard-5/inputs/-1290198700/hash_table.cmp dragen_reference
+ dragen-os -b /cromwell-executions/WholeGenomeGermlineSingleSample/3d34995f-bd8e-4e1e-88c8-95f2cc6eb274/call-UnmappedBamToAlignedBam/UnmappedBamToAlignedBam/4a1c33f3-cf3d-44bd-a4eb-bf4bb8fa4c5e/call-SplitRG/shard-0/SplitLargeReadGroup/fe27c5e0-9c12-4cc7-8978-b486720a16c5/call-SamToFastqAndDragmapAndMba/shard-5/inputs/-1047237686/shard_0006.bam -r dragen_reference --interleaved=1 --preserve-map-align-order true
+ samtools view -h -O BAM -
++ tee shard_0006.dragmap.stderr.log
2025-11-29 14:58:38 	[7e622b7027c0]	Version: UNKNOWN
2025-11-29 14:58:38 	[7e622b7027c0]	argc: 8 argv: dragen-os -b /cromwell-executions/WholeGenomeGermlineSingleSample/3d34995f-bd8e-4e1e-88c8-95f2cc6eb274/call-UnmappedBamToAlignedBam/UnmappedBamToAlignedBam/4a1c33f3-cf3d-44bd-a4eb-bf4bb8fa4c5e/call-SplitRG/shard-0/SplitLargeReadGroup/fe27c5e0-9c12-4cc7-8978-b486720a16c5/call-SamToFastqAndDragmapAndMba/shard-5/inputs/-1047237686/shard_0006.bam -r dragen_reference --interleaved=1 --preserve-map-align-order true
decompHashTableCtxInit...
  0.785 seconds
decompHashTableHeader...
  0.002 seconds
decompHashTableLiterals...
  1.710 seconds
decompHashTableExtIndex...
  0.049 seconds
decompHashTableAutoHits...
  12.688 seconds
decompHashTableSetFlags...
  1.271 seconds
finished decompress
Running fastq workflow on 64 threads. System supports 64 threads.
0	249	0	0	0	0	10000	1	40000	1	1000	0	0	0	6	
0	250	0	0	0	0	10000	1	40000	1	1000	0	0	0	5	
0	251	0	0	0	0	10000	1	40000	1	1000	0	0	0	4	
0	252	0	0	0	0	10000	1	40000	1	1000	0	0	0	3	
0	253	0	0	0	0	10000	1	40000	1	1000	0	0	0	2	
0	254	0	0	0	0	10000	1	40000	1	1000	0	0	0	1	
When maskLen < 15, the function ssw_align doesn't return 2nd best alignment information.
When maskLen < 15, the function ssw_align doesn't return 2nd best alignment information.
0	0	228	300	412	327.978	134.367	1	964	1	664	78086	79812	0	0	
Initial paired-end statistics detected for 
Job SplitLargeReadGroup.SamToFastqAndDragmapAndMba:15:1 exited with return code 1 which has not been declared as a valid return code. See 'continueOnReturnCode' runtime attribute for more details.
Check the content of stderr for potential additional information: /mnt/nas1/projects/lasr/blendseq/warp-pipelines/warp-gatk-germline-single-sample-pipeline-master/tmp/1977401714735460022/cromwell-executions/WholeGenomeGermlineSingleSample/3d34995f-bd8e-4e1e-88c8-95f2cc6eb274/call-UnmappedBamToAlignedBam/UnmappedBamToAlignedBam/4a1c33f3-cf3d-44bd-a4eb-bf4bb8fa4c5e/call-SplitRG/shard-0/SplitLargeReadGroup/fe27c5e0-9c12-4cc7-8978-b486720a16c5/call-SamToFastqAndDragmapAndMba/shard-15/execution/stderr.
 [First 3000 bytes]:++ dragen-os --version
+ DRAGMAP_VERSION=UNKNOWN
+ '[' -z UNKNOWN ']'
+ mkdir dragen_reference
+ mv /cromwell-executions/WholeGenomeGermlineSingleSample/3d34995f-bd8e-4e1e-88c8-95f2cc6eb274/call-UnmappedBamToAlignedBam/UnmappedBamToAlignedBam/4a1c33f3-cf3d-44bd-a4eb-bf4bb8fa4c5e/call-SplitRG/shard-0/SplitLargeReadGroup/fe27c5e0-9c12-4cc7-8978-b486720a16c5/call-SamToFastqAndDragmapAndMba/shard-15/inputs/-1290198700/reference.bin /cromwell-executions/WholeGenomeGermlineSingleSample/3d34995f-bd8e-4e1e-88c8-95f2cc6eb274/call-UnmappedBamToAlignedBam/UnmappedBamToAlignedBam/4a1c33f3-cf3d-44bd-a4eb-bf4bb8fa4c5e/call-SplitRG/shard-0/SplitLargeReadGroup/fe27c5e0-9c12-4cc7-8978-b486720a16c5/call-SamToFastqAndDragmapAndMba/shard-15/inputs/-1290198700/hash_table.cfg.bin /cromwell-executions/WholeGenomeGermlineSingleSample/3d34995f-bd8e-4e1e-88c8-95f2cc6eb274/call-UnmappedBamToAlignedBam/UnmappedBamToAlignedBam/4a1c33f3-cf3d-44bd-a4eb-bf4bb8fa4c5e/call-SplitRG/shard-0/SplitLargeReadGroup/fe27c5e0-9c12-4cc7-8978-b486720a16c5/call-SamToFastqAndDragmapAndMba/shard-15/inputs/-1290198700/hash_table.cmp dragen_reference
+ dragen-os -b /cromwell-executions/WholeGenomeGermlineSingleSample/3d34995f-bd8e-4e1e-88c8-95f2cc6eb274/call-UnmappedBamToAlignedBam/UnmappedBamToAlignedBam/4a1c33f3-cf3d-44bd-a4eb-bf4bb8fa4c5e/call-SplitRG/shard-0/SplitLargeReadGroup/fe27c5e0-9c12-4cc7-8978-b486720a16c5/call-SamToFastqAndDragmapAndMba/shard-15/inputs/-1047237686/shard_0016.bam -r dragen_reference --interleaved=1 --preserve-map-align-order true
+ samtools view -h -O BAM -
++ tee shard_0016.dragmap.stderr.log
2025-11-29 14:59:39 	[7289e6a3b7c0]	Version: UNKNOWN
2025-11-29 14:59:39 	[7289e6a3b7c0]	argc: 8 argv: dragen-os -b /cromwell-executions/WholeGenomeGermlineSingleSample/3d34995f-bd8e-4e1e-88c8-95f2cc6eb274/call-UnmappedBamToAlignedBam/UnmappedBamToAlignedBam/4a1c33f3-cf3d-44bd-a4eb-bf4bb8fa4c5e/call-SplitRG/shard-0/SplitLargeReadGroup/fe27c5e0-9c12-4cc7-8978-b486720a16c5/call-SamToFastqAndDragmapAndMba/shard-15/inputs/-1047237686/shard_0016.bam -r dragen_reference --interleaved=1 --preserve-map-align-order true
decompHashTableCtxInit...
  0.982 seconds
decompHashTableHeader...
  0.002 seconds
decompHashTableLiterals...
  1.739 seconds
decompHashTableExtIndex...
  0.056 seconds
decompHashTableAutoHits...
  12.685 seconds
decompHashTableSetFlags...
  1.281 seconds
finished decompress
Running fastq workflow on 64 threads. System supports 64 threads.
0	249	0	0	0	0	10000	1	40000	1	1000	0	0	0	6	
0	250	0	0	0	0	10000	1	40000	1	1000	0	0	0	5	
0	251	0	0	0	0	10000	1	40000	1	1000	0	0	0	4	
0	252	0	0	0	0	10000	1	40000	1	1000	0	0	0	3	
0	253	0	0	0	0	10000	1	40000	1	1000	0	0	0	2	
0	254	0	0	0	0	10000	1	40000	1	1000	0	0	0	1	
When maskLen < 15, the function ssw_align doesn't return 2nd best alignment information.
When maskLen < 15, the function ssw_align doesn't return 2nd best alignment information.
When maskLen < 15, the function ssw_align doesn't return 2nd best alignment information.
When maskL
Job SplitLargeReadGroup.SamToFastqAndDragmapAndMba:2:1 exited with return code 1 which has not been declared as a valid return code. See 'continueOnReturnCode' runtime attribute for more details.
Check the content of stderr for potential additional information: /mnt/nas1/projects/lasr/blendseq/warp-pipelines/warp-gatk-germline-single-sample-pipeline-master/tmp/1977401714735460022/cromwell-executions/WholeGenomeGermlineSingleSample/3d34995f-bd8e-4e1e-88c8-95f2cc6eb274/call-UnmappedBamToAlignedBam/UnmappedBamToAlignedBam/4a1c33f3-cf3d-44bd-a4eb-bf4bb8fa4c5e/call-SplitRG/shard-0/SplitLargeReadGroup/fe27c5e0-9c12-4cc7-8978-b486720a16c5/call-SamToFastqAndDragmapAndMba/shard-2/execution/stderr.
 [First 3000 bytes]:++ dragen-os --version
+ DRAGMAP_VERSION=UNKNOWN
+ '[' -z UNKNOWN ']'
+ mkdir dragen_reference
+ mv /cromwell-executions/WholeGenomeGermlineSingleSample/3d34995f-bd8e-4e1e-88c8-95f2cc6eb274/call-UnmappedBamToAlignedBam/UnmappedBamToAlignedBam/4a1c33f3-cf3d-44bd-a4eb-bf4bb8fa4c5e/call-SplitRG/shard-0/SplitLargeReadGroup/fe27c5e0-9c12-4cc7-8978-b486720a16c5/call-SamToFastqAndDragmapAndMba/shard-2/inputs/-1290198700/reference.bin /cromwell-executions/WholeGenomeGermlineSingleSample/3d34995f-bd8e-4e1e-88c8-95f2cc6eb274/call-UnmappedBamToAlignedBam/UnmappedBamToAlignedBam/4a1c33f3-cf3d-44bd-a4eb-bf4bb8fa4c5e/call-SplitRG/shard-0/SplitLargeReadGroup/fe27c5e0-9c12-4cc7-8978-b486720a16c5/call-SamToFastqAndDragmapAndMba/shard-2/inputs/-1290198700/hash_table.cfg.bin /cromwell-executions/WholeGenomeGermlineSingleSample/3d34995f-bd8e-4e1e-88c8-95f2cc6eb274/call-UnmappedBamToAlignedBam/UnmappedBamToAlignedBam/4a1c33f3-cf3d-44bd-a4eb-bf4bb8fa4c5e/call-SplitRG/shard-0/SplitLargeReadGroup/fe27c5e0-9c12-4cc7-8978-b486720a16c5/call-SamToFastqAndDragmapAndMba/shard-2/inputs/-1290198700/hash_table.cmp dragen_reference
+ dragen-os -b /cromwell-executions/WholeGenomeGermlineSingleSample/3d34995f-bd8e-4e1e-88c8-95f2cc6eb274/call-UnmappedBamToAlignedBam/UnmappedBamToAlignedBam/4a1c33f3-cf3d-44bd-a4eb-bf4bb8fa4c5e/call-SplitRG/shard-0/SplitLargeReadGroup/fe27c5e0-9c12-4cc7-8978-b486720a16c5/call-SamToFastqAndDragmapAndMba/shard-2/inputs/-1047237686/shard_0003.bam -r dragen_reference --interleaved=1 --preserve-map-align-order true
+ samtools view -h -O BAM -
++ tee shard_0003.dragmap.stderr.log
2025-11-29 15:05:19 	[76a3561e57c0]	Version: UNKNOWN
2025-11-29 15:05:19 	[76a3561e57c0]	argc: 8 argv: dragen-os -b /cromwell-executions/WholeGenomeGermlineSingleSample/3d34995f-bd8e-4e1e-88c8-95f2cc6eb274/call-UnmappedBamToAlignedBam/UnmappedBamToAlignedBam/4a1c33f3-cf3d-44bd-a4eb-bf4bb8fa4c5e/call-SplitRG/shard-0/SplitLargeReadGroup/fe27c5e0-9c12-4cc7-8978-b486720a16c5/call-SamToFastqAndDragmapAndMba/shard-2/inputs/-1047237686/shard_0003.bam -r dragen_reference --interleaved=1 --preserve-map-align-order true
decompHashTableCtxInit...
  0.787 seconds
decompHashTableHeader...
  0.002 seconds
decompHashTableLiterals...
  1.729 seconds
decompHashTableExtIndex...
  0.054 seconds
decompHashTableAutoHits...
  12.624 seconds
decompHashTableSetFlags...
  1.260 seconds
finished decompress
Running fastq workflow on 64 threads. System supports 64 threads.
0	249	0	0	0	0	10000	1	40000	1	1000	0	0	0	6	
0	250	0	0	0	0	10000	1	40000	1	1000	0	0	0	5	
0	251	0	0	0	0	10000	1	40000	1	1000	0	0	0	4	
0	252	0	0	0	0	10000	1	40000	1	1000	0	0	0	3	
0	253	0	0	0	0	10000	1	40000	1	1000	0	0	0	2	
0	254	0	0	0	0	10000	1	40000	1	1000	0	0	0	1	
When maskLen < 15, the function ssw_align doesn't return 2nd best alignment information.
When maskLen < 15, the function ssw_align doesn't return 2nd best alignment information.
0	0	230	302	410	330.376	132.988	1	950	1	663	95718	96666	0	0	
Initial paired-end statistics detected for 
Job SplitLargeReadGroup.SamToFastqAndDragmapAndMba:0:1 exited with return code 1 which has not been declared as a valid return code. See 'continueOnReturnCode' runtime attribute for more details.
Check the content of stderr for potential additional information: /mnt/nas1/projects/lasr/blendseq/warp-pipelines/warp-gatk-germline-single-sample-pipeline-master/tmp/1977401714735460022/cromwell-executions/WholeGenomeGermlineSingleSample/3d34995f-bd8e-4e1e-88c8-95f2cc6eb274/call-UnmappedBamToAlignedBam/UnmappedBamToAlignedBam/4a1c33f3-cf3d-44bd-a4eb-bf4bb8fa4c5e/call-SplitRG/shard-0/SplitLargeReadGroup/fe27c5e0-9c12-4cc7-8978-b486720a16c5/call-SamToFastqAndDragmapAndMba/shard-0/execution/stderr.
 [First 3000 bytes]:++ dragen-os --version
+ DRAGMAP_VERSION=UNKNOWN
+ '[' -z UNKNOWN ']'
+ mkdir dragen_reference
+ mv /cromwell-executions/WholeGenomeGermlineSingleSample/3d34995f-bd8e-4e1e-88c8-95f2cc6eb274/call-UnmappedBamToAlignedBam/UnmappedBamToAlignedBam/4a1c33f3-cf3d-44bd-a4eb-bf4bb8fa4c5e/call-SplitRG/shard-0/SplitLargeReadGroup/fe27c5e0-9c12-4cc7-8978-b486720a16c5/call-SamToFastqAndDragmapAndMba/shard-0/inputs/-1290198700/reference.bin /cromwell-executions/WholeGenomeGermlineSingleSample/3d34995f-bd8e-4e1e-88c8-95f2cc6eb274/call-UnmappedBamToAlignedBam/UnmappedBamToAlignedBam/4a1c33f3-cf3d-44bd-a4eb-bf4bb8fa4c5e/call-SplitRG/shard-0/SplitLargeReadGroup/fe27c5e0-9c12-4cc7-8978-b486720a16c5/call-SamToFastqAndDragmapAndMba/shard-0/inputs/-1290198700/hash_table.cfg.bin /cromwell-executions/WholeGenomeGermlineSingleSample/3d34995f-bd8e-4e1e-88c8-95f2cc6eb274/call-UnmappedBamToAlignedBam/UnmappedBamToAlignedBam/4a1c33f3-cf3d-44bd-a4eb-bf4bb8fa4c5e/call-SplitRG/shard-0/SplitLargeReadGroup/fe27c5e0-9c12-4cc7-8978-b486720a16c5/call-SamToFastqAndDragmapAndMba/shard-0/inputs/-1290198700/hash_table.cmp dragen_reference
+ dragen-os -b /cromwell-executions/WholeGenomeGermlineSingleSample/3d34995f-bd8e-4e1e-88c8-95f2cc6eb274/call-UnmappedBamToAlignedBam/UnmappedBamToAlignedBam/4a1c33f3-cf3d-44bd-a4eb-bf4bb8fa4c5e/call-SplitRG/shard-0/SplitLargeReadGroup/fe27c5e0-9c12-4cc7-8978-b486720a16c5/call-SamToFastqAndDragmapAndMba/shard-0/inputs/-1047237686/shard_0001.bam -r dragen_reference --interleaved=1 --preserve-map-align-order true
+ samtools view -h -O BAM -
++ tee shard_0001.dragmap.stderr.log
2025-11-29 15:06:28 	[735322a817c0]	Version: UNKNOWN
2025-11-29 15:06:28 	[735322a817c0]	argc: 8 argv: dragen-os -b /cromwell-executions/WholeGenomeGermlineSingleSample/3d34995f-bd8e-4e1e-88c8-95f2cc6eb274/call-UnmappedBamToAlignedBam/UnmappedBamToAlignedBam/4a1c33f3-cf3d-44bd-a4eb-bf4bb8fa4c5e/call-SplitRG/shard-0/SplitLargeReadGroup/fe27c5e0-9c12-4cc7-8978-b486720a16c5/call-SamToFastqAndDragmapAndMba/shard-0/inputs/-1047237686/shard_0001.bam -r dragen_reference --interleaved=1 --preserve-map-align-order true
decompHashTableCtxInit...
  0.776 seconds
decompHashTableHeader...
  0.002 seconds
decompHashTableLiterals...
  1.707 seconds
decompHashTableExtIndex...
  0.049 seconds
decompHashTableAutoHits...
  12.610 seconds
decompHashTableSetFlags...
  1.258 seconds
finished decompress
Running fastq workflow on 64 threads. System supports 64 threads.
0	249	0	0	0	0	10000	1	40000	1	1000	0	0	0	6	
0	250	0	0	0	0	10000	1	40000	1	1000	0	0	0	5	
0	251	0	0	0	0	10000	1	40000	1	1000	0	0	0	4	
0	252	0	0	0	0	10000	1	40000	1	1000	0	0	0	3	
0	253	0	0	0	0	10000	1	40000	1	1000	0	0	0	2	
0	254	0	0	0	0	10000	1	40000	1	1000	0	0	0	1	
When maskLen < 15, the function ssw_align doesn't return 2nd best alignment information.
When maskLen < 15, the function ssw_align doesn't return 2nd best alignment information.
When maskLen < 15, the function ssw_align doesn't return 2nd best alignment information.
When maskLen < 
Job SplitLargeReadGroup.SamToFastqAndDragmapAndMba:17:1 exited with return code 1 which has not been declared as a valid return code. See 'continueOnReturnCode' runtime attribute for more details.
Check the content of stderr for potential additional information: /mnt/nas1/projects/lasr/blendseq/warp-pipelines/warp-gatk-germline-single-sample-pipeline-master/tmp/1977401714735460022/cromwell-executions/WholeGenomeGermlineSingleSample/3d34995f-bd8e-4e1e-88c8-95f2cc6eb274/call-UnmappedBamToAlignedBam/UnmappedBamToAlignedBam/4a1c33f3-cf3d-44bd-a4eb-bf4bb8fa4c5e/call-SplitRG/shard-0/SplitLargeReadGroup/fe27c5e0-9c12-4cc7-8978-b486720a16c5/call-SamToFastqAndDragmapAndMba/shard-17/execution/stderr.
 [First 3000 bytes]:++ dragen-os --version
+ DRAGMAP_VERSION=UNKNOWN
+ '[' -z UNKNOWN ']'
+ mkdir dragen_reference
+ mv /cromwell-executions/WholeGenomeGermlineSingleSample/3d34995f-bd8e-4e1e-88c8-95f2cc6eb274/call-UnmappedBamToAlignedBam/UnmappedBamToAlignedBam/4a1c33f3-cf3d-44bd-a4eb-bf4bb8fa4c5e/call-SplitRG/shard-0/SplitLargeReadGroup/fe27c5e0-9c12-4cc7-8978-b486720a16c5/call-SamToFastqAndDragmapAndMba/shard-17/inputs/-1290198700/reference.bin /cromwell-executions/WholeGenomeGermlineSingleSample/3d34995f-bd8e-4e1e-88c8-95f2cc6eb274/call-UnmappedBamToAlignedBam/UnmappedBamToAlignedBam/4a1c33f3-cf3d-44bd-a4eb-bf4bb8fa4c5e/call-SplitRG/shard-0/SplitLargeReadGroup/fe27c5e0-9c12-4cc7-8978-b486720a16c5/call-SamToFastqAndDragmapAndMba/shard-17/inputs/-1290198700/hash_table.cfg.bin /cromwell-executions/WholeGenomeGermlineSingleSample/3d34995f-bd8e-4e1e-88c8-95f2cc6eb274/call-UnmappedBamToAlignedBam/UnmappedBamToAlignedBam/4a1c33f3-cf3d-44bd-a4eb-bf4bb8fa4c5e/call-SplitRG/shard-0/SplitLargeReadGroup/fe27c5e0-9c12-4cc7-8978-b486720a16c5/call-SamToFastqAndDragmapAndMba/shard-17/inputs/-1290198700/hash_table.cmp dragen_reference
+ dragen-os -b /cromwell-executions/WholeGenomeGermlineSingleSample/3d34995f-bd8e-4e1e-88c8-95f2cc6eb274/call-UnmappedBamToAlignedBam/UnmappedBamToAlignedBam/4a1c33f3-cf3d-44bd-a4eb-bf4bb8fa4c5e/call-SplitRG/shard-0/SplitLargeReadGroup/fe27c5e0-9c12-4cc7-8978-b486720a16c5/call-SamToFastqAndDragmapAndMba/shard-17/inputs/-1047237686/shard_0018.bam -r dragen_reference --interleaved=1 --preserve-map-align-order true
+ samtools view -h -O BAM -
++ tee shard_0018.dragmap.stderr.log
2025-11-29 15:07:18 	[7cc6e69367c0]	Version: UNKNOWN
2025-11-29 15:07:18 	[7cc6e69367c0]	argc: 8 argv: dragen-os -b /cromwell-executions/WholeGenomeGermlineSingleSample/3d34995f-bd8e-4e1e-88c8-95f2cc6eb274/call-UnmappedBamToAlignedBam/UnmappedBamToAlignedBam/4a1c33f3-cf3d-44bd-a4eb-bf4bb8fa4c5e/call-SplitRG/shard-0/SplitLargeReadGroup/fe27c5e0-9c12-4cc7-8978-b486720a16c5/call-SamToFastqAndDragmapAndMba/shard-17/inputs/-1047237686/shard_0018.bam -r dragen_reference --interleaved=1 --preserve-map-align-order true
decompHashTableCtxInit...
  0.779 seconds
decompHashTableHeader...
  0.002 seconds
decompHashTableLiterals...
  1.332 seconds
decompHashTableExtIndex...
  0.050 seconds
decompHashTableAutoHits...
  12.682 seconds
decompHashTableSetFlags...
  1.259 seconds
finished decompress
Running fastq workflow on 64 threads. System supports 64 threads.
0	249	0	0	0	0	10000	1	40000	1	1000	0	0	0	6	
0	250	0	0	0	0	10000	1	40000	1	1000	0	0	0	5	
0	251	0	0	0	0	10000	1	40000	1	1000	0	0	0	4	
0	252	0	0	0	0	10000	1	40000	1	1000	0	0	0	3	
0	253	0	0	0	0	10000	1	40000	1	1000	0	0	0	2	
0	254	0	0	0	0	10000	1	40000	1	1000	0	0	0	1	
When maskLen < 15, the function ssw_align doesn't return 2nd best alignment information.
When maskLen < 15, the function ssw_align doesn't return 2nd best alignment information.
When maskLen < 15, the function ssw_align doesn't return 2nd best alignment information.
When maskL
Job SplitLargeReadGroup.SamToFastqAndDragmapAndMba:27:1 exited with return code 1 which has not been declared as a valid return code. See 'continueOnReturnCode' runtime attribute for more details.
Check the content of stderr for potential additional information: /mnt/nas1/projects/lasr/blendseq/warp-pipelines/warp-gatk-germline-single-sample-pipeline-master/tmp/1977401714735460022/cromwell-executions/WholeGenomeGermlineSingleSample/3d34995f-bd8e-4e1e-88c8-95f2cc6eb274/call-UnmappedBamToAlignedBam/UnmappedBamToAlignedBam/4a1c33f3-cf3d-44bd-a4eb-bf4bb8fa4c5e/call-SplitRG/shard-0/SplitLargeReadGroup/fe27c5e0-9c12-4cc7-8978-b486720a16c5/call-SamToFastqAndDragmapAndMba/shard-27/execution/stderr.
 [First 3000 bytes]:++ dragen-os --version
+ DRAGMAP_VERSION=UNKNOWN
+ '[' -z UNKNOWN ']'
+ mkdir dragen_reference
+ mv /cromwell-executions/WholeGenomeGermlineSingleSample/3d34995f-bd8e-4e1e-88c8-95f2cc6eb274/call-UnmappedBamToAlignedBam/UnmappedBamToAlignedBam/4a1c33f3-cf3d-44bd-a4eb-bf4bb8fa4c5e/call-SplitRG/shard-0/SplitLargeReadGroup/fe27c5e0-9c12-4cc7-8978-b486720a16c5/call-SamToFastqAndDragmapAndMba/shard-27/inputs/-1290198700/reference.bin /cromwell-executions/WholeGenomeGermlineSingleSample/3d34995f-bd8e-4e1e-88c8-95f2cc6eb274/call-UnmappedBamToAlignedBam/UnmappedBamToAlignedBam/4a1c33f3-cf3d-44bd-a4eb-bf4bb8fa4c5e/call-SplitRG/shard-0/SplitLargeReadGroup/fe27c5e0-9c12-4cc7-8978-b486720a16c5/call-SamToFastqAndDragmapAndMba/shard-27/inputs/-1290198700/hash_table.cfg.bin /cromwell-executions/WholeGenomeGermlineSingleSample/3d34995f-bd8e-4e1e-88c8-95f2cc6eb274/call-UnmappedBamToAlignedBam/UnmappedBamToAlignedBam/4a1c33f3-cf3d-44bd-a4eb-bf4bb8fa4c5e/call-SplitRG/shard-0/SplitLargeReadGroup/fe27c5e0-9c12-4cc7-8978-b486720a16c5/call-SamToFastqAndDragmapAndMba/shard-27/inputs/-1290198700/hash_table.cmp dragen_reference
+ dragen-os -b /cromwell-executions/WholeGenomeGermlineSingleSample/3d34995f-bd8e-4e1e-88c8-95f2cc6eb274/call-UnmappedBamToAlignedBam/UnmappedBamToAlignedBam/4a1c33f3-cf3d-44bd-a4eb-bf4bb8fa4c5e/call-SplitRG/shard-0/SplitLargeReadGroup/fe27c5e0-9c12-4cc7-8978-b486720a16c5/call-SamToFastqAndDragmapAndMba/shard-27/inputs/-1047237686/shard_0028.bam -r dragen_reference --interleaved=1 --preserve-map-align-order true
+ samtools view -h -O BAM -
++ tee shard_0028.dragmap.stderr.log
2025-11-29 15:08:09 	[7947d8cee7c0]	Version: UNKNOWN
2025-11-29 15:08:09 	[7947d8cee7c0]	argc: 8 argv: dragen-os -b /cromwell-executions/WholeGenomeGermlineSingleSample/3d34995f-bd8e-4e1e-88c8-95f2cc6eb274/call-UnmappedBamToAlignedBam/UnmappedBamToAlignedBam/4a1c33f3-cf3d-44bd-a4eb-bf4bb8fa4c5e/call-SplitRG/shard-0/SplitLargeReadGroup/fe27c5e0-9c12-4cc7-8978-b486720a16c5/call-SamToFastqAndDragmapAndMba/shard-27/inputs/-1047237686/shard_0028.bam -r dragen_reference --interleaved=1 --preserve-map-align-order true
decompHashTableCtxInit...
  0.774 seconds
decompHashTableHeader...
  0.002 seconds
decompHashTableLiterals...
  1.683 seconds
decompHashTableExtIndex...
  0.054 seconds
decompHashTableAutoHits...
  12.613 seconds
decompHashTableSetFlags...
  1.280 seconds
finished decompress
Running fastq workflow on 64 threads. System supports 64 threads.
0	249	0	0	0	0	10000	1	40000	1	1000	0	0	0	6	
0	250	0	0	0	0	10000	1	40000	1	1000	0	0	0	5	
0	251	0	0	0	0	10000	1	40000	1	1000	0	0	0	4	
0	252	0	0	0	0	10000	1	40000	1	1000	0	0	0	3	
0	253	0	0	0	0	10000	1	40000	1	1000	0	0	0	2	
0	254	0	0	0	0	10000	1	40000	1	1000	0	0	0	1	
When maskLen < 15, the function ssw_align doesn't return 2nd best alignment information.
When maskLen < 15, the function ssw_align doesn't return 2nd best alignment information.
0	0	231	302	409	329.946	131.912	1	943	1	660	94611	95553	0	0	
Initial paired-end statistics detected
Job SplitLargeReadGroup.SamToFastqAndDragmapAndMba:9:1 exited with return code 1 which has not been declared as a valid return code. See 'continueOnReturnCode' runtime attribute for more details.
Check the content of stderr for potential additional information: /mnt/nas1/projects/lasr/blendseq/warp-pipelines/warp-gatk-germline-single-sample-pipeline-master/tmp/1977401714735460022/cromwell-executions/WholeGenomeGermlineSingleSample/3d34995f-bd8e-4e1e-88c8-95f2cc6eb274/call-UnmappedBamToAlignedBam/UnmappedBamToAlignedBam/4a1c33f3-cf3d-44bd-a4eb-bf4bb8fa4c5e/call-SplitRG/shard-0/SplitLargeReadGroup/fe27c5e0-9c12-4cc7-8978-b486720a16c5/call-SamToFastqAndDragmapAndMba/shard-9/execution/stderr.
 [First 3000 bytes]:++ dragen-os --version
+ DRAGMAP_VERSION=UNKNOWN
+ '[' -z UNKNOWN ']'
+ mkdir dragen_reference
+ mv /cromwell-executions/WholeGenomeGermlineSingleSample/3d34995f-bd8e-4e1e-88c8-95f2cc6eb274/call-UnmappedBamToAlignedBam/UnmappedBamToAlignedBam/4a1c33f3-cf3d-44bd-a4eb-bf4bb8fa4c5e/call-SplitRG/shard-0/SplitLargeReadGroup/fe27c5e0-9c12-4cc7-8978-b486720a16c5/call-SamToFastqAndDragmapAndMba/shard-9/inputs/-1290198700/reference.bin /cromwell-executions/WholeGenomeGermlineSingleSample/3d34995f-bd8e-4e1e-88c8-95f2cc6eb274/call-UnmappedBamToAlignedBam/UnmappedBamToAlignedBam/4a1c33f3-cf3d-44bd-a4eb-bf4bb8fa4c5e/call-SplitRG/shard-0/SplitLargeReadGroup/fe27c5e0-9c12-4cc7-8978-b486720a16c5/call-SamToFastqAndDragmapAndMba/shard-9/inputs/-1290198700/hash_table.cfg.bin /cromwell-executions/WholeGenomeGermlineSingleSample/3d34995f-bd8e-4e1e-88c8-95f2cc6eb274/call-UnmappedBamToAlignedBam/UnmappedBamToAlignedBam/4a1c33f3-cf3d-44bd-a4eb-bf4bb8fa4c5e/call-SplitRG/shard-0/SplitLargeReadGroup/fe27c5e0-9c12-4cc7-8978-b486720a16c5/call-SamToFastqAndDragmapAndMba/shard-9/inputs/-1290198700/hash_table.cmp dragen_reference
+ dragen-os -b /cromwell-executions/WholeGenomeGermlineSingleSample/3d34995f-bd8e-4e1e-88c8-95f2cc6eb274/call-UnmappedBamToAlignedBam/UnmappedBamToAlignedBam/4a1c33f3-cf3d-44bd-a4eb-bf4bb8fa4c5e/call-SplitRG/shard-0/SplitLargeReadGroup/fe27c5e0-9c12-4cc7-8978-b486720a16c5/call-SamToFastqAndDragmapAndMba/shard-9/inputs/-1047237686/shard_0010.bam -r dragen_reference --interleaved=1 --preserve-map-align-order true
+ samtools view -h -O BAM -
++ tee shard_0010.dragmap.stderr.log
2025-11-29 15:09:09 	[76bc9d4137c0]	Version: UNKNOWN
2025-11-29 15:09:09 	[76bc9d4137c0]	argc: 8 argv: dragen-os -b /cromwell-executions/WholeGenomeGermlineSingleSample/3d34995f-bd8e-4e1e-88c8-95f2cc6eb274/call-UnmappedBamToAlignedBam/UnmappedBamToAlignedBam/4a1c33f3-cf3d-44bd-a4eb-bf4bb8fa4c5e/call-SplitRG/shard-0/SplitLargeReadGroup/fe27c5e0-9c12-4cc7-8978-b486720a16c5/call-SamToFastqAndDragmapAndMba/shard-9/inputs/-1047237686/shard_0010.bam -r dragen_reference --interleaved=1 --preserve-map-align-order true
decompHashTableCtxInit...
  0.776 seconds
decompHashTableHeader...
  0.002 seconds
decompHashTableLiterals...
  1.632 seconds
decompHashTableExtIndex...
  0.052 seconds
decompHashTableAutoHits...
  12.625 seconds
decompHashTableSetFlags...
  1.270 seconds
finished decompress
Running fastq workflow on 64 threads. System supports 64 threads.
0	249	0	0	0	0	10000	1	40000	1	1000	0	0	0	6	
0	250	0	0	0	0	10000	1	40000	1	1000	0	0	0	5	
0	251	0	0	0	0	10000	1	40000	1	1000	0	0	0	4	
0	252	0	0	0	0	10000	1	40000	1	1000	0	0	0	3	
0	253	0	0	0	0	10000	1	40000	1	1000	0	0	0	2	
0	254	0	0	0	0	10000	1	40000	1	1000	0	0	0	1	
When maskLen < 15, the function ssw_align doesn't return 2nd best alignment information.
When maskLen < 15, the function ssw_align doesn't return 2nd best alignment information.
When maskLen < 15, the function ssw_align doesn't return 2nd best alignment information.
When maskLen < 
Job SplitLargeReadGroup.SamToFastqAndDragmapAndMba:12:1 exited with return code 1 which has not been declared as a valid return code. See 'continueOnReturnCode' runtime attribute for more details.
Check the content of stderr for potential additional information: /mnt/nas1/projects/lasr/blendseq/warp-pipelines/warp-gatk-germline-single-sample-pipeline-master/tmp/1977401714735460022/cromwell-executions/WholeGenomeGermlineSingleSample/3d34995f-bd8e-4e1e-88c8-95f2cc6eb274/call-UnmappedBamToAlignedBam/UnmappedBamToAlignedBam/4a1c33f3-cf3d-44bd-a4eb-bf4bb8fa4c5e/call-SplitRG/shard-0/SplitLargeReadGroup/fe27c5e0-9c12-4cc7-8978-b486720a16c5/call-SamToFastqAndDragmapAndMba/shard-12/execution/stderr.
 [First 3000 bytes]:++ dragen-os --version
+ DRAGMAP_VERSION=UNKNOWN
+ '[' -z UNKNOWN ']'
+ mkdir dragen_reference
+ mv /cromwell-executions/WholeGenomeGermlineSingleSample/3d34995f-bd8e-4e1e-88c8-95f2cc6eb274/call-UnmappedBamToAlignedBam/UnmappedBamToAlignedBam/4a1c33f3-cf3d-44bd-a4eb-bf4bb8fa4c5e/call-SplitRG/shard-0/SplitLargeReadGroup/fe27c5e0-9c12-4cc7-8978-b486720a16c5/call-SamToFastqAndDragmapAndMba/shard-12/inputs/-1290198700/reference.bin /cromwell-executions/WholeGenomeGermlineSingleSample/3d34995f-bd8e-4e1e-88c8-95f2cc6eb274/call-UnmappedBamToAlignedBam/UnmappedBamToAlignedBam/4a1c33f3-cf3d-44bd-a4eb-bf4bb8fa4c5e/call-SplitRG/shard-0/SplitLargeReadGroup/fe27c5e0-9c12-4cc7-8978-b486720a16c5/call-SamToFastqAndDragmapAndMba/shard-12/inputs/-1290198700/hash_table.cfg.bin /cromwell-executions/WholeGenomeGermlineSingleSample/3d34995f-bd8e-4e1e-88c8-95f2cc6eb274/call-UnmappedBamToAlignedBam/UnmappedBamToAlignedBam/4a1c33f3-cf3d-44bd-a4eb-bf4bb8fa4c5e/call-SplitRG/shard-0/SplitLargeReadGroup/fe27c5e0-9c12-4cc7-8978-b486720a16c5/call-SamToFastqAndDragmapAndMba/shard-12/inputs/-1290198700/hash_table.cmp dragen_reference
+ dragen-os -b /cromwell-executions/WholeGenomeGermlineSingleSample/3d34995f-bd8e-4e1e-88c8-95f2cc6eb274/call-UnmappedBamToAlignedBam/UnmappedBamToAlignedBam/4a1c33f3-cf3d-44bd-a4eb-bf4bb8fa4c5e/call-SplitRG/shard-0/SplitLargeReadGroup/fe27c5e0-9c12-4cc7-8978-b486720a16c5/call-SamToFastqAndDragmapAndMba/shard-12/inputs/-1047237686/shard_0013.bam -r dragen_reference --interleaved=1 --preserve-map-align-order true
+ samtools view -h -O BAM -
++ tee shard_0013.dragmap.stderr.log
2025-11-29 15:10:18 	[736ab41ee7c0]	Version: UNKNOWN
2025-11-29 15:10:18 	[736ab41ee7c0]	argc: 8 argv: dragen-os -b /cromwell-executions/WholeGenomeGermlineSingleSample/3d34995f-bd8e-4e1e-88c8-95f2cc6eb274/call-UnmappedBamToAlignedBam/UnmappedBamToAlignedBam/4a1c33f3-cf3d-44bd-a4eb-bf4bb8fa4c5e/call-SplitRG/shard-0/SplitLargeReadGroup/fe27c5e0-9c12-4cc7-8978-b486720a16c5/call-SamToFastqAndDragmapAndMba/shard-12/inputs/-1047237686/shard_0013.bam -r dragen_reference --interleaved=1 --preserve-map-align-order true
decompHashTableCtxInit...
  0.770 seconds
decompHashTableHeader...
  0.002 seconds
decompHashTableLiterals...
  1.744 seconds
decompHashTableExtIndex...
  0.049 seconds
decompHashTableAutoHits...
  12.656 seconds
decompHashTableSetFlags...
  1.258 seconds
finished decompress
Running fastq workflow on 64 threads. System supports 64 threads.
0	249	0	0	0	0	10000	1	40000	1	1000	0	0	0	6	
0	250	0	0	0	0	10000	1	40000	1	1000	0	0	0	5	
0	251	0	0	0	0	10000	1	40000	1	1000	0	0	0	4	
0	252	0	0	0	0	10000	1	40000	1	1000	0	0	0	3	
0	253	0	0	0	0	10000	1	40000	1	1000	0	0	0	2	
0	254	0	0	0	0	10000	1	40000	1	1000	0	0	0	1	
When maskLen < 15, the function ssw_align doesn't return 2nd best alignment information.
0	0	230	303	412	330.774	133.637	1	958	1	665	87763	88960	0	0	
Initial paired-end statistics detected for read group all, based on 87763 high quality pairs for FR orientation
        Quartil
Job SplitLargeReadGroup.SamToFastqAndDragmapAndMba:30:1 exited with return code 1 which has not been declared as a valid return code. See 'continueOnReturnCode' runtime attribute for more details.
Check the content of stderr for potential additional information: /mnt/nas1/projects/lasr/blendseq/warp-pipelines/warp-gatk-germline-single-sample-pipeline-master/tmp/1977401714735460022/cromwell-executions/WholeGenomeGermlineSingleSample/3d34995f-bd8e-4e1e-88c8-95f2cc6eb274/call-UnmappedBamToAlignedBam/UnmappedBamToAlignedBam/4a1c33f3-cf3d-44bd-a4eb-bf4bb8fa4c5e/call-SplitRG/shard-0/SplitLargeReadGroup/fe27c5e0-9c12-4cc7-8978-b486720a16c5/call-SamToFastqAndDragmapAndMba/shard-30/execution/stderr.
 [First 3000 bytes]:++ dragen-os --version
+ DRAGMAP_VERSION=UNKNOWN
+ '[' -z UNKNOWN ']'
+ mkdir dragen_reference
+ mv /cromwell-executions/WholeGenomeGermlineSingleSample/3d34995f-bd8e-4e1e-88c8-95f2cc6eb274/call-UnmappedBamToAlignedBam/UnmappedBamToAlignedBam/4a1c33f3-cf3d-44bd-a4eb-bf4bb8fa4c5e/call-SplitRG/shard-0/SplitLargeReadGroup/fe27c5e0-9c12-4cc7-8978-b486720a16c5/call-SamToFastqAndDragmapAndMba/shard-30/inputs/-1290198700/reference.bin /cromwell-executions/WholeGenomeGermlineSingleSample/3d34995f-bd8e-4e1e-88c8-95f2cc6eb274/call-UnmappedBamToAlignedBam/UnmappedBamToAlignedBam/4a1c33f3-cf3d-44bd-a4eb-bf4bb8fa4c5e/call-SplitRG/shard-0/SplitLargeReadGroup/fe27c5e0-9c12-4cc7-8978-b486720a16c5/call-SamToFastqAndDragmapAndMba/shard-30/inputs/-1290198700/hash_table.cfg.bin /cromwell-executions/WholeGenomeGermlineSingleSample/3d34995f-bd8e-4e1e-88c8-95f2cc6eb274/call-UnmappedBamToAlignedBam/UnmappedBamToAlignedBam/4a1c33f3-cf3d-44bd-a4eb-bf4bb8fa4c5e/call-SplitRG/shard-0/SplitLargeReadGroup/fe27c5e0-9c12-4cc7-8978-b486720a16c5/call-SamToFastqAndDragmapAndMba/shard-30/inputs/-1290198700/hash_table.cmp dragen_reference
+ dragen-os -b /cromwell-executions/WholeGenomeGermlineSingleSample/3d34995f-bd8e-4e1e-88c8-95f2cc6eb274/call-UnmappedBamToAlignedBam/UnmappedBamToAlignedBam/4a1c33f3-cf3d-44bd-a4eb-bf4bb8fa4c5e/call-SplitRG/shard-0/SplitLargeReadGroup/fe27c5e0-9c12-4cc7-8978-b486720a16c5/call-SamToFastqAndDragmapAndMba/shard-30/inputs/-1047237686/shard_0031.bam -r dragen_reference --interleaved=1 --preserve-map-align-order true
+ samtools view -h -O BAM -
++ tee shard_0031.dragmap.stderr.log
2025-11-29 15:11:07 	[7336dcbe57c0]	Version: UNKNOWN
2025-11-29 15:11:07 	[7336dcbe57c0]	argc: 8 argv: dragen-os -b /cromwell-executions/WholeGenomeGermlineSingleSample/3d34995f-bd8e-4e1e-88c8-95f2cc6eb274/call-UnmappedBamToAlignedBam/UnmappedBamToAlignedBam/4a1c33f3-cf3d-44bd-a4eb-bf4bb8fa4c5e/call-SplitRG/shard-0/SplitLargeReadGroup/fe27c5e0-9c12-4cc7-8978-b486720a16c5/call-SamToFastqAndDragmapAndMba/shard-30/inputs/-1047237686/shard_0031.bam -r dragen_reference --interleaved=1 --preserve-map-align-order true
decompHashTableCtxInit...
  0.978 seconds
decompHashTableHeader...
  0.002 seconds
decompHashTableLiterals...
  1.765 seconds
decompHashTableExtIndex...
  0.055 seconds
decompHashTableAutoHits...
  12.726 seconds
decompHashTableSetFlags...
  1.271 seconds
finished decompress
Running fastq workflow on 64 threads. System supports 64 threads.
0	249	0	0	0	0	10000	1	40000	1	1000	0	0	0	6	
0	250	0	0	0	0	10000	1	40000	1	1000	0	0	0	5	
0	251	0	0	0	0	10000	1	40000	1	1000	0	0	0	4	
0	252	0	0	0	0	10000	1	40000	1	1000	0	0	0	3	
0	253	0	0	0	0	10000	1	40000	1	1000	0	0	0	2	
0	254	0	0	0	0	10000	1	40000	1	1000	0	0	0	1	
When maskLen < 15, the function ssw_align doesn't return 2nd best alignment information.
When maskLen < 15, the function ssw_align doesn't return 2nd best alignment information.
When maskLen < 15, the function ssw_align doesn't return 2nd best alignment information.
When maskL
Job SplitLargeReadGroup.SamToFastqAndDragmapAndMba:34:1 exited with return code 1 which has not been declared as a valid return code. See 'continueOnReturnCode' runtime attribute for more details.
Check the content of stderr for potential additional information: /mnt/nas1/projects/lasr/blendseq/warp-pipelines/warp-gatk-germline-single-sample-pipeline-master/tmp/1977401714735460022/cromwell-executions/WholeGenomeGermlineSingleSample/3d34995f-bd8e-4e1e-88c8-95f2cc6eb274/call-UnmappedBamToAlignedBam/UnmappedBamToAlignedBam/4a1c33f3-cf3d-44bd-a4eb-bf4bb8fa4c5e/call-SplitRG/shard-0/SplitLargeReadGroup/fe27c5e0-9c12-4cc7-8978-b486720a16c5/call-SamToFastqAndDragmapAndMba/shard-34/execution/stderr.
 [First 3000 bytes]:++ dragen-os --version
+ DRAGMAP_VERSION=UNKNOWN
+ '[' -z UNKNOWN ']'
+ mkdir dragen_reference
+ mv /cromwell-executions/WholeGenomeGermlineSingleSample/3d34995f-bd8e-4e1e-88c8-95f2cc6eb274/call-UnmappedBamToAlignedBam/UnmappedBamToAlignedBam/4a1c33f3-cf3d-44bd-a4eb-bf4bb8fa4c5e/call-SplitRG/shard-0/SplitLargeReadGroup/fe27c5e0-9c12-4cc7-8978-b486720a16c5/call-SamToFastqAndDragmapAndMba/shard-34/inputs/-1290198700/reference.bin /cromwell-executions/WholeGenomeGermlineSingleSample/3d34995f-bd8e-4e1e-88c8-95f2cc6eb274/call-UnmappedBamToAlignedBam/UnmappedBamToAlignedBam/4a1c33f3-cf3d-44bd-a4eb-bf4bb8fa4c5e/call-SplitRG/shard-0/SplitLargeReadGroup/fe27c5e0-9c12-4cc7-8978-b486720a16c5/call-SamToFastqAndDragmapAndMba/shard-34/inputs/-1290198700/hash_table.cfg.bin /cromwell-executions/WholeGenomeGermlineSingleSample/3d34995f-bd8e-4e1e-88c8-95f2cc6eb274/call-UnmappedBamToAlignedBam/UnmappedBamToAlignedBam/4a1c33f3-cf3d-44bd-a4eb-bf4bb8fa4c5e/call-SplitRG/shard-0/SplitLargeReadGroup/fe27c5e0-9c12-4cc7-8978-b486720a16c5/call-SamToFastqAndDragmapAndMba/shard-34/inputs/-1290198700/hash_table.cmp dragen_reference
+ dragen-os -b /cromwell-executions/WholeGenomeGermlineSingleSample/3d34995f-bd8e-4e1e-88c8-95f2cc6eb274/call-UnmappedBamToAlignedBam/UnmappedBamToAlignedBam/4a1c33f3-cf3d-44bd-a4eb-bf4bb8fa4c5e/call-SplitRG/shard-0/SplitLargeReadGroup/fe27c5e0-9c12-4cc7-8978-b486720a16c5/call-SamToFastqAndDragmapAndMba/shard-34/inputs/-1047237686/shard_0035.bam -r dragen_reference --interleaved=1 --preserve-map-align-order true
+ samtools view -h -O BAM -
++ tee shard_0035.dragmap.stderr.log
2025-11-29 15:11:58 	[7461097077c0]	Version: UNKNOWN
2025-11-29 15:11:58 	[7461097077c0]	argc: 8 argv: dragen-os -b /cromwell-executions/WholeGenomeGermlineSingleSample/3d34995f-bd8e-4e1e-88c8-95f2cc6eb274/call-UnmappedBamToAlignedBam/UnmappedBamToAlignedBam/4a1c33f3-cf3d-44bd-a4eb-bf4bb8fa4c5e/call-SplitRG/shard-0/SplitLargeReadGroup/fe27c5e0-9c12-4cc7-8978-b486720a16c5/call-SamToFastqAndDragmapAndMba/shard-34/inputs/-1047237686/shard_0035.bam -r dragen_reference --interleaved=1 --preserve-map-align-order true
decompHashTableCtxInit...
  0.785 seconds
decompHashTableHeader...
  0.002 seconds
decompHashTableLiterals...
  1.756 seconds
decompHashTableExtIndex...
  0.055 seconds
decompHashTableAutoHits...
  12.738 seconds
decompHashTableSetFlags...
  1.266 seconds
finished decompress
Running fastq workflow on 64 threads. System supports 64 threads.
0	249	0	0	0	0	10000	1	40000	1	1000	0	0	0	6	
0	250	0	0	0	0	10000	1	40000	1	1000	0	0	0	5	
0	251	0	0	0	0	10000	1	40000	1	1000	0	0	0	4	
0	252	0	0	0	0	10000	1	40000	1	1000	0	0	0	3	
0	253	0	0	0	0	10000	1	40000	1	1000	0	0	0	2	
0	254	0	0	0	0	10000	1	40000	1	1000	0	0	0	1	
When maskLen < 15, the function ssw_align doesn't return 2nd best alignment information.
When maskLen < 15, the function ssw_align doesn't return 2nd best alignment information.
When maskLen < 15, the function ssw_align doesn't return 2nd best alignment information.
When maskL
Job SplitLargeReadGroup.SamToFastqAndDragmapAndMba:19:1 exited with return code 1 which has not been declared as a valid return code. See 'continueOnReturnCode' runtime attribute for more details.
Check the content of stderr for potential additional information: /mnt/nas1/projects/lasr/blendseq/warp-pipelines/warp-gatk-germline-single-sample-pipeline-master/tmp/1977401714735460022/cromwell-executions/WholeGenomeGermlineSingleSample/3d34995f-bd8e-4e1e-88c8-95f2cc6eb274/call-UnmappedBamToAlignedBam/UnmappedBamToAlignedBam/4a1c33f3-cf3d-44bd-a4eb-bf4bb8fa4c5e/call-SplitRG/shard-0/SplitLargeReadGroup/fe27c5e0-9c12-4cc7-8978-b486720a16c5/call-SamToFastqAndDragmapAndMba/shard-19/execution/stderr.
 [First 3000 bytes]:++ dragen-os --version
+ DRAGMAP_VERSION=UNKNOWN
+ '[' -z UNKNOWN ']'
+ mkdir dragen_reference
+ mv /cromwell-executions/WholeGenomeGermlineSingleSample/3d34995f-bd8e-4e1e-88c8-95f2cc6eb274/call-UnmappedBamToAlignedBam/UnmappedBamToAlignedBam/4a1c33f3-cf3d-44bd-a4eb-bf4bb8fa4c5e/call-SplitRG/shard-0/SplitLargeReadGroup/fe27c5e0-9c12-4cc7-8978-b486720a16c5/call-SamToFastqAndDragmapAndMba/shard-19/inputs/-1290198700/reference.bin /cromwell-executions/WholeGenomeGermlineSingleSample/3d34995f-bd8e-4e1e-88c8-95f2cc6eb274/call-UnmappedBamToAlignedBam/UnmappedBamToAlignedBam/4a1c33f3-cf3d-44bd-a4eb-bf4bb8fa4c5e/call-SplitRG/shard-0/SplitLargeReadGroup/fe27c5e0-9c12-4cc7-8978-b486720a16c5/call-SamToFastqAndDragmapAndMba/shard-19/inputs/-1290198700/hash_table.cfg.bin /cromwell-executions/WholeGenomeGermlineSingleSample/3d34995f-bd8e-4e1e-88c8-95f2cc6eb274/call-UnmappedBamToAlignedBam/UnmappedBamToAlignedBam/4a1c33f3-cf3d-44bd-a4eb-bf4bb8fa4c5e/call-SplitRG/shard-0/SplitLargeReadGroup/fe27c5e0-9c12-4cc7-8978-b486720a16c5/call-SamToFastqAndDragmapAndMba/shard-19/inputs/-1290198700/hash_table.cmp dragen_reference
+ dragen-os -b /cromwell-executions/WholeGenomeGermlineSingleSample/3d34995f-bd8e-4e1e-88c8-95f2cc6eb274/call-UnmappedBamToAlignedBam/UnmappedBamToAlignedBam/4a1c33f3-cf3d-44bd-a4eb-bf4bb8fa4c5e/call-SplitRG/shard-0/SplitLargeReadGroup/fe27c5e0-9c12-4cc7-8978-b486720a16c5/call-SamToFastqAndDragmapAndMba/shard-19/inputs/-1047237686/shard_0020.bam -r dragen_reference --interleaved=1 --preserve-map-align-order true
+ samtools view -h -O BAM -
++ tee shard_0020.dragmap.stderr.log
2025-11-29 15:12:58 	[7dda0f5727c0]	Version: UNKNOWN
2025-11-29 15:12:58 	[7dda0f5727c0]	argc: 8 argv: dragen-os -b /cromwell-executions/WholeGenomeGermlineSingleSample/3d34995f-bd8e-4e1e-88c8-95f2cc6eb274/call-UnmappedBamToAlignedBam/UnmappedBamToAlignedBam/4a1c33f3-cf3d-44bd-a4eb-bf4bb8fa4c5e/call-SplitRG/shard-0/SplitLargeReadGroup/fe27c5e0-9c12-4cc7-8978-b486720a16c5/call-SamToFastqAndDragmapAndMba/shard-19/inputs/-1047237686/shard_0020.bam -r dragen_reference --interleaved=1 --preserve-map-align-order true
decompHashTableCtxInit...
  0.782 seconds
decompHashTableHeader...
  0.002 seconds
decompHashTableLiterals...
  1.733 seconds
decompHashTableExtIndex...
  0.049 seconds
decompHashTableAutoHits...
  12.727 seconds
decompHashTableSetFlags...
  1.274 seconds
finished decompress
Running fastq workflow on 64 threads. System supports 64 threads.
0	249	0	0	0	0	10000	1	40000	1	1000	0	0	0	6	
0	250	0	0	0	0	10000	1	40000	1	1000	0	0	0	5	
0	251	0	0	0	0	10000	1	40000	1	1000	0	0	0	4	
0	252	0	0	0	0	10000	1	40000	1	1000	0	0	0	3	
0	253	0	0	0	0	10000	1	40000	1	1000	0	0	0	2	
0	254	0	0	0	0	10000	1	40000	1	1000	0	0	0	1	
When maskLen < 15, the function ssw_align doesn't return 2nd best alignment information.
When maskLen < 15, the function ssw_align doesn't return 2nd best alignment information.
When maskLen < 15, the function ssw_align doesn't return 2nd best alignment information.
When maskL
Job SplitLargeReadGroup.SamToFastqAndDragmapAndMba:32:1 exited with return code 1 which has not been declared as a valid return code. See 'continueOnReturnCode' runtime attribute for more details.
Check the content of stderr for potential additional information: /mnt/nas1/projects/lasr/blendseq/warp-pipelines/warp-gatk-germline-single-sample-pipeline-master/tmp/1977401714735460022/cromwell-executions/WholeGenomeGermlineSingleSample/3d34995f-bd8e-4e1e-88c8-95f2cc6eb274/call-UnmappedBamToAlignedBam/UnmappedBamToAlignedBam/4a1c33f3-cf3d-44bd-a4eb-bf4bb8fa4c5e/call-SplitRG/shard-0/SplitLargeReadGroup/fe27c5e0-9c12-4cc7-8978-b486720a16c5/call-SamToFastqAndDragmapAndMba/shard-32/execution/stderr.
 [First 3000 bytes]:++ dragen-os --version
+ DRAGMAP_VERSION=UNKNOWN
+ '[' -z UNKNOWN ']'
+ mkdir dragen_reference
+ mv /cromwell-executions/WholeGenomeGermlineSingleSample/3d34995f-bd8e-4e1e-88c8-95f2cc6eb274/call-UnmappedBamToAlignedBam/UnmappedBamToAlignedBam/4a1c33f3-cf3d-44bd-a4eb-bf4bb8fa4c5e/call-SplitRG/shard-0/SplitLargeReadGroup/fe27c5e0-9c12-4cc7-8978-b486720a16c5/call-SamToFastqAndDragmapAndMba/shard-32/inputs/-1290198700/reference.bin /cromwell-executions/WholeGenomeGermlineSingleSample/3d34995f-bd8e-4e1e-88c8-95f2cc6eb274/call-UnmappedBamToAlignedBam/UnmappedBamToAlignedBam/4a1c33f3-cf3d-44bd-a4eb-bf4bb8fa4c5e/call-SplitRG/shard-0/SplitLargeReadGroup/fe27c5e0-9c12-4cc7-8978-b486720a16c5/call-SamToFastqAndDragmapAndMba/shard-32/inputs/-1290198700/hash_table.cfg.bin /cromwell-executions/WholeGenomeGermlineSingleSample/3d34995f-bd8e-4e1e-88c8-95f2cc6eb274/call-UnmappedBamToAlignedBam/UnmappedBamToAlignedBam/4a1c33f3-cf3d-44bd-a4eb-bf4bb8fa4c5e/call-SplitRG/shard-0/SplitLargeReadGroup/fe27c5e0-9c12-4cc7-8978-b486720a16c5/call-SamToFastqAndDragmapAndMba/shard-32/inputs/-1290198700/hash_table.cmp dragen_reference
+ dragen-os -b /cromwell-executions/WholeGenomeGermlineSingleSample/3d34995f-bd8e-4e1e-88c8-95f2cc6eb274/call-UnmappedBamToAlignedBam/UnmappedBamToAlignedBam/4a1c33f3-cf3d-44bd-a4eb-bf4bb8fa4c5e/call-SplitRG/shard-0/SplitLargeReadGroup/fe27c5e0-9c12-4cc7-8978-b486720a16c5/call-SamToFastqAndDragmapAndMba/shard-32/inputs/-1047237686/shard_0033.bam -r dragen_reference --interleaved=1 --preserve-map-align-order true
+ samtools view -h -O BAM -
++ tee shard_0033.dragmap.stderr.log
2025-11-29 15:13:59 	[7bb95f4667c0]	Version: UNKNOWN
2025-11-29 15:13:59 	[7bb95f4667c0]	argc: 8 argv: dragen-os -b /cromwell-executions/WholeGenomeGermlineSingleSample/3d34995f-bd8e-4e1e-88c8-95f2cc6eb274/call-UnmappedBamToAlignedBam/UnmappedBamToAlignedBam/4a1c33f3-cf3d-44bd-a4eb-bf4bb8fa4c5e/call-SplitRG/shard-0/SplitLargeReadGroup/fe27c5e0-9c12-4cc7-8978-b486720a16c5/call-SamToFastqAndDragmapAndMba/shard-32/inputs/-1047237686/shard_0033.bam -r dragen_reference --interleaved=1 --preserve-map-align-order true
decompHashTableCtxInit...
  0.779 seconds
decompHashTableHeader...
  0.002 seconds
decompHashTableLiterals...
  1.684 seconds
decompHashTableExtIndex...
  0.048 seconds
decompHashTableAutoHits...
  12.635 seconds
decompHashTableSetFlags...
  1.267 seconds
finished decompress
Running fastq workflow on 64 threads. System supports 64 threads.
0	249	0	0	0	0	10000	1	40000	1	1000	0	0	0	6	
0	250	0	0	0	0	10000	1	40000	1	1000	0	0	0	5	
0	251	0	0	0	0	10000	1	40000	1	1000	0	0	0	4	
0	252	0	0	0	0	10000	1	40000	1	1000	0	0	0	3	
0	253	0	0	0	0	10000	1	40000	1	1000	0	0	0	2	
0	254	0	0	0	0	10000	1	40000	1	1000	0	0	0	1	
When maskLen < 15, the function ssw_align doesn't return 2nd best alignment information.
When maskLen < 15, the function ssw_align doesn't return 2nd best alignment information.
When maskLen < 15, the function ssw_align doesn't return 2nd best alignment information.
When maskL
Job SplitLargeReadGroup.SamToFastqAndDragmapAndMba:23:1 exited with return code 1 which has not been declared as a valid return code. See 'continueOnReturnCode' runtime attribute for more details.
Check the content of stderr for potential additional information: /mnt/nas1/projects/lasr/blendseq/warp-pipelines/warp-gatk-germline-single-sample-pipeline-master/tmp/1977401714735460022/cromwell-executions/WholeGenomeGermlineSingleSample/3d34995f-bd8e-4e1e-88c8-95f2cc6eb274/call-UnmappedBamToAlignedBam/UnmappedBamToAlignedBam/4a1c33f3-cf3d-44bd-a4eb-bf4bb8fa4c5e/call-SplitRG/shard-0/SplitLargeReadGroup/fe27c5e0-9c12-4cc7-8978-b486720a16c5/call-SamToFastqAndDragmapAndMba/shard-23/execution/stderr.
 [First 3000 bytes]:++ dragen-os --version
+ DRAGMAP_VERSION=UNKNOWN
+ '[' -z UNKNOWN ']'
+ mkdir dragen_reference
+ mv /cromwell-executions/WholeGenomeGermlineSingleSample/3d34995f-bd8e-4e1e-88c8-95f2cc6eb274/call-UnmappedBamToAlignedBam/UnmappedBamToAlignedBam/4a1c33f3-cf3d-44bd-a4eb-bf4bb8fa4c5e/call-SplitRG/shard-0/SplitLargeReadGroup/fe27c5e0-9c12-4cc7-8978-b486720a16c5/call-SamToFastqAndDragmapAndMba/shard-23/inputs/-1290198700/reference.bin /cromwell-executions/WholeGenomeGermlineSingleSample/3d34995f-bd8e-4e1e-88c8-95f2cc6eb274/call-UnmappedBamToAlignedBam/UnmappedBamToAlignedBam/4a1c33f3-cf3d-44bd-a4eb-bf4bb8fa4c5e/call-SplitRG/shard-0/SplitLargeReadGroup/fe27c5e0-9c12-4cc7-8978-b486720a16c5/call-SamToFastqAndDragmapAndMba/shard-23/inputs/-1290198700/hash_table.cfg.bin /cromwell-executions/WholeGenomeGermlineSingleSample/3d34995f-bd8e-4e1e-88c8-95f2cc6eb274/call-UnmappedBamToAlignedBam/UnmappedBamToAlignedBam/4a1c33f3-cf3d-44bd-a4eb-bf4bb8fa4c5e/call-SplitRG/shard-0/SplitLargeReadGroup/fe27c5e0-9c12-4cc7-8978-b486720a16c5/call-SamToFastqAndDragmapAndMba/shard-23/inputs/-1290198700/hash_table.cmp dragen_reference
+ dragen-os -b /cromwell-executions/WholeGenomeGermlineSingleSample/3d34995f-bd8e-4e1e-88c8-95f2cc6eb274/call-UnmappedBamToAlignedBam/UnmappedBamToAlignedBam/4a1c33f3-cf3d-44bd-a4eb-bf4bb8fa4c5e/call-SplitRG/shard-0/SplitLargeReadGroup/fe27c5e0-9c12-4cc7-8978-b486720a16c5/call-SamToFastqAndDragmapAndMba/shard-23/inputs/-1047237686/shard_0024.bam -r dragen_reference --interleaved=1 --preserve-map-align-order true
+ samtools view -h -O BAM -
++ tee shard_0024.dragmap.stderr.log
2025-11-29 15:14:59 	[71dd36f207c0]	Version: UNKNOWN
2025-11-29 15:14:59 	[71dd36f207c0]	argc: 8 argv: dragen-os -b /cromwell-executions/WholeGenomeGermlineSingleSample/3d34995f-bd8e-4e1e-88c8-95f2cc6eb274/call-UnmappedBamToAlignedBam/UnmappedBamToAlignedBam/4a1c33f3-cf3d-44bd-a4eb-bf4bb8fa4c5e/call-SplitRG/shard-0/SplitLargeReadGroup/fe27c5e0-9c12-4cc7-8978-b486720a16c5/call-SamToFastqAndDragmapAndMba/shard-23/inputs/-1047237686/shard_0024.bam -r dragen_reference --interleaved=1 --preserve-map-align-order true
decompHashTableCtxInit...
  0.775 seconds
decompHashTableHeader...
  0.002 seconds
decompHashTableLiterals...
  1.701 seconds
decompHashTableExtIndex...
  0.047 seconds
decompHashTableAutoHits...
  12.695 seconds
decompHashTableSetFlags...
  1.274 seconds
finished decompress
Running fastq workflow on 64 threads. System supports 64 threads.
0	249	0	0	0	0	10000	1	40000	1	1000	0	0	0	6	
0	250	0	0	0	0	10000	1	40000	1	1000	0	0	0	5	
0	251	0	0	0	0	10000	1	40000	1	1000	0	0	0	4	
0	252	0	0	0	0	10000	1	40000	1	1000	0	0	0	3	
0	253	0	0	0	0	10000	1	40000	1	1000	0	0	0	2	
0	254	0	0	0	0	10000	1	40000	1	1000	0	0	0	1	
When maskLen < 15, the function ssw_align doesn't return 2nd best alignment information.
When maskLen < 15, the function ssw_align doesn't return 2nd best alignment information.
When maskLen < 15, the function ssw_align doesn't return 2nd best alignment information.
When maskL
Job SplitLargeReadGroup.SamToFastqAndDragmapAndMba:1:1 exited with return code 1 which has not been declared as a valid return code. See 'continueOnReturnCode' runtime attribute for more details.
Check the content of stderr for potential additional information: /mnt/nas1/projects/lasr/blendseq/warp-pipelines/warp-gatk-germline-single-sample-pipeline-master/tmp/1977401714735460022/cromwell-executions/WholeGenomeGermlineSingleSample/3d34995f-bd8e-4e1e-88c8-95f2cc6eb274/call-UnmappedBamToAlignedBam/UnmappedBamToAlignedBam/4a1c33f3-cf3d-44bd-a4eb-bf4bb8fa4c5e/call-SplitRG/shard-0/SplitLargeReadGroup/fe27c5e0-9c12-4cc7-8978-b486720a16c5/call-SamToFastqAndDragmapAndMba/shard-1/execution/stderr.
 [First 3000 bytes]:++ dragen-os --version
+ DRAGMAP_VERSION=UNKNOWN
+ '[' -z UNKNOWN ']'
+ mkdir dragen_reference
+ mv /cromwell-executions/WholeGenomeGermlineSingleSample/3d34995f-bd8e-4e1e-88c8-95f2cc6eb274/call-UnmappedBamToAlignedBam/UnmappedBamToAlignedBam/4a1c33f3-cf3d-44bd-a4eb-bf4bb8fa4c5e/call-SplitRG/shard-0/SplitLargeReadGroup/fe27c5e0-9c12-4cc7-8978-b486720a16c5/call-SamToFastqAndDragmapAndMba/shard-1/inputs/-1290198700/reference.bin /cromwell-executions/WholeGenomeGermlineSingleSample/3d34995f-bd8e-4e1e-88c8-95f2cc6eb274/call-UnmappedBamToAlignedBam/UnmappedBamToAlignedBam/4a1c33f3-cf3d-44bd-a4eb-bf4bb8fa4c5e/call-SplitRG/shard-0/SplitLargeReadGroup/fe27c5e0-9c12-4cc7-8978-b486720a16c5/call-SamToFastqAndDragmapAndMba/shard-1/inputs/-1290198700/hash_table.cfg.bin /cromwell-executions/WholeGenomeGermlineSingleSample/3d34995f-bd8e-4e1e-88c8-95f2cc6eb274/call-UnmappedBamToAlignedBam/UnmappedBamToAlignedBam/4a1c33f3-cf3d-44bd-a4eb-bf4bb8fa4c5e/call-SplitRG/shard-0/SplitLargeReadGroup/fe27c5e0-9c12-4cc7-8978-b486720a16c5/call-SamToFastqAndDragmapAndMba/shard-1/inputs/-1290198700/hash_table.cmp dragen_reference
+ dragen-os -b /cromwell-executions/WholeGenomeGermlineSingleSample/3d34995f-bd8e-4e1e-88c8-95f2cc6eb274/call-UnmappedBamToAlignedBam/UnmappedBamToAlignedBam/4a1c33f3-cf3d-44bd-a4eb-bf4bb8fa4c5e/call-SplitRG/shard-0/SplitLargeReadGroup/fe27c5e0-9c12-4cc7-8978-b486720a16c5/call-SamToFastqAndDragmapAndMba/shard-1/inputs/-1047237686/shard_0002.bam -r dragen_reference --interleaved=1 --preserve-map-align-order true
+ samtools view -h -O BAM -
++ tee shard_0002.dragmap.stderr.log
2025-11-29 15:15:59 	[76360545c7c0]	Version: UNKNOWN
2025-11-29 15:15:59 	[76360545c7c0]	argc: 8 argv: dragen-os -b /cromwell-executions/WholeGenomeGermlineSingleSample/3d34995f-bd8e-4e1e-88c8-95f2cc6eb274/call-UnmappedBamToAlignedBam/UnmappedBamToAlignedBam/4a1c33f3-cf3d-44bd-a4eb-bf4bb8fa4c5e/call-SplitRG/shard-0/SplitLargeReadGroup/fe27c5e0-9c12-4cc7-8978-b486720a16c5/call-SamToFastqAndDragmapAndMba/shard-1/inputs/-1047237686/shard_0002.bam -r dragen_reference --interleaved=1 --preserve-map-align-order true
decompHashTableCtxInit...
  0.775 seconds
decompHashTableHeader...
  0.002 seconds
decompHashTableLiterals...
  1.381 seconds
decompHashTableExtIndex...
  0.055 seconds
decompHashTableAutoHits...
  12.714 seconds
decompHashTableSetFlags...
  1.267 seconds
finished decompress
Running fastq workflow on 64 threads. System supports 64 threads.
0	249	0	0	0	0	10000	1	40000	1	1000	0	0	0	6	
0	250	0	0	0	0	10000	1	40000	1	1000	0	0	0	5	
0	251	0	0	0	0	10000	1	40000	1	1000	0	0	0	4	
0	252	0	0	0	0	10000	1	40000	1	1000	0	0	0	3	
0	253	0	0	0	0	10000	1	40000	1	1000	0	0	0	2	
0	254	0	0	0	0	10000	1	40000	1	1000	0	0	0	1	
When maskLen < 15, the function ssw_align doesn't return 2nd best alignment information.
When maskLen < 15, the function ssw_align doesn't return 2nd best alignment information.
0	0	229	300	408	328.943	132.388	1	945	1	660	95398	96290	0	0	
Initial paired-end statistics detected for 
Job SplitLargeReadGroup.SamToFastqAndDragmapAndMba:16:1 exited with return code 1 which has not been declared as a valid return code. See 'continueOnReturnCode' runtime attribute for more details.
Check the content of stderr for potential additional information: /mnt/nas1/projects/lasr/blendseq/warp-pipelines/warp-gatk-germline-single-sample-pipeline-master/tmp/1977401714735460022/cromwell-executions/WholeGenomeGermlineSingleSample/3d34995f-bd8e-4e1e-88c8-95f2cc6eb274/call-UnmappedBamToAlignedBam/UnmappedBamToAlignedBam/4a1c33f3-cf3d-44bd-a4eb-bf4bb8fa4c5e/call-SplitRG/shard-0/SplitLargeReadGroup/fe27c5e0-9c12-4cc7-8978-b486720a16c5/call-SamToFastqAndDragmapAndMba/shard-16/execution/stderr.
 [First 3000 bytes]:++ dragen-os --version
+ DRAGMAP_VERSION=UNKNOWN
+ '[' -z UNKNOWN ']'
+ mkdir dragen_reference
+ mv /cromwell-executions/WholeGenomeGermlineSingleSample/3d34995f-bd8e-4e1e-88c8-95f2cc6eb274/call-UnmappedBamToAlignedBam/UnmappedBamToAlignedBam/4a1c33f3-cf3d-44bd-a4eb-bf4bb8fa4c5e/call-SplitRG/shard-0/SplitLargeReadGroup/fe27c5e0-9c12-4cc7-8978-b486720a16c5/call-SamToFastqAndDragmapAndMba/shard-16/inputs/-1290198700/reference.bin /cromwell-executions/WholeGenomeGermlineSingleSample/3d34995f-bd8e-4e1e-88c8-95f2cc6eb274/call-UnmappedBamToAlignedBam/UnmappedBamToAlignedBam/4a1c33f3-cf3d-44bd-a4eb-bf4bb8fa4c5e/call-SplitRG/shard-0/SplitLargeReadGroup/fe27c5e0-9c12-4cc7-8978-b486720a16c5/call-SamToFastqAndDragmapAndMba/shard-16/inputs/-1290198700/hash_table.cfg.bin /cromwell-executions/WholeGenomeGermlineSingleSample/3d34995f-bd8e-4e1e-88c8-95f2cc6eb274/call-UnmappedBamToAlignedBam/UnmappedBamToAlignedBam/4a1c33f3-cf3d-44bd-a4eb-bf4bb8fa4c5e/call-SplitRG/shard-0/SplitLargeReadGroup/fe27c5e0-9c12-4cc7-8978-b486720a16c5/call-SamToFastqAndDragmapAndMba/shard-16/inputs/-1290198700/hash_table.cmp dragen_reference
+ dragen-os -b /cromwell-executions/WholeGenomeGermlineSingleSample/3d34995f-bd8e-4e1e-88c8-95f2cc6eb274/call-UnmappedBamToAlignedBam/UnmappedBamToAlignedBam/4a1c33f3-cf3d-44bd-a4eb-bf4bb8fa4c5e/call-SplitRG/shard-0/SplitLargeReadGroup/fe27c5e0-9c12-4cc7-8978-b486720a16c5/call-SamToFastqAndDragmapAndMba/shard-16/inputs/-1047237686/shard_0017.bam -r dragen_reference --interleaved=1 --preserve-map-align-order true
+ samtools view -h -O BAM -
++ tee shard_0017.dragmap.stderr.log
2025-11-29 15:16:48 	[714bfa8c67c0]	Version: UNKNOWN
2025-11-29 15:16:48 	[714bfa8c67c0]	argc: 8 argv: dragen-os -b /cromwell-executions/WholeGenomeGermlineSingleSample/3d34995f-bd8e-4e1e-88c8-95f2cc6eb274/call-UnmappedBamToAlignedBam/UnmappedBamToAlignedBam/4a1c33f3-cf3d-44bd-a4eb-bf4bb8fa4c5e/call-SplitRG/shard-0/SplitLargeReadGroup/fe27c5e0-9c12-4cc7-8978-b486720a16c5/call-SamToFastqAndDragmapAndMba/shard-16/inputs/-1047237686/shard_0017.bam -r dragen_reference --interleaved=1 --preserve-map-align-order true
decompHashTableCtxInit...
  0.773 seconds
decompHashTableHeader...
  0.002 seconds
decompHashTableLiterals...
  1.634 seconds
decompHashTableExtIndex...
  0.049 seconds
decompHashTableAutoHits...
  12.752 seconds
decompHashTableSetFlags...
  1.270 seconds
finished decompress
Running fastq workflow on 64 threads. System supports 64 threads.
0	249	0	0	0	0	10000	1	40000	1	1000	0	0	0	6	
0	250	0	0	0	0	10000	1	40000	1	1000	0	0	0	5	
0	251	0	0	0	0	10000	1	40000	1	1000	0	0	0	4	
0	252	0	0	0	0	10000	1	40000	1	1000	0	0	0	3	
0	253	0	0	0	0	10000	1	40000	1	1000	0	0	0	2	
0	254	0	0	0	0	10000	1	40000	1	1000	0	0	0	1	
When maskLen < 15, the function ssw_align doesn't return 2nd best alignment information.
When maskLen < 15, the function ssw_align doesn't return 2nd best alignment information.
When maskLen < 15, the function ssw_align doesn't return 2nd best alignment information.
When maskL
Job SplitLargeReadGroup.SamToFastqAndDragmapAndMba:20:1 exited with return code 1 which has not been declared as a valid return code. See 'continueOnReturnCode' runtime attribute for more details.
Check the content of stderr for potential additional information: /mnt/nas1/projects/lasr/blendseq/warp-pipelines/warp-gatk-germline-single-sample-pipeline-master/tmp/1977401714735460022/cromwell-executions/WholeGenomeGermlineSingleSample/3d34995f-bd8e-4e1e-88c8-95f2cc6eb274/call-UnmappedBamToAlignedBam/UnmappedBamToAlignedBam/4a1c33f3-cf3d-44bd-a4eb-bf4bb8fa4c5e/call-SplitRG/shard-0/SplitLargeReadGroup/fe27c5e0-9c12-4cc7-8978-b486720a16c5/call-SamToFastqAndDragmapAndMba/shard-20/execution/stderr.
 [First 3000 bytes]:++ dragen-os --version
+ DRAGMAP_VERSION=UNKNOWN
+ '[' -z UNKNOWN ']'
+ mkdir dragen_reference
+ mv /cromwell-executions/WholeGenomeGermlineSingleSample/3d34995f-bd8e-4e1e-88c8-95f2cc6eb274/call-UnmappedBamToAlignedBam/UnmappedBamToAlignedBam/4a1c33f3-cf3d-44bd-a4eb-bf4bb8fa4c5e/call-SplitRG/shard-0/SplitLargeReadGroup/fe27c5e0-9c12-4cc7-8978-b486720a16c5/call-SamToFastqAndDragmapAndMba/shard-20/inputs/-1290198700/reference.bin /cromwell-executions/WholeGenomeGermlineSingleSample/3d34995f-bd8e-4e1e-88c8-95f2cc6eb274/call-UnmappedBamToAlignedBam/UnmappedBamToAlignedBam/4a1c33f3-cf3d-44bd-a4eb-bf4bb8fa4c5e/call-SplitRG/shard-0/SplitLargeReadGroup/fe27c5e0-9c12-4cc7-8978-b486720a16c5/call-SamToFastqAndDragmapAndMba/shard-20/inputs/-1290198700/hash_table.cfg.bin /cromwell-executions/WholeGenomeGermlineSingleSample/3d34995f-bd8e-4e1e-88c8-95f2cc6eb274/call-UnmappedBamToAlignedBam/UnmappedBamToAlignedBam/4a1c33f3-cf3d-44bd-a4eb-bf4bb8fa4c5e/call-SplitRG/shard-0/SplitLargeReadGroup/fe27c5e0-9c12-4cc7-8978-b486720a16c5/call-SamToFastqAndDragmapAndMba/shard-20/inputs/-1290198700/hash_table.cmp dragen_reference
+ dragen-os -b /cromwell-executions/WholeGenomeGermlineSingleSample/3d34995f-bd8e-4e1e-88c8-95f2cc6eb274/call-UnmappedBamToAlignedBam/UnmappedBamToAlignedBam/4a1c33f3-cf3d-44bd-a4eb-bf4bb8fa4c5e/call-SplitRG/shard-0/SplitLargeReadGroup/fe27c5e0-9c12-4cc7-8978-b486720a16c5/call-SamToFastqAndDragmapAndMba/shard-20/inputs/-1047237686/shard_0021.bam -r dragen_reference --interleaved=1 --preserve-map-align-order true
+ samtools view -h -O BAM -
++ tee shard_0021.dragmap.stderr.log
2025-11-29 15:17:39 	[73e7bf7a37c0]	Version: UNKNOWN
2025-11-29 15:17:39 	[73e7bf7a37c0]	argc: 8 argv: dragen-os -b /cromwell-executions/WholeGenomeGermlineSingleSample/3d34995f-bd8e-4e1e-88c8-95f2cc6eb274/call-UnmappedBamToAlignedBam/UnmappedBamToAlignedBam/4a1c33f3-cf3d-44bd-a4eb-bf4bb8fa4c5e/call-SplitRG/shard-0/SplitLargeReadGroup/fe27c5e0-9c12-4cc7-8978-b486720a16c5/call-SamToFastqAndDragmapAndMba/shard-20/inputs/-1047237686/shard_0021.bam -r dragen_reference --interleaved=1 --preserve-map-align-order true
decompHashTableCtxInit...
  0.706 seconds
decompHashTableHeader...
  0.002 seconds
decompHashTableLiterals...
  1.194 seconds
decompHashTableExtIndex...
  0.053 seconds
decompHashTableAutoHits...
  12.719 seconds
decompHashTableSetFlags...
  1.280 seconds
finished decompress
Running fastq workflow on 64 threads. System supports 64 threads.
0	249	0	0	0	0	10000	1	40000	1	1000	0	0	0	6	
0	250	0	0	0	0	10000	1	40000	1	1000	0	0	0	5	
0	251	0	0	0	0	10000	1	40000	1	1000	0	0	0	4	
0	252	0	0	0	0	10000	1	40000	1	1000	0	0	0	3	
0	253	0	0	0	0	10000	1	40000	1	1000	0	0	0	2	
0	254	0	0	0	0	10000	1	40000	1	1000	0	0	0	1	
When maskLen < 15, the function ssw_align doesn't return 2nd best alignment information.
When maskLen < 15, the function ssw_align doesn't return 2nd best alignment information.
When maskLen < 15, the function ssw_align doesn't return 2nd best alignment information.
When maskL
Job SplitLargeReadGroup.SamToFastqAndDragmapAndMba:10:1 exited with return code 1 which has not been declared as a valid return code. See 'continueOnReturnCode' runtime attribute for more details.
Check the content of stderr for potential additional information: /mnt/nas1/projects/lasr/blendseq/warp-pipelines/warp-gatk-germline-single-sample-pipeline-master/tmp/1977401714735460022/cromwell-executions/WholeGenomeGermlineSingleSample/3d34995f-bd8e-4e1e-88c8-95f2cc6eb274/call-UnmappedBamToAlignedBam/UnmappedBamToAlignedBam/4a1c33f3-cf3d-44bd-a4eb-bf4bb8fa4c5e/call-SplitRG/shard-0/SplitLargeReadGroup/fe27c5e0-9c12-4cc7-8978-b486720a16c5/call-SamToFastqAndDragmapAndMba/shard-10/execution/stderr.
 [First 3000 bytes]:++ dragen-os --version
+ DRAGMAP_VERSION=UNKNOWN
+ '[' -z UNKNOWN ']'
+ mkdir dragen_reference
+ mv /cromwell-executions/WholeGenomeGermlineSingleSample/3d34995f-bd8e-4e1e-88c8-95f2cc6eb274/call-UnmappedBamToAlignedBam/UnmappedBamToAlignedBam/4a1c33f3-cf3d-44bd-a4eb-bf4bb8fa4c5e/call-SplitRG/shard-0/SplitLargeReadGroup/fe27c5e0-9c12-4cc7-8978-b486720a16c5/call-SamToFastqAndDragmapAndMba/shard-10/inputs/-1290198700/reference.bin /cromwell-executions/WholeGenomeGermlineSingleSample/3d34995f-bd8e-4e1e-88c8-95f2cc6eb274/call-UnmappedBamToAlignedBam/UnmappedBamToAlignedBam/4a1c33f3-cf3d-44bd-a4eb-bf4bb8fa4c5e/call-SplitRG/shard-0/SplitLargeReadGroup/fe27c5e0-9c12-4cc7-8978-b486720a16c5/call-SamToFastqAndDragmapAndMba/shard-10/inputs/-1290198700/hash_table.cfg.bin /cromwell-executions/WholeGenomeGermlineSingleSample/3d34995f-bd8e-4e1e-88c8-95f2cc6eb274/call-UnmappedBamToAlignedBam/UnmappedBamToAlignedBam/4a1c33f3-cf3d-44bd-a4eb-bf4bb8fa4c5e/call-SplitRG/shard-0/SplitLargeReadGroup/fe27c5e0-9c12-4cc7-8978-b486720a16c5/call-SamToFastqAndDragmapAndMba/shard-10/inputs/-1290198700/hash_table.cmp dragen_reference
+ dragen-os -b /cromwell-executions/WholeGenomeGermlineSingleSample/3d34995f-bd8e-4e1e-88c8-95f2cc6eb274/call-UnmappedBamToAlignedBam/UnmappedBamToAlignedBam/4a1c33f3-cf3d-44bd-a4eb-bf4bb8fa4c5e/call-SplitRG/shard-0/SplitLargeReadGroup/fe27c5e0-9c12-4cc7-8978-b486720a16c5/call-SamToFastqAndDragmapAndMba/shard-10/inputs/-1047237686/shard_0011.bam -r dragen_reference --interleaved=1 --preserve-map-align-order true
+ samtools view -h -O BAM -
++ tee shard_0011.dragmap.stderr.log
2025-11-29 15:18:49 	[7984157d07c0]	Version: UNKNOWN
2025-11-29 15:18:49 	[7984157d07c0]	argc: 8 argv: dragen-os -b /cromwell-executions/WholeGenomeGermlineSingleSample/3d34995f-bd8e-4e1e-88c8-95f2cc6eb274/call-UnmappedBamToAlignedBam/UnmappedBamToAlignedBam/4a1c33f3-cf3d-44bd-a4eb-bf4bb8fa4c5e/call-SplitRG/shard-0/SplitLargeReadGroup/fe27c5e0-9c12-4cc7-8978-b486720a16c5/call-SamToFastqAndDragmapAndMba/shard-10/inputs/-1047237686/shard_0011.bam -r dragen_reference --interleaved=1 --preserve-map-align-order true
decompHashTableCtxInit...
  0.773 seconds
decompHashTableHeader...
  0.002 seconds
decompHashTableLiterals...
  1.685 seconds
decompHashTableExtIndex...
  0.052 seconds
decompHashTableAutoHits...
  12.659 seconds
decompHashTableSetFlags...
  1.269 seconds
finished decompress
Running fastq workflow on 64 threads. System supports 64 threads.
0	249	0	0	0	0	10000	1	40000	1	1000	0	0	0	6	
0	250	0	0	0	0	10000	1	40000	1	1000	0	0	0	5	
0	251	0	0	0	0	10000	1	40000	1	1000	0	0	0	4	
0	252	0	0	0	0	10000	1	40000	1	1000	0	0	0	3	
0	253	0	0	0	0	10000	1	40000	1	1000	0	0	0	2	
0	254	0	0	0	0	10000	1	40000	1	1000	0	0	0	1	
0	0	228	300	408	328.258	131.819	1	948	1	658	95211	96066	0	0	
Initial paired-end statistics detected for read group all, based on 95211 high quality pairs for FR orientation
        Quartiles (25 50 75) = 228 300 408
        Mean = 328.258
        Standard deviation = 131.819
 
Job SplitLargeReadGroup.SamToFastqAndDragmapAndMba:4:1 exited with return code 1 which has not been declared as a valid return code. See 'continueOnReturnCode' runtime attribute for more details.
Check the content of stderr for potential additional information: /mnt/nas1/projects/lasr/blendseq/warp-pipelines/warp-gatk-germline-single-sample-pipeline-master/tmp/1977401714735460022/cromwell-executions/WholeGenomeGermlineSingleSample/3d34995f-bd8e-4e1e-88c8-95f2cc6eb274/call-UnmappedBamToAlignedBam/UnmappedBamToAlignedBam/4a1c33f3-cf3d-44bd-a4eb-bf4bb8fa4c5e/call-SplitRG/shard-0/SplitLargeReadGroup/fe27c5e0-9c12-4cc7-8978-b486720a16c5/call-SamToFastqAndDragmapAndMba/shard-4/execution/stderr.
 [First 3000 bytes]:++ dragen-os --version
+ DRAGMAP_VERSION=UNKNOWN
+ '[' -z UNKNOWN ']'
+ mkdir dragen_reference
+ mv /cromwell-executions/WholeGenomeGermlineSingleSample/3d34995f-bd8e-4e1e-88c8-95f2cc6eb274/call-UnmappedBamToAlignedBam/UnmappedBamToAlignedBam/4a1c33f3-cf3d-44bd-a4eb-bf4bb8fa4c5e/call-SplitRG/shard-0/SplitLargeReadGroup/fe27c5e0-9c12-4cc7-8978-b486720a16c5/call-SamToFastqAndDragmapAndMba/shard-4/inputs/-1290198700/reference.bin /cromwell-executions/WholeGenomeGermlineSingleSample/3d34995f-bd8e-4e1e-88c8-95f2cc6eb274/call-UnmappedBamToAlignedBam/UnmappedBamToAlignedBam/4a1c33f3-cf3d-44bd-a4eb-bf4bb8fa4c5e/call-SplitRG/shard-0/SplitLargeReadGroup/fe27c5e0-9c12-4cc7-8978-b486720a16c5/call-SamToFastqAndDragmapAndMba/shard-4/inputs/-1290198700/hash_table.cfg.bin /cromwell-executions/WholeGenomeGermlineSingleSample/3d34995f-bd8e-4e1e-88c8-95f2cc6eb274/call-UnmappedBamToAlignedBam/UnmappedBamToAlignedBam/4a1c33f3-cf3d-44bd-a4eb-bf4bb8fa4c5e/call-SplitRG/shard-0/SplitLargeReadGroup/fe27c5e0-9c12-4cc7-8978-b486720a16c5/call-SamToFastqAndDragmapAndMba/shard-4/inputs/-1290198700/hash_table.cmp dragen_reference
+ dragen-os -b /cromwell-executions/WholeGenomeGermlineSingleSample/3d34995f-bd8e-4e1e-88c8-95f2cc6eb274/call-UnmappedBamToAlignedBam/UnmappedBamToAlignedBam/4a1c33f3-cf3d-44bd-a4eb-bf4bb8fa4c5e/call-SplitRG/shard-0/SplitLargeReadGroup/fe27c5e0-9c12-4cc7-8978-b486720a16c5/call-SamToFastqAndDragmapAndMba/shard-4/inputs/-1047237686/shard_0005.bam -r dragen_reference --interleaved=1 --preserve-map-align-order true
+ samtools view -h -O BAM -
++ tee shard_0005.dragmap.stderr.log
2025-11-29 15:19:49 	[709f0e1617c0]	Version: UNKNOWN
2025-11-29 15:19:49 	[709f0e1617c0]	argc: 8 argv: dragen-os -b /cromwell-executions/WholeGenomeGermlineSingleSample/3d34995f-bd8e-4e1e-88c8-95f2cc6eb274/call-UnmappedBamToAlignedBam/UnmappedBamToAlignedBam/4a1c33f3-cf3d-44bd-a4eb-bf4bb8fa4c5e/call-SplitRG/shard-0/SplitLargeReadGroup/fe27c5e0-9c12-4cc7-8978-b486720a16c5/call-SamToFastqAndDragmapAndMba/shard-4/inputs/-1047237686/shard_0005.bam -r dragen_reference --interleaved=1 --preserve-map-align-order true
decompHashTableCtxInit...
  0.781 seconds
decompHashTableHeader...
  0.002 seconds
decompHashTableLiterals...
  1.573 seconds
decompHashTableExtIndex...
  0.050 seconds
decompHashTableAutoHits...
  12.742 seconds
decompHashTableSetFlags...
  1.279 seconds
finished decompress
Running fastq workflow on 64 threads. System supports 64 threads.
0	249	0	0	0	0	10000	1	40000	1	1000	0	0	0	6	
0	250	0	0	0	0	10000	1	40000	1	1000	0	0	0	5	
0	251	0	0	0	0	10000	1	40000	1	1000	0	0	0	4	
0	252	0	0	0	0	10000	1	40000	1	1000	0	0	0	3	
0	253	0	0	0	0	10000	1	40000	1	1000	0	0	0	2	
0	254	0	0	0	0	10000	1	40000	1	1000	0	0	0	1	
When maskLen < 15, the function ssw_align doesn't return 2nd best alignment information.
When maskLen < 15, the function ssw_align doesn't return 2nd best alignment information.
When maskLen < 15, the function ssw_align doesn't return 2nd best alignment information.
When maskLen < 
Job SplitLargeReadGroup.SamToFastqAndDragmapAndMba:8:1 exited with return code 1 which has not been declared as a valid return code. See 'continueOnReturnCode' runtime attribute for more details.
Check the content of stderr for potential additional information: /mnt/nas1/projects/lasr/blendseq/warp-pipelines/warp-gatk-germline-single-sample-pipeline-master/tmp/1977401714735460022/cromwell-executions/WholeGenomeGermlineSingleSample/3d34995f-bd8e-4e1e-88c8-95f2cc6eb274/call-UnmappedBamToAlignedBam/UnmappedBamToAlignedBam/4a1c33f3-cf3d-44bd-a4eb-bf4bb8fa4c5e/call-SplitRG/shard-0/SplitLargeReadGroup/fe27c5e0-9c12-4cc7-8978-b486720a16c5/call-SamToFastqAndDragmapAndMba/shard-8/execution/stderr.
 [First 3000 bytes]:++ dragen-os --version
+ DRAGMAP_VERSION=UNKNOWN
+ '[' -z UNKNOWN ']'
+ mkdir dragen_reference
+ mv /cromwell-executions/WholeGenomeGermlineSingleSample/3d34995f-bd8e-4e1e-88c8-95f2cc6eb274/call-UnmappedBamToAlignedBam/UnmappedBamToAlignedBam/4a1c33f3-cf3d-44bd-a4eb-bf4bb8fa4c5e/call-SplitRG/shard-0/SplitLargeReadGroup/fe27c5e0-9c12-4cc7-8978-b486720a16c5/call-SamToFastqAndDragmapAndMba/shard-8/inputs/-1290198700/reference.bin /cromwell-executions/WholeGenomeGermlineSingleSample/3d34995f-bd8e-4e1e-88c8-95f2cc6eb274/call-UnmappedBamToAlignedBam/UnmappedBamToAlignedBam/4a1c33f3-cf3d-44bd-a4eb-bf4bb8fa4c5e/call-SplitRG/shard-0/SplitLargeReadGroup/fe27c5e0-9c12-4cc7-8978-b486720a16c5/call-SamToFastqAndDragmapAndMba/shard-8/inputs/-1290198700/hash_table.cfg.bin /cromwell-executions/WholeGenomeGermlineSingleSample/3d34995f-bd8e-4e1e-88c8-95f2cc6eb274/call-UnmappedBamToAlignedBam/UnmappedBamToAlignedBam/4a1c33f3-cf3d-44bd-a4eb-bf4bb8fa4c5e/call-SplitRG/shard-0/SplitLargeReadGroup/fe27c5e0-9c12-4cc7-8978-b486720a16c5/call-SamToFastqAndDragmapAndMba/shard-8/inputs/-1290198700/hash_table.cmp dragen_reference
+ dragen-os -b /cromwell-executions/WholeGenomeGermlineSingleSample/3d34995f-bd8e-4e1e-88c8-95f2cc6eb274/call-UnmappedBamToAlignedBam/UnmappedBamToAlignedBam/4a1c33f3-cf3d-44bd-a4eb-bf4bb8fa4c5e/call-SplitRG/shard-0/SplitLargeReadGroup/fe27c5e0-9c12-4cc7-8978-b486720a16c5/call-SamToFastqAndDragmapAndMba/shard-8/inputs/-1047237686/shard_0009.bam -r dragen_reference --interleaved=1 --preserve-map-align-order true
+ samtools view -h -O BAM -
++ tee shard_0009.dragmap.stderr.log
2025-11-29 15:20:39 	[7a270bb617c0]	Version: UNKNOWN
2025-11-29 15:20:39 	[7a270bb617c0]	argc: 8 argv: dragen-os -b /cromwell-executions/WholeGenomeGermlineSingleSample/3d34995f-bd8e-4e1e-88c8-95f2cc6eb274/call-UnmappedBamToAlignedBam/UnmappedBamToAlignedBam/4a1c33f3-cf3d-44bd-a4eb-bf4bb8fa4c5e/call-SplitRG/shard-0/SplitLargeReadGroup/fe27c5e0-9c12-4cc7-8978-b486720a16c5/call-SamToFastqAndDragmapAndMba/shard-8/inputs/-1047237686/shard_0009.bam -r dragen_reference --interleaved=1 --preserve-map-align-order true
decompHashTableCtxInit...
  0.776 seconds
decompHashTableHeader...
  0.002 seconds
decompHashTableLiterals...
  1.722 seconds
decompHashTableExtIndex...
  0.046 seconds
decompHashTableAutoHits...
  12.632 seconds
decompHashTableSetFlags...
  1.276 seconds
finished decompress
Running fastq workflow on 64 threads. System supports 64 threads.
0	249	0	0	0	0	10000	1	40000	1	1000	0	0	0	6	
0	250	0	0	0	0	10000	1	40000	1	1000	0	0	0	5	
0	251	0	0	0	0	10000	1	40000	1	1000	0	0	0	4	
0	252	0	0	0	0	10000	1	40000	1	1000	0	0	0	3	
0	253	0	0	0	0	10000	1	40000	1	1000	0	0	0	2	
0	254	0	0	0	0	10000	1	40000	1	1000	0	0	0	1	
0	0	228	300	410	329.825	134.154	1	956	1	665	96397	97244	0	0	
Initial paired-end statistics detected for read group all, based on 96397 high quality pairs for FR orientation
        Quartiles (25 50 75) = 228 300 410
        Mean = 329.825
        Standard deviation = 134.154
      
Job SplitLargeReadGroup.SamToFastqAndDragmapAndMba:24:1 exited with return code 1 which has not been declared as a valid return code. See 'continueOnReturnCode' runtime attribute for more details.
Check the content of stderr for potential additional information: /mnt/nas1/projects/lasr/blendseq/warp-pipelines/warp-gatk-germline-single-sample-pipeline-master/tmp/1977401714735460022/cromwell-executions/WholeGenomeGermlineSingleSample/3d34995f-bd8e-4e1e-88c8-95f2cc6eb274/call-UnmappedBamToAlignedBam/UnmappedBamToAlignedBam/4a1c33f3-cf3d-44bd-a4eb-bf4bb8fa4c5e/call-SplitRG/shard-0/SplitLargeReadGroup/fe27c5e0-9c12-4cc7-8978-b486720a16c5/call-SamToFastqAndDragmapAndMba/shard-24/execution/stderr.
 [First 3000 bytes]:++ dragen-os --version
+ DRAGMAP_VERSION=UNKNOWN
+ '[' -z UNKNOWN ']'
+ mkdir dragen_reference
+ mv /cromwell-executions/WholeGenomeGermlineSingleSample/3d34995f-bd8e-4e1e-88c8-95f2cc6eb274/call-UnmappedBamToAlignedBam/UnmappedBamToAlignedBam/4a1c33f3-cf3d-44bd-a4eb-bf4bb8fa4c5e/call-SplitRG/shard-0/SplitLargeReadGroup/fe27c5e0-9c12-4cc7-8978-b486720a16c5/call-SamToFastqAndDragmapAndMba/shard-24/inputs/-1290198700/reference.bin /cromwell-executions/WholeGenomeGermlineSingleSample/3d34995f-bd8e-4e1e-88c8-95f2cc6eb274/call-UnmappedBamToAlignedBam/UnmappedBamToAlignedBam/4a1c33f3-cf3d-44bd-a4eb-bf4bb8fa4c5e/call-SplitRG/shard-0/SplitLargeReadGroup/fe27c5e0-9c12-4cc7-8978-b486720a16c5/call-SamToFastqAndDragmapAndMba/shard-24/inputs/-1290198700/hash_table.cfg.bin /cromwell-executions/WholeGenomeGermlineSingleSample/3d34995f-bd8e-4e1e-88c8-95f2cc6eb274/call-UnmappedBamToAlignedBam/UnmappedBamToAlignedBam/4a1c33f3-cf3d-44bd-a4eb-bf4bb8fa4c5e/call-SplitRG/shard-0/SplitLargeReadGroup/fe27c5e0-9c12-4cc7-8978-b486720a16c5/call-SamToFastqAndDragmapAndMba/shard-24/inputs/-1290198700/hash_table.cmp dragen_reference
+ dragen-os -b /cromwell-executions/WholeGenomeGermlineSingleSample/3d34995f-bd8e-4e1e-88c8-95f2cc6eb274/call-UnmappedBamToAlignedBam/UnmappedBamToAlignedBam/4a1c33f3-cf3d-44bd-a4eb-bf4bb8fa4c5e/call-SplitRG/shard-0/SplitLargeReadGroup/fe27c5e0-9c12-4cc7-8978-b486720a16c5/call-SamToFastqAndDragmapAndMba/shard-24/inputs/-1047237686/shard_0025.bam -r dragen_reference --interleaved=1 --preserve-map-align-order true
+ samtools view -h -O BAM -
++ tee shard_0025.dragmap.stderr.log
2025-11-29 15:21:39 	[70f405ee47c0]	Version: UNKNOWN
2025-11-29 15:21:39 	[70f405ee47c0]	argc: 8 argv: dragen-os -b /cromwell-executions/WholeGenomeGermlineSingleSample/3d34995f-bd8e-4e1e-88c8-95f2cc6eb274/call-UnmappedBamToAlignedBam/UnmappedBamToAlignedBam/4a1c33f3-cf3d-44bd-a4eb-bf4bb8fa4c5e/call-SplitRG/shard-0/SplitLargeReadGroup/fe27c5e0-9c12-4cc7-8978-b486720a16c5/call-SamToFastqAndDragmapAndMba/shard-24/inputs/-1047237686/shard_0025.bam -r dragen_reference --interleaved=1 --preserve-map-align-order true
decompHashTableCtxInit...
  0.781 seconds
decompHashTableHeader...
  0.001 seconds
decompHashTableLiterals...
  1.748 seconds
decompHashTableExtIndex...
  0.063 seconds
decompHashTableAutoHits...
  12.683 seconds
decompHashTableSetFlags...
  1.278 seconds
finished decompress
Running fastq workflow on 64 threads. System supports 64 threads.
0	249	0	0	0	0	10000	1	40000	1	1000	0	0	0	6	
0	250	0	0	0	0	10000	1	40000	1	1000	0	0	0	5	
0	251	0	0	0	0	10000	1	40000	1	1000	0	0	0	4	
0	252	0	0	0	0	10000	1	40000	1	1000	0	0	0	3	
0	253	0	0	0	0	10000	1	40000	1	1000	0	0	0	2	
0	254	0	0	0	0	10000	1	40000	1	1000	0	0	0	1	
When maskLen < 15, the function ssw_align doesn't return 2nd best alignment information.
When maskLen < 15, the function ssw_align doesn't return 2nd best alignment information.
When maskLen < 15, the function ssw_align doesn't return 2nd best alignment information.
When maskL
[2025-11-29 15:22:47,71] [info] WorkflowManagerActor: Workflow actor for 3d34995f-bd8e-4e1e-88c8-95f2cc6eb274 completed with status 'Failed'. The workflow will be removed from the workflow store.
[2025-11-29 15:23:43,13] [info] SingleWorkflowRunnerActor workflow finished with status 'Failed'.
[2025-11-29 15:23:47,70] [info] Workflow polling stopped
[2025-11-29 15:23:47,72] [info] 0 workflows released by cromid-92940b9
[2025-11-29 15:23:47,72] [info] Shutting down WorkflowStoreActor - Timeout = 5 seconds
[2025-11-29 15:23:47,72] [info] Shutting down WorkflowLogCopyRouter - Timeout = 5 seconds
[2025-11-29 15:23:47,72] [info] Shutting down JobExecutionTokenDispenser - Timeout = 5 seconds
[2025-11-29 15:23:47,72] [info] JobExecutionTokenDispenser stopped
[2025-11-29 15:23:47,72] [info] Aborting all running workflows.
[2025-11-29 15:23:47,73] [info] WorkflowStoreActor stopped
[2025-11-29 15:23:47,73] [info] WorkflowLogCopyRouter stopped
[2025-11-29 15:23:47,73] [info] Shutting down WorkflowManagerActor - Timeout = 3600 seconds
[2025-11-29 15:23:47,73] [info] WorkflowManagerActor: All workflows finished
[2025-11-29 15:23:47,73] [info] WorkflowManagerActor stopped
[2025-11-29 15:23:47,89] [info] Connection pools shut down
[2025-11-29 15:23:47,89] [info] Shutting down SubWorkflowStoreActor - Timeout = 1800 seconds
[2025-11-29 15:23:47,89] [info] Shutting down JobStoreActor - Timeout = 1800 seconds
[2025-11-29 15:23:47,89] [info] Shutting down CallCacheWriteActor - Timeout = 1800 seconds
[2025-11-29 15:23:47,89] [info] Shutting down ServiceRegistryActor - Timeout = 1800 seconds
[2025-11-29 15:23:47,89] [info] Shutting down DockerHashActor - Timeout = 1800 seconds
[2025-11-29 15:23:47,89] [info] Shutting down IoProxy - Timeout = 1800 seconds
[2025-11-29 15:23:47,89] [info] SubWorkflowStoreActor stopped
[2025-11-29 15:23:47,90] [info] JobStoreActor stopped
[2025-11-29 15:23:47,90] [info] CallCacheWriteActor Shutting down: 0 queued messages to process
[2025-11-29 15:23:47,90] [info] CallCacheWriteActor stopped
[2025-11-29 15:23:47,90] [info] KvWriteActor Shutting down: 0 queued messages to process
[2025-11-29 15:23:47,90] [info] WriteMetadataActor Shutting down: 0 queued messages to process
[2025-11-29 15:23:47,90] [info] IoProxy stopped
[2025-11-29 15:23:47,90] [info] DockerHashActor stopped
[2025-11-29 15:23:47,90] [info] ServiceRegistryActor stopped
[2025-11-29 15:23:47,91] [info] Shutting down connection pool: curAllocated=0 idleQueues.size=0 waitQueue.size=0 maxWaitQueueLimit=256 closed=false
[2025-11-29 15:23:47,91] [info] Shutting down connection pool: curAllocated=0 idleQueues.size=0 waitQueue.size=0 maxWaitQueueLimit=256 closed=false
[2025-11-29 15:23:47,91] [info] Shutting down connection pool: curAllocated=0 idleQueues.size=0 waitQueue.size=0 maxWaitQueueLimit=256 closed=false
[2025-11-29 15:23:47,91] [info] Database closed
[2025-11-29 15:23:47,92] [info] Stream materializer shut down
[2025-11-29 15:23:47,92] [info] WDL HTTP import resolver closed
15:23:48.537 [main] ERROR io.dockstore.common.Utilities -- problems running command: java -Duser_id=1027 -Dgroup_id=1028 -Dconfig.file=/mnt/nas1/projects/lasr/blendseq/warp-pipelines/warp-gatk-germline-single-sample-pipeline-master/cromwell.conf -jar /home/darja/.dockstore/libraries/cromwell-91.jar run --inputs /mnt/nas1/projects/lasr/blendseq/warp-pipelines/warp-gatk-germline-single-sample-pipeline-master/tmp/foo7926056796115271194json /mnt/nas1/projects/lasr/blendseq/warp-pipelines/warp-gatk-germline-single-sample-pipeline-master/pipelines/wdl/dna_seq/germline/single_sample/wgs/WholeGenomeGermlineSingleSample.wdl
org.apache.commons.exec.ExecuteException: Process exited with an error: 1 (Exit value: 1)
	at org.apache.commons.exec.DefaultExecutor.executeInternal(DefaultExecutor.java:404)
	at org.apache.commons.exec.DefaultExecutor.access$200(DefaultExecutor.java:48)
	at org.apache.commons.exec.DefaultExecutor$1.run(DefaultExecutor.java:200)
	at java.base/java.lang.Thread.run(Thread.java:840)
15:23:48.554 [main] ERROR io.dockstore.client.cli.nested.BaseLanguageClient -- Problem running launcherCromwell: 
java.lang.IllegalStateException: problems running command: {}java -Duser_id=1027 -Dgroup_id=1028 -Dconfig.file=/mnt/nas1/projects/lasr/blendseq/warp-pipelines/warp-gatk-germline-single-sample-pipeline-master/cromwell.conf -jar /home/darja/.dockstore/libraries/cromwell-91.jar run --inputs /mnt/nas1/projects/lasr/blendseq/warp-pipelines/warp-gatk-germline-single-sample-pipeline-master/tmp/foo7926056796115271194json /mnt/nas1/projects/lasr/blendseq/warp-pipelines/warp-gatk-germline-single-sample-pipeline-master/pipelines/wdl/dna_seq/germline/single_sample/wgs/WholeGenomeGermlineSingleSample.wdl
	at io.dockstore.common.Utilities.executeCommand(Utilities.java:190)
	at io.dockstore.common.Utilities.executeCommand(Utilities.java:106)
	at io.dockstore.client.cli.nested.BaseLauncher.executeEntry(BaseLauncher.java:123)
	at io.dockstore.client.cli.nested.BaseLanguageClient.commonExecutionCode(BaseLanguageClient.java:420)
	at io.github.collaboratory.wdl.WDLClient.executeEntry(WDLClient.java:153)
	at io.dockstore.client.cli.nested.BaseLanguageClient.launchPipeline(BaseLanguageClient.java:198)
	at io.github.collaboratory.wdl.WDLClient.launch(WDLClient.java:81)
	at io.dockstore.client.cli.nested.WorkflowClient.checkEntryFile(WorkflowClient.java:577)
	at io.dockstore.client.cli.nested.WorkflowClient.launchWithArgs(WorkflowClient.java:523)
	at io.dockstore.client.cli.nested.WorkflowClient.launch(WorkflowClient.java:473)
	at io.dockstore.client.cli.nested.AbstractEntryClient.processEntryCommands(AbstractEntryClient.java:347)
	at io.dockstore.client.cli.Client.run(Client.java:751)
	at io.dockstore.client.cli.Client.main(Client.java:646)
Caused by: org.apache.commons.exec.ExecuteException: problems running command: {}java -Duser_id=1027 -Dgroup_id=1028 -Dconfig.file=/mnt/nas1/projects/lasr/blendseq/warp-pipelines/warp-gatk-germline-single-sample-pipeline-master/cromwell.conf -jar /home/darja/.dockstore/libraries/cromwell-91.jar run --inputs /mnt/nas1/projects/lasr/blendseq/warp-pipelines/warp-gatk-germline-single-sample-pipeline-master/tmp/foo7926056796115271194json /mnt/nas1/projects/lasr/blendseq/warp-pipelines/warp-gatk-germline-single-sample-pipeline-master/pipelines/wdl/dna_seq/germline/single_sample/wgs/WholeGenomeGermlineSingleSample.wdl (Exit value: 1)
	at io.dockstore.common.Utilities.executeCommand(Utilities.java:186)
	... 12 common frames omitted
Cromwell exit code: 1
Workflow complete
