[2026-03-30 15:11:02,99] [info] Running with database db.url = jdbc:hsqldb:mem:a2a3b5aa-44a4-4a76-86c9-6e4676de9261;shutdown=false;hsqldb.tx=mvcc
[2026-03-30 15:11:05,01] [info] Running migration RenameWorkflowOptionsInMetadata with a read batch size of 100000 and a write batch size of 100000
[2026-03-30 15:11:05,03] [info] [RenameWorkflowOptionsInMetadata] 100%
[2026-03-30 15:11:05,30] [info] Running with database db.url = jdbc:hsqldb:mem:b480588d-1f05-4751-a8cf-51425e7cff66;shutdown=false;hsqldb.tx=mvcc
[2026-03-30 15:11:05,79] [info] Slf4jLogger started
[2026-03-30 15:11:05,97] [info] Workflow heartbeat configuration:
{
  "cromwellId" : "cromid-e5cb535",
  "heartbeatInterval" : "2 minutes",
  "ttl" : "10 minutes",
  "failureShutdownDuration" : "5 minutes",
  "writeBatchSize" : 10000,
  "writeThreshold" : 10000
}
[2026-03-30 15:11:06,03] [info] Metadata summary refreshing every 1 second.
[2026-03-30 15:11:06,04] [info] No metadata archiver defined in config
[2026-03-30 15:11:06,04] [info] No metadata deleter defined in config
[2026-03-30 15:11:06,04] [info] KvWriteActor configured to flush with batch size 200 and process rate 5 seconds.
[2026-03-30 15:11:06,05] [info] WriteMetadataActor configured to flush with batch size 200 and process rate 5 seconds.
[2026-03-30 15:11:06,08] [info] CallCacheWriteActor configured to flush with batch size 100 and process rate 3 seconds.
[2026-03-30 15:11:06,15] [info] JobRestartCheckTokenDispenser - Distribution rate: 50 per 1 seconds.
[2026-03-30 15:11:06,17] [info] JobExecutionTokenDispenser - Distribution rate: 20 per 10 seconds.
[2026-03-30 15:11:06,17] [info] GroupMetricsActor configured to log groups experiencing quota exhaustion at interval of 5 minutes.
[2026-03-30 15:11:06,21] [info] SingleWorkflowRunnerActor: Version 91
[2026-03-30 15:11:06,22] [info] SingleWorkflowRunnerActor: Submitting workflow
[2026-03-30 15:11:06,30] [info] 1 new workflows fetched by cromid-e5cb535: d3b27253-def8-4fcc-8159-f1f8d49265cf
[2026-03-30 15:11:06,32] [info] Unspecified type (Unspecified version) workflow d3b27253-def8-4fcc-8159-f1f8d49265cf submitted
[2026-03-30 15:11:06,32] [info] WorkflowManagerActor: Starting workflow [38;5;2md3b27253-def8-4fcc-8159-f1f8d49265cf[0m
[2026-03-30 15:11:06,33] [info] WorkflowManagerActor: Successfully started WorkflowActor-d3b27253-def8-4fcc-8159-f1f8d49265cf
[2026-03-30 15:11:06,33] [info] Retrieved 1 workflows from the WorkflowStoreActor
[2026-03-30 15:11:06,33] [info] SingleWorkflowRunnerActor: Workflow submitted [38;5;2md3b27253-def8-4fcc-8159-f1f8d49265cf[0m
[2026-03-30 15:11:06,36] [info] WorkflowStoreHeartbeatWriteActor configured to flush with batch size 10000 and process rate 2 minutes.
[2026-03-30 15:11:06,48] [info] MaterializeWorkflowDescriptorActor [[38;5;2md3b27253[0m]: Parsing workflow as WDL 1.0
[2026-03-30 15:11:08,66] [info] MaterializeWorkflowDescriptorActor [[38;5;2md3b27253[0m]: Call-to-Backend assignments: WholeGenomeGermlineSingleSample.PresetArgumentsError -> Docker, VariantCalling.ErrorMessageIncorrectInput -> Docker, SplitLargeReadGroup.SamToFastqAndDragmapAndMba -> Docker, UnmappedBamToAlignedBam.SamToFastqAndBwaMemAndMba -> Docker, VariantCalling.MergeVCFs -> Docker, SplitLargeReadGroup.SamToFastqAndBwaMemAndMba -> Docker, UnmappedBamToAlignedBam.SamToFastqAndDragmapAndMba -> Docker, UnmappedBamToAlignedBam.BaseRecalibrator -> Docker, AggregatedBamQC.CollectReadgroupBamQualityMetrics -> Docker, WholeGenomeGermlineSingleSample.CollectWgsMetrics -> Docker, UnmappedBamToAlignedBam.GatherBamFiles -> Docker, SplitLargeReadGroup.GatherMonolithicBamFile -> Docker, BamToCram.CheckPreValidation -> Docker, UnmappedBamToAlignedBam.CollectUnsortedReadgroupBamQualityMetrics -> Docker, VariantCalling.ValidateVCF -> Docker, VariantCalling.DragstrAutoCalibration -> Docker, UnmappedBamToAlignedBam.CollectQualityYieldMetrics -> Docker, WholeGenomeGermlineSingleSample.CollectRawWgsMetrics -> Docker, BamToCram.ConvertToCram -> Docker, UnmappedBamToAlignedBam.CrossCheckFingerprints -> Docker, UnmappedBamToAlignedBam.CheckContamination -> Docker, UnmappedBamToAlignedBam.MarkDuplicates -> Docker, UnmappedBamToAlignedBam.GatherBqsrReports -> Docker, VariantCalling.CollectVariantCallingMetrics -> Docker, VariantCalling.MergeBamouts -> Docker, WholeGenomeGermlineSingleSample.DragenModeVariantCallingAndGATK3Error -> Docker, VariantCalling.ScatterIntervalList -> Docker, UnmappedBamToAlignedBam.SortSampleBam -> Docker, SplitLargeReadGroup.SamSplitter -> Docker, BamToCram.ValidateCram -> Docker, VariantCalling.Reblock -> Docker, UnmappedBamToAlignedBam.CreateSequenceGroupingTSV -> Docker, VariantCalling.DragenHardFilterVcf -> Docker, VariantCalling.HaplotypeCallerGATK3 -> Docker, AggregatedBamQC.CollectAggregationMetrics -> Docker, VariantCalling.HaplotypeCallerGATK4 -> Docker, VariantCalling.SortBamout -> Docker, AggregatedBamQC.CalculateReadGroupChecksum -> Docker, AggregatedBamQC.CheckFingerprintTask -> Docker, UnmappedBamToAlignedBam.ApplyBQSR -> Docker
[2026-03-30 15:11:08,79] [[38;5;220mwarn[0m] Docker [[38;5;2md3b27253[0m]: Key/s [preemptible, disks, cpu, memory] is/are not supported by backend. Unsupported attributes will not be part of job executions.
[2026-03-30 15:11:08,79] [[38;5;220mwarn[0m] Docker [[38;5;2md3b27253[0m]: Key/s [preemptible, disks, cpu, memory] is/are not supported by backend. Unsupported attributes will not be part of job executions.
[2026-03-30 15:11:08,79] [[38;5;220mwarn[0m] Docker [[38;5;2md3b27253[0m]: Key/s [preemptible, memory, disks] is/are not supported by backend. Unsupported attributes will not be part of job executions.
[2026-03-30 15:11:08,80] [[38;5;220mwarn[0m] Docker [[38;5;2md3b27253[0m]: Key/s [preemptible, disks, cpu, memory] is/are not supported by backend. Unsupported attributes will not be part of job executions.
[2026-03-30 15:11:08,80] [[38;5;220mwarn[0m] Docker [[38;5;2md3b27253[0m]: Key/s [preemptible, disks, cpu, memory] is/are not supported by backend. Unsupported attributes will not be part of job executions.
[2026-03-30 15:11:08,80] [[38;5;220mwarn[0m] Docker [[38;5;2md3b27253[0m]: Key/s [preemptible, bootDiskSizeGb, disks, memory] is/are not supported by backend. Unsupported attributes will not be part of job executions.
[2026-03-30 15:11:08,80] [[38;5;220mwarn[0m] Docker [[38;5;2md3b27253[0m]: Key/s [memory, disks, preemptible] is/are not supported by backend. Unsupported attributes will not be part of job executions.
[2026-03-30 15:11:08,80] [[38;5;220mwarn[0m] Docker [[38;5;2md3b27253[0m]: Key/s [preemptible, memory, disks] is/are not supported by backend. Unsupported attributes will not be part of job executions.
[2026-03-30 15:11:08,80] [[38;5;220mwarn[0m] Docker [[38;5;2md3b27253[0m]: Key/s [preemptible, memory, disks] is/are not supported by backend. Unsupported attributes will not be part of job executions.
[2026-03-30 15:11:08,80] [[38;5;220mwarn[0m] Docker [[38;5;2md3b27253[0m]: Key/s [preemptible, memory, disks] is/are not supported by backend. Unsupported attributes will not be part of job executions.
[2026-03-30 15:11:08,80] [[38;5;220mwarn[0m] Docker [[38;5;2md3b27253[0m]: Key/s [preemptible, memory] is/are not supported by backend. Unsupported attributes will not be part of job executions.
[2026-03-30 15:11:08,80] [[38;5;220mwarn[0m] Docker [[38;5;2md3b27253[0m]: Key/s [memory, disks, preemptible] is/are not supported by backend. Unsupported attributes will not be part of job executions.
[2026-03-30 15:11:08,80] [[38;5;220mwarn[0m] Docker [[38;5;2md3b27253[0m]: Key/s [preemptible, bootDiskSizeGb, disks, memory] is/are not supported by backend. Unsupported attributes will not be part of job executions.
[2026-03-30 15:11:08,80] [[38;5;220mwarn[0m] Docker [[38;5;2md3b27253[0m]: Key/s [preemptible, disks, cpu, memory] is/are not supported by backend. Unsupported attributes will not be part of job executions.
[2026-03-30 15:11:08,80] [[38;5;220mwarn[0m] Docker [[38;5;2md3b27253[0m]: Key/s [disks, memory, preemptible] is/are not supported by backend. Unsupported attributes will not be part of job executions.
[2026-03-30 15:11:08,80] [[38;5;220mwarn[0m] Docker [[38;5;2md3b27253[0m]: Key/s [preemptible, memory, disks] is/are not supported by backend. Unsupported attributes will not be part of job executions.
[2026-03-30 15:11:08,80] [[38;5;220mwarn[0m] Docker [[38;5;2md3b27253[0m]: Key/s [preemptible, disks, cpu, memory] is/are not supported by backend. Unsupported attributes will not be part of job executions.
[2026-03-30 15:11:08,80] [[38;5;220mwarn[0m] Docker [[38;5;2md3b27253[0m]: Key/s [preemptible, memory, disks] is/are not supported by backend. Unsupported attributes will not be part of job executions.
[2026-03-30 15:11:08,80] [[38;5;220mwarn[0m] Docker [[38;5;2md3b27253[0m]: Key/s [preemptible, disks, cpu, memory] is/are not supported by backend. Unsupported attributes will not be part of job executions.
[2026-03-30 15:11:08,80] [[38;5;220mwarn[0m] Docker [[38;5;2md3b27253[0m]: Key/s [preemptible, memory, disks] is/are not supported by backend. Unsupported attributes will not be part of job executions.
[2026-03-30 15:11:08,80] [[38;5;220mwarn[0m] Docker [[38;5;2md3b27253[0m]: Key/s [preemptible, bootDiskSizeGb, disks, memory] is/are not supported by backend. Unsupported attributes will not be part of job executions.
[2026-03-30 15:11:08,80] [[38;5;220mwarn[0m] Docker [[38;5;2md3b27253[0m]: Key/s [preemptible, memory, disks] is/are not supported by backend. Unsupported attributes will not be part of job executions.
[2026-03-30 15:11:08,80] [[38;5;220mwarn[0m] Docker [[38;5;2md3b27253[0m]: Key/s [preemptible, disks, cpu, memory] is/are not supported by backend. Unsupported attributes will not be part of job executions.
[2026-03-30 15:11:08,80] [[38;5;220mwarn[0m] Docker [[38;5;2md3b27253[0m]: Key/s [memory] is/are not supported by backend. Unsupported attributes will not be part of job executions.
[2026-03-30 15:11:08,80] [[38;5;220mwarn[0m] Docker [[38;5;2md3b27253[0m]: Key/s [preemptible, disks, cpu, memory] is/are not supported by backend. Unsupported attributes will not be part of job executions.
[2026-03-30 15:11:08,80] [[38;5;220mwarn[0m] Docker [[38;5;2md3b27253[0m]: Key/s [preemptible, memory, disks] is/are not supported by backend. Unsupported attributes will not be part of job executions.
[2026-03-30 15:11:08,80] [[38;5;220mwarn[0m] Docker [[38;5;2md3b27253[0m]: Key/s [preemptible, memory, disks] is/are not supported by backend. Unsupported attributes will not be part of job executions.
[2026-03-30 15:11:08,80] [[38;5;220mwarn[0m] Docker [[38;5;2md3b27253[0m]: Key/s [preemptible, bootDiskSizeGb, disks, memory] is/are not supported by backend. Unsupported attributes will not be part of job executions.
[2026-03-30 15:11:08,80] [[38;5;220mwarn[0m] Docker [[38;5;2md3b27253[0m]: Key/s [preemptible, memory] is/are not supported by backend. Unsupported attributes will not be part of job executions.
[2026-03-30 15:11:08,80] [[38;5;220mwarn[0m] Docker [[38;5;2md3b27253[0m]: Key/s [preemptible, bootDiskSizeGb, disks, memory] is/are not supported by backend. Unsupported attributes will not be part of job executions.
[2026-03-30 15:11:08,80] [[38;5;220mwarn[0m] Docker [[38;5;2md3b27253[0m]: Key/s [preemptible, disks, cpu, memory] is/are not supported by backend. Unsupported attributes will not be part of job executions.
[2026-03-30 15:11:08,80] [[38;5;220mwarn[0m] Docker [[38;5;2md3b27253[0m]: Key/s [memory, disks, preemptible] is/are not supported by backend. Unsupported attributes will not be part of job executions.
[2026-03-30 15:11:08,80] [[38;5;220mwarn[0m] Docker [[38;5;2md3b27253[0m]: Key/s [preemptible, bootDiskSizeGb, disks, cpu, memory] is/are not supported by backend. Unsupported attributes will not be part of job executions.
[2026-03-30 15:11:08,80] [[38;5;220mwarn[0m] Docker [[38;5;2md3b27253[0m]: Key/s [preemptible, disks, cpu, memory] is/are not supported by backend. Unsupported attributes will not be part of job executions.
[2026-03-30 15:11:08,80] [[38;5;220mwarn[0m] Docker [[38;5;2md3b27253[0m]: Key/s [preemptible, memory, disks] is/are not supported by backend. Unsupported attributes will not be part of job executions.
[2026-03-30 15:11:08,80] [[38;5;220mwarn[0m] Docker [[38;5;2md3b27253[0m]: Key/s [disks, memory, preemptible] is/are not supported by backend. Unsupported attributes will not be part of job executions.
[2026-03-30 15:11:08,80] [[38;5;220mwarn[0m] Docker [[38;5;2md3b27253[0m]: Key/s [preemptible, bootDiskSizeGb, disks, memory] is/are not supported by backend. Unsupported attributes will not be part of job executions.
[2026-03-30 15:11:11,15] [info] Not triggering log of restart checking token queue status. Effective log interval = None
[2026-03-30 15:11:11,18] [info] Not triggering log of execution token queue status. Effective log interval = None
[2026-03-30 15:11:12,07] [info] d3b27253-def8-4fcc-8159-f1f8d49265cf-SubWorkflowExecutionActor-SubWorkflow-UnmappedBamToAlignedBam:-1:1 [[38;5;2md3b27253[0mSubWorkflow-UnmappedBamToAlignedBam:-1:1]: Running subworkflow: 3102800d-c908-42dc-bfb2-6f5ddbcd42a0, root: d3b27253-def8-4fcc-8159-f1f8d49265cf
[2026-03-30 15:11:14,12] [info] 3102800d-c908-42dc-bfb2-6f5ddbcd42a0-SubWorkflowActor-SubWorkflow-UnmappedBamToAlignedBam:-1:1 [[38;5;2m3102800d[0m]: Starting UnmappedBamToAlignedBam.CreateSequenceGroupingTSV
[2026-03-30 15:11:16,20] [info] Assigned new job execution tokens to the following groups: d3b27253: 1
[2026-03-30 15:11:17,30] [info] 3102800d-c908-42dc-bfb2-6f5ddbcd42a0-SubWorkflowActor-SubWorkflow-UnmappedBamToAlignedBam:-1:1 [[38;5;2m3102800d[0m]: Starting UnmappedBamToAlignedBam.CollectQualityYieldMetrics
[2026-03-30 15:11:17,52] [[38;5;220mwarn[0m] BackgroundConfigAsyncJobExecutionActor [[38;5;2m3102800d[0mUnmappedBamToAlignedBam.CreateSequenceGroupingTSV:NA:1]: Unrecognized runtime attribute keys: preemptible, memory
[2026-03-30 15:11:17,72] [info] BackgroundConfigAsyncJobExecutionActor [[38;5;2m3102800d[0mUnmappedBamToAlignedBam.CreateSequenceGroupingTSV:NA:1]: [38;5;5mpython3 <<CODE
with open("/cromwell-executions1/WholeGenomeGermlineSingleSample/d3b27253-def8-4fcc-8159-f1f8d49265cf/call-UnmappedBamToAlignedBam/UnmappedBamToAlignedBam/3102800d-c908-42dc-bfb2-6f5ddbcd42a0/call-CreateSequenceGroupingTSV/inputs/-1569105944/Homo_sapiens_assembly38_masked.dict", "r") as ref_dict_file:
    sequence_tuple_list = []
    longest_sequence = 0
    for line in ref_dict_file:
        if line.startswith("@SQ"):
            line_split = line.split("\t")
            # (Sequence_Name, Sequence_Length)
            sequence_tuple_list.append((line_split[1].split("SN:")[1], int(line_split[2].split("LN:")[1])))
    longest_sequence = sorted(sequence_tuple_list, key=lambda x: x[1], reverse=True)[0][1]
# We are adding this to the intervals because hg38 has contigs named with embedded colons and a bug in GATK strips off
# the last element after a :, so we add this as a sacrificial element.
hg38_protection_tag = ":1+"
# initialize the tsv string with the first sequence
tsv_string = sequence_tuple_list[0][0] + hg38_protection_tag
temp_size = sequence_tuple_list[0][1]
for sequence_tuple in sequence_tuple_list[1:]:
    if temp_size + sequence_tuple[1] <= longest_sequence:
        temp_size += sequence_tuple[1]
        tsv_string += "\t" + sequence_tuple[0] + hg38_protection_tag
    else:
        tsv_string += "\n" + sequence_tuple[0] + hg38_protection_tag
        temp_size = sequence_tuple[1]
# add the unmapped sequences as a separate line to ensure that they are recalibrated as well
with open("sequence_grouping.txt","w") as tsv_file:
  tsv_file.write(tsv_string)
  tsv_file.close()

tsv_string += '\n' + "unmapped"

with open("sequence_grouping_with_unmapped.txt","w") as tsv_file_with_unmapped:
  tsv_file_with_unmapped.write(tsv_string)
  tsv_file_with_unmapped.close()
CODE[0m
[2026-03-30 15:11:17,83] [info] BackgroundConfigAsyncJobExecutionActor [[38;5;2m3102800d[0mUnmappedBamToAlignedBam.CreateSequenceGroupingTSV:NA:1]: executing: # make sure there is no preexisting Docker CID file
rm -f /mnt/nas1/projects/lasr/blendseq/warp-pipelines/warp-gatk-germline-single-sample-pipeline-master/cromwell-executions1/WholeGenomeGermlineSingleSample/d3b27253-def8-4fcc-8159-f1f8d49265cf/call-UnmappedBamToAlignedBam/UnmappedBamToAlignedBam/3102800d-c908-42dc-bfb2-6f5ddbcd42a0/call-CreateSequenceGroupingTSV/execution/docker_cid
# run as in the original configuration without --rm flag (will remove later)
docker run \
  --cidfile /mnt/nas1/projects/lasr/blendseq/warp-pipelines/warp-gatk-germline-single-sample-pipeline-master/cromwell-executions1/WholeGenomeGermlineSingleSample/d3b27253-def8-4fcc-8159-f1f8d49265cf/call-UnmappedBamToAlignedBam/UnmappedBamToAlignedBam/3102800d-c908-42dc-bfb2-6f5ddbcd42a0/call-CreateSequenceGroupingTSV/execution/docker_cid \
  -i \
  --user 1027:1028 \
  --cpus="64" \
  --memory="409600m" \
  --entrypoint /bin/bash \
  -v /mnt/nas1/projects/lasr/blendseq/warp-pipelines/warp-gatk-germline-single-sample-pipeline-master/cromwell-executions1/WholeGenomeGermlineSingleSample/d3b27253-def8-4fcc-8159-f1f8d49265cf/call-UnmappedBamToAlignedBam/UnmappedBamToAlignedBam/3102800d-c908-42dc-bfb2-6f5ddbcd42a0/call-CreateSequenceGroupingTSV:/cromwell-executions1/WholeGenomeGermlineSingleSample/d3b27253-def8-4fcc-8159-f1f8d49265cf/call-UnmappedBamToAlignedBam/UnmappedBamToAlignedBam/3102800d-c908-42dc-bfb2-6f5ddbcd42a0/call-CreateSequenceGroupingTSV \
  -v /mnt/nas1/projects/lasr/blendseq:/mnt/nas1/projects/lasr/blendseq \
  us.gcr.io/broad-dsp-gcr-public/base/python@sha256:af87295ec55957b9997a20803e5e612fe819e39be40a6cd817d696f6b758ad1a /cromwell-executions1/WholeGenomeGermlineSingleSample/d3b27253-def8-4fcc-8159-f1f8d49265cf/call-UnmappedBamToAlignedBam/UnmappedBamToAlignedBam/3102800d-c908-42dc-bfb2-6f5ddbcd42a0/call-CreateSequenceGroupingTSV/execution/script

# get the return code (working even if the container was detached)
rc=$(docker wait [38;5;5mcat /mnt/nas1/projects/lasr/blendseq/warp-pipelines/warp-gatk-germline-single-sample-pipeline-master/cromwell-executions1/WholeGenomeGermlineSingleSample/d3b27253-def8-4fcc-8159-f1f8d49265cf/call-UnmappedBamToAlignedBam/UnmappedBamToAlignedBam/3102800d-c908-42dc-bfb2-6f5ddbcd42a0/call-CreateSequenceGroupingTSV/execution/docker_cid[0m)

# remove the container after waiting
docker rm [38;5;5mcat /mnt/nas1/projects/lasr/blendseq/warp-pipelines/warp-gatk-germline-single-sample-pipeline-master/cromwell-executions1/WholeGenomeGermlineSingleSample/d3b27253-def8-4fcc-8159-f1f8d49265cf/call-UnmappedBamToAlignedBam/UnmappedBamToAlignedBam/3102800d-c908-42dc-bfb2-6f5ddbcd42a0/call-CreateSequenceGroupingTSV/execution/docker_cid[0m

# return exit code
exit $rc
[2026-03-30 15:11:19,34] [info] 3102800d-c908-42dc-bfb2-6f5ddbcd42a0-SubWorkflowExecutionActor-SubWorkflow-SplitRG:0:1 [[38;5;2m3102800d[0mSubWorkflow-SplitRG:0:1]: Running subworkflow: 6e932b78-6ad9-4161-8d8e-21a830951cd5, root: d3b27253-def8-4fcc-8159-f1f8d49265cf
[2026-03-30 15:11:21,09] [info] BackgroundConfigAsyncJobExecutionActor [[38;5;2m3102800d[0mUnmappedBamToAlignedBam.CreateSequenceGroupingTSV:NA:1]: job id: 552875
[2026-03-30 15:11:21,10] [info] BackgroundConfigAsyncJobExecutionActor [[38;5;2m3102800d[0mUnmappedBamToAlignedBam.CreateSequenceGroupingTSV:NA:1]: Status change from - to Done
[2026-03-30 15:11:21,38] [info] 6e932b78-6ad9-4161-8d8e-21a830951cd5-SubWorkflowActor-SubWorkflow-SplitRG:0:1 [[38;5;2m6e932b78[0m]: Starting SplitLargeReadGroup.SamSplitter
[2026-03-30 15:11:26,18] [info] Assigned new job execution tokens to the following groups: d3b27253: 1
[2026-03-30 15:11:26,80] [[38;5;220mwarn[0m] BackgroundConfigAsyncJobExecutionActor [[38;5;2m3102800d[0mUnmappedBamToAlignedBam.CollectQualityYieldMetrics:0:1]: Unrecognized runtime attribute keys: preemptible, disks, memory
[2026-03-30 15:11:26,87] [info] BackgroundConfigAsyncJobExecutionActor [[38;5;2m3102800d[0mUnmappedBamToAlignedBam.CollectQualityYieldMetrics:0:1]: [38;5;5mjava -Xms300g -Xmx300g -jar /usr/picard/picard.jar \
  CollectQualityYieldMetrics \
  INPUT=/cromwell-executions1/WholeGenomeGermlineSingleSample/d3b27253-def8-4fcc-8159-f1f8d49265cf/call-UnmappedBamToAlignedBam/UnmappedBamToAlignedBam/3102800d-c908-42dc-bfb2-6f5ddbcd42a0/call-CollectQualityYieldMetrics/shard-0/inputs/1329413647/ERR3684866_ILMN.unmapped.bam \
  OQ=true \
  OUTPUT=ERR3684866_ILMN.unmapped.quality_yield_metrics[0m
[2026-03-30 15:11:26,89] [info] BackgroundConfigAsyncJobExecutionActor [[38;5;2m3102800d[0mUnmappedBamToAlignedBam.CollectQualityYieldMetrics:0:1]: executing: # make sure there is no preexisting Docker CID file
rm -f /mnt/nas1/projects/lasr/blendseq/warp-pipelines/warp-gatk-germline-single-sample-pipeline-master/cromwell-executions1/WholeGenomeGermlineSingleSample/d3b27253-def8-4fcc-8159-f1f8d49265cf/call-UnmappedBamToAlignedBam/UnmappedBamToAlignedBam/3102800d-c908-42dc-bfb2-6f5ddbcd42a0/call-CollectQualityYieldMetrics/shard-0/execution/docker_cid
# run as in the original configuration without --rm flag (will remove later)
docker run \
  --cidfile /mnt/nas1/projects/lasr/blendseq/warp-pipelines/warp-gatk-germline-single-sample-pipeline-master/cromwell-executions1/WholeGenomeGermlineSingleSample/d3b27253-def8-4fcc-8159-f1f8d49265cf/call-UnmappedBamToAlignedBam/UnmappedBamToAlignedBam/3102800d-c908-42dc-bfb2-6f5ddbcd42a0/call-CollectQualityYieldMetrics/shard-0/execution/docker_cid \
  -i \
  --user 1027:1028 \
  --cpus="64" \
  --memory="409600m" \
  --entrypoint /bin/bash \
  -v /mnt/nas1/projects/lasr/blendseq/warp-pipelines/warp-gatk-germline-single-sample-pipeline-master/cromwell-executions1/WholeGenomeGermlineSingleSample/d3b27253-def8-4fcc-8159-f1f8d49265cf/call-UnmappedBamToAlignedBam/UnmappedBamToAlignedBam/3102800d-c908-42dc-bfb2-6f5ddbcd42a0/call-CollectQualityYieldMetrics/shard-0:/cromwell-executions1/WholeGenomeGermlineSingleSample/d3b27253-def8-4fcc-8159-f1f8d49265cf/call-UnmappedBamToAlignedBam/UnmappedBamToAlignedBam/3102800d-c908-42dc-bfb2-6f5ddbcd42a0/call-CollectQualityYieldMetrics/shard-0 \
  -v /mnt/nas1/projects/lasr/blendseq:/mnt/nas1/projects/lasr/blendseq \
  us.gcr.io/broad-gotc-prod/picard-cloud@sha256:e5ad5339080c3107c04e4a4d000b8ab06f472b77019debc3ff75499d28995b0c /cromwell-executions1/WholeGenomeGermlineSingleSample/d3b27253-def8-4fcc-8159-f1f8d49265cf/call-UnmappedBamToAlignedBam/UnmappedBamToAlignedBam/3102800d-c908-42dc-bfb2-6f5ddbcd42a0/call-CollectQualityYieldMetrics/shard-0/execution/script

# get the return code (working even if the container was detached)
rc=$(docker wait [38;5;5mcat /mnt/nas1/projects/lasr/blendseq/warp-pipelines/warp-gatk-germline-single-sample-pipeline-master/cromwell-executions1/WholeGenomeGermlineSingleSample/d3b27253-def8-4fcc-8159-f1f8d49265cf/call-UnmappedBamToAlignedBam/UnmappedBamToAlignedBam/3102800d-c908-42dc-bfb2-6f5ddbcd42a0/call-CollectQualityYieldMetrics/shard-0/execution/docker_cid[0m)

# remove the container after waiting
docker rm [38;5;5mcat /mnt/nas1/projects/lasr/blendseq/warp-pipelines/warp-gatk-germline-single-sample-pipeline-master/cromwell-executions1/WholeGenomeGermlineSingleSample/d3b27253-def8-4fcc-8159-f1f8d49265cf/call-UnmappedBamToAlignedBam/UnmappedBamToAlignedBam/3102800d-c908-42dc-bfb2-6f5ddbcd42a0/call-CollectQualityYieldMetrics/shard-0/execution/docker_cid[0m

# return exit code
exit $rc
[2026-03-30 15:11:31,07] [info] BackgroundConfigAsyncJobExecutionActor [[38;5;2m3102800d[0mUnmappedBamToAlignedBam.CollectQualityYieldMetrics:0:1]: job id: 553185
[2026-03-30 15:11:31,07] [info] BackgroundConfigAsyncJobExecutionActor [[38;5;2m3102800d[0mUnmappedBamToAlignedBam.CollectQualityYieldMetrics:0:1]: Status change from - to WaitingForReturnCode
[2026-03-30 15:59:04,78] [info] BackgroundConfigAsyncJobExecutionActor [[38;5;2m3102800d[0mUnmappedBamToAlignedBam.CollectQualityYieldMetrics:0:1]: Status change from WaitingForReturnCode to Done
[2026-03-30 15:59:06,18] [info] Assigned new job execution tokens to the following groups: d3b27253: 1
[2026-03-30 15:59:07,05] [[38;5;220mwarn[0m] BackgroundConfigAsyncJobExecutionActor [[38;5;2m6e932b78[0mSplitLargeReadGroup.SamSplitter:NA:1]: Unrecognized runtime attribute keys: preemptible, disks, memory
[2026-03-30 15:59:07,14] [info] BackgroundConfigAsyncJobExecutionActor [[38;5;2m6e932b78[0mSplitLargeReadGroup.SamSplitter:NA:1]: [38;5;5mset -e
mkdir output_dir

total_reads=$(samtools view -c /cromwell-executions1/WholeGenomeGermlineSingleSample/d3b27253-def8-4fcc-8159-f1f8d49265cf/call-UnmappedBamToAlignedBam/UnmappedBamToAlignedBam/3102800d-c908-42dc-bfb2-6f5ddbcd42a0/call-SplitRG/shard-0/SplitLargeReadGroup/6e932b78-6ad9-4161-8d8e-21a830951cd5/call-SamSplitter/inputs/1329413647/ERR3684866_ILMN.unmapped.bam)

java -Dsamjdk.compression_level=2 -Xms300g -Xmx300g -jar /usr/gitc/picard.jar SplitSamByNumberOfReads \
  INPUT=/cromwell-executions1/WholeGenomeGermlineSingleSample/d3b27253-def8-4fcc-8159-f1f8d49265cf/call-UnmappedBamToAlignedBam/UnmappedBamToAlignedBam/3102800d-c908-42dc-bfb2-6f5ddbcd42a0/call-SplitRG/shard-0/SplitLargeReadGroup/6e932b78-6ad9-4161-8d8e-21a830951cd5/call-SamSplitter/inputs/1329413647/ERR3684866_ILMN.unmapped.bam \
  OUTPUT=output_dir \
  SPLIT_TO_N_READS=48000000 \
  TOTAL_READS_IN_INPUT=$total_reads[0m
[2026-03-30 15:59:07,17] [info] BackgroundConfigAsyncJobExecutionActor [[38;5;2m6e932b78[0mSplitLargeReadGroup.SamSplitter:NA:1]: executing: # make sure there is no preexisting Docker CID file
rm -f /mnt/nas1/projects/lasr/blendseq/warp-pipelines/warp-gatk-germline-single-sample-pipeline-master/cromwell-executions1/WholeGenomeGermlineSingleSample/d3b27253-def8-4fcc-8159-f1f8d49265cf/call-UnmappedBamToAlignedBam/UnmappedBamToAlignedBam/3102800d-c908-42dc-bfb2-6f5ddbcd42a0/call-SplitRG/shard-0/SplitLargeReadGroup/6e932b78-6ad9-4161-8d8e-21a830951cd5/call-SamSplitter/execution/docker_cid
# run as in the original configuration without --rm flag (will remove later)
docker run \
  --cidfile /mnt/nas1/projects/lasr/blendseq/warp-pipelines/warp-gatk-germline-single-sample-pipeline-master/cromwell-executions1/WholeGenomeGermlineSingleSample/d3b27253-def8-4fcc-8159-f1f8d49265cf/call-UnmappedBamToAlignedBam/UnmappedBamToAlignedBam/3102800d-c908-42dc-bfb2-6f5ddbcd42a0/call-SplitRG/shard-0/SplitLargeReadGroup/6e932b78-6ad9-4161-8d8e-21a830951cd5/call-SamSplitter/execution/docker_cid \
  -i \
  --user 1027:1028 \
  --cpus="64" \
  --memory="409600m" \
  --entrypoint /bin/bash \
  -v /mnt/nas1/projects/lasr/blendseq/warp-pipelines/warp-gatk-germline-single-sample-pipeline-master/cromwell-executions1/WholeGenomeGermlineSingleSample/d3b27253-def8-4fcc-8159-f1f8d49265cf/call-UnmappedBamToAlignedBam/UnmappedBamToAlignedBam/3102800d-c908-42dc-bfb2-6f5ddbcd42a0/call-SplitRG/shard-0/SplitLargeReadGroup/6e932b78-6ad9-4161-8d8e-21a830951cd5/call-SamSplitter:/cromwell-executions1/WholeGenomeGermlineSingleSample/d3b27253-def8-4fcc-8159-f1f8d49265cf/call-UnmappedBamToAlignedBam/UnmappedBamToAlignedBam/3102800d-c908-42dc-bfb2-6f5ddbcd42a0/call-SplitRG/shard-0/SplitLargeReadGroup/6e932b78-6ad9-4161-8d8e-21a830951cd5/call-SamSplitter \
  -v /mnt/nas1/projects/lasr/blendseq:/mnt/nas1/projects/lasr/blendseq \
  us.gcr.io/broad-gotc-prod/samtools-picard-bwa@sha256:68eae459869592a095b75598039a65e02dede4f6e89cb1452a6a9e673cc10fa9 /cromwell-executions1/WholeGenomeGermlineSingleSample/d3b27253-def8-4fcc-8159-f1f8d49265cf/call-UnmappedBamToAlignedBam/UnmappedBamToAlignedBam/3102800d-c908-42dc-bfb2-6f5ddbcd42a0/call-SplitRG/shard-0/SplitLargeReadGroup/6e932b78-6ad9-4161-8d8e-21a830951cd5/call-SamSplitter/execution/script

# get the return code (working even if the container was detached)
rc=$(docker wait [38;5;5mcat /mnt/nas1/projects/lasr/blendseq/warp-pipelines/warp-gatk-germline-single-sample-pipeline-master/cromwell-executions1/WholeGenomeGermlineSingleSample/d3b27253-def8-4fcc-8159-f1f8d49265cf/call-UnmappedBamToAlignedBam/UnmappedBamToAlignedBam/3102800d-c908-42dc-bfb2-6f5ddbcd42a0/call-SplitRG/shard-0/SplitLargeReadGroup/6e932b78-6ad9-4161-8d8e-21a830951cd5/call-SamSplitter/execution/docker_cid[0m)

# remove the container after waiting
docker rm [38;5;5mcat /mnt/nas1/projects/lasr/blendseq/warp-pipelines/warp-gatk-germline-single-sample-pipeline-master/cromwell-executions1/WholeGenomeGermlineSingleSample/d3b27253-def8-4fcc-8159-f1f8d49265cf/call-UnmappedBamToAlignedBam/UnmappedBamToAlignedBam/3102800d-c908-42dc-bfb2-6f5ddbcd42a0/call-SplitRG/shard-0/SplitLargeReadGroup/6e932b78-6ad9-4161-8d8e-21a830951cd5/call-SamSplitter/execution/docker_cid[0m

# return exit code
exit $rc
[2026-03-30 15:59:11,07] [info] BackgroundConfigAsyncJobExecutionActor [[38;5;2m6e932b78[0mSplitLargeReadGroup.SamSplitter:NA:1]: job id: 553969
[2026-03-30 15:59:11,07] [info] BackgroundConfigAsyncJobExecutionActor [[38;5;2m6e932b78[0mSplitLargeReadGroup.SamSplitter:NA:1]: Status change from - to WaitingForReturnCode
[2026-03-30 17:25:55,05] [info] BackgroundConfigAsyncJobExecutionActor [[38;5;2m6e932b78[0mSplitLargeReadGroup.SamSplitter:NA:1]: Status change from WaitingForReturnCode to Done
[2026-03-30 17:26:01,00] [info] 6e932b78-6ad9-4161-8d8e-21a830951cd5-SubWorkflowActor-SubWorkflow-SplitRG:0:1 [[38;5;2m6e932b78[0m]: Starting SplitLargeReadGroup.SamToFastqAndDragmapAndMba (33 shards)
[2026-03-30 17:26:06,18] [info] Assigned new job execution tokens to the following groups: d3b27253: 1
[2026-03-30 17:26:07,02] [[38;5;220mwarn[0m] BackgroundConfigAsyncJobExecutionActor [[38;5;2m6e932b78[0mSplitLargeReadGroup.SamToFastqAndDragmapAndMba:3:1]: Unrecognized runtime attribute keys: preemptible, disks, cpu, memory
[2026-03-30 17:26:27,76] [info] BackgroundConfigAsyncJobExecutionActor [[38;5;2m6e932b78[0mSplitLargeReadGroup.SamToFastqAndDragmapAndMba:3:1]: [38;5;5mset -euxo pipefail

DRAGMAP_VERSION=$(dragen-os --version)

if [ -z ${DRAGMAP_VERSION} ]; then
    exit 1;
fi

mkdir dragen_reference
mv /cromwell-executions1/WholeGenomeGermlineSingleSample/d3b27253-def8-4fcc-8159-f1f8d49265cf/call-UnmappedBamToAlignedBam/UnmappedBamToAlignedBam/3102800d-c908-42dc-bfb2-6f5ddbcd42a0/call-SplitRG/shard-0/SplitLargeReadGroup/6e932b78-6ad9-4161-8d8e-21a830951cd5/call-SamToFastqAndDragmapAndMba/shard-3/inputs/-1290198700/reference.bin /cromwell-executions1/WholeGenomeGermlineSingleSample/d3b27253-def8-4fcc-8159-f1f8d49265cf/call-UnmappedBamToAlignedBam/UnmappedBamToAlignedBam/3102800d-c908-42dc-bfb2-6f5ddbcd42a0/call-SplitRG/shard-0/SplitLargeReadGroup/6e932b78-6ad9-4161-8d8e-21a830951cd5/call-SamToFastqAndDragmapAndMba/shard-3/inputs/-1290198700/hash_table.cfg.bin /cromwell-executions1/WholeGenomeGermlineSingleSample/d3b27253-def8-4fcc-8159-f1f8d49265cf/call-UnmappedBamToAlignedBam/UnmappedBamToAlignedBam/3102800d-c908-42dc-bfb2-6f5ddbcd42a0/call-SplitRG/shard-0/SplitLargeReadGroup/6e932b78-6ad9-4161-8d8e-21a830951cd5/call-SamToFastqAndDragmapAndMba/shard-3/inputs/-1290198700/hash_table.cmp dragen_reference

dragen-os -b /cromwell-executions1/WholeGenomeGermlineSingleSample/d3b27253-def8-4fcc-8159-f1f8d49265cf/call-UnmappedBamToAlignedBam/UnmappedBamToAlignedBam/3102800d-c908-42dc-bfb2-6f5ddbcd42a0/call-SplitRG/shard-0/SplitLargeReadGroup/6e932b78-6ad9-4161-8d8e-21a830951cd5/call-SamToFastqAndDragmapAndMba/shard-3/inputs/-268692571/shard_0004.bam -r dragen_reference --interleaved=1 --preserve-map-align-order true 2> >(tee shard_0004.dragmap.stderr.log >&2) | samtools view -h -O BAM - > aligned.bam
java -Dsamjdk.compression_level=2 -Xms300g -Xmx300g -jar /picard/picard.jar \
  MergeBamAlignment \
  VALIDATION_STRINGENCY=SILENT \
  EXPECTED_ORIENTATIONS=FR \
  ATTRIBUTES_TO_RETAIN=X0 \
  ATTRIBUTES_TO_REMOVE=RG \
  ATTRIBUTES_TO_REMOVE=NM \
  ATTRIBUTES_TO_REMOVE=MD \
  ALIGNED_BAM=aligned.bam \
  UNMAPPED_BAM=/cromwell-executions1/WholeGenomeGermlineSingleSample/d3b27253-def8-4fcc-8159-f1f8d49265cf/call-UnmappedBamToAlignedBam/UnmappedBamToAlignedBam/3102800d-c908-42dc-bfb2-6f5ddbcd42a0/call-SplitRG/shard-0/SplitLargeReadGroup/6e932b78-6ad9-4161-8d8e-21a830951cd5/call-SamToFastqAndDragmapAndMba/shard-3/inputs/-268692571/shard_0004.bam \
  OUTPUT=shard_0004.bam \
  REFERENCE_SEQUENCE=/cromwell-executions1/WholeGenomeGermlineSingleSample/d3b27253-def8-4fcc-8159-f1f8d49265cf/call-UnmappedBamToAlignedBam/UnmappedBamToAlignedBam/3102800d-c908-42dc-bfb2-6f5ddbcd42a0/call-SplitRG/shard-0/SplitLargeReadGroup/6e932b78-6ad9-4161-8d8e-21a830951cd5/call-SamToFastqAndDragmapAndMba/shard-3/inputs/-1569105944/Homo_sapiens_assembly38_masked.fasta \
  PAIRED_RUN=true \
  SORT_ORDER="unsorted" \
  IS_BISULFITE_SEQUENCE=false \
  ALIGNED_READS_ONLY=false \
  CLIP_ADAPTERS=false \
   \
   \
  MAX_RECORDS_IN_RAM=2000000 \
  ADD_MATE_CIGAR=true \
  MAX_INSERTIONS_OR_DELETIONS=-1 \
  PRIMARY_ALIGNMENT_STRATEGY=MostDistant \
  PROGRAM_RECORD_ID="dragen-os" \
  PROGRAM_GROUP_VERSION="${DRAGMAP_VERSION}" \
  PROGRAM_GROUP_COMMAND_LINE="dragen-os -b /cromwell-executions1/WholeGenomeGermlineSingleSample/d3b27253-def8-4fcc-8159-f1f8d49265cf/call-UnmappedBamToAlignedBam/UnmappedBamToAlignedBam/3102800d-c908-42dc-bfb2-6f5ddbcd42a0/call-SplitRG/shard-0/SplitLargeReadGroup/6e932b78-6ad9-4161-8d8e-21a830951cd5/call-SamToFastqAndDragmapAndMba/shard-3/inputs/-268692571/shard_0004.bam -r dragen_reference --interleaved=1" \
  PROGRAM_GROUP_NAME="dragen-os" \
  UNMAPPED_READ_STRATEGY=COPY_TO_TAG \
  ALIGNER_PROPER_PAIR_FLAGS=true \
  UNMAP_CONTAMINANT_READS=true \
  ADD_PG_TAG_TO_READS=false[0m
[2026-03-30 17:26:27,80] [info] BackgroundConfigAsyncJobExecutionActor [[38;5;2m6e932b78[0mSplitLargeReadGroup.SamToFastqAndDragmapAndMba:3:1]: executing: # make sure there is no preexisting Docker CID file
rm -f /mnt/nas1/projects/lasr/blendseq/warp-pipelines/warp-gatk-germline-single-sample-pipeline-master/cromwell-executions1/WholeGenomeGermlineSingleSample/d3b27253-def8-4fcc-8159-f1f8d49265cf/call-UnmappedBamToAlignedBam/UnmappedBamToAlignedBam/3102800d-c908-42dc-bfb2-6f5ddbcd42a0/call-SplitRG/shard-0/SplitLargeReadGroup/6e932b78-6ad9-4161-8d8e-21a830951cd5/call-SamToFastqAndDragmapAndMba/shard-3/execution/docker_cid
# run as in the original configuration without --rm flag (will remove later)
docker run \
  --cidfile /mnt/nas1/projects/lasr/blendseq/warp-pipelines/warp-gatk-germline-single-sample-pipeline-master/cromwell-executions1/WholeGenomeGermlineSingleSample/d3b27253-def8-4fcc-8159-f1f8d49265cf/call-UnmappedBamToAlignedBam/UnmappedBamToAlignedBam/3102800d-c908-42dc-bfb2-6f5ddbcd42a0/call-SplitRG/shard-0/SplitLargeReadGroup/6e932b78-6ad9-4161-8d8e-21a830951cd5/call-SamToFastqAndDragmapAndMba/shard-3/execution/docker_cid \
  -i \
  --user 1027:1028 \
  --cpus="64" \
  --memory="409600m" \
  --entrypoint /bin/bash \
  -v /mnt/nas1/projects/lasr/blendseq/warp-pipelines/warp-gatk-germline-single-sample-pipeline-master/cromwell-executions1/WholeGenomeGermlineSingleSample/d3b27253-def8-4fcc-8159-f1f8d49265cf/call-UnmappedBamToAlignedBam/UnmappedBamToAlignedBam/3102800d-c908-42dc-bfb2-6f5ddbcd42a0/call-SplitRG/shard-0/SplitLargeReadGroup/6e932b78-6ad9-4161-8d8e-21a830951cd5/call-SamToFastqAndDragmapAndMba/shard-3:/cromwell-executions1/WholeGenomeGermlineSingleSample/d3b27253-def8-4fcc-8159-f1f8d49265cf/call-UnmappedBamToAlignedBam/UnmappedBamToAlignedBam/3102800d-c908-42dc-bfb2-6f5ddbcd42a0/call-SplitRG/shard-0/SplitLargeReadGroup/6e932b78-6ad9-4161-8d8e-21a830951cd5/call-SamToFastqAndDragmapAndMba/shard-3 \
  -v /mnt/nas1/projects/lasr/blendseq:/mnt/nas1/projects/lasr/blendseq \
  us.gcr.io/broad-gotc-prod/dragmap@sha256:5964afca3e4173c33b11100f68c1a44642e0ff2ee4de5a49d8cd446fef308b23 /cromwell-executions1/WholeGenomeGermlineSingleSample/d3b27253-def8-4fcc-8159-f1f8d49265cf/call-UnmappedBamToAlignedBam/UnmappedBamToAlignedBam/3102800d-c908-42dc-bfb2-6f5ddbcd42a0/call-SplitRG/shard-0/SplitLargeReadGroup/6e932b78-6ad9-4161-8d8e-21a830951cd5/call-SamToFastqAndDragmapAndMba/shard-3/execution/script

# get the return code (working even if the container was detached)
rc=$(docker wait [38;5;5mcat /mnt/nas1/projects/lasr/blendseq/warp-pipelines/warp-gatk-germline-single-sample-pipeline-master/cromwell-executions1/WholeGenomeGermlineSingleSample/d3b27253-def8-4fcc-8159-f1f8d49265cf/call-UnmappedBamToAlignedBam/UnmappedBamToAlignedBam/3102800d-c908-42dc-bfb2-6f5ddbcd42a0/call-SplitRG/shard-0/SplitLargeReadGroup/6e932b78-6ad9-4161-8d8e-21a830951cd5/call-SamToFastqAndDragmapAndMba/shard-3/execution/docker_cid[0m)

# remove the container after waiting
docker rm [38;5;5mcat /mnt/nas1/projects/lasr/blendseq/warp-pipelines/warp-gatk-germline-single-sample-pipeline-master/cromwell-executions1/WholeGenomeGermlineSingleSample/d3b27253-def8-4fcc-8159-f1f8d49265cf/call-UnmappedBamToAlignedBam/UnmappedBamToAlignedBam/3102800d-c908-42dc-bfb2-6f5ddbcd42a0/call-SplitRG/shard-0/SplitLargeReadGroup/6e932b78-6ad9-4161-8d8e-21a830951cd5/call-SamToFastqAndDragmapAndMba/shard-3/execution/docker_cid[0m

# return exit code
exit $rc
[2026-03-30 17:26:31,07] [info] BackgroundConfigAsyncJobExecutionActor [[38;5;2m6e932b78[0mSplitLargeReadGroup.SamToFastqAndDragmapAndMba:3:1]: job id: 555180
[2026-03-30 17:26:31,07] [info] BackgroundConfigAsyncJobExecutionActor [[38;5;2m6e932b78[0mSplitLargeReadGroup.SamToFastqAndDragmapAndMba:3:1]: Status change from - to WaitingForReturnCode
[2026-03-30 17:57:33,25] [info] BackgroundConfigAsyncJobExecutionActor [[38;5;2m6e932b78[0mSplitLargeReadGroup.SamToFastqAndDragmapAndMba:3:1]: Status change from WaitingForReturnCode to Done
[2026-03-30 17:57:36,18] [info] Assigned new job execution tokens to the following groups: d3b27253: 1
[2026-03-30 17:57:36,23] [[38;5;220mwarn[0m] BackgroundConfigAsyncJobExecutionActor [[38;5;2m6e932b78[0mSplitLargeReadGroup.SamToFastqAndDragmapAndMba:13:1]: Unrecognized runtime attribute keys: preemptible, disks, cpu, memory
[2026-03-30 17:57:57,42] [info] BackgroundConfigAsyncJobExecutionActor [[38;5;2m6e932b78[0mSplitLargeReadGroup.SamToFastqAndDragmapAndMba:13:1]: [38;5;5mset -euxo pipefail

DRAGMAP_VERSION=$(dragen-os --version)

if [ -z ${DRAGMAP_VERSION} ]; then
    exit 1;
fi

mkdir dragen_reference
mv /cromwell-executions1/WholeGenomeGermlineSingleSample/d3b27253-def8-4fcc-8159-f1f8d49265cf/call-UnmappedBamToAlignedBam/UnmappedBamToAlignedBam/3102800d-c908-42dc-bfb2-6f5ddbcd42a0/call-SplitRG/shard-0/SplitLargeReadGroup/6e932b78-6ad9-4161-8d8e-21a830951cd5/call-SamToFastqAndDragmapAndMba/shard-13/inputs/-1290198700/reference.bin /cromwell-executions1/WholeGenomeGermlineSingleSample/d3b27253-def8-4fcc-8159-f1f8d49265cf/call-UnmappedBamToAlignedBam/UnmappedBamToAlignedBam/3102800d-c908-42dc-bfb2-6f5ddbcd42a0/call-SplitRG/shard-0/SplitLargeReadGroup/6e932b78-6ad9-4161-8d8e-21a830951cd5/call-SamToFastqAndDragmapAndMba/shard-13/inputs/-1290198700/hash_table.cfg.bin /cromwell-executions1/WholeGenomeGermlineSingleSample/d3b27253-def8-4fcc-8159-f1f8d49265cf/call-UnmappedBamToAlignedBam/UnmappedBamToAlignedBam/3102800d-c908-42dc-bfb2-6f5ddbcd42a0/call-SplitRG/shard-0/SplitLargeReadGroup/6e932b78-6ad9-4161-8d8e-21a830951cd5/call-SamToFastqAndDragmapAndMba/shard-13/inputs/-1290198700/hash_table.cmp dragen_reference

dragen-os -b /cromwell-executions1/WholeGenomeGermlineSingleSample/d3b27253-def8-4fcc-8159-f1f8d49265cf/call-UnmappedBamToAlignedBam/UnmappedBamToAlignedBam/3102800d-c908-42dc-bfb2-6f5ddbcd42a0/call-SplitRG/shard-0/SplitLargeReadGroup/6e932b78-6ad9-4161-8d8e-21a830951cd5/call-SamToFastqAndDragmapAndMba/shard-13/inputs/-268692571/shard_0014.bam -r dragen_reference --interleaved=1 --preserve-map-align-order true 2> >(tee shard_0014.dragmap.stderr.log >&2) | samtools view -h -O BAM - > aligned.bam
java -Dsamjdk.compression_level=2 -Xms300g -Xmx300g -jar /picard/picard.jar \
  MergeBamAlignment \
  VALIDATION_STRINGENCY=SILENT \
  EXPECTED_ORIENTATIONS=FR \
  ATTRIBUTES_TO_RETAIN=X0 \
  ATTRIBUTES_TO_REMOVE=RG \
  ATTRIBUTES_TO_REMOVE=NM \
  ATTRIBUTES_TO_REMOVE=MD \
  ALIGNED_BAM=aligned.bam \
  UNMAPPED_BAM=/cromwell-executions1/WholeGenomeGermlineSingleSample/d3b27253-def8-4fcc-8159-f1f8d49265cf/call-UnmappedBamToAlignedBam/UnmappedBamToAlignedBam/3102800d-c908-42dc-bfb2-6f5ddbcd42a0/call-SplitRG/shard-0/SplitLargeReadGroup/6e932b78-6ad9-4161-8d8e-21a830951cd5/call-SamToFastqAndDragmapAndMba/shard-13/inputs/-268692571/shard_0014.bam \
  OUTPUT=shard_0014.bam \
  REFERENCE_SEQUENCE=/cromwell-executions1/WholeGenomeGermlineSingleSample/d3b27253-def8-4fcc-8159-f1f8d49265cf/call-UnmappedBamToAlignedBam/UnmappedBamToAlignedBam/3102800d-c908-42dc-bfb2-6f5ddbcd42a0/call-SplitRG/shard-0/SplitLargeReadGroup/6e932b78-6ad9-4161-8d8e-21a830951cd5/call-SamToFastqAndDragmapAndMba/shard-13/inputs/-1569105944/Homo_sapiens_assembly38_masked.fasta \
  PAIRED_RUN=true \
  SORT_ORDER="unsorted" \
  IS_BISULFITE_SEQUENCE=false \
  ALIGNED_READS_ONLY=false \
  CLIP_ADAPTERS=false \
   \
   \
  MAX_RECORDS_IN_RAM=2000000 \
  ADD_MATE_CIGAR=true \
  MAX_INSERTIONS_OR_DELETIONS=-1 \
  PRIMARY_ALIGNMENT_STRATEGY=MostDistant \
  PROGRAM_RECORD_ID="dragen-os" \
  PROGRAM_GROUP_VERSION="${DRAGMAP_VERSION}" \
  PROGRAM_GROUP_COMMAND_LINE="dragen-os -b /cromwell-executions1/WholeGenomeGermlineSingleSample/d3b27253-def8-4fcc-8159-f1f8d49265cf/call-UnmappedBamToAlignedBam/UnmappedBamToAlignedBam/3102800d-c908-42dc-bfb2-6f5ddbcd42a0/call-SplitRG/shard-0/SplitLargeReadGroup/6e932b78-6ad9-4161-8d8e-21a830951cd5/call-SamToFastqAndDragmapAndMba/shard-13/inputs/-268692571/shard_0014.bam -r dragen_reference --interleaved=1" \
  PROGRAM_GROUP_NAME="dragen-os" \
  UNMAPPED_READ_STRATEGY=COPY_TO_TAG \
  ALIGNER_PROPER_PAIR_FLAGS=true \
  UNMAP_CONTAMINANT_READS=true \
  ADD_PG_TAG_TO_READS=false[0m
[2026-03-30 17:57:57,51] [info] BackgroundConfigAsyncJobExecutionActor [[38;5;2m6e932b78[0mSplitLargeReadGroup.SamToFastqAndDragmapAndMba:13:1]: executing: # make sure there is no preexisting Docker CID file
rm -f /mnt/nas1/projects/lasr/blendseq/warp-pipelines/warp-gatk-germline-single-sample-pipeline-master/cromwell-executions1/WholeGenomeGermlineSingleSample/d3b27253-def8-4fcc-8159-f1f8d49265cf/call-UnmappedBamToAlignedBam/UnmappedBamToAlignedBam/3102800d-c908-42dc-bfb2-6f5ddbcd42a0/call-SplitRG/shard-0/SplitLargeReadGroup/6e932b78-6ad9-4161-8d8e-21a830951cd5/call-SamToFastqAndDragmapAndMba/shard-13/execution/docker_cid
# run as in the original configuration without --rm flag (will remove later)
docker run \
  --cidfile /mnt/nas1/projects/lasr/blendseq/warp-pipelines/warp-gatk-germline-single-sample-pipeline-master/cromwell-executions1/WholeGenomeGermlineSingleSample/d3b27253-def8-4fcc-8159-f1f8d49265cf/call-UnmappedBamToAlignedBam/UnmappedBamToAlignedBam/3102800d-c908-42dc-bfb2-6f5ddbcd42a0/call-SplitRG/shard-0/SplitLargeReadGroup/6e932b78-6ad9-4161-8d8e-21a830951cd5/call-SamToFastqAndDragmapAndMba/shard-13/execution/docker_cid \
  -i \
  --user 1027:1028 \
  --cpus="64" \
  --memory="409600m" \
  --entrypoint /bin/bash \
  -v /mnt/nas1/projects/lasr/blendseq/warp-pipelines/warp-gatk-germline-single-sample-pipeline-master/cromwell-executions1/WholeGenomeGermlineSingleSample/d3b27253-def8-4fcc-8159-f1f8d49265cf/call-UnmappedBamToAlignedBam/UnmappedBamToAlignedBam/3102800d-c908-42dc-bfb2-6f5ddbcd42a0/call-SplitRG/shard-0/SplitLargeReadGroup/6e932b78-6ad9-4161-8d8e-21a830951cd5/call-SamToFastqAndDragmapAndMba/shard-13:/cromwell-executions1/WholeGenomeGermlineSingleSample/d3b27253-def8-4fcc-8159-f1f8d49265cf/call-UnmappedBamToAlignedBam/UnmappedBamToAlignedBam/3102800d-c908-42dc-bfb2-6f5ddbcd42a0/call-SplitRG/shard-0/SplitLargeReadGroup/6e932b78-6ad9-4161-8d8e-21a830951cd5/call-SamToFastqAndDragmapAndMba/shard-13 \
  -v /mnt/nas1/projects/lasr/blendseq:/mnt/nas1/projects/lasr/blendseq \
  us.gcr.io/broad-gotc-prod/dragmap@sha256:5964afca3e4173c33b11100f68c1a44642e0ff2ee4de5a49d8cd446fef308b23 /cromwell-executions1/WholeGenomeGermlineSingleSample/d3b27253-def8-4fcc-8159-f1f8d49265cf/call-UnmappedBamToAlignedBam/UnmappedBamToAlignedBam/3102800d-c908-42dc-bfb2-6f5ddbcd42a0/call-SplitRG/shard-0/SplitLargeReadGroup/6e932b78-6ad9-4161-8d8e-21a830951cd5/call-SamToFastqAndDragmapAndMba/shard-13/execution/script

# get the return code (working even if the container was detached)
rc=$(docker wait [38;5;5mcat /mnt/nas1/projects/lasr/blendseq/warp-pipelines/warp-gatk-germline-single-sample-pipeline-master/cromwell-executions1/WholeGenomeGermlineSingleSample/d3b27253-def8-4fcc-8159-f1f8d49265cf/call-UnmappedBamToAlignedBam/UnmappedBamToAlignedBam/3102800d-c908-42dc-bfb2-6f5ddbcd42a0/call-SplitRG/shard-0/SplitLargeReadGroup/6e932b78-6ad9-4161-8d8e-21a830951cd5/call-SamToFastqAndDragmapAndMba/shard-13/execution/docker_cid[0m)

# remove the container after waiting
docker rm [38;5;5mcat /mnt/nas1/projects/lasr/blendseq/warp-pipelines/warp-gatk-germline-single-sample-pipeline-master/cromwell-executions1/WholeGenomeGermlineSingleSample/d3b27253-def8-4fcc-8159-f1f8d49265cf/call-UnmappedBamToAlignedBam/UnmappedBamToAlignedBam/3102800d-c908-42dc-bfb2-6f5ddbcd42a0/call-SplitRG/shard-0/SplitLargeReadGroup/6e932b78-6ad9-4161-8d8e-21a830951cd5/call-SamToFastqAndDragmapAndMba/shard-13/execution/docker_cid[0m

# return exit code
exit $rc
[2026-03-30 17:58:01,07] [info] BackgroundConfigAsyncJobExecutionActor [[38;5;2m6e932b78[0mSplitLargeReadGroup.SamToFastqAndDragmapAndMba:13:1]: job id: 556160
[2026-03-30 17:58:01,07] [info] BackgroundConfigAsyncJobExecutionActor [[38;5;2m6e932b78[0mSplitLargeReadGroup.SamToFastqAndDragmapAndMba:13:1]: Status change from - to WaitingForReturnCode
[2026-03-30 18:30:15,29] [info] BackgroundConfigAsyncJobExecutionActor [[38;5;2m6e932b78[0mSplitLargeReadGroup.SamToFastqAndDragmapAndMba:13:1]: Status change from WaitingForReturnCode to Done
[2026-03-30 18:30:16,18] [info] Assigned new job execution tokens to the following groups: d3b27253: 1
[2026-03-30 18:30:16,23] [[38;5;220mwarn[0m] BackgroundConfigAsyncJobExecutionActor [[38;5;2m6e932b78[0mSplitLargeReadGroup.SamToFastqAndDragmapAndMba:29:1]: Unrecognized runtime attribute keys: preemptible, disks, cpu, memory
[2026-03-30 18:30:35,83] [info] BackgroundConfigAsyncJobExecutionActor [[38;5;2m6e932b78[0mSplitLargeReadGroup.SamToFastqAndDragmapAndMba:29:1]: [38;5;5mset -euxo pipefail

DRAGMAP_VERSION=$(dragen-os --version)

if [ -z ${DRAGMAP_VERSION} ]; then
    exit 1;
fi

mkdir dragen_reference
mv /cromwell-executions1/WholeGenomeGermlineSingleSample/d3b27253-def8-4fcc-8159-f1f8d49265cf/call-UnmappedBamToAlignedBam/UnmappedBamToAlignedBam/3102800d-c908-42dc-bfb2-6f5ddbcd42a0/call-SplitRG/shard-0/SplitLargeReadGroup/6e932b78-6ad9-4161-8d8e-21a830951cd5/call-SamToFastqAndDragmapAndMba/shard-29/inputs/-1290198700/reference.bin /cromwell-executions1/WholeGenomeGermlineSingleSample/d3b27253-def8-4fcc-8159-f1f8d49265cf/call-UnmappedBamToAlignedBam/UnmappedBamToAlignedBam/3102800d-c908-42dc-bfb2-6f5ddbcd42a0/call-SplitRG/shard-0/SplitLargeReadGroup/6e932b78-6ad9-4161-8d8e-21a830951cd5/call-SamToFastqAndDragmapAndMba/shard-29/inputs/-1290198700/hash_table.cfg.bin /cromwell-executions1/WholeGenomeGermlineSingleSample/d3b27253-def8-4fcc-8159-f1f8d49265cf/call-UnmappedBamToAlignedBam/UnmappedBamToAlignedBam/3102800d-c908-42dc-bfb2-6f5ddbcd42a0/call-SplitRG/shard-0/SplitLargeReadGroup/6e932b78-6ad9-4161-8d8e-21a830951cd5/call-SamToFastqAndDragmapAndMba/shard-29/inputs/-1290198700/hash_table.cmp dragen_reference

dragen-os -b /cromwell-executions1/WholeGenomeGermlineSingleSample/d3b27253-def8-4fcc-8159-f1f8d49265cf/call-UnmappedBamToAlignedBam/UnmappedBamToAlignedBam/3102800d-c908-42dc-bfb2-6f5ddbcd42a0/call-SplitRG/shard-0/SplitLargeReadGroup/6e932b78-6ad9-4161-8d8e-21a830951cd5/call-SamToFastqAndDragmapAndMba/shard-29/inputs/-268692571/shard_0030.bam -r dragen_reference --interleaved=1 --preserve-map-align-order true 2> >(tee shard_0030.dragmap.stderr.log >&2) | samtools view -h -O BAM - > aligned.bam
java -Dsamjdk.compression_level=2 -Xms300g -Xmx300g -jar /picard/picard.jar \
  MergeBamAlignment \
  VALIDATION_STRINGENCY=SILENT \
  EXPECTED_ORIENTATIONS=FR \
  ATTRIBUTES_TO_RETAIN=X0 \
  ATTRIBUTES_TO_REMOVE=RG \
  ATTRIBUTES_TO_REMOVE=NM \
  ATTRIBUTES_TO_REMOVE=MD \
  ALIGNED_BAM=aligned.bam \
  UNMAPPED_BAM=/cromwell-executions1/WholeGenomeGermlineSingleSample/d3b27253-def8-4fcc-8159-f1f8d49265cf/call-UnmappedBamToAlignedBam/UnmappedBamToAlignedBam/3102800d-c908-42dc-bfb2-6f5ddbcd42a0/call-SplitRG/shard-0/SplitLargeReadGroup/6e932b78-6ad9-4161-8d8e-21a830951cd5/call-SamToFastqAndDragmapAndMba/shard-29/inputs/-268692571/shard_0030.bam \
  OUTPUT=shard_0030.bam \
  REFERENCE_SEQUENCE=/cromwell-executions1/WholeGenomeGermlineSingleSample/d3b27253-def8-4fcc-8159-f1f8d49265cf/call-UnmappedBamToAlignedBam/UnmappedBamToAlignedBam/3102800d-c908-42dc-bfb2-6f5ddbcd42a0/call-SplitRG/shard-0/SplitLargeReadGroup/6e932b78-6ad9-4161-8d8e-21a830951cd5/call-SamToFastqAndDragmapAndMba/shard-29/inputs/-1569105944/Homo_sapiens_assembly38_masked.fasta \
  PAIRED_RUN=true \
  SORT_ORDER="unsorted" \
  IS_BISULFITE_SEQUENCE=false \
  ALIGNED_READS_ONLY=false \
  CLIP_ADAPTERS=false \
   \
   \
  MAX_RECORDS_IN_RAM=2000000 \
  ADD_MATE_CIGAR=true \
  MAX_INSERTIONS_OR_DELETIONS=-1 \
  PRIMARY_ALIGNMENT_STRATEGY=MostDistant \
  PROGRAM_RECORD_ID="dragen-os" \
  PROGRAM_GROUP_VERSION="${DRAGMAP_VERSION}" \
  PROGRAM_GROUP_COMMAND_LINE="dragen-os -b /cromwell-executions1/WholeGenomeGermlineSingleSample/d3b27253-def8-4fcc-8159-f1f8d49265cf/call-UnmappedBamToAlignedBam/UnmappedBamToAlignedBam/3102800d-c908-42dc-bfb2-6f5ddbcd42a0/call-SplitRG/shard-0/SplitLargeReadGroup/6e932b78-6ad9-4161-8d8e-21a830951cd5/call-SamToFastqAndDragmapAndMba/shard-29/inputs/-268692571/shard_0030.bam -r dragen_reference --interleaved=1" \
  PROGRAM_GROUP_NAME="dragen-os" \
  UNMAPPED_READ_STRATEGY=COPY_TO_TAG \
  ALIGNER_PROPER_PAIR_FLAGS=true \
  UNMAP_CONTAMINANT_READS=true \
  ADD_PG_TAG_TO_READS=false[0m
[2026-03-30 18:30:35,89] [info] BackgroundConfigAsyncJobExecutionActor [[38;5;2m6e932b78[0mSplitLargeReadGroup.SamToFastqAndDragmapAndMba:29:1]: executing: # make sure there is no preexisting Docker CID file
rm -f /mnt/nas1/projects/lasr/blendseq/warp-pipelines/warp-gatk-germline-single-sample-pipeline-master/cromwell-executions1/WholeGenomeGermlineSingleSample/d3b27253-def8-4fcc-8159-f1f8d49265cf/call-UnmappedBamToAlignedBam/UnmappedBamToAlignedBam/3102800d-c908-42dc-bfb2-6f5ddbcd42a0/call-SplitRG/shard-0/SplitLargeReadGroup/6e932b78-6ad9-4161-8d8e-21a830951cd5/call-SamToFastqAndDragmapAndMba/shard-29/execution/docker_cid
# run as in the original configuration without --rm flag (will remove later)
docker run \
  --cidfile /mnt/nas1/projects/lasr/blendseq/warp-pipelines/warp-gatk-germline-single-sample-pipeline-master/cromwell-executions1/WholeGenomeGermlineSingleSample/d3b27253-def8-4fcc-8159-f1f8d49265cf/call-UnmappedBamToAlignedBam/UnmappedBamToAlignedBam/3102800d-c908-42dc-bfb2-6f5ddbcd42a0/call-SplitRG/shard-0/SplitLargeReadGroup/6e932b78-6ad9-4161-8d8e-21a830951cd5/call-SamToFastqAndDragmapAndMba/shard-29/execution/docker_cid \
  -i \
  --user 1027:1028 \
  --cpus="64" \
  --memory="409600m" \
  --entrypoint /bin/bash \
  -v /mnt/nas1/projects/lasr/blendseq/warp-pipelines/warp-gatk-germline-single-sample-pipeline-master/cromwell-executions1/WholeGenomeGermlineSingleSample/d3b27253-def8-4fcc-8159-f1f8d49265cf/call-UnmappedBamToAlignedBam/UnmappedBamToAlignedBam/3102800d-c908-42dc-bfb2-6f5ddbcd42a0/call-SplitRG/shard-0/SplitLargeReadGroup/6e932b78-6ad9-4161-8d8e-21a830951cd5/call-SamToFastqAndDragmapAndMba/shard-29:/cromwell-executions1/WholeGenomeGermlineSingleSample/d3b27253-def8-4fcc-8159-f1f8d49265cf/call-UnmappedBamToAlignedBam/UnmappedBamToAlignedBam/3102800d-c908-42dc-bfb2-6f5ddbcd42a0/call-SplitRG/shard-0/SplitLargeReadGroup/6e932b78-6ad9-4161-8d8e-21a830951cd5/call-SamToFastqAndDragmapAndMba/shard-29 \
  -v /mnt/nas1/projects/lasr/blendseq:/mnt/nas1/projects/lasr/blendseq \
  us.gcr.io/broad-gotc-prod/dragmap@sha256:5964afca3e4173c33b11100f68c1a44642e0ff2ee4de5a49d8cd446fef308b23 /cromwell-executions1/WholeGenomeGermlineSingleSample/d3b27253-def8-4fcc-8159-f1f8d49265cf/call-UnmappedBamToAlignedBam/UnmappedBamToAlignedBam/3102800d-c908-42dc-bfb2-6f5ddbcd42a0/call-SplitRG/shard-0/SplitLargeReadGroup/6e932b78-6ad9-4161-8d8e-21a830951cd5/call-SamToFastqAndDragmapAndMba/shard-29/execution/script

# get the return code (working even if the container was detached)
rc=$(docker wait [38;5;5mcat /mnt/nas1/projects/lasr/blendseq/warp-pipelines/warp-gatk-germline-single-sample-pipeline-master/cromwell-executions1/WholeGenomeGermlineSingleSample/d3b27253-def8-4fcc-8159-f1f8d49265cf/call-UnmappedBamToAlignedBam/UnmappedBamToAlignedBam/3102800d-c908-42dc-bfb2-6f5ddbcd42a0/call-SplitRG/shard-0/SplitLargeReadGroup/6e932b78-6ad9-4161-8d8e-21a830951cd5/call-SamToFastqAndDragmapAndMba/shard-29/execution/docker_cid[0m)

# remove the container after waiting
docker rm [38;5;5mcat /mnt/nas1/projects/lasr/blendseq/warp-pipelines/warp-gatk-germline-single-sample-pipeline-master/cromwell-executions1/WholeGenomeGermlineSingleSample/d3b27253-def8-4fcc-8159-f1f8d49265cf/call-UnmappedBamToAlignedBam/UnmappedBamToAlignedBam/3102800d-c908-42dc-bfb2-6f5ddbcd42a0/call-SplitRG/shard-0/SplitLargeReadGroup/6e932b78-6ad9-4161-8d8e-21a830951cd5/call-SamToFastqAndDragmapAndMba/shard-29/execution/docker_cid[0m

# return exit code
exit $rc
[2026-03-30 18:30:36,07] [info] BackgroundConfigAsyncJobExecutionActor [[38;5;2m6e932b78[0mSplitLargeReadGroup.SamToFastqAndDragmapAndMba:29:1]: job id: 557149
[2026-03-30 18:30:36,07] [info] BackgroundConfigAsyncJobExecutionActor [[38;5;2m6e932b78[0mSplitLargeReadGroup.SamToFastqAndDragmapAndMba:29:1]: Status change from - to WaitingForReturnCode
[2026-03-30 19:03:18,80] [info] BackgroundConfigAsyncJobExecutionActor [[38;5;2m6e932b78[0mSplitLargeReadGroup.SamToFastqAndDragmapAndMba:29:1]: Status change from WaitingForReturnCode to Done
[2026-03-30 19:03:26,18] [info] Assigned new job execution tokens to the following groups: d3b27253: 1
[2026-03-30 19:03:26,23] [[38;5;220mwarn[0m] BackgroundConfigAsyncJobExecutionActor [[38;5;2m6e932b78[0mSplitLargeReadGroup.SamToFastqAndDragmapAndMba:5:1]: Unrecognized runtime attribute keys: preemptible, disks, cpu, memory
[2026-03-30 19:03:45,90] [info] BackgroundConfigAsyncJobExecutionActor [[38;5;2m6e932b78[0mSplitLargeReadGroup.SamToFastqAndDragmapAndMba:5:1]: [38;5;5mset -euxo pipefail

DRAGMAP_VERSION=$(dragen-os --version)

if [ -z ${DRAGMAP_VERSION} ]; then
    exit 1;
fi

mkdir dragen_reference
mv /cromwell-executions1/WholeGenomeGermlineSingleSample/d3b27253-def8-4fcc-8159-f1f8d49265cf/call-UnmappedBamToAlignedBam/UnmappedBamToAlignedBam/3102800d-c908-42dc-bfb2-6f5ddbcd42a0/call-SplitRG/shard-0/SplitLargeReadGroup/6e932b78-6ad9-4161-8d8e-21a830951cd5/call-SamToFastqAndDragmapAndMba/shard-5/inputs/-1290198700/reference.bin /cromwell-executions1/WholeGenomeGermlineSingleSample/d3b27253-def8-4fcc-8159-f1f8d49265cf/call-UnmappedBamToAlignedBam/UnmappedBamToAlignedBam/3102800d-c908-42dc-bfb2-6f5ddbcd42a0/call-SplitRG/shard-0/SplitLargeReadGroup/6e932b78-6ad9-4161-8d8e-21a830951cd5/call-SamToFastqAndDragmapAndMba/shard-5/inputs/-1290198700/hash_table.cfg.bin /cromwell-executions1/WholeGenomeGermlineSingleSample/d3b27253-def8-4fcc-8159-f1f8d49265cf/call-UnmappedBamToAlignedBam/UnmappedBamToAlignedBam/3102800d-c908-42dc-bfb2-6f5ddbcd42a0/call-SplitRG/shard-0/SplitLargeReadGroup/6e932b78-6ad9-4161-8d8e-21a830951cd5/call-SamToFastqAndDragmapAndMba/shard-5/inputs/-1290198700/hash_table.cmp dragen_reference

dragen-os -b /cromwell-executions1/WholeGenomeGermlineSingleSample/d3b27253-def8-4fcc-8159-f1f8d49265cf/call-UnmappedBamToAlignedBam/UnmappedBamToAlignedBam/3102800d-c908-42dc-bfb2-6f5ddbcd42a0/call-SplitRG/shard-0/SplitLargeReadGroup/6e932b78-6ad9-4161-8d8e-21a830951cd5/call-SamToFastqAndDragmapAndMba/shard-5/inputs/-268692571/shard_0006.bam -r dragen_reference --interleaved=1 --preserve-map-align-order true 2> >(tee shard_0006.dragmap.stderr.log >&2) | samtools view -h -O BAM - > aligned.bam
java -Dsamjdk.compression_level=2 -Xms300g -Xmx300g -jar /picard/picard.jar \
  MergeBamAlignment \
  VALIDATION_STRINGENCY=SILENT \
  EXPECTED_ORIENTATIONS=FR \
  ATTRIBUTES_TO_RETAIN=X0 \
  ATTRIBUTES_TO_REMOVE=RG \
  ATTRIBUTES_TO_REMOVE=NM \
  ATTRIBUTES_TO_REMOVE=MD \
  ALIGNED_BAM=aligned.bam \
  UNMAPPED_BAM=/cromwell-executions1/WholeGenomeGermlineSingleSample/d3b27253-def8-4fcc-8159-f1f8d49265cf/call-UnmappedBamToAlignedBam/UnmappedBamToAlignedBam/3102800d-c908-42dc-bfb2-6f5ddbcd42a0/call-SplitRG/shard-0/SplitLargeReadGroup/6e932b78-6ad9-4161-8d8e-21a830951cd5/call-SamToFastqAndDragmapAndMba/shard-5/inputs/-268692571/shard_0006.bam \
  OUTPUT=shard_0006.bam \
  REFERENCE_SEQUENCE=/cromwell-executions1/WholeGenomeGermlineSingleSample/d3b27253-def8-4fcc-8159-f1f8d49265cf/call-UnmappedBamToAlignedBam/UnmappedBamToAlignedBam/3102800d-c908-42dc-bfb2-6f5ddbcd42a0/call-SplitRG/shard-0/SplitLargeReadGroup/6e932b78-6ad9-4161-8d8e-21a830951cd5/call-SamToFastqAndDragmapAndMba/shard-5/inputs/-1569105944/Homo_sapiens_assembly38_masked.fasta \
  PAIRED_RUN=true \
  SORT_ORDER="unsorted" \
  IS_BISULFITE_SEQUENCE=false \
  ALIGNED_READS_ONLY=false \
  CLIP_ADAPTERS=false \
   \
   \
  MAX_RECORDS_IN_RAM=2000000 \
  ADD_MATE_CIGAR=true \
  MAX_INSERTIONS_OR_DELETIONS=-1 \
  PRIMARY_ALIGNMENT_STRATEGY=MostDistant \
  PROGRAM_RECORD_ID="dragen-os" \
  PROGRAM_GROUP_VERSION="${DRAGMAP_VERSION}" \
  PROGRAM_GROUP_COMMAND_LINE="dragen-os -b /cromwell-executions1/WholeGenomeGermlineSingleSample/d3b27253-def8-4fcc-8159-f1f8d49265cf/call-UnmappedBamToAlignedBam/UnmappedBamToAlignedBam/3102800d-c908-42dc-bfb2-6f5ddbcd42a0/call-SplitRG/shard-0/SplitLargeReadGroup/6e932b78-6ad9-4161-8d8e-21a830951cd5/call-SamToFastqAndDragmapAndMba/shard-5/inputs/-268692571/shard_0006.bam -r dragen_reference --interleaved=1" \
  PROGRAM_GROUP_NAME="dragen-os" \
  UNMAPPED_READ_STRATEGY=COPY_TO_TAG \
  ALIGNER_PROPER_PAIR_FLAGS=true \
  UNMAP_CONTAMINANT_READS=true \
  ADD_PG_TAG_TO_READS=false[0m
[2026-03-30 19:03:45,94] [info] BackgroundConfigAsyncJobExecutionActor [[38;5;2m6e932b78[0mSplitLargeReadGroup.SamToFastqAndDragmapAndMba:5:1]: executing: # make sure there is no preexisting Docker CID file
rm -f /mnt/nas1/projects/lasr/blendseq/warp-pipelines/warp-gatk-germline-single-sample-pipeline-master/cromwell-executions1/WholeGenomeGermlineSingleSample/d3b27253-def8-4fcc-8159-f1f8d49265cf/call-UnmappedBamToAlignedBam/UnmappedBamToAlignedBam/3102800d-c908-42dc-bfb2-6f5ddbcd42a0/call-SplitRG/shard-0/SplitLargeReadGroup/6e932b78-6ad9-4161-8d8e-21a830951cd5/call-SamToFastqAndDragmapAndMba/shard-5/execution/docker_cid
# run as in the original configuration without --rm flag (will remove later)
docker run \
  --cidfile /mnt/nas1/projects/lasr/blendseq/warp-pipelines/warp-gatk-germline-single-sample-pipeline-master/cromwell-executions1/WholeGenomeGermlineSingleSample/d3b27253-def8-4fcc-8159-f1f8d49265cf/call-UnmappedBamToAlignedBam/UnmappedBamToAlignedBam/3102800d-c908-42dc-bfb2-6f5ddbcd42a0/call-SplitRG/shard-0/SplitLargeReadGroup/6e932b78-6ad9-4161-8d8e-21a830951cd5/call-SamToFastqAndDragmapAndMba/shard-5/execution/docker_cid \
  -i \
  --user 1027:1028 \
  --cpus="64" \
  --memory="409600m" \
  --entrypoint /bin/bash \
  -v /mnt/nas1/projects/lasr/blendseq/warp-pipelines/warp-gatk-germline-single-sample-pipeline-master/cromwell-executions1/WholeGenomeGermlineSingleSample/d3b27253-def8-4fcc-8159-f1f8d49265cf/call-UnmappedBamToAlignedBam/UnmappedBamToAlignedBam/3102800d-c908-42dc-bfb2-6f5ddbcd42a0/call-SplitRG/shard-0/SplitLargeReadGroup/6e932b78-6ad9-4161-8d8e-21a830951cd5/call-SamToFastqAndDragmapAndMba/shard-5:/cromwell-executions1/WholeGenomeGermlineSingleSample/d3b27253-def8-4fcc-8159-f1f8d49265cf/call-UnmappedBamToAlignedBam/UnmappedBamToAlignedBam/3102800d-c908-42dc-bfb2-6f5ddbcd42a0/call-SplitRG/shard-0/SplitLargeReadGroup/6e932b78-6ad9-4161-8d8e-21a830951cd5/call-SamToFastqAndDragmapAndMba/shard-5 \
  -v /mnt/nas1/projects/lasr/blendseq:/mnt/nas1/projects/lasr/blendseq \
  us.gcr.io/broad-gotc-prod/dragmap@sha256:5964afca3e4173c33b11100f68c1a44642e0ff2ee4de5a49d8cd446fef308b23 /cromwell-executions1/WholeGenomeGermlineSingleSample/d3b27253-def8-4fcc-8159-f1f8d49265cf/call-UnmappedBamToAlignedBam/UnmappedBamToAlignedBam/3102800d-c908-42dc-bfb2-6f5ddbcd42a0/call-SplitRG/shard-0/SplitLargeReadGroup/6e932b78-6ad9-4161-8d8e-21a830951cd5/call-SamToFastqAndDragmapAndMba/shard-5/execution/script

# get the return code (working even if the container was detached)
rc=$(docker wait [38;5;5mcat /mnt/nas1/projects/lasr/blendseq/warp-pipelines/warp-gatk-germline-single-sample-pipeline-master/cromwell-executions1/WholeGenomeGermlineSingleSample/d3b27253-def8-4fcc-8159-f1f8d49265cf/call-UnmappedBamToAlignedBam/UnmappedBamToAlignedBam/3102800d-c908-42dc-bfb2-6f5ddbcd42a0/call-SplitRG/shard-0/SplitLargeReadGroup/6e932b78-6ad9-4161-8d8e-21a830951cd5/call-SamToFastqAndDragmapAndMba/shard-5/execution/docker_cid[0m)

# remove the container after waiting
docker rm [38;5;5mcat /mnt/nas1/projects/lasr/blendseq/warp-pipelines/warp-gatk-germline-single-sample-pipeline-master/cromwell-executions1/WholeGenomeGermlineSingleSample/d3b27253-def8-4fcc-8159-f1f8d49265cf/call-UnmappedBamToAlignedBam/UnmappedBamToAlignedBam/3102800d-c908-42dc-bfb2-6f5ddbcd42a0/call-SplitRG/shard-0/SplitLargeReadGroup/6e932b78-6ad9-4161-8d8e-21a830951cd5/call-SamToFastqAndDragmapAndMba/shard-5/execution/docker_cid[0m

# return exit code
exit $rc
[2026-03-30 19:03:46,07] [info] BackgroundConfigAsyncJobExecutionActor [[38;5;2m6e932b78[0mSplitLargeReadGroup.SamToFastqAndDragmapAndMba:5:1]: job id: 558267
[2026-03-30 19:03:46,07] [info] BackgroundConfigAsyncJobExecutionActor [[38;5;2m6e932b78[0mSplitLargeReadGroup.SamToFastqAndDragmapAndMba:5:1]: Status change from - to WaitingForReturnCode
[2026-03-30 19:37:14,13] [info] BackgroundConfigAsyncJobExecutionActor [[38;5;2m6e932b78[0mSplitLargeReadGroup.SamToFastqAndDragmapAndMba:5:1]: Status change from WaitingForReturnCode to Done
[2026-03-30 19:37:16,18] [info] Assigned new job execution tokens to the following groups: d3b27253: 1
[2026-03-30 19:37:16,23] [[38;5;220mwarn[0m] BackgroundConfigAsyncJobExecutionActor [[38;5;2m6e932b78[0mSplitLargeReadGroup.SamToFastqAndDragmapAndMba:31:1]: Unrecognized runtime attribute keys: preemptible, disks, cpu, memory
[2026-03-30 19:37:45,15] [info] BackgroundConfigAsyncJobExecutionActor [[38;5;2m6e932b78[0mSplitLargeReadGroup.SamToFastqAndDragmapAndMba:31:1]: [38;5;5mset -euxo pipefail

DRAGMAP_VERSION=$(dragen-os --version)

if [ -z ${DRAGMAP_VERSION} ]; then
    exit 1;
fi

mkdir dragen_reference
mv /cromwell-executions1/WholeGenomeGermlineSingleSample/d3b27253-def8-4fcc-8159-f1f8d49265cf/call-UnmappedBamToAlignedBam/UnmappedBamToAlignedBam/3102800d-c908-42dc-bfb2-6f5ddbcd42a0/call-SplitRG/shard-0/SplitLargeReadGroup/6e932b78-6ad9-4161-8d8e-21a830951cd5/call-SamToFastqAndDragmapAndMba/shard-31/inputs/-1290198700/reference.bin /cromwell-executions1/WholeGenomeGermlineSingleSample/d3b27253-def8-4fcc-8159-f1f8d49265cf/call-UnmappedBamToAlignedBam/UnmappedBamToAlignedBam/3102800d-c908-42dc-bfb2-6f5ddbcd42a0/call-SplitRG/shard-0/SplitLargeReadGroup/6e932b78-6ad9-4161-8d8e-21a830951cd5/call-SamToFastqAndDragmapAndMba/shard-31/inputs/-1290198700/hash_table.cfg.bin /cromwell-executions1/WholeGenomeGermlineSingleSample/d3b27253-def8-4fcc-8159-f1f8d49265cf/call-UnmappedBamToAlignedBam/UnmappedBamToAlignedBam/3102800d-c908-42dc-bfb2-6f5ddbcd42a0/call-SplitRG/shard-0/SplitLargeReadGroup/6e932b78-6ad9-4161-8d8e-21a830951cd5/call-SamToFastqAndDragmapAndMba/shard-31/inputs/-1290198700/hash_table.cmp dragen_reference

dragen-os -b /cromwell-executions1/WholeGenomeGermlineSingleSample/d3b27253-def8-4fcc-8159-f1f8d49265cf/call-UnmappedBamToAlignedBam/UnmappedBamToAlignedBam/3102800d-c908-42dc-bfb2-6f5ddbcd42a0/call-SplitRG/shard-0/SplitLargeReadGroup/6e932b78-6ad9-4161-8d8e-21a830951cd5/call-SamToFastqAndDragmapAndMba/shard-31/inputs/-268692571/shard_0032.bam -r dragen_reference --interleaved=1 --preserve-map-align-order true 2> >(tee shard_0032.dragmap.stderr.log >&2) | samtools view -h -O BAM - > aligned.bam
java -Dsamjdk.compression_level=2 -Xms300g -Xmx300g -jar /picard/picard.jar \
  MergeBamAlignment \
  VALIDATION_STRINGENCY=SILENT \
  EXPECTED_ORIENTATIONS=FR \
  ATTRIBUTES_TO_RETAIN=X0 \
  ATTRIBUTES_TO_REMOVE=RG \
  ATTRIBUTES_TO_REMOVE=NM \
  ATTRIBUTES_TO_REMOVE=MD \
  ALIGNED_BAM=aligned.bam \
  UNMAPPED_BAM=/cromwell-executions1/WholeGenomeGermlineSingleSample/d3b27253-def8-4fcc-8159-f1f8d49265cf/call-UnmappedBamToAlignedBam/UnmappedBamToAlignedBam/3102800d-c908-42dc-bfb2-6f5ddbcd42a0/call-SplitRG/shard-0/SplitLargeReadGroup/6e932b78-6ad9-4161-8d8e-21a830951cd5/call-SamToFastqAndDragmapAndMba/shard-31/inputs/-268692571/shard_0032.bam \
  OUTPUT=shard_0032.bam \
  REFERENCE_SEQUENCE=/cromwell-executions1/WholeGenomeGermlineSingleSample/d3b27253-def8-4fcc-8159-f1f8d49265cf/call-UnmappedBamToAlignedBam/UnmappedBamToAlignedBam/3102800d-c908-42dc-bfb2-6f5ddbcd42a0/call-SplitRG/shard-0/SplitLargeReadGroup/6e932b78-6ad9-4161-8d8e-21a830951cd5/call-SamToFastqAndDragmapAndMba/shard-31/inputs/-1569105944/Homo_sapiens_assembly38_masked.fasta \
  PAIRED_RUN=true \
  SORT_ORDER="unsorted" \
  IS_BISULFITE_SEQUENCE=false \
  ALIGNED_READS_ONLY=false \
  CLIP_ADAPTERS=false \
   \
   \
  MAX_RECORDS_IN_RAM=2000000 \
  ADD_MATE_CIGAR=true \
  MAX_INSERTIONS_OR_DELETIONS=-1 \
  PRIMARY_ALIGNMENT_STRATEGY=MostDistant \
  PROGRAM_RECORD_ID="dragen-os" \
  PROGRAM_GROUP_VERSION="${DRAGMAP_VERSION}" \
  PROGRAM_GROUP_COMMAND_LINE="dragen-os -b /cromwell-executions1/WholeGenomeGermlineSingleSample/d3b27253-def8-4fcc-8159-f1f8d49265cf/call-UnmappedBamToAlignedBam/UnmappedBamToAlignedBam/3102800d-c908-42dc-bfb2-6f5ddbcd42a0/call-SplitRG/shard-0/SplitLargeReadGroup/6e932b78-6ad9-4161-8d8e-21a830951cd5/call-SamToFastqAndDragmapAndMba/shard-31/inputs/-268692571/shard_0032.bam -r dragen_reference --interleaved=1" \
  PROGRAM_GROUP_NAME="dragen-os" \
  UNMAPPED_READ_STRATEGY=COPY_TO_TAG \
  ALIGNER_PROPER_PAIR_FLAGS=true \
  UNMAP_CONTAMINANT_READS=true \
  ADD_PG_TAG_TO_READS=false[0m
[2026-03-30 19:37:45,26] [info] BackgroundConfigAsyncJobExecutionActor [[38;5;2m6e932b78[0mSplitLargeReadGroup.SamToFastqAndDragmapAndMba:31:1]: executing: # make sure there is no preexisting Docker CID file
rm -f /mnt/nas1/projects/lasr/blendseq/warp-pipelines/warp-gatk-germline-single-sample-pipeline-master/cromwell-executions1/WholeGenomeGermlineSingleSample/d3b27253-def8-4fcc-8159-f1f8d49265cf/call-UnmappedBamToAlignedBam/UnmappedBamToAlignedBam/3102800d-c908-42dc-bfb2-6f5ddbcd42a0/call-SplitRG/shard-0/SplitLargeReadGroup/6e932b78-6ad9-4161-8d8e-21a830951cd5/call-SamToFastqAndDragmapAndMba/shard-31/execution/docker_cid
# run as in the original configuration without --rm flag (will remove later)
docker run \
  --cidfile /mnt/nas1/projects/lasr/blendseq/warp-pipelines/warp-gatk-germline-single-sample-pipeline-master/cromwell-executions1/WholeGenomeGermlineSingleSample/d3b27253-def8-4fcc-8159-f1f8d49265cf/call-UnmappedBamToAlignedBam/UnmappedBamToAlignedBam/3102800d-c908-42dc-bfb2-6f5ddbcd42a0/call-SplitRG/shard-0/SplitLargeReadGroup/6e932b78-6ad9-4161-8d8e-21a830951cd5/call-SamToFastqAndDragmapAndMba/shard-31/execution/docker_cid \
  -i \
  --user 1027:1028 \
  --cpus="64" \
  --memory="409600m" \
  --entrypoint /bin/bash \
  -v /mnt/nas1/projects/lasr/blendseq/warp-pipelines/warp-gatk-germline-single-sample-pipeline-master/cromwell-executions1/WholeGenomeGermlineSingleSample/d3b27253-def8-4fcc-8159-f1f8d49265cf/call-UnmappedBamToAlignedBam/UnmappedBamToAlignedBam/3102800d-c908-42dc-bfb2-6f5ddbcd42a0/call-SplitRG/shard-0/SplitLargeReadGroup/6e932b78-6ad9-4161-8d8e-21a830951cd5/call-SamToFastqAndDragmapAndMba/shard-31:/cromwell-executions1/WholeGenomeGermlineSingleSample/d3b27253-def8-4fcc-8159-f1f8d49265cf/call-UnmappedBamToAlignedBam/UnmappedBamToAlignedBam/3102800d-c908-42dc-bfb2-6f5ddbcd42a0/call-SplitRG/shard-0/SplitLargeReadGroup/6e932b78-6ad9-4161-8d8e-21a830951cd5/call-SamToFastqAndDragmapAndMba/shard-31 \
  -v /mnt/nas1/projects/lasr/blendseq:/mnt/nas1/projects/lasr/blendseq \
  us.gcr.io/broad-gotc-prod/dragmap@sha256:5964afca3e4173c33b11100f68c1a44642e0ff2ee4de5a49d8cd446fef308b23 /cromwell-executions1/WholeGenomeGermlineSingleSample/d3b27253-def8-4fcc-8159-f1f8d49265cf/call-UnmappedBamToAlignedBam/UnmappedBamToAlignedBam/3102800d-c908-42dc-bfb2-6f5ddbcd42a0/call-SplitRG/shard-0/SplitLargeReadGroup/6e932b78-6ad9-4161-8d8e-21a830951cd5/call-SamToFastqAndDragmapAndMba/shard-31/execution/script

# get the return code (working even if the container was detached)
rc=$(docker wait [38;5;5mcat /mnt/nas1/projects/lasr/blendseq/warp-pipelines/warp-gatk-germline-single-sample-pipeline-master/cromwell-executions1/WholeGenomeGermlineSingleSample/d3b27253-def8-4fcc-8159-f1f8d49265cf/call-UnmappedBamToAlignedBam/UnmappedBamToAlignedBam/3102800d-c908-42dc-bfb2-6f5ddbcd42a0/call-SplitRG/shard-0/SplitLargeReadGroup/6e932b78-6ad9-4161-8d8e-21a830951cd5/call-SamToFastqAndDragmapAndMba/shard-31/execution/docker_cid[0m)

# remove the container after waiting
docker rm [38;5;5mcat /mnt/nas1/projects/lasr/blendseq/warp-pipelines/warp-gatk-germline-single-sample-pipeline-master/cromwell-executions1/WholeGenomeGermlineSingleSample/d3b27253-def8-4fcc-8159-f1f8d49265cf/call-UnmappedBamToAlignedBam/UnmappedBamToAlignedBam/3102800d-c908-42dc-bfb2-6f5ddbcd42a0/call-SplitRG/shard-0/SplitLargeReadGroup/6e932b78-6ad9-4161-8d8e-21a830951cd5/call-SamToFastqAndDragmapAndMba/shard-31/execution/docker_cid[0m

# return exit code
exit $rc
[2026-03-30 19:37:46,07] [info] BackgroundConfigAsyncJobExecutionActor [[38;5;2m6e932b78[0mSplitLargeReadGroup.SamToFastqAndDragmapAndMba:31:1]: job id: 559301
[2026-03-30 19:37:46,07] [info] BackgroundConfigAsyncJobExecutionActor [[38;5;2m6e932b78[0mSplitLargeReadGroup.SamToFastqAndDragmapAndMba:31:1]: Status change from - to WaitingForReturnCode
[2026-03-30 20:18:47,76] [info] BackgroundConfigAsyncJobExecutionActor [[38;5;2m6e932b78[0mSplitLargeReadGroup.SamToFastqAndDragmapAndMba:31:1]: Status change from WaitingForReturnCode to Done
[2026-03-30 20:18:56,18] [info] Assigned new job execution tokens to the following groups: d3b27253: 1
[2026-03-30 20:18:56,23] [[38;5;220mwarn[0m] BackgroundConfigAsyncJobExecutionActor [[38;5;2m6e932b78[0mSplitLargeReadGroup.SamToFastqAndDragmapAndMba:32:1]: Unrecognized runtime attribute keys: preemptible, disks, cpu, memory
[2026-03-30 20:19:18,56] [info] BackgroundConfigAsyncJobExecutionActor [[38;5;2m6e932b78[0mSplitLargeReadGroup.SamToFastqAndDragmapAndMba:32:1]: [38;5;5mset -euxo pipefail

DRAGMAP_VERSION=$(dragen-os --version)

if [ -z ${DRAGMAP_VERSION} ]; then
    exit 1;
fi

mkdir dragen_reference
mv /cromwell-executions1/WholeGenomeGermlineSingleSample/d3b27253-def8-4fcc-8159-f1f8d49265cf/call-UnmappedBamToAlignedBam/UnmappedBamToAlignedBam/3102800d-c908-42dc-bfb2-6f5ddbcd42a0/call-SplitRG/shard-0/SplitLargeReadGroup/6e932b78-6ad9-4161-8d8e-21a830951cd5/call-SamToFastqAndDragmapAndMba/shard-32/inputs/-1290198700/reference.bin /cromwell-executions1/WholeGenomeGermlineSingleSample/d3b27253-def8-4fcc-8159-f1f8d49265cf/call-UnmappedBamToAlignedBam/UnmappedBamToAlignedBam/3102800d-c908-42dc-bfb2-6f5ddbcd42a0/call-SplitRG/shard-0/SplitLargeReadGroup/6e932b78-6ad9-4161-8d8e-21a830951cd5/call-SamToFastqAndDragmapAndMba/shard-32/inputs/-1290198700/hash_table.cfg.bin /cromwell-executions1/WholeGenomeGermlineSingleSample/d3b27253-def8-4fcc-8159-f1f8d49265cf/call-UnmappedBamToAlignedBam/UnmappedBamToAlignedBam/3102800d-c908-42dc-bfb2-6f5ddbcd42a0/call-SplitRG/shard-0/SplitLargeReadGroup/6e932b78-6ad9-4161-8d8e-21a830951cd5/call-SamToFastqAndDragmapAndMba/shard-32/inputs/-1290198700/hash_table.cmp dragen_reference

dragen-os -b /cromwell-executions1/WholeGenomeGermlineSingleSample/d3b27253-def8-4fcc-8159-f1f8d49265cf/call-UnmappedBamToAlignedBam/UnmappedBamToAlignedBam/3102800d-c908-42dc-bfb2-6f5ddbcd42a0/call-SplitRG/shard-0/SplitLargeReadGroup/6e932b78-6ad9-4161-8d8e-21a830951cd5/call-SamToFastqAndDragmapAndMba/shard-32/inputs/-268692571/shard_0033.bam -r dragen_reference --interleaved=1 --preserve-map-align-order true 2> >(tee shard_0033.dragmap.stderr.log >&2) | samtools view -h -O BAM - > aligned.bam
java -Dsamjdk.compression_level=2 -Xms300g -Xmx300g -jar /picard/picard.jar \
  MergeBamAlignment \
  VALIDATION_STRINGENCY=SILENT \
  EXPECTED_ORIENTATIONS=FR \
  ATTRIBUTES_TO_RETAIN=X0 \
  ATTRIBUTES_TO_REMOVE=RG \
  ATTRIBUTES_TO_REMOVE=NM \
  ATTRIBUTES_TO_REMOVE=MD \
  ALIGNED_BAM=aligned.bam \
  UNMAPPED_BAM=/cromwell-executions1/WholeGenomeGermlineSingleSample/d3b27253-def8-4fcc-8159-f1f8d49265cf/call-UnmappedBamToAlignedBam/UnmappedBamToAlignedBam/3102800d-c908-42dc-bfb2-6f5ddbcd42a0/call-SplitRG/shard-0/SplitLargeReadGroup/6e932b78-6ad9-4161-8d8e-21a830951cd5/call-SamToFastqAndDragmapAndMba/shard-32/inputs/-268692571/shard_0033.bam \
  OUTPUT=shard_0033.bam \
  REFERENCE_SEQUENCE=/cromwell-executions1/WholeGenomeGermlineSingleSample/d3b27253-def8-4fcc-8159-f1f8d49265cf/call-UnmappedBamToAlignedBam/UnmappedBamToAlignedBam/3102800d-c908-42dc-bfb2-6f5ddbcd42a0/call-SplitRG/shard-0/SplitLargeReadGroup/6e932b78-6ad9-4161-8d8e-21a830951cd5/call-SamToFastqAndDragmapAndMba/shard-32/inputs/-1569105944/Homo_sapiens_assembly38_masked.fasta \
  PAIRED_RUN=true \
  SORT_ORDER="unsorted" \
  IS_BISULFITE_SEQUENCE=false \
  ALIGNED_READS_ONLY=false \
  CLIP_ADAPTERS=false \
   \
   \
  MAX_RECORDS_IN_RAM=2000000 \
  ADD_MATE_CIGAR=true \
  MAX_INSERTIONS_OR_DELETIONS=-1 \
  PRIMARY_ALIGNMENT_STRATEGY=MostDistant \
  PROGRAM_RECORD_ID="dragen-os" \
  PROGRAM_GROUP_VERSION="${DRAGMAP_VERSION}" \
  PROGRAM_GROUP_COMMAND_LINE="dragen-os -b /cromwell-executions1/WholeGenomeGermlineSingleSample/d3b27253-def8-4fcc-8159-f1f8d49265cf/call-UnmappedBamToAlignedBam/UnmappedBamToAlignedBam/3102800d-c908-42dc-bfb2-6f5ddbcd42a0/call-SplitRG/shard-0/SplitLargeReadGroup/6e932b78-6ad9-4161-8d8e-21a830951cd5/call-SamToFastqAndDragmapAndMba/shard-32/inputs/-268692571/shard_0033.bam -r dragen_reference --interleaved=1" \
  PROGRAM_GROUP_NAME="dragen-os" \
  UNMAPPED_READ_STRATEGY=COPY_TO_TAG \
  ALIGNER_PROPER_PAIR_FLAGS=true \
  UNMAP_CONTAMINANT_READS=true \
  ADD_PG_TAG_TO_READS=false[0m
[2026-03-30 20:19:18,65] [info] BackgroundConfigAsyncJobExecutionActor [[38;5;2m6e932b78[0mSplitLargeReadGroup.SamToFastqAndDragmapAndMba:32:1]: executing: # make sure there is no preexisting Docker CID file
rm -f /mnt/nas1/projects/lasr/blendseq/warp-pipelines/warp-gatk-germline-single-sample-pipeline-master/cromwell-executions1/WholeGenomeGermlineSingleSample/d3b27253-def8-4fcc-8159-f1f8d49265cf/call-UnmappedBamToAlignedBam/UnmappedBamToAlignedBam/3102800d-c908-42dc-bfb2-6f5ddbcd42a0/call-SplitRG/shard-0/SplitLargeReadGroup/6e932b78-6ad9-4161-8d8e-21a830951cd5/call-SamToFastqAndDragmapAndMba/shard-32/execution/docker_cid
# run as in the original configuration without --rm flag (will remove later)
docker run \
  --cidfile /mnt/nas1/projects/lasr/blendseq/warp-pipelines/warp-gatk-germline-single-sample-pipeline-master/cromwell-executions1/WholeGenomeGermlineSingleSample/d3b27253-def8-4fcc-8159-f1f8d49265cf/call-UnmappedBamToAlignedBam/UnmappedBamToAlignedBam/3102800d-c908-42dc-bfb2-6f5ddbcd42a0/call-SplitRG/shard-0/SplitLargeReadGroup/6e932b78-6ad9-4161-8d8e-21a830951cd5/call-SamToFastqAndDragmapAndMba/shard-32/execution/docker_cid \
  -i \
  --user 1027:1028 \
  --cpus="64" \
  --memory="409600m" \
  --entrypoint /bin/bash \
  -v /mnt/nas1/projects/lasr/blendseq/warp-pipelines/warp-gatk-germline-single-sample-pipeline-master/cromwell-executions1/WholeGenomeGermlineSingleSample/d3b27253-def8-4fcc-8159-f1f8d49265cf/call-UnmappedBamToAlignedBam/UnmappedBamToAlignedBam/3102800d-c908-42dc-bfb2-6f5ddbcd42a0/call-SplitRG/shard-0/SplitLargeReadGroup/6e932b78-6ad9-4161-8d8e-21a830951cd5/call-SamToFastqAndDragmapAndMba/shard-32:/cromwell-executions1/WholeGenomeGermlineSingleSample/d3b27253-def8-4fcc-8159-f1f8d49265cf/call-UnmappedBamToAlignedBam/UnmappedBamToAlignedBam/3102800d-c908-42dc-bfb2-6f5ddbcd42a0/call-SplitRG/shard-0/SplitLargeReadGroup/6e932b78-6ad9-4161-8d8e-21a830951cd5/call-SamToFastqAndDragmapAndMba/shard-32 \
  -v /mnt/nas1/projects/lasr/blendseq:/mnt/nas1/projects/lasr/blendseq \
  us.gcr.io/broad-gotc-prod/dragmap@sha256:5964afca3e4173c33b11100f68c1a44642e0ff2ee4de5a49d8cd446fef308b23 /cromwell-executions1/WholeGenomeGermlineSingleSample/d3b27253-def8-4fcc-8159-f1f8d49265cf/call-UnmappedBamToAlignedBam/UnmappedBamToAlignedBam/3102800d-c908-42dc-bfb2-6f5ddbcd42a0/call-SplitRG/shard-0/SplitLargeReadGroup/6e932b78-6ad9-4161-8d8e-21a830951cd5/call-SamToFastqAndDragmapAndMba/shard-32/execution/script

# get the return code (working even if the container was detached)
rc=$(docker wait [38;5;5mcat /mnt/nas1/projects/lasr/blendseq/warp-pipelines/warp-gatk-germline-single-sample-pipeline-master/cromwell-executions1/WholeGenomeGermlineSingleSample/d3b27253-def8-4fcc-8159-f1f8d49265cf/call-UnmappedBamToAlignedBam/UnmappedBamToAlignedBam/3102800d-c908-42dc-bfb2-6f5ddbcd42a0/call-SplitRG/shard-0/SplitLargeReadGroup/6e932b78-6ad9-4161-8d8e-21a830951cd5/call-SamToFastqAndDragmapAndMba/shard-32/execution/docker_cid[0m)

# remove the container after waiting
docker rm [38;5;5mcat /mnt/nas1/projects/lasr/blendseq/warp-pipelines/warp-gatk-germline-single-sample-pipeline-master/cromwell-executions1/WholeGenomeGermlineSingleSample/d3b27253-def8-4fcc-8159-f1f8d49265cf/call-UnmappedBamToAlignedBam/UnmappedBamToAlignedBam/3102800d-c908-42dc-bfb2-6f5ddbcd42a0/call-SplitRG/shard-0/SplitLargeReadGroup/6e932b78-6ad9-4161-8d8e-21a830951cd5/call-SamToFastqAndDragmapAndMba/shard-32/execution/docker_cid[0m

# return exit code
exit $rc
[2026-03-30 20:19:21,06] [info] BackgroundConfigAsyncJobExecutionActor [[38;5;2m6e932b78[0mSplitLargeReadGroup.SamToFastqAndDragmapAndMba:32:1]: job id: 560414
[2026-03-30 20:19:21,07] [info] BackgroundConfigAsyncJobExecutionActor [[38;5;2m6e932b78[0mSplitLargeReadGroup.SamToFastqAndDragmapAndMba:32:1]: Status change from - to WaitingForReturnCode
[2026-03-30 20:50:58,90] [info] BackgroundConfigAsyncJobExecutionActor [[38;5;2m6e932b78[0mSplitLargeReadGroup.SamToFastqAndDragmapAndMba:32:1]: Status change from WaitingForReturnCode to Done
[2026-03-30 20:51:06,18] [info] Assigned new job execution tokens to the following groups: d3b27253: 1
[2026-03-30 20:51:06,23] [[38;5;220mwarn[0m] BackgroundConfigAsyncJobExecutionActor [[38;5;2m6e932b78[0mSplitLargeReadGroup.SamToFastqAndDragmapAndMba:6:1]: Unrecognized runtime attribute keys: preemptible, disks, cpu, memory
[2026-03-30 20:51:28,50] [info] BackgroundConfigAsyncJobExecutionActor [[38;5;2m6e932b78[0mSplitLargeReadGroup.SamToFastqAndDragmapAndMba:6:1]: [38;5;5mset -euxo pipefail

DRAGMAP_VERSION=$(dragen-os --version)

if [ -z ${DRAGMAP_VERSION} ]; then
    exit 1;
fi

mkdir dragen_reference
mv /cromwell-executions1/WholeGenomeGermlineSingleSample/d3b27253-def8-4fcc-8159-f1f8d49265cf/call-UnmappedBamToAlignedBam/UnmappedBamToAlignedBam/3102800d-c908-42dc-bfb2-6f5ddbcd42a0/call-SplitRG/shard-0/SplitLargeReadGroup/6e932b78-6ad9-4161-8d8e-21a830951cd5/call-SamToFastqAndDragmapAndMba/shard-6/inputs/-1290198700/reference.bin /cromwell-executions1/WholeGenomeGermlineSingleSample/d3b27253-def8-4fcc-8159-f1f8d49265cf/call-UnmappedBamToAlignedBam/UnmappedBamToAlignedBam/3102800d-c908-42dc-bfb2-6f5ddbcd42a0/call-SplitRG/shard-0/SplitLargeReadGroup/6e932b78-6ad9-4161-8d8e-21a830951cd5/call-SamToFastqAndDragmapAndMba/shard-6/inputs/-1290198700/hash_table.cfg.bin /cromwell-executions1/WholeGenomeGermlineSingleSample/d3b27253-def8-4fcc-8159-f1f8d49265cf/call-UnmappedBamToAlignedBam/UnmappedBamToAlignedBam/3102800d-c908-42dc-bfb2-6f5ddbcd42a0/call-SplitRG/shard-0/SplitLargeReadGroup/6e932b78-6ad9-4161-8d8e-21a830951cd5/call-SamToFastqAndDragmapAndMba/shard-6/inputs/-1290198700/hash_table.cmp dragen_reference

dragen-os -b /cromwell-executions1/WholeGenomeGermlineSingleSample/d3b27253-def8-4fcc-8159-f1f8d49265cf/call-UnmappedBamToAlignedBam/UnmappedBamToAlignedBam/3102800d-c908-42dc-bfb2-6f5ddbcd42a0/call-SplitRG/shard-0/SplitLargeReadGroup/6e932b78-6ad9-4161-8d8e-21a830951cd5/call-SamToFastqAndDragmapAndMba/shard-6/inputs/-268692571/shard_0007.bam -r dragen_reference --interleaved=1 --preserve-map-align-order true 2> >(tee shard_0007.dragmap.stderr.log >&2) | samtools view -h -O BAM - > aligned.bam
java -Dsamjdk.compression_level=2 -Xms300g -Xmx300g -jar /picard/picard.jar \
  MergeBamAlignment \
  VALIDATION_STRINGENCY=SILENT \
  EXPECTED_ORIENTATIONS=FR \
  ATTRIBUTES_TO_RETAIN=X0 \
  ATTRIBUTES_TO_REMOVE=RG \
  ATTRIBUTES_TO_REMOVE=NM \
  ATTRIBUTES_TO_REMOVE=MD \
  ALIGNED_BAM=aligned.bam \
  UNMAPPED_BAM=/cromwell-executions1/WholeGenomeGermlineSingleSample/d3b27253-def8-4fcc-8159-f1f8d49265cf/call-UnmappedBamToAlignedBam/UnmappedBamToAlignedBam/3102800d-c908-42dc-bfb2-6f5ddbcd42a0/call-SplitRG/shard-0/SplitLargeReadGroup/6e932b78-6ad9-4161-8d8e-21a830951cd5/call-SamToFastqAndDragmapAndMba/shard-6/inputs/-268692571/shard_0007.bam \
  OUTPUT=shard_0007.bam \
  REFERENCE_SEQUENCE=/cromwell-executions1/WholeGenomeGermlineSingleSample/d3b27253-def8-4fcc-8159-f1f8d49265cf/call-UnmappedBamToAlignedBam/UnmappedBamToAlignedBam/3102800d-c908-42dc-bfb2-6f5ddbcd42a0/call-SplitRG/shard-0/SplitLargeReadGroup/6e932b78-6ad9-4161-8d8e-21a830951cd5/call-SamToFastqAndDragmapAndMba/shard-6/inputs/-1569105944/Homo_sapiens_assembly38_masked.fasta \
  PAIRED_RUN=true \
  SORT_ORDER="unsorted" \
  IS_BISULFITE_SEQUENCE=false \
  ALIGNED_READS_ONLY=false \
  CLIP_ADAPTERS=false \
   \
   \
  MAX_RECORDS_IN_RAM=2000000 \
  ADD_MATE_CIGAR=true \
  MAX_INSERTIONS_OR_DELETIONS=-1 \
  PRIMARY_ALIGNMENT_STRATEGY=MostDistant \
  PROGRAM_RECORD_ID="dragen-os" \
  PROGRAM_GROUP_VERSION="${DRAGMAP_VERSION}" \
  PROGRAM_GROUP_COMMAND_LINE="dragen-os -b /cromwell-executions1/WholeGenomeGermlineSingleSample/d3b27253-def8-4fcc-8159-f1f8d49265cf/call-UnmappedBamToAlignedBam/UnmappedBamToAlignedBam/3102800d-c908-42dc-bfb2-6f5ddbcd42a0/call-SplitRG/shard-0/SplitLargeReadGroup/6e932b78-6ad9-4161-8d8e-21a830951cd5/call-SamToFastqAndDragmapAndMba/shard-6/inputs/-268692571/shard_0007.bam -r dragen_reference --interleaved=1" \
  PROGRAM_GROUP_NAME="dragen-os" \
  UNMAPPED_READ_STRATEGY=COPY_TO_TAG \
  ALIGNER_PROPER_PAIR_FLAGS=true \
  UNMAP_CONTAMINANT_READS=true \
  ADD_PG_TAG_TO_READS=false[0m
[2026-03-30 20:51:28,59] [info] BackgroundConfigAsyncJobExecutionActor [[38;5;2m6e932b78[0mSplitLargeReadGroup.SamToFastqAndDragmapAndMba:6:1]: executing: # make sure there is no preexisting Docker CID file
rm -f /mnt/nas1/projects/lasr/blendseq/warp-pipelines/warp-gatk-germline-single-sample-pipeline-master/cromwell-executions1/WholeGenomeGermlineSingleSample/d3b27253-def8-4fcc-8159-f1f8d49265cf/call-UnmappedBamToAlignedBam/UnmappedBamToAlignedBam/3102800d-c908-42dc-bfb2-6f5ddbcd42a0/call-SplitRG/shard-0/SplitLargeReadGroup/6e932b78-6ad9-4161-8d8e-21a830951cd5/call-SamToFastqAndDragmapAndMba/shard-6/execution/docker_cid
# run as in the original configuration without --rm flag (will remove later)
docker run \
  --cidfile /mnt/nas1/projects/lasr/blendseq/warp-pipelines/warp-gatk-germline-single-sample-pipeline-master/cromwell-executions1/WholeGenomeGermlineSingleSample/d3b27253-def8-4fcc-8159-f1f8d49265cf/call-UnmappedBamToAlignedBam/UnmappedBamToAlignedBam/3102800d-c908-42dc-bfb2-6f5ddbcd42a0/call-SplitRG/shard-0/SplitLargeReadGroup/6e932b78-6ad9-4161-8d8e-21a830951cd5/call-SamToFastqAndDragmapAndMba/shard-6/execution/docker_cid \
  -i \
  --user 1027:1028 \
  --cpus="64" \
  --memory="409600m" \
  --entrypoint /bin/bash \
  -v /mnt/nas1/projects/lasr/blendseq/warp-pipelines/warp-gatk-germline-single-sample-pipeline-master/cromwell-executions1/WholeGenomeGermlineSingleSample/d3b27253-def8-4fcc-8159-f1f8d49265cf/call-UnmappedBamToAlignedBam/UnmappedBamToAlignedBam/3102800d-c908-42dc-bfb2-6f5ddbcd42a0/call-SplitRG/shard-0/SplitLargeReadGroup/6e932b78-6ad9-4161-8d8e-21a830951cd5/call-SamToFastqAndDragmapAndMba/shard-6:/cromwell-executions1/WholeGenomeGermlineSingleSample/d3b27253-def8-4fcc-8159-f1f8d49265cf/call-UnmappedBamToAlignedBam/UnmappedBamToAlignedBam/3102800d-c908-42dc-bfb2-6f5ddbcd42a0/call-SplitRG/shard-0/SplitLargeReadGroup/6e932b78-6ad9-4161-8d8e-21a830951cd5/call-SamToFastqAndDragmapAndMba/shard-6 \
  -v /mnt/nas1/projects/lasr/blendseq:/mnt/nas1/projects/lasr/blendseq \
  us.gcr.io/broad-gotc-prod/dragmap@sha256:5964afca3e4173c33b11100f68c1a44642e0ff2ee4de5a49d8cd446fef308b23 /cromwell-executions1/WholeGenomeGermlineSingleSample/d3b27253-def8-4fcc-8159-f1f8d49265cf/call-UnmappedBamToAlignedBam/UnmappedBamToAlignedBam/3102800d-c908-42dc-bfb2-6f5ddbcd42a0/call-SplitRG/shard-0/SplitLargeReadGroup/6e932b78-6ad9-4161-8d8e-21a830951cd5/call-SamToFastqAndDragmapAndMba/shard-6/execution/script

# get the return code (working even if the container was detached)
rc=$(docker wait [38;5;5mcat /mnt/nas1/projects/lasr/blendseq/warp-pipelines/warp-gatk-germline-single-sample-pipeline-master/cromwell-executions1/WholeGenomeGermlineSingleSample/d3b27253-def8-4fcc-8159-f1f8d49265cf/call-UnmappedBamToAlignedBam/UnmappedBamToAlignedBam/3102800d-c908-42dc-bfb2-6f5ddbcd42a0/call-SplitRG/shard-0/SplitLargeReadGroup/6e932b78-6ad9-4161-8d8e-21a830951cd5/call-SamToFastqAndDragmapAndMba/shard-6/execution/docker_cid[0m)

# remove the container after waiting
docker rm [38;5;5mcat /mnt/nas1/projects/lasr/blendseq/warp-pipelines/warp-gatk-germline-single-sample-pipeline-master/cromwell-executions1/WholeGenomeGermlineSingleSample/d3b27253-def8-4fcc-8159-f1f8d49265cf/call-UnmappedBamToAlignedBam/UnmappedBamToAlignedBam/3102800d-c908-42dc-bfb2-6f5ddbcd42a0/call-SplitRG/shard-0/SplitLargeReadGroup/6e932b78-6ad9-4161-8d8e-21a830951cd5/call-SamToFastqAndDragmapAndMba/shard-6/execution/docker_cid[0m

# return exit code
exit $rc
[2026-03-30 20:51:31,07] [info] BackgroundConfigAsyncJobExecutionActor [[38;5;2m6e932b78[0mSplitLargeReadGroup.SamToFastqAndDragmapAndMba:6:1]: job id: 561422
[2026-03-30 20:51:31,07] [info] BackgroundConfigAsyncJobExecutionActor [[38;5;2m6e932b78[0mSplitLargeReadGroup.SamToFastqAndDragmapAndMba:6:1]: Status change from - to WaitingForReturnCode
[2026-03-30 21:25:24,53] [info] BackgroundConfigAsyncJobExecutionActor [[38;5;2m6e932b78[0mSplitLargeReadGroup.SamToFastqAndDragmapAndMba:6:1]: Status change from WaitingForReturnCode to Done
[2026-03-30 21:25:26,18] [info] Assigned new job execution tokens to the following groups: d3b27253: 1
[2026-03-30 21:25:26,23] [[38;5;220mwarn[0m] BackgroundConfigAsyncJobExecutionActor [[38;5;2m6e932b78[0mSplitLargeReadGroup.SamToFastqAndDragmapAndMba:30:1]: Unrecognized runtime attribute keys: preemptible, disks, cpu, memory
[2026-03-30 21:25:49,41] [info] BackgroundConfigAsyncJobExecutionActor [[38;5;2m6e932b78[0mSplitLargeReadGroup.SamToFastqAndDragmapAndMba:30:1]: [38;5;5mset -euxo pipefail

DRAGMAP_VERSION=$(dragen-os --version)

if [ -z ${DRAGMAP_VERSION} ]; then
    exit 1;
fi

mkdir dragen_reference
mv /cromwell-executions1/WholeGenomeGermlineSingleSample/d3b27253-def8-4fcc-8159-f1f8d49265cf/call-UnmappedBamToAlignedBam/UnmappedBamToAlignedBam/3102800d-c908-42dc-bfb2-6f5ddbcd42a0/call-SplitRG/shard-0/SplitLargeReadGroup/6e932b78-6ad9-4161-8d8e-21a830951cd5/call-SamToFastqAndDragmapAndMba/shard-30/inputs/-1290198700/reference.bin /cromwell-executions1/WholeGenomeGermlineSingleSample/d3b27253-def8-4fcc-8159-f1f8d49265cf/call-UnmappedBamToAlignedBam/UnmappedBamToAlignedBam/3102800d-c908-42dc-bfb2-6f5ddbcd42a0/call-SplitRG/shard-0/SplitLargeReadGroup/6e932b78-6ad9-4161-8d8e-21a830951cd5/call-SamToFastqAndDragmapAndMba/shard-30/inputs/-1290198700/hash_table.cfg.bin /cromwell-executions1/WholeGenomeGermlineSingleSample/d3b27253-def8-4fcc-8159-f1f8d49265cf/call-UnmappedBamToAlignedBam/UnmappedBamToAlignedBam/3102800d-c908-42dc-bfb2-6f5ddbcd42a0/call-SplitRG/shard-0/SplitLargeReadGroup/6e932b78-6ad9-4161-8d8e-21a830951cd5/call-SamToFastqAndDragmapAndMba/shard-30/inputs/-1290198700/hash_table.cmp dragen_reference

dragen-os -b /cromwell-executions1/WholeGenomeGermlineSingleSample/d3b27253-def8-4fcc-8159-f1f8d49265cf/call-UnmappedBamToAlignedBam/UnmappedBamToAlignedBam/3102800d-c908-42dc-bfb2-6f5ddbcd42a0/call-SplitRG/shard-0/SplitLargeReadGroup/6e932b78-6ad9-4161-8d8e-21a830951cd5/call-SamToFastqAndDragmapAndMba/shard-30/inputs/-268692571/shard_0031.bam -r dragen_reference --interleaved=1 --preserve-map-align-order true 2> >(tee shard_0031.dragmap.stderr.log >&2) | samtools view -h -O BAM - > aligned.bam
java -Dsamjdk.compression_level=2 -Xms300g -Xmx300g -jar /picard/picard.jar \
  MergeBamAlignment \
  VALIDATION_STRINGENCY=SILENT \
  EXPECTED_ORIENTATIONS=FR \
  ATTRIBUTES_TO_RETAIN=X0 \
  ATTRIBUTES_TO_REMOVE=RG \
  ATTRIBUTES_TO_REMOVE=NM \
  ATTRIBUTES_TO_REMOVE=MD \
  ALIGNED_BAM=aligned.bam \
  UNMAPPED_BAM=/cromwell-executions1/WholeGenomeGermlineSingleSample/d3b27253-def8-4fcc-8159-f1f8d49265cf/call-UnmappedBamToAlignedBam/UnmappedBamToAlignedBam/3102800d-c908-42dc-bfb2-6f5ddbcd42a0/call-SplitRG/shard-0/SplitLargeReadGroup/6e932b78-6ad9-4161-8d8e-21a830951cd5/call-SamToFastqAndDragmapAndMba/shard-30/inputs/-268692571/shard_0031.bam \
  OUTPUT=shard_0031.bam \
  REFERENCE_SEQUENCE=/cromwell-executions1/WholeGenomeGermlineSingleSample/d3b27253-def8-4fcc-8159-f1f8d49265cf/call-UnmappedBamToAlignedBam/UnmappedBamToAlignedBam/3102800d-c908-42dc-bfb2-6f5ddbcd42a0/call-SplitRG/shard-0/SplitLargeReadGroup/6e932b78-6ad9-4161-8d8e-21a830951cd5/call-SamToFastqAndDragmapAndMba/shard-30/inputs/-1569105944/Homo_sapiens_assembly38_masked.fasta \
  PAIRED_RUN=true \
  SORT_ORDER="unsorted" \
  IS_BISULFITE_SEQUENCE=false \
  ALIGNED_READS_ONLY=false \
  CLIP_ADAPTERS=false \
   \
   \
  MAX_RECORDS_IN_RAM=2000000 \
  ADD_MATE_CIGAR=true \
  MAX_INSERTIONS_OR_DELETIONS=-1 \
  PRIMARY_ALIGNMENT_STRATEGY=MostDistant \
  PROGRAM_RECORD_ID="dragen-os" \
  PROGRAM_GROUP_VERSION="${DRAGMAP_VERSION}" \
  PROGRAM_GROUP_COMMAND_LINE="dragen-os -b /cromwell-executions1/WholeGenomeGermlineSingleSample/d3b27253-def8-4fcc-8159-f1f8d49265cf/call-UnmappedBamToAlignedBam/UnmappedBamToAlignedBam/3102800d-c908-42dc-bfb2-6f5ddbcd42a0/call-SplitRG/shard-0/SplitLargeReadGroup/6e932b78-6ad9-4161-8d8e-21a830951cd5/call-SamToFastqAndDragmapAndMba/shard-30/inputs/-268692571/shard_0031.bam -r dragen_reference --interleaved=1" \
  PROGRAM_GROUP_NAME="dragen-os" \
  UNMAPPED_READ_STRATEGY=COPY_TO_TAG \
  ALIGNER_PROPER_PAIR_FLAGS=true \
  UNMAP_CONTAMINANT_READS=true \
  ADD_PG_TAG_TO_READS=false[0m
[2026-03-30 21:25:49,52] [info] BackgroundConfigAsyncJobExecutionActor [[38;5;2m6e932b78[0mSplitLargeReadGroup.SamToFastqAndDragmapAndMba:30:1]: executing: # make sure there is no preexisting Docker CID file
rm -f /mnt/nas1/projects/lasr/blendseq/warp-pipelines/warp-gatk-germline-single-sample-pipeline-master/cromwell-executions1/WholeGenomeGermlineSingleSample/d3b27253-def8-4fcc-8159-f1f8d49265cf/call-UnmappedBamToAlignedBam/UnmappedBamToAlignedBam/3102800d-c908-42dc-bfb2-6f5ddbcd42a0/call-SplitRG/shard-0/SplitLargeReadGroup/6e932b78-6ad9-4161-8d8e-21a830951cd5/call-SamToFastqAndDragmapAndMba/shard-30/execution/docker_cid
# run as in the original configuration without --rm flag (will remove later)
docker run \
  --cidfile /mnt/nas1/projects/lasr/blendseq/warp-pipelines/warp-gatk-germline-single-sample-pipeline-master/cromwell-executions1/WholeGenomeGermlineSingleSample/d3b27253-def8-4fcc-8159-f1f8d49265cf/call-UnmappedBamToAlignedBam/UnmappedBamToAlignedBam/3102800d-c908-42dc-bfb2-6f5ddbcd42a0/call-SplitRG/shard-0/SplitLargeReadGroup/6e932b78-6ad9-4161-8d8e-21a830951cd5/call-SamToFastqAndDragmapAndMba/shard-30/execution/docker_cid \
  -i \
  --user 1027:1028 \
  --cpus="64" \
  --memory="409600m" \
  --entrypoint /bin/bash \
  -v /mnt/nas1/projects/lasr/blendseq/warp-pipelines/warp-gatk-germline-single-sample-pipeline-master/cromwell-executions1/WholeGenomeGermlineSingleSample/d3b27253-def8-4fcc-8159-f1f8d49265cf/call-UnmappedBamToAlignedBam/UnmappedBamToAlignedBam/3102800d-c908-42dc-bfb2-6f5ddbcd42a0/call-SplitRG/shard-0/SplitLargeReadGroup/6e932b78-6ad9-4161-8d8e-21a830951cd5/call-SamToFastqAndDragmapAndMba/shard-30:/cromwell-executions1/WholeGenomeGermlineSingleSample/d3b27253-def8-4fcc-8159-f1f8d49265cf/call-UnmappedBamToAlignedBam/UnmappedBamToAlignedBam/3102800d-c908-42dc-bfb2-6f5ddbcd42a0/call-SplitRG/shard-0/SplitLargeReadGroup/6e932b78-6ad9-4161-8d8e-21a830951cd5/call-SamToFastqAndDragmapAndMba/shard-30 \
  -v /mnt/nas1/projects/lasr/blendseq:/mnt/nas1/projects/lasr/blendseq \
  us.gcr.io/broad-gotc-prod/dragmap@sha256:5964afca3e4173c33b11100f68c1a44642e0ff2ee4de5a49d8cd446fef308b23 /cromwell-executions1/WholeGenomeGermlineSingleSample/d3b27253-def8-4fcc-8159-f1f8d49265cf/call-UnmappedBamToAlignedBam/UnmappedBamToAlignedBam/3102800d-c908-42dc-bfb2-6f5ddbcd42a0/call-SplitRG/shard-0/SplitLargeReadGroup/6e932b78-6ad9-4161-8d8e-21a830951cd5/call-SamToFastqAndDragmapAndMba/shard-30/execution/script

# get the return code (working even if the container was detached)
rc=$(docker wait [38;5;5mcat /mnt/nas1/projects/lasr/blendseq/warp-pipelines/warp-gatk-germline-single-sample-pipeline-master/cromwell-executions1/WholeGenomeGermlineSingleSample/d3b27253-def8-4fcc-8159-f1f8d49265cf/call-UnmappedBamToAlignedBam/UnmappedBamToAlignedBam/3102800d-c908-42dc-bfb2-6f5ddbcd42a0/call-SplitRG/shard-0/SplitLargeReadGroup/6e932b78-6ad9-4161-8d8e-21a830951cd5/call-SamToFastqAndDragmapAndMba/shard-30/execution/docker_cid[0m)

# remove the container after waiting
docker rm [38;5;5mcat /mnt/nas1/projects/lasr/blendseq/warp-pipelines/warp-gatk-germline-single-sample-pipeline-master/cromwell-executions1/WholeGenomeGermlineSingleSample/d3b27253-def8-4fcc-8159-f1f8d49265cf/call-UnmappedBamToAlignedBam/UnmappedBamToAlignedBam/3102800d-c908-42dc-bfb2-6f5ddbcd42a0/call-SplitRG/shard-0/SplitLargeReadGroup/6e932b78-6ad9-4161-8d8e-21a830951cd5/call-SamToFastqAndDragmapAndMba/shard-30/execution/docker_cid[0m

# return exit code
exit $rc
[2026-03-30 21:25:51,07] [info] BackgroundConfigAsyncJobExecutionActor [[38;5;2m6e932b78[0mSplitLargeReadGroup.SamToFastqAndDragmapAndMba:30:1]: job id: 562419
[2026-03-30 21:25:51,07] [info] BackgroundConfigAsyncJobExecutionActor [[38;5;2m6e932b78[0mSplitLargeReadGroup.SamToFastqAndDragmapAndMba:30:1]: Status change from - to WaitingForReturnCode
[2026-03-30 22:02:16,95] [info] BackgroundConfigAsyncJobExecutionActor [[38;5;2m6e932b78[0mSplitLargeReadGroup.SamToFastqAndDragmapAndMba:30:1]: Status change from WaitingForReturnCode to Done
[2026-03-30 22:02:26,18] [info] Assigned new job execution tokens to the following groups: d3b27253: 1
[2026-03-30 22:02:26,23] [[38;5;220mwarn[0m] BackgroundConfigAsyncJobExecutionActor [[38;5;2m6e932b78[0mSplitLargeReadGroup.SamToFastqAndDragmapAndMba:28:1]: Unrecognized runtime attribute keys: preemptible, disks, cpu, memory
[2026-03-30 22:02:46,45] [info] BackgroundConfigAsyncJobExecutionActor [[38;5;2m6e932b78[0mSplitLargeReadGroup.SamToFastqAndDragmapAndMba:28:1]: [38;5;5mset -euxo pipefail

DRAGMAP_VERSION=$(dragen-os --version)

if [ -z ${DRAGMAP_VERSION} ]; then
    exit 1;
fi

mkdir dragen_reference
mv /cromwell-executions1/WholeGenomeGermlineSingleSample/d3b27253-def8-4fcc-8159-f1f8d49265cf/call-UnmappedBamToAlignedBam/UnmappedBamToAlignedBam/3102800d-c908-42dc-bfb2-6f5ddbcd42a0/call-SplitRG/shard-0/SplitLargeReadGroup/6e932b78-6ad9-4161-8d8e-21a830951cd5/call-SamToFastqAndDragmapAndMba/shard-28/inputs/-1290198700/reference.bin /cromwell-executions1/WholeGenomeGermlineSingleSample/d3b27253-def8-4fcc-8159-f1f8d49265cf/call-UnmappedBamToAlignedBam/UnmappedBamToAlignedBam/3102800d-c908-42dc-bfb2-6f5ddbcd42a0/call-SplitRG/shard-0/SplitLargeReadGroup/6e932b78-6ad9-4161-8d8e-21a830951cd5/call-SamToFastqAndDragmapAndMba/shard-28/inputs/-1290198700/hash_table.cfg.bin /cromwell-executions1/WholeGenomeGermlineSingleSample/d3b27253-def8-4fcc-8159-f1f8d49265cf/call-UnmappedBamToAlignedBam/UnmappedBamToAlignedBam/3102800d-c908-42dc-bfb2-6f5ddbcd42a0/call-SplitRG/shard-0/SplitLargeReadGroup/6e932b78-6ad9-4161-8d8e-21a830951cd5/call-SamToFastqAndDragmapAndMba/shard-28/inputs/-1290198700/hash_table.cmp dragen_reference

dragen-os -b /cromwell-executions1/WholeGenomeGermlineSingleSample/d3b27253-def8-4fcc-8159-f1f8d49265cf/call-UnmappedBamToAlignedBam/UnmappedBamToAlignedBam/3102800d-c908-42dc-bfb2-6f5ddbcd42a0/call-SplitRG/shard-0/SplitLargeReadGroup/6e932b78-6ad9-4161-8d8e-21a830951cd5/call-SamToFastqAndDragmapAndMba/shard-28/inputs/-268692571/shard_0029.bam -r dragen_reference --interleaved=1 --preserve-map-align-order true 2> >(tee shard_0029.dragmap.stderr.log >&2) | samtools view -h -O BAM - > aligned.bam
java -Dsamjdk.compression_level=2 -Xms300g -Xmx300g -jar /picard/picard.jar \
  MergeBamAlignment \
  VALIDATION_STRINGENCY=SILENT \
  EXPECTED_ORIENTATIONS=FR \
  ATTRIBUTES_TO_RETAIN=X0 \
  ATTRIBUTES_TO_REMOVE=RG \
  ATTRIBUTES_TO_REMOVE=NM \
  ATTRIBUTES_TO_REMOVE=MD \
  ALIGNED_BAM=aligned.bam \
  UNMAPPED_BAM=/cromwell-executions1/WholeGenomeGermlineSingleSample/d3b27253-def8-4fcc-8159-f1f8d49265cf/call-UnmappedBamToAlignedBam/UnmappedBamToAlignedBam/3102800d-c908-42dc-bfb2-6f5ddbcd42a0/call-SplitRG/shard-0/SplitLargeReadGroup/6e932b78-6ad9-4161-8d8e-21a830951cd5/call-SamToFastqAndDragmapAndMba/shard-28/inputs/-268692571/shard_0029.bam \
  OUTPUT=shard_0029.bam \
  REFERENCE_SEQUENCE=/cromwell-executions1/WholeGenomeGermlineSingleSample/d3b27253-def8-4fcc-8159-f1f8d49265cf/call-UnmappedBamToAlignedBam/UnmappedBamToAlignedBam/3102800d-c908-42dc-bfb2-6f5ddbcd42a0/call-SplitRG/shard-0/SplitLargeReadGroup/6e932b78-6ad9-4161-8d8e-21a830951cd5/call-SamToFastqAndDragmapAndMba/shard-28/inputs/-1569105944/Homo_sapiens_assembly38_masked.fasta \
  PAIRED_RUN=true \
  SORT_ORDER="unsorted" \
  IS_BISULFITE_SEQUENCE=false \
  ALIGNED_READS_ONLY=false \
  CLIP_ADAPTERS=false \
   \
   \
  MAX_RECORDS_IN_RAM=2000000 \
  ADD_MATE_CIGAR=true \
  MAX_INSERTIONS_OR_DELETIONS=-1 \
  PRIMARY_ALIGNMENT_STRATEGY=MostDistant \
  PROGRAM_RECORD_ID="dragen-os" \
  PROGRAM_GROUP_VERSION="${DRAGMAP_VERSION}" \
  PROGRAM_GROUP_COMMAND_LINE="dragen-os -b /cromwell-executions1/WholeGenomeGermlineSingleSample/d3b27253-def8-4fcc-8159-f1f8d49265cf/call-UnmappedBamToAlignedBam/UnmappedBamToAlignedBam/3102800d-c908-42dc-bfb2-6f5ddbcd42a0/call-SplitRG/shard-0/SplitLargeReadGroup/6e932b78-6ad9-4161-8d8e-21a830951cd5/call-SamToFastqAndDragmapAndMba/shard-28/inputs/-268692571/shard_0029.bam -r dragen_reference --interleaved=1" \
  PROGRAM_GROUP_NAME="dragen-os" \
  UNMAPPED_READ_STRATEGY=COPY_TO_TAG \
  ALIGNER_PROPER_PAIR_FLAGS=true \
  UNMAP_CONTAMINANT_READS=true \
  ADD_PG_TAG_TO_READS=false[0m
[2026-03-30 22:02:46,54] [info] BackgroundConfigAsyncJobExecutionActor [[38;5;2m6e932b78[0mSplitLargeReadGroup.SamToFastqAndDragmapAndMba:28:1]: executing: # make sure there is no preexisting Docker CID file
rm -f /mnt/nas1/projects/lasr/blendseq/warp-pipelines/warp-gatk-germline-single-sample-pipeline-master/cromwell-executions1/WholeGenomeGermlineSingleSample/d3b27253-def8-4fcc-8159-f1f8d49265cf/call-UnmappedBamToAlignedBam/UnmappedBamToAlignedBam/3102800d-c908-42dc-bfb2-6f5ddbcd42a0/call-SplitRG/shard-0/SplitLargeReadGroup/6e932b78-6ad9-4161-8d8e-21a830951cd5/call-SamToFastqAndDragmapAndMba/shard-28/execution/docker_cid
# run as in the original configuration without --rm flag (will remove later)
docker run \
  --cidfile /mnt/nas1/projects/lasr/blendseq/warp-pipelines/warp-gatk-germline-single-sample-pipeline-master/cromwell-executions1/WholeGenomeGermlineSingleSample/d3b27253-def8-4fcc-8159-f1f8d49265cf/call-UnmappedBamToAlignedBam/UnmappedBamToAlignedBam/3102800d-c908-42dc-bfb2-6f5ddbcd42a0/call-SplitRG/shard-0/SplitLargeReadGroup/6e932b78-6ad9-4161-8d8e-21a830951cd5/call-SamToFastqAndDragmapAndMba/shard-28/execution/docker_cid \
  -i \
  --user 1027:1028 \
  --cpus="64" \
  --memory="409600m" \
  --entrypoint /bin/bash \
  -v /mnt/nas1/projects/lasr/blendseq/warp-pipelines/warp-gatk-germline-single-sample-pipeline-master/cromwell-executions1/WholeGenomeGermlineSingleSample/d3b27253-def8-4fcc-8159-f1f8d49265cf/call-UnmappedBamToAlignedBam/UnmappedBamToAlignedBam/3102800d-c908-42dc-bfb2-6f5ddbcd42a0/call-SplitRG/shard-0/SplitLargeReadGroup/6e932b78-6ad9-4161-8d8e-21a830951cd5/call-SamToFastqAndDragmapAndMba/shard-28:/cromwell-executions1/WholeGenomeGermlineSingleSample/d3b27253-def8-4fcc-8159-f1f8d49265cf/call-UnmappedBamToAlignedBam/UnmappedBamToAlignedBam/3102800d-c908-42dc-bfb2-6f5ddbcd42a0/call-SplitRG/shard-0/SplitLargeReadGroup/6e932b78-6ad9-4161-8d8e-21a830951cd5/call-SamToFastqAndDragmapAndMba/shard-28 \
  -v /mnt/nas1/projects/lasr/blendseq:/mnt/nas1/projects/lasr/blendseq \
  us.gcr.io/broad-gotc-prod/dragmap@sha256:5964afca3e4173c33b11100f68c1a44642e0ff2ee4de5a49d8cd446fef308b23 /cromwell-executions1/WholeGenomeGermlineSingleSample/d3b27253-def8-4fcc-8159-f1f8d49265cf/call-UnmappedBamToAlignedBam/UnmappedBamToAlignedBam/3102800d-c908-42dc-bfb2-6f5ddbcd42a0/call-SplitRG/shard-0/SplitLargeReadGroup/6e932b78-6ad9-4161-8d8e-21a830951cd5/call-SamToFastqAndDragmapAndMba/shard-28/execution/script

# get the return code (working even if the container was detached)
rc=$(docker wait [38;5;5mcat /mnt/nas1/projects/lasr/blendseq/warp-pipelines/warp-gatk-germline-single-sample-pipeline-master/cromwell-executions1/WholeGenomeGermlineSingleSample/d3b27253-def8-4fcc-8159-f1f8d49265cf/call-UnmappedBamToAlignedBam/UnmappedBamToAlignedBam/3102800d-c908-42dc-bfb2-6f5ddbcd42a0/call-SplitRG/shard-0/SplitLargeReadGroup/6e932b78-6ad9-4161-8d8e-21a830951cd5/call-SamToFastqAndDragmapAndMba/shard-28/execution/docker_cid[0m)

# remove the container after waiting
docker rm [38;5;5mcat /mnt/nas1/projects/lasr/blendseq/warp-pipelines/warp-gatk-germline-single-sample-pipeline-master/cromwell-executions1/WholeGenomeGermlineSingleSample/d3b27253-def8-4fcc-8159-f1f8d49265cf/call-UnmappedBamToAlignedBam/UnmappedBamToAlignedBam/3102800d-c908-42dc-bfb2-6f5ddbcd42a0/call-SplitRG/shard-0/SplitLargeReadGroup/6e932b78-6ad9-4161-8d8e-21a830951cd5/call-SamToFastqAndDragmapAndMba/shard-28/execution/docker_cid[0m

# return exit code
exit $rc
[2026-03-30 22:02:51,07] [info] BackgroundConfigAsyncJobExecutionActor [[38;5;2m6e932b78[0mSplitLargeReadGroup.SamToFastqAndDragmapAndMba:28:1]: job id: 563446
[2026-03-30 22:02:51,07] [info] BackgroundConfigAsyncJobExecutionActor [[38;5;2m6e932b78[0mSplitLargeReadGroup.SamToFastqAndDragmapAndMba:28:1]: Status change from - to WaitingForReturnCode
[2026-03-30 22:31:43,53] [info] BackgroundConfigAsyncJobExecutionActor [[38;5;2m6e932b78[0mSplitLargeReadGroup.SamToFastqAndDragmapAndMba:28:1]: Status change from WaitingForReturnCode to Done
[2026-03-30 22:31:46,18] [info] Assigned new job execution tokens to the following groups: d3b27253: 1
[2026-03-30 22:31:46,23] [[38;5;220mwarn[0m] BackgroundConfigAsyncJobExecutionActor [[38;5;2m6e932b78[0mSplitLargeReadGroup.SamToFastqAndDragmapAndMba:9:1]: Unrecognized runtime attribute keys: preemptible, disks, cpu, memory
[2026-03-30 22:32:06,24] [info] BackgroundConfigAsyncJobExecutionActor [[38;5;2m6e932b78[0mSplitLargeReadGroup.SamToFastqAndDragmapAndMba:9:1]: [38;5;5mset -euxo pipefail

DRAGMAP_VERSION=$(dragen-os --version)

if [ -z ${DRAGMAP_VERSION} ]; then
    exit 1;
fi

mkdir dragen_reference
mv /cromwell-executions1/WholeGenomeGermlineSingleSample/d3b27253-def8-4fcc-8159-f1f8d49265cf/call-UnmappedBamToAlignedBam/UnmappedBamToAlignedBam/3102800d-c908-42dc-bfb2-6f5ddbcd42a0/call-SplitRG/shard-0/SplitLargeReadGroup/6e932b78-6ad9-4161-8d8e-21a830951cd5/call-SamToFastqAndDragmapAndMba/shard-9/inputs/-1290198700/reference.bin /cromwell-executions1/WholeGenomeGermlineSingleSample/d3b27253-def8-4fcc-8159-f1f8d49265cf/call-UnmappedBamToAlignedBam/UnmappedBamToAlignedBam/3102800d-c908-42dc-bfb2-6f5ddbcd42a0/call-SplitRG/shard-0/SplitLargeReadGroup/6e932b78-6ad9-4161-8d8e-21a830951cd5/call-SamToFastqAndDragmapAndMba/shard-9/inputs/-1290198700/hash_table.cfg.bin /cromwell-executions1/WholeGenomeGermlineSingleSample/d3b27253-def8-4fcc-8159-f1f8d49265cf/call-UnmappedBamToAlignedBam/UnmappedBamToAlignedBam/3102800d-c908-42dc-bfb2-6f5ddbcd42a0/call-SplitRG/shard-0/SplitLargeReadGroup/6e932b78-6ad9-4161-8d8e-21a830951cd5/call-SamToFastqAndDragmapAndMba/shard-9/inputs/-1290198700/hash_table.cmp dragen_reference

dragen-os -b /cromwell-executions1/WholeGenomeGermlineSingleSample/d3b27253-def8-4fcc-8159-f1f8d49265cf/call-UnmappedBamToAlignedBam/UnmappedBamToAlignedBam/3102800d-c908-42dc-bfb2-6f5ddbcd42a0/call-SplitRG/shard-0/SplitLargeReadGroup/6e932b78-6ad9-4161-8d8e-21a830951cd5/call-SamToFastqAndDragmapAndMba/shard-9/inputs/-268692571/shard_0010.bam -r dragen_reference --interleaved=1 --preserve-map-align-order true 2> >(tee shard_0010.dragmap.stderr.log >&2) | samtools view -h -O BAM - > aligned.bam
java -Dsamjdk.compression_level=2 -Xms300g -Xmx300g -jar /picard/picard.jar \
  MergeBamAlignment \
  VALIDATION_STRINGENCY=SILENT \
  EXPECTED_ORIENTATIONS=FR \
  ATTRIBUTES_TO_RETAIN=X0 \
  ATTRIBUTES_TO_REMOVE=RG \
  ATTRIBUTES_TO_REMOVE=NM \
  ATTRIBUTES_TO_REMOVE=MD \
  ALIGNED_BAM=aligned.bam \
  UNMAPPED_BAM=/cromwell-executions1/WholeGenomeGermlineSingleSample/d3b27253-def8-4fcc-8159-f1f8d49265cf/call-UnmappedBamToAlignedBam/UnmappedBamToAlignedBam/3102800d-c908-42dc-bfb2-6f5ddbcd42a0/call-SplitRG/shard-0/SplitLargeReadGroup/6e932b78-6ad9-4161-8d8e-21a830951cd5/call-SamToFastqAndDragmapAndMba/shard-9/inputs/-268692571/shard_0010.bam \
  OUTPUT=shard_0010.bam \
  REFERENCE_SEQUENCE=/cromwell-executions1/WholeGenomeGermlineSingleSample/d3b27253-def8-4fcc-8159-f1f8d49265cf/call-UnmappedBamToAlignedBam/UnmappedBamToAlignedBam/3102800d-c908-42dc-bfb2-6f5ddbcd42a0/call-SplitRG/shard-0/SplitLargeReadGroup/6e932b78-6ad9-4161-8d8e-21a830951cd5/call-SamToFastqAndDragmapAndMba/shard-9/inputs/-1569105944/Homo_sapiens_assembly38_masked.fasta \
  PAIRED_RUN=true \
  SORT_ORDER="unsorted" \
  IS_BISULFITE_SEQUENCE=false \
  ALIGNED_READS_ONLY=false \
  CLIP_ADAPTERS=false \
   \
   \
  MAX_RECORDS_IN_RAM=2000000 \
  ADD_MATE_CIGAR=true \
  MAX_INSERTIONS_OR_DELETIONS=-1 \
  PRIMARY_ALIGNMENT_STRATEGY=MostDistant \
  PROGRAM_RECORD_ID="dragen-os" \
  PROGRAM_GROUP_VERSION="${DRAGMAP_VERSION}" \
  PROGRAM_GROUP_COMMAND_LINE="dragen-os -b /cromwell-executions1/WholeGenomeGermlineSingleSample/d3b27253-def8-4fcc-8159-f1f8d49265cf/call-UnmappedBamToAlignedBam/UnmappedBamToAlignedBam/3102800d-c908-42dc-bfb2-6f5ddbcd42a0/call-SplitRG/shard-0/SplitLargeReadGroup/6e932b78-6ad9-4161-8d8e-21a830951cd5/call-SamToFastqAndDragmapAndMba/shard-9/inputs/-268692571/shard_0010.bam -r dragen_reference --interleaved=1" \
  PROGRAM_GROUP_NAME="dragen-os" \
  UNMAPPED_READ_STRATEGY=COPY_TO_TAG \
  ALIGNER_PROPER_PAIR_FLAGS=true \
  UNMAP_CONTAMINANT_READS=true \
  ADD_PG_TAG_TO_READS=false[0m
[2026-03-30 22:32:06,31] [info] BackgroundConfigAsyncJobExecutionActor [[38;5;2m6e932b78[0mSplitLargeReadGroup.SamToFastqAndDragmapAndMba:9:1]: executing: # make sure there is no preexisting Docker CID file
rm -f /mnt/nas1/projects/lasr/blendseq/warp-pipelines/warp-gatk-germline-single-sample-pipeline-master/cromwell-executions1/WholeGenomeGermlineSingleSample/d3b27253-def8-4fcc-8159-f1f8d49265cf/call-UnmappedBamToAlignedBam/UnmappedBamToAlignedBam/3102800d-c908-42dc-bfb2-6f5ddbcd42a0/call-SplitRG/shard-0/SplitLargeReadGroup/6e932b78-6ad9-4161-8d8e-21a830951cd5/call-SamToFastqAndDragmapAndMba/shard-9/execution/docker_cid
# run as in the original configuration without --rm flag (will remove later)
docker run \
  --cidfile /mnt/nas1/projects/lasr/blendseq/warp-pipelines/warp-gatk-germline-single-sample-pipeline-master/cromwell-executions1/WholeGenomeGermlineSingleSample/d3b27253-def8-4fcc-8159-f1f8d49265cf/call-UnmappedBamToAlignedBam/UnmappedBamToAlignedBam/3102800d-c908-42dc-bfb2-6f5ddbcd42a0/call-SplitRG/shard-0/SplitLargeReadGroup/6e932b78-6ad9-4161-8d8e-21a830951cd5/call-SamToFastqAndDragmapAndMba/shard-9/execution/docker_cid \
  -i \
  --user 1027:1028 \
  --cpus="64" \
  --memory="409600m" \
  --entrypoint /bin/bash \
  -v /mnt/nas1/projects/lasr/blendseq/warp-pipelines/warp-gatk-germline-single-sample-pipeline-master/cromwell-executions1/WholeGenomeGermlineSingleSample/d3b27253-def8-4fcc-8159-f1f8d49265cf/call-UnmappedBamToAlignedBam/UnmappedBamToAlignedBam/3102800d-c908-42dc-bfb2-6f5ddbcd42a0/call-SplitRG/shard-0/SplitLargeReadGroup/6e932b78-6ad9-4161-8d8e-21a830951cd5/call-SamToFastqAndDragmapAndMba/shard-9:/cromwell-executions1/WholeGenomeGermlineSingleSample/d3b27253-def8-4fcc-8159-f1f8d49265cf/call-UnmappedBamToAlignedBam/UnmappedBamToAlignedBam/3102800d-c908-42dc-bfb2-6f5ddbcd42a0/call-SplitRG/shard-0/SplitLargeReadGroup/6e932b78-6ad9-4161-8d8e-21a830951cd5/call-SamToFastqAndDragmapAndMba/shard-9 \
  -v /mnt/nas1/projects/lasr/blendseq:/mnt/nas1/projects/lasr/blendseq \
  us.gcr.io/broad-gotc-prod/dragmap@sha256:5964afca3e4173c33b11100f68c1a44642e0ff2ee4de5a49d8cd446fef308b23 /cromwell-executions1/WholeGenomeGermlineSingleSample/d3b27253-def8-4fcc-8159-f1f8d49265cf/call-UnmappedBamToAlignedBam/UnmappedBamToAlignedBam/3102800d-c908-42dc-bfb2-6f5ddbcd42a0/call-SplitRG/shard-0/SplitLargeReadGroup/6e932b78-6ad9-4161-8d8e-21a830951cd5/call-SamToFastqAndDragmapAndMba/shard-9/execution/script

# get the return code (working even if the container was detached)
rc=$(docker wait [38;5;5mcat /mnt/nas1/projects/lasr/blendseq/warp-pipelines/warp-gatk-germline-single-sample-pipeline-master/cromwell-executions1/WholeGenomeGermlineSingleSample/d3b27253-def8-4fcc-8159-f1f8d49265cf/call-UnmappedBamToAlignedBam/UnmappedBamToAlignedBam/3102800d-c908-42dc-bfb2-6f5ddbcd42a0/call-SplitRG/shard-0/SplitLargeReadGroup/6e932b78-6ad9-4161-8d8e-21a830951cd5/call-SamToFastqAndDragmapAndMba/shard-9/execution/docker_cid[0m)

# remove the container after waiting
docker rm [38;5;5mcat /mnt/nas1/projects/lasr/blendseq/warp-pipelines/warp-gatk-germline-single-sample-pipeline-master/cromwell-executions1/WholeGenomeGermlineSingleSample/d3b27253-def8-4fcc-8159-f1f8d49265cf/call-UnmappedBamToAlignedBam/UnmappedBamToAlignedBam/3102800d-c908-42dc-bfb2-6f5ddbcd42a0/call-SplitRG/shard-0/SplitLargeReadGroup/6e932b78-6ad9-4161-8d8e-21a830951cd5/call-SamToFastqAndDragmapAndMba/shard-9/execution/docker_cid[0m

# return exit code
exit $rc
[2026-03-30 22:32:11,06] [info] BackgroundConfigAsyncJobExecutionActor [[38;5;2m6e932b78[0mSplitLargeReadGroup.SamToFastqAndDragmapAndMba:9:1]: job id: 564621
[2026-03-30 22:32:11,07] [info] BackgroundConfigAsyncJobExecutionActor [[38;5;2m6e932b78[0mSplitLargeReadGroup.SamToFastqAndDragmapAndMba:9:1]: Status change from - to WaitingForReturnCode
[2026-03-30 23:06:01,30] [info] BackgroundConfigAsyncJobExecutionActor [[38;5;2m6e932b78[0mSplitLargeReadGroup.SamToFastqAndDragmapAndMba:9:1]: Status change from WaitingForReturnCode to Done
[2026-03-30 23:06:06,18] [info] Assigned new job execution tokens to the following groups: d3b27253: 1
[2026-03-30 23:06:06,22] [[38;5;220mwarn[0m] BackgroundConfigAsyncJobExecutionActor [[38;5;2m6e932b78[0mSplitLargeReadGroup.SamToFastqAndDragmapAndMba:1:1]: Unrecognized runtime attribute keys: preemptible, disks, cpu, memory
[2026-03-30 23:06:26,28] [info] BackgroundConfigAsyncJobExecutionActor [[38;5;2m6e932b78[0mSplitLargeReadGroup.SamToFastqAndDragmapAndMba:1:1]: [38;5;5mset -euxo pipefail

DRAGMAP_VERSION=$(dragen-os --version)

if [ -z ${DRAGMAP_VERSION} ]; then
    exit 1;
fi

mkdir dragen_reference
mv /cromwell-executions1/WholeGenomeGermlineSingleSample/d3b27253-def8-4fcc-8159-f1f8d49265cf/call-UnmappedBamToAlignedBam/UnmappedBamToAlignedBam/3102800d-c908-42dc-bfb2-6f5ddbcd42a0/call-SplitRG/shard-0/SplitLargeReadGroup/6e932b78-6ad9-4161-8d8e-21a830951cd5/call-SamToFastqAndDragmapAndMba/shard-1/inputs/-1290198700/reference.bin /cromwell-executions1/WholeGenomeGermlineSingleSample/d3b27253-def8-4fcc-8159-f1f8d49265cf/call-UnmappedBamToAlignedBam/UnmappedBamToAlignedBam/3102800d-c908-42dc-bfb2-6f5ddbcd42a0/call-SplitRG/shard-0/SplitLargeReadGroup/6e932b78-6ad9-4161-8d8e-21a830951cd5/call-SamToFastqAndDragmapAndMba/shard-1/inputs/-1290198700/hash_table.cfg.bin /cromwell-executions1/WholeGenomeGermlineSingleSample/d3b27253-def8-4fcc-8159-f1f8d49265cf/call-UnmappedBamToAlignedBam/UnmappedBamToAlignedBam/3102800d-c908-42dc-bfb2-6f5ddbcd42a0/call-SplitRG/shard-0/SplitLargeReadGroup/6e932b78-6ad9-4161-8d8e-21a830951cd5/call-SamToFastqAndDragmapAndMba/shard-1/inputs/-1290198700/hash_table.cmp dragen_reference

dragen-os -b /cromwell-executions1/WholeGenomeGermlineSingleSample/d3b27253-def8-4fcc-8159-f1f8d49265cf/call-UnmappedBamToAlignedBam/UnmappedBamToAlignedBam/3102800d-c908-42dc-bfb2-6f5ddbcd42a0/call-SplitRG/shard-0/SplitLargeReadGroup/6e932b78-6ad9-4161-8d8e-21a830951cd5/call-SamToFastqAndDragmapAndMba/shard-1/inputs/-268692571/shard_0002.bam -r dragen_reference --interleaved=1 --preserve-map-align-order true 2> >(tee shard_0002.dragmap.stderr.log >&2) | samtools view -h -O BAM - > aligned.bam
java -Dsamjdk.compression_level=2 -Xms300g -Xmx300g -jar /picard/picard.jar \
  MergeBamAlignment \
  VALIDATION_STRINGENCY=SILENT \
  EXPECTED_ORIENTATIONS=FR \
  ATTRIBUTES_TO_RETAIN=X0 \
  ATTRIBUTES_TO_REMOVE=RG \
  ATTRIBUTES_TO_REMOVE=NM \
  ATTRIBUTES_TO_REMOVE=MD \
  ALIGNED_BAM=aligned.bam \
  UNMAPPED_BAM=/cromwell-executions1/WholeGenomeGermlineSingleSample/d3b27253-def8-4fcc-8159-f1f8d49265cf/call-UnmappedBamToAlignedBam/UnmappedBamToAlignedBam/3102800d-c908-42dc-bfb2-6f5ddbcd42a0/call-SplitRG/shard-0/SplitLargeReadGroup/6e932b78-6ad9-4161-8d8e-21a830951cd5/call-SamToFastqAndDragmapAndMba/shard-1/inputs/-268692571/shard_0002.bam \
  OUTPUT=shard_0002.bam \
  REFERENCE_SEQUENCE=/cromwell-executions1/WholeGenomeGermlineSingleSample/d3b27253-def8-4fcc-8159-f1f8d49265cf/call-UnmappedBamToAlignedBam/UnmappedBamToAlignedBam/3102800d-c908-42dc-bfb2-6f5ddbcd42a0/call-SplitRG/shard-0/SplitLargeReadGroup/6e932b78-6ad9-4161-8d8e-21a830951cd5/call-SamToFastqAndDragmapAndMba/shard-1/inputs/-1569105944/Homo_sapiens_assembly38_masked.fasta \
  PAIRED_RUN=true \
  SORT_ORDER="unsorted" \
  IS_BISULFITE_SEQUENCE=false \
  ALIGNED_READS_ONLY=false \
  CLIP_ADAPTERS=false \
   \
   \
  MAX_RECORDS_IN_RAM=2000000 \
  ADD_MATE_CIGAR=true \
  MAX_INSERTIONS_OR_DELETIONS=-1 \
  PRIMARY_ALIGNMENT_STRATEGY=MostDistant \
  PROGRAM_RECORD_ID="dragen-os" \
  PROGRAM_GROUP_VERSION="${DRAGMAP_VERSION}" \
  PROGRAM_GROUP_COMMAND_LINE="dragen-os -b /cromwell-executions1/WholeGenomeGermlineSingleSample/d3b27253-def8-4fcc-8159-f1f8d49265cf/call-UnmappedBamToAlignedBam/UnmappedBamToAlignedBam/3102800d-c908-42dc-bfb2-6f5ddbcd42a0/call-SplitRG/shard-0/SplitLargeReadGroup/6e932b78-6ad9-4161-8d8e-21a830951cd5/call-SamToFastqAndDragmapAndMba/shard-1/inputs/-268692571/shard_0002.bam -r dragen_reference --interleaved=1" \
  PROGRAM_GROUP_NAME="dragen-os" \
  UNMAPPED_READ_STRATEGY=COPY_TO_TAG \
  ALIGNER_PROPER_PAIR_FLAGS=true \
  UNMAP_CONTAMINANT_READS=true \
  ADD_PG_TAG_TO_READS=false[0m
[2026-03-30 23:06:26,37] [info] BackgroundConfigAsyncJobExecutionActor [[38;5;2m6e932b78[0mSplitLargeReadGroup.SamToFastqAndDragmapAndMba:1:1]: executing: # make sure there is no preexisting Docker CID file
rm -f /mnt/nas1/projects/lasr/blendseq/warp-pipelines/warp-gatk-germline-single-sample-pipeline-master/cromwell-executions1/WholeGenomeGermlineSingleSample/d3b27253-def8-4fcc-8159-f1f8d49265cf/call-UnmappedBamToAlignedBam/UnmappedBamToAlignedBam/3102800d-c908-42dc-bfb2-6f5ddbcd42a0/call-SplitRG/shard-0/SplitLargeReadGroup/6e932b78-6ad9-4161-8d8e-21a830951cd5/call-SamToFastqAndDragmapAndMba/shard-1/execution/docker_cid
# run as in the original configuration without --rm flag (will remove later)
docker run \
  --cidfile /mnt/nas1/projects/lasr/blendseq/warp-pipelines/warp-gatk-germline-single-sample-pipeline-master/cromwell-executions1/WholeGenomeGermlineSingleSample/d3b27253-def8-4fcc-8159-f1f8d49265cf/call-UnmappedBamToAlignedBam/UnmappedBamToAlignedBam/3102800d-c908-42dc-bfb2-6f5ddbcd42a0/call-SplitRG/shard-0/SplitLargeReadGroup/6e932b78-6ad9-4161-8d8e-21a830951cd5/call-SamToFastqAndDragmapAndMba/shard-1/execution/docker_cid \
  -i \
  --user 1027:1028 \
  --cpus="64" \
  --memory="409600m" \
  --entrypoint /bin/bash \
  -v /mnt/nas1/projects/lasr/blendseq/warp-pipelines/warp-gatk-germline-single-sample-pipeline-master/cromwell-executions1/WholeGenomeGermlineSingleSample/d3b27253-def8-4fcc-8159-f1f8d49265cf/call-UnmappedBamToAlignedBam/UnmappedBamToAlignedBam/3102800d-c908-42dc-bfb2-6f5ddbcd42a0/call-SplitRG/shard-0/SplitLargeReadGroup/6e932b78-6ad9-4161-8d8e-21a830951cd5/call-SamToFastqAndDragmapAndMba/shard-1:/cromwell-executions1/WholeGenomeGermlineSingleSample/d3b27253-def8-4fcc-8159-f1f8d49265cf/call-UnmappedBamToAlignedBam/UnmappedBamToAlignedBam/3102800d-c908-42dc-bfb2-6f5ddbcd42a0/call-SplitRG/shard-0/SplitLargeReadGroup/6e932b78-6ad9-4161-8d8e-21a830951cd5/call-SamToFastqAndDragmapAndMba/shard-1 \
  -v /mnt/nas1/projects/lasr/blendseq:/mnt/nas1/projects/lasr/blendseq \
  us.gcr.io/broad-gotc-prod/dragmap@sha256:5964afca3e4173c33b11100f68c1a44642e0ff2ee4de5a49d8cd446fef308b23 /cromwell-executions1/WholeGenomeGermlineSingleSample/d3b27253-def8-4fcc-8159-f1f8d49265cf/call-UnmappedBamToAlignedBam/UnmappedBamToAlignedBam/3102800d-c908-42dc-bfb2-6f5ddbcd42a0/call-SplitRG/shard-0/SplitLargeReadGroup/6e932b78-6ad9-4161-8d8e-21a830951cd5/call-SamToFastqAndDragmapAndMba/shard-1/execution/script

# get the return code (working even if the container was detached)
rc=$(docker wait [38;5;5mcat /mnt/nas1/projects/lasr/blendseq/warp-pipelines/warp-gatk-germline-single-sample-pipeline-master/cromwell-executions1/WholeGenomeGermlineSingleSample/d3b27253-def8-4fcc-8159-f1f8d49265cf/call-UnmappedBamToAlignedBam/UnmappedBamToAlignedBam/3102800d-c908-42dc-bfb2-6f5ddbcd42a0/call-SplitRG/shard-0/SplitLargeReadGroup/6e932b78-6ad9-4161-8d8e-21a830951cd5/call-SamToFastqAndDragmapAndMba/shard-1/execution/docker_cid[0m)

# remove the container after waiting
docker rm [38;5;5mcat /mnt/nas1/projects/lasr/blendseq/warp-pipelines/warp-gatk-germline-single-sample-pipeline-master/cromwell-executions1/WholeGenomeGermlineSingleSample/d3b27253-def8-4fcc-8159-f1f8d49265cf/call-UnmappedBamToAlignedBam/UnmappedBamToAlignedBam/3102800d-c908-42dc-bfb2-6f5ddbcd42a0/call-SplitRG/shard-0/SplitLargeReadGroup/6e932b78-6ad9-4161-8d8e-21a830951cd5/call-SamToFastqAndDragmapAndMba/shard-1/execution/docker_cid[0m

# return exit code
exit $rc
[2026-03-30 23:06:31,07] [info] BackgroundConfigAsyncJobExecutionActor [[38;5;2m6e932b78[0mSplitLargeReadGroup.SamToFastqAndDragmapAndMba:1:1]: job id: 565672
[2026-03-30 23:06:31,07] [info] BackgroundConfigAsyncJobExecutionActor [[38;5;2m6e932b78[0mSplitLargeReadGroup.SamToFastqAndDragmapAndMba:1:1]: Status change from - to WaitingForReturnCode
[2026-03-30 23:38:56,74] [info] BackgroundConfigAsyncJobExecutionActor [[38;5;2m6e932b78[0mSplitLargeReadGroup.SamToFastqAndDragmapAndMba:1:1]: Status change from WaitingForReturnCode to Done
[2026-03-30 23:39:06,18] [info] Assigned new job execution tokens to the following groups: d3b27253: 1
[2026-03-30 23:39:06,23] [[38;5;220mwarn[0m] BackgroundConfigAsyncJobExecutionActor [[38;5;2m6e932b78[0mSplitLargeReadGroup.SamToFastqAndDragmapAndMba:12:1]: Unrecognized runtime attribute keys: preemptible, disks, cpu, memory
[2026-03-30 23:39:26,37] [info] BackgroundConfigAsyncJobExecutionActor [[38;5;2m6e932b78[0mSplitLargeReadGroup.SamToFastqAndDragmapAndMba:12:1]: [38;5;5mset -euxo pipefail

DRAGMAP_VERSION=$(dragen-os --version)

if [ -z ${DRAGMAP_VERSION} ]; then
    exit 1;
fi

mkdir dragen_reference
mv /cromwell-executions1/WholeGenomeGermlineSingleSample/d3b27253-def8-4fcc-8159-f1f8d49265cf/call-UnmappedBamToAlignedBam/UnmappedBamToAlignedBam/3102800d-c908-42dc-bfb2-6f5ddbcd42a0/call-SplitRG/shard-0/SplitLargeReadGroup/6e932b78-6ad9-4161-8d8e-21a830951cd5/call-SamToFastqAndDragmapAndMba/shard-12/inputs/-1290198700/reference.bin /cromwell-executions1/WholeGenomeGermlineSingleSample/d3b27253-def8-4fcc-8159-f1f8d49265cf/call-UnmappedBamToAlignedBam/UnmappedBamToAlignedBam/3102800d-c908-42dc-bfb2-6f5ddbcd42a0/call-SplitRG/shard-0/SplitLargeReadGroup/6e932b78-6ad9-4161-8d8e-21a830951cd5/call-SamToFastqAndDragmapAndMba/shard-12/inputs/-1290198700/hash_table.cfg.bin /cromwell-executions1/WholeGenomeGermlineSingleSample/d3b27253-def8-4fcc-8159-f1f8d49265cf/call-UnmappedBamToAlignedBam/UnmappedBamToAlignedBam/3102800d-c908-42dc-bfb2-6f5ddbcd42a0/call-SplitRG/shard-0/SplitLargeReadGroup/6e932b78-6ad9-4161-8d8e-21a830951cd5/call-SamToFastqAndDragmapAndMba/shard-12/inputs/-1290198700/hash_table.cmp dragen_reference

dragen-os -b /cromwell-executions1/WholeGenomeGermlineSingleSample/d3b27253-def8-4fcc-8159-f1f8d49265cf/call-UnmappedBamToAlignedBam/UnmappedBamToAlignedBam/3102800d-c908-42dc-bfb2-6f5ddbcd42a0/call-SplitRG/shard-0/SplitLargeReadGroup/6e932b78-6ad9-4161-8d8e-21a830951cd5/call-SamToFastqAndDragmapAndMba/shard-12/inputs/-268692571/shard_0013.bam -r dragen_reference --interleaved=1 --preserve-map-align-order true 2> >(tee shard_0013.dragmap.stderr.log >&2) | samtools view -h -O BAM - > aligned.bam
java -Dsamjdk.compression_level=2 -Xms300g -Xmx300g -jar /picard/picard.jar \
  MergeBamAlignment \
  VALIDATION_STRINGENCY=SILENT \
  EXPECTED_ORIENTATIONS=FR \
  ATTRIBUTES_TO_RETAIN=X0 \
  ATTRIBUTES_TO_REMOVE=RG \
  ATTRIBUTES_TO_REMOVE=NM \
  ATTRIBUTES_TO_REMOVE=MD \
  ALIGNED_BAM=aligned.bam \
  UNMAPPED_BAM=/cromwell-executions1/WholeGenomeGermlineSingleSample/d3b27253-def8-4fcc-8159-f1f8d49265cf/call-UnmappedBamToAlignedBam/UnmappedBamToAlignedBam/3102800d-c908-42dc-bfb2-6f5ddbcd42a0/call-SplitRG/shard-0/SplitLargeReadGroup/6e932b78-6ad9-4161-8d8e-21a830951cd5/call-SamToFastqAndDragmapAndMba/shard-12/inputs/-268692571/shard_0013.bam \
  OUTPUT=shard_0013.bam \
  REFERENCE_SEQUENCE=/cromwell-executions1/WholeGenomeGermlineSingleSample/d3b27253-def8-4fcc-8159-f1f8d49265cf/call-UnmappedBamToAlignedBam/UnmappedBamToAlignedBam/3102800d-c908-42dc-bfb2-6f5ddbcd42a0/call-SplitRG/shard-0/SplitLargeReadGroup/6e932b78-6ad9-4161-8d8e-21a830951cd5/call-SamToFastqAndDragmapAndMba/shard-12/inputs/-1569105944/Homo_sapiens_assembly38_masked.fasta \
  PAIRED_RUN=true \
  SORT_ORDER="unsorted" \
  IS_BISULFITE_SEQUENCE=false \
  ALIGNED_READS_ONLY=false \
  CLIP_ADAPTERS=false \
   \
   \
  MAX_RECORDS_IN_RAM=2000000 \
  ADD_MATE_CIGAR=true \
  MAX_INSERTIONS_OR_DELETIONS=-1 \
  PRIMARY_ALIGNMENT_STRATEGY=MostDistant \
  PROGRAM_RECORD_ID="dragen-os" \
  PROGRAM_GROUP_VERSION="${DRAGMAP_VERSION}" \
  PROGRAM_GROUP_COMMAND_LINE="dragen-os -b /cromwell-executions1/WholeGenomeGermlineSingleSample/d3b27253-def8-4fcc-8159-f1f8d49265cf/call-UnmappedBamToAlignedBam/UnmappedBamToAlignedBam/3102800d-c908-42dc-bfb2-6f5ddbcd42a0/call-SplitRG/shard-0/SplitLargeReadGroup/6e932b78-6ad9-4161-8d8e-21a830951cd5/call-SamToFastqAndDragmapAndMba/shard-12/inputs/-268692571/shard_0013.bam -r dragen_reference --interleaved=1" \
  PROGRAM_GROUP_NAME="dragen-os" \
  UNMAPPED_READ_STRATEGY=COPY_TO_TAG \
  ALIGNER_PROPER_PAIR_FLAGS=true \
  UNMAP_CONTAMINANT_READS=true \
  ADD_PG_TAG_TO_READS=false[0m
[2026-03-30 23:39:26,49] [info] BackgroundConfigAsyncJobExecutionActor [[38;5;2m6e932b78[0mSplitLargeReadGroup.SamToFastqAndDragmapAndMba:12:1]: executing: # make sure there is no preexisting Docker CID file
rm -f /mnt/nas1/projects/lasr/blendseq/warp-pipelines/warp-gatk-germline-single-sample-pipeline-master/cromwell-executions1/WholeGenomeGermlineSingleSample/d3b27253-def8-4fcc-8159-f1f8d49265cf/call-UnmappedBamToAlignedBam/UnmappedBamToAlignedBam/3102800d-c908-42dc-bfb2-6f5ddbcd42a0/call-SplitRG/shard-0/SplitLargeReadGroup/6e932b78-6ad9-4161-8d8e-21a830951cd5/call-SamToFastqAndDragmapAndMba/shard-12/execution/docker_cid
# run as in the original configuration without --rm flag (will remove later)
docker run \
  --cidfile /mnt/nas1/projects/lasr/blendseq/warp-pipelines/warp-gatk-germline-single-sample-pipeline-master/cromwell-executions1/WholeGenomeGermlineSingleSample/d3b27253-def8-4fcc-8159-f1f8d49265cf/call-UnmappedBamToAlignedBam/UnmappedBamToAlignedBam/3102800d-c908-42dc-bfb2-6f5ddbcd42a0/call-SplitRG/shard-0/SplitLargeReadGroup/6e932b78-6ad9-4161-8d8e-21a830951cd5/call-SamToFastqAndDragmapAndMba/shard-12/execution/docker_cid \
  -i \
  --user 1027:1028 \
  --cpus="64" \
  --memory="409600m" \
  --entrypoint /bin/bash \
  -v /mnt/nas1/projects/lasr/blendseq/warp-pipelines/warp-gatk-germline-single-sample-pipeline-master/cromwell-executions1/WholeGenomeGermlineSingleSample/d3b27253-def8-4fcc-8159-f1f8d49265cf/call-UnmappedBamToAlignedBam/UnmappedBamToAlignedBam/3102800d-c908-42dc-bfb2-6f5ddbcd42a0/call-SplitRG/shard-0/SplitLargeReadGroup/6e932b78-6ad9-4161-8d8e-21a830951cd5/call-SamToFastqAndDragmapAndMba/shard-12:/cromwell-executions1/WholeGenomeGermlineSingleSample/d3b27253-def8-4fcc-8159-f1f8d49265cf/call-UnmappedBamToAlignedBam/UnmappedBamToAlignedBam/3102800d-c908-42dc-bfb2-6f5ddbcd42a0/call-SplitRG/shard-0/SplitLargeReadGroup/6e932b78-6ad9-4161-8d8e-21a830951cd5/call-SamToFastqAndDragmapAndMba/shard-12 \
  -v /mnt/nas1/projects/lasr/blendseq:/mnt/nas1/projects/lasr/blendseq \
  us.gcr.io/broad-gotc-prod/dragmap@sha256:5964afca3e4173c33b11100f68c1a44642e0ff2ee4de5a49d8cd446fef308b23 /cromwell-executions1/WholeGenomeGermlineSingleSample/d3b27253-def8-4fcc-8159-f1f8d49265cf/call-UnmappedBamToAlignedBam/UnmappedBamToAlignedBam/3102800d-c908-42dc-bfb2-6f5ddbcd42a0/call-SplitRG/shard-0/SplitLargeReadGroup/6e932b78-6ad9-4161-8d8e-21a830951cd5/call-SamToFastqAndDragmapAndMba/shard-12/execution/script

# get the return code (working even if the container was detached)
rc=$(docker wait [38;5;5mcat /mnt/nas1/projects/lasr/blendseq/warp-pipelines/warp-gatk-germline-single-sample-pipeline-master/cromwell-executions1/WholeGenomeGermlineSingleSample/d3b27253-def8-4fcc-8159-f1f8d49265cf/call-UnmappedBamToAlignedBam/UnmappedBamToAlignedBam/3102800d-c908-42dc-bfb2-6f5ddbcd42a0/call-SplitRG/shard-0/SplitLargeReadGroup/6e932b78-6ad9-4161-8d8e-21a830951cd5/call-SamToFastqAndDragmapAndMba/shard-12/execution/docker_cid[0m)

# remove the container after waiting
docker rm [38;5;5mcat /mnt/nas1/projects/lasr/blendseq/warp-pipelines/warp-gatk-germline-single-sample-pipeline-master/cromwell-executions1/WholeGenomeGermlineSingleSample/d3b27253-def8-4fcc-8159-f1f8d49265cf/call-UnmappedBamToAlignedBam/UnmappedBamToAlignedBam/3102800d-c908-42dc-bfb2-6f5ddbcd42a0/call-SplitRG/shard-0/SplitLargeReadGroup/6e932b78-6ad9-4161-8d8e-21a830951cd5/call-SamToFastqAndDragmapAndMba/shard-12/execution/docker_cid[0m

# return exit code
exit $rc
[2026-03-30 23:39:31,07] [info] BackgroundConfigAsyncJobExecutionActor [[38;5;2m6e932b78[0mSplitLargeReadGroup.SamToFastqAndDragmapAndMba:12:1]: job id: 566677
[2026-03-30 23:39:31,07] [info] BackgroundConfigAsyncJobExecutionActor [[38;5;2m6e932b78[0mSplitLargeReadGroup.SamToFastqAndDragmapAndMba:12:1]: Status change from - to WaitingForReturnCode
[2026-03-31 00:13:49,71] [info] BackgroundConfigAsyncJobExecutionActor [[38;5;2m6e932b78[0mSplitLargeReadGroup.SamToFastqAndDragmapAndMba:12:1]: Status change from WaitingForReturnCode to Done
[2026-03-31 00:13:56,18] [info] Assigned new job execution tokens to the following groups: d3b27253: 1
[2026-03-31 00:13:56,22] [[38;5;220mwarn[0m] BackgroundConfigAsyncJobExecutionActor [[38;5;2m6e932b78[0mSplitLargeReadGroup.SamToFastqAndDragmapAndMba:11:1]: Unrecognized runtime attribute keys: preemptible, disks, cpu, memory
[2026-03-31 00:14:17,51] [info] BackgroundConfigAsyncJobExecutionActor [[38;5;2m6e932b78[0mSplitLargeReadGroup.SamToFastqAndDragmapAndMba:11:1]: [38;5;5mset -euxo pipefail

DRAGMAP_VERSION=$(dragen-os --version)

if [ -z ${DRAGMAP_VERSION} ]; then
    exit 1;
fi

mkdir dragen_reference
mv /cromwell-executions1/WholeGenomeGermlineSingleSample/d3b27253-def8-4fcc-8159-f1f8d49265cf/call-UnmappedBamToAlignedBam/UnmappedBamToAlignedBam/3102800d-c908-42dc-bfb2-6f5ddbcd42a0/call-SplitRG/shard-0/SplitLargeReadGroup/6e932b78-6ad9-4161-8d8e-21a830951cd5/call-SamToFastqAndDragmapAndMba/shard-11/inputs/-1290198700/reference.bin /cromwell-executions1/WholeGenomeGermlineSingleSample/d3b27253-def8-4fcc-8159-f1f8d49265cf/call-UnmappedBamToAlignedBam/UnmappedBamToAlignedBam/3102800d-c908-42dc-bfb2-6f5ddbcd42a0/call-SplitRG/shard-0/SplitLargeReadGroup/6e932b78-6ad9-4161-8d8e-21a830951cd5/call-SamToFastqAndDragmapAndMba/shard-11/inputs/-1290198700/hash_table.cfg.bin /cromwell-executions1/WholeGenomeGermlineSingleSample/d3b27253-def8-4fcc-8159-f1f8d49265cf/call-UnmappedBamToAlignedBam/UnmappedBamToAlignedBam/3102800d-c908-42dc-bfb2-6f5ddbcd42a0/call-SplitRG/shard-0/SplitLargeReadGroup/6e932b78-6ad9-4161-8d8e-21a830951cd5/call-SamToFastqAndDragmapAndMba/shard-11/inputs/-1290198700/hash_table.cmp dragen_reference

dragen-os -b /cromwell-executions1/WholeGenomeGermlineSingleSample/d3b27253-def8-4fcc-8159-f1f8d49265cf/call-UnmappedBamToAlignedBam/UnmappedBamToAlignedBam/3102800d-c908-42dc-bfb2-6f5ddbcd42a0/call-SplitRG/shard-0/SplitLargeReadGroup/6e932b78-6ad9-4161-8d8e-21a830951cd5/call-SamToFastqAndDragmapAndMba/shard-11/inputs/-268692571/shard_0012.bam -r dragen_reference --interleaved=1 --preserve-map-align-order true 2> >(tee shard_0012.dragmap.stderr.log >&2) | samtools view -h -O BAM - > aligned.bam
java -Dsamjdk.compression_level=2 -Xms300g -Xmx300g -jar /picard/picard.jar \
  MergeBamAlignment \
  VALIDATION_STRINGENCY=SILENT \
  EXPECTED_ORIENTATIONS=FR \
  ATTRIBUTES_TO_RETAIN=X0 \
  ATTRIBUTES_TO_REMOVE=RG \
  ATTRIBUTES_TO_REMOVE=NM \
  ATTRIBUTES_TO_REMOVE=MD \
  ALIGNED_BAM=aligned.bam \
  UNMAPPED_BAM=/cromwell-executions1/WholeGenomeGermlineSingleSample/d3b27253-def8-4fcc-8159-f1f8d49265cf/call-UnmappedBamToAlignedBam/UnmappedBamToAlignedBam/3102800d-c908-42dc-bfb2-6f5ddbcd42a0/call-SplitRG/shard-0/SplitLargeReadGroup/6e932b78-6ad9-4161-8d8e-21a830951cd5/call-SamToFastqAndDragmapAndMba/shard-11/inputs/-268692571/shard_0012.bam \
  OUTPUT=shard_0012.bam \
  REFERENCE_SEQUENCE=/cromwell-executions1/WholeGenomeGermlineSingleSample/d3b27253-def8-4fcc-8159-f1f8d49265cf/call-UnmappedBamToAlignedBam/UnmappedBamToAlignedBam/3102800d-c908-42dc-bfb2-6f5ddbcd42a0/call-SplitRG/shard-0/SplitLargeReadGroup/6e932b78-6ad9-4161-8d8e-21a830951cd5/call-SamToFastqAndDragmapAndMba/shard-11/inputs/-1569105944/Homo_sapiens_assembly38_masked.fasta \
  PAIRED_RUN=true \
  SORT_ORDER="unsorted" \
  IS_BISULFITE_SEQUENCE=false \
  ALIGNED_READS_ONLY=false \
  CLIP_ADAPTERS=false \
   \
   \
  MAX_RECORDS_IN_RAM=2000000 \
  ADD_MATE_CIGAR=true \
  MAX_INSERTIONS_OR_DELETIONS=-1 \
  PRIMARY_ALIGNMENT_STRATEGY=MostDistant \
  PROGRAM_RECORD_ID="dragen-os" \
  PROGRAM_GROUP_VERSION="${DRAGMAP_VERSION}" \
  PROGRAM_GROUP_COMMAND_LINE="dragen-os -b /cromwell-executions1/WholeGenomeGermlineSingleSample/d3b27253-def8-4fcc-8159-f1f8d49265cf/call-UnmappedBamToAlignedBam/UnmappedBamToAlignedBam/3102800d-c908-42dc-bfb2-6f5ddbcd42a0/call-SplitRG/shard-0/SplitLargeReadGroup/6e932b78-6ad9-4161-8d8e-21a830951cd5/call-SamToFastqAndDragmapAndMba/shard-11/inputs/-268692571/shard_0012.bam -r dragen_reference --interleaved=1" \
  PROGRAM_GROUP_NAME="dragen-os" \
  UNMAPPED_READ_STRATEGY=COPY_TO_TAG \
  ALIGNER_PROPER_PAIR_FLAGS=true \
  UNMAP_CONTAMINANT_READS=true \
  ADD_PG_TAG_TO_READS=false[0m
[2026-03-31 00:14:17,62] [info] BackgroundConfigAsyncJobExecutionActor [[38;5;2m6e932b78[0mSplitLargeReadGroup.SamToFastqAndDragmapAndMba:11:1]: executing: # make sure there is no preexisting Docker CID file
rm -f /mnt/nas1/projects/lasr/blendseq/warp-pipelines/warp-gatk-germline-single-sample-pipeline-master/cromwell-executions1/WholeGenomeGermlineSingleSample/d3b27253-def8-4fcc-8159-f1f8d49265cf/call-UnmappedBamToAlignedBam/UnmappedBamToAlignedBam/3102800d-c908-42dc-bfb2-6f5ddbcd42a0/call-SplitRG/shard-0/SplitLargeReadGroup/6e932b78-6ad9-4161-8d8e-21a830951cd5/call-SamToFastqAndDragmapAndMba/shard-11/execution/docker_cid
# run as in the original configuration without --rm flag (will remove later)
docker run \
  --cidfile /mnt/nas1/projects/lasr/blendseq/warp-pipelines/warp-gatk-germline-single-sample-pipeline-master/cromwell-executions1/WholeGenomeGermlineSingleSample/d3b27253-def8-4fcc-8159-f1f8d49265cf/call-UnmappedBamToAlignedBam/UnmappedBamToAlignedBam/3102800d-c908-42dc-bfb2-6f5ddbcd42a0/call-SplitRG/shard-0/SplitLargeReadGroup/6e932b78-6ad9-4161-8d8e-21a830951cd5/call-SamToFastqAndDragmapAndMba/shard-11/execution/docker_cid \
  -i \
  --user 1027:1028 \
  --cpus="64" \
  --memory="409600m" \
  --entrypoint /bin/bash \
  -v /mnt/nas1/projects/lasr/blendseq/warp-pipelines/warp-gatk-germline-single-sample-pipeline-master/cromwell-executions1/WholeGenomeGermlineSingleSample/d3b27253-def8-4fcc-8159-f1f8d49265cf/call-UnmappedBamToAlignedBam/UnmappedBamToAlignedBam/3102800d-c908-42dc-bfb2-6f5ddbcd42a0/call-SplitRG/shard-0/SplitLargeReadGroup/6e932b78-6ad9-4161-8d8e-21a830951cd5/call-SamToFastqAndDragmapAndMba/shard-11:/cromwell-executions1/WholeGenomeGermlineSingleSample/d3b27253-def8-4fcc-8159-f1f8d49265cf/call-UnmappedBamToAlignedBam/UnmappedBamToAlignedBam/3102800d-c908-42dc-bfb2-6f5ddbcd42a0/call-SplitRG/shard-0/SplitLargeReadGroup/6e932b78-6ad9-4161-8d8e-21a830951cd5/call-SamToFastqAndDragmapAndMba/shard-11 \
  -v /mnt/nas1/projects/lasr/blendseq:/mnt/nas1/projects/lasr/blendseq \
  us.gcr.io/broad-gotc-prod/dragmap@sha256:5964afca3e4173c33b11100f68c1a44642e0ff2ee4de5a49d8cd446fef308b23 /cromwell-executions1/WholeGenomeGermlineSingleSample/d3b27253-def8-4fcc-8159-f1f8d49265cf/call-UnmappedBamToAlignedBam/UnmappedBamToAlignedBam/3102800d-c908-42dc-bfb2-6f5ddbcd42a0/call-SplitRG/shard-0/SplitLargeReadGroup/6e932b78-6ad9-4161-8d8e-21a830951cd5/call-SamToFastqAndDragmapAndMba/shard-11/execution/script

# get the return code (working even if the container was detached)
rc=$(docker wait [38;5;5mcat /mnt/nas1/projects/lasr/blendseq/warp-pipelines/warp-gatk-germline-single-sample-pipeline-master/cromwell-executions1/WholeGenomeGermlineSingleSample/d3b27253-def8-4fcc-8159-f1f8d49265cf/call-UnmappedBamToAlignedBam/UnmappedBamToAlignedBam/3102800d-c908-42dc-bfb2-6f5ddbcd42a0/call-SplitRG/shard-0/SplitLargeReadGroup/6e932b78-6ad9-4161-8d8e-21a830951cd5/call-SamToFastqAndDragmapAndMba/shard-11/execution/docker_cid[0m)

# remove the container after waiting
docker rm [38;5;5mcat /mnt/nas1/projects/lasr/blendseq/warp-pipelines/warp-gatk-germline-single-sample-pipeline-master/cromwell-executions1/WholeGenomeGermlineSingleSample/d3b27253-def8-4fcc-8159-f1f8d49265cf/call-UnmappedBamToAlignedBam/UnmappedBamToAlignedBam/3102800d-c908-42dc-bfb2-6f5ddbcd42a0/call-SplitRG/shard-0/SplitLargeReadGroup/6e932b78-6ad9-4161-8d8e-21a830951cd5/call-SamToFastqAndDragmapAndMba/shard-11/execution/docker_cid[0m

# return exit code
exit $rc
[2026-03-31 00:14:21,07] [info] BackgroundConfigAsyncJobExecutionActor [[38;5;2m6e932b78[0mSplitLargeReadGroup.SamToFastqAndDragmapAndMba:11:1]: job id: 567758
[2026-03-31 00:14:21,07] [info] BackgroundConfigAsyncJobExecutionActor [[38;5;2m6e932b78[0mSplitLargeReadGroup.SamToFastqAndDragmapAndMba:11:1]: Status change from - to WaitingForReturnCode
[2026-03-31 00:50:37,79] [info] BackgroundConfigAsyncJobExecutionActor [[38;5;2m6e932b78[0mSplitLargeReadGroup.SamToFastqAndDragmapAndMba:11:1]: Status change from WaitingForReturnCode to Done
[2026-03-31 00:50:46,18] [info] Assigned new job execution tokens to the following groups: d3b27253: 1
[2026-03-31 00:50:46,23] [[38;5;220mwarn[0m] BackgroundConfigAsyncJobExecutionActor [[38;5;2m6e932b78[0mSplitLargeReadGroup.SamToFastqAndDragmapAndMba:18:1]: Unrecognized runtime attribute keys: preemptible, disks, cpu, memory
[2026-03-31 00:51:05,85] [info] BackgroundConfigAsyncJobExecutionActor [[38;5;2m6e932b78[0mSplitLargeReadGroup.SamToFastqAndDragmapAndMba:18:1]: [38;5;5mset -euxo pipefail

DRAGMAP_VERSION=$(dragen-os --version)

if [ -z ${DRAGMAP_VERSION} ]; then
    exit 1;
fi

mkdir dragen_reference
mv /cromwell-executions1/WholeGenomeGermlineSingleSample/d3b27253-def8-4fcc-8159-f1f8d49265cf/call-UnmappedBamToAlignedBam/UnmappedBamToAlignedBam/3102800d-c908-42dc-bfb2-6f5ddbcd42a0/call-SplitRG/shard-0/SplitLargeReadGroup/6e932b78-6ad9-4161-8d8e-21a830951cd5/call-SamToFastqAndDragmapAndMba/shard-18/inputs/-1290198700/reference.bin /cromwell-executions1/WholeGenomeGermlineSingleSample/d3b27253-def8-4fcc-8159-f1f8d49265cf/call-UnmappedBamToAlignedBam/UnmappedBamToAlignedBam/3102800d-c908-42dc-bfb2-6f5ddbcd42a0/call-SplitRG/shard-0/SplitLargeReadGroup/6e932b78-6ad9-4161-8d8e-21a830951cd5/call-SamToFastqAndDragmapAndMba/shard-18/inputs/-1290198700/hash_table.cfg.bin /cromwell-executions1/WholeGenomeGermlineSingleSample/d3b27253-def8-4fcc-8159-f1f8d49265cf/call-UnmappedBamToAlignedBam/UnmappedBamToAlignedBam/3102800d-c908-42dc-bfb2-6f5ddbcd42a0/call-SplitRG/shard-0/SplitLargeReadGroup/6e932b78-6ad9-4161-8d8e-21a830951cd5/call-SamToFastqAndDragmapAndMba/shard-18/inputs/-1290198700/hash_table.cmp dragen_reference

dragen-os -b /cromwell-executions1/WholeGenomeGermlineSingleSample/d3b27253-def8-4fcc-8159-f1f8d49265cf/call-UnmappedBamToAlignedBam/UnmappedBamToAlignedBam/3102800d-c908-42dc-bfb2-6f5ddbcd42a0/call-SplitRG/shard-0/SplitLargeReadGroup/6e932b78-6ad9-4161-8d8e-21a830951cd5/call-SamToFastqAndDragmapAndMba/shard-18/inputs/-268692571/shard_0019.bam -r dragen_reference --interleaved=1 --preserve-map-align-order true 2> >(tee shard_0019.dragmap.stderr.log >&2) | samtools view -h -O BAM - > aligned.bam
java -Dsamjdk.compression_level=2 -Xms300g -Xmx300g -jar /picard/picard.jar \
  MergeBamAlignment \
  VALIDATION_STRINGENCY=SILENT \
  EXPECTED_ORIENTATIONS=FR \
  ATTRIBUTES_TO_RETAIN=X0 \
  ATTRIBUTES_TO_REMOVE=RG \
  ATTRIBUTES_TO_REMOVE=NM \
  ATTRIBUTES_TO_REMOVE=MD \
  ALIGNED_BAM=aligned.bam \
  UNMAPPED_BAM=/cromwell-executions1/WholeGenomeGermlineSingleSample/d3b27253-def8-4fcc-8159-f1f8d49265cf/call-UnmappedBamToAlignedBam/UnmappedBamToAlignedBam/3102800d-c908-42dc-bfb2-6f5ddbcd42a0/call-SplitRG/shard-0/SplitLargeReadGroup/6e932b78-6ad9-4161-8d8e-21a830951cd5/call-SamToFastqAndDragmapAndMba/shard-18/inputs/-268692571/shard_0019.bam \
  OUTPUT=shard_0019.bam \
  REFERENCE_SEQUENCE=/cromwell-executions1/WholeGenomeGermlineSingleSample/d3b27253-def8-4fcc-8159-f1f8d49265cf/call-UnmappedBamToAlignedBam/UnmappedBamToAlignedBam/3102800d-c908-42dc-bfb2-6f5ddbcd42a0/call-SplitRG/shard-0/SplitLargeReadGroup/6e932b78-6ad9-4161-8d8e-21a830951cd5/call-SamToFastqAndDragmapAndMba/shard-18/inputs/-1569105944/Homo_sapiens_assembly38_masked.fasta \
  PAIRED_RUN=true \
  SORT_ORDER="unsorted" \
  IS_BISULFITE_SEQUENCE=false \
  ALIGNED_READS_ONLY=false \
  CLIP_ADAPTERS=false \
   \
   \
  MAX_RECORDS_IN_RAM=2000000 \
  ADD_MATE_CIGAR=true \
  MAX_INSERTIONS_OR_DELETIONS=-1 \
  PRIMARY_ALIGNMENT_STRATEGY=MostDistant \
  PROGRAM_RECORD_ID="dragen-os" \
  PROGRAM_GROUP_VERSION="${DRAGMAP_VERSION}" \
  PROGRAM_GROUP_COMMAND_LINE="dragen-os -b /cromwell-executions1/WholeGenomeGermlineSingleSample/d3b27253-def8-4fcc-8159-f1f8d49265cf/call-UnmappedBamToAlignedBam/UnmappedBamToAlignedBam/3102800d-c908-42dc-bfb2-6f5ddbcd42a0/call-SplitRG/shard-0/SplitLargeReadGroup/6e932b78-6ad9-4161-8d8e-21a830951cd5/call-SamToFastqAndDragmapAndMba/shard-18/inputs/-268692571/shard_0019.bam -r dragen_reference --interleaved=1" \
  PROGRAM_GROUP_NAME="dragen-os" \
  UNMAPPED_READ_STRATEGY=COPY_TO_TAG \
  ALIGNER_PROPER_PAIR_FLAGS=true \
  UNMAP_CONTAMINANT_READS=true \
  ADD_PG_TAG_TO_READS=false[0m
[2026-03-31 00:51:05,90] [info] BackgroundConfigAsyncJobExecutionActor [[38;5;2m6e932b78[0mSplitLargeReadGroup.SamToFastqAndDragmapAndMba:18:1]: executing: # make sure there is no preexisting Docker CID file
rm -f /mnt/nas1/projects/lasr/blendseq/warp-pipelines/warp-gatk-germline-single-sample-pipeline-master/cromwell-executions1/WholeGenomeGermlineSingleSample/d3b27253-def8-4fcc-8159-f1f8d49265cf/call-UnmappedBamToAlignedBam/UnmappedBamToAlignedBam/3102800d-c908-42dc-bfb2-6f5ddbcd42a0/call-SplitRG/shard-0/SplitLargeReadGroup/6e932b78-6ad9-4161-8d8e-21a830951cd5/call-SamToFastqAndDragmapAndMba/shard-18/execution/docker_cid
# run as in the original configuration without --rm flag (will remove later)
docker run \
  --cidfile /mnt/nas1/projects/lasr/blendseq/warp-pipelines/warp-gatk-germline-single-sample-pipeline-master/cromwell-executions1/WholeGenomeGermlineSingleSample/d3b27253-def8-4fcc-8159-f1f8d49265cf/call-UnmappedBamToAlignedBam/UnmappedBamToAlignedBam/3102800d-c908-42dc-bfb2-6f5ddbcd42a0/call-SplitRG/shard-0/SplitLargeReadGroup/6e932b78-6ad9-4161-8d8e-21a830951cd5/call-SamToFastqAndDragmapAndMba/shard-18/execution/docker_cid \
  -i \
  --user 1027:1028 \
  --cpus="64" \
  --memory="409600m" \
  --entrypoint /bin/bash \
  -v /mnt/nas1/projects/lasr/blendseq/warp-pipelines/warp-gatk-germline-single-sample-pipeline-master/cromwell-executions1/WholeGenomeGermlineSingleSample/d3b27253-def8-4fcc-8159-f1f8d49265cf/call-UnmappedBamToAlignedBam/UnmappedBamToAlignedBam/3102800d-c908-42dc-bfb2-6f5ddbcd42a0/call-SplitRG/shard-0/SplitLargeReadGroup/6e932b78-6ad9-4161-8d8e-21a830951cd5/call-SamToFastqAndDragmapAndMba/shard-18:/cromwell-executions1/WholeGenomeGermlineSingleSample/d3b27253-def8-4fcc-8159-f1f8d49265cf/call-UnmappedBamToAlignedBam/UnmappedBamToAlignedBam/3102800d-c908-42dc-bfb2-6f5ddbcd42a0/call-SplitRG/shard-0/SplitLargeReadGroup/6e932b78-6ad9-4161-8d8e-21a830951cd5/call-SamToFastqAndDragmapAndMba/shard-18 \
  -v /mnt/nas1/projects/lasr/blendseq:/mnt/nas1/projects/lasr/blendseq \
  us.gcr.io/broad-gotc-prod/dragmap@sha256:5964afca3e4173c33b11100f68c1a44642e0ff2ee4de5a49d8cd446fef308b23 /cromwell-executions1/WholeGenomeGermlineSingleSample/d3b27253-def8-4fcc-8159-f1f8d49265cf/call-UnmappedBamToAlignedBam/UnmappedBamToAlignedBam/3102800d-c908-42dc-bfb2-6f5ddbcd42a0/call-SplitRG/shard-0/SplitLargeReadGroup/6e932b78-6ad9-4161-8d8e-21a830951cd5/call-SamToFastqAndDragmapAndMba/shard-18/execution/script

# get the return code (working even if the container was detached)
rc=$(docker wait [38;5;5mcat /mnt/nas1/projects/lasr/blendseq/warp-pipelines/warp-gatk-germline-single-sample-pipeline-master/cromwell-executions1/WholeGenomeGermlineSingleSample/d3b27253-def8-4fcc-8159-f1f8d49265cf/call-UnmappedBamToAlignedBam/UnmappedBamToAlignedBam/3102800d-c908-42dc-bfb2-6f5ddbcd42a0/call-SplitRG/shard-0/SplitLargeReadGroup/6e932b78-6ad9-4161-8d8e-21a830951cd5/call-SamToFastqAndDragmapAndMba/shard-18/execution/docker_cid[0m)

# remove the container after waiting
docker rm [38;5;5mcat /mnt/nas1/projects/lasr/blendseq/warp-pipelines/warp-gatk-germline-single-sample-pipeline-master/cromwell-executions1/WholeGenomeGermlineSingleSample/d3b27253-def8-4fcc-8159-f1f8d49265cf/call-UnmappedBamToAlignedBam/UnmappedBamToAlignedBam/3102800d-c908-42dc-bfb2-6f5ddbcd42a0/call-SplitRG/shard-0/SplitLargeReadGroup/6e932b78-6ad9-4161-8d8e-21a830951cd5/call-SamToFastqAndDragmapAndMba/shard-18/execution/docker_cid[0m

# return exit code
exit $rc
[2026-03-31 00:51:06,06] [info] BackgroundConfigAsyncJobExecutionActor [[38;5;2m6e932b78[0mSplitLargeReadGroup.SamToFastqAndDragmapAndMba:18:1]: job id: 568785
[2026-03-31 00:51:06,07] [info] BackgroundConfigAsyncJobExecutionActor [[38;5;2m6e932b78[0mSplitLargeReadGroup.SamToFastqAndDragmapAndMba:18:1]: Status change from - to WaitingForReturnCode
[2026-03-31 01:23:09,33] [info] BackgroundConfigAsyncJobExecutionActor [[38;5;2m6e932b78[0mSplitLargeReadGroup.SamToFastqAndDragmapAndMba:18:1]: Status change from WaitingForReturnCode to Done
[2026-03-31 01:23:16,18] [info] Assigned new job execution tokens to the following groups: d3b27253: 1
[2026-03-31 01:23:16,22] [[38;5;220mwarn[0m] BackgroundConfigAsyncJobExecutionActor [[38;5;2m6e932b78[0mSplitLargeReadGroup.SamToFastqAndDragmapAndMba:10:1]: Unrecognized runtime attribute keys: preemptible, disks, cpu, memory
[2026-03-31 01:23:37,30] [info] BackgroundConfigAsyncJobExecutionActor [[38;5;2m6e932b78[0mSplitLargeReadGroup.SamToFastqAndDragmapAndMba:10:1]: [38;5;5mset -euxo pipefail

DRAGMAP_VERSION=$(dragen-os --version)

if [ -z ${DRAGMAP_VERSION} ]; then
    exit 1;
fi

mkdir dragen_reference
mv /cromwell-executions1/WholeGenomeGermlineSingleSample/d3b27253-def8-4fcc-8159-f1f8d49265cf/call-UnmappedBamToAlignedBam/UnmappedBamToAlignedBam/3102800d-c908-42dc-bfb2-6f5ddbcd42a0/call-SplitRG/shard-0/SplitLargeReadGroup/6e932b78-6ad9-4161-8d8e-21a830951cd5/call-SamToFastqAndDragmapAndMba/shard-10/inputs/-1290198700/reference.bin /cromwell-executions1/WholeGenomeGermlineSingleSample/d3b27253-def8-4fcc-8159-f1f8d49265cf/call-UnmappedBamToAlignedBam/UnmappedBamToAlignedBam/3102800d-c908-42dc-bfb2-6f5ddbcd42a0/call-SplitRG/shard-0/SplitLargeReadGroup/6e932b78-6ad9-4161-8d8e-21a830951cd5/call-SamToFastqAndDragmapAndMba/shard-10/inputs/-1290198700/hash_table.cfg.bin /cromwell-executions1/WholeGenomeGermlineSingleSample/d3b27253-def8-4fcc-8159-f1f8d49265cf/call-UnmappedBamToAlignedBam/UnmappedBamToAlignedBam/3102800d-c908-42dc-bfb2-6f5ddbcd42a0/call-SplitRG/shard-0/SplitLargeReadGroup/6e932b78-6ad9-4161-8d8e-21a830951cd5/call-SamToFastqAndDragmapAndMba/shard-10/inputs/-1290198700/hash_table.cmp dragen_reference

dragen-os -b /cromwell-executions1/WholeGenomeGermlineSingleSample/d3b27253-def8-4fcc-8159-f1f8d49265cf/call-UnmappedBamToAlignedBam/UnmappedBamToAlignedBam/3102800d-c908-42dc-bfb2-6f5ddbcd42a0/call-SplitRG/shard-0/SplitLargeReadGroup/6e932b78-6ad9-4161-8d8e-21a830951cd5/call-SamToFastqAndDragmapAndMba/shard-10/inputs/-268692571/shard_0011.bam -r dragen_reference --interleaved=1 --preserve-map-align-order true 2> >(tee shard_0011.dragmap.stderr.log >&2) | samtools view -h -O BAM - > aligned.bam
java -Dsamjdk.compression_level=2 -Xms300g -Xmx300g -jar /picard/picard.jar \
  MergeBamAlignment \
  VALIDATION_STRINGENCY=SILENT \
  EXPECTED_ORIENTATIONS=FR \
  ATTRIBUTES_TO_RETAIN=X0 \
  ATTRIBUTES_TO_REMOVE=RG \
  ATTRIBUTES_TO_REMOVE=NM \
  ATTRIBUTES_TO_REMOVE=MD \
  ALIGNED_BAM=aligned.bam \
  UNMAPPED_BAM=/cromwell-executions1/WholeGenomeGermlineSingleSample/d3b27253-def8-4fcc-8159-f1f8d49265cf/call-UnmappedBamToAlignedBam/UnmappedBamToAlignedBam/3102800d-c908-42dc-bfb2-6f5ddbcd42a0/call-SplitRG/shard-0/SplitLargeReadGroup/6e932b78-6ad9-4161-8d8e-21a830951cd5/call-SamToFastqAndDragmapAndMba/shard-10/inputs/-268692571/shard_0011.bam \
  OUTPUT=shard_0011.bam \
  REFERENCE_SEQUENCE=/cromwell-executions1/WholeGenomeGermlineSingleSample/d3b27253-def8-4fcc-8159-f1f8d49265cf/call-UnmappedBamToAlignedBam/UnmappedBamToAlignedBam/3102800d-c908-42dc-bfb2-6f5ddbcd42a0/call-SplitRG/shard-0/SplitLargeReadGroup/6e932b78-6ad9-4161-8d8e-21a830951cd5/call-SamToFastqAndDragmapAndMba/shard-10/inputs/-1569105944/Homo_sapiens_assembly38_masked.fasta \
  PAIRED_RUN=true \
  SORT_ORDER="unsorted" \
  IS_BISULFITE_SEQUENCE=false \
  ALIGNED_READS_ONLY=false \
  CLIP_ADAPTERS=false \
   \
   \
  MAX_RECORDS_IN_RAM=2000000 \
  ADD_MATE_CIGAR=true \
  MAX_INSERTIONS_OR_DELETIONS=-1 \
  PRIMARY_ALIGNMENT_STRATEGY=MostDistant \
  PROGRAM_RECORD_ID="dragen-os" \
  PROGRAM_GROUP_VERSION="${DRAGMAP_VERSION}" \
  PROGRAM_GROUP_COMMAND_LINE="dragen-os -b /cromwell-executions1/WholeGenomeGermlineSingleSample/d3b27253-def8-4fcc-8159-f1f8d49265cf/call-UnmappedBamToAlignedBam/UnmappedBamToAlignedBam/3102800d-c908-42dc-bfb2-6f5ddbcd42a0/call-SplitRG/shard-0/SplitLargeReadGroup/6e932b78-6ad9-4161-8d8e-21a830951cd5/call-SamToFastqAndDragmapAndMba/shard-10/inputs/-268692571/shard_0011.bam -r dragen_reference --interleaved=1" \
  PROGRAM_GROUP_NAME="dragen-os" \
  UNMAPPED_READ_STRATEGY=COPY_TO_TAG \
  ALIGNER_PROPER_PAIR_FLAGS=true \
  UNMAP_CONTAMINANT_READS=true \
  ADD_PG_TAG_TO_READS=false[0m
[2026-03-31 01:23:37,35] [info] BackgroundConfigAsyncJobExecutionActor [[38;5;2m6e932b78[0mSplitLargeReadGroup.SamToFastqAndDragmapAndMba:10:1]: executing: # make sure there is no preexisting Docker CID file
rm -f /mnt/nas1/projects/lasr/blendseq/warp-pipelines/warp-gatk-germline-single-sample-pipeline-master/cromwell-executions1/WholeGenomeGermlineSingleSample/d3b27253-def8-4fcc-8159-f1f8d49265cf/call-UnmappedBamToAlignedBam/UnmappedBamToAlignedBam/3102800d-c908-42dc-bfb2-6f5ddbcd42a0/call-SplitRG/shard-0/SplitLargeReadGroup/6e932b78-6ad9-4161-8d8e-21a830951cd5/call-SamToFastqAndDragmapAndMba/shard-10/execution/docker_cid
# run as in the original configuration without --rm flag (will remove later)
docker run \
  --cidfile /mnt/nas1/projects/lasr/blendseq/warp-pipelines/warp-gatk-germline-single-sample-pipeline-master/cromwell-executions1/WholeGenomeGermlineSingleSample/d3b27253-def8-4fcc-8159-f1f8d49265cf/call-UnmappedBamToAlignedBam/UnmappedBamToAlignedBam/3102800d-c908-42dc-bfb2-6f5ddbcd42a0/call-SplitRG/shard-0/SplitLargeReadGroup/6e932b78-6ad9-4161-8d8e-21a830951cd5/call-SamToFastqAndDragmapAndMba/shard-10/execution/docker_cid \
  -i \
  --user 1027:1028 \
  --cpus="64" \
  --memory="409600m" \
  --entrypoint /bin/bash \
  -v /mnt/nas1/projects/lasr/blendseq/warp-pipelines/warp-gatk-germline-single-sample-pipeline-master/cromwell-executions1/WholeGenomeGermlineSingleSample/d3b27253-def8-4fcc-8159-f1f8d49265cf/call-UnmappedBamToAlignedBam/UnmappedBamToAlignedBam/3102800d-c908-42dc-bfb2-6f5ddbcd42a0/call-SplitRG/shard-0/SplitLargeReadGroup/6e932b78-6ad9-4161-8d8e-21a830951cd5/call-SamToFastqAndDragmapAndMba/shard-10:/cromwell-executions1/WholeGenomeGermlineSingleSample/d3b27253-def8-4fcc-8159-f1f8d49265cf/call-UnmappedBamToAlignedBam/UnmappedBamToAlignedBam/3102800d-c908-42dc-bfb2-6f5ddbcd42a0/call-SplitRG/shard-0/SplitLargeReadGroup/6e932b78-6ad9-4161-8d8e-21a830951cd5/call-SamToFastqAndDragmapAndMba/shard-10 \
  -v /mnt/nas1/projects/lasr/blendseq:/mnt/nas1/projects/lasr/blendseq \
  us.gcr.io/broad-gotc-prod/dragmap@sha256:5964afca3e4173c33b11100f68c1a44642e0ff2ee4de5a49d8cd446fef308b23 /cromwell-executions1/WholeGenomeGermlineSingleSample/d3b27253-def8-4fcc-8159-f1f8d49265cf/call-UnmappedBamToAlignedBam/UnmappedBamToAlignedBam/3102800d-c908-42dc-bfb2-6f5ddbcd42a0/call-SplitRG/shard-0/SplitLargeReadGroup/6e932b78-6ad9-4161-8d8e-21a830951cd5/call-SamToFastqAndDragmapAndMba/shard-10/execution/script

# get the return code (working even if the container was detached)
rc=$(docker wait [38;5;5mcat /mnt/nas1/projects/lasr/blendseq/warp-pipelines/warp-gatk-germline-single-sample-pipeline-master/cromwell-executions1/WholeGenomeGermlineSingleSample/d3b27253-def8-4fcc-8159-f1f8d49265cf/call-UnmappedBamToAlignedBam/UnmappedBamToAlignedBam/3102800d-c908-42dc-bfb2-6f5ddbcd42a0/call-SplitRG/shard-0/SplitLargeReadGroup/6e932b78-6ad9-4161-8d8e-21a830951cd5/call-SamToFastqAndDragmapAndMba/shard-10/execution/docker_cid[0m)

# remove the container after waiting
docker rm [38;5;5mcat /mnt/nas1/projects/lasr/blendseq/warp-pipelines/warp-gatk-germline-single-sample-pipeline-master/cromwell-executions1/WholeGenomeGermlineSingleSample/d3b27253-def8-4fcc-8159-f1f8d49265cf/call-UnmappedBamToAlignedBam/UnmappedBamToAlignedBam/3102800d-c908-42dc-bfb2-6f5ddbcd42a0/call-SplitRG/shard-0/SplitLargeReadGroup/6e932b78-6ad9-4161-8d8e-21a830951cd5/call-SamToFastqAndDragmapAndMba/shard-10/execution/docker_cid[0m

# return exit code
exit $rc
[2026-03-31 01:23:41,07] [info] BackgroundConfigAsyncJobExecutionActor [[38;5;2m6e932b78[0mSplitLargeReadGroup.SamToFastqAndDragmapAndMba:10:1]: job id: 569845
[2026-03-31 01:23:41,07] [info] BackgroundConfigAsyncJobExecutionActor [[38;5;2m6e932b78[0mSplitLargeReadGroup.SamToFastqAndDragmapAndMba:10:1]: Status change from - to WaitingForReturnCode
[2026-03-31 01:58:52,84] [info] BackgroundConfigAsyncJobExecutionActor [[38;5;2m6e932b78[0mSplitLargeReadGroup.SamToFastqAndDragmapAndMba:10:1]: Status change from WaitingForReturnCode to Done
[2026-03-31 01:58:56,18] [info] Assigned new job execution tokens to the following groups: d3b27253: 1
[2026-03-31 01:58:56,22] [[38;5;220mwarn[0m] BackgroundConfigAsyncJobExecutionActor [[38;5;2m6e932b78[0mSplitLargeReadGroup.SamToFastqAndDragmapAndMba:2:1]: Unrecognized runtime attribute keys: preemptible, disks, cpu, memory
[2026-03-31 01:59:17,68] [info] BackgroundConfigAsyncJobExecutionActor [[38;5;2m6e932b78[0mSplitLargeReadGroup.SamToFastqAndDragmapAndMba:2:1]: [38;5;5mset -euxo pipefail

DRAGMAP_VERSION=$(dragen-os --version)

if [ -z ${DRAGMAP_VERSION} ]; then
    exit 1;
fi

mkdir dragen_reference
mv /cromwell-executions1/WholeGenomeGermlineSingleSample/d3b27253-def8-4fcc-8159-f1f8d49265cf/call-UnmappedBamToAlignedBam/UnmappedBamToAlignedBam/3102800d-c908-42dc-bfb2-6f5ddbcd42a0/call-SplitRG/shard-0/SplitLargeReadGroup/6e932b78-6ad9-4161-8d8e-21a830951cd5/call-SamToFastqAndDragmapAndMba/shard-2/inputs/-1290198700/reference.bin /cromwell-executions1/WholeGenomeGermlineSingleSample/d3b27253-def8-4fcc-8159-f1f8d49265cf/call-UnmappedBamToAlignedBam/UnmappedBamToAlignedBam/3102800d-c908-42dc-bfb2-6f5ddbcd42a0/call-SplitRG/shard-0/SplitLargeReadGroup/6e932b78-6ad9-4161-8d8e-21a830951cd5/call-SamToFastqAndDragmapAndMba/shard-2/inputs/-1290198700/hash_table.cfg.bin /cromwell-executions1/WholeGenomeGermlineSingleSample/d3b27253-def8-4fcc-8159-f1f8d49265cf/call-UnmappedBamToAlignedBam/UnmappedBamToAlignedBam/3102800d-c908-42dc-bfb2-6f5ddbcd42a0/call-SplitRG/shard-0/SplitLargeReadGroup/6e932b78-6ad9-4161-8d8e-21a830951cd5/call-SamToFastqAndDragmapAndMba/shard-2/inputs/-1290198700/hash_table.cmp dragen_reference

dragen-os -b /cromwell-executions1/WholeGenomeGermlineSingleSample/d3b27253-def8-4fcc-8159-f1f8d49265cf/call-UnmappedBamToAlignedBam/UnmappedBamToAlignedBam/3102800d-c908-42dc-bfb2-6f5ddbcd42a0/call-SplitRG/shard-0/SplitLargeReadGroup/6e932b78-6ad9-4161-8d8e-21a830951cd5/call-SamToFastqAndDragmapAndMba/shard-2/inputs/-268692571/shard_0003.bam -r dragen_reference --interleaved=1 --preserve-map-align-order true 2> >(tee shard_0003.dragmap.stderr.log >&2) | samtools view -h -O BAM - > aligned.bam
java -Dsamjdk.compression_level=2 -Xms300g -Xmx300g -jar /picard/picard.jar \
  MergeBamAlignment \
  VALIDATION_STRINGENCY=SILENT \
  EXPECTED_ORIENTATIONS=FR \
  ATTRIBUTES_TO_RETAIN=X0 \
  ATTRIBUTES_TO_REMOVE=RG \
  ATTRIBUTES_TO_REMOVE=NM \
  ATTRIBUTES_TO_REMOVE=MD \
  ALIGNED_BAM=aligned.bam \
  UNMAPPED_BAM=/cromwell-executions1/WholeGenomeGermlineSingleSample/d3b27253-def8-4fcc-8159-f1f8d49265cf/call-UnmappedBamToAlignedBam/UnmappedBamToAlignedBam/3102800d-c908-42dc-bfb2-6f5ddbcd42a0/call-SplitRG/shard-0/SplitLargeReadGroup/6e932b78-6ad9-4161-8d8e-21a830951cd5/call-SamToFastqAndDragmapAndMba/shard-2/inputs/-268692571/shard_0003.bam \
  OUTPUT=shard_0003.bam \
  REFERENCE_SEQUENCE=/cromwell-executions1/WholeGenomeGermlineSingleSample/d3b27253-def8-4fcc-8159-f1f8d49265cf/call-UnmappedBamToAlignedBam/UnmappedBamToAlignedBam/3102800d-c908-42dc-bfb2-6f5ddbcd42a0/call-SplitRG/shard-0/SplitLargeReadGroup/6e932b78-6ad9-4161-8d8e-21a830951cd5/call-SamToFastqAndDragmapAndMba/shard-2/inputs/-1569105944/Homo_sapiens_assembly38_masked.fasta \
  PAIRED_RUN=true \
  SORT_ORDER="unsorted" \
  IS_BISULFITE_SEQUENCE=false \
  ALIGNED_READS_ONLY=false \
  CLIP_ADAPTERS=false \
   \
   \
  MAX_RECORDS_IN_RAM=2000000 \
  ADD_MATE_CIGAR=true \
  MAX_INSERTIONS_OR_DELETIONS=-1 \
  PRIMARY_ALIGNMENT_STRATEGY=MostDistant \
  PROGRAM_RECORD_ID="dragen-os" \
  PROGRAM_GROUP_VERSION="${DRAGMAP_VERSION}" \
  PROGRAM_GROUP_COMMAND_LINE="dragen-os -b /cromwell-executions1/WholeGenomeGermlineSingleSample/d3b27253-def8-4fcc-8159-f1f8d49265cf/call-UnmappedBamToAlignedBam/UnmappedBamToAlignedBam/3102800d-c908-42dc-bfb2-6f5ddbcd42a0/call-SplitRG/shard-0/SplitLargeReadGroup/6e932b78-6ad9-4161-8d8e-21a830951cd5/call-SamToFastqAndDragmapAndMba/shard-2/inputs/-268692571/shard_0003.bam -r dragen_reference --interleaved=1" \
  PROGRAM_GROUP_NAME="dragen-os" \
  UNMAPPED_READ_STRATEGY=COPY_TO_TAG \
  ALIGNER_PROPER_PAIR_FLAGS=true \
  UNMAP_CONTAMINANT_READS=true \
  ADD_PG_TAG_TO_READS=false[0m
[2026-03-31 01:59:17,76] [info] BackgroundConfigAsyncJobExecutionActor [[38;5;2m6e932b78[0mSplitLargeReadGroup.SamToFastqAndDragmapAndMba:2:1]: executing: # make sure there is no preexisting Docker CID file
rm -f /mnt/nas1/projects/lasr/blendseq/warp-pipelines/warp-gatk-germline-single-sample-pipeline-master/cromwell-executions1/WholeGenomeGermlineSingleSample/d3b27253-def8-4fcc-8159-f1f8d49265cf/call-UnmappedBamToAlignedBam/UnmappedBamToAlignedBam/3102800d-c908-42dc-bfb2-6f5ddbcd42a0/call-SplitRG/shard-0/SplitLargeReadGroup/6e932b78-6ad9-4161-8d8e-21a830951cd5/call-SamToFastqAndDragmapAndMba/shard-2/execution/docker_cid
# run as in the original configuration without --rm flag (will remove later)
docker run \
  --cidfile /mnt/nas1/projects/lasr/blendseq/warp-pipelines/warp-gatk-germline-single-sample-pipeline-master/cromwell-executions1/WholeGenomeGermlineSingleSample/d3b27253-def8-4fcc-8159-f1f8d49265cf/call-UnmappedBamToAlignedBam/UnmappedBamToAlignedBam/3102800d-c908-42dc-bfb2-6f5ddbcd42a0/call-SplitRG/shard-0/SplitLargeReadGroup/6e932b78-6ad9-4161-8d8e-21a830951cd5/call-SamToFastqAndDragmapAndMba/shard-2/execution/docker_cid \
  -i \
  --user 1027:1028 \
  --cpus="64" \
  --memory="409600m" \
  --entrypoint /bin/bash \
  -v /mnt/nas1/projects/lasr/blendseq/warp-pipelines/warp-gatk-germline-single-sample-pipeline-master/cromwell-executions1/WholeGenomeGermlineSingleSample/d3b27253-def8-4fcc-8159-f1f8d49265cf/call-UnmappedBamToAlignedBam/UnmappedBamToAlignedBam/3102800d-c908-42dc-bfb2-6f5ddbcd42a0/call-SplitRG/shard-0/SplitLargeReadGroup/6e932b78-6ad9-4161-8d8e-21a830951cd5/call-SamToFastqAndDragmapAndMba/shard-2:/cromwell-executions1/WholeGenomeGermlineSingleSample/d3b27253-def8-4fcc-8159-f1f8d49265cf/call-UnmappedBamToAlignedBam/UnmappedBamToAlignedBam/3102800d-c908-42dc-bfb2-6f5ddbcd42a0/call-SplitRG/shard-0/SplitLargeReadGroup/6e932b78-6ad9-4161-8d8e-21a830951cd5/call-SamToFastqAndDragmapAndMba/shard-2 \
  -v /mnt/nas1/projects/lasr/blendseq:/mnt/nas1/projects/lasr/blendseq \
  us.gcr.io/broad-gotc-prod/dragmap@sha256:5964afca3e4173c33b11100f68c1a44642e0ff2ee4de5a49d8cd446fef308b23 /cromwell-executions1/WholeGenomeGermlineSingleSample/d3b27253-def8-4fcc-8159-f1f8d49265cf/call-UnmappedBamToAlignedBam/UnmappedBamToAlignedBam/3102800d-c908-42dc-bfb2-6f5ddbcd42a0/call-SplitRG/shard-0/SplitLargeReadGroup/6e932b78-6ad9-4161-8d8e-21a830951cd5/call-SamToFastqAndDragmapAndMba/shard-2/execution/script

# get the return code (working even if the container was detached)
rc=$(docker wait [38;5;5mcat /mnt/nas1/projects/lasr/blendseq/warp-pipelines/warp-gatk-germline-single-sample-pipeline-master/cromwell-executions1/WholeGenomeGermlineSingleSample/d3b27253-def8-4fcc-8159-f1f8d49265cf/call-UnmappedBamToAlignedBam/UnmappedBamToAlignedBam/3102800d-c908-42dc-bfb2-6f5ddbcd42a0/call-SplitRG/shard-0/SplitLargeReadGroup/6e932b78-6ad9-4161-8d8e-21a830951cd5/call-SamToFastqAndDragmapAndMba/shard-2/execution/docker_cid[0m)

# remove the container after waiting
docker rm [38;5;5mcat /mnt/nas1/projects/lasr/blendseq/warp-pipelines/warp-gatk-germline-single-sample-pipeline-master/cromwell-executions1/WholeGenomeGermlineSingleSample/d3b27253-def8-4fcc-8159-f1f8d49265cf/call-UnmappedBamToAlignedBam/UnmappedBamToAlignedBam/3102800d-c908-42dc-bfb2-6f5ddbcd42a0/call-SplitRG/shard-0/SplitLargeReadGroup/6e932b78-6ad9-4161-8d8e-21a830951cd5/call-SamToFastqAndDragmapAndMba/shard-2/execution/docker_cid[0m

# return exit code
exit $rc
[2026-03-31 01:59:21,07] [info] BackgroundConfigAsyncJobExecutionActor [[38;5;2m6e932b78[0mSplitLargeReadGroup.SamToFastqAndDragmapAndMba:2:1]: job id: 570869
[2026-03-31 01:59:21,07] [info] BackgroundConfigAsyncJobExecutionActor [[38;5;2m6e932b78[0mSplitLargeReadGroup.SamToFastqAndDragmapAndMba:2:1]: Status change from - to WaitingForReturnCode
[2026-03-31 02:33:21,94] [info] BackgroundConfigAsyncJobExecutionActor [[38;5;2m6e932b78[0mSplitLargeReadGroup.SamToFastqAndDragmapAndMba:2:1]: Status change from WaitingForReturnCode to Done
[2026-03-31 02:33:26,18] [info] Assigned new job execution tokens to the following groups: d3b27253: 1
[2026-03-31 02:33:26,23] [[38;5;220mwarn[0m] BackgroundConfigAsyncJobExecutionActor [[38;5;2m6e932b78[0mSplitLargeReadGroup.SamToFastqAndDragmapAndMba:14:1]: Unrecognized runtime attribute keys: preemptible, disks, cpu, memory
[2026-03-31 02:33:46,21] [info] BackgroundConfigAsyncJobExecutionActor [[38;5;2m6e932b78[0mSplitLargeReadGroup.SamToFastqAndDragmapAndMba:14:1]: [38;5;5mset -euxo pipefail

DRAGMAP_VERSION=$(dragen-os --version)

if [ -z ${DRAGMAP_VERSION} ]; then
    exit 1;
fi

mkdir dragen_reference
mv /cromwell-executions1/WholeGenomeGermlineSingleSample/d3b27253-def8-4fcc-8159-f1f8d49265cf/call-UnmappedBamToAlignedBam/UnmappedBamToAlignedBam/3102800d-c908-42dc-bfb2-6f5ddbcd42a0/call-SplitRG/shard-0/SplitLargeReadGroup/6e932b78-6ad9-4161-8d8e-21a830951cd5/call-SamToFastqAndDragmapAndMba/shard-14/inputs/-1290198700/reference.bin /cromwell-executions1/WholeGenomeGermlineSingleSample/d3b27253-def8-4fcc-8159-f1f8d49265cf/call-UnmappedBamToAlignedBam/UnmappedBamToAlignedBam/3102800d-c908-42dc-bfb2-6f5ddbcd42a0/call-SplitRG/shard-0/SplitLargeReadGroup/6e932b78-6ad9-4161-8d8e-21a830951cd5/call-SamToFastqAndDragmapAndMba/shard-14/inputs/-1290198700/hash_table.cfg.bin /cromwell-executions1/WholeGenomeGermlineSingleSample/d3b27253-def8-4fcc-8159-f1f8d49265cf/call-UnmappedBamToAlignedBam/UnmappedBamToAlignedBam/3102800d-c908-42dc-bfb2-6f5ddbcd42a0/call-SplitRG/shard-0/SplitLargeReadGroup/6e932b78-6ad9-4161-8d8e-21a830951cd5/call-SamToFastqAndDragmapAndMba/shard-14/inputs/-1290198700/hash_table.cmp dragen_reference

dragen-os -b /cromwell-executions1/WholeGenomeGermlineSingleSample/d3b27253-def8-4fcc-8159-f1f8d49265cf/call-UnmappedBamToAlignedBam/UnmappedBamToAlignedBam/3102800d-c908-42dc-bfb2-6f5ddbcd42a0/call-SplitRG/shard-0/SplitLargeReadGroup/6e932b78-6ad9-4161-8d8e-21a830951cd5/call-SamToFastqAndDragmapAndMba/shard-14/inputs/-268692571/shard_0015.bam -r dragen_reference --interleaved=1 --preserve-map-align-order true 2> >(tee shard_0015.dragmap.stderr.log >&2) | samtools view -h -O BAM - > aligned.bam
java -Dsamjdk.compression_level=2 -Xms300g -Xmx300g -jar /picard/picard.jar \
  MergeBamAlignment \
  VALIDATION_STRINGENCY=SILENT \
  EXPECTED_ORIENTATIONS=FR \
  ATTRIBUTES_TO_RETAIN=X0 \
  ATTRIBUTES_TO_REMOVE=RG \
  ATTRIBUTES_TO_REMOVE=NM \
  ATTRIBUTES_TO_REMOVE=MD \
  ALIGNED_BAM=aligned.bam \
  UNMAPPED_BAM=/cromwell-executions1/WholeGenomeGermlineSingleSample/d3b27253-def8-4fcc-8159-f1f8d49265cf/call-UnmappedBamToAlignedBam/UnmappedBamToAlignedBam/3102800d-c908-42dc-bfb2-6f5ddbcd42a0/call-SplitRG/shard-0/SplitLargeReadGroup/6e932b78-6ad9-4161-8d8e-21a830951cd5/call-SamToFastqAndDragmapAndMba/shard-14/inputs/-268692571/shard_0015.bam \
  OUTPUT=shard_0015.bam \
  REFERENCE_SEQUENCE=/cromwell-executions1/WholeGenomeGermlineSingleSample/d3b27253-def8-4fcc-8159-f1f8d49265cf/call-UnmappedBamToAlignedBam/UnmappedBamToAlignedBam/3102800d-c908-42dc-bfb2-6f5ddbcd42a0/call-SplitRG/shard-0/SplitLargeReadGroup/6e932b78-6ad9-4161-8d8e-21a830951cd5/call-SamToFastqAndDragmapAndMba/shard-14/inputs/-1569105944/Homo_sapiens_assembly38_masked.fasta \
  PAIRED_RUN=true \
  SORT_ORDER="unsorted" \
  IS_BISULFITE_SEQUENCE=false \
  ALIGNED_READS_ONLY=false \
  CLIP_ADAPTERS=false \
   \
   \
  MAX_RECORDS_IN_RAM=2000000 \
  ADD_MATE_CIGAR=true \
  MAX_INSERTIONS_OR_DELETIONS=-1 \
  PRIMARY_ALIGNMENT_STRATEGY=MostDistant \
  PROGRAM_RECORD_ID="dragen-os" \
  PROGRAM_GROUP_VERSION="${DRAGMAP_VERSION}" \
  PROGRAM_GROUP_COMMAND_LINE="dragen-os -b /cromwell-executions1/WholeGenomeGermlineSingleSample/d3b27253-def8-4fcc-8159-f1f8d49265cf/call-UnmappedBamToAlignedBam/UnmappedBamToAlignedBam/3102800d-c908-42dc-bfb2-6f5ddbcd42a0/call-SplitRG/shard-0/SplitLargeReadGroup/6e932b78-6ad9-4161-8d8e-21a830951cd5/call-SamToFastqAndDragmapAndMba/shard-14/inputs/-268692571/shard_0015.bam -r dragen_reference --interleaved=1" \
  PROGRAM_GROUP_NAME="dragen-os" \
  UNMAPPED_READ_STRATEGY=COPY_TO_TAG \
  ALIGNER_PROPER_PAIR_FLAGS=true \
  UNMAP_CONTAMINANT_READS=true \
  ADD_PG_TAG_TO_READS=false[0m
[2026-03-31 02:33:46,32] [info] BackgroundConfigAsyncJobExecutionActor [[38;5;2m6e932b78[0mSplitLargeReadGroup.SamToFastqAndDragmapAndMba:14:1]: executing: # make sure there is no preexisting Docker CID file
rm -f /mnt/nas1/projects/lasr/blendseq/warp-pipelines/warp-gatk-germline-single-sample-pipeline-master/cromwell-executions1/WholeGenomeGermlineSingleSample/d3b27253-def8-4fcc-8159-f1f8d49265cf/call-UnmappedBamToAlignedBam/UnmappedBamToAlignedBam/3102800d-c908-42dc-bfb2-6f5ddbcd42a0/call-SplitRG/shard-0/SplitLargeReadGroup/6e932b78-6ad9-4161-8d8e-21a830951cd5/call-SamToFastqAndDragmapAndMba/shard-14/execution/docker_cid
# run as in the original configuration without --rm flag (will remove later)
docker run \
  --cidfile /mnt/nas1/projects/lasr/blendseq/warp-pipelines/warp-gatk-germline-single-sample-pipeline-master/cromwell-executions1/WholeGenomeGermlineSingleSample/d3b27253-def8-4fcc-8159-f1f8d49265cf/call-UnmappedBamToAlignedBam/UnmappedBamToAlignedBam/3102800d-c908-42dc-bfb2-6f5ddbcd42a0/call-SplitRG/shard-0/SplitLargeReadGroup/6e932b78-6ad9-4161-8d8e-21a830951cd5/call-SamToFastqAndDragmapAndMba/shard-14/execution/docker_cid \
  -i \
  --user 1027:1028 \
  --cpus="64" \
  --memory="409600m" \
  --entrypoint /bin/bash \
  -v /mnt/nas1/projects/lasr/blendseq/warp-pipelines/warp-gatk-germline-single-sample-pipeline-master/cromwell-executions1/WholeGenomeGermlineSingleSample/d3b27253-def8-4fcc-8159-f1f8d49265cf/call-UnmappedBamToAlignedBam/UnmappedBamToAlignedBam/3102800d-c908-42dc-bfb2-6f5ddbcd42a0/call-SplitRG/shard-0/SplitLargeReadGroup/6e932b78-6ad9-4161-8d8e-21a830951cd5/call-SamToFastqAndDragmapAndMba/shard-14:/cromwell-executions1/WholeGenomeGermlineSingleSample/d3b27253-def8-4fcc-8159-f1f8d49265cf/call-UnmappedBamToAlignedBam/UnmappedBamToAlignedBam/3102800d-c908-42dc-bfb2-6f5ddbcd42a0/call-SplitRG/shard-0/SplitLargeReadGroup/6e932b78-6ad9-4161-8d8e-21a830951cd5/call-SamToFastqAndDragmapAndMba/shard-14 \
  -v /mnt/nas1/projects/lasr/blendseq:/mnt/nas1/projects/lasr/blendseq \
  us.gcr.io/broad-gotc-prod/dragmap@sha256:5964afca3e4173c33b11100f68c1a44642e0ff2ee4de5a49d8cd446fef308b23 /cromwell-executions1/WholeGenomeGermlineSingleSample/d3b27253-def8-4fcc-8159-f1f8d49265cf/call-UnmappedBamToAlignedBam/UnmappedBamToAlignedBam/3102800d-c908-42dc-bfb2-6f5ddbcd42a0/call-SplitRG/shard-0/SplitLargeReadGroup/6e932b78-6ad9-4161-8d8e-21a830951cd5/call-SamToFastqAndDragmapAndMba/shard-14/execution/script

# get the return code (working even if the container was detached)
rc=$(docker wait [38;5;5mcat /mnt/nas1/projects/lasr/blendseq/warp-pipelines/warp-gatk-germline-single-sample-pipeline-master/cromwell-executions1/WholeGenomeGermlineSingleSample/d3b27253-def8-4fcc-8159-f1f8d49265cf/call-UnmappedBamToAlignedBam/UnmappedBamToAlignedBam/3102800d-c908-42dc-bfb2-6f5ddbcd42a0/call-SplitRG/shard-0/SplitLargeReadGroup/6e932b78-6ad9-4161-8d8e-21a830951cd5/call-SamToFastqAndDragmapAndMba/shard-14/execution/docker_cid[0m)

# remove the container after waiting
docker rm [38;5;5mcat /mnt/nas1/projects/lasr/blendseq/warp-pipelines/warp-gatk-germline-single-sample-pipeline-master/cromwell-executions1/WholeGenomeGermlineSingleSample/d3b27253-def8-4fcc-8159-f1f8d49265cf/call-UnmappedBamToAlignedBam/UnmappedBamToAlignedBam/3102800d-c908-42dc-bfb2-6f5ddbcd42a0/call-SplitRG/shard-0/SplitLargeReadGroup/6e932b78-6ad9-4161-8d8e-21a830951cd5/call-SamToFastqAndDragmapAndMba/shard-14/execution/docker_cid[0m

# return exit code
exit $rc
[2026-03-31 02:33:51,07] [info] BackgroundConfigAsyncJobExecutionActor [[38;5;2m6e932b78[0mSplitLargeReadGroup.SamToFastqAndDragmapAndMba:14:1]: job id: 571947
[2026-03-31 02:33:51,07] [info] BackgroundConfigAsyncJobExecutionActor [[38;5;2m6e932b78[0mSplitLargeReadGroup.SamToFastqAndDragmapAndMba:14:1]: Status change from - to WaitingForReturnCode
[2026-03-31 03:06:58,07] [info] BackgroundConfigAsyncJobExecutionActor [[38;5;2m6e932b78[0mSplitLargeReadGroup.SamToFastqAndDragmapAndMba:14:1]: Status change from WaitingForReturnCode to Done
[2026-03-31 03:07:06,18] [info] Assigned new job execution tokens to the following groups: d3b27253: 1
[2026-03-31 03:07:06,22] [[38;5;220mwarn[0m] BackgroundConfigAsyncJobExecutionActor [[38;5;2m6e932b78[0mSplitLargeReadGroup.SamToFastqAndDragmapAndMba:4:1]: Unrecognized runtime attribute keys: preemptible, disks, cpu, memory
[2026-03-31 03:07:28,63] [info] BackgroundConfigAsyncJobExecutionActor [[38;5;2m6e932b78[0mSplitLargeReadGroup.SamToFastqAndDragmapAndMba:4:1]: [38;5;5mset -euxo pipefail

DRAGMAP_VERSION=$(dragen-os --version)

if [ -z ${DRAGMAP_VERSION} ]; then
    exit 1;
fi

mkdir dragen_reference
mv /cromwell-executions1/WholeGenomeGermlineSingleSample/d3b27253-def8-4fcc-8159-f1f8d49265cf/call-UnmappedBamToAlignedBam/UnmappedBamToAlignedBam/3102800d-c908-42dc-bfb2-6f5ddbcd42a0/call-SplitRG/shard-0/SplitLargeReadGroup/6e932b78-6ad9-4161-8d8e-21a830951cd5/call-SamToFastqAndDragmapAndMba/shard-4/inputs/-1290198700/reference.bin /cromwell-executions1/WholeGenomeGermlineSingleSample/d3b27253-def8-4fcc-8159-f1f8d49265cf/call-UnmappedBamToAlignedBam/UnmappedBamToAlignedBam/3102800d-c908-42dc-bfb2-6f5ddbcd42a0/call-SplitRG/shard-0/SplitLargeReadGroup/6e932b78-6ad9-4161-8d8e-21a830951cd5/call-SamToFastqAndDragmapAndMba/shard-4/inputs/-1290198700/hash_table.cfg.bin /cromwell-executions1/WholeGenomeGermlineSingleSample/d3b27253-def8-4fcc-8159-f1f8d49265cf/call-UnmappedBamToAlignedBam/UnmappedBamToAlignedBam/3102800d-c908-42dc-bfb2-6f5ddbcd42a0/call-SplitRG/shard-0/SplitLargeReadGroup/6e932b78-6ad9-4161-8d8e-21a830951cd5/call-SamToFastqAndDragmapAndMba/shard-4/inputs/-1290198700/hash_table.cmp dragen_reference

dragen-os -b /cromwell-executions1/WholeGenomeGermlineSingleSample/d3b27253-def8-4fcc-8159-f1f8d49265cf/call-UnmappedBamToAlignedBam/UnmappedBamToAlignedBam/3102800d-c908-42dc-bfb2-6f5ddbcd42a0/call-SplitRG/shard-0/SplitLargeReadGroup/6e932b78-6ad9-4161-8d8e-21a830951cd5/call-SamToFastqAndDragmapAndMba/shard-4/inputs/-268692571/shard_0005.bam -r dragen_reference --interleaved=1 --preserve-map-align-order true 2> >(tee shard_0005.dragmap.stderr.log >&2) | samtools view -h -O BAM - > aligned.bam
java -Dsamjdk.compression_level=2 -Xms300g -Xmx300g -jar /picard/picard.jar \
  MergeBamAlignment \
  VALIDATION_STRINGENCY=SILENT \
  EXPECTED_ORIENTATIONS=FR \
  ATTRIBUTES_TO_RETAIN=X0 \
  ATTRIBUTES_TO_REMOVE=RG \
  ATTRIBUTES_TO_REMOVE=NM \
  ATTRIBUTES_TO_REMOVE=MD \
  ALIGNED_BAM=aligned.bam \
  UNMAPPED_BAM=/cromwell-executions1/WholeGenomeGermlineSingleSample/d3b27253-def8-4fcc-8159-f1f8d49265cf/call-UnmappedBamToAlignedBam/UnmappedBamToAlignedBam/3102800d-c908-42dc-bfb2-6f5ddbcd42a0/call-SplitRG/shard-0/SplitLargeReadGroup/6e932b78-6ad9-4161-8d8e-21a830951cd5/call-SamToFastqAndDragmapAndMba/shard-4/inputs/-268692571/shard_0005.bam \
  OUTPUT=shard_0005.bam \
  REFERENCE_SEQUENCE=/cromwell-executions1/WholeGenomeGermlineSingleSample/d3b27253-def8-4fcc-8159-f1f8d49265cf/call-UnmappedBamToAlignedBam/UnmappedBamToAlignedBam/3102800d-c908-42dc-bfb2-6f5ddbcd42a0/call-SplitRG/shard-0/SplitLargeReadGroup/6e932b78-6ad9-4161-8d8e-21a830951cd5/call-SamToFastqAndDragmapAndMba/shard-4/inputs/-1569105944/Homo_sapiens_assembly38_masked.fasta \
  PAIRED_RUN=true \
  SORT_ORDER="unsorted" \
  IS_BISULFITE_SEQUENCE=false \
  ALIGNED_READS_ONLY=false \
  CLIP_ADAPTERS=false \
   \
   \
  MAX_RECORDS_IN_RAM=2000000 \
  ADD_MATE_CIGAR=true \
  MAX_INSERTIONS_OR_DELETIONS=-1 \
  PRIMARY_ALIGNMENT_STRATEGY=MostDistant \
  PROGRAM_RECORD_ID="dragen-os" \
  PROGRAM_GROUP_VERSION="${DRAGMAP_VERSION}" \
  PROGRAM_GROUP_COMMAND_LINE="dragen-os -b /cromwell-executions1/WholeGenomeGermlineSingleSample/d3b27253-def8-4fcc-8159-f1f8d49265cf/call-UnmappedBamToAlignedBam/UnmappedBamToAlignedBam/3102800d-c908-42dc-bfb2-6f5ddbcd42a0/call-SplitRG/shard-0/SplitLargeReadGroup/6e932b78-6ad9-4161-8d8e-21a830951cd5/call-SamToFastqAndDragmapAndMba/shard-4/inputs/-268692571/shard_0005.bam -r dragen_reference --interleaved=1" \
  PROGRAM_GROUP_NAME="dragen-os" \
  UNMAPPED_READ_STRATEGY=COPY_TO_TAG \
  ALIGNER_PROPER_PAIR_FLAGS=true \
  UNMAP_CONTAMINANT_READS=true \
  ADD_PG_TAG_TO_READS=false[0m
[2026-03-31 03:07:28,72] [info] BackgroundConfigAsyncJobExecutionActor [[38;5;2m6e932b78[0mSplitLargeReadGroup.SamToFastqAndDragmapAndMba:4:1]: executing: # make sure there is no preexisting Docker CID file
rm -f /mnt/nas1/projects/lasr/blendseq/warp-pipelines/warp-gatk-germline-single-sample-pipeline-master/cromwell-executions1/WholeGenomeGermlineSingleSample/d3b27253-def8-4fcc-8159-f1f8d49265cf/call-UnmappedBamToAlignedBam/UnmappedBamToAlignedBam/3102800d-c908-42dc-bfb2-6f5ddbcd42a0/call-SplitRG/shard-0/SplitLargeReadGroup/6e932b78-6ad9-4161-8d8e-21a830951cd5/call-SamToFastqAndDragmapAndMba/shard-4/execution/docker_cid
# run as in the original configuration without --rm flag (will remove later)
docker run \
  --cidfile /mnt/nas1/projects/lasr/blendseq/warp-pipelines/warp-gatk-germline-single-sample-pipeline-master/cromwell-executions1/WholeGenomeGermlineSingleSample/d3b27253-def8-4fcc-8159-f1f8d49265cf/call-UnmappedBamToAlignedBam/UnmappedBamToAlignedBam/3102800d-c908-42dc-bfb2-6f5ddbcd42a0/call-SplitRG/shard-0/SplitLargeReadGroup/6e932b78-6ad9-4161-8d8e-21a830951cd5/call-SamToFastqAndDragmapAndMba/shard-4/execution/docker_cid \
  -i \
  --user 1027:1028 \
  --cpus="64" \
  --memory="409600m" \
  --entrypoint /bin/bash \
  -v /mnt/nas1/projects/lasr/blendseq/warp-pipelines/warp-gatk-germline-single-sample-pipeline-master/cromwell-executions1/WholeGenomeGermlineSingleSample/d3b27253-def8-4fcc-8159-f1f8d49265cf/call-UnmappedBamToAlignedBam/UnmappedBamToAlignedBam/3102800d-c908-42dc-bfb2-6f5ddbcd42a0/call-SplitRG/shard-0/SplitLargeReadGroup/6e932b78-6ad9-4161-8d8e-21a830951cd5/call-SamToFastqAndDragmapAndMba/shard-4:/cromwell-executions1/WholeGenomeGermlineSingleSample/d3b27253-def8-4fcc-8159-f1f8d49265cf/call-UnmappedBamToAlignedBam/UnmappedBamToAlignedBam/3102800d-c908-42dc-bfb2-6f5ddbcd42a0/call-SplitRG/shard-0/SplitLargeReadGroup/6e932b78-6ad9-4161-8d8e-21a830951cd5/call-SamToFastqAndDragmapAndMba/shard-4 \
  -v /mnt/nas1/projects/lasr/blendseq:/mnt/nas1/projects/lasr/blendseq \
  us.gcr.io/broad-gotc-prod/dragmap@sha256:5964afca3e4173c33b11100f68c1a44642e0ff2ee4de5a49d8cd446fef308b23 /cromwell-executions1/WholeGenomeGermlineSingleSample/d3b27253-def8-4fcc-8159-f1f8d49265cf/call-UnmappedBamToAlignedBam/UnmappedBamToAlignedBam/3102800d-c908-42dc-bfb2-6f5ddbcd42a0/call-SplitRG/shard-0/SplitLargeReadGroup/6e932b78-6ad9-4161-8d8e-21a830951cd5/call-SamToFastqAndDragmapAndMba/shard-4/execution/script

# get the return code (working even if the container was detached)
rc=$(docker wait [38;5;5mcat /mnt/nas1/projects/lasr/blendseq/warp-pipelines/warp-gatk-germline-single-sample-pipeline-master/cromwell-executions1/WholeGenomeGermlineSingleSample/d3b27253-def8-4fcc-8159-f1f8d49265cf/call-UnmappedBamToAlignedBam/UnmappedBamToAlignedBam/3102800d-c908-42dc-bfb2-6f5ddbcd42a0/call-SplitRG/shard-0/SplitLargeReadGroup/6e932b78-6ad9-4161-8d8e-21a830951cd5/call-SamToFastqAndDragmapAndMba/shard-4/execution/docker_cid[0m)

# remove the container after waiting
docker rm [38;5;5mcat /mnt/nas1/projects/lasr/blendseq/warp-pipelines/warp-gatk-germline-single-sample-pipeline-master/cromwell-executions1/WholeGenomeGermlineSingleSample/d3b27253-def8-4fcc-8159-f1f8d49265cf/call-UnmappedBamToAlignedBam/UnmappedBamToAlignedBam/3102800d-c908-42dc-bfb2-6f5ddbcd42a0/call-SplitRG/shard-0/SplitLargeReadGroup/6e932b78-6ad9-4161-8d8e-21a830951cd5/call-SamToFastqAndDragmapAndMba/shard-4/execution/docker_cid[0m

# return exit code
exit $rc
[2026-03-31 03:07:31,07] [info] BackgroundConfigAsyncJobExecutionActor [[38;5;2m6e932b78[0mSplitLargeReadGroup.SamToFastqAndDragmapAndMba:4:1]: job id: 572988
[2026-03-31 03:07:31,07] [info] BackgroundConfigAsyncJobExecutionActor [[38;5;2m6e932b78[0mSplitLargeReadGroup.SamToFastqAndDragmapAndMba:4:1]: Status change from - to WaitingForReturnCode
[2026-03-31 03:41:35,15] [info] BackgroundConfigAsyncJobExecutionActor [[38;5;2m6e932b78[0mSplitLargeReadGroup.SamToFastqAndDragmapAndMba:4:1]: Status change from WaitingForReturnCode to Done
[2026-03-31 03:41:36,18] [info] Assigned new job execution tokens to the following groups: d3b27253: 1
[2026-03-31 03:41:36,22] [[38;5;220mwarn[0m] BackgroundConfigAsyncJobExecutionActor [[38;5;2m6e932b78[0mSplitLargeReadGroup.SamToFastqAndDragmapAndMba:25:1]: Unrecognized runtime attribute keys: preemptible, disks, cpu, memory
[2026-03-31 03:41:58,79] [info] BackgroundConfigAsyncJobExecutionActor [[38;5;2m6e932b78[0mSplitLargeReadGroup.SamToFastqAndDragmapAndMba:25:1]: [38;5;5mset -euxo pipefail

DRAGMAP_VERSION=$(dragen-os --version)

if [ -z ${DRAGMAP_VERSION} ]; then
    exit 1;
fi

mkdir dragen_reference
mv /cromwell-executions1/WholeGenomeGermlineSingleSample/d3b27253-def8-4fcc-8159-f1f8d49265cf/call-UnmappedBamToAlignedBam/UnmappedBamToAlignedBam/3102800d-c908-42dc-bfb2-6f5ddbcd42a0/call-SplitRG/shard-0/SplitLargeReadGroup/6e932b78-6ad9-4161-8d8e-21a830951cd5/call-SamToFastqAndDragmapAndMba/shard-25/inputs/-1290198700/reference.bin /cromwell-executions1/WholeGenomeGermlineSingleSample/d3b27253-def8-4fcc-8159-f1f8d49265cf/call-UnmappedBamToAlignedBam/UnmappedBamToAlignedBam/3102800d-c908-42dc-bfb2-6f5ddbcd42a0/call-SplitRG/shard-0/SplitLargeReadGroup/6e932b78-6ad9-4161-8d8e-21a830951cd5/call-SamToFastqAndDragmapAndMba/shard-25/inputs/-1290198700/hash_table.cfg.bin /cromwell-executions1/WholeGenomeGermlineSingleSample/d3b27253-def8-4fcc-8159-f1f8d49265cf/call-UnmappedBamToAlignedBam/UnmappedBamToAlignedBam/3102800d-c908-42dc-bfb2-6f5ddbcd42a0/call-SplitRG/shard-0/SplitLargeReadGroup/6e932b78-6ad9-4161-8d8e-21a830951cd5/call-SamToFastqAndDragmapAndMba/shard-25/inputs/-1290198700/hash_table.cmp dragen_reference

dragen-os -b /cromwell-executions1/WholeGenomeGermlineSingleSample/d3b27253-def8-4fcc-8159-f1f8d49265cf/call-UnmappedBamToAlignedBam/UnmappedBamToAlignedBam/3102800d-c908-42dc-bfb2-6f5ddbcd42a0/call-SplitRG/shard-0/SplitLargeReadGroup/6e932b78-6ad9-4161-8d8e-21a830951cd5/call-SamToFastqAndDragmapAndMba/shard-25/inputs/-268692571/shard_0026.bam -r dragen_reference --interleaved=1 --preserve-map-align-order true 2> >(tee shard_0026.dragmap.stderr.log >&2) | samtools view -h -O BAM - > aligned.bam
java -Dsamjdk.compression_level=2 -Xms300g -Xmx300g -jar /picard/picard.jar \
  MergeBamAlignment \
  VALIDATION_STRINGENCY=SILENT \
  EXPECTED_ORIENTATIONS=FR \
  ATTRIBUTES_TO_RETAIN=X0 \
  ATTRIBUTES_TO_REMOVE=RG \
  ATTRIBUTES_TO_REMOVE=NM \
  ATTRIBUTES_TO_REMOVE=MD \
  ALIGNED_BAM=aligned.bam \
  UNMAPPED_BAM=/cromwell-executions1/WholeGenomeGermlineSingleSample/d3b27253-def8-4fcc-8159-f1f8d49265cf/call-UnmappedBamToAlignedBam/UnmappedBamToAlignedBam/3102800d-c908-42dc-bfb2-6f5ddbcd42a0/call-SplitRG/shard-0/SplitLargeReadGroup/6e932b78-6ad9-4161-8d8e-21a830951cd5/call-SamToFastqAndDragmapAndMba/shard-25/inputs/-268692571/shard_0026.bam \
  OUTPUT=shard_0026.bam \
  REFERENCE_SEQUENCE=/cromwell-executions1/WholeGenomeGermlineSingleSample/d3b27253-def8-4fcc-8159-f1f8d49265cf/call-UnmappedBamToAlignedBam/UnmappedBamToAlignedBam/3102800d-c908-42dc-bfb2-6f5ddbcd42a0/call-SplitRG/shard-0/SplitLargeReadGroup/6e932b78-6ad9-4161-8d8e-21a830951cd5/call-SamToFastqAndDragmapAndMba/shard-25/inputs/-1569105944/Homo_sapiens_assembly38_masked.fasta \
  PAIRED_RUN=true \
  SORT_ORDER="unsorted" \
  IS_BISULFITE_SEQUENCE=false \
  ALIGNED_READS_ONLY=false \
  CLIP_ADAPTERS=false \
   \
   \
  MAX_RECORDS_IN_RAM=2000000 \
  ADD_MATE_CIGAR=true \
  MAX_INSERTIONS_OR_DELETIONS=-1 \
  PRIMARY_ALIGNMENT_STRATEGY=MostDistant \
  PROGRAM_RECORD_ID="dragen-os" \
  PROGRAM_GROUP_VERSION="${DRAGMAP_VERSION}" \
  PROGRAM_GROUP_COMMAND_LINE="dragen-os -b /cromwell-executions1/WholeGenomeGermlineSingleSample/d3b27253-def8-4fcc-8159-f1f8d49265cf/call-UnmappedBamToAlignedBam/UnmappedBamToAlignedBam/3102800d-c908-42dc-bfb2-6f5ddbcd42a0/call-SplitRG/shard-0/SplitLargeReadGroup/6e932b78-6ad9-4161-8d8e-21a830951cd5/call-SamToFastqAndDragmapAndMba/shard-25/inputs/-268692571/shard_0026.bam -r dragen_reference --interleaved=1" \
  PROGRAM_GROUP_NAME="dragen-os" \
  UNMAPPED_READ_STRATEGY=COPY_TO_TAG \
  ALIGNER_PROPER_PAIR_FLAGS=true \
  UNMAP_CONTAMINANT_READS=true \
  ADD_PG_TAG_TO_READS=false[0m
[2026-03-31 03:41:58,89] [info] BackgroundConfigAsyncJobExecutionActor [[38;5;2m6e932b78[0mSplitLargeReadGroup.SamToFastqAndDragmapAndMba:25:1]: executing: # make sure there is no preexisting Docker CID file
rm -f /mnt/nas1/projects/lasr/blendseq/warp-pipelines/warp-gatk-germline-single-sample-pipeline-master/cromwell-executions1/WholeGenomeGermlineSingleSample/d3b27253-def8-4fcc-8159-f1f8d49265cf/call-UnmappedBamToAlignedBam/UnmappedBamToAlignedBam/3102800d-c908-42dc-bfb2-6f5ddbcd42a0/call-SplitRG/shard-0/SplitLargeReadGroup/6e932b78-6ad9-4161-8d8e-21a830951cd5/call-SamToFastqAndDragmapAndMba/shard-25/execution/docker_cid
# run as in the original configuration without --rm flag (will remove later)
docker run \
  --cidfile /mnt/nas1/projects/lasr/blendseq/warp-pipelines/warp-gatk-germline-single-sample-pipeline-master/cromwell-executions1/WholeGenomeGermlineSingleSample/d3b27253-def8-4fcc-8159-f1f8d49265cf/call-UnmappedBamToAlignedBam/UnmappedBamToAlignedBam/3102800d-c908-42dc-bfb2-6f5ddbcd42a0/call-SplitRG/shard-0/SplitLargeReadGroup/6e932b78-6ad9-4161-8d8e-21a830951cd5/call-SamToFastqAndDragmapAndMba/shard-25/execution/docker_cid \
  -i \
  --user 1027:1028 \
  --cpus="64" \
  --memory="409600m" \
  --entrypoint /bin/bash \
  -v /mnt/nas1/projects/lasr/blendseq/warp-pipelines/warp-gatk-germline-single-sample-pipeline-master/cromwell-executions1/WholeGenomeGermlineSingleSample/d3b27253-def8-4fcc-8159-f1f8d49265cf/call-UnmappedBamToAlignedBam/UnmappedBamToAlignedBam/3102800d-c908-42dc-bfb2-6f5ddbcd42a0/call-SplitRG/shard-0/SplitLargeReadGroup/6e932b78-6ad9-4161-8d8e-21a830951cd5/call-SamToFastqAndDragmapAndMba/shard-25:/cromwell-executions1/WholeGenomeGermlineSingleSample/d3b27253-def8-4fcc-8159-f1f8d49265cf/call-UnmappedBamToAlignedBam/UnmappedBamToAlignedBam/3102800d-c908-42dc-bfb2-6f5ddbcd42a0/call-SplitRG/shard-0/SplitLargeReadGroup/6e932b78-6ad9-4161-8d8e-21a830951cd5/call-SamToFastqAndDragmapAndMba/shard-25 \
  -v /mnt/nas1/projects/lasr/blendseq:/mnt/nas1/projects/lasr/blendseq \
  us.gcr.io/broad-gotc-prod/dragmap@sha256:5964afca3e4173c33b11100f68c1a44642e0ff2ee4de5a49d8cd446fef308b23 /cromwell-executions1/WholeGenomeGermlineSingleSample/d3b27253-def8-4fcc-8159-f1f8d49265cf/call-UnmappedBamToAlignedBam/UnmappedBamToAlignedBam/3102800d-c908-42dc-bfb2-6f5ddbcd42a0/call-SplitRG/shard-0/SplitLargeReadGroup/6e932b78-6ad9-4161-8d8e-21a830951cd5/call-SamToFastqAndDragmapAndMba/shard-25/execution/script

# get the return code (working even if the container was detached)
rc=$(docker wait [38;5;5mcat /mnt/nas1/projects/lasr/blendseq/warp-pipelines/warp-gatk-germline-single-sample-pipeline-master/cromwell-executions1/WholeGenomeGermlineSingleSample/d3b27253-def8-4fcc-8159-f1f8d49265cf/call-UnmappedBamToAlignedBam/UnmappedBamToAlignedBam/3102800d-c908-42dc-bfb2-6f5ddbcd42a0/call-SplitRG/shard-0/SplitLargeReadGroup/6e932b78-6ad9-4161-8d8e-21a830951cd5/call-SamToFastqAndDragmapAndMba/shard-25/execution/docker_cid[0m)

# remove the container after waiting
docker rm [38;5;5mcat /mnt/nas1/projects/lasr/blendseq/warp-pipelines/warp-gatk-germline-single-sample-pipeline-master/cromwell-executions1/WholeGenomeGermlineSingleSample/d3b27253-def8-4fcc-8159-f1f8d49265cf/call-UnmappedBamToAlignedBam/UnmappedBamToAlignedBam/3102800d-c908-42dc-bfb2-6f5ddbcd42a0/call-SplitRG/shard-0/SplitLargeReadGroup/6e932b78-6ad9-4161-8d8e-21a830951cd5/call-SamToFastqAndDragmapAndMba/shard-25/execution/docker_cid[0m

# return exit code
exit $rc
[2026-03-31 03:42:01,07] [info] BackgroundConfigAsyncJobExecutionActor [[38;5;2m6e932b78[0mSplitLargeReadGroup.SamToFastqAndDragmapAndMba:25:1]: job id: 573996
[2026-03-31 03:42:01,07] [info] BackgroundConfigAsyncJobExecutionActor [[38;5;2m6e932b78[0mSplitLargeReadGroup.SamToFastqAndDragmapAndMba:25:1]: Status change from - to WaitingForReturnCode
[2026-03-31 04:18:23,35] [info] BackgroundConfigAsyncJobExecutionActor [[38;5;2m6e932b78[0mSplitLargeReadGroup.SamToFastqAndDragmapAndMba:25:1]: Status change from WaitingForReturnCode to Done
[2026-03-31 04:18:26,18] [info] Assigned new job execution tokens to the following groups: d3b27253: 1
[2026-03-31 04:18:26,22] [[38;5;220mwarn[0m] BackgroundConfigAsyncJobExecutionActor [[38;5;2m6e932b78[0mSplitLargeReadGroup.SamToFastqAndDragmapAndMba:20:1]: Unrecognized runtime attribute keys: preemptible, disks, cpu, memory
[2026-03-31 04:18:47,85] [info] BackgroundConfigAsyncJobExecutionActor [[38;5;2m6e932b78[0mSplitLargeReadGroup.SamToFastqAndDragmapAndMba:20:1]: [38;5;5mset -euxo pipefail

DRAGMAP_VERSION=$(dragen-os --version)

if [ -z ${DRAGMAP_VERSION} ]; then
    exit 1;
fi

mkdir dragen_reference
mv /cromwell-executions1/WholeGenomeGermlineSingleSample/d3b27253-def8-4fcc-8159-f1f8d49265cf/call-UnmappedBamToAlignedBam/UnmappedBamToAlignedBam/3102800d-c908-42dc-bfb2-6f5ddbcd42a0/call-SplitRG/shard-0/SplitLargeReadGroup/6e932b78-6ad9-4161-8d8e-21a830951cd5/call-SamToFastqAndDragmapAndMba/shard-20/inputs/-1290198700/reference.bin /cromwell-executions1/WholeGenomeGermlineSingleSample/d3b27253-def8-4fcc-8159-f1f8d49265cf/call-UnmappedBamToAlignedBam/UnmappedBamToAlignedBam/3102800d-c908-42dc-bfb2-6f5ddbcd42a0/call-SplitRG/shard-0/SplitLargeReadGroup/6e932b78-6ad9-4161-8d8e-21a830951cd5/call-SamToFastqAndDragmapAndMba/shard-20/inputs/-1290198700/hash_table.cfg.bin /cromwell-executions1/WholeGenomeGermlineSingleSample/d3b27253-def8-4fcc-8159-f1f8d49265cf/call-UnmappedBamToAlignedBam/UnmappedBamToAlignedBam/3102800d-c908-42dc-bfb2-6f5ddbcd42a0/call-SplitRG/shard-0/SplitLargeReadGroup/6e932b78-6ad9-4161-8d8e-21a830951cd5/call-SamToFastqAndDragmapAndMba/shard-20/inputs/-1290198700/hash_table.cmp dragen_reference

dragen-os -b /cromwell-executions1/WholeGenomeGermlineSingleSample/d3b27253-def8-4fcc-8159-f1f8d49265cf/call-UnmappedBamToAlignedBam/UnmappedBamToAlignedBam/3102800d-c908-42dc-bfb2-6f5ddbcd42a0/call-SplitRG/shard-0/SplitLargeReadGroup/6e932b78-6ad9-4161-8d8e-21a830951cd5/call-SamToFastqAndDragmapAndMba/shard-20/inputs/-268692571/shard_0021.bam -r dragen_reference --interleaved=1 --preserve-map-align-order true 2> >(tee shard_0021.dragmap.stderr.log >&2) | samtools view -h -O BAM - > aligned.bam
java -Dsamjdk.compression_level=2 -Xms300g -Xmx300g -jar /picard/picard.jar \
  MergeBamAlignment \
  VALIDATION_STRINGENCY=SILENT \
  EXPECTED_ORIENTATIONS=FR \
  ATTRIBUTES_TO_RETAIN=X0 \
  ATTRIBUTES_TO_REMOVE=RG \
  ATTRIBUTES_TO_REMOVE=NM \
  ATTRIBUTES_TO_REMOVE=MD \
  ALIGNED_BAM=aligned.bam \
  UNMAPPED_BAM=/cromwell-executions1/WholeGenomeGermlineSingleSample/d3b27253-def8-4fcc-8159-f1f8d49265cf/call-UnmappedBamToAlignedBam/UnmappedBamToAlignedBam/3102800d-c908-42dc-bfb2-6f5ddbcd42a0/call-SplitRG/shard-0/SplitLargeReadGroup/6e932b78-6ad9-4161-8d8e-21a830951cd5/call-SamToFastqAndDragmapAndMba/shard-20/inputs/-268692571/shard_0021.bam \
  OUTPUT=shard_0021.bam \
  REFERENCE_SEQUENCE=/cromwell-executions1/WholeGenomeGermlineSingleSample/d3b27253-def8-4fcc-8159-f1f8d49265cf/call-UnmappedBamToAlignedBam/UnmappedBamToAlignedBam/3102800d-c908-42dc-bfb2-6f5ddbcd42a0/call-SplitRG/shard-0/SplitLargeReadGroup/6e932b78-6ad9-4161-8d8e-21a830951cd5/call-SamToFastqAndDragmapAndMba/shard-20/inputs/-1569105944/Homo_sapiens_assembly38_masked.fasta \
  PAIRED_RUN=true \
  SORT_ORDER="unsorted" \
  IS_BISULFITE_SEQUENCE=false \
  ALIGNED_READS_ONLY=false \
  CLIP_ADAPTERS=false \
   \
   \
  MAX_RECORDS_IN_RAM=2000000 \
  ADD_MATE_CIGAR=true \
  MAX_INSERTIONS_OR_DELETIONS=-1 \
  PRIMARY_ALIGNMENT_STRATEGY=MostDistant \
  PROGRAM_RECORD_ID="dragen-os" \
  PROGRAM_GROUP_VERSION="${DRAGMAP_VERSION}" \
  PROGRAM_GROUP_COMMAND_LINE="dragen-os -b /cromwell-executions1/WholeGenomeGermlineSingleSample/d3b27253-def8-4fcc-8159-f1f8d49265cf/call-UnmappedBamToAlignedBam/UnmappedBamToAlignedBam/3102800d-c908-42dc-bfb2-6f5ddbcd42a0/call-SplitRG/shard-0/SplitLargeReadGroup/6e932b78-6ad9-4161-8d8e-21a830951cd5/call-SamToFastqAndDragmapAndMba/shard-20/inputs/-268692571/shard_0021.bam -r dragen_reference --interleaved=1" \
  PROGRAM_GROUP_NAME="dragen-os" \
  UNMAPPED_READ_STRATEGY=COPY_TO_TAG \
  ALIGNER_PROPER_PAIR_FLAGS=true \
  UNMAP_CONTAMINANT_READS=true \
  ADD_PG_TAG_TO_READS=false[0m
[2026-03-31 04:18:47,90] [info] BackgroundConfigAsyncJobExecutionActor [[38;5;2m6e932b78[0mSplitLargeReadGroup.SamToFastqAndDragmapAndMba:20:1]: executing: # make sure there is no preexisting Docker CID file
rm -f /mnt/nas1/projects/lasr/blendseq/warp-pipelines/warp-gatk-germline-single-sample-pipeline-master/cromwell-executions1/WholeGenomeGermlineSingleSample/d3b27253-def8-4fcc-8159-f1f8d49265cf/call-UnmappedBamToAlignedBam/UnmappedBamToAlignedBam/3102800d-c908-42dc-bfb2-6f5ddbcd42a0/call-SplitRG/shard-0/SplitLargeReadGroup/6e932b78-6ad9-4161-8d8e-21a830951cd5/call-SamToFastqAndDragmapAndMba/shard-20/execution/docker_cid
# run as in the original configuration without --rm flag (will remove later)
docker run \
  --cidfile /mnt/nas1/projects/lasr/blendseq/warp-pipelines/warp-gatk-germline-single-sample-pipeline-master/cromwell-executions1/WholeGenomeGermlineSingleSample/d3b27253-def8-4fcc-8159-f1f8d49265cf/call-UnmappedBamToAlignedBam/UnmappedBamToAlignedBam/3102800d-c908-42dc-bfb2-6f5ddbcd42a0/call-SplitRG/shard-0/SplitLargeReadGroup/6e932b78-6ad9-4161-8d8e-21a830951cd5/call-SamToFastqAndDragmapAndMba/shard-20/execution/docker_cid \
  -i \
  --user 1027:1028 \
  --cpus="64" \
  --memory="409600m" \
  --entrypoint /bin/bash \
  -v /mnt/nas1/projects/lasr/blendseq/warp-pipelines/warp-gatk-germline-single-sample-pipeline-master/cromwell-executions1/WholeGenomeGermlineSingleSample/d3b27253-def8-4fcc-8159-f1f8d49265cf/call-UnmappedBamToAlignedBam/UnmappedBamToAlignedBam/3102800d-c908-42dc-bfb2-6f5ddbcd42a0/call-SplitRG/shard-0/SplitLargeReadGroup/6e932b78-6ad9-4161-8d8e-21a830951cd5/call-SamToFastqAndDragmapAndMba/shard-20:/cromwell-executions1/WholeGenomeGermlineSingleSample/d3b27253-def8-4fcc-8159-f1f8d49265cf/call-UnmappedBamToAlignedBam/UnmappedBamToAlignedBam/3102800d-c908-42dc-bfb2-6f5ddbcd42a0/call-SplitRG/shard-0/SplitLargeReadGroup/6e932b78-6ad9-4161-8d8e-21a830951cd5/call-SamToFastqAndDragmapAndMba/shard-20 \
  -v /mnt/nas1/projects/lasr/blendseq:/mnt/nas1/projects/lasr/blendseq \
  us.gcr.io/broad-gotc-prod/dragmap@sha256:5964afca3e4173c33b11100f68c1a44642e0ff2ee4de5a49d8cd446fef308b23 /cromwell-executions1/WholeGenomeGermlineSingleSample/d3b27253-def8-4fcc-8159-f1f8d49265cf/call-UnmappedBamToAlignedBam/UnmappedBamToAlignedBam/3102800d-c908-42dc-bfb2-6f5ddbcd42a0/call-SplitRG/shard-0/SplitLargeReadGroup/6e932b78-6ad9-4161-8d8e-21a830951cd5/call-SamToFastqAndDragmapAndMba/shard-20/execution/script

# get the return code (working even if the container was detached)
rc=$(docker wait [38;5;5mcat /mnt/nas1/projects/lasr/blendseq/warp-pipelines/warp-gatk-germline-single-sample-pipeline-master/cromwell-executions1/WholeGenomeGermlineSingleSample/d3b27253-def8-4fcc-8159-f1f8d49265cf/call-UnmappedBamToAlignedBam/UnmappedBamToAlignedBam/3102800d-c908-42dc-bfb2-6f5ddbcd42a0/call-SplitRG/shard-0/SplitLargeReadGroup/6e932b78-6ad9-4161-8d8e-21a830951cd5/call-SamToFastqAndDragmapAndMba/shard-20/execution/docker_cid[0m)

# remove the container after waiting
docker rm [38;5;5mcat /mnt/nas1/projects/lasr/blendseq/warp-pipelines/warp-gatk-germline-single-sample-pipeline-master/cromwell-executions1/WholeGenomeGermlineSingleSample/d3b27253-def8-4fcc-8159-f1f8d49265cf/call-UnmappedBamToAlignedBam/UnmappedBamToAlignedBam/3102800d-c908-42dc-bfb2-6f5ddbcd42a0/call-SplitRG/shard-0/SplitLargeReadGroup/6e932b78-6ad9-4161-8d8e-21a830951cd5/call-SamToFastqAndDragmapAndMba/shard-20/execution/docker_cid[0m

# return exit code
exit $rc
[2026-03-31 04:18:51,07] [info] BackgroundConfigAsyncJobExecutionActor [[38;5;2m6e932b78[0mSplitLargeReadGroup.SamToFastqAndDragmapAndMba:20:1]: job id: 575056
[2026-03-31 04:18:51,07] [info] BackgroundConfigAsyncJobExecutionActor [[38;5;2m6e932b78[0mSplitLargeReadGroup.SamToFastqAndDragmapAndMba:20:1]: Status change from - to WaitingForReturnCode
[2026-03-31 04:52:25,84] [info] BackgroundConfigAsyncJobExecutionActor [[38;5;2m6e932b78[0mSplitLargeReadGroup.SamToFastqAndDragmapAndMba:20:1]: Status change from WaitingForReturnCode to Done
[2026-03-31 04:52:26,18] [info] Assigned new job execution tokens to the following groups: d3b27253: 1
[2026-03-31 04:52:26,22] [[38;5;220mwarn[0m] BackgroundConfigAsyncJobExecutionActor [[38;5;2m6e932b78[0mSplitLargeReadGroup.SamToFastqAndDragmapAndMba:23:1]: Unrecognized runtime attribute keys: preemptible, disks, cpu, memory
[2026-03-31 04:52:46,96] [info] BackgroundConfigAsyncJobExecutionActor [[38;5;2m6e932b78[0mSplitLargeReadGroup.SamToFastqAndDragmapAndMba:23:1]: [38;5;5mset -euxo pipefail

DRAGMAP_VERSION=$(dragen-os --version)

if [ -z ${DRAGMAP_VERSION} ]; then
    exit 1;
fi

mkdir dragen_reference
mv /cromwell-executions1/WholeGenomeGermlineSingleSample/d3b27253-def8-4fcc-8159-f1f8d49265cf/call-UnmappedBamToAlignedBam/UnmappedBamToAlignedBam/3102800d-c908-42dc-bfb2-6f5ddbcd42a0/call-SplitRG/shard-0/SplitLargeReadGroup/6e932b78-6ad9-4161-8d8e-21a830951cd5/call-SamToFastqAndDragmapAndMba/shard-23/inputs/-1290198700/reference.bin /cromwell-executions1/WholeGenomeGermlineSingleSample/d3b27253-def8-4fcc-8159-f1f8d49265cf/call-UnmappedBamToAlignedBam/UnmappedBamToAlignedBam/3102800d-c908-42dc-bfb2-6f5ddbcd42a0/call-SplitRG/shard-0/SplitLargeReadGroup/6e932b78-6ad9-4161-8d8e-21a830951cd5/call-SamToFastqAndDragmapAndMba/shard-23/inputs/-1290198700/hash_table.cfg.bin /cromwell-executions1/WholeGenomeGermlineSingleSample/d3b27253-def8-4fcc-8159-f1f8d49265cf/call-UnmappedBamToAlignedBam/UnmappedBamToAlignedBam/3102800d-c908-42dc-bfb2-6f5ddbcd42a0/call-SplitRG/shard-0/SplitLargeReadGroup/6e932b78-6ad9-4161-8d8e-21a830951cd5/call-SamToFastqAndDragmapAndMba/shard-23/inputs/-1290198700/hash_table.cmp dragen_reference

dragen-os -b /cromwell-executions1/WholeGenomeGermlineSingleSample/d3b27253-def8-4fcc-8159-f1f8d49265cf/call-UnmappedBamToAlignedBam/UnmappedBamToAlignedBam/3102800d-c908-42dc-bfb2-6f5ddbcd42a0/call-SplitRG/shard-0/SplitLargeReadGroup/6e932b78-6ad9-4161-8d8e-21a830951cd5/call-SamToFastqAndDragmapAndMba/shard-23/inputs/-268692571/shard_0024.bam -r dragen_reference --interleaved=1 --preserve-map-align-order true 2> >(tee shard_0024.dragmap.stderr.log >&2) | samtools view -h -O BAM - > aligned.bam
java -Dsamjdk.compression_level=2 -Xms300g -Xmx300g -jar /picard/picard.jar \
  MergeBamAlignment \
  VALIDATION_STRINGENCY=SILENT \
  EXPECTED_ORIENTATIONS=FR \
  ATTRIBUTES_TO_RETAIN=X0 \
  ATTRIBUTES_TO_REMOVE=RG \
  ATTRIBUTES_TO_REMOVE=NM \
  ATTRIBUTES_TO_REMOVE=MD \
  ALIGNED_BAM=aligned.bam \
  UNMAPPED_BAM=/cromwell-executions1/WholeGenomeGermlineSingleSample/d3b27253-def8-4fcc-8159-f1f8d49265cf/call-UnmappedBamToAlignedBam/UnmappedBamToAlignedBam/3102800d-c908-42dc-bfb2-6f5ddbcd42a0/call-SplitRG/shard-0/SplitLargeReadGroup/6e932b78-6ad9-4161-8d8e-21a830951cd5/call-SamToFastqAndDragmapAndMba/shard-23/inputs/-268692571/shard_0024.bam \
  OUTPUT=shard_0024.bam \
  REFERENCE_SEQUENCE=/cromwell-executions1/WholeGenomeGermlineSingleSample/d3b27253-def8-4fcc-8159-f1f8d49265cf/call-UnmappedBamToAlignedBam/UnmappedBamToAlignedBam/3102800d-c908-42dc-bfb2-6f5ddbcd42a0/call-SplitRG/shard-0/SplitLargeReadGroup/6e932b78-6ad9-4161-8d8e-21a830951cd5/call-SamToFastqAndDragmapAndMba/shard-23/inputs/-1569105944/Homo_sapiens_assembly38_masked.fasta \
  PAIRED_RUN=true \
  SORT_ORDER="unsorted" \
  IS_BISULFITE_SEQUENCE=false \
  ALIGNED_READS_ONLY=false \
  CLIP_ADAPTERS=false \
   \
   \
  MAX_RECORDS_IN_RAM=2000000 \
  ADD_MATE_CIGAR=true \
  MAX_INSERTIONS_OR_DELETIONS=-1 \
  PRIMARY_ALIGNMENT_STRATEGY=MostDistant \
  PROGRAM_RECORD_ID="dragen-os" \
  PROGRAM_GROUP_VERSION="${DRAGMAP_VERSION}" \
  PROGRAM_GROUP_COMMAND_LINE="dragen-os -b /cromwell-executions1/WholeGenomeGermlineSingleSample/d3b27253-def8-4fcc-8159-f1f8d49265cf/call-UnmappedBamToAlignedBam/UnmappedBamToAlignedBam/3102800d-c908-42dc-bfb2-6f5ddbcd42a0/call-SplitRG/shard-0/SplitLargeReadGroup/6e932b78-6ad9-4161-8d8e-21a830951cd5/call-SamToFastqAndDragmapAndMba/shard-23/inputs/-268692571/shard_0024.bam -r dragen_reference --interleaved=1" \
  PROGRAM_GROUP_NAME="dragen-os" \
  UNMAPPED_READ_STRATEGY=COPY_TO_TAG \
  ALIGNER_PROPER_PAIR_FLAGS=true \
  UNMAP_CONTAMINANT_READS=true \
  ADD_PG_TAG_TO_READS=false[0m
[2026-03-31 04:52:47,06] [info] BackgroundConfigAsyncJobExecutionActor [[38;5;2m6e932b78[0mSplitLargeReadGroup.SamToFastqAndDragmapAndMba:23:1]: executing: # make sure there is no preexisting Docker CID file
rm -f /mnt/nas1/projects/lasr/blendseq/warp-pipelines/warp-gatk-germline-single-sample-pipeline-master/cromwell-executions1/WholeGenomeGermlineSingleSample/d3b27253-def8-4fcc-8159-f1f8d49265cf/call-UnmappedBamToAlignedBam/UnmappedBamToAlignedBam/3102800d-c908-42dc-bfb2-6f5ddbcd42a0/call-SplitRG/shard-0/SplitLargeReadGroup/6e932b78-6ad9-4161-8d8e-21a830951cd5/call-SamToFastqAndDragmapAndMba/shard-23/execution/docker_cid
# run as in the original configuration without --rm flag (will remove later)
docker run \
  --cidfile /mnt/nas1/projects/lasr/blendseq/warp-pipelines/warp-gatk-germline-single-sample-pipeline-master/cromwell-executions1/WholeGenomeGermlineSingleSample/d3b27253-def8-4fcc-8159-f1f8d49265cf/call-UnmappedBamToAlignedBam/UnmappedBamToAlignedBam/3102800d-c908-42dc-bfb2-6f5ddbcd42a0/call-SplitRG/shard-0/SplitLargeReadGroup/6e932b78-6ad9-4161-8d8e-21a830951cd5/call-SamToFastqAndDragmapAndMba/shard-23/execution/docker_cid \
  -i \
  --user 1027:1028 \
  --cpus="64" \
  --memory="409600m" \
  --entrypoint /bin/bash \
  -v /mnt/nas1/projects/lasr/blendseq/warp-pipelines/warp-gatk-germline-single-sample-pipeline-master/cromwell-executions1/WholeGenomeGermlineSingleSample/d3b27253-def8-4fcc-8159-f1f8d49265cf/call-UnmappedBamToAlignedBam/UnmappedBamToAlignedBam/3102800d-c908-42dc-bfb2-6f5ddbcd42a0/call-SplitRG/shard-0/SplitLargeReadGroup/6e932b78-6ad9-4161-8d8e-21a830951cd5/call-SamToFastqAndDragmapAndMba/shard-23:/cromwell-executions1/WholeGenomeGermlineSingleSample/d3b27253-def8-4fcc-8159-f1f8d49265cf/call-UnmappedBamToAlignedBam/UnmappedBamToAlignedBam/3102800d-c908-42dc-bfb2-6f5ddbcd42a0/call-SplitRG/shard-0/SplitLargeReadGroup/6e932b78-6ad9-4161-8d8e-21a830951cd5/call-SamToFastqAndDragmapAndMba/shard-23 \
  -v /mnt/nas1/projects/lasr/blendseq:/mnt/nas1/projects/lasr/blendseq \
  us.gcr.io/broad-gotc-prod/dragmap@sha256:5964afca3e4173c33b11100f68c1a44642e0ff2ee4de5a49d8cd446fef308b23 /cromwell-executions1/WholeGenomeGermlineSingleSample/d3b27253-def8-4fcc-8159-f1f8d49265cf/call-UnmappedBamToAlignedBam/UnmappedBamToAlignedBam/3102800d-c908-42dc-bfb2-6f5ddbcd42a0/call-SplitRG/shard-0/SplitLargeReadGroup/6e932b78-6ad9-4161-8d8e-21a830951cd5/call-SamToFastqAndDragmapAndMba/shard-23/execution/script

# get the return code (working even if the container was detached)
rc=$(docker wait [38;5;5mcat /mnt/nas1/projects/lasr/blendseq/warp-pipelines/warp-gatk-germline-single-sample-pipeline-master/cromwell-executions1/WholeGenomeGermlineSingleSample/d3b27253-def8-4fcc-8159-f1f8d49265cf/call-UnmappedBamToAlignedBam/UnmappedBamToAlignedBam/3102800d-c908-42dc-bfb2-6f5ddbcd42a0/call-SplitRG/shard-0/SplitLargeReadGroup/6e932b78-6ad9-4161-8d8e-21a830951cd5/call-SamToFastqAndDragmapAndMba/shard-23/execution/docker_cid[0m)

# remove the container after waiting
docker rm [38;5;5mcat /mnt/nas1/projects/lasr/blendseq/warp-pipelines/warp-gatk-germline-single-sample-pipeline-master/cromwell-executions1/WholeGenomeGermlineSingleSample/d3b27253-def8-4fcc-8159-f1f8d49265cf/call-UnmappedBamToAlignedBam/UnmappedBamToAlignedBam/3102800d-c908-42dc-bfb2-6f5ddbcd42a0/call-SplitRG/shard-0/SplitLargeReadGroup/6e932b78-6ad9-4161-8d8e-21a830951cd5/call-SamToFastqAndDragmapAndMba/shard-23/execution/docker_cid[0m

# return exit code
exit $rc
[2026-03-31 04:52:51,07] [info] BackgroundConfigAsyncJobExecutionActor [[38;5;2m6e932b78[0mSplitLargeReadGroup.SamToFastqAndDragmapAndMba:23:1]: job id: 576085
[2026-03-31 04:52:51,07] [info] BackgroundConfigAsyncJobExecutionActor [[38;5;2m6e932b78[0mSplitLargeReadGroup.SamToFastqAndDragmapAndMba:23:1]: Status change from - to WaitingForReturnCode
[2026-03-31 05:23:18,97] [info] BackgroundConfigAsyncJobExecutionActor [[38;5;2m6e932b78[0mSplitLargeReadGroup.SamToFastqAndDragmapAndMba:23:1]: Status change from WaitingForReturnCode to Done
[2026-03-31 05:23:26,18] [info] Assigned new job execution tokens to the following groups: d3b27253: 1
[2026-03-31 05:23:26,22] [[38;5;220mwarn[0m] BackgroundConfigAsyncJobExecutionActor [[38;5;2m6e932b78[0mSplitLargeReadGroup.SamToFastqAndDragmapAndMba:19:1]: Unrecognized runtime attribute keys: preemptible, disks, cpu, memory
[2026-03-31 05:23:48,59] [info] BackgroundConfigAsyncJobExecutionActor [[38;5;2m6e932b78[0mSplitLargeReadGroup.SamToFastqAndDragmapAndMba:19:1]: [38;5;5mset -euxo pipefail

DRAGMAP_VERSION=$(dragen-os --version)

if [ -z ${DRAGMAP_VERSION} ]; then
    exit 1;
fi

mkdir dragen_reference
mv /cromwell-executions1/WholeGenomeGermlineSingleSample/d3b27253-def8-4fcc-8159-f1f8d49265cf/call-UnmappedBamToAlignedBam/UnmappedBamToAlignedBam/3102800d-c908-42dc-bfb2-6f5ddbcd42a0/call-SplitRG/shard-0/SplitLargeReadGroup/6e932b78-6ad9-4161-8d8e-21a830951cd5/call-SamToFastqAndDragmapAndMba/shard-19/inputs/-1290198700/reference.bin /cromwell-executions1/WholeGenomeGermlineSingleSample/d3b27253-def8-4fcc-8159-f1f8d49265cf/call-UnmappedBamToAlignedBam/UnmappedBamToAlignedBam/3102800d-c908-42dc-bfb2-6f5ddbcd42a0/call-SplitRG/shard-0/SplitLargeReadGroup/6e932b78-6ad9-4161-8d8e-21a830951cd5/call-SamToFastqAndDragmapAndMba/shard-19/inputs/-1290198700/hash_table.cfg.bin /cromwell-executions1/WholeGenomeGermlineSingleSample/d3b27253-def8-4fcc-8159-f1f8d49265cf/call-UnmappedBamToAlignedBam/UnmappedBamToAlignedBam/3102800d-c908-42dc-bfb2-6f5ddbcd42a0/call-SplitRG/shard-0/SplitLargeReadGroup/6e932b78-6ad9-4161-8d8e-21a830951cd5/call-SamToFastqAndDragmapAndMba/shard-19/inputs/-1290198700/hash_table.cmp dragen_reference

dragen-os -b /cromwell-executions1/WholeGenomeGermlineSingleSample/d3b27253-def8-4fcc-8159-f1f8d49265cf/call-UnmappedBamToAlignedBam/UnmappedBamToAlignedBam/3102800d-c908-42dc-bfb2-6f5ddbcd42a0/call-SplitRG/shard-0/SplitLargeReadGroup/6e932b78-6ad9-4161-8d8e-21a830951cd5/call-SamToFastqAndDragmapAndMba/shard-19/inputs/-268692571/shard_0020.bam -r dragen_reference --interleaved=1 --preserve-map-align-order true 2> >(tee shard_0020.dragmap.stderr.log >&2) | samtools view -h -O BAM - > aligned.bam
java -Dsamjdk.compression_level=2 -Xms300g -Xmx300g -jar /picard/picard.jar \
  MergeBamAlignment \
  VALIDATION_STRINGENCY=SILENT \
  EXPECTED_ORIENTATIONS=FR \
  ATTRIBUTES_TO_RETAIN=X0 \
  ATTRIBUTES_TO_REMOVE=RG \
  ATTRIBUTES_TO_REMOVE=NM \
  ATTRIBUTES_TO_REMOVE=MD \
  ALIGNED_BAM=aligned.bam \
  UNMAPPED_BAM=/cromwell-executions1/WholeGenomeGermlineSingleSample/d3b27253-def8-4fcc-8159-f1f8d49265cf/call-UnmappedBamToAlignedBam/UnmappedBamToAlignedBam/3102800d-c908-42dc-bfb2-6f5ddbcd42a0/call-SplitRG/shard-0/SplitLargeReadGroup/6e932b78-6ad9-4161-8d8e-21a830951cd5/call-SamToFastqAndDragmapAndMba/shard-19/inputs/-268692571/shard_0020.bam \
  OUTPUT=shard_0020.bam \
  REFERENCE_SEQUENCE=/cromwell-executions1/WholeGenomeGermlineSingleSample/d3b27253-def8-4fcc-8159-f1f8d49265cf/call-UnmappedBamToAlignedBam/UnmappedBamToAlignedBam/3102800d-c908-42dc-bfb2-6f5ddbcd42a0/call-SplitRG/shard-0/SplitLargeReadGroup/6e932b78-6ad9-4161-8d8e-21a830951cd5/call-SamToFastqAndDragmapAndMba/shard-19/inputs/-1569105944/Homo_sapiens_assembly38_masked.fasta \
  PAIRED_RUN=true \
  SORT_ORDER="unsorted" \
  IS_BISULFITE_SEQUENCE=false \
  ALIGNED_READS_ONLY=false \
  CLIP_ADAPTERS=false \
   \
   \
  MAX_RECORDS_IN_RAM=2000000 \
  ADD_MATE_CIGAR=true \
  MAX_INSERTIONS_OR_DELETIONS=-1 \
  PRIMARY_ALIGNMENT_STRATEGY=MostDistant \
  PROGRAM_RECORD_ID="dragen-os" \
  PROGRAM_GROUP_VERSION="${DRAGMAP_VERSION}" \
  PROGRAM_GROUP_COMMAND_LINE="dragen-os -b /cromwell-executions1/WholeGenomeGermlineSingleSample/d3b27253-def8-4fcc-8159-f1f8d49265cf/call-UnmappedBamToAlignedBam/UnmappedBamToAlignedBam/3102800d-c908-42dc-bfb2-6f5ddbcd42a0/call-SplitRG/shard-0/SplitLargeReadGroup/6e932b78-6ad9-4161-8d8e-21a830951cd5/call-SamToFastqAndDragmapAndMba/shard-19/inputs/-268692571/shard_0020.bam -r dragen_reference --interleaved=1" \
  PROGRAM_GROUP_NAME="dragen-os" \
  UNMAPPED_READ_STRATEGY=COPY_TO_TAG \
  ALIGNER_PROPER_PAIR_FLAGS=true \
  UNMAP_CONTAMINANT_READS=true \
  ADD_PG_TAG_TO_READS=false[0m
[2026-03-31 05:23:48,67] [info] BackgroundConfigAsyncJobExecutionActor [[38;5;2m6e932b78[0mSplitLargeReadGroup.SamToFastqAndDragmapAndMba:19:1]: executing: # make sure there is no preexisting Docker CID file
rm -f /mnt/nas1/projects/lasr/blendseq/warp-pipelines/warp-gatk-germline-single-sample-pipeline-master/cromwell-executions1/WholeGenomeGermlineSingleSample/d3b27253-def8-4fcc-8159-f1f8d49265cf/call-UnmappedBamToAlignedBam/UnmappedBamToAlignedBam/3102800d-c908-42dc-bfb2-6f5ddbcd42a0/call-SplitRG/shard-0/SplitLargeReadGroup/6e932b78-6ad9-4161-8d8e-21a830951cd5/call-SamToFastqAndDragmapAndMba/shard-19/execution/docker_cid
# run as in the original configuration without --rm flag (will remove later)
docker run \
  --cidfile /mnt/nas1/projects/lasr/blendseq/warp-pipelines/warp-gatk-germline-single-sample-pipeline-master/cromwell-executions1/WholeGenomeGermlineSingleSample/d3b27253-def8-4fcc-8159-f1f8d49265cf/call-UnmappedBamToAlignedBam/UnmappedBamToAlignedBam/3102800d-c908-42dc-bfb2-6f5ddbcd42a0/call-SplitRG/shard-0/SplitLargeReadGroup/6e932b78-6ad9-4161-8d8e-21a830951cd5/call-SamToFastqAndDragmapAndMba/shard-19/execution/docker_cid \
  -i \
  --user 1027:1028 \
  --cpus="64" \
  --memory="409600m" \
  --entrypoint /bin/bash \
  -v /mnt/nas1/projects/lasr/blendseq/warp-pipelines/warp-gatk-germline-single-sample-pipeline-master/cromwell-executions1/WholeGenomeGermlineSingleSample/d3b27253-def8-4fcc-8159-f1f8d49265cf/call-UnmappedBamToAlignedBam/UnmappedBamToAlignedBam/3102800d-c908-42dc-bfb2-6f5ddbcd42a0/call-SplitRG/shard-0/SplitLargeReadGroup/6e932b78-6ad9-4161-8d8e-21a830951cd5/call-SamToFastqAndDragmapAndMba/shard-19:/cromwell-executions1/WholeGenomeGermlineSingleSample/d3b27253-def8-4fcc-8159-f1f8d49265cf/call-UnmappedBamToAlignedBam/UnmappedBamToAlignedBam/3102800d-c908-42dc-bfb2-6f5ddbcd42a0/call-SplitRG/shard-0/SplitLargeReadGroup/6e932b78-6ad9-4161-8d8e-21a830951cd5/call-SamToFastqAndDragmapAndMba/shard-19 \
  -v /mnt/nas1/projects/lasr/blendseq:/mnt/nas1/projects/lasr/blendseq \
  us.gcr.io/broad-gotc-prod/dragmap@sha256:5964afca3e4173c33b11100f68c1a44642e0ff2ee4de5a49d8cd446fef308b23 /cromwell-executions1/WholeGenomeGermlineSingleSample/d3b27253-def8-4fcc-8159-f1f8d49265cf/call-UnmappedBamToAlignedBam/UnmappedBamToAlignedBam/3102800d-c908-42dc-bfb2-6f5ddbcd42a0/call-SplitRG/shard-0/SplitLargeReadGroup/6e932b78-6ad9-4161-8d8e-21a830951cd5/call-SamToFastqAndDragmapAndMba/shard-19/execution/script

# get the return code (working even if the container was detached)
rc=$(docker wait [38;5;5mcat /mnt/nas1/projects/lasr/blendseq/warp-pipelines/warp-gatk-germline-single-sample-pipeline-master/cromwell-executions1/WholeGenomeGermlineSingleSample/d3b27253-def8-4fcc-8159-f1f8d49265cf/call-UnmappedBamToAlignedBam/UnmappedBamToAlignedBam/3102800d-c908-42dc-bfb2-6f5ddbcd42a0/call-SplitRG/shard-0/SplitLargeReadGroup/6e932b78-6ad9-4161-8d8e-21a830951cd5/call-SamToFastqAndDragmapAndMba/shard-19/execution/docker_cid[0m)

# remove the container after waiting
docker rm [38;5;5mcat /mnt/nas1/projects/lasr/blendseq/warp-pipelines/warp-gatk-germline-single-sample-pipeline-master/cromwell-executions1/WholeGenomeGermlineSingleSample/d3b27253-def8-4fcc-8159-f1f8d49265cf/call-UnmappedBamToAlignedBam/UnmappedBamToAlignedBam/3102800d-c908-42dc-bfb2-6f5ddbcd42a0/call-SplitRG/shard-0/SplitLargeReadGroup/6e932b78-6ad9-4161-8d8e-21a830951cd5/call-SamToFastqAndDragmapAndMba/shard-19/execution/docker_cid[0m

# return exit code
exit $rc
[2026-03-31 05:23:51,07] [info] BackgroundConfigAsyncJobExecutionActor [[38;5;2m6e932b78[0mSplitLargeReadGroup.SamToFastqAndDragmapAndMba:19:1]: job id: 577096
[2026-03-31 05:23:51,07] [info] BackgroundConfigAsyncJobExecutionActor [[38;5;2m6e932b78[0mSplitLargeReadGroup.SamToFastqAndDragmapAndMba:19:1]: Status change from - to WaitingForReturnCode
[2026-03-31 05:58:11,88] [info] BackgroundConfigAsyncJobExecutionActor [[38;5;2m6e932b78[0mSplitLargeReadGroup.SamToFastqAndDragmapAndMba:19:1]: Status change from WaitingForReturnCode to Done
[2026-03-31 05:58:16,18] [info] Assigned new job execution tokens to the following groups: d3b27253: 1
[2026-03-31 05:58:16,22] [[38;5;220mwarn[0m] BackgroundConfigAsyncJobExecutionActor [[38;5;2m6e932b78[0mSplitLargeReadGroup.SamToFastqAndDragmapAndMba:27:1]: Unrecognized runtime attribute keys: preemptible, disks, cpu, memory
[2026-03-31 05:58:36,40] [info] BackgroundConfigAsyncJobExecutionActor [[38;5;2m6e932b78[0mSplitLargeReadGroup.SamToFastqAndDragmapAndMba:27:1]: [38;5;5mset -euxo pipefail

DRAGMAP_VERSION=$(dragen-os --version)

if [ -z ${DRAGMAP_VERSION} ]; then
    exit 1;
fi

mkdir dragen_reference
mv /cromwell-executions1/WholeGenomeGermlineSingleSample/d3b27253-def8-4fcc-8159-f1f8d49265cf/call-UnmappedBamToAlignedBam/UnmappedBamToAlignedBam/3102800d-c908-42dc-bfb2-6f5ddbcd42a0/call-SplitRG/shard-0/SplitLargeReadGroup/6e932b78-6ad9-4161-8d8e-21a830951cd5/call-SamToFastqAndDragmapAndMba/shard-27/inputs/-1290198700/reference.bin /cromwell-executions1/WholeGenomeGermlineSingleSample/d3b27253-def8-4fcc-8159-f1f8d49265cf/call-UnmappedBamToAlignedBam/UnmappedBamToAlignedBam/3102800d-c908-42dc-bfb2-6f5ddbcd42a0/call-SplitRG/shard-0/SplitLargeReadGroup/6e932b78-6ad9-4161-8d8e-21a830951cd5/call-SamToFastqAndDragmapAndMba/shard-27/inputs/-1290198700/hash_table.cfg.bin /cromwell-executions1/WholeGenomeGermlineSingleSample/d3b27253-def8-4fcc-8159-f1f8d49265cf/call-UnmappedBamToAlignedBam/UnmappedBamToAlignedBam/3102800d-c908-42dc-bfb2-6f5ddbcd42a0/call-SplitRG/shard-0/SplitLargeReadGroup/6e932b78-6ad9-4161-8d8e-21a830951cd5/call-SamToFastqAndDragmapAndMba/shard-27/inputs/-1290198700/hash_table.cmp dragen_reference

dragen-os -b /cromwell-executions1/WholeGenomeGermlineSingleSample/d3b27253-def8-4fcc-8159-f1f8d49265cf/call-UnmappedBamToAlignedBam/UnmappedBamToAlignedBam/3102800d-c908-42dc-bfb2-6f5ddbcd42a0/call-SplitRG/shard-0/SplitLargeReadGroup/6e932b78-6ad9-4161-8d8e-21a830951cd5/call-SamToFastqAndDragmapAndMba/shard-27/inputs/-268692571/shard_0028.bam -r dragen_reference --interleaved=1 --preserve-map-align-order true 2> >(tee shard_0028.dragmap.stderr.log >&2) | samtools view -h -O BAM - > aligned.bam
java -Dsamjdk.compression_level=2 -Xms300g -Xmx300g -jar /picard/picard.jar \
  MergeBamAlignment \
  VALIDATION_STRINGENCY=SILENT \
  EXPECTED_ORIENTATIONS=FR \
  ATTRIBUTES_TO_RETAIN=X0 \
  ATTRIBUTES_TO_REMOVE=RG \
  ATTRIBUTES_TO_REMOVE=NM \
  ATTRIBUTES_TO_REMOVE=MD \
  ALIGNED_BAM=aligned.bam \
  UNMAPPED_BAM=/cromwell-executions1/WholeGenomeGermlineSingleSample/d3b27253-def8-4fcc-8159-f1f8d49265cf/call-UnmappedBamToAlignedBam/UnmappedBamToAlignedBam/3102800d-c908-42dc-bfb2-6f5ddbcd42a0/call-SplitRG/shard-0/SplitLargeReadGroup/6e932b78-6ad9-4161-8d8e-21a830951cd5/call-SamToFastqAndDragmapAndMba/shard-27/inputs/-268692571/shard_0028.bam \
  OUTPUT=shard_0028.bam \
  REFERENCE_SEQUENCE=/cromwell-executions1/WholeGenomeGermlineSingleSample/d3b27253-def8-4fcc-8159-f1f8d49265cf/call-UnmappedBamToAlignedBam/UnmappedBamToAlignedBam/3102800d-c908-42dc-bfb2-6f5ddbcd42a0/call-SplitRG/shard-0/SplitLargeReadGroup/6e932b78-6ad9-4161-8d8e-21a830951cd5/call-SamToFastqAndDragmapAndMba/shard-27/inputs/-1569105944/Homo_sapiens_assembly38_masked.fasta \
  PAIRED_RUN=true \
  SORT_ORDER="unsorted" \
  IS_BISULFITE_SEQUENCE=false \
  ALIGNED_READS_ONLY=false \
  CLIP_ADAPTERS=false \
   \
   \
  MAX_RECORDS_IN_RAM=2000000 \
  ADD_MATE_CIGAR=true \
  MAX_INSERTIONS_OR_DELETIONS=-1 \
  PRIMARY_ALIGNMENT_STRATEGY=MostDistant \
  PROGRAM_RECORD_ID="dragen-os" \
  PROGRAM_GROUP_VERSION="${DRAGMAP_VERSION}" \
  PROGRAM_GROUP_COMMAND_LINE="dragen-os -b /cromwell-executions1/WholeGenomeGermlineSingleSample/d3b27253-def8-4fcc-8159-f1f8d49265cf/call-UnmappedBamToAlignedBam/UnmappedBamToAlignedBam/3102800d-c908-42dc-bfb2-6f5ddbcd42a0/call-SplitRG/shard-0/SplitLargeReadGroup/6e932b78-6ad9-4161-8d8e-21a830951cd5/call-SamToFastqAndDragmapAndMba/shard-27/inputs/-268692571/shard_0028.bam -r dragen_reference --interleaved=1" \
  PROGRAM_GROUP_NAME="dragen-os" \
  UNMAPPED_READ_STRATEGY=COPY_TO_TAG \
  ALIGNER_PROPER_PAIR_FLAGS=true \
  UNMAP_CONTAMINANT_READS=true \
  ADD_PG_TAG_TO_READS=false[0m
[2026-03-31 05:58:36,48] [info] BackgroundConfigAsyncJobExecutionActor [[38;5;2m6e932b78[0mSplitLargeReadGroup.SamToFastqAndDragmapAndMba:27:1]: executing: # make sure there is no preexisting Docker CID file
rm -f /mnt/nas1/projects/lasr/blendseq/warp-pipelines/warp-gatk-germline-single-sample-pipeline-master/cromwell-executions1/WholeGenomeGermlineSingleSample/d3b27253-def8-4fcc-8159-f1f8d49265cf/call-UnmappedBamToAlignedBam/UnmappedBamToAlignedBam/3102800d-c908-42dc-bfb2-6f5ddbcd42a0/call-SplitRG/shard-0/SplitLargeReadGroup/6e932b78-6ad9-4161-8d8e-21a830951cd5/call-SamToFastqAndDragmapAndMba/shard-27/execution/docker_cid
# run as in the original configuration without --rm flag (will remove later)
docker run \
  --cidfile /mnt/nas1/projects/lasr/blendseq/warp-pipelines/warp-gatk-germline-single-sample-pipeline-master/cromwell-executions1/WholeGenomeGermlineSingleSample/d3b27253-def8-4fcc-8159-f1f8d49265cf/call-UnmappedBamToAlignedBam/UnmappedBamToAlignedBam/3102800d-c908-42dc-bfb2-6f5ddbcd42a0/call-SplitRG/shard-0/SplitLargeReadGroup/6e932b78-6ad9-4161-8d8e-21a830951cd5/call-SamToFastqAndDragmapAndMba/shard-27/execution/docker_cid \
  -i \
  --user 1027:1028 \
  --cpus="64" \
  --memory="409600m" \
  --entrypoint /bin/bash \
  -v /mnt/nas1/projects/lasr/blendseq/warp-pipelines/warp-gatk-germline-single-sample-pipeline-master/cromwell-executions1/WholeGenomeGermlineSingleSample/d3b27253-def8-4fcc-8159-f1f8d49265cf/call-UnmappedBamToAlignedBam/UnmappedBamToAlignedBam/3102800d-c908-42dc-bfb2-6f5ddbcd42a0/call-SplitRG/shard-0/SplitLargeReadGroup/6e932b78-6ad9-4161-8d8e-21a830951cd5/call-SamToFastqAndDragmapAndMba/shard-27:/cromwell-executions1/WholeGenomeGermlineSingleSample/d3b27253-def8-4fcc-8159-f1f8d49265cf/call-UnmappedBamToAlignedBam/UnmappedBamToAlignedBam/3102800d-c908-42dc-bfb2-6f5ddbcd42a0/call-SplitRG/shard-0/SplitLargeReadGroup/6e932b78-6ad9-4161-8d8e-21a830951cd5/call-SamToFastqAndDragmapAndMba/shard-27 \
  -v /mnt/nas1/projects/lasr/blendseq:/mnt/nas1/projects/lasr/blendseq \
  us.gcr.io/broad-gotc-prod/dragmap@sha256:5964afca3e4173c33b11100f68c1a44642e0ff2ee4de5a49d8cd446fef308b23 /cromwell-executions1/WholeGenomeGermlineSingleSample/d3b27253-def8-4fcc-8159-f1f8d49265cf/call-UnmappedBamToAlignedBam/UnmappedBamToAlignedBam/3102800d-c908-42dc-bfb2-6f5ddbcd42a0/call-SplitRG/shard-0/SplitLargeReadGroup/6e932b78-6ad9-4161-8d8e-21a830951cd5/call-SamToFastqAndDragmapAndMba/shard-27/execution/script

# get the return code (working even if the container was detached)
rc=$(docker wait [38;5;5mcat /mnt/nas1/projects/lasr/blendseq/warp-pipelines/warp-gatk-germline-single-sample-pipeline-master/cromwell-executions1/WholeGenomeGermlineSingleSample/d3b27253-def8-4fcc-8159-f1f8d49265cf/call-UnmappedBamToAlignedBam/UnmappedBamToAlignedBam/3102800d-c908-42dc-bfb2-6f5ddbcd42a0/call-SplitRG/shard-0/SplitLargeReadGroup/6e932b78-6ad9-4161-8d8e-21a830951cd5/call-SamToFastqAndDragmapAndMba/shard-27/execution/docker_cid[0m)

# remove the container after waiting
docker rm [38;5;5mcat /mnt/nas1/projects/lasr/blendseq/warp-pipelines/warp-gatk-germline-single-sample-pipeline-master/cromwell-executions1/WholeGenomeGermlineSingleSample/d3b27253-def8-4fcc-8159-f1f8d49265cf/call-UnmappedBamToAlignedBam/UnmappedBamToAlignedBam/3102800d-c908-42dc-bfb2-6f5ddbcd42a0/call-SplitRG/shard-0/SplitLargeReadGroup/6e932b78-6ad9-4161-8d8e-21a830951cd5/call-SamToFastqAndDragmapAndMba/shard-27/execution/docker_cid[0m

# return exit code
exit $rc
[2026-03-31 05:58:41,06] [info] BackgroundConfigAsyncJobExecutionActor [[38;5;2m6e932b78[0mSplitLargeReadGroup.SamToFastqAndDragmapAndMba:27:1]: job id: 578114
[2026-03-31 05:58:41,07] [info] BackgroundConfigAsyncJobExecutionActor [[38;5;2m6e932b78[0mSplitLargeReadGroup.SamToFastqAndDragmapAndMba:27:1]: Status change from - to WaitingForReturnCode
[2026-03-31 06:33:18,61] [info] BackgroundConfigAsyncJobExecutionActor [[38;5;2m6e932b78[0mSplitLargeReadGroup.SamToFastqAndDragmapAndMba:27:1]: Status change from WaitingForReturnCode to Done
[2026-03-31 06:33:26,18] [info] Assigned new job execution tokens to the following groups: d3b27253: 1
[2026-03-31 06:33:26,22] [[38;5;220mwarn[0m] BackgroundConfigAsyncJobExecutionActor [[38;5;2m6e932b78[0mSplitLargeReadGroup.SamToFastqAndDragmapAndMba:15:1]: Unrecognized runtime attribute keys: preemptible, disks, cpu, memory
[2026-03-31 06:33:48,13] [info] BackgroundConfigAsyncJobExecutionActor [[38;5;2m6e932b78[0mSplitLargeReadGroup.SamToFastqAndDragmapAndMba:15:1]: [38;5;5mset -euxo pipefail

DRAGMAP_VERSION=$(dragen-os --version)

if [ -z ${DRAGMAP_VERSION} ]; then
    exit 1;
fi

mkdir dragen_reference
mv /cromwell-executions1/WholeGenomeGermlineSingleSample/d3b27253-def8-4fcc-8159-f1f8d49265cf/call-UnmappedBamToAlignedBam/UnmappedBamToAlignedBam/3102800d-c908-42dc-bfb2-6f5ddbcd42a0/call-SplitRG/shard-0/SplitLargeReadGroup/6e932b78-6ad9-4161-8d8e-21a830951cd5/call-SamToFastqAndDragmapAndMba/shard-15/inputs/-1290198700/reference.bin /cromwell-executions1/WholeGenomeGermlineSingleSample/d3b27253-def8-4fcc-8159-f1f8d49265cf/call-UnmappedBamToAlignedBam/UnmappedBamToAlignedBam/3102800d-c908-42dc-bfb2-6f5ddbcd42a0/call-SplitRG/shard-0/SplitLargeReadGroup/6e932b78-6ad9-4161-8d8e-21a830951cd5/call-SamToFastqAndDragmapAndMba/shard-15/inputs/-1290198700/hash_table.cfg.bin /cromwell-executions1/WholeGenomeGermlineSingleSample/d3b27253-def8-4fcc-8159-f1f8d49265cf/call-UnmappedBamToAlignedBam/UnmappedBamToAlignedBam/3102800d-c908-42dc-bfb2-6f5ddbcd42a0/call-SplitRG/shard-0/SplitLargeReadGroup/6e932b78-6ad9-4161-8d8e-21a830951cd5/call-SamToFastqAndDragmapAndMba/shard-15/inputs/-1290198700/hash_table.cmp dragen_reference

dragen-os -b /cromwell-executions1/WholeGenomeGermlineSingleSample/d3b27253-def8-4fcc-8159-f1f8d49265cf/call-UnmappedBamToAlignedBam/UnmappedBamToAlignedBam/3102800d-c908-42dc-bfb2-6f5ddbcd42a0/call-SplitRG/shard-0/SplitLargeReadGroup/6e932b78-6ad9-4161-8d8e-21a830951cd5/call-SamToFastqAndDragmapAndMba/shard-15/inputs/-268692571/shard_0016.bam -r dragen_reference --interleaved=1 --preserve-map-align-order true 2> >(tee shard_0016.dragmap.stderr.log >&2) | samtools view -h -O BAM - > aligned.bam
java -Dsamjdk.compression_level=2 -Xms300g -Xmx300g -jar /picard/picard.jar \
  MergeBamAlignment \
  VALIDATION_STRINGENCY=SILENT \
  EXPECTED_ORIENTATIONS=FR \
  ATTRIBUTES_TO_RETAIN=X0 \
  ATTRIBUTES_TO_REMOVE=RG \
  ATTRIBUTES_TO_REMOVE=NM \
  ATTRIBUTES_TO_REMOVE=MD \
  ALIGNED_BAM=aligned.bam \
  UNMAPPED_BAM=/cromwell-executions1/WholeGenomeGermlineSingleSample/d3b27253-def8-4fcc-8159-f1f8d49265cf/call-UnmappedBamToAlignedBam/UnmappedBamToAlignedBam/3102800d-c908-42dc-bfb2-6f5ddbcd42a0/call-SplitRG/shard-0/SplitLargeReadGroup/6e932b78-6ad9-4161-8d8e-21a830951cd5/call-SamToFastqAndDragmapAndMba/shard-15/inputs/-268692571/shard_0016.bam \
  OUTPUT=shard_0016.bam \
  REFERENCE_SEQUENCE=/cromwell-executions1/WholeGenomeGermlineSingleSample/d3b27253-def8-4fcc-8159-f1f8d49265cf/call-UnmappedBamToAlignedBam/UnmappedBamToAlignedBam/3102800d-c908-42dc-bfb2-6f5ddbcd42a0/call-SplitRG/shard-0/SplitLargeReadGroup/6e932b78-6ad9-4161-8d8e-21a830951cd5/call-SamToFastqAndDragmapAndMba/shard-15/inputs/-1569105944/Homo_sapiens_assembly38_masked.fasta \
  PAIRED_RUN=true \
  SORT_ORDER="unsorted" \
  IS_BISULFITE_SEQUENCE=false \
  ALIGNED_READS_ONLY=false \
  CLIP_ADAPTERS=false \
   \
   \
  MAX_RECORDS_IN_RAM=2000000 \
  ADD_MATE_CIGAR=true \
  MAX_INSERTIONS_OR_DELETIONS=-1 \
  PRIMARY_ALIGNMENT_STRATEGY=MostDistant \
  PROGRAM_RECORD_ID="dragen-os" \
  PROGRAM_GROUP_VERSION="${DRAGMAP_VERSION}" \
  PROGRAM_GROUP_COMMAND_LINE="dragen-os -b /cromwell-executions1/WholeGenomeGermlineSingleSample/d3b27253-def8-4fcc-8159-f1f8d49265cf/call-UnmappedBamToAlignedBam/UnmappedBamToAlignedBam/3102800d-c908-42dc-bfb2-6f5ddbcd42a0/call-SplitRG/shard-0/SplitLargeReadGroup/6e932b78-6ad9-4161-8d8e-21a830951cd5/call-SamToFastqAndDragmapAndMba/shard-15/inputs/-268692571/shard_0016.bam -r dragen_reference --interleaved=1" \
  PROGRAM_GROUP_NAME="dragen-os" \
  UNMAPPED_READ_STRATEGY=COPY_TO_TAG \
  ALIGNER_PROPER_PAIR_FLAGS=true \
  UNMAP_CONTAMINANT_READS=true \
  ADD_PG_TAG_TO_READS=false[0m
[2026-03-31 06:33:48,17] [info] BackgroundConfigAsyncJobExecutionActor [[38;5;2m6e932b78[0mSplitLargeReadGroup.SamToFastqAndDragmapAndMba:15:1]: executing: # make sure there is no preexisting Docker CID file
rm -f /mnt/nas1/projects/lasr/blendseq/warp-pipelines/warp-gatk-germline-single-sample-pipeline-master/cromwell-executions1/WholeGenomeGermlineSingleSample/d3b27253-def8-4fcc-8159-f1f8d49265cf/call-UnmappedBamToAlignedBam/UnmappedBamToAlignedBam/3102800d-c908-42dc-bfb2-6f5ddbcd42a0/call-SplitRG/shard-0/SplitLargeReadGroup/6e932b78-6ad9-4161-8d8e-21a830951cd5/call-SamToFastqAndDragmapAndMba/shard-15/execution/docker_cid
# run as in the original configuration without --rm flag (will remove later)
docker run \
  --cidfile /mnt/nas1/projects/lasr/blendseq/warp-pipelines/warp-gatk-germline-single-sample-pipeline-master/cromwell-executions1/WholeGenomeGermlineSingleSample/d3b27253-def8-4fcc-8159-f1f8d49265cf/call-UnmappedBamToAlignedBam/UnmappedBamToAlignedBam/3102800d-c908-42dc-bfb2-6f5ddbcd42a0/call-SplitRG/shard-0/SplitLargeReadGroup/6e932b78-6ad9-4161-8d8e-21a830951cd5/call-SamToFastqAndDragmapAndMba/shard-15/execution/docker_cid \
  -i \
  --user 1027:1028 \
  --cpus="64" \
  --memory="409600m" \
  --entrypoint /bin/bash \
  -v /mnt/nas1/projects/lasr/blendseq/warp-pipelines/warp-gatk-germline-single-sample-pipeline-master/cromwell-executions1/WholeGenomeGermlineSingleSample/d3b27253-def8-4fcc-8159-f1f8d49265cf/call-UnmappedBamToAlignedBam/UnmappedBamToAlignedBam/3102800d-c908-42dc-bfb2-6f5ddbcd42a0/call-SplitRG/shard-0/SplitLargeReadGroup/6e932b78-6ad9-4161-8d8e-21a830951cd5/call-SamToFastqAndDragmapAndMba/shard-15:/cromwell-executions1/WholeGenomeGermlineSingleSample/d3b27253-def8-4fcc-8159-f1f8d49265cf/call-UnmappedBamToAlignedBam/UnmappedBamToAlignedBam/3102800d-c908-42dc-bfb2-6f5ddbcd42a0/call-SplitRG/shard-0/SplitLargeReadGroup/6e932b78-6ad9-4161-8d8e-21a830951cd5/call-SamToFastqAndDragmapAndMba/shard-15 \
  -v /mnt/nas1/projects/lasr/blendseq:/mnt/nas1/projects/lasr/blendseq \
  us.gcr.io/broad-gotc-prod/dragmap@sha256:5964afca3e4173c33b11100f68c1a44642e0ff2ee4de5a49d8cd446fef308b23 /cromwell-executions1/WholeGenomeGermlineSingleSample/d3b27253-def8-4fcc-8159-f1f8d49265cf/call-UnmappedBamToAlignedBam/UnmappedBamToAlignedBam/3102800d-c908-42dc-bfb2-6f5ddbcd42a0/call-SplitRG/shard-0/SplitLargeReadGroup/6e932b78-6ad9-4161-8d8e-21a830951cd5/call-SamToFastqAndDragmapAndMba/shard-15/execution/script

# get the return code (working even if the container was detached)
rc=$(docker wait [38;5;5mcat /mnt/nas1/projects/lasr/blendseq/warp-pipelines/warp-gatk-germline-single-sample-pipeline-master/cromwell-executions1/WholeGenomeGermlineSingleSample/d3b27253-def8-4fcc-8159-f1f8d49265cf/call-UnmappedBamToAlignedBam/UnmappedBamToAlignedBam/3102800d-c908-42dc-bfb2-6f5ddbcd42a0/call-SplitRG/shard-0/SplitLargeReadGroup/6e932b78-6ad9-4161-8d8e-21a830951cd5/call-SamToFastqAndDragmapAndMba/shard-15/execution/docker_cid[0m)

# remove the container after waiting
docker rm [38;5;5mcat /mnt/nas1/projects/lasr/blendseq/warp-pipelines/warp-gatk-germline-single-sample-pipeline-master/cromwell-executions1/WholeGenomeGermlineSingleSample/d3b27253-def8-4fcc-8159-f1f8d49265cf/call-UnmappedBamToAlignedBam/UnmappedBamToAlignedBam/3102800d-c908-42dc-bfb2-6f5ddbcd42a0/call-SplitRG/shard-0/SplitLargeReadGroup/6e932b78-6ad9-4161-8d8e-21a830951cd5/call-SamToFastqAndDragmapAndMba/shard-15/execution/docker_cid[0m

# return exit code
exit $rc
[2026-03-31 06:33:51,06] [info] BackgroundConfigAsyncJobExecutionActor [[38;5;2m6e932b78[0mSplitLargeReadGroup.SamToFastqAndDragmapAndMba:15:1]: job id: 579415
[2026-03-31 06:33:51,07] [info] BackgroundConfigAsyncJobExecutionActor [[38;5;2m6e932b78[0mSplitLargeReadGroup.SamToFastqAndDragmapAndMba:15:1]: Status change from - to WaitingForReturnCode
[2026-03-31 07:07:10,38] [info] BackgroundConfigAsyncJobExecutionActor [[38;5;2m6e932b78[0mSplitLargeReadGroup.SamToFastqAndDragmapAndMba:15:1]: Status change from WaitingForReturnCode to Done
[2026-03-31 07:07:16,18] [info] Assigned new job execution tokens to the following groups: d3b27253: 1
[2026-03-31 07:07:16,22] [[38;5;220mwarn[0m] BackgroundConfigAsyncJobExecutionActor [[38;5;2m6e932b78[0mSplitLargeReadGroup.SamToFastqAndDragmapAndMba:16:1]: Unrecognized runtime attribute keys: preemptible, disks, cpu, memory
[2026-03-31 07:07:36,47] [info] BackgroundConfigAsyncJobExecutionActor [[38;5;2m6e932b78[0mSplitLargeReadGroup.SamToFastqAndDragmapAndMba:16:1]: [38;5;5mset -euxo pipefail

DRAGMAP_VERSION=$(dragen-os --version)

if [ -z ${DRAGMAP_VERSION} ]; then
    exit 1;
fi

mkdir dragen_reference
mv /cromwell-executions1/WholeGenomeGermlineSingleSample/d3b27253-def8-4fcc-8159-f1f8d49265cf/call-UnmappedBamToAlignedBam/UnmappedBamToAlignedBam/3102800d-c908-42dc-bfb2-6f5ddbcd42a0/call-SplitRG/shard-0/SplitLargeReadGroup/6e932b78-6ad9-4161-8d8e-21a830951cd5/call-SamToFastqAndDragmapAndMba/shard-16/inputs/-1290198700/reference.bin /cromwell-executions1/WholeGenomeGermlineSingleSample/d3b27253-def8-4fcc-8159-f1f8d49265cf/call-UnmappedBamToAlignedBam/UnmappedBamToAlignedBam/3102800d-c908-42dc-bfb2-6f5ddbcd42a0/call-SplitRG/shard-0/SplitLargeReadGroup/6e932b78-6ad9-4161-8d8e-21a830951cd5/call-SamToFastqAndDragmapAndMba/shard-16/inputs/-1290198700/hash_table.cfg.bin /cromwell-executions1/WholeGenomeGermlineSingleSample/d3b27253-def8-4fcc-8159-f1f8d49265cf/call-UnmappedBamToAlignedBam/UnmappedBamToAlignedBam/3102800d-c908-42dc-bfb2-6f5ddbcd42a0/call-SplitRG/shard-0/SplitLargeReadGroup/6e932b78-6ad9-4161-8d8e-21a830951cd5/call-SamToFastqAndDragmapAndMba/shard-16/inputs/-1290198700/hash_table.cmp dragen_reference

dragen-os -b /cromwell-executions1/WholeGenomeGermlineSingleSample/d3b27253-def8-4fcc-8159-f1f8d49265cf/call-UnmappedBamToAlignedBam/UnmappedBamToAlignedBam/3102800d-c908-42dc-bfb2-6f5ddbcd42a0/call-SplitRG/shard-0/SplitLargeReadGroup/6e932b78-6ad9-4161-8d8e-21a830951cd5/call-SamToFastqAndDragmapAndMba/shard-16/inputs/-268692571/shard_0017.bam -r dragen_reference --interleaved=1 --preserve-map-align-order true 2> >(tee shard_0017.dragmap.stderr.log >&2) | samtools view -h -O BAM - > aligned.bam
java -Dsamjdk.compression_level=2 -Xms300g -Xmx300g -jar /picard/picard.jar \
  MergeBamAlignment \
  VALIDATION_STRINGENCY=SILENT \
  EXPECTED_ORIENTATIONS=FR \
  ATTRIBUTES_TO_RETAIN=X0 \
  ATTRIBUTES_TO_REMOVE=RG \
  ATTRIBUTES_TO_REMOVE=NM \
  ATTRIBUTES_TO_REMOVE=MD \
  ALIGNED_BAM=aligned.bam \
  UNMAPPED_BAM=/cromwell-executions1/WholeGenomeGermlineSingleSample/d3b27253-def8-4fcc-8159-f1f8d49265cf/call-UnmappedBamToAlignedBam/UnmappedBamToAlignedBam/3102800d-c908-42dc-bfb2-6f5ddbcd42a0/call-SplitRG/shard-0/SplitLargeReadGroup/6e932b78-6ad9-4161-8d8e-21a830951cd5/call-SamToFastqAndDragmapAndMba/shard-16/inputs/-268692571/shard_0017.bam \
  OUTPUT=shard_0017.bam \
  REFERENCE_SEQUENCE=/cromwell-executions1/WholeGenomeGermlineSingleSample/d3b27253-def8-4fcc-8159-f1f8d49265cf/call-UnmappedBamToAlignedBam/UnmappedBamToAlignedBam/3102800d-c908-42dc-bfb2-6f5ddbcd42a0/call-SplitRG/shard-0/SplitLargeReadGroup/6e932b78-6ad9-4161-8d8e-21a830951cd5/call-SamToFastqAndDragmapAndMba/shard-16/inputs/-1569105944/Homo_sapiens_assembly38_masked.fasta \
  PAIRED_RUN=true \
  SORT_ORDER="unsorted" \
  IS_BISULFITE_SEQUENCE=false \
  ALIGNED_READS_ONLY=false \
  CLIP_ADAPTERS=false \
   \
   \
  MAX_RECORDS_IN_RAM=2000000 \
  ADD_MATE_CIGAR=true \
  MAX_INSERTIONS_OR_DELETIONS=-1 \
  PRIMARY_ALIGNMENT_STRATEGY=MostDistant \
  PROGRAM_RECORD_ID="dragen-os" \
  PROGRAM_GROUP_VERSION="${DRAGMAP_VERSION}" \
  PROGRAM_GROUP_COMMAND_LINE="dragen-os -b /cromwell-executions1/WholeGenomeGermlineSingleSample/d3b27253-def8-4fcc-8159-f1f8d49265cf/call-UnmappedBamToAlignedBam/UnmappedBamToAlignedBam/3102800d-c908-42dc-bfb2-6f5ddbcd42a0/call-SplitRG/shard-0/SplitLargeReadGroup/6e932b78-6ad9-4161-8d8e-21a830951cd5/call-SamToFastqAndDragmapAndMba/shard-16/inputs/-268692571/shard_0017.bam -r dragen_reference --interleaved=1" \
  PROGRAM_GROUP_NAME="dragen-os" \
  UNMAPPED_READ_STRATEGY=COPY_TO_TAG \
  ALIGNER_PROPER_PAIR_FLAGS=true \
  UNMAP_CONTAMINANT_READS=true \
  ADD_PG_TAG_TO_READS=false[0m
[2026-03-31 07:07:36,54] [info] BackgroundConfigAsyncJobExecutionActor [[38;5;2m6e932b78[0mSplitLargeReadGroup.SamToFastqAndDragmapAndMba:16:1]: executing: # make sure there is no preexisting Docker CID file
rm -f /mnt/nas1/projects/lasr/blendseq/warp-pipelines/warp-gatk-germline-single-sample-pipeline-master/cromwell-executions1/WholeGenomeGermlineSingleSample/d3b27253-def8-4fcc-8159-f1f8d49265cf/call-UnmappedBamToAlignedBam/UnmappedBamToAlignedBam/3102800d-c908-42dc-bfb2-6f5ddbcd42a0/call-SplitRG/shard-0/SplitLargeReadGroup/6e932b78-6ad9-4161-8d8e-21a830951cd5/call-SamToFastqAndDragmapAndMba/shard-16/execution/docker_cid
# run as in the original configuration without --rm flag (will remove later)
docker run \
  --cidfile /mnt/nas1/projects/lasr/blendseq/warp-pipelines/warp-gatk-germline-single-sample-pipeline-master/cromwell-executions1/WholeGenomeGermlineSingleSample/d3b27253-def8-4fcc-8159-f1f8d49265cf/call-UnmappedBamToAlignedBam/UnmappedBamToAlignedBam/3102800d-c908-42dc-bfb2-6f5ddbcd42a0/call-SplitRG/shard-0/SplitLargeReadGroup/6e932b78-6ad9-4161-8d8e-21a830951cd5/call-SamToFastqAndDragmapAndMba/shard-16/execution/docker_cid \
  -i \
  --user 1027:1028 \
  --cpus="64" \
  --memory="409600m" \
  --entrypoint /bin/bash \
  -v /mnt/nas1/projects/lasr/blendseq/warp-pipelines/warp-gatk-germline-single-sample-pipeline-master/cromwell-executions1/WholeGenomeGermlineSingleSample/d3b27253-def8-4fcc-8159-f1f8d49265cf/call-UnmappedBamToAlignedBam/UnmappedBamToAlignedBam/3102800d-c908-42dc-bfb2-6f5ddbcd42a0/call-SplitRG/shard-0/SplitLargeReadGroup/6e932b78-6ad9-4161-8d8e-21a830951cd5/call-SamToFastqAndDragmapAndMba/shard-16:/cromwell-executions1/WholeGenomeGermlineSingleSample/d3b27253-def8-4fcc-8159-f1f8d49265cf/call-UnmappedBamToAlignedBam/UnmappedBamToAlignedBam/3102800d-c908-42dc-bfb2-6f5ddbcd42a0/call-SplitRG/shard-0/SplitLargeReadGroup/6e932b78-6ad9-4161-8d8e-21a830951cd5/call-SamToFastqAndDragmapAndMba/shard-16 \
  -v /mnt/nas1/projects/lasr/blendseq:/mnt/nas1/projects/lasr/blendseq \
  us.gcr.io/broad-gotc-prod/dragmap@sha256:5964afca3e4173c33b11100f68c1a44642e0ff2ee4de5a49d8cd446fef308b23 /cromwell-executions1/WholeGenomeGermlineSingleSample/d3b27253-def8-4fcc-8159-f1f8d49265cf/call-UnmappedBamToAlignedBam/UnmappedBamToAlignedBam/3102800d-c908-42dc-bfb2-6f5ddbcd42a0/call-SplitRG/shard-0/SplitLargeReadGroup/6e932b78-6ad9-4161-8d8e-21a830951cd5/call-SamToFastqAndDragmapAndMba/shard-16/execution/script

# get the return code (working even if the container was detached)
rc=$(docker wait [38;5;5mcat /mnt/nas1/projects/lasr/blendseq/warp-pipelines/warp-gatk-germline-single-sample-pipeline-master/cromwell-executions1/WholeGenomeGermlineSingleSample/d3b27253-def8-4fcc-8159-f1f8d49265cf/call-UnmappedBamToAlignedBam/UnmappedBamToAlignedBam/3102800d-c908-42dc-bfb2-6f5ddbcd42a0/call-SplitRG/shard-0/SplitLargeReadGroup/6e932b78-6ad9-4161-8d8e-21a830951cd5/call-SamToFastqAndDragmapAndMba/shard-16/execution/docker_cid[0m)

# remove the container after waiting
docker rm [38;5;5mcat /mnt/nas1/projects/lasr/blendseq/warp-pipelines/warp-gatk-germline-single-sample-pipeline-master/cromwell-executions1/WholeGenomeGermlineSingleSample/d3b27253-def8-4fcc-8159-f1f8d49265cf/call-UnmappedBamToAlignedBam/UnmappedBamToAlignedBam/3102800d-c908-42dc-bfb2-6f5ddbcd42a0/call-SplitRG/shard-0/SplitLargeReadGroup/6e932b78-6ad9-4161-8d8e-21a830951cd5/call-SamToFastqAndDragmapAndMba/shard-16/execution/docker_cid[0m

# return exit code
exit $rc
[2026-03-31 07:07:41,07] [info] BackgroundConfigAsyncJobExecutionActor [[38;5;2m6e932b78[0mSplitLargeReadGroup.SamToFastqAndDragmapAndMba:16:1]: job id: 580457
[2026-03-31 07:07:41,07] [info] BackgroundConfigAsyncJobExecutionActor [[38;5;2m6e932b78[0mSplitLargeReadGroup.SamToFastqAndDragmapAndMba:16:1]: Status change from - to WaitingForReturnCode
[2026-03-31 07:38:06,45] [info] BackgroundConfigAsyncJobExecutionActor [[38;5;2m6e932b78[0mSplitLargeReadGroup.SamToFastqAndDragmapAndMba:16:1]: Status change from WaitingForReturnCode to Done
[2026-03-31 07:38:16,18] [info] Assigned new job execution tokens to the following groups: d3b27253: 1
[2026-03-31 07:38:16,22] [[38;5;220mwarn[0m] BackgroundConfigAsyncJobExecutionActor [[38;5;2m6e932b78[0mSplitLargeReadGroup.SamToFastqAndDragmapAndMba:26:1]: Unrecognized runtime attribute keys: preemptible, disks, cpu, memory
[2026-03-31 07:38:35,54] [info] BackgroundConfigAsyncJobExecutionActor [[38;5;2m6e932b78[0mSplitLargeReadGroup.SamToFastqAndDragmapAndMba:26:1]: [38;5;5mset -euxo pipefail

DRAGMAP_VERSION=$(dragen-os --version)

if [ -z ${DRAGMAP_VERSION} ]; then
    exit 1;
fi

mkdir dragen_reference
mv /cromwell-executions1/WholeGenomeGermlineSingleSample/d3b27253-def8-4fcc-8159-f1f8d49265cf/call-UnmappedBamToAlignedBam/UnmappedBamToAlignedBam/3102800d-c908-42dc-bfb2-6f5ddbcd42a0/call-SplitRG/shard-0/SplitLargeReadGroup/6e932b78-6ad9-4161-8d8e-21a830951cd5/call-SamToFastqAndDragmapAndMba/shard-26/inputs/-1290198700/reference.bin /cromwell-executions1/WholeGenomeGermlineSingleSample/d3b27253-def8-4fcc-8159-f1f8d49265cf/call-UnmappedBamToAlignedBam/UnmappedBamToAlignedBam/3102800d-c908-42dc-bfb2-6f5ddbcd42a0/call-SplitRG/shard-0/SplitLargeReadGroup/6e932b78-6ad9-4161-8d8e-21a830951cd5/call-SamToFastqAndDragmapAndMba/shard-26/inputs/-1290198700/hash_table.cfg.bin /cromwell-executions1/WholeGenomeGermlineSingleSample/d3b27253-def8-4fcc-8159-f1f8d49265cf/call-UnmappedBamToAlignedBam/UnmappedBamToAlignedBam/3102800d-c908-42dc-bfb2-6f5ddbcd42a0/call-SplitRG/shard-0/SplitLargeReadGroup/6e932b78-6ad9-4161-8d8e-21a830951cd5/call-SamToFastqAndDragmapAndMba/shard-26/inputs/-1290198700/hash_table.cmp dragen_reference

dragen-os -b /cromwell-executions1/WholeGenomeGermlineSingleSample/d3b27253-def8-4fcc-8159-f1f8d49265cf/call-UnmappedBamToAlignedBam/UnmappedBamToAlignedBam/3102800d-c908-42dc-bfb2-6f5ddbcd42a0/call-SplitRG/shard-0/SplitLargeReadGroup/6e932b78-6ad9-4161-8d8e-21a830951cd5/call-SamToFastqAndDragmapAndMba/shard-26/inputs/-268692571/shard_0027.bam -r dragen_reference --interleaved=1 --preserve-map-align-order true 2> >(tee shard_0027.dragmap.stderr.log >&2) | samtools view -h -O BAM - > aligned.bam
java -Dsamjdk.compression_level=2 -Xms300g -Xmx300g -jar /picard/picard.jar \
  MergeBamAlignment \
  VALIDATION_STRINGENCY=SILENT \
  EXPECTED_ORIENTATIONS=FR \
  ATTRIBUTES_TO_RETAIN=X0 \
  ATTRIBUTES_TO_REMOVE=RG \
  ATTRIBUTES_TO_REMOVE=NM \
  ATTRIBUTES_TO_REMOVE=MD \
  ALIGNED_BAM=aligned.bam \
  UNMAPPED_BAM=/cromwell-executions1/WholeGenomeGermlineSingleSample/d3b27253-def8-4fcc-8159-f1f8d49265cf/call-UnmappedBamToAlignedBam/UnmappedBamToAlignedBam/3102800d-c908-42dc-bfb2-6f5ddbcd42a0/call-SplitRG/shard-0/SplitLargeReadGroup/6e932b78-6ad9-4161-8d8e-21a830951cd5/call-SamToFastqAndDragmapAndMba/shard-26/inputs/-268692571/shard_0027.bam \
  OUTPUT=shard_0027.bam \
  REFERENCE_SEQUENCE=/cromwell-executions1/WholeGenomeGermlineSingleSample/d3b27253-def8-4fcc-8159-f1f8d49265cf/call-UnmappedBamToAlignedBam/UnmappedBamToAlignedBam/3102800d-c908-42dc-bfb2-6f5ddbcd42a0/call-SplitRG/shard-0/SplitLargeReadGroup/6e932b78-6ad9-4161-8d8e-21a830951cd5/call-SamToFastqAndDragmapAndMba/shard-26/inputs/-1569105944/Homo_sapiens_assembly38_masked.fasta \
  PAIRED_RUN=true \
  SORT_ORDER="unsorted" \
  IS_BISULFITE_SEQUENCE=false \
  ALIGNED_READS_ONLY=false \
  CLIP_ADAPTERS=false \
   \
   \
  MAX_RECORDS_IN_RAM=2000000 \
  ADD_MATE_CIGAR=true \
  MAX_INSERTIONS_OR_DELETIONS=-1 \
  PRIMARY_ALIGNMENT_STRATEGY=MostDistant \
  PROGRAM_RECORD_ID="dragen-os" \
  PROGRAM_GROUP_VERSION="${DRAGMAP_VERSION}" \
  PROGRAM_GROUP_COMMAND_LINE="dragen-os -b /cromwell-executions1/WholeGenomeGermlineSingleSample/d3b27253-def8-4fcc-8159-f1f8d49265cf/call-UnmappedBamToAlignedBam/UnmappedBamToAlignedBam/3102800d-c908-42dc-bfb2-6f5ddbcd42a0/call-SplitRG/shard-0/SplitLargeReadGroup/6e932b78-6ad9-4161-8d8e-21a830951cd5/call-SamToFastqAndDragmapAndMba/shard-26/inputs/-268692571/shard_0027.bam -r dragen_reference --interleaved=1" \
  PROGRAM_GROUP_NAME="dragen-os" \
  UNMAPPED_READ_STRATEGY=COPY_TO_TAG \
  ALIGNER_PROPER_PAIR_FLAGS=true \
  UNMAP_CONTAMINANT_READS=true \
  ADD_PG_TAG_TO_READS=false[0m
[2026-03-31 07:38:35,63] [info] BackgroundConfigAsyncJobExecutionActor [[38;5;2m6e932b78[0mSplitLargeReadGroup.SamToFastqAndDragmapAndMba:26:1]: executing: # make sure there is no preexisting Docker CID file
rm -f /mnt/nas1/projects/lasr/blendseq/warp-pipelines/warp-gatk-germline-single-sample-pipeline-master/cromwell-executions1/WholeGenomeGermlineSingleSample/d3b27253-def8-4fcc-8159-f1f8d49265cf/call-UnmappedBamToAlignedBam/UnmappedBamToAlignedBam/3102800d-c908-42dc-bfb2-6f5ddbcd42a0/call-SplitRG/shard-0/SplitLargeReadGroup/6e932b78-6ad9-4161-8d8e-21a830951cd5/call-SamToFastqAndDragmapAndMba/shard-26/execution/docker_cid
# run as in the original configuration without --rm flag (will remove later)
docker run \
  --cidfile /mnt/nas1/projects/lasr/blendseq/warp-pipelines/warp-gatk-germline-single-sample-pipeline-master/cromwell-executions1/WholeGenomeGermlineSingleSample/d3b27253-def8-4fcc-8159-f1f8d49265cf/call-UnmappedBamToAlignedBam/UnmappedBamToAlignedBam/3102800d-c908-42dc-bfb2-6f5ddbcd42a0/call-SplitRG/shard-0/SplitLargeReadGroup/6e932b78-6ad9-4161-8d8e-21a830951cd5/call-SamToFastqAndDragmapAndMba/shard-26/execution/docker_cid \
  -i \
  --user 1027:1028 \
  --cpus="64" \
  --memory="409600m" \
  --entrypoint /bin/bash \
  -v /mnt/nas1/projects/lasr/blendseq/warp-pipelines/warp-gatk-germline-single-sample-pipeline-master/cromwell-executions1/WholeGenomeGermlineSingleSample/d3b27253-def8-4fcc-8159-f1f8d49265cf/call-UnmappedBamToAlignedBam/UnmappedBamToAlignedBam/3102800d-c908-42dc-bfb2-6f5ddbcd42a0/call-SplitRG/shard-0/SplitLargeReadGroup/6e932b78-6ad9-4161-8d8e-21a830951cd5/call-SamToFastqAndDragmapAndMba/shard-26:/cromwell-executions1/WholeGenomeGermlineSingleSample/d3b27253-def8-4fcc-8159-f1f8d49265cf/call-UnmappedBamToAlignedBam/UnmappedBamToAlignedBam/3102800d-c908-42dc-bfb2-6f5ddbcd42a0/call-SplitRG/shard-0/SplitLargeReadGroup/6e932b78-6ad9-4161-8d8e-21a830951cd5/call-SamToFastqAndDragmapAndMba/shard-26 \
  -v /mnt/nas1/projects/lasr/blendseq:/mnt/nas1/projects/lasr/blendseq \
  us.gcr.io/broad-gotc-prod/dragmap@sha256:5964afca3e4173c33b11100f68c1a44642e0ff2ee4de5a49d8cd446fef308b23 /cromwell-executions1/WholeGenomeGermlineSingleSample/d3b27253-def8-4fcc-8159-f1f8d49265cf/call-UnmappedBamToAlignedBam/UnmappedBamToAlignedBam/3102800d-c908-42dc-bfb2-6f5ddbcd42a0/call-SplitRG/shard-0/SplitLargeReadGroup/6e932b78-6ad9-4161-8d8e-21a830951cd5/call-SamToFastqAndDragmapAndMba/shard-26/execution/script

# get the return code (working even if the container was detached)
rc=$(docker wait [38;5;5mcat /mnt/nas1/projects/lasr/blendseq/warp-pipelines/warp-gatk-germline-single-sample-pipeline-master/cromwell-executions1/WholeGenomeGermlineSingleSample/d3b27253-def8-4fcc-8159-f1f8d49265cf/call-UnmappedBamToAlignedBam/UnmappedBamToAlignedBam/3102800d-c908-42dc-bfb2-6f5ddbcd42a0/call-SplitRG/shard-0/SplitLargeReadGroup/6e932b78-6ad9-4161-8d8e-21a830951cd5/call-SamToFastqAndDragmapAndMba/shard-26/execution/docker_cid[0m)

# remove the container after waiting
docker rm [38;5;5mcat /mnt/nas1/projects/lasr/blendseq/warp-pipelines/warp-gatk-germline-single-sample-pipeline-master/cromwell-executions1/WholeGenomeGermlineSingleSample/d3b27253-def8-4fcc-8159-f1f8d49265cf/call-UnmappedBamToAlignedBam/UnmappedBamToAlignedBam/3102800d-c908-42dc-bfb2-6f5ddbcd42a0/call-SplitRG/shard-0/SplitLargeReadGroup/6e932b78-6ad9-4161-8d8e-21a830951cd5/call-SamToFastqAndDragmapAndMba/shard-26/execution/docker_cid[0m

# return exit code
exit $rc
[2026-03-31 07:38:36,06] [info] BackgroundConfigAsyncJobExecutionActor [[38;5;2m6e932b78[0mSplitLargeReadGroup.SamToFastqAndDragmapAndMba:26:1]: job id: 581462
[2026-03-31 07:38:36,07] [info] BackgroundConfigAsyncJobExecutionActor [[38;5;2m6e932b78[0mSplitLargeReadGroup.SamToFastqAndDragmapAndMba:26:1]: Status change from - to WaitingForReturnCode
[2026-03-31 08:10:02,39] [info] BackgroundConfigAsyncJobExecutionActor [[38;5;2m6e932b78[0mSplitLargeReadGroup.SamToFastqAndDragmapAndMba:26:1]: Status change from WaitingForReturnCode to Done
[2026-03-31 08:10:06,18] [info] Assigned new job execution tokens to the following groups: d3b27253: 1
[2026-03-31 08:10:06,22] [[38;5;220mwarn[0m] BackgroundConfigAsyncJobExecutionActor [[38;5;2m6e932b78[0mSplitLargeReadGroup.SamToFastqAndDragmapAndMba:24:1]: Unrecognized runtime attribute keys: preemptible, disks, cpu, memory
[2026-03-31 08:10:28,47] [info] BackgroundConfigAsyncJobExecutionActor [[38;5;2m6e932b78[0mSplitLargeReadGroup.SamToFastqAndDragmapAndMba:24:1]: [38;5;5mset -euxo pipefail

DRAGMAP_VERSION=$(dragen-os --version)

if [ -z ${DRAGMAP_VERSION} ]; then
    exit 1;
fi

mkdir dragen_reference
mv /cromwell-executions1/WholeGenomeGermlineSingleSample/d3b27253-def8-4fcc-8159-f1f8d49265cf/call-UnmappedBamToAlignedBam/UnmappedBamToAlignedBam/3102800d-c908-42dc-bfb2-6f5ddbcd42a0/call-SplitRG/shard-0/SplitLargeReadGroup/6e932b78-6ad9-4161-8d8e-21a830951cd5/call-SamToFastqAndDragmapAndMba/shard-24/inputs/-1290198700/reference.bin /cromwell-executions1/WholeGenomeGermlineSingleSample/d3b27253-def8-4fcc-8159-f1f8d49265cf/call-UnmappedBamToAlignedBam/UnmappedBamToAlignedBam/3102800d-c908-42dc-bfb2-6f5ddbcd42a0/call-SplitRG/shard-0/SplitLargeReadGroup/6e932b78-6ad9-4161-8d8e-21a830951cd5/call-SamToFastqAndDragmapAndMba/shard-24/inputs/-1290198700/hash_table.cfg.bin /cromwell-executions1/WholeGenomeGermlineSingleSample/d3b27253-def8-4fcc-8159-f1f8d49265cf/call-UnmappedBamToAlignedBam/UnmappedBamToAlignedBam/3102800d-c908-42dc-bfb2-6f5ddbcd42a0/call-SplitRG/shard-0/SplitLargeReadGroup/6e932b78-6ad9-4161-8d8e-21a830951cd5/call-SamToFastqAndDragmapAndMba/shard-24/inputs/-1290198700/hash_table.cmp dragen_reference

dragen-os -b /cromwell-executions1/WholeGenomeGermlineSingleSample/d3b27253-def8-4fcc-8159-f1f8d49265cf/call-UnmappedBamToAlignedBam/UnmappedBamToAlignedBam/3102800d-c908-42dc-bfb2-6f5ddbcd42a0/call-SplitRG/shard-0/SplitLargeReadGroup/6e932b78-6ad9-4161-8d8e-21a830951cd5/call-SamToFastqAndDragmapAndMba/shard-24/inputs/-268692571/shard_0025.bam -r dragen_reference --interleaved=1 --preserve-map-align-order true 2> >(tee shard_0025.dragmap.stderr.log >&2) | samtools view -h -O BAM - > aligned.bam
java -Dsamjdk.compression_level=2 -Xms300g -Xmx300g -jar /picard/picard.jar \
  MergeBamAlignment \
  VALIDATION_STRINGENCY=SILENT \
  EXPECTED_ORIENTATIONS=FR \
  ATTRIBUTES_TO_RETAIN=X0 \
  ATTRIBUTES_TO_REMOVE=RG \
  ATTRIBUTES_TO_REMOVE=NM \
  ATTRIBUTES_TO_REMOVE=MD \
  ALIGNED_BAM=aligned.bam \
  UNMAPPED_BAM=/cromwell-executions1/WholeGenomeGermlineSingleSample/d3b27253-def8-4fcc-8159-f1f8d49265cf/call-UnmappedBamToAlignedBam/UnmappedBamToAlignedBam/3102800d-c908-42dc-bfb2-6f5ddbcd42a0/call-SplitRG/shard-0/SplitLargeReadGroup/6e932b78-6ad9-4161-8d8e-21a830951cd5/call-SamToFastqAndDragmapAndMba/shard-24/inputs/-268692571/shard_0025.bam \
  OUTPUT=shard_0025.bam \
  REFERENCE_SEQUENCE=/cromwell-executions1/WholeGenomeGermlineSingleSample/d3b27253-def8-4fcc-8159-f1f8d49265cf/call-UnmappedBamToAlignedBam/UnmappedBamToAlignedBam/3102800d-c908-42dc-bfb2-6f5ddbcd42a0/call-SplitRG/shard-0/SplitLargeReadGroup/6e932b78-6ad9-4161-8d8e-21a830951cd5/call-SamToFastqAndDragmapAndMba/shard-24/inputs/-1569105944/Homo_sapiens_assembly38_masked.fasta \
  PAIRED_RUN=true \
  SORT_ORDER="unsorted" \
  IS_BISULFITE_SEQUENCE=false \
  ALIGNED_READS_ONLY=false \
  CLIP_ADAPTERS=false \
   \
   \
  MAX_RECORDS_IN_RAM=2000000 \
  ADD_MATE_CIGAR=true \
  MAX_INSERTIONS_OR_DELETIONS=-1 \
  PRIMARY_ALIGNMENT_STRATEGY=MostDistant \
  PROGRAM_RECORD_ID="dragen-os" \
  PROGRAM_GROUP_VERSION="${DRAGMAP_VERSION}" \
  PROGRAM_GROUP_COMMAND_LINE="dragen-os -b /cromwell-executions1/WholeGenomeGermlineSingleSample/d3b27253-def8-4fcc-8159-f1f8d49265cf/call-UnmappedBamToAlignedBam/UnmappedBamToAlignedBam/3102800d-c908-42dc-bfb2-6f5ddbcd42a0/call-SplitRG/shard-0/SplitLargeReadGroup/6e932b78-6ad9-4161-8d8e-21a830951cd5/call-SamToFastqAndDragmapAndMba/shard-24/inputs/-268692571/shard_0025.bam -r dragen_reference --interleaved=1" \
  PROGRAM_GROUP_NAME="dragen-os" \
  UNMAPPED_READ_STRATEGY=COPY_TO_TAG \
  ALIGNER_PROPER_PAIR_FLAGS=true \
  UNMAP_CONTAMINANT_READS=true \
  ADD_PG_TAG_TO_READS=false[0m
[2026-03-31 08:10:28,56] [info] BackgroundConfigAsyncJobExecutionActor [[38;5;2m6e932b78[0mSplitLargeReadGroup.SamToFastqAndDragmapAndMba:24:1]: executing: # make sure there is no preexisting Docker CID file
rm -f /mnt/nas1/projects/lasr/blendseq/warp-pipelines/warp-gatk-germline-single-sample-pipeline-master/cromwell-executions1/WholeGenomeGermlineSingleSample/d3b27253-def8-4fcc-8159-f1f8d49265cf/call-UnmappedBamToAlignedBam/UnmappedBamToAlignedBam/3102800d-c908-42dc-bfb2-6f5ddbcd42a0/call-SplitRG/shard-0/SplitLargeReadGroup/6e932b78-6ad9-4161-8d8e-21a830951cd5/call-SamToFastqAndDragmapAndMba/shard-24/execution/docker_cid
# run as in the original configuration without --rm flag (will remove later)
docker run \
  --cidfile /mnt/nas1/projects/lasr/blendseq/warp-pipelines/warp-gatk-germline-single-sample-pipeline-master/cromwell-executions1/WholeGenomeGermlineSingleSample/d3b27253-def8-4fcc-8159-f1f8d49265cf/call-UnmappedBamToAlignedBam/UnmappedBamToAlignedBam/3102800d-c908-42dc-bfb2-6f5ddbcd42a0/call-SplitRG/shard-0/SplitLargeReadGroup/6e932b78-6ad9-4161-8d8e-21a830951cd5/call-SamToFastqAndDragmapAndMba/shard-24/execution/docker_cid \
  -i \
  --user 1027:1028 \
  --cpus="64" \
  --memory="409600m" \
  --entrypoint /bin/bash \
  -v /mnt/nas1/projects/lasr/blendseq/warp-pipelines/warp-gatk-germline-single-sample-pipeline-master/cromwell-executions1/WholeGenomeGermlineSingleSample/d3b27253-def8-4fcc-8159-f1f8d49265cf/call-UnmappedBamToAlignedBam/UnmappedBamToAlignedBam/3102800d-c908-42dc-bfb2-6f5ddbcd42a0/call-SplitRG/shard-0/SplitLargeReadGroup/6e932b78-6ad9-4161-8d8e-21a830951cd5/call-SamToFastqAndDragmapAndMba/shard-24:/cromwell-executions1/WholeGenomeGermlineSingleSample/d3b27253-def8-4fcc-8159-f1f8d49265cf/call-UnmappedBamToAlignedBam/UnmappedBamToAlignedBam/3102800d-c908-42dc-bfb2-6f5ddbcd42a0/call-SplitRG/shard-0/SplitLargeReadGroup/6e932b78-6ad9-4161-8d8e-21a830951cd5/call-SamToFastqAndDragmapAndMba/shard-24 \
  -v /mnt/nas1/projects/lasr/blendseq:/mnt/nas1/projects/lasr/blendseq \
  us.gcr.io/broad-gotc-prod/dragmap@sha256:5964afca3e4173c33b11100f68c1a44642e0ff2ee4de5a49d8cd446fef308b23 /cromwell-executions1/WholeGenomeGermlineSingleSample/d3b27253-def8-4fcc-8159-f1f8d49265cf/call-UnmappedBamToAlignedBam/UnmappedBamToAlignedBam/3102800d-c908-42dc-bfb2-6f5ddbcd42a0/call-SplitRG/shard-0/SplitLargeReadGroup/6e932b78-6ad9-4161-8d8e-21a830951cd5/call-SamToFastqAndDragmapAndMba/shard-24/execution/script

# get the return code (working even if the container was detached)
rc=$(docker wait [38;5;5mcat /mnt/nas1/projects/lasr/blendseq/warp-pipelines/warp-gatk-germline-single-sample-pipeline-master/cromwell-executions1/WholeGenomeGermlineSingleSample/d3b27253-def8-4fcc-8159-f1f8d49265cf/call-UnmappedBamToAlignedBam/UnmappedBamToAlignedBam/3102800d-c908-42dc-bfb2-6f5ddbcd42a0/call-SplitRG/shard-0/SplitLargeReadGroup/6e932b78-6ad9-4161-8d8e-21a830951cd5/call-SamToFastqAndDragmapAndMba/shard-24/execution/docker_cid[0m)

# remove the container after waiting
docker rm [38;5;5mcat /mnt/nas1/projects/lasr/blendseq/warp-pipelines/warp-gatk-germline-single-sample-pipeline-master/cromwell-executions1/WholeGenomeGermlineSingleSample/d3b27253-def8-4fcc-8159-f1f8d49265cf/call-UnmappedBamToAlignedBam/UnmappedBamToAlignedBam/3102800d-c908-42dc-bfb2-6f5ddbcd42a0/call-SplitRG/shard-0/SplitLargeReadGroup/6e932b78-6ad9-4161-8d8e-21a830951cd5/call-SamToFastqAndDragmapAndMba/shard-24/execution/docker_cid[0m

# return exit code
exit $rc
[2026-03-31 08:10:31,07] [info] BackgroundConfigAsyncJobExecutionActor [[38;5;2m6e932b78[0mSplitLargeReadGroup.SamToFastqAndDragmapAndMba:24:1]: job id: 582473
[2026-03-31 08:10:31,07] [info] BackgroundConfigAsyncJobExecutionActor [[38;5;2m6e932b78[0mSplitLargeReadGroup.SamToFastqAndDragmapAndMba:24:1]: Status change from - to WaitingForReturnCode
[2026-03-31 08:39:58,67] [info] BackgroundConfigAsyncJobExecutionActor [[38;5;2m6e932b78[0mSplitLargeReadGroup.SamToFastqAndDragmapAndMba:24:1]: Status change from WaitingForReturnCode to Done
[2026-03-31 08:40:06,18] [info] Assigned new job execution tokens to the following groups: d3b27253: 1
[2026-03-31 08:40:06,22] [[38;5;220mwarn[0m] BackgroundConfigAsyncJobExecutionActor [[38;5;2m6e932b78[0mSplitLargeReadGroup.SamToFastqAndDragmapAndMba:22:1]: Unrecognized runtime attribute keys: preemptible, disks, cpu, memory
[2026-03-31 08:40:27,36] [info] BackgroundConfigAsyncJobExecutionActor [[38;5;2m6e932b78[0mSplitLargeReadGroup.SamToFastqAndDragmapAndMba:22:1]: [38;5;5mset -euxo pipefail

DRAGMAP_VERSION=$(dragen-os --version)

if [ -z ${DRAGMAP_VERSION} ]; then
    exit 1;
fi

mkdir dragen_reference
mv /cromwell-executions1/WholeGenomeGermlineSingleSample/d3b27253-def8-4fcc-8159-f1f8d49265cf/call-UnmappedBamToAlignedBam/UnmappedBamToAlignedBam/3102800d-c908-42dc-bfb2-6f5ddbcd42a0/call-SplitRG/shard-0/SplitLargeReadGroup/6e932b78-6ad9-4161-8d8e-21a830951cd5/call-SamToFastqAndDragmapAndMba/shard-22/inputs/-1290198700/reference.bin /cromwell-executions1/WholeGenomeGermlineSingleSample/d3b27253-def8-4fcc-8159-f1f8d49265cf/call-UnmappedBamToAlignedBam/UnmappedBamToAlignedBam/3102800d-c908-42dc-bfb2-6f5ddbcd42a0/call-SplitRG/shard-0/SplitLargeReadGroup/6e932b78-6ad9-4161-8d8e-21a830951cd5/call-SamToFastqAndDragmapAndMba/shard-22/inputs/-1290198700/hash_table.cfg.bin /cromwell-executions1/WholeGenomeGermlineSingleSample/d3b27253-def8-4fcc-8159-f1f8d49265cf/call-UnmappedBamToAlignedBam/UnmappedBamToAlignedBam/3102800d-c908-42dc-bfb2-6f5ddbcd42a0/call-SplitRG/shard-0/SplitLargeReadGroup/6e932b78-6ad9-4161-8d8e-21a830951cd5/call-SamToFastqAndDragmapAndMba/shard-22/inputs/-1290198700/hash_table.cmp dragen_reference

dragen-os -b /cromwell-executions1/WholeGenomeGermlineSingleSample/d3b27253-def8-4fcc-8159-f1f8d49265cf/call-UnmappedBamToAlignedBam/UnmappedBamToAlignedBam/3102800d-c908-42dc-bfb2-6f5ddbcd42a0/call-SplitRG/shard-0/SplitLargeReadGroup/6e932b78-6ad9-4161-8d8e-21a830951cd5/call-SamToFastqAndDragmapAndMba/shard-22/inputs/-268692571/shard_0023.bam -r dragen_reference --interleaved=1 --preserve-map-align-order true 2> >(tee shard_0023.dragmap.stderr.log >&2) | samtools view -h -O BAM - > aligned.bam
java -Dsamjdk.compression_level=2 -Xms300g -Xmx300g -jar /picard/picard.jar \
  MergeBamAlignment \
  VALIDATION_STRINGENCY=SILENT \
  EXPECTED_ORIENTATIONS=FR \
  ATTRIBUTES_TO_RETAIN=X0 \
  ATTRIBUTES_TO_REMOVE=RG \
  ATTRIBUTES_TO_REMOVE=NM \
  ATTRIBUTES_TO_REMOVE=MD \
  ALIGNED_BAM=aligned.bam \
  UNMAPPED_BAM=/cromwell-executions1/WholeGenomeGermlineSingleSample/d3b27253-def8-4fcc-8159-f1f8d49265cf/call-UnmappedBamToAlignedBam/UnmappedBamToAlignedBam/3102800d-c908-42dc-bfb2-6f5ddbcd42a0/call-SplitRG/shard-0/SplitLargeReadGroup/6e932b78-6ad9-4161-8d8e-21a830951cd5/call-SamToFastqAndDragmapAndMba/shard-22/inputs/-268692571/shard_0023.bam \
  OUTPUT=shard_0023.bam \
  REFERENCE_SEQUENCE=/cromwell-executions1/WholeGenomeGermlineSingleSample/d3b27253-def8-4fcc-8159-f1f8d49265cf/call-UnmappedBamToAlignedBam/UnmappedBamToAlignedBam/3102800d-c908-42dc-bfb2-6f5ddbcd42a0/call-SplitRG/shard-0/SplitLargeReadGroup/6e932b78-6ad9-4161-8d8e-21a830951cd5/call-SamToFastqAndDragmapAndMba/shard-22/inputs/-1569105944/Homo_sapiens_assembly38_masked.fasta \
  PAIRED_RUN=true \
  SORT_ORDER="unsorted" \
  IS_BISULFITE_SEQUENCE=false \
  ALIGNED_READS_ONLY=false \
  CLIP_ADAPTERS=false \
   \
   \
  MAX_RECORDS_IN_RAM=2000000 \
  ADD_MATE_CIGAR=true \
  MAX_INSERTIONS_OR_DELETIONS=-1 \
  PRIMARY_ALIGNMENT_STRATEGY=MostDistant \
  PROGRAM_RECORD_ID="dragen-os" \
  PROGRAM_GROUP_VERSION="${DRAGMAP_VERSION}" \
  PROGRAM_GROUP_COMMAND_LINE="dragen-os -b /cromwell-executions1/WholeGenomeGermlineSingleSample/d3b27253-def8-4fcc-8159-f1f8d49265cf/call-UnmappedBamToAlignedBam/UnmappedBamToAlignedBam/3102800d-c908-42dc-bfb2-6f5ddbcd42a0/call-SplitRG/shard-0/SplitLargeReadGroup/6e932b78-6ad9-4161-8d8e-21a830951cd5/call-SamToFastqAndDragmapAndMba/shard-22/inputs/-268692571/shard_0023.bam -r dragen_reference --interleaved=1" \
  PROGRAM_GROUP_NAME="dragen-os" \
  UNMAPPED_READ_STRATEGY=COPY_TO_TAG \
  ALIGNER_PROPER_PAIR_FLAGS=true \
  UNMAP_CONTAMINANT_READS=true \
  ADD_PG_TAG_TO_READS=false[0m
[2026-03-31 08:40:27,45] [info] BackgroundConfigAsyncJobExecutionActor [[38;5;2m6e932b78[0mSplitLargeReadGroup.SamToFastqAndDragmapAndMba:22:1]: executing: # make sure there is no preexisting Docker CID file
rm -f /mnt/nas1/projects/lasr/blendseq/warp-pipelines/warp-gatk-germline-single-sample-pipeline-master/cromwell-executions1/WholeGenomeGermlineSingleSample/d3b27253-def8-4fcc-8159-f1f8d49265cf/call-UnmappedBamToAlignedBam/UnmappedBamToAlignedBam/3102800d-c908-42dc-bfb2-6f5ddbcd42a0/call-SplitRG/shard-0/SplitLargeReadGroup/6e932b78-6ad9-4161-8d8e-21a830951cd5/call-SamToFastqAndDragmapAndMba/shard-22/execution/docker_cid
# run as in the original configuration without --rm flag (will remove later)
docker run \
  --cidfile /mnt/nas1/projects/lasr/blendseq/warp-pipelines/warp-gatk-germline-single-sample-pipeline-master/cromwell-executions1/WholeGenomeGermlineSingleSample/d3b27253-def8-4fcc-8159-f1f8d49265cf/call-UnmappedBamToAlignedBam/UnmappedBamToAlignedBam/3102800d-c908-42dc-bfb2-6f5ddbcd42a0/call-SplitRG/shard-0/SplitLargeReadGroup/6e932b78-6ad9-4161-8d8e-21a830951cd5/call-SamToFastqAndDragmapAndMba/shard-22/execution/docker_cid \
  -i \
  --user 1027:1028 \
  --cpus="64" \
  --memory="409600m" \
  --entrypoint /bin/bash \
  -v /mnt/nas1/projects/lasr/blendseq/warp-pipelines/warp-gatk-germline-single-sample-pipeline-master/cromwell-executions1/WholeGenomeGermlineSingleSample/d3b27253-def8-4fcc-8159-f1f8d49265cf/call-UnmappedBamToAlignedBam/UnmappedBamToAlignedBam/3102800d-c908-42dc-bfb2-6f5ddbcd42a0/call-SplitRG/shard-0/SplitLargeReadGroup/6e932b78-6ad9-4161-8d8e-21a830951cd5/call-SamToFastqAndDragmapAndMba/shard-22:/cromwell-executions1/WholeGenomeGermlineSingleSample/d3b27253-def8-4fcc-8159-f1f8d49265cf/call-UnmappedBamToAlignedBam/UnmappedBamToAlignedBam/3102800d-c908-42dc-bfb2-6f5ddbcd42a0/call-SplitRG/shard-0/SplitLargeReadGroup/6e932b78-6ad9-4161-8d8e-21a830951cd5/call-SamToFastqAndDragmapAndMba/shard-22 \
  -v /mnt/nas1/projects/lasr/blendseq:/mnt/nas1/projects/lasr/blendseq \
  us.gcr.io/broad-gotc-prod/dragmap@sha256:5964afca3e4173c33b11100f68c1a44642e0ff2ee4de5a49d8cd446fef308b23 /cromwell-executions1/WholeGenomeGermlineSingleSample/d3b27253-def8-4fcc-8159-f1f8d49265cf/call-UnmappedBamToAlignedBam/UnmappedBamToAlignedBam/3102800d-c908-42dc-bfb2-6f5ddbcd42a0/call-SplitRG/shard-0/SplitLargeReadGroup/6e932b78-6ad9-4161-8d8e-21a830951cd5/call-SamToFastqAndDragmapAndMba/shard-22/execution/script

# get the return code (working even if the container was detached)
rc=$(docker wait [38;5;5mcat /mnt/nas1/projects/lasr/blendseq/warp-pipelines/warp-gatk-germline-single-sample-pipeline-master/cromwell-executions1/WholeGenomeGermlineSingleSample/d3b27253-def8-4fcc-8159-f1f8d49265cf/call-UnmappedBamToAlignedBam/UnmappedBamToAlignedBam/3102800d-c908-42dc-bfb2-6f5ddbcd42a0/call-SplitRG/shard-0/SplitLargeReadGroup/6e932b78-6ad9-4161-8d8e-21a830951cd5/call-SamToFastqAndDragmapAndMba/shard-22/execution/docker_cid[0m)

# remove the container after waiting
docker rm [38;5;5mcat /mnt/nas1/projects/lasr/blendseq/warp-pipelines/warp-gatk-germline-single-sample-pipeline-master/cromwell-executions1/WholeGenomeGermlineSingleSample/d3b27253-def8-4fcc-8159-f1f8d49265cf/call-UnmappedBamToAlignedBam/UnmappedBamToAlignedBam/3102800d-c908-42dc-bfb2-6f5ddbcd42a0/call-SplitRG/shard-0/SplitLargeReadGroup/6e932b78-6ad9-4161-8d8e-21a830951cd5/call-SamToFastqAndDragmapAndMba/shard-22/execution/docker_cid[0m

# return exit code
exit $rc
[2026-03-31 08:40:31,07] [info] BackgroundConfigAsyncJobExecutionActor [[38;5;2m6e932b78[0mSplitLargeReadGroup.SamToFastqAndDragmapAndMba:22:1]: job id: 583455
[2026-03-31 08:40:31,07] [info] BackgroundConfigAsyncJobExecutionActor [[38;5;2m6e932b78[0mSplitLargeReadGroup.SamToFastqAndDragmapAndMba:22:1]: Status change from - to WaitingForReturnCode
[2026-03-31 09:11:39,84] [info] BackgroundConfigAsyncJobExecutionActor [[38;5;2m6e932b78[0mSplitLargeReadGroup.SamToFastqAndDragmapAndMba:22:1]: Status change from WaitingForReturnCode to Done
[2026-03-31 09:11:46,18] [info] Assigned new job execution tokens to the following groups: d3b27253: 1
[2026-03-31 09:11:46,22] [[38;5;220mwarn[0m] BackgroundConfigAsyncJobExecutionActor [[38;5;2m6e932b78[0mSplitLargeReadGroup.SamToFastqAndDragmapAndMba:21:1]: Unrecognized runtime attribute keys: preemptible, disks, cpu, memory
[2026-03-31 09:12:08,24] [info] BackgroundConfigAsyncJobExecutionActor [[38;5;2m6e932b78[0mSplitLargeReadGroup.SamToFastqAndDragmapAndMba:21:1]: [38;5;5mset -euxo pipefail

DRAGMAP_VERSION=$(dragen-os --version)

if [ -z ${DRAGMAP_VERSION} ]; then
    exit 1;
fi

mkdir dragen_reference
mv /cromwell-executions1/WholeGenomeGermlineSingleSample/d3b27253-def8-4fcc-8159-f1f8d49265cf/call-UnmappedBamToAlignedBam/UnmappedBamToAlignedBam/3102800d-c908-42dc-bfb2-6f5ddbcd42a0/call-SplitRG/shard-0/SplitLargeReadGroup/6e932b78-6ad9-4161-8d8e-21a830951cd5/call-SamToFastqAndDragmapAndMba/shard-21/inputs/-1290198700/reference.bin /cromwell-executions1/WholeGenomeGermlineSingleSample/d3b27253-def8-4fcc-8159-f1f8d49265cf/call-UnmappedBamToAlignedBam/UnmappedBamToAlignedBam/3102800d-c908-42dc-bfb2-6f5ddbcd42a0/call-SplitRG/shard-0/SplitLargeReadGroup/6e932b78-6ad9-4161-8d8e-21a830951cd5/call-SamToFastqAndDragmapAndMba/shard-21/inputs/-1290198700/hash_table.cfg.bin /cromwell-executions1/WholeGenomeGermlineSingleSample/d3b27253-def8-4fcc-8159-f1f8d49265cf/call-UnmappedBamToAlignedBam/UnmappedBamToAlignedBam/3102800d-c908-42dc-bfb2-6f5ddbcd42a0/call-SplitRG/shard-0/SplitLargeReadGroup/6e932b78-6ad9-4161-8d8e-21a830951cd5/call-SamToFastqAndDragmapAndMba/shard-21/inputs/-1290198700/hash_table.cmp dragen_reference

dragen-os -b /cromwell-executions1/WholeGenomeGermlineSingleSample/d3b27253-def8-4fcc-8159-f1f8d49265cf/call-UnmappedBamToAlignedBam/UnmappedBamToAlignedBam/3102800d-c908-42dc-bfb2-6f5ddbcd42a0/call-SplitRG/shard-0/SplitLargeReadGroup/6e932b78-6ad9-4161-8d8e-21a830951cd5/call-SamToFastqAndDragmapAndMba/shard-21/inputs/-268692571/shard_0022.bam -r dragen_reference --interleaved=1 --preserve-map-align-order true 2> >(tee shard_0022.dragmap.stderr.log >&2) | samtools view -h -O BAM - > aligned.bam
java -Dsamjdk.compression_level=2 -Xms300g -Xmx300g -jar /picard/picard.jar \
  MergeBamAlignment \
  VALIDATION_STRINGENCY=SILENT \
  EXPECTED_ORIENTATIONS=FR \
  ATTRIBUTES_TO_RETAIN=X0 \
  ATTRIBUTES_TO_REMOVE=RG \
  ATTRIBUTES_TO_REMOVE=NM \
  ATTRIBUTES_TO_REMOVE=MD \
  ALIGNED_BAM=aligned.bam \
  UNMAPPED_BAM=/cromwell-executions1/WholeGenomeGermlineSingleSample/d3b27253-def8-4fcc-8159-f1f8d49265cf/call-UnmappedBamToAlignedBam/UnmappedBamToAlignedBam/3102800d-c908-42dc-bfb2-6f5ddbcd42a0/call-SplitRG/shard-0/SplitLargeReadGroup/6e932b78-6ad9-4161-8d8e-21a830951cd5/call-SamToFastqAndDragmapAndMba/shard-21/inputs/-268692571/shard_0022.bam \
  OUTPUT=shard_0022.bam \
  REFERENCE_SEQUENCE=/cromwell-executions1/WholeGenomeGermlineSingleSample/d3b27253-def8-4fcc-8159-f1f8d49265cf/call-UnmappedBamToAlignedBam/UnmappedBamToAlignedBam/3102800d-c908-42dc-bfb2-6f5ddbcd42a0/call-SplitRG/shard-0/SplitLargeReadGroup/6e932b78-6ad9-4161-8d8e-21a830951cd5/call-SamToFastqAndDragmapAndMba/shard-21/inputs/-1569105944/Homo_sapiens_assembly38_masked.fasta \
  PAIRED_RUN=true \
  SORT_ORDER="unsorted" \
  IS_BISULFITE_SEQUENCE=false \
  ALIGNED_READS_ONLY=false \
  CLIP_ADAPTERS=false \
   \
   \
  MAX_RECORDS_IN_RAM=2000000 \
  ADD_MATE_CIGAR=true \
  MAX_INSERTIONS_OR_DELETIONS=-1 \
  PRIMARY_ALIGNMENT_STRATEGY=MostDistant \
  PROGRAM_RECORD_ID="dragen-os" \
  PROGRAM_GROUP_VERSION="${DRAGMAP_VERSION}" \
  PROGRAM_GROUP_COMMAND_LINE="dragen-os -b /cromwell-executions1/WholeGenomeGermlineSingleSample/d3b27253-def8-4fcc-8159-f1f8d49265cf/call-UnmappedBamToAlignedBam/UnmappedBamToAlignedBam/3102800d-c908-42dc-bfb2-6f5ddbcd42a0/call-SplitRG/shard-0/SplitLargeReadGroup/6e932b78-6ad9-4161-8d8e-21a830951cd5/call-SamToFastqAndDragmapAndMba/shard-21/inputs/-268692571/shard_0022.bam -r dragen_reference --interleaved=1" \
  PROGRAM_GROUP_NAME="dragen-os" \
  UNMAPPED_READ_STRATEGY=COPY_TO_TAG \
  ALIGNER_PROPER_PAIR_FLAGS=true \
  UNMAP_CONTAMINANT_READS=true \
  ADD_PG_TAG_TO_READS=false[0m
[2026-03-31 09:12:08,35] [info] BackgroundConfigAsyncJobExecutionActor [[38;5;2m6e932b78[0mSplitLargeReadGroup.SamToFastqAndDragmapAndMba:21:1]: executing: # make sure there is no preexisting Docker CID file
rm -f /mnt/nas1/projects/lasr/blendseq/warp-pipelines/warp-gatk-germline-single-sample-pipeline-master/cromwell-executions1/WholeGenomeGermlineSingleSample/d3b27253-def8-4fcc-8159-f1f8d49265cf/call-UnmappedBamToAlignedBam/UnmappedBamToAlignedBam/3102800d-c908-42dc-bfb2-6f5ddbcd42a0/call-SplitRG/shard-0/SplitLargeReadGroup/6e932b78-6ad9-4161-8d8e-21a830951cd5/call-SamToFastqAndDragmapAndMba/shard-21/execution/docker_cid
# run as in the original configuration without --rm flag (will remove later)
docker run \
  --cidfile /mnt/nas1/projects/lasr/blendseq/warp-pipelines/warp-gatk-germline-single-sample-pipeline-master/cromwell-executions1/WholeGenomeGermlineSingleSample/d3b27253-def8-4fcc-8159-f1f8d49265cf/call-UnmappedBamToAlignedBam/UnmappedBamToAlignedBam/3102800d-c908-42dc-bfb2-6f5ddbcd42a0/call-SplitRG/shard-0/SplitLargeReadGroup/6e932b78-6ad9-4161-8d8e-21a830951cd5/call-SamToFastqAndDragmapAndMba/shard-21/execution/docker_cid \
  -i \
  --user 1027:1028 \
  --cpus="64" \
  --memory="409600m" \
  --entrypoint /bin/bash \
  -v /mnt/nas1/projects/lasr/blendseq/warp-pipelines/warp-gatk-germline-single-sample-pipeline-master/cromwell-executions1/WholeGenomeGermlineSingleSample/d3b27253-def8-4fcc-8159-f1f8d49265cf/call-UnmappedBamToAlignedBam/UnmappedBamToAlignedBam/3102800d-c908-42dc-bfb2-6f5ddbcd42a0/call-SplitRG/shard-0/SplitLargeReadGroup/6e932b78-6ad9-4161-8d8e-21a830951cd5/call-SamToFastqAndDragmapAndMba/shard-21:/cromwell-executions1/WholeGenomeGermlineSingleSample/d3b27253-def8-4fcc-8159-f1f8d49265cf/call-UnmappedBamToAlignedBam/UnmappedBamToAlignedBam/3102800d-c908-42dc-bfb2-6f5ddbcd42a0/call-SplitRG/shard-0/SplitLargeReadGroup/6e932b78-6ad9-4161-8d8e-21a830951cd5/call-SamToFastqAndDragmapAndMba/shard-21 \
  -v /mnt/nas1/projects/lasr/blendseq:/mnt/nas1/projects/lasr/blendseq \
  us.gcr.io/broad-gotc-prod/dragmap@sha256:5964afca3e4173c33b11100f68c1a44642e0ff2ee4de5a49d8cd446fef308b23 /cromwell-executions1/WholeGenomeGermlineSingleSample/d3b27253-def8-4fcc-8159-f1f8d49265cf/call-UnmappedBamToAlignedBam/UnmappedBamToAlignedBam/3102800d-c908-42dc-bfb2-6f5ddbcd42a0/call-SplitRG/shard-0/SplitLargeReadGroup/6e932b78-6ad9-4161-8d8e-21a830951cd5/call-SamToFastqAndDragmapAndMba/shard-21/execution/script

# get the return code (working even if the container was detached)
rc=$(docker wait [38;5;5mcat /mnt/nas1/projects/lasr/blendseq/warp-pipelines/warp-gatk-germline-single-sample-pipeline-master/cromwell-executions1/WholeGenomeGermlineSingleSample/d3b27253-def8-4fcc-8159-f1f8d49265cf/call-UnmappedBamToAlignedBam/UnmappedBamToAlignedBam/3102800d-c908-42dc-bfb2-6f5ddbcd42a0/call-SplitRG/shard-0/SplitLargeReadGroup/6e932b78-6ad9-4161-8d8e-21a830951cd5/call-SamToFastqAndDragmapAndMba/shard-21/execution/docker_cid[0m)

# remove the container after waiting
docker rm [38;5;5mcat /mnt/nas1/projects/lasr/blendseq/warp-pipelines/warp-gatk-germline-single-sample-pipeline-master/cromwell-executions1/WholeGenomeGermlineSingleSample/d3b27253-def8-4fcc-8159-f1f8d49265cf/call-UnmappedBamToAlignedBam/UnmappedBamToAlignedBam/3102800d-c908-42dc-bfb2-6f5ddbcd42a0/call-SplitRG/shard-0/SplitLargeReadGroup/6e932b78-6ad9-4161-8d8e-21a830951cd5/call-SamToFastqAndDragmapAndMba/shard-21/execution/docker_cid[0m

# return exit code
exit $rc
[2026-03-31 09:12:11,07] [info] BackgroundConfigAsyncJobExecutionActor [[38;5;2m6e932b78[0mSplitLargeReadGroup.SamToFastqAndDragmapAndMba:21:1]: job id: 584491
[2026-03-31 09:12:11,07] [info] BackgroundConfigAsyncJobExecutionActor [[38;5;2m6e932b78[0mSplitLargeReadGroup.SamToFastqAndDragmapAndMba:21:1]: Status change from - to WaitingForReturnCode
[2026-03-31 09:43:48,22] [info] BackgroundConfigAsyncJobExecutionActor [[38;5;2m6e932b78[0mSplitLargeReadGroup.SamToFastqAndDragmapAndMba:21:1]: Status change from WaitingForReturnCode to Done
[2026-03-31 09:43:56,18] [info] Assigned new job execution tokens to the following groups: d3b27253: 1
[2026-03-31 09:43:56,22] [[38;5;220mwarn[0m] BackgroundConfigAsyncJobExecutionActor [[38;5;2m6e932b78[0mSplitLargeReadGroup.SamToFastqAndDragmapAndMba:8:1]: Unrecognized runtime attribute keys: preemptible, disks, cpu, memory
[2026-03-31 09:44:18,04] [info] BackgroundConfigAsyncJobExecutionActor [[38;5;2m6e932b78[0mSplitLargeReadGroup.SamToFastqAndDragmapAndMba:8:1]: [38;5;5mset -euxo pipefail

DRAGMAP_VERSION=$(dragen-os --version)

if [ -z ${DRAGMAP_VERSION} ]; then
    exit 1;
fi

mkdir dragen_reference
mv /cromwell-executions1/WholeGenomeGermlineSingleSample/d3b27253-def8-4fcc-8159-f1f8d49265cf/call-UnmappedBamToAlignedBam/UnmappedBamToAlignedBam/3102800d-c908-42dc-bfb2-6f5ddbcd42a0/call-SplitRG/shard-0/SplitLargeReadGroup/6e932b78-6ad9-4161-8d8e-21a830951cd5/call-SamToFastqAndDragmapAndMba/shard-8/inputs/-1290198700/reference.bin /cromwell-executions1/WholeGenomeGermlineSingleSample/d3b27253-def8-4fcc-8159-f1f8d49265cf/call-UnmappedBamToAlignedBam/UnmappedBamToAlignedBam/3102800d-c908-42dc-bfb2-6f5ddbcd42a0/call-SplitRG/shard-0/SplitLargeReadGroup/6e932b78-6ad9-4161-8d8e-21a830951cd5/call-SamToFastqAndDragmapAndMba/shard-8/inputs/-1290198700/hash_table.cfg.bin /cromwell-executions1/WholeGenomeGermlineSingleSample/d3b27253-def8-4fcc-8159-f1f8d49265cf/call-UnmappedBamToAlignedBam/UnmappedBamToAlignedBam/3102800d-c908-42dc-bfb2-6f5ddbcd42a0/call-SplitRG/shard-0/SplitLargeReadGroup/6e932b78-6ad9-4161-8d8e-21a830951cd5/call-SamToFastqAndDragmapAndMba/shard-8/inputs/-1290198700/hash_table.cmp dragen_reference

dragen-os -b /cromwell-executions1/WholeGenomeGermlineSingleSample/d3b27253-def8-4fcc-8159-f1f8d49265cf/call-UnmappedBamToAlignedBam/UnmappedBamToAlignedBam/3102800d-c908-42dc-bfb2-6f5ddbcd42a0/call-SplitRG/shard-0/SplitLargeReadGroup/6e932b78-6ad9-4161-8d8e-21a830951cd5/call-SamToFastqAndDragmapAndMba/shard-8/inputs/-268692571/shard_0009.bam -r dragen_reference --interleaved=1 --preserve-map-align-order true 2> >(tee shard_0009.dragmap.stderr.log >&2) | samtools view -h -O BAM - > aligned.bam
java -Dsamjdk.compression_level=2 -Xms300g -Xmx300g -jar /picard/picard.jar \
  MergeBamAlignment \
  VALIDATION_STRINGENCY=SILENT \
  EXPECTED_ORIENTATIONS=FR \
  ATTRIBUTES_TO_RETAIN=X0 \
  ATTRIBUTES_TO_REMOVE=RG \
  ATTRIBUTES_TO_REMOVE=NM \
  ATTRIBUTES_TO_REMOVE=MD \
  ALIGNED_BAM=aligned.bam \
  UNMAPPED_BAM=/cromwell-executions1/WholeGenomeGermlineSingleSample/d3b27253-def8-4fcc-8159-f1f8d49265cf/call-UnmappedBamToAlignedBam/UnmappedBamToAlignedBam/3102800d-c908-42dc-bfb2-6f5ddbcd42a0/call-SplitRG/shard-0/SplitLargeReadGroup/6e932b78-6ad9-4161-8d8e-21a830951cd5/call-SamToFastqAndDragmapAndMba/shard-8/inputs/-268692571/shard_0009.bam \
  OUTPUT=shard_0009.bam \
  REFERENCE_SEQUENCE=/cromwell-executions1/WholeGenomeGermlineSingleSample/d3b27253-def8-4fcc-8159-f1f8d49265cf/call-UnmappedBamToAlignedBam/UnmappedBamToAlignedBam/3102800d-c908-42dc-bfb2-6f5ddbcd42a0/call-SplitRG/shard-0/SplitLargeReadGroup/6e932b78-6ad9-4161-8d8e-21a830951cd5/call-SamToFastqAndDragmapAndMba/shard-8/inputs/-1569105944/Homo_sapiens_assembly38_masked.fasta \
  PAIRED_RUN=true \
  SORT_ORDER="unsorted" \
  IS_BISULFITE_SEQUENCE=false \
  ALIGNED_READS_ONLY=false \
  CLIP_ADAPTERS=false \
   \
   \
  MAX_RECORDS_IN_RAM=2000000 \
  ADD_MATE_CIGAR=true \
  MAX_INSERTIONS_OR_DELETIONS=-1 \
  PRIMARY_ALIGNMENT_STRATEGY=MostDistant \
  PROGRAM_RECORD_ID="dragen-os" \
  PROGRAM_GROUP_VERSION="${DRAGMAP_VERSION}" \
  PROGRAM_GROUP_COMMAND_LINE="dragen-os -b /cromwell-executions1/WholeGenomeGermlineSingleSample/d3b27253-def8-4fcc-8159-f1f8d49265cf/call-UnmappedBamToAlignedBam/UnmappedBamToAlignedBam/3102800d-c908-42dc-bfb2-6f5ddbcd42a0/call-SplitRG/shard-0/SplitLargeReadGroup/6e932b78-6ad9-4161-8d8e-21a830951cd5/call-SamToFastqAndDragmapAndMba/shard-8/inputs/-268692571/shard_0009.bam -r dragen_reference --interleaved=1" \
  PROGRAM_GROUP_NAME="dragen-os" \
  UNMAPPED_READ_STRATEGY=COPY_TO_TAG \
  ALIGNER_PROPER_PAIR_FLAGS=true \
  UNMAP_CONTAMINANT_READS=true \
  ADD_PG_TAG_TO_READS=false[0m
[2026-03-31 09:44:18,12] [info] BackgroundConfigAsyncJobExecutionActor [[38;5;2m6e932b78[0mSplitLargeReadGroup.SamToFastqAndDragmapAndMba:8:1]: executing: # make sure there is no preexisting Docker CID file
rm -f /mnt/nas1/projects/lasr/blendseq/warp-pipelines/warp-gatk-germline-single-sample-pipeline-master/cromwell-executions1/WholeGenomeGermlineSingleSample/d3b27253-def8-4fcc-8159-f1f8d49265cf/call-UnmappedBamToAlignedBam/UnmappedBamToAlignedBam/3102800d-c908-42dc-bfb2-6f5ddbcd42a0/call-SplitRG/shard-0/SplitLargeReadGroup/6e932b78-6ad9-4161-8d8e-21a830951cd5/call-SamToFastqAndDragmapAndMba/shard-8/execution/docker_cid
# run as in the original configuration without --rm flag (will remove later)
docker run \
  --cidfile /mnt/nas1/projects/lasr/blendseq/warp-pipelines/warp-gatk-germline-single-sample-pipeline-master/cromwell-executions1/WholeGenomeGermlineSingleSample/d3b27253-def8-4fcc-8159-f1f8d49265cf/call-UnmappedBamToAlignedBam/UnmappedBamToAlignedBam/3102800d-c908-42dc-bfb2-6f5ddbcd42a0/call-SplitRG/shard-0/SplitLargeReadGroup/6e932b78-6ad9-4161-8d8e-21a830951cd5/call-SamToFastqAndDragmapAndMba/shard-8/execution/docker_cid \
  -i \
  --user 1027:1028 \
  --cpus="64" \
  --memory="409600m" \
  --entrypoint /bin/bash \
  -v /mnt/nas1/projects/lasr/blendseq/warp-pipelines/warp-gatk-germline-single-sample-pipeline-master/cromwell-executions1/WholeGenomeGermlineSingleSample/d3b27253-def8-4fcc-8159-f1f8d49265cf/call-UnmappedBamToAlignedBam/UnmappedBamToAlignedBam/3102800d-c908-42dc-bfb2-6f5ddbcd42a0/call-SplitRG/shard-0/SplitLargeReadGroup/6e932b78-6ad9-4161-8d8e-21a830951cd5/call-SamToFastqAndDragmapAndMba/shard-8:/cromwell-executions1/WholeGenomeGermlineSingleSample/d3b27253-def8-4fcc-8159-f1f8d49265cf/call-UnmappedBamToAlignedBam/UnmappedBamToAlignedBam/3102800d-c908-42dc-bfb2-6f5ddbcd42a0/call-SplitRG/shard-0/SplitLargeReadGroup/6e932b78-6ad9-4161-8d8e-21a830951cd5/call-SamToFastqAndDragmapAndMba/shard-8 \
  -v /mnt/nas1/projects/lasr/blendseq:/mnt/nas1/projects/lasr/blendseq \
  us.gcr.io/broad-gotc-prod/dragmap@sha256:5964afca3e4173c33b11100f68c1a44642e0ff2ee4de5a49d8cd446fef308b23 /cromwell-executions1/WholeGenomeGermlineSingleSample/d3b27253-def8-4fcc-8159-f1f8d49265cf/call-UnmappedBamToAlignedBam/UnmappedBamToAlignedBam/3102800d-c908-42dc-bfb2-6f5ddbcd42a0/call-SplitRG/shard-0/SplitLargeReadGroup/6e932b78-6ad9-4161-8d8e-21a830951cd5/call-SamToFastqAndDragmapAndMba/shard-8/execution/script

# get the return code (working even if the container was detached)
rc=$(docker wait [38;5;5mcat /mnt/nas1/projects/lasr/blendseq/warp-pipelines/warp-gatk-germline-single-sample-pipeline-master/cromwell-executions1/WholeGenomeGermlineSingleSample/d3b27253-def8-4fcc-8159-f1f8d49265cf/call-UnmappedBamToAlignedBam/UnmappedBamToAlignedBam/3102800d-c908-42dc-bfb2-6f5ddbcd42a0/call-SplitRG/shard-0/SplitLargeReadGroup/6e932b78-6ad9-4161-8d8e-21a830951cd5/call-SamToFastqAndDragmapAndMba/shard-8/execution/docker_cid[0m)

# remove the container after waiting
docker rm [38;5;5mcat /mnt/nas1/projects/lasr/blendseq/warp-pipelines/warp-gatk-germline-single-sample-pipeline-master/cromwell-executions1/WholeGenomeGermlineSingleSample/d3b27253-def8-4fcc-8159-f1f8d49265cf/call-UnmappedBamToAlignedBam/UnmappedBamToAlignedBam/3102800d-c908-42dc-bfb2-6f5ddbcd42a0/call-SplitRG/shard-0/SplitLargeReadGroup/6e932b78-6ad9-4161-8d8e-21a830951cd5/call-SamToFastqAndDragmapAndMba/shard-8/execution/docker_cid[0m

# return exit code
exit $rc
[2026-03-31 09:44:21,07] [info] BackgroundConfigAsyncJobExecutionActor [[38;5;2m6e932b78[0mSplitLargeReadGroup.SamToFastqAndDragmapAndMba:8:1]: job id: 585623
[2026-03-31 09:44:21,07] [info] BackgroundConfigAsyncJobExecutionActor [[38;5;2m6e932b78[0mSplitLargeReadGroup.SamToFastqAndDragmapAndMba:8:1]: Status change from - to WaitingForReturnCode
[2026-03-31 10:19:12,80] [info] BackgroundConfigAsyncJobExecutionActor [[38;5;2m6e932b78[0mSplitLargeReadGroup.SamToFastqAndDragmapAndMba:8:1]: Status change from WaitingForReturnCode to Done
[2026-03-31 10:19:16,18] [info] Assigned new job execution tokens to the following groups: d3b27253: 1
[2026-03-31 10:19:16,22] [[38;5;220mwarn[0m] BackgroundConfigAsyncJobExecutionActor [[38;5;2m6e932b78[0mSplitLargeReadGroup.SamToFastqAndDragmapAndMba:17:1]: Unrecognized runtime attribute keys: preemptible, disks, cpu, memory
[2026-03-31 10:19:36,58] [info] BackgroundConfigAsyncJobExecutionActor [[38;5;2m6e932b78[0mSplitLargeReadGroup.SamToFastqAndDragmapAndMba:17:1]: [38;5;5mset -euxo pipefail

DRAGMAP_VERSION=$(dragen-os --version)

if [ -z ${DRAGMAP_VERSION} ]; then
    exit 1;
fi

mkdir dragen_reference
mv /cromwell-executions1/WholeGenomeGermlineSingleSample/d3b27253-def8-4fcc-8159-f1f8d49265cf/call-UnmappedBamToAlignedBam/UnmappedBamToAlignedBam/3102800d-c908-42dc-bfb2-6f5ddbcd42a0/call-SplitRG/shard-0/SplitLargeReadGroup/6e932b78-6ad9-4161-8d8e-21a830951cd5/call-SamToFastqAndDragmapAndMba/shard-17/inputs/-1290198700/reference.bin /cromwell-executions1/WholeGenomeGermlineSingleSample/d3b27253-def8-4fcc-8159-f1f8d49265cf/call-UnmappedBamToAlignedBam/UnmappedBamToAlignedBam/3102800d-c908-42dc-bfb2-6f5ddbcd42a0/call-SplitRG/shard-0/SplitLargeReadGroup/6e932b78-6ad9-4161-8d8e-21a830951cd5/call-SamToFastqAndDragmapAndMba/shard-17/inputs/-1290198700/hash_table.cfg.bin /cromwell-executions1/WholeGenomeGermlineSingleSample/d3b27253-def8-4fcc-8159-f1f8d49265cf/call-UnmappedBamToAlignedBam/UnmappedBamToAlignedBam/3102800d-c908-42dc-bfb2-6f5ddbcd42a0/call-SplitRG/shard-0/SplitLargeReadGroup/6e932b78-6ad9-4161-8d8e-21a830951cd5/call-SamToFastqAndDragmapAndMba/shard-17/inputs/-1290198700/hash_table.cmp dragen_reference

dragen-os -b /cromwell-executions1/WholeGenomeGermlineSingleSample/d3b27253-def8-4fcc-8159-f1f8d49265cf/call-UnmappedBamToAlignedBam/UnmappedBamToAlignedBam/3102800d-c908-42dc-bfb2-6f5ddbcd42a0/call-SplitRG/shard-0/SplitLargeReadGroup/6e932b78-6ad9-4161-8d8e-21a830951cd5/call-SamToFastqAndDragmapAndMba/shard-17/inputs/-268692571/shard_0018.bam -r dragen_reference --interleaved=1 --preserve-map-align-order true 2> >(tee shard_0018.dragmap.stderr.log >&2) | samtools view -h -O BAM - > aligned.bam
java -Dsamjdk.compression_level=2 -Xms300g -Xmx300g -jar /picard/picard.jar \
  MergeBamAlignment \
  VALIDATION_STRINGENCY=SILENT \
  EXPECTED_ORIENTATIONS=FR \
  ATTRIBUTES_TO_RETAIN=X0 \
  ATTRIBUTES_TO_REMOVE=RG \
  ATTRIBUTES_TO_REMOVE=NM \
  ATTRIBUTES_TO_REMOVE=MD \
  ALIGNED_BAM=aligned.bam \
  UNMAPPED_BAM=/cromwell-executions1/WholeGenomeGermlineSingleSample/d3b27253-def8-4fcc-8159-f1f8d49265cf/call-UnmappedBamToAlignedBam/UnmappedBamToAlignedBam/3102800d-c908-42dc-bfb2-6f5ddbcd42a0/call-SplitRG/shard-0/SplitLargeReadGroup/6e932b78-6ad9-4161-8d8e-21a830951cd5/call-SamToFastqAndDragmapAndMba/shard-17/inputs/-268692571/shard_0018.bam \
  OUTPUT=shard_0018.bam \
  REFERENCE_SEQUENCE=/cromwell-executions1/WholeGenomeGermlineSingleSample/d3b27253-def8-4fcc-8159-f1f8d49265cf/call-UnmappedBamToAlignedBam/UnmappedBamToAlignedBam/3102800d-c908-42dc-bfb2-6f5ddbcd42a0/call-SplitRG/shard-0/SplitLargeReadGroup/6e932b78-6ad9-4161-8d8e-21a830951cd5/call-SamToFastqAndDragmapAndMba/shard-17/inputs/-1569105944/Homo_sapiens_assembly38_masked.fasta \
  PAIRED_RUN=true \
  SORT_ORDER="unsorted" \
  IS_BISULFITE_SEQUENCE=false \
  ALIGNED_READS_ONLY=false \
  CLIP_ADAPTERS=false \
   \
   \
  MAX_RECORDS_IN_RAM=2000000 \
  ADD_MATE_CIGAR=true \
  MAX_INSERTIONS_OR_DELETIONS=-1 \
  PRIMARY_ALIGNMENT_STRATEGY=MostDistant \
  PROGRAM_RECORD_ID="dragen-os" \
  PROGRAM_GROUP_VERSION="${DRAGMAP_VERSION}" \
  PROGRAM_GROUP_COMMAND_LINE="dragen-os -b /cromwell-executions1/WholeGenomeGermlineSingleSample/d3b27253-def8-4fcc-8159-f1f8d49265cf/call-UnmappedBamToAlignedBam/UnmappedBamToAlignedBam/3102800d-c908-42dc-bfb2-6f5ddbcd42a0/call-SplitRG/shard-0/SplitLargeReadGroup/6e932b78-6ad9-4161-8d8e-21a830951cd5/call-SamToFastqAndDragmapAndMba/shard-17/inputs/-268692571/shard_0018.bam -r dragen_reference --interleaved=1" \
  PROGRAM_GROUP_NAME="dragen-os" \
  UNMAPPED_READ_STRATEGY=COPY_TO_TAG \
  ALIGNER_PROPER_PAIR_FLAGS=true \
  UNMAP_CONTAMINANT_READS=true \
  ADD_PG_TAG_TO_READS=false[0m
[2026-03-31 10:19:36,68] [info] BackgroundConfigAsyncJobExecutionActor [[38;5;2m6e932b78[0mSplitLargeReadGroup.SamToFastqAndDragmapAndMba:17:1]: executing: # make sure there is no preexisting Docker CID file
rm -f /mnt/nas1/projects/lasr/blendseq/warp-pipelines/warp-gatk-germline-single-sample-pipeline-master/cromwell-executions1/WholeGenomeGermlineSingleSample/d3b27253-def8-4fcc-8159-f1f8d49265cf/call-UnmappedBamToAlignedBam/UnmappedBamToAlignedBam/3102800d-c908-42dc-bfb2-6f5ddbcd42a0/call-SplitRG/shard-0/SplitLargeReadGroup/6e932b78-6ad9-4161-8d8e-21a830951cd5/call-SamToFastqAndDragmapAndMba/shard-17/execution/docker_cid
# run as in the original configuration without --rm flag (will remove later)
docker run \
  --cidfile /mnt/nas1/projects/lasr/blendseq/warp-pipelines/warp-gatk-germline-single-sample-pipeline-master/cromwell-executions1/WholeGenomeGermlineSingleSample/d3b27253-def8-4fcc-8159-f1f8d49265cf/call-UnmappedBamToAlignedBam/UnmappedBamToAlignedBam/3102800d-c908-42dc-bfb2-6f5ddbcd42a0/call-SplitRG/shard-0/SplitLargeReadGroup/6e932b78-6ad9-4161-8d8e-21a830951cd5/call-SamToFastqAndDragmapAndMba/shard-17/execution/docker_cid \
  -i \
  --user 1027:1028 \
  --cpus="64" \
  --memory="409600m" \
  --entrypoint /bin/bash \
  -v /mnt/nas1/projects/lasr/blendseq/warp-pipelines/warp-gatk-germline-single-sample-pipeline-master/cromwell-executions1/WholeGenomeGermlineSingleSample/d3b27253-def8-4fcc-8159-f1f8d49265cf/call-UnmappedBamToAlignedBam/UnmappedBamToAlignedBam/3102800d-c908-42dc-bfb2-6f5ddbcd42a0/call-SplitRG/shard-0/SplitLargeReadGroup/6e932b78-6ad9-4161-8d8e-21a830951cd5/call-SamToFastqAndDragmapAndMba/shard-17:/cromwell-executions1/WholeGenomeGermlineSingleSample/d3b27253-def8-4fcc-8159-f1f8d49265cf/call-UnmappedBamToAlignedBam/UnmappedBamToAlignedBam/3102800d-c908-42dc-bfb2-6f5ddbcd42a0/call-SplitRG/shard-0/SplitLargeReadGroup/6e932b78-6ad9-4161-8d8e-21a830951cd5/call-SamToFastqAndDragmapAndMba/shard-17 \
  -v /mnt/nas1/projects/lasr/blendseq:/mnt/nas1/projects/lasr/blendseq \
  us.gcr.io/broad-gotc-prod/dragmap@sha256:5964afca3e4173c33b11100f68c1a44642e0ff2ee4de5a49d8cd446fef308b23 /cromwell-executions1/WholeGenomeGermlineSingleSample/d3b27253-def8-4fcc-8159-f1f8d49265cf/call-UnmappedBamToAlignedBam/UnmappedBamToAlignedBam/3102800d-c908-42dc-bfb2-6f5ddbcd42a0/call-SplitRG/shard-0/SplitLargeReadGroup/6e932b78-6ad9-4161-8d8e-21a830951cd5/call-SamToFastqAndDragmapAndMba/shard-17/execution/script

# get the return code (working even if the container was detached)
rc=$(docker wait [38;5;5mcat /mnt/nas1/projects/lasr/blendseq/warp-pipelines/warp-gatk-germline-single-sample-pipeline-master/cromwell-executions1/WholeGenomeGermlineSingleSample/d3b27253-def8-4fcc-8159-f1f8d49265cf/call-UnmappedBamToAlignedBam/UnmappedBamToAlignedBam/3102800d-c908-42dc-bfb2-6f5ddbcd42a0/call-SplitRG/shard-0/SplitLargeReadGroup/6e932b78-6ad9-4161-8d8e-21a830951cd5/call-SamToFastqAndDragmapAndMba/shard-17/execution/docker_cid[0m)

# remove the container after waiting
docker rm [38;5;5mcat /mnt/nas1/projects/lasr/blendseq/warp-pipelines/warp-gatk-germline-single-sample-pipeline-master/cromwell-executions1/WholeGenomeGermlineSingleSample/d3b27253-def8-4fcc-8159-f1f8d49265cf/call-UnmappedBamToAlignedBam/UnmappedBamToAlignedBam/3102800d-c908-42dc-bfb2-6f5ddbcd42a0/call-SplitRG/shard-0/SplitLargeReadGroup/6e932b78-6ad9-4161-8d8e-21a830951cd5/call-SamToFastqAndDragmapAndMba/shard-17/execution/docker_cid[0m

# return exit code
exit $rc
[2026-03-31 10:19:41,07] [info] BackgroundConfigAsyncJobExecutionActor [[38;5;2m6e932b78[0mSplitLargeReadGroup.SamToFastqAndDragmapAndMba:17:1]: job id: 586651
[2026-03-31 10:19:41,07] [info] BackgroundConfigAsyncJobExecutionActor [[38;5;2m6e932b78[0mSplitLargeReadGroup.SamToFastqAndDragmapAndMba:17:1]: Status change from - to WaitingForReturnCode
[2026-03-31 10:52:15,60] [info] BackgroundConfigAsyncJobExecutionActor [[38;5;2m6e932b78[0mSplitLargeReadGroup.SamToFastqAndDragmapAndMba:17:1]: Status change from WaitingForReturnCode to Done
[2026-03-31 10:52:16,18] [info] Assigned new job execution tokens to the following groups: d3b27253: 1
[2026-03-31 10:52:16,22] [[38;5;220mwarn[0m] BackgroundConfigAsyncJobExecutionActor [[38;5;2m6e932b78[0mSplitLargeReadGroup.SamToFastqAndDragmapAndMba:7:1]: Unrecognized runtime attribute keys: preemptible, disks, cpu, memory
[2026-03-31 10:52:35,44] [info] BackgroundConfigAsyncJobExecutionActor [[38;5;2m6e932b78[0mSplitLargeReadGroup.SamToFastqAndDragmapAndMba:7:1]: [38;5;5mset -euxo pipefail

DRAGMAP_VERSION=$(dragen-os --version)

if [ -z ${DRAGMAP_VERSION} ]; then
    exit 1;
fi

mkdir dragen_reference
mv /cromwell-executions1/WholeGenomeGermlineSingleSample/d3b27253-def8-4fcc-8159-f1f8d49265cf/call-UnmappedBamToAlignedBam/UnmappedBamToAlignedBam/3102800d-c908-42dc-bfb2-6f5ddbcd42a0/call-SplitRG/shard-0/SplitLargeReadGroup/6e932b78-6ad9-4161-8d8e-21a830951cd5/call-SamToFastqAndDragmapAndMba/shard-7/inputs/-1290198700/reference.bin /cromwell-executions1/WholeGenomeGermlineSingleSample/d3b27253-def8-4fcc-8159-f1f8d49265cf/call-UnmappedBamToAlignedBam/UnmappedBamToAlignedBam/3102800d-c908-42dc-bfb2-6f5ddbcd42a0/call-SplitRG/shard-0/SplitLargeReadGroup/6e932b78-6ad9-4161-8d8e-21a830951cd5/call-SamToFastqAndDragmapAndMba/shard-7/inputs/-1290198700/hash_table.cfg.bin /cromwell-executions1/WholeGenomeGermlineSingleSample/d3b27253-def8-4fcc-8159-f1f8d49265cf/call-UnmappedBamToAlignedBam/UnmappedBamToAlignedBam/3102800d-c908-42dc-bfb2-6f5ddbcd42a0/call-SplitRG/shard-0/SplitLargeReadGroup/6e932b78-6ad9-4161-8d8e-21a830951cd5/call-SamToFastqAndDragmapAndMba/shard-7/inputs/-1290198700/hash_table.cmp dragen_reference

dragen-os -b /cromwell-executions1/WholeGenomeGermlineSingleSample/d3b27253-def8-4fcc-8159-f1f8d49265cf/call-UnmappedBamToAlignedBam/UnmappedBamToAlignedBam/3102800d-c908-42dc-bfb2-6f5ddbcd42a0/call-SplitRG/shard-0/SplitLargeReadGroup/6e932b78-6ad9-4161-8d8e-21a830951cd5/call-SamToFastqAndDragmapAndMba/shard-7/inputs/-268692571/shard_0008.bam -r dragen_reference --interleaved=1 --preserve-map-align-order true 2> >(tee shard_0008.dragmap.stderr.log >&2) | samtools view -h -O BAM - > aligned.bam
java -Dsamjdk.compression_level=2 -Xms300g -Xmx300g -jar /picard/picard.jar \
  MergeBamAlignment \
  VALIDATION_STRINGENCY=SILENT \
  EXPECTED_ORIENTATIONS=FR \
  ATTRIBUTES_TO_RETAIN=X0 \
  ATTRIBUTES_TO_REMOVE=RG \
  ATTRIBUTES_TO_REMOVE=NM \
  ATTRIBUTES_TO_REMOVE=MD \
  ALIGNED_BAM=aligned.bam \
  UNMAPPED_BAM=/cromwell-executions1/WholeGenomeGermlineSingleSample/d3b27253-def8-4fcc-8159-f1f8d49265cf/call-UnmappedBamToAlignedBam/UnmappedBamToAlignedBam/3102800d-c908-42dc-bfb2-6f5ddbcd42a0/call-SplitRG/shard-0/SplitLargeReadGroup/6e932b78-6ad9-4161-8d8e-21a830951cd5/call-SamToFastqAndDragmapAndMba/shard-7/inputs/-268692571/shard_0008.bam \
  OUTPUT=shard_0008.bam \
  REFERENCE_SEQUENCE=/cromwell-executions1/WholeGenomeGermlineSingleSample/d3b27253-def8-4fcc-8159-f1f8d49265cf/call-UnmappedBamToAlignedBam/UnmappedBamToAlignedBam/3102800d-c908-42dc-bfb2-6f5ddbcd42a0/call-SplitRG/shard-0/SplitLargeReadGroup/6e932b78-6ad9-4161-8d8e-21a830951cd5/call-SamToFastqAndDragmapAndMba/shard-7/inputs/-1569105944/Homo_sapiens_assembly38_masked.fasta \
  PAIRED_RUN=true \
  SORT_ORDER="unsorted" \
  IS_BISULFITE_SEQUENCE=false \
  ALIGNED_READS_ONLY=false \
  CLIP_ADAPTERS=false \
   \
   \
  MAX_RECORDS_IN_RAM=2000000 \
  ADD_MATE_CIGAR=true \
  MAX_INSERTIONS_OR_DELETIONS=-1 \
  PRIMARY_ALIGNMENT_STRATEGY=MostDistant \
  PROGRAM_RECORD_ID="dragen-os" \
  PROGRAM_GROUP_VERSION="${DRAGMAP_VERSION}" \
  PROGRAM_GROUP_COMMAND_LINE="dragen-os -b /cromwell-executions1/WholeGenomeGermlineSingleSample/d3b27253-def8-4fcc-8159-f1f8d49265cf/call-UnmappedBamToAlignedBam/UnmappedBamToAlignedBam/3102800d-c908-42dc-bfb2-6f5ddbcd42a0/call-SplitRG/shard-0/SplitLargeReadGroup/6e932b78-6ad9-4161-8d8e-21a830951cd5/call-SamToFastqAndDragmapAndMba/shard-7/inputs/-268692571/shard_0008.bam -r dragen_reference --interleaved=1" \
  PROGRAM_GROUP_NAME="dragen-os" \
  UNMAPPED_READ_STRATEGY=COPY_TO_TAG \
  ALIGNER_PROPER_PAIR_FLAGS=true \
  UNMAP_CONTAMINANT_READS=true \
  ADD_PG_TAG_TO_READS=false[0m
[2026-03-31 10:52:35,54] [info] BackgroundConfigAsyncJobExecutionActor [[38;5;2m6e932b78[0mSplitLargeReadGroup.SamToFastqAndDragmapAndMba:7:1]: executing: # make sure there is no preexisting Docker CID file
rm -f /mnt/nas1/projects/lasr/blendseq/warp-pipelines/warp-gatk-germline-single-sample-pipeline-master/cromwell-executions1/WholeGenomeGermlineSingleSample/d3b27253-def8-4fcc-8159-f1f8d49265cf/call-UnmappedBamToAlignedBam/UnmappedBamToAlignedBam/3102800d-c908-42dc-bfb2-6f5ddbcd42a0/call-SplitRG/shard-0/SplitLargeReadGroup/6e932b78-6ad9-4161-8d8e-21a830951cd5/call-SamToFastqAndDragmapAndMba/shard-7/execution/docker_cid
# run as in the original configuration without --rm flag (will remove later)
docker run \
  --cidfile /mnt/nas1/projects/lasr/blendseq/warp-pipelines/warp-gatk-germline-single-sample-pipeline-master/cromwell-executions1/WholeGenomeGermlineSingleSample/d3b27253-def8-4fcc-8159-f1f8d49265cf/call-UnmappedBamToAlignedBam/UnmappedBamToAlignedBam/3102800d-c908-42dc-bfb2-6f5ddbcd42a0/call-SplitRG/shard-0/SplitLargeReadGroup/6e932b78-6ad9-4161-8d8e-21a830951cd5/call-SamToFastqAndDragmapAndMba/shard-7/execution/docker_cid \
  -i \
  --user 1027:1028 \
  --cpus="64" \
  --memory="409600m" \
  --entrypoint /bin/bash \
  -v /mnt/nas1/projects/lasr/blendseq/warp-pipelines/warp-gatk-germline-single-sample-pipeline-master/cromwell-executions1/WholeGenomeGermlineSingleSample/d3b27253-def8-4fcc-8159-f1f8d49265cf/call-UnmappedBamToAlignedBam/UnmappedBamToAlignedBam/3102800d-c908-42dc-bfb2-6f5ddbcd42a0/call-SplitRG/shard-0/SplitLargeReadGroup/6e932b78-6ad9-4161-8d8e-21a830951cd5/call-SamToFastqAndDragmapAndMba/shard-7:/cromwell-executions1/WholeGenomeGermlineSingleSample/d3b27253-def8-4fcc-8159-f1f8d49265cf/call-UnmappedBamToAlignedBam/UnmappedBamToAlignedBam/3102800d-c908-42dc-bfb2-6f5ddbcd42a0/call-SplitRG/shard-0/SplitLargeReadGroup/6e932b78-6ad9-4161-8d8e-21a830951cd5/call-SamToFastqAndDragmapAndMba/shard-7 \
  -v /mnt/nas1/projects/lasr/blendseq:/mnt/nas1/projects/lasr/blendseq \
  us.gcr.io/broad-gotc-prod/dragmap@sha256:5964afca3e4173c33b11100f68c1a44642e0ff2ee4de5a49d8cd446fef308b23 /cromwell-executions1/WholeGenomeGermlineSingleSample/d3b27253-def8-4fcc-8159-f1f8d49265cf/call-UnmappedBamToAlignedBam/UnmappedBamToAlignedBam/3102800d-c908-42dc-bfb2-6f5ddbcd42a0/call-SplitRG/shard-0/SplitLargeReadGroup/6e932b78-6ad9-4161-8d8e-21a830951cd5/call-SamToFastqAndDragmapAndMba/shard-7/execution/script

# get the return code (working even if the container was detached)
rc=$(docker wait [38;5;5mcat /mnt/nas1/projects/lasr/blendseq/warp-pipelines/warp-gatk-germline-single-sample-pipeline-master/cromwell-executions1/WholeGenomeGermlineSingleSample/d3b27253-def8-4fcc-8159-f1f8d49265cf/call-UnmappedBamToAlignedBam/UnmappedBamToAlignedBam/3102800d-c908-42dc-bfb2-6f5ddbcd42a0/call-SplitRG/shard-0/SplitLargeReadGroup/6e932b78-6ad9-4161-8d8e-21a830951cd5/call-SamToFastqAndDragmapAndMba/shard-7/execution/docker_cid[0m)

# remove the container after waiting
docker rm [38;5;5mcat /mnt/nas1/projects/lasr/blendseq/warp-pipelines/warp-gatk-germline-single-sample-pipeline-master/cromwell-executions1/WholeGenomeGermlineSingleSample/d3b27253-def8-4fcc-8159-f1f8d49265cf/call-UnmappedBamToAlignedBam/UnmappedBamToAlignedBam/3102800d-c908-42dc-bfb2-6f5ddbcd42a0/call-SplitRG/shard-0/SplitLargeReadGroup/6e932b78-6ad9-4161-8d8e-21a830951cd5/call-SamToFastqAndDragmapAndMba/shard-7/execution/docker_cid[0m

# return exit code
exit $rc
[2026-03-31 10:52:36,06] [info] BackgroundConfigAsyncJobExecutionActor [[38;5;2m6e932b78[0mSplitLargeReadGroup.SamToFastqAndDragmapAndMba:7:1]: job id: 587668
[2026-03-31 10:52:36,07] [info] BackgroundConfigAsyncJobExecutionActor [[38;5;2m6e932b78[0mSplitLargeReadGroup.SamToFastqAndDragmapAndMba:7:1]: Status change from - to WaitingForReturnCode
[2026-03-31 11:24:00,45] [info] BackgroundConfigAsyncJobExecutionActor [[38;5;2m6e932b78[0mSplitLargeReadGroup.SamToFastqAndDragmapAndMba:7:1]: Status change from WaitingForReturnCode to Done
[2026-03-31 11:24:06,18] [info] Assigned new job execution tokens to the following groups: d3b27253: 1
[2026-03-31 11:24:06,21] [[38;5;220mwarn[0m] BackgroundConfigAsyncJobExecutionActor [[38;5;2m6e932b78[0mSplitLargeReadGroup.SamToFastqAndDragmapAndMba:0:1]: Unrecognized runtime attribute keys: preemptible, disks, cpu, memory
[2026-03-31 11:24:31,30] [info] BackgroundConfigAsyncJobExecutionActor [[38;5;2m6e932b78[0mSplitLargeReadGroup.SamToFastqAndDragmapAndMba:0:1]: [38;5;5mset -euxo pipefail

DRAGMAP_VERSION=$(dragen-os --version)

if [ -z ${DRAGMAP_VERSION} ]; then
    exit 1;
fi

mkdir dragen_reference
mv /cromwell-executions1/WholeGenomeGermlineSingleSample/d3b27253-def8-4fcc-8159-f1f8d49265cf/call-UnmappedBamToAlignedBam/UnmappedBamToAlignedBam/3102800d-c908-42dc-bfb2-6f5ddbcd42a0/call-SplitRG/shard-0/SplitLargeReadGroup/6e932b78-6ad9-4161-8d8e-21a830951cd5/call-SamToFastqAndDragmapAndMba/shard-0/inputs/-1290198700/reference.bin /cromwell-executions1/WholeGenomeGermlineSingleSample/d3b27253-def8-4fcc-8159-f1f8d49265cf/call-UnmappedBamToAlignedBam/UnmappedBamToAlignedBam/3102800d-c908-42dc-bfb2-6f5ddbcd42a0/call-SplitRG/shard-0/SplitLargeReadGroup/6e932b78-6ad9-4161-8d8e-21a830951cd5/call-SamToFastqAndDragmapAndMba/shard-0/inputs/-1290198700/hash_table.cfg.bin /cromwell-executions1/WholeGenomeGermlineSingleSample/d3b27253-def8-4fcc-8159-f1f8d49265cf/call-UnmappedBamToAlignedBam/UnmappedBamToAlignedBam/3102800d-c908-42dc-bfb2-6f5ddbcd42a0/call-SplitRG/shard-0/SplitLargeReadGroup/6e932b78-6ad9-4161-8d8e-21a830951cd5/call-SamToFastqAndDragmapAndMba/shard-0/inputs/-1290198700/hash_table.cmp dragen_reference

dragen-os -b /cromwell-executions1/WholeGenomeGermlineSingleSample/d3b27253-def8-4fcc-8159-f1f8d49265cf/call-UnmappedBamToAlignedBam/UnmappedBamToAlignedBam/3102800d-c908-42dc-bfb2-6f5ddbcd42a0/call-SplitRG/shard-0/SplitLargeReadGroup/6e932b78-6ad9-4161-8d8e-21a830951cd5/call-SamToFastqAndDragmapAndMba/shard-0/inputs/-268692571/shard_0001.bam -r dragen_reference --interleaved=1 --preserve-map-align-order true 2> >(tee shard_0001.dragmap.stderr.log >&2) | samtools view -h -O BAM - > aligned.bam
java -Dsamjdk.compression_level=2 -Xms300g -Xmx300g -jar /picard/picard.jar \
  MergeBamAlignment \
  VALIDATION_STRINGENCY=SILENT \
  EXPECTED_ORIENTATIONS=FR \
  ATTRIBUTES_TO_RETAIN=X0 \
  ATTRIBUTES_TO_REMOVE=RG \
  ATTRIBUTES_TO_REMOVE=NM \
  ATTRIBUTES_TO_REMOVE=MD \
  ALIGNED_BAM=aligned.bam \
  UNMAPPED_BAM=/cromwell-executions1/WholeGenomeGermlineSingleSample/d3b27253-def8-4fcc-8159-f1f8d49265cf/call-UnmappedBamToAlignedBam/UnmappedBamToAlignedBam/3102800d-c908-42dc-bfb2-6f5ddbcd42a0/call-SplitRG/shard-0/SplitLargeReadGroup/6e932b78-6ad9-4161-8d8e-21a830951cd5/call-SamToFastqAndDragmapAndMba/shard-0/inputs/-268692571/shard_0001.bam \
  OUTPUT=shard_0001.bam \
  REFERENCE_SEQUENCE=/cromwell-executions1/WholeGenomeGermlineSingleSample/d3b27253-def8-4fcc-8159-f1f8d49265cf/call-UnmappedBamToAlignedBam/UnmappedBamToAlignedBam/3102800d-c908-42dc-bfb2-6f5ddbcd42a0/call-SplitRG/shard-0/SplitLargeReadGroup/6e932b78-6ad9-4161-8d8e-21a830951cd5/call-SamToFastqAndDragmapAndMba/shard-0/inputs/-1569105944/Homo_sapiens_assembly38_masked.fasta \
  PAIRED_RUN=true \
  SORT_ORDER="unsorted" \
  IS_BISULFITE_SEQUENCE=false \
  ALIGNED_READS_ONLY=false \
  CLIP_ADAPTERS=false \
   \
   \
  MAX_RECORDS_IN_RAM=2000000 \
  ADD_MATE_CIGAR=true \
  MAX_INSERTIONS_OR_DELETIONS=-1 \
  PRIMARY_ALIGNMENT_STRATEGY=MostDistant \
  PROGRAM_RECORD_ID="dragen-os" \
  PROGRAM_GROUP_VERSION="${DRAGMAP_VERSION}" \
  PROGRAM_GROUP_COMMAND_LINE="dragen-os -b /cromwell-executions1/WholeGenomeGermlineSingleSample/d3b27253-def8-4fcc-8159-f1f8d49265cf/call-UnmappedBamToAlignedBam/UnmappedBamToAlignedBam/3102800d-c908-42dc-bfb2-6f5ddbcd42a0/call-SplitRG/shard-0/SplitLargeReadGroup/6e932b78-6ad9-4161-8d8e-21a830951cd5/call-SamToFastqAndDragmapAndMba/shard-0/inputs/-268692571/shard_0001.bam -r dragen_reference --interleaved=1" \
  PROGRAM_GROUP_NAME="dragen-os" \
  UNMAPPED_READ_STRATEGY=COPY_TO_TAG \
  ALIGNER_PROPER_PAIR_FLAGS=true \
  UNMAP_CONTAMINANT_READS=true \
  ADD_PG_TAG_TO_READS=false[0m
[2026-03-31 11:24:31,41] [info] BackgroundConfigAsyncJobExecutionActor [[38;5;2m6e932b78[0mSplitLargeReadGroup.SamToFastqAndDragmapAndMba:0:1]: executing: # make sure there is no preexisting Docker CID file
rm -f /mnt/nas1/projects/lasr/blendseq/warp-pipelines/warp-gatk-germline-single-sample-pipeline-master/cromwell-executions1/WholeGenomeGermlineSingleSample/d3b27253-def8-4fcc-8159-f1f8d49265cf/call-UnmappedBamToAlignedBam/UnmappedBamToAlignedBam/3102800d-c908-42dc-bfb2-6f5ddbcd42a0/call-SplitRG/shard-0/SplitLargeReadGroup/6e932b78-6ad9-4161-8d8e-21a830951cd5/call-SamToFastqAndDragmapAndMba/shard-0/execution/docker_cid
# run as in the original configuration without --rm flag (will remove later)
docker run \
  --cidfile /mnt/nas1/projects/lasr/blendseq/warp-pipelines/warp-gatk-germline-single-sample-pipeline-master/cromwell-executions1/WholeGenomeGermlineSingleSample/d3b27253-def8-4fcc-8159-f1f8d49265cf/call-UnmappedBamToAlignedBam/UnmappedBamToAlignedBam/3102800d-c908-42dc-bfb2-6f5ddbcd42a0/call-SplitRG/shard-0/SplitLargeReadGroup/6e932b78-6ad9-4161-8d8e-21a830951cd5/call-SamToFastqAndDragmapAndMba/shard-0/execution/docker_cid \
  -i \
  --user 1027:1028 \
  --cpus="64" \
  --memory="409600m" \
  --entrypoint /bin/bash \
  -v /mnt/nas1/projects/lasr/blendseq/warp-pipelines/warp-gatk-germline-single-sample-pipeline-master/cromwell-executions1/WholeGenomeGermlineSingleSample/d3b27253-def8-4fcc-8159-f1f8d49265cf/call-UnmappedBamToAlignedBam/UnmappedBamToAlignedBam/3102800d-c908-42dc-bfb2-6f5ddbcd42a0/call-SplitRG/shard-0/SplitLargeReadGroup/6e932b78-6ad9-4161-8d8e-21a830951cd5/call-SamToFastqAndDragmapAndMba/shard-0:/cromwell-executions1/WholeGenomeGermlineSingleSample/d3b27253-def8-4fcc-8159-f1f8d49265cf/call-UnmappedBamToAlignedBam/UnmappedBamToAlignedBam/3102800d-c908-42dc-bfb2-6f5ddbcd42a0/call-SplitRG/shard-0/SplitLargeReadGroup/6e932b78-6ad9-4161-8d8e-21a830951cd5/call-SamToFastqAndDragmapAndMba/shard-0 \
  -v /mnt/nas1/projects/lasr/blendseq:/mnt/nas1/projects/lasr/blendseq \
  us.gcr.io/broad-gotc-prod/dragmap@sha256:5964afca3e4173c33b11100f68c1a44642e0ff2ee4de5a49d8cd446fef308b23 /cromwell-executions1/WholeGenomeGermlineSingleSample/d3b27253-def8-4fcc-8159-f1f8d49265cf/call-UnmappedBamToAlignedBam/UnmappedBamToAlignedBam/3102800d-c908-42dc-bfb2-6f5ddbcd42a0/call-SplitRG/shard-0/SplitLargeReadGroup/6e932b78-6ad9-4161-8d8e-21a830951cd5/call-SamToFastqAndDragmapAndMba/shard-0/execution/script

# get the return code (working even if the container was detached)
rc=$(docker wait [38;5;5mcat /mnt/nas1/projects/lasr/blendseq/warp-pipelines/warp-gatk-germline-single-sample-pipeline-master/cromwell-executions1/WholeGenomeGermlineSingleSample/d3b27253-def8-4fcc-8159-f1f8d49265cf/call-UnmappedBamToAlignedBam/UnmappedBamToAlignedBam/3102800d-c908-42dc-bfb2-6f5ddbcd42a0/call-SplitRG/shard-0/SplitLargeReadGroup/6e932b78-6ad9-4161-8d8e-21a830951cd5/call-SamToFastqAndDragmapAndMba/shard-0/execution/docker_cid[0m)

# remove the container after waiting
docker rm [38;5;5mcat /mnt/nas1/projects/lasr/blendseq/warp-pipelines/warp-gatk-germline-single-sample-pipeline-master/cromwell-executions1/WholeGenomeGermlineSingleSample/d3b27253-def8-4fcc-8159-f1f8d49265cf/call-UnmappedBamToAlignedBam/UnmappedBamToAlignedBam/3102800d-c908-42dc-bfb2-6f5ddbcd42a0/call-SplitRG/shard-0/SplitLargeReadGroup/6e932b78-6ad9-4161-8d8e-21a830951cd5/call-SamToFastqAndDragmapAndMba/shard-0/execution/docker_cid[0m

# return exit code
exit $rc
[2026-03-31 11:24:36,06] [info] BackgroundConfigAsyncJobExecutionActor [[38;5;2m6e932b78[0mSplitLargeReadGroup.SamToFastqAndDragmapAndMba:0:1]: job id: 588697
[2026-03-31 11:24:36,07] [info] BackgroundConfigAsyncJobExecutionActor [[38;5;2m6e932b78[0mSplitLargeReadGroup.SamToFastqAndDragmapAndMba:0:1]: Status change from - to WaitingForReturnCode
[2026-03-31 12:00:25,35] [info] BackgroundConfigAsyncJobExecutionActor [[38;5;2m6e932b78[0mSplitLargeReadGroup.SamToFastqAndDragmapAndMba:0:1]: Status change from WaitingForReturnCode to Done
[2026-03-31 12:00:30,18] [info] 6e932b78-6ad9-4161-8d8e-21a830951cd5-SubWorkflowActor-SubWorkflow-SplitRG:0:1 [[38;5;2m6e932b78[0m]: Starting SplitLargeReadGroup.GatherMonolithicBamFile
[2026-03-31 12:00:36,18] [info] Assigned new job execution tokens to the following groups: d3b27253: 1
[2026-03-31 12:00:36,19] [[38;5;220mwarn[0m] BackgroundConfigAsyncJobExecutionActor [[38;5;2m6e932b78[0mSplitLargeReadGroup.GatherMonolithicBamFile:NA:1]: Unrecognized runtime attribute keys: preemptible, disks, memory
[2026-03-31 12:12:21,40] [info] BackgroundConfigAsyncJobExecutionActor [[38;5;2m6e932b78[0mSplitLargeReadGroup.GatherMonolithicBamFile:NA:1]: [38;5;5mjava -Dsamjdk.compression_level=2 -Xms300g -Xmx300g -jar /usr/picard/picard.jar \
  GatherBamFiles \
  INPUT=/cromwell-executions1/WholeGenomeGermlineSingleSample/d3b27253-def8-4fcc-8159-f1f8d49265cf/call-UnmappedBamToAlignedBam/UnmappedBamToAlignedBam/3102800d-c908-42dc-bfb2-6f5ddbcd42a0/call-SplitRG/shard-0/SplitLargeReadGroup/6e932b78-6ad9-4161-8d8e-21a830951cd5/call-GatherMonolithicBamFile/inputs/68697199/shard_0001.bam INPUT=/cromwell-executions1/WholeGenomeGermlineSingleSample/d3b27253-def8-4fcc-8159-f1f8d49265cf/call-UnmappedBamToAlignedBam/UnmappedBamToAlignedBam/3102800d-c908-42dc-bfb2-6f5ddbcd42a0/call-SplitRG/shard-0/SplitLargeReadGroup/6e932b78-6ad9-4161-8d8e-21a830951cd5/call-GatherMonolithicBamFile/inputs/-1728254160/shard_0002.bam INPUT=/cromwell-executions1/WholeGenomeGermlineSingleSample/d3b27253-def8-4fcc-8159-f1f8d49265cf/call-UnmappedBamToAlignedBam/UnmappedBamToAlignedBam/3102800d-c908-42dc-bfb2-6f5ddbcd42a0/call-SplitRG/shard-0/SplitLargeReadGroup/6e932b78-6ad9-4161-8d8e-21a830951cd5/call-GatherMonolithicBamFile/inputs/769761777/shard_0003.bam INPUT=/cromwell-executions1/WholeGenomeGermlineSingleSample/d3b27253-def8-4fcc-8159-f1f8d49265cf/call-UnmappedBamToAlignedBam/UnmappedBamToAlignedBam/3102800d-c908-42dc-bfb2-6f5ddbcd42a0/call-SplitRG/shard-0/SplitLargeReadGroup/6e932b78-6ad9-4161-8d8e-21a830951cd5/call-GatherMonolithicBamFile/inputs/-1027189582/shard_0004.bam INPUT=/cromwell-executions1/WholeGenomeGermlineSingleSample/d3b27253-def8-4fcc-8159-f1f8d49265cf/call-UnmappedBamToAlignedBam/UnmappedBamToAlignedBam/3102800d-c908-42dc-bfb2-6f5ddbcd42a0/call-SplitRG/shard-0/SplitLargeReadGroup/6e932b78-6ad9-4161-8d8e-21a830951cd5/call-GatherMonolithicBamFile/inputs/1470826355/shard_0005.bam INPUT=/cromwell-executions1/WholeGenomeGermlineSingleSample/d3b27253-def8-4fcc-8159-f1f8d49265cf/call-UnmappedBamToAlignedBam/UnmappedBamToAlignedBam/3102800d-c908-42dc-bfb2-6f5ddbcd42a0/call-SplitRG/shard-0/SplitLargeReadGroup/6e932b78-6ad9-4161-8d8e-21a830951cd5/call-GatherMonolithicBamFile/inputs/-326125004/shard_0006.bam INPUT=/cromwell-executions1/WholeGenomeGermlineSingleSample/d3b27253-def8-4fcc-8159-f1f8d49265cf/call-UnmappedBamToAlignedBam/UnmappedBamToAlignedBam/3102800d-c908-42dc-bfb2-6f5ddbcd42a0/call-SplitRG/shard-0/SplitLargeReadGroup/6e932b78-6ad9-4161-8d8e-21a830951cd5/call-GatherMonolithicBamFile/inputs/-2123076363/shard_0007.bam INPUT=/cromwell-executions1/WholeGenomeGermlineSingleSample/d3b27253-def8-4fcc-8159-f1f8d49265cf/call-UnmappedBamToAlignedBam/UnmappedBamToAlignedBam/3102800d-c908-42dc-bfb2-6f5ddbcd42a0/call-SplitRG/shard-0/SplitLargeReadGroup/6e932b78-6ad9-4161-8d8e-21a830951cd5/call-GatherMonolithicBamFile/inputs/374939574/shard_0008.bam INPUT=/cromwell-executions1/WholeGenomeGermlineSingleSample/d3b27253-def8-4fcc-8159-f1f8d49265cf/call-UnmappedBamToAlignedBam/UnmappedBamToAlignedBam/3102800d-c908-42dc-bfb2-6f5ddbcd42a0/call-SplitRG/shard-0/SplitLargeReadGroup/6e932b78-6ad9-4161-8d8e-21a830951cd5/call-GatherMonolithicBamFile/inputs/-1422011785/shard_0009.bam INPUT=/cromwell-executions1/WholeGenomeGermlineSingleSample/d3b27253-def8-4fcc-8159-f1f8d49265cf/call-UnmappedBamToAlignedBam/UnmappedBamToAlignedBam/3102800d-c908-42dc-bfb2-6f5ddbcd42a0/call-SplitRG/shard-0/SplitLargeReadGroup/6e932b78-6ad9-4161-8d8e-21a830951cd5/call-GatherMonolithicBamFile/inputs/1076004152/shard_0010.bam INPUT=/cromwell-executions1/WholeGenomeGermlineSingleSample/d3b27253-def8-4fcc-8159-f1f8d49265cf/call-UnmappedBamToAlignedBam/UnmappedBamToAlignedBam/3102800d-c908-42dc-bfb2-6f5ddbcd42a0/call-SplitRG/shard-0/SplitLargeReadGroup/6e932b78-6ad9-4161-8d8e-21a830951cd5/call-GatherMonolithicBamFile/inputs/-1814945422/shard_0011.bam INPUT=/cromwell-executions1/WholeGenomeGermlineSingleSample/d3b27253-def8-4fcc-8159-f1f8d49265cf/call-UnmappedBamToAlignedBam/UnmappedBamToAlignedBam/3102800d-c908-42dc-bfb2-6f5ddbcd42a0/call-SplitRG/shard-0/SplitLargeReadGroup/6e932b78-6ad9-4161-8d8e-21a830951cd5/call-GatherMonolithicBamFile/inputs/683070515/shard_0012.bam INPUT=/cromwell-executions1/WholeGenomeGermlineSingleSample/d3b27253-def8-4fcc-8159-f1f8d49265cf/call-UnmappedBamToAlignedBam/UnmappedBamToAlignedBam/3102800d-c908-42dc-bfb2-6f5ddbcd42a0/call-SplitRG/shard-0/SplitLargeReadGroup/6e932b78-6ad9-4161-8d8e-21a830951cd5/call-GatherMonolithicBamFile/inputs/-1113880844/shard_0013.bam INPUT=/cromwell-executions1/WholeGenomeGermlineSingleSample/d3b27253-def8-4fcc-8159-f1f8d49265cf/call-UnmappedBamToAlignedBam/UnmappedBamToAlignedBam/3102800d-c908-42dc-bfb2-6f5ddbcd42a0/call-SplitRG/shard-0/SplitLargeReadGroup/6e932b78-6ad9-4161-8d8e-21a830951cd5/call-GatherMonolithicBamFile/inputs/1384135093/shard_0014.bam INPUT=/cromwell-executions1/WholeGenomeGermlineSingleSample/d3b27253-def8-4fcc-8159-f1f8d49265cf/call-UnmappedBamToAlignedBam/UnmappedBamToAlignedBam/3102800d-c908-42dc-bfb2-6f5ddbcd42a0/call-SplitRG/shard-0/SplitLargeReadGroup/6e932b78-6ad9-4161-8d8e-21a830951cd5/call-GatherMonolithicBamFile/inputs/-412816266/shard_0015.bam INPUT=/cromwell-executions1/WholeGenomeGermlineSingleSample/d3b27253-def8-4fcc-8159-f1f8d49265cf/call-UnmappedBamToAlignedBam/UnmappedBamToAlignedBam/3102800d-c908-42dc-bfb2-6f5ddbcd42a0/call-SplitRG/shard-0/SplitLargeReadGroup/6e932b78-6ad9-4161-8d8e-21a830951cd5/call-GatherMonolithicBamFile/inputs/2085199671/shard_0016.bam INPUT=/cromwell-executions1/WholeGenomeGermlineSingleSample/d3b27253-def8-4fcc-8159-f1f8d49265cf/call-UnmappedBamToAlignedBam/UnmappedBamToAlignedBam/3102800d-c908-42dc-bfb2-6f5ddbcd42a0/call-SplitRG/shard-0/SplitLargeReadGroup/6e932b78-6ad9-4161-8d8e-21a830951cd5/call-GatherMonolithicBamFile/inputs/288248312/shard_0017.bam INPUT=/cromwell-executions1/WholeGenomeGermlineSingleSample/d3b27253-def8-4fcc-8159-f1f8d49265cf/call-UnmappedBamToAlignedBam/UnmappedBamToAlignedBam/3102800d-c908-42dc-bfb2-6f5ddbcd42a0/call-SplitRG/shard-0/SplitLargeReadGroup/6e932b78-6ad9-4161-8d8e-21a830951cd5/call-GatherMonolithicBamFile/inputs/-1508703047/shard_0018.bam INPUT=/cromwell-executions1/WholeGenomeGermlineSingleSample/d3b27253-def8-4fcc-8159-f1f8d49265cf/call-UnmappedBamToAlignedBam/UnmappedBamToAlignedBam/3102800d-c908-42dc-bfb2-6f5ddbcd42a0/call-SplitRG/shard-0/SplitLargeReadGroup/6e932b78-6ad9-4161-8d8e-21a830951cd5/call-GatherMonolithicBamFile/inputs/989312890/shard_0019.bam INPUT=/cromwell-executions1/WholeGenomeGermlineSingleSample/d3b27253-def8-4fcc-8159-f1f8d49265cf/call-UnmappedBamToAlignedBam/UnmappedBamToAlignedBam/3102800d-c908-42dc-bfb2-6f5ddbcd42a0/call-SplitRG/shard-0/SplitLargeReadGroup/6e932b78-6ad9-4161-8d8e-21a830951cd5/call-GatherMonolithicBamFile/inputs/-807638469/shard_0020.bam INPUT=/cromwell-executions1/WholeGenomeGermlineSingleSample/d3b27253-def8-4fcc-8159-f1f8d49265cf/call-UnmappedBamToAlignedBam/UnmappedBamToAlignedBam/3102800d-c908-42dc-bfb2-6f5ddbcd42a0/call-SplitRG/shard-0/SplitLargeReadGroup/6e932b78-6ad9-4161-8d8e-21a830951cd5/call-GatherMonolithicBamFile/inputs/-1685862703/shard_0021.bam INPUT=/cromwell-executions1/WholeGenomeGermlineSingleSample/d3b27253-def8-4fcc-8159-f1f8d49265cf/call-UnmappedBamToAlignedBam/UnmappedBamToAlignedBam/3102800d-c908-42dc-bfb2-6f5ddbcd42a0/call-SplitRG/shard-0/SplitLargeReadGroup/6e932b78-6ad9-4161-8d8e-21a830951cd5/call-GatherMonolithicBamFile/inputs/812153234/shard_0022.bam INPUT=/cromwell-executions1/WholeGenomeGermlineSingleSample/d3b27253-def8-4fcc-8159-f1f8d49265cf/call-UnmappedBamToAlignedBam/UnmappedBamToAlignedBam/3102800d-c908-42dc-bfb2-6f5ddbcd42a0/call-SplitRG/shard-0/SplitLargeReadGroup/6e932b78-6ad9-4161-8d8e-21a830951cd5/call-GatherMonolithicBamFile/inputs/-984798125/shard_0023.bam INPUT=/cromwell-executions1/WholeGenomeGermlineSingleSample/d3b27253-def8-4fcc-8159-f1f8d49265cf/call-UnmappedBamToAlignedBam/UnmappedBamToAlignedBam/3102800d-c908-42dc-bfb2-6f5ddbcd42a0/call-SplitRG/shard-0/SplitLargeReadGroup/6e932b78-6ad9-4161-8d8e-21a830951cd5/call-GatherMonolithicBamFile/inputs/1513217812/shard_0024.bam INPUT=/cromwell-executions1/WholeGenomeGermlineSingleSample/d3b27253-def8-4fcc-8159-f1f8d49265cf/call-UnmappedBamToAlignedBam/UnmappedBamToAlignedBam/3102800d-c908-42dc-bfb2-6f5ddbcd42a0/call-SplitRG/shard-0/SplitLargeReadGroup/6e932b78-6ad9-4161-8d8e-21a830951cd5/call-GatherMonolithicBamFile/inputs/-283733547/shard_0025.bam INPUT=/cromwell-executions1/WholeGenomeGermlineSingleSample/d3b27253-def8-4fcc-8159-f1f8d49265cf/call-UnmappedBamToAlignedBam/UnmappedBamToAlignedBam/3102800d-c908-42dc-bfb2-6f5ddbcd42a0/call-SplitRG/shard-0/SplitLargeReadGroup/6e932b78-6ad9-4161-8d8e-21a830951cd5/call-GatherMonolithicBamFile/inputs/-2080684906/shard_0026.bam INPUT=/cromwell-executions1/WholeGenomeGermlineSingleSample/d3b27253-def8-4fcc-8159-f1f8d49265cf/call-UnmappedBamToAlignedBam/UnmappedBamToAlignedBam/3102800d-c908-42dc-bfb2-6f5ddbcd42a0/call-SplitRG/shard-0/SplitLargeReadGroup/6e932b78-6ad9-4161-8d8e-21a830951cd5/call-GatherMonolithicBamFile/inputs/417331031/shard_0027.bam INPUT=/cromwell-executions1/WholeGenomeGermlineSingleSample/d3b27253-def8-4fcc-8159-f1f8d49265cf/call-UnmappedBamToAlignedBam/UnmappedBamToAlignedBam/3102800d-c908-42dc-bfb2-6f5ddbcd42a0/call-SplitRG/shard-0/SplitLargeReadGroup/6e932b78-6ad9-4161-8d8e-21a830951cd5/call-GatherMonolithicBamFile/inputs/-1379620328/shard_0028.bam INPUT=/cromwell-executions1/WholeGenomeGermlineSingleSample/d3b27253-def8-4fcc-8159-f1f8d49265cf/call-UnmappedBamToAlignedBam/UnmappedBamToAlignedBam/3102800d-c908-42dc-bfb2-6f5ddbcd42a0/call-SplitRG/shard-0/SplitLargeReadGroup/6e932b78-6ad9-4161-8d8e-21a830951cd5/call-GatherMonolithicBamFile/inputs/1118395609/shard_0029.bam INPUT=/cromwell-executions1/WholeGenomeGermlineSingleSample/d3b27253-def8-4fcc-8159-f1f8d49265cf/call-UnmappedBamToAlignedBam/UnmappedBamToAlignedBam/3102800d-c908-42dc-bfb2-6f5ddbcd42a0/call-SplitRG/shard-0/SplitLargeReadGroup/6e932b78-6ad9-4161-8d8e-21a830951cd5/call-GatherMonolithicBamFile/inputs/-678555750/shard_0030.bam INPUT=/cromwell-executions1/WholeGenomeGermlineSingleSample/d3b27253-def8-4fcc-8159-f1f8d49265cf/call-UnmappedBamToAlignedBam/UnmappedBamToAlignedBam/3102800d-c908-42dc-bfb2-6f5ddbcd42a0/call-SplitRG/shard-0/SplitLargeReadGroup/6e932b78-6ad9-4161-8d8e-21a830951cd5/call-GatherMonolithicBamFile/inputs/-1556779984/shard_0031.bam INPUT=/cromwell-executions1/WholeGenomeGermlineSingleSample/d3b27253-def8-4fcc-8159-f1f8d49265cf/call-UnmappedBamToAlignedBam/UnmappedBamToAlignedBam/3102800d-c908-42dc-bfb2-6f5ddbcd42a0/call-SplitRG/shard-0/SplitLargeReadGroup/6e932b78-6ad9-4161-8d8e-21a830951cd5/call-GatherMonolithicBamFile/inputs/941235953/shard_0032.bam INPUT=/cromwell-executions1/WholeGenomeGermlineSingleSample/d3b27253-def8-4fcc-8159-f1f8d49265cf/call-UnmappedBamToAlignedBam/UnmappedBamToAlignedBam/3102800d-c908-42dc-bfb2-6f5ddbcd42a0/call-SplitRG/shard-0/SplitLargeReadGroup/6e932b78-6ad9-4161-8d8e-21a830951cd5/call-GatherMonolithicBamFile/inputs/-855715406/shard_0033.bam \
  OUTPUT=ERR3684866_ILMN.aligned.unsorted.bam \
  CREATE_INDEX=false \
  CREATE_MD5_FILE=false[0m
[2026-03-31 12:12:21,47] [info] BackgroundConfigAsyncJobExecutionActor [[38;5;2m6e932b78[0mSplitLargeReadGroup.GatherMonolithicBamFile:NA:1]: executing: # make sure there is no preexisting Docker CID file
rm -f /mnt/nas1/projects/lasr/blendseq/warp-pipelines/warp-gatk-germline-single-sample-pipeline-master/cromwell-executions1/WholeGenomeGermlineSingleSample/d3b27253-def8-4fcc-8159-f1f8d49265cf/call-UnmappedBamToAlignedBam/UnmappedBamToAlignedBam/3102800d-c908-42dc-bfb2-6f5ddbcd42a0/call-SplitRG/shard-0/SplitLargeReadGroup/6e932b78-6ad9-4161-8d8e-21a830951cd5/call-GatherMonolithicBamFile/execution/docker_cid
# run as in the original configuration without --rm flag (will remove later)
docker run \
  --cidfile /mnt/nas1/projects/lasr/blendseq/warp-pipelines/warp-gatk-germline-single-sample-pipeline-master/cromwell-executions1/WholeGenomeGermlineSingleSample/d3b27253-def8-4fcc-8159-f1f8d49265cf/call-UnmappedBamToAlignedBam/UnmappedBamToAlignedBam/3102800d-c908-42dc-bfb2-6f5ddbcd42a0/call-SplitRG/shard-0/SplitLargeReadGroup/6e932b78-6ad9-4161-8d8e-21a830951cd5/call-GatherMonolithicBamFile/execution/docker_cid \
  -i \
  --user 1027:1028 \
  --cpus="64" \
  --memory="409600m" \
  --entrypoint /bin/bash \
  -v /mnt/nas1/projects/lasr/blendseq/warp-pipelines/warp-gatk-germline-single-sample-pipeline-master/cromwell-executions1/WholeGenomeGermlineSingleSample/d3b27253-def8-4fcc-8159-f1f8d49265cf/call-UnmappedBamToAlignedBam/UnmappedBamToAlignedBam/3102800d-c908-42dc-bfb2-6f5ddbcd42a0/call-SplitRG/shard-0/SplitLargeReadGroup/6e932b78-6ad9-4161-8d8e-21a830951cd5/call-GatherMonolithicBamFile:/cromwell-executions1/WholeGenomeGermlineSingleSample/d3b27253-def8-4fcc-8159-f1f8d49265cf/call-UnmappedBamToAlignedBam/UnmappedBamToAlignedBam/3102800d-c908-42dc-bfb2-6f5ddbcd42a0/call-SplitRG/shard-0/SplitLargeReadGroup/6e932b78-6ad9-4161-8d8e-21a830951cd5/call-GatherMonolithicBamFile \
  -v /mnt/nas1/projects/lasr/blendseq:/mnt/nas1/projects/lasr/blendseq \
  us.gcr.io/broad-gotc-prod/picard-cloud@sha256:e5ad5339080c3107c04e4a4d000b8ab06f472b77019debc3ff75499d28995b0c /cromwell-executions1/WholeGenomeGermlineSingleSample/d3b27253-def8-4fcc-8159-f1f8d49265cf/call-UnmappedBamToAlignedBam/UnmappedBamToAlignedBam/3102800d-c908-42dc-bfb2-6f5ddbcd42a0/call-SplitRG/shard-0/SplitLargeReadGroup/6e932b78-6ad9-4161-8d8e-21a830951cd5/call-GatherMonolithicBamFile/execution/script

# get the return code (working even if the container was detached)
rc=$(docker wait [38;5;5mcat /mnt/nas1/projects/lasr/blendseq/warp-pipelines/warp-gatk-germline-single-sample-pipeline-master/cromwell-executions1/WholeGenomeGermlineSingleSample/d3b27253-def8-4fcc-8159-f1f8d49265cf/call-UnmappedBamToAlignedBam/UnmappedBamToAlignedBam/3102800d-c908-42dc-bfb2-6f5ddbcd42a0/call-SplitRG/shard-0/SplitLargeReadGroup/6e932b78-6ad9-4161-8d8e-21a830951cd5/call-GatherMonolithicBamFile/execution/docker_cid[0m)

# remove the container after waiting
docker rm [38;5;5mcat /mnt/nas1/projects/lasr/blendseq/warp-pipelines/warp-gatk-germline-single-sample-pipeline-master/cromwell-executions1/WholeGenomeGermlineSingleSample/d3b27253-def8-4fcc-8159-f1f8d49265cf/call-UnmappedBamToAlignedBam/UnmappedBamToAlignedBam/3102800d-c908-42dc-bfb2-6f5ddbcd42a0/call-SplitRG/shard-0/SplitLargeReadGroup/6e932b78-6ad9-4161-8d8e-21a830951cd5/call-GatherMonolithicBamFile/execution/docker_cid[0m

# return exit code
exit $rc
[2026-03-31 12:12:26,07] [info] BackgroundConfigAsyncJobExecutionActor [[38;5;2m6e932b78[0mSplitLargeReadGroup.GatherMonolithicBamFile:NA:1]: job id: 589950
[2026-03-31 12:12:26,07] [info] BackgroundConfigAsyncJobExecutionActor [[38;5;2m6e932b78[0mSplitLargeReadGroup.GatherMonolithicBamFile:NA:1]: Status change from - to WaitingForReturnCode
[2026-03-31 12:26:20,78] [info] BackgroundConfigAsyncJobExecutionActor [[38;5;2m6e932b78[0mSplitLargeReadGroup.GatherMonolithicBamFile:NA:1]: Status change from WaitingForReturnCode to Done
[2026-03-31 12:26:22,64] [info] 6e932b78-6ad9-4161-8d8e-21a830951cd5-SubWorkflowActor-SubWorkflow-SplitRG:0:1 [[38;5;2m6e932b78[0m]: Workflow SplitLargeReadGroup complete. Final Outputs:
{
  "SplitLargeReadGroup.aligned_bam": "/mnt/nas1/projects/lasr/blendseq/warp-pipelines/warp-gatk-germline-single-sample-pipeline-master/cromwell-executions1/WholeGenomeGermlineSingleSample/d3b27253-def8-4fcc-8159-f1f8d49265cf/call-UnmappedBamToAlignedBam/UnmappedBamToAlignedBam/3102800d-c908-42dc-bfb2-6f5ddbcd42a0/call-SplitRG/shard-0/SplitLargeReadGroup/6e932b78-6ad9-4161-8d8e-21a830951cd5/call-GatherMonolithicBamFile/execution/ERR3684866_ILMN.aligned.unsorted.bam"
}
[2026-03-31 12:26:29,48] [info] 3102800d-c908-42dc-bfb2-6f5ddbcd42a0-SubWorkflowActor-SubWorkflow-UnmappedBamToAlignedBam:-1:1 [[38;5;2m3102800d[0m]: Starting UnmappedBamToAlignedBam.CollectUnsortedReadgroupBamQualityMetrics
[2026-03-31 12:26:31,52] [info] 3102800d-c908-42dc-bfb2-6f5ddbcd42a0-SubWorkflowActor-SubWorkflow-UnmappedBamToAlignedBam:-1:1 [[38;5;2m3102800d[0m]: Starting UnmappedBamToAlignedBam.MarkDuplicates
[2026-03-31 12:26:36,18] [info] Assigned new job execution tokens to the following groups: d3b27253: 1
[2026-03-31 12:26:36,19] [[38;5;220mwarn[0m] BackgroundConfigAsyncJobExecutionActor [[38;5;2m3102800d[0mUnmappedBamToAlignedBam.CollectUnsortedReadgroupBamQualityMetrics:0:1]: Unrecognized runtime attribute keys: preemptible, disks, memory
[2026-03-31 12:42:35,91] [info] BackgroundConfigAsyncJobExecutionActor [[38;5;2m3102800d[0mUnmappedBamToAlignedBam.CollectUnsortedReadgroupBamQualityMetrics:0:1]: [38;5;5mjava -Xms5000m -Xmx6500m -jar /usr/picard/picard.jar \
  CollectMultipleMetrics \
  INPUT=/cromwell-executions1/WholeGenomeGermlineSingleSample/d3b27253-def8-4fcc-8159-f1f8d49265cf/call-UnmappedBamToAlignedBam/UnmappedBamToAlignedBam/3102800d-c908-42dc-bfb2-6f5ddbcd42a0/call-CollectUnsortedReadgroupBamQualityMetrics/shard-0/inputs/-1939593673/ERR3684866_ILMN.aligned.unsorted.bam \
  OUTPUT=ERR3684866_ILMN.readgroup \
  ASSUME_SORTED=true \
  PROGRAM=null \
  PROGRAM=CollectBaseDistributionByCycle \
  PROGRAM=CollectInsertSizeMetrics \
  PROGRAM=MeanQualityByCycle \
  PROGRAM=QualityScoreDistribution \
  METRIC_ACCUMULATION_LEVEL=null \
  METRIC_ACCUMULATION_LEVEL=ALL_READS

touch ERR3684866_ILMN.readgroup.insert_size_metrics
touch ERR3684866_ILMN.readgroup.insert_size_histogram.pdf[0m
[2026-03-31 12:42:36,00] [info] BackgroundConfigAsyncJobExecutionActor [[38;5;2m3102800d[0mUnmappedBamToAlignedBam.CollectUnsortedReadgroupBamQualityMetrics:0:1]: executing: # make sure there is no preexisting Docker CID file
rm -f /mnt/nas1/projects/lasr/blendseq/warp-pipelines/warp-gatk-germline-single-sample-pipeline-master/cromwell-executions1/WholeGenomeGermlineSingleSample/d3b27253-def8-4fcc-8159-f1f8d49265cf/call-UnmappedBamToAlignedBam/UnmappedBamToAlignedBam/3102800d-c908-42dc-bfb2-6f5ddbcd42a0/call-CollectUnsortedReadgroupBamQualityMetrics/shard-0/execution/docker_cid
# run as in the original configuration without --rm flag (will remove later)
docker run \
  --cidfile /mnt/nas1/projects/lasr/blendseq/warp-pipelines/warp-gatk-germline-single-sample-pipeline-master/cromwell-executions1/WholeGenomeGermlineSingleSample/d3b27253-def8-4fcc-8159-f1f8d49265cf/call-UnmappedBamToAlignedBam/UnmappedBamToAlignedBam/3102800d-c908-42dc-bfb2-6f5ddbcd42a0/call-CollectUnsortedReadgroupBamQualityMetrics/shard-0/execution/docker_cid \
  -i \
  --user 1027:1028 \
  --cpus="64" \
  --memory="409600m" \
  --entrypoint /bin/bash \
  -v /mnt/nas1/projects/lasr/blendseq/warp-pipelines/warp-gatk-germline-single-sample-pipeline-master/cromwell-executions1/WholeGenomeGermlineSingleSample/d3b27253-def8-4fcc-8159-f1f8d49265cf/call-UnmappedBamToAlignedBam/UnmappedBamToAlignedBam/3102800d-c908-42dc-bfb2-6f5ddbcd42a0/call-CollectUnsortedReadgroupBamQualityMetrics/shard-0:/cromwell-executions1/WholeGenomeGermlineSingleSample/d3b27253-def8-4fcc-8159-f1f8d49265cf/call-UnmappedBamToAlignedBam/UnmappedBamToAlignedBam/3102800d-c908-42dc-bfb2-6f5ddbcd42a0/call-CollectUnsortedReadgroupBamQualityMetrics/shard-0 \
  -v /mnt/nas1/projects/lasr/blendseq:/mnt/nas1/projects/lasr/blendseq \
  us.gcr.io/broad-gotc-prod/picard-cloud@sha256:e5ad5339080c3107c04e4a4d000b8ab06f472b77019debc3ff75499d28995b0c /cromwell-executions1/WholeGenomeGermlineSingleSample/d3b27253-def8-4fcc-8159-f1f8d49265cf/call-UnmappedBamToAlignedBam/UnmappedBamToAlignedBam/3102800d-c908-42dc-bfb2-6f5ddbcd42a0/call-CollectUnsortedReadgroupBamQualityMetrics/shard-0/execution/script

# get the return code (working even if the container was detached)
rc=$(docker wait [38;5;5mcat /mnt/nas1/projects/lasr/blendseq/warp-pipelines/warp-gatk-germline-single-sample-pipeline-master/cromwell-executions1/WholeGenomeGermlineSingleSample/d3b27253-def8-4fcc-8159-f1f8d49265cf/call-UnmappedBamToAlignedBam/UnmappedBamToAlignedBam/3102800d-c908-42dc-bfb2-6f5ddbcd42a0/call-CollectUnsortedReadgroupBamQualityMetrics/shard-0/execution/docker_cid[0m)

# remove the container after waiting
docker rm [38;5;5mcat /mnt/nas1/projects/lasr/blendseq/warp-pipelines/warp-gatk-germline-single-sample-pipeline-master/cromwell-executions1/WholeGenomeGermlineSingleSample/d3b27253-def8-4fcc-8159-f1f8d49265cf/call-UnmappedBamToAlignedBam/UnmappedBamToAlignedBam/3102800d-c908-42dc-bfb2-6f5ddbcd42a0/call-CollectUnsortedReadgroupBamQualityMetrics/shard-0/execution/docker_cid[0m

# return exit code
exit $rc
[2026-03-31 12:42:41,06] [info] BackgroundConfigAsyncJobExecutionActor [[38;5;2m3102800d[0mUnmappedBamToAlignedBam.CollectUnsortedReadgroupBamQualityMetrics:0:1]: job id: 590633
[2026-03-31 12:42:41,07] [info] BackgroundConfigAsyncJobExecutionActor [[38;5;2m3102800d[0mUnmappedBamToAlignedBam.CollectUnsortedReadgroupBamQualityMetrics:0:1]: Status change from - to WaitingForReturnCode
[2026-03-31 14:19:21,29] [info] BackgroundConfigAsyncJobExecutionActor [[38;5;2m3102800d[0mUnmappedBamToAlignedBam.CollectUnsortedReadgroupBamQualityMetrics:0:1]: Status change from WaitingForReturnCode to Done
[2026-03-31 14:19:26,18] [info] Assigned new job execution tokens to the following groups: d3b27253: 1
[2026-03-31 14:19:26,19] [[38;5;220mwarn[0m] BackgroundConfigAsyncJobExecutionActor [[38;5;2m3102800d[0mUnmappedBamToAlignedBam.MarkDuplicates:NA:1]: Unrecognized runtime attribute keys: preemptible, disks, memory
[2026-03-31 14:19:26,25] [info] BackgroundConfigAsyncJobExecutionActor [[38;5;2m3102800d[0mUnmappedBamToAlignedBam.MarkDuplicates:NA:1]: [38;5;5mjava -Dsamjdk.compression_level=2 -Xms300g -jar /usr/picard/picard.jar \
  MarkDuplicates \
  INPUT=/cromwell-executions1/WholeGenomeGermlineSingleSample/d3b27253-def8-4fcc-8159-f1f8d49265cf/call-UnmappedBamToAlignedBam/UnmappedBamToAlignedBam/3102800d-c908-42dc-bfb2-6f5ddbcd42a0/call-MarkDuplicates/inputs/-1939593673/ERR3684866_ILMN.aligned.unsorted.bam \
  OUTPUT=ERR3684866_ILMN.aligned.unsorted.duplicates_marked.bam \
  METRICS_FILE=ERR3684866_ILMN.duplicate_metrics \
  VALIDATION_STRINGENCY=SILENT \
   \
   \
  OPTICAL_DUPLICATE_PIXEL_DISTANCE=2500 \
  ASSUME_SORT_ORDER="queryname" \
  CLEAR_DT="false" \
  ADD_PG_TAG_TO_READS=false[0m
[2026-03-31 14:19:26,26] [info] BackgroundConfigAsyncJobExecutionActor [[38;5;2m3102800d[0mUnmappedBamToAlignedBam.MarkDuplicates:NA:1]: executing: # make sure there is no preexisting Docker CID file
rm -f /mnt/nas1/projects/lasr/blendseq/warp-pipelines/warp-gatk-germline-single-sample-pipeline-master/cromwell-executions1/WholeGenomeGermlineSingleSample/d3b27253-def8-4fcc-8159-f1f8d49265cf/call-UnmappedBamToAlignedBam/UnmappedBamToAlignedBam/3102800d-c908-42dc-bfb2-6f5ddbcd42a0/call-MarkDuplicates/execution/docker_cid
# run as in the original configuration without --rm flag (will remove later)
docker run \
  --cidfile /mnt/nas1/projects/lasr/blendseq/warp-pipelines/warp-gatk-germline-single-sample-pipeline-master/cromwell-executions1/WholeGenomeGermlineSingleSample/d3b27253-def8-4fcc-8159-f1f8d49265cf/call-UnmappedBamToAlignedBam/UnmappedBamToAlignedBam/3102800d-c908-42dc-bfb2-6f5ddbcd42a0/call-MarkDuplicates/execution/docker_cid \
  -i \
  --user 1027:1028 \
  --cpus="64" \
  --memory="409600m" \
  --entrypoint /bin/bash \
  -v /mnt/nas1/projects/lasr/blendseq/warp-pipelines/warp-gatk-germline-single-sample-pipeline-master/cromwell-executions1/WholeGenomeGermlineSingleSample/d3b27253-def8-4fcc-8159-f1f8d49265cf/call-UnmappedBamToAlignedBam/UnmappedBamToAlignedBam/3102800d-c908-42dc-bfb2-6f5ddbcd42a0/call-MarkDuplicates:/cromwell-executions1/WholeGenomeGermlineSingleSample/d3b27253-def8-4fcc-8159-f1f8d49265cf/call-UnmappedBamToAlignedBam/UnmappedBamToAlignedBam/3102800d-c908-42dc-bfb2-6f5ddbcd42a0/call-MarkDuplicates \
  -v /mnt/nas1/projects/lasr/blendseq:/mnt/nas1/projects/lasr/blendseq \
  us.gcr.io/broad-gotc-prod/picard-cloud@sha256:e5ad5339080c3107c04e4a4d000b8ab06f472b77019debc3ff75499d28995b0c /cromwell-executions1/WholeGenomeGermlineSingleSample/d3b27253-def8-4fcc-8159-f1f8d49265cf/call-UnmappedBamToAlignedBam/UnmappedBamToAlignedBam/3102800d-c908-42dc-bfb2-6f5ddbcd42a0/call-MarkDuplicates/execution/script

# get the return code (working even if the container was detached)
rc=$(docker wait [38;5;5mcat /mnt/nas1/projects/lasr/blendseq/warp-pipelines/warp-gatk-germline-single-sample-pipeline-master/cromwell-executions1/WholeGenomeGermlineSingleSample/d3b27253-def8-4fcc-8159-f1f8d49265cf/call-UnmappedBamToAlignedBam/UnmappedBamToAlignedBam/3102800d-c908-42dc-bfb2-6f5ddbcd42a0/call-MarkDuplicates/execution/docker_cid[0m)

# remove the container after waiting
docker rm [38;5;5mcat /mnt/nas1/projects/lasr/blendseq/warp-pipelines/warp-gatk-germline-single-sample-pipeline-master/cromwell-executions1/WholeGenomeGermlineSingleSample/d3b27253-def8-4fcc-8159-f1f8d49265cf/call-UnmappedBamToAlignedBam/UnmappedBamToAlignedBam/3102800d-c908-42dc-bfb2-6f5ddbcd42a0/call-MarkDuplicates/execution/docker_cid[0m

# return exit code
exit $rc
[2026-03-31 14:19:31,06] [info] BackgroundConfigAsyncJobExecutionActor [[38;5;2m3102800d[0mUnmappedBamToAlignedBam.MarkDuplicates:NA:1]: job id: 592574
[2026-03-31 14:19:31,07] [info] BackgroundConfigAsyncJobExecutionActor [[38;5;2m3102800d[0mUnmappedBamToAlignedBam.MarkDuplicates:NA:1]: Status change from - to WaitingForReturnCode
[2026-03-31 18:06:30,75] [info] BackgroundConfigAsyncJobExecutionActor [[38;5;2m3102800d[0mUnmappedBamToAlignedBam.MarkDuplicates:NA:1]: Status change from WaitingForReturnCode to Done
[2026-03-31 18:06:32,51] [info] 3102800d-c908-42dc-bfb2-6f5ddbcd42a0-SubWorkflowActor-SubWorkflow-UnmappedBamToAlignedBam:-1:1 [[38;5;2m3102800d[0m]: Starting UnmappedBamToAlignedBam.SortSampleBam
[2026-03-31 18:06:36,18] [info] Assigned new job execution tokens to the following groups: d3b27253: 1
[2026-03-31 18:06:36,19] [[38;5;220mwarn[0m] BackgroundConfigAsyncJobExecutionActor [[38;5;2m3102800d[0mUnmappedBamToAlignedBam.SortSampleBam:NA:1]: Unrecognized runtime attribute keys: preemptible, disks, cpu, memory
[2026-03-31 18:21:43,12] [info] BackgroundConfigAsyncJobExecutionActor [[38;5;2m3102800d[0mUnmappedBamToAlignedBam.SortSampleBam:NA:1]: [38;5;5mjava -Dsamjdk.compression_level=2 -Xms300g -Xmx300g -jar /usr/picard/picard.jar \
  SortSam \
  INPUT=/cromwell-executions1/WholeGenomeGermlineSingleSample/d3b27253-def8-4fcc-8159-f1f8d49265cf/call-UnmappedBamToAlignedBam/UnmappedBamToAlignedBam/3102800d-c908-42dc-bfb2-6f5ddbcd42a0/call-SortSampleBam/inputs/818720113/ERR3684866_ILMN.aligned.unsorted.duplicates_marked.bam \
  OUTPUT=ERR3684866_ILMN.aligned.duplicate_marked.sorted.bam \
  SORT_ORDER="coordinate" \
  CREATE_INDEX=true \
  CREATE_MD5_FILE=true \
  MAX_RECORDS_IN_RAM=300000[0m
[2026-03-31 18:21:43,33] [info] BackgroundConfigAsyncJobExecutionActor [[38;5;2m3102800d[0mUnmappedBamToAlignedBam.SortSampleBam:NA:1]: executing: # make sure there is no preexisting Docker CID file
rm -f /mnt/nas1/projects/lasr/blendseq/warp-pipelines/warp-gatk-germline-single-sample-pipeline-master/cromwell-executions1/WholeGenomeGermlineSingleSample/d3b27253-def8-4fcc-8159-f1f8d49265cf/call-UnmappedBamToAlignedBam/UnmappedBamToAlignedBam/3102800d-c908-42dc-bfb2-6f5ddbcd42a0/call-SortSampleBam/execution/docker_cid
# run as in the original configuration without --rm flag (will remove later)
docker run \
  --cidfile /mnt/nas1/projects/lasr/blendseq/warp-pipelines/warp-gatk-germline-single-sample-pipeline-master/cromwell-executions1/WholeGenomeGermlineSingleSample/d3b27253-def8-4fcc-8159-f1f8d49265cf/call-UnmappedBamToAlignedBam/UnmappedBamToAlignedBam/3102800d-c908-42dc-bfb2-6f5ddbcd42a0/call-SortSampleBam/execution/docker_cid \
  -i \
  --user 1027:1028 \
  --cpus="64" \
  --memory="409600m" \
  --entrypoint /bin/bash \
  -v /mnt/nas1/projects/lasr/blendseq/warp-pipelines/warp-gatk-germline-single-sample-pipeline-master/cromwell-executions1/WholeGenomeGermlineSingleSample/d3b27253-def8-4fcc-8159-f1f8d49265cf/call-UnmappedBamToAlignedBam/UnmappedBamToAlignedBam/3102800d-c908-42dc-bfb2-6f5ddbcd42a0/call-SortSampleBam:/cromwell-executions1/WholeGenomeGermlineSingleSample/d3b27253-def8-4fcc-8159-f1f8d49265cf/call-UnmappedBamToAlignedBam/UnmappedBamToAlignedBam/3102800d-c908-42dc-bfb2-6f5ddbcd42a0/call-SortSampleBam \
  -v /mnt/nas1/projects/lasr/blendseq:/mnt/nas1/projects/lasr/blendseq \
  us.gcr.io/broad-gotc-prod/picard-cloud@sha256:e5ad5339080c3107c04e4a4d000b8ab06f472b77019debc3ff75499d28995b0c /cromwell-executions1/WholeGenomeGermlineSingleSample/d3b27253-def8-4fcc-8159-f1f8d49265cf/call-UnmappedBamToAlignedBam/UnmappedBamToAlignedBam/3102800d-c908-42dc-bfb2-6f5ddbcd42a0/call-SortSampleBam/execution/script

# get the return code (working even if the container was detached)
rc=$(docker wait [38;5;5mcat /mnt/nas1/projects/lasr/blendseq/warp-pipelines/warp-gatk-germline-single-sample-pipeline-master/cromwell-executions1/WholeGenomeGermlineSingleSample/d3b27253-def8-4fcc-8159-f1f8d49265cf/call-UnmappedBamToAlignedBam/UnmappedBamToAlignedBam/3102800d-c908-42dc-bfb2-6f5ddbcd42a0/call-SortSampleBam/execution/docker_cid[0m)

# remove the container after waiting
docker rm [38;5;5mcat /mnt/nas1/projects/lasr/blendseq/warp-pipelines/warp-gatk-germline-single-sample-pipeline-master/cromwell-executions1/WholeGenomeGermlineSingleSample/d3b27253-def8-4fcc-8159-f1f8d49265cf/call-UnmappedBamToAlignedBam/UnmappedBamToAlignedBam/3102800d-c908-42dc-bfb2-6f5ddbcd42a0/call-SortSampleBam/execution/docker_cid[0m

# return exit code
exit $rc
[2026-03-31 18:21:46,07] [info] BackgroundConfigAsyncJobExecutionActor [[38;5;2m3102800d[0mUnmappedBamToAlignedBam.SortSampleBam:NA:1]: job id: 595897
[2026-03-31 18:21:46,07] [info] BackgroundConfigAsyncJobExecutionActor [[38;5;2m3102800d[0mUnmappedBamToAlignedBam.SortSampleBam:NA:1]: Status change from - to WaitingForReturnCode
[2026-03-31 21:15:56,22] [info] BackgroundConfigAsyncJobExecutionActor [[38;5;2m3102800d[0mUnmappedBamToAlignedBam.SortSampleBam:NA:1]: Status change from WaitingForReturnCode to Done
[2026-03-31 21:15:57,37] [info] 3102800d-c908-42dc-bfb2-6f5ddbcd42a0-SubWorkflowActor-SubWorkflow-UnmappedBamToAlignedBam:-1:1 [[38;5;2m3102800d[0m]: Starting UnmappedBamToAlignedBam.CheckContamination
[2026-03-31 21:15:58,39] [info] 3102800d-c908-42dc-bfb2-6f5ddbcd42a0-SubWorkflowActor-SubWorkflow-UnmappedBamToAlignedBam:-1:1 [[38;5;2m3102800d[0m]: Starting UnmappedBamToAlignedBam.CrossCheckFingerprints, UnmappedBamToAlignedBam.GatherBamFiles
[2026-03-31 21:16:06,18] [info] Assigned new job execution tokens to the following groups: d3b27253: 1
[2026-03-31 21:16:06,81] [[38;5;220mwarn[0m] BackgroundConfigAsyncJobExecutionActor [[38;5;2m3102800d[0mUnmappedBamToAlignedBam.CheckContamination:NA:1]: Unrecognized runtime attribute keys: preemptible, disks, cpu, memory
[2026-03-31 21:22:20,96] [info] BackgroundConfigAsyncJobExecutionActor [[38;5;2m3102800d[0mUnmappedBamToAlignedBam.CheckContamination:NA:1]: [38;5;5mset -e

# creates a ERR3684866_ILMN.preBqsr.selfSM file, a TSV file with 2 rows, 19 columns.
# First row are the keys (e.g., SEQ_SM, RG, FREEMIX), second row are the associated values
/usr/gitc/VerifyBamID \
--Verbose \
--NumPC 4 \
--Output ERR3684866_ILMN.preBqsr \
--BamFile /cromwell-executions1/WholeGenomeGermlineSingleSample/d3b27253-def8-4fcc-8159-f1f8d49265cf/call-UnmappedBamToAlignedBam/UnmappedBamToAlignedBam/3102800d-c908-42dc-bfb2-6f5ddbcd42a0/call-CheckContamination/inputs/1187604348/ERR3684866_ILMN.aligned.duplicate_marked.sorted.bam \
--Reference /cromwell-executions1/WholeGenomeGermlineSingleSample/d3b27253-def8-4fcc-8159-f1f8d49265cf/call-UnmappedBamToAlignedBam/UnmappedBamToAlignedBam/3102800d-c908-42dc-bfb2-6f5ddbcd42a0/call-CheckContamination/inputs/-1569105944/Homo_sapiens_assembly38_masked.fasta \
--UDPath /cromwell-executions1/WholeGenomeGermlineSingleSample/d3b27253-def8-4fcc-8159-f1f8d49265cf/call-UnmappedBamToAlignedBam/UnmappedBamToAlignedBam/3102800d-c908-42dc-bfb2-6f5ddbcd42a0/call-CheckContamination/inputs/-1034781492/1000g.phase3.100k.b38.vcf.gz.dat.UD \
--MeanPath /cromwell-executions1/WholeGenomeGermlineSingleSample/d3b27253-def8-4fcc-8159-f1f8d49265cf/call-UnmappedBamToAlignedBam/UnmappedBamToAlignedBam/3102800d-c908-42dc-bfb2-6f5ddbcd42a0/call-CheckContamination/inputs/-1034781492/1000g.phase3.100k.b38.vcf.gz.dat.mu \
--BedPath /cromwell-executions1/WholeGenomeGermlineSingleSample/d3b27253-def8-4fcc-8159-f1f8d49265cf/call-UnmappedBamToAlignedBam/UnmappedBamToAlignedBam/3102800d-c908-42dc-bfb2-6f5ddbcd42a0/call-CheckContamination/inputs/-1034781492/1000g.phase3.100k.b38.vcf.gz.dat.bed \
 \
1>/dev/null

# used to read from the selfSM file and calculate contamination, which gets printed out
python3 <<CODE
import csv
import sys
with open('ERR3684866_ILMN.preBqsr.selfSM') as selfSM:
  reader = csv.DictReader(selfSM, delimiter='\t')
  i = 0
  for row in reader:
    if float(row["FREELK0"])==0 and float(row["FREELK1"])==0:
      # a zero value for the likelihoods implies no data. This usually indicates a problem rather than a real event.
      # if the bam isn't really empty, this is probably due to the use of a incompatible reference build between
      # vcf and bam.
      sys.stderr.write("Found zero likelihoods. Bam is either very-very shallow, or aligned to the wrong reference (relative to the vcf).")
      sys.exit(1)
    print(float(row["FREEMIX"])/0.75)
    i = i + 1
    # there should be exactly one row, and if this isn't the case the format of the output is unexpectedly different
    # and the results are not reliable.
    if i != 1:
      sys.stderr.write("Found %d rows in .selfSM file. Was expecting exactly 1. This is an error"%(i))
      sys.exit(2)
CODE[0m
[2026-03-31 21:22:20,99] [info] BackgroundConfigAsyncJobExecutionActor [[38;5;2m3102800d[0mUnmappedBamToAlignedBam.CheckContamination:NA:1]: executing: # make sure there is no preexisting Docker CID file
rm -f /mnt/nas1/projects/lasr/blendseq/warp-pipelines/warp-gatk-germline-single-sample-pipeline-master/cromwell-executions1/WholeGenomeGermlineSingleSample/d3b27253-def8-4fcc-8159-f1f8d49265cf/call-UnmappedBamToAlignedBam/UnmappedBamToAlignedBam/3102800d-c908-42dc-bfb2-6f5ddbcd42a0/call-CheckContamination/execution/docker_cid
# run as in the original configuration without --rm flag (will remove later)
docker run \
  --cidfile /mnt/nas1/projects/lasr/blendseq/warp-pipelines/warp-gatk-germline-single-sample-pipeline-master/cromwell-executions1/WholeGenomeGermlineSingleSample/d3b27253-def8-4fcc-8159-f1f8d49265cf/call-UnmappedBamToAlignedBam/UnmappedBamToAlignedBam/3102800d-c908-42dc-bfb2-6f5ddbcd42a0/call-CheckContamination/execution/docker_cid \
  -i \
  --user 1027:1028 \
  --cpus="64" \
  --memory="409600m" \
  --entrypoint /bin/bash \
  -v /mnt/nas1/projects/lasr/blendseq/warp-pipelines/warp-gatk-germline-single-sample-pipeline-master/cromwell-executions1/WholeGenomeGermlineSingleSample/d3b27253-def8-4fcc-8159-f1f8d49265cf/call-UnmappedBamToAlignedBam/UnmappedBamToAlignedBam/3102800d-c908-42dc-bfb2-6f5ddbcd42a0/call-CheckContamination:/cromwell-executions1/WholeGenomeGermlineSingleSample/d3b27253-def8-4fcc-8159-f1f8d49265cf/call-UnmappedBamToAlignedBam/UnmappedBamToAlignedBam/3102800d-c908-42dc-bfb2-6f5ddbcd42a0/call-CheckContamination \
  -v /mnt/nas1/projects/lasr/blendseq:/mnt/nas1/projects/lasr/blendseq \
  us.gcr.io/broad-gotc-prod/verify-bam-id@sha256:c2b59ed40409a0f4c8696e7cf05f6673e964f94865d43bbdf97ec5ec671f1ecf /cromwell-executions1/WholeGenomeGermlineSingleSample/d3b27253-def8-4fcc-8159-f1f8d49265cf/call-UnmappedBamToAlignedBam/UnmappedBamToAlignedBam/3102800d-c908-42dc-bfb2-6f5ddbcd42a0/call-CheckContamination/execution/script

# get the return code (working even if the container was detached)
rc=$(docker wait [38;5;5mcat /mnt/nas1/projects/lasr/blendseq/warp-pipelines/warp-gatk-germline-single-sample-pipeline-master/cromwell-executions1/WholeGenomeGermlineSingleSample/d3b27253-def8-4fcc-8159-f1f8d49265cf/call-UnmappedBamToAlignedBam/UnmappedBamToAlignedBam/3102800d-c908-42dc-bfb2-6f5ddbcd42a0/call-CheckContamination/execution/docker_cid[0m)

# remove the container after waiting
docker rm [38;5;5mcat /mnt/nas1/projects/lasr/blendseq/warp-pipelines/warp-gatk-germline-single-sample-pipeline-master/cromwell-executions1/WholeGenomeGermlineSingleSample/d3b27253-def8-4fcc-8159-f1f8d49265cf/call-UnmappedBamToAlignedBam/UnmappedBamToAlignedBam/3102800d-c908-42dc-bfb2-6f5ddbcd42a0/call-CheckContamination/execution/docker_cid[0m

# return exit code
exit $rc
[2026-03-31 21:22:21,06] [info] BackgroundConfigAsyncJobExecutionActor [[38;5;2m3102800d[0mUnmappedBamToAlignedBam.CheckContamination:NA:1]: job id: 598316
[2026-03-31 21:22:21,07] [info] BackgroundConfigAsyncJobExecutionActor [[38;5;2m3102800d[0mUnmappedBamToAlignedBam.CheckContamination:NA:1]: Status change from - to WaitingForReturnCode
[2026-03-31 22:09:07,00] [info] BackgroundConfigAsyncJobExecutionActor [[38;5;2m3102800d[0mUnmappedBamToAlignedBam.CheckContamination:NA:1]: Status change from WaitingForReturnCode to Done
[2026-03-31 22:09:16,18] [info] Assigned new job execution tokens to the following groups: d3b27253: 1
[2026-03-31 22:09:16,19] [[38;5;220mwarn[0m] BackgroundConfigAsyncJobExecutionActor [[38;5;2m3102800d[0mUnmappedBamToAlignedBam.GatherBamFiles:NA:1]: Unrecognized runtime attribute keys: preemptible, disks, memory
[2026-03-31 22:09:16,25] [info] BackgroundConfigAsyncJobExecutionActor [[38;5;2m3102800d[0mUnmappedBamToAlignedBam.GatherBamFiles:NA:1]: [38;5;5mjava -Dsamjdk.compression_level=2 -Xms300g -Xmx300g -jar /usr/picard/picard.jar \
  GatherBamFiles \
  INPUT=/cromwell-executions1/WholeGenomeGermlineSingleSample/d3b27253-def8-4fcc-8159-f1f8d49265cf/call-UnmappedBamToAlignedBam/UnmappedBamToAlignedBam/3102800d-c908-42dc-bfb2-6f5ddbcd42a0/call-GatherBamFiles/inputs/1187604348/ERR3684866_ILMN.aligned.duplicate_marked.sorted.bam \
  OUTPUT=ERR3684866_ILMN.bam \
  CREATE_INDEX=true \
  CREATE_MD5_FILE=true[0m
[2026-03-31 22:09:16,26] [info] BackgroundConfigAsyncJobExecutionActor [[38;5;2m3102800d[0mUnmappedBamToAlignedBam.GatherBamFiles:NA:1]: executing: # make sure there is no preexisting Docker CID file
rm -f /mnt/nas1/projects/lasr/blendseq/warp-pipelines/warp-gatk-germline-single-sample-pipeline-master/cromwell-executions1/WholeGenomeGermlineSingleSample/d3b27253-def8-4fcc-8159-f1f8d49265cf/call-UnmappedBamToAlignedBam/UnmappedBamToAlignedBam/3102800d-c908-42dc-bfb2-6f5ddbcd42a0/call-GatherBamFiles/execution/docker_cid
# run as in the original configuration without --rm flag (will remove later)
docker run \
  --cidfile /mnt/nas1/projects/lasr/blendseq/warp-pipelines/warp-gatk-germline-single-sample-pipeline-master/cromwell-executions1/WholeGenomeGermlineSingleSample/d3b27253-def8-4fcc-8159-f1f8d49265cf/call-UnmappedBamToAlignedBam/UnmappedBamToAlignedBam/3102800d-c908-42dc-bfb2-6f5ddbcd42a0/call-GatherBamFiles/execution/docker_cid \
  -i \
  --user 1027:1028 \
  --cpus="64" \
  --memory="409600m" \
  --entrypoint /bin/bash \
  -v /mnt/nas1/projects/lasr/blendseq/warp-pipelines/warp-gatk-germline-single-sample-pipeline-master/cromwell-executions1/WholeGenomeGermlineSingleSample/d3b27253-def8-4fcc-8159-f1f8d49265cf/call-UnmappedBamToAlignedBam/UnmappedBamToAlignedBam/3102800d-c908-42dc-bfb2-6f5ddbcd42a0/call-GatherBamFiles:/cromwell-executions1/WholeGenomeGermlineSingleSample/d3b27253-def8-4fcc-8159-f1f8d49265cf/call-UnmappedBamToAlignedBam/UnmappedBamToAlignedBam/3102800d-c908-42dc-bfb2-6f5ddbcd42a0/call-GatherBamFiles \
  -v /mnt/nas1/projects/lasr/blendseq:/mnt/nas1/projects/lasr/blendseq \
  us.gcr.io/broad-gotc-prod/picard-cloud@sha256:e5ad5339080c3107c04e4a4d000b8ab06f472b77019debc3ff75499d28995b0c /cromwell-executions1/WholeGenomeGermlineSingleSample/d3b27253-def8-4fcc-8159-f1f8d49265cf/call-UnmappedBamToAlignedBam/UnmappedBamToAlignedBam/3102800d-c908-42dc-bfb2-6f5ddbcd42a0/call-GatherBamFiles/execution/script

# get the return code (working even if the container was detached)
rc=$(docker wait [38;5;5mcat /mnt/nas1/projects/lasr/blendseq/warp-pipelines/warp-gatk-germline-single-sample-pipeline-master/cromwell-executions1/WholeGenomeGermlineSingleSample/d3b27253-def8-4fcc-8159-f1f8d49265cf/call-UnmappedBamToAlignedBam/UnmappedBamToAlignedBam/3102800d-c908-42dc-bfb2-6f5ddbcd42a0/call-GatherBamFiles/execution/docker_cid[0m)

# remove the container after waiting
docker rm [38;5;5mcat /mnt/nas1/projects/lasr/blendseq/warp-pipelines/warp-gatk-germline-single-sample-pipeline-master/cromwell-executions1/WholeGenomeGermlineSingleSample/d3b27253-def8-4fcc-8159-f1f8d49265cf/call-UnmappedBamToAlignedBam/UnmappedBamToAlignedBam/3102800d-c908-42dc-bfb2-6f5ddbcd42a0/call-GatherBamFiles/execution/docker_cid[0m

# return exit code
exit $rc
[2026-03-31 22:09:21,07] [info] BackgroundConfigAsyncJobExecutionActor [[38;5;2m3102800d[0mUnmappedBamToAlignedBam.GatherBamFiles:NA:1]: job id: 599031
[2026-03-31 22:09:21,07] [info] BackgroundConfigAsyncJobExecutionActor [[38;5;2m3102800d[0mUnmappedBamToAlignedBam.GatherBamFiles:NA:1]: Status change from - to WaitingForReturnCode
[2026-03-31 23:48:58,56] [info] BackgroundConfigAsyncJobExecutionActor [[38;5;2m3102800d[0mUnmappedBamToAlignedBam.GatherBamFiles:NA:1]: Status change from WaitingForReturnCode to Done
[2026-03-31 23:49:06,18] [info] Assigned new job execution tokens to the following groups: d3b27253: 1
[2026-03-31 23:49:06,19] [[38;5;220mwarn[0m] BackgroundConfigAsyncJobExecutionActor [[38;5;2m3102800d[0mUnmappedBamToAlignedBam.CrossCheckFingerprints:NA:1]: Unrecognized runtime attribute keys: preemptible, disks, memory
[2026-03-31 23:49:06,27] [info] BackgroundConfigAsyncJobExecutionActor [[38;5;2m3102800d[0mUnmappedBamToAlignedBam.CrossCheckFingerprints:NA:1]: [38;5;5mjava -Dsamjdk.buffer_size=131072 \
  -XX:GCTimeLimit=50 -XX:GCHeapFreeLimit=10 -Xms3000m -Xmx3000m \
  -jar /usr/picard/picard.jar \
  CrosscheckFingerprints \
  OUTPUT=ERR3684866_ILMN.crosscheck \
  HAPLOTYPE_MAP=/cromwell-executions1/WholeGenomeGermlineSingleSample/d3b27253-def8-4fcc-8159-f1f8d49265cf/call-UnmappedBamToAlignedBam/UnmappedBamToAlignedBam/3102800d-c908-42dc-bfb2-6f5ddbcd42a0/call-CrossCheckFingerprints/inputs/-1839652262/Homo_sapiens_assembly38.haplotype_database.txt \
  EXPECT_ALL_GROUPS_TO_MATCH=true \
  INPUT=/cromwell-executions1/WholeGenomeGermlineSingleSample/d3b27253-def8-4fcc-8159-f1f8d49265cf/call-UnmappedBamToAlignedBam/UnmappedBamToAlignedBam/3102800d-c908-42dc-bfb2-6f5ddbcd42a0/call-CrossCheckFingerprints/inputs/1187604348/ERR3684866_ILMN.aligned.duplicate_marked.sorted.bam \
  LOD_THRESHOLD=-20.0 \
  CROSSCHECK_BY=READGROUP[0m
[2026-03-31 23:49:06,28] [info] BackgroundConfigAsyncJobExecutionActor [[38;5;2m3102800d[0mUnmappedBamToAlignedBam.CrossCheckFingerprints:NA:1]: executing: # make sure there is no preexisting Docker CID file
rm -f /mnt/nas1/projects/lasr/blendseq/warp-pipelines/warp-gatk-germline-single-sample-pipeline-master/cromwell-executions1/WholeGenomeGermlineSingleSample/d3b27253-def8-4fcc-8159-f1f8d49265cf/call-UnmappedBamToAlignedBam/UnmappedBamToAlignedBam/3102800d-c908-42dc-bfb2-6f5ddbcd42a0/call-CrossCheckFingerprints/execution/docker_cid
# run as in the original configuration without --rm flag (will remove later)
docker run \
  --cidfile /mnt/nas1/projects/lasr/blendseq/warp-pipelines/warp-gatk-germline-single-sample-pipeline-master/cromwell-executions1/WholeGenomeGermlineSingleSample/d3b27253-def8-4fcc-8159-f1f8d49265cf/call-UnmappedBamToAlignedBam/UnmappedBamToAlignedBam/3102800d-c908-42dc-bfb2-6f5ddbcd42a0/call-CrossCheckFingerprints/execution/docker_cid \
  -i \
  --user 1027:1028 \
  --cpus="64" \
  --memory="409600m" \
  --entrypoint /bin/bash \
  -v /mnt/nas1/projects/lasr/blendseq/warp-pipelines/warp-gatk-germline-single-sample-pipeline-master/cromwell-executions1/WholeGenomeGermlineSingleSample/d3b27253-def8-4fcc-8159-f1f8d49265cf/call-UnmappedBamToAlignedBam/UnmappedBamToAlignedBam/3102800d-c908-42dc-bfb2-6f5ddbcd42a0/call-CrossCheckFingerprints:/cromwell-executions1/WholeGenomeGermlineSingleSample/d3b27253-def8-4fcc-8159-f1f8d49265cf/call-UnmappedBamToAlignedBam/UnmappedBamToAlignedBam/3102800d-c908-42dc-bfb2-6f5ddbcd42a0/call-CrossCheckFingerprints \
  -v /mnt/nas1/projects/lasr/blendseq:/mnt/nas1/projects/lasr/blendseq \
  us.gcr.io/broad-gotc-prod/picard-cloud@sha256:e5ad5339080c3107c04e4a4d000b8ab06f472b77019debc3ff75499d28995b0c /cromwell-executions1/WholeGenomeGermlineSingleSample/d3b27253-def8-4fcc-8159-f1f8d49265cf/call-UnmappedBamToAlignedBam/UnmappedBamToAlignedBam/3102800d-c908-42dc-bfb2-6f5ddbcd42a0/call-CrossCheckFingerprints/execution/script

# get the return code (working even if the container was detached)
rc=$(docker wait [38;5;5mcat /mnt/nas1/projects/lasr/blendseq/warp-pipelines/warp-gatk-germline-single-sample-pipeline-master/cromwell-executions1/WholeGenomeGermlineSingleSample/d3b27253-def8-4fcc-8159-f1f8d49265cf/call-UnmappedBamToAlignedBam/UnmappedBamToAlignedBam/3102800d-c908-42dc-bfb2-6f5ddbcd42a0/call-CrossCheckFingerprints/execution/docker_cid[0m)

# remove the container after waiting
docker rm [38;5;5mcat /mnt/nas1/projects/lasr/blendseq/warp-pipelines/warp-gatk-germline-single-sample-pipeline-master/cromwell-executions1/WholeGenomeGermlineSingleSample/d3b27253-def8-4fcc-8159-f1f8d49265cf/call-UnmappedBamToAlignedBam/UnmappedBamToAlignedBam/3102800d-c908-42dc-bfb2-6f5ddbcd42a0/call-CrossCheckFingerprints/execution/docker_cid[0m

# return exit code
exit $rc
[2026-03-31 23:49:11,07] [info] BackgroundConfigAsyncJobExecutionActor [[38;5;2m3102800d[0mUnmappedBamToAlignedBam.CrossCheckFingerprints:NA:1]: job id: 600525
[2026-03-31 23:49:11,07] [info] BackgroundConfigAsyncJobExecutionActor [[38;5;2m3102800d[0mUnmappedBamToAlignedBam.CrossCheckFingerprints:NA:1]: Status change from - to WaitingForReturnCode
[2026-03-31 23:49:41,21] [info] BackgroundConfigAsyncJobExecutionActor [[38;5;2m3102800d[0mUnmappedBamToAlignedBam.CrossCheckFingerprints:NA:1]: Status change from WaitingForReturnCode to Done
[2026-03-31 23:49:43,38] [info] 3102800d-c908-42dc-bfb2-6f5ddbcd42a0-SubWorkflowActor-SubWorkflow-UnmappedBamToAlignedBam:-1:1 [[38;5;2m3102800d[0m]: Workflow UnmappedBamToAlignedBam complete. Final Outputs:
{
  "UnmappedBamToAlignedBam.contamination": 0.000019022666666666667,
  "UnmappedBamToAlignedBam.unsorted_read_group_quality_distribution_metrics": ["/mnt/nas1/projects/lasr/blendseq/warp-pipelines/warp-gatk-germline-single-sample-pipeline-master/cromwell-executions1/WholeGenomeGermlineSingleSample/d3b27253-def8-4fcc-8159-f1f8d49265cf/call-UnmappedBamToAlignedBam/UnmappedBamToAlignedBam/3102800d-c908-42dc-bfb2-6f5ddbcd42a0/call-CollectUnsortedReadgroupBamQualityMetrics/shard-0/execution/ERR3684866_ILMN.readgroup.quality_distribution_metrics"],
  "UnmappedBamToAlignedBam.unsorted_read_group_insert_size_histogram_pdf": ["/mnt/nas1/projects/lasr/blendseq/warp-pipelines/warp-gatk-germline-single-sample-pipeline-master/cromwell-executions1/WholeGenomeGermlineSingleSample/d3b27253-def8-4fcc-8159-f1f8d49265cf/call-UnmappedBamToAlignedBam/UnmappedBamToAlignedBam/3102800d-c908-42dc-bfb2-6f5ddbcd42a0/call-CollectUnsortedReadgroupBamQualityMetrics/shard-0/execution/ERR3684866_ILMN.readgroup.insert_size_histogram.pdf"],
  "UnmappedBamToAlignedBam.unsorted_read_group_quality_distribution_pdf": ["/mnt/nas1/projects/lasr/blendseq/warp-pipelines/warp-gatk-germline-single-sample-pipeline-master/cromwell-executions1/WholeGenomeGermlineSingleSample/d3b27253-def8-4fcc-8159-f1f8d49265cf/call-UnmappedBamToAlignedBam/UnmappedBamToAlignedBam/3102800d-c908-42dc-bfb2-6f5ddbcd42a0/call-CollectUnsortedReadgroupBamQualityMetrics/shard-0/execution/ERR3684866_ILMN.readgroup.quality_distribution.pdf"],
  "UnmappedBamToAlignedBam.output_bam_index": "/mnt/nas1/projects/lasr/blendseq/warp-pipelines/warp-gatk-germline-single-sample-pipeline-master/cromwell-executions1/WholeGenomeGermlineSingleSample/d3b27253-def8-4fcc-8159-f1f8d49265cf/call-UnmappedBamToAlignedBam/UnmappedBamToAlignedBam/3102800d-c908-42dc-bfb2-6f5ddbcd42a0/call-GatherBamFiles/execution/ERR3684866_ILMN.bai",
  "UnmappedBamToAlignedBam.quality_yield_metrics": ["/mnt/nas1/projects/lasr/blendseq/warp-pipelines/warp-gatk-germline-single-sample-pipeline-master/cromwell-executions1/WholeGenomeGermlineSingleSample/d3b27253-def8-4fcc-8159-f1f8d49265cf/call-UnmappedBamToAlignedBam/UnmappedBamToAlignedBam/3102800d-c908-42dc-bfb2-6f5ddbcd42a0/call-CollectQualityYieldMetrics/shard-0/execution/ERR3684866_ILMN.unmapped.quality_yield_metrics"],
  "UnmappedBamToAlignedBam.unsorted_read_group_base_distribution_by_cycle_metrics": ["/mnt/nas1/projects/lasr/blendseq/warp-pipelines/warp-gatk-germline-single-sample-pipeline-master/cromwell-executions1/WholeGenomeGermlineSingleSample/d3b27253-def8-4fcc-8159-f1f8d49265cf/call-UnmappedBamToAlignedBam/UnmappedBamToAlignedBam/3102800d-c908-42dc-bfb2-6f5ddbcd42a0/call-CollectUnsortedReadgroupBamQualityMetrics/shard-0/execution/ERR3684866_ILMN.readgroup.base_distribution_by_cycle_metrics"],
  "UnmappedBamToAlignedBam.unsorted_read_group_insert_size_metrics": ["/mnt/nas1/projects/lasr/blendseq/warp-pipelines/warp-gatk-germline-single-sample-pipeline-master/cromwell-executions1/WholeGenomeGermlineSingleSample/d3b27253-def8-4fcc-8159-f1f8d49265cf/call-UnmappedBamToAlignedBam/UnmappedBamToAlignedBam/3102800d-c908-42dc-bfb2-6f5ddbcd42a0/call-CollectUnsortedReadgroupBamQualityMetrics/shard-0/execution/ERR3684866_ILMN.readgroup.insert_size_metrics"],
  "UnmappedBamToAlignedBam.selfSM": "/mnt/nas1/projects/lasr/blendseq/warp-pipelines/warp-gatk-germline-single-sample-pipeline-master/cromwell-executions1/WholeGenomeGermlineSingleSample/d3b27253-def8-4fcc-8159-f1f8d49265cf/call-UnmappedBamToAlignedBam/UnmappedBamToAlignedBam/3102800d-c908-42dc-bfb2-6f5ddbcd42a0/call-CheckContamination/execution/ERR3684866_ILMN.preBqsr.selfSM",
  "UnmappedBamToAlignedBam.unsorted_read_group_base_distribution_by_cycle_pdf": ["/mnt/nas1/projects/lasr/blendseq/warp-pipelines/warp-gatk-germline-single-sample-pipeline-master/cromwell-executions1/WholeGenomeGermlineSingleSample/d3b27253-def8-4fcc-8159-f1f8d49265cf/call-UnmappedBamToAlignedBam/UnmappedBamToAlignedBam/3102800d-c908-42dc-bfb2-6f5ddbcd42a0/call-CollectUnsortedReadgroupBamQualityMetrics/shard-0/execution/ERR3684866_ILMN.readgroup.base_distribution_by_cycle.pdf"],
  "UnmappedBamToAlignedBam.duplicate_metrics": "/mnt/nas1/projects/lasr/blendseq/warp-pipelines/warp-gatk-germline-single-sample-pipeline-master/cromwell-executions1/WholeGenomeGermlineSingleSample/d3b27253-def8-4fcc-8159-f1f8d49265cf/call-UnmappedBamToAlignedBam/UnmappedBamToAlignedBam/3102800d-c908-42dc-bfb2-6f5ddbcd42a0/call-MarkDuplicates/execution/ERR3684866_ILMN.duplicate_metrics",
  "UnmappedBamToAlignedBam.unsorted_read_group_quality_by_cycle_pdf": ["/mnt/nas1/projects/lasr/blendseq/warp-pipelines/warp-gatk-germline-single-sample-pipeline-master/cromwell-executions1/WholeGenomeGermlineSingleSample/d3b27253-def8-4fcc-8159-f1f8d49265cf/call-UnmappedBamToAlignedBam/UnmappedBamToAlignedBam/3102800d-c908-42dc-bfb2-6f5ddbcd42a0/call-CollectUnsortedReadgroupBamQualityMetrics/shard-0/execution/ERR3684866_ILMN.readgroup.quality_by_cycle.pdf"],
  "UnmappedBamToAlignedBam.output_bqsr_reports": null,
  "UnmappedBamToAlignedBam.unsorted_read_group_quality_by_cycle_metrics": ["/mnt/nas1/projects/lasr/blendseq/warp-pipelines/warp-gatk-germline-single-sample-pipeline-master/cromwell-executions1/WholeGenomeGermlineSingleSample/d3b27253-def8-4fcc-8159-f1f8d49265cf/call-UnmappedBamToAlignedBam/UnmappedBamToAlignedBam/3102800d-c908-42dc-bfb2-6f5ddbcd42a0/call-CollectUnsortedReadgroupBamQualityMetrics/shard-0/execution/ERR3684866_ILMN.readgroup.quality_by_cycle_metrics"],
  "UnmappedBamToAlignedBam.cross_check_fingerprints_metrics": "/mnt/nas1/projects/lasr/blendseq/warp-pipelines/warp-gatk-germline-single-sample-pipeline-master/cromwell-executions1/WholeGenomeGermlineSingleSample/d3b27253-def8-4fcc-8159-f1f8d49265cf/call-UnmappedBamToAlignedBam/UnmappedBamToAlignedBam/3102800d-c908-42dc-bfb2-6f5ddbcd42a0/call-CrossCheckFingerprints/execution/ERR3684866_ILMN.crosscheck",
  "UnmappedBamToAlignedBam.output_bam": "/mnt/nas1/projects/lasr/blendseq/warp-pipelines/warp-gatk-germline-single-sample-pipeline-master/cromwell-executions1/WholeGenomeGermlineSingleSample/d3b27253-def8-4fcc-8159-f1f8d49265cf/call-UnmappedBamToAlignedBam/UnmappedBamToAlignedBam/3102800d-c908-42dc-bfb2-6f5ddbcd42a0/call-GatherBamFiles/execution/ERR3684866_ILMN.bam"
}
[2026-03-31 23:49:47,34] [info] WorkflowExecutionActor-d3b27253-def8-4fcc-8159-f1f8d49265cf [[38;5;2md3b27253[0m]: Starting WholeGenomeGermlineSingleSample.CollectRawWgsMetrics, WholeGenomeGermlineSingleSample.CollectWgsMetrics
[2026-03-31 23:49:47,35] [info] d3b27253-def8-4fcc-8159-f1f8d49265cf-SubWorkflowExecutionActor-SubWorkflow-AggregatedBamQC:-1:1 [[38;5;2md3b27253[0mSubWorkflow-AggregatedBamQC:-1:1]: Running subworkflow: 46c0031a-e190-4d8c-9670-6d79b5fa4ca3, root: d3b27253-def8-4fcc-8159-f1f8d49265cf
[2026-03-31 23:49:47,35] [info] d3b27253-def8-4fcc-8159-f1f8d49265cf-SubWorkflowExecutionActor-SubWorkflow-BamToGvcf:-1:1 [[38;5;2md3b27253[0mSubWorkflow-BamToGvcf:-1:1]: Running subworkflow: 17899b18-eba4-4779-b361-f95638baf358, root: d3b27253-def8-4fcc-8159-f1f8d49265cf
[2026-03-31 23:49:49,38] [info] 46c0031a-e190-4d8c-9670-6d79b5fa4ca3-SubWorkflowActor-SubWorkflow-AggregatedBamQC:-1:1 [[38;5;2m46c0031a[0m]: Starting AggregatedBamQC.CollectAggregationMetrics, AggregatedBamQC.CollectReadgroupBamQualityMetrics, AggregatedBamQC.CalculateReadGroupChecksum
[2026-03-31 23:49:51,42] [info] 17899b18-eba4-4779-b361-f95638baf358-SubWorkflowActor-SubWorkflow-BamToGvcf:-1:1 [[38;5;2m17899b18[0m]: Starting VariantCalling.DragstrAutoCalibration, VariantCalling.ScatterIntervalList
[2026-03-31 23:49:56,18] [info] Assigned new job execution tokens to the following groups: d3b27253: 1
[2026-03-31 23:49:56,20] [[38;5;220mwarn[0m] BackgroundConfigAsyncJobExecutionActor [[38;5;2md3b27253[0mWholeGenomeGermlineSingleSample.CollectWgsMetrics:NA:1]: Unrecognized runtime attribute keys: preemptible, disks, memory
[2026-04-01 00:03:22,57] [info] BackgroundConfigAsyncJobExecutionActor [[38;5;2md3b27253[0mWholeGenomeGermlineSingleSample.CollectWgsMetrics:NA:1]: [38;5;5mjava -Xms2000m -Xmx2500m -jar /usr/picard/picard.jar \
  CollectWgsMetrics \
  INPUT=/cromwell-executions1/WholeGenomeGermlineSingleSample/d3b27253-def8-4fcc-8159-f1f8d49265cf/call-CollectWgsMetrics/inputs/-861879968/ERR3684866_ILMN.bam \
  VALIDATION_STRINGENCY=SILENT \
  REFERENCE_SEQUENCE=/cromwell-executions1/WholeGenomeGermlineSingleSample/d3b27253-def8-4fcc-8159-f1f8d49265cf/call-CollectWgsMetrics/inputs/-1569105944/Homo_sapiens_assembly38_masked.fasta \
  INCLUDE_BQ_HISTOGRAM=true \
  INTERVALS=/cromwell-executions1/WholeGenomeGermlineSingleSample/d3b27253-def8-4fcc-8159-f1f8d49265cf/call-CollectWgsMetrics/inputs/-790663736/wgs_coverage_regions.hg38.interval_list \
  OUTPUT=ERR3684866_ILMN.wgs_metrics \
  USE_FAST_ALGORITHM=true \
  READ_LENGTH=250[0m
[2026-04-01 00:03:22,58] [info] BackgroundConfigAsyncJobExecutionActor [[38;5;2md3b27253[0mWholeGenomeGermlineSingleSample.CollectWgsMetrics:NA:1]: executing: # make sure there is no preexisting Docker CID file
rm -f /mnt/nas1/projects/lasr/blendseq/warp-pipelines/warp-gatk-germline-single-sample-pipeline-master/cromwell-executions1/WholeGenomeGermlineSingleSample/d3b27253-def8-4fcc-8159-f1f8d49265cf/call-CollectWgsMetrics/execution/docker_cid
# run as in the original configuration without --rm flag (will remove later)
docker run \
  --cidfile /mnt/nas1/projects/lasr/blendseq/warp-pipelines/warp-gatk-germline-single-sample-pipeline-master/cromwell-executions1/WholeGenomeGermlineSingleSample/d3b27253-def8-4fcc-8159-f1f8d49265cf/call-CollectWgsMetrics/execution/docker_cid \
  -i \
  --user 1027:1028 \
  --cpus="64" \
  --memory="409600m" \
  --entrypoint /bin/bash \
  -v /mnt/nas1/projects/lasr/blendseq/warp-pipelines/warp-gatk-germline-single-sample-pipeline-master/cromwell-executions1/WholeGenomeGermlineSingleSample/d3b27253-def8-4fcc-8159-f1f8d49265cf/call-CollectWgsMetrics:/cromwell-executions1/WholeGenomeGermlineSingleSample/d3b27253-def8-4fcc-8159-f1f8d49265cf/call-CollectWgsMetrics \
  -v /mnt/nas1/projects/lasr/blendseq:/mnt/nas1/projects/lasr/blendseq \
  us.gcr.io/broad-gotc-prod/picard-cloud@sha256:e5ad5339080c3107c04e4a4d000b8ab06f472b77019debc3ff75499d28995b0c /cromwell-executions1/WholeGenomeGermlineSingleSample/d3b27253-def8-4fcc-8159-f1f8d49265cf/call-CollectWgsMetrics/execution/script

# get the return code (working even if the container was detached)
rc=$(docker wait [38;5;5mcat /mnt/nas1/projects/lasr/blendseq/warp-pipelines/warp-gatk-germline-single-sample-pipeline-master/cromwell-executions1/WholeGenomeGermlineSingleSample/d3b27253-def8-4fcc-8159-f1f8d49265cf/call-CollectWgsMetrics/execution/docker_cid[0m)

# remove the container after waiting
docker rm [38;5;5mcat /mnt/nas1/projects/lasr/blendseq/warp-pipelines/warp-gatk-germline-single-sample-pipeline-master/cromwell-executions1/WholeGenomeGermlineSingleSample/d3b27253-def8-4fcc-8159-f1f8d49265cf/call-CollectWgsMetrics/execution/docker_cid[0m

# return exit code
exit $rc
[2026-04-01 00:03:26,07] [info] BackgroundConfigAsyncJobExecutionActor [[38;5;2md3b27253[0mWholeGenomeGermlineSingleSample.CollectWgsMetrics:NA:1]: job id: 601126
[2026-04-01 00:03:26,07] [info] BackgroundConfigAsyncJobExecutionActor [[38;5;2md3b27253[0mWholeGenomeGermlineSingleSample.CollectWgsMetrics:NA:1]: Status change from - to WaitingForReturnCode
[2026-04-01 01:53:00,10] [info] BackgroundConfigAsyncJobExecutionActor [[38;5;2md3b27253[0mWholeGenomeGermlineSingleSample.CollectWgsMetrics:NA:1]: Status change from WaitingForReturnCode to Done
[2026-04-01 01:53:06,18] [info] Assigned new job execution tokens to the following groups: d3b27253: 1
[2026-04-01 01:53:06,20] [[38;5;220mwarn[0m] BackgroundConfigAsyncJobExecutionActor [[38;5;2md3b27253[0mWholeGenomeGermlineSingleSample.CollectRawWgsMetrics:NA:1]: Unrecognized runtime attribute keys: preemptible, disks, memory
[2026-04-01 01:53:06,28] [info] BackgroundConfigAsyncJobExecutionActor [[38;5;2md3b27253[0mWholeGenomeGermlineSingleSample.CollectRawWgsMetrics:NA:1]: [38;5;5mjava -Xms6000m -jar /usr/picard/picard.jar \
  CollectRawWgsMetrics \
  INPUT=/cromwell-executions1/WholeGenomeGermlineSingleSample/d3b27253-def8-4fcc-8159-f1f8d49265cf/call-CollectRawWgsMetrics/inputs/-861879968/ERR3684866_ILMN.bam \
  VALIDATION_STRINGENCY=SILENT \
  REFERENCE_SEQUENCE=/cromwell-executions1/WholeGenomeGermlineSingleSample/d3b27253-def8-4fcc-8159-f1f8d49265cf/call-CollectRawWgsMetrics/inputs/-1569105944/Homo_sapiens_assembly38_masked.fasta \
  INCLUDE_BQ_HISTOGRAM=true \
  INTERVALS=/cromwell-executions1/WholeGenomeGermlineSingleSample/d3b27253-def8-4fcc-8159-f1f8d49265cf/call-CollectRawWgsMetrics/inputs/-790663736/wgs_coverage_regions.hg38.interval_list \
  OUTPUT=ERR3684866_ILMN.raw_wgs_metrics \
  USE_FAST_ALGORITHM=true \
  READ_LENGTH=250[0m
[2026-04-01 01:53:06,29] [info] BackgroundConfigAsyncJobExecutionActor [[38;5;2md3b27253[0mWholeGenomeGermlineSingleSample.CollectRawWgsMetrics:NA:1]: executing: # make sure there is no preexisting Docker CID file
rm -f /mnt/nas1/projects/lasr/blendseq/warp-pipelines/warp-gatk-germline-single-sample-pipeline-master/cromwell-executions1/WholeGenomeGermlineSingleSample/d3b27253-def8-4fcc-8159-f1f8d49265cf/call-CollectRawWgsMetrics/execution/docker_cid
# run as in the original configuration without --rm flag (will remove later)
docker run \
  --cidfile /mnt/nas1/projects/lasr/blendseq/warp-pipelines/warp-gatk-germline-single-sample-pipeline-master/cromwell-executions1/WholeGenomeGermlineSingleSample/d3b27253-def8-4fcc-8159-f1f8d49265cf/call-CollectRawWgsMetrics/execution/docker_cid \
  -i \
  --user 1027:1028 \
  --cpus="64" \
  --memory="409600m" \
  --entrypoint /bin/bash \
  -v /mnt/nas1/projects/lasr/blendseq/warp-pipelines/warp-gatk-germline-single-sample-pipeline-master/cromwell-executions1/WholeGenomeGermlineSingleSample/d3b27253-def8-4fcc-8159-f1f8d49265cf/call-CollectRawWgsMetrics:/cromwell-executions1/WholeGenomeGermlineSingleSample/d3b27253-def8-4fcc-8159-f1f8d49265cf/call-CollectRawWgsMetrics \
  -v /mnt/nas1/projects/lasr/blendseq:/mnt/nas1/projects/lasr/blendseq \
  us.gcr.io/broad-gotc-prod/picard-cloud@sha256:e5ad5339080c3107c04e4a4d000b8ab06f472b77019debc3ff75499d28995b0c /cromwell-executions1/WholeGenomeGermlineSingleSample/d3b27253-def8-4fcc-8159-f1f8d49265cf/call-CollectRawWgsMetrics/execution/script

# get the return code (working even if the container was detached)
rc=$(docker wait [38;5;5mcat /mnt/nas1/projects/lasr/blendseq/warp-pipelines/warp-gatk-germline-single-sample-pipeline-master/cromwell-executions1/WholeGenomeGermlineSingleSample/d3b27253-def8-4fcc-8159-f1f8d49265cf/call-CollectRawWgsMetrics/execution/docker_cid[0m)

# remove the container after waiting
docker rm [38;5;5mcat /mnt/nas1/projects/lasr/blendseq/warp-pipelines/warp-gatk-germline-single-sample-pipeline-master/cromwell-executions1/WholeGenomeGermlineSingleSample/d3b27253-def8-4fcc-8159-f1f8d49265cf/call-CollectRawWgsMetrics/execution/docker_cid[0m

# return exit code
exit $rc
[2026-04-01 01:53:11,07] [info] BackgroundConfigAsyncJobExecutionActor [[38;5;2md3b27253[0mWholeGenomeGermlineSingleSample.CollectRawWgsMetrics:NA:1]: job id: 602562
[2026-04-01 01:53:11,07] [info] BackgroundConfigAsyncJobExecutionActor [[38;5;2md3b27253[0mWholeGenomeGermlineSingleSample.CollectRawWgsMetrics:NA:1]: Status change from - to WaitingForReturnCode
[2026-04-01 03:44:18,66] [info] BackgroundConfigAsyncJobExecutionActor [[38;5;2md3b27253[0mWholeGenomeGermlineSingleSample.CollectRawWgsMetrics:NA:1]: Status change from WaitingForReturnCode to Done
[2026-04-01 03:44:26,18] [info] Assigned new job execution tokens to the following groups: d3b27253: 1
[2026-04-01 03:44:26,20] [[38;5;220mwarn[0m] BackgroundConfigAsyncJobExecutionActor [[38;5;2m46c0031a[0mAggregatedBamQC.CollectReadgroupBamQualityMetrics:NA:1]: Unrecognized runtime attribute keys: preemptible, disks, memory
[2026-04-01 03:44:26,31] [info] BackgroundConfigAsyncJobExecutionActor [[38;5;2m46c0031a[0mAggregatedBamQC.CollectReadgroupBamQualityMetrics:NA:1]: [38;5;5m# These are optionally generated, but need to exist for Cromwell's sake
touch ERR3684866_ILMN.readgroup.gc_bias.detail_metrics \
  ERR3684866_ILMN.readgroup.gc_bias.pdf \
  ERR3684866_ILMN.readgroup.gc_bias.summary_metrics

java -Xms5000m -Xmx6500m -jar /usr/picard/picard.jar \
  CollectMultipleMetrics \
  INPUT=/cromwell-executions1/WholeGenomeGermlineSingleSample/d3b27253-def8-4fcc-8159-f1f8d49265cf/call-AggregatedBamQC/AggregatedBamQC/46c0031a-e190-4d8c-9670-6d79b5fa4ca3/call-CollectReadgroupBamQualityMetrics/inputs/-861879968/ERR3684866_ILMN.bam \
  REFERENCE_SEQUENCE=/cromwell-executions1/WholeGenomeGermlineSingleSample/d3b27253-def8-4fcc-8159-f1f8d49265cf/call-AggregatedBamQC/AggregatedBamQC/46c0031a-e190-4d8c-9670-6d79b5fa4ca3/call-CollectReadgroupBamQualityMetrics/inputs/-1569105944/Homo_sapiens_assembly38_masked.fasta \
  OUTPUT=ERR3684866_ILMN.readgroup \
  ASSUME_SORTED=true \
  PROGRAM=null \
  PROGRAM=CollectAlignmentSummaryMetrics \
  PROGRAM="CollectGcBiasMetrics" \
  METRIC_ACCUMULATION_LEVEL=null \
  METRIC_ACCUMULATION_LEVEL=READ_GROUP[0m
[2026-04-01 03:44:26,32] [info] BackgroundConfigAsyncJobExecutionActor [[38;5;2m46c0031a[0mAggregatedBamQC.CollectReadgroupBamQualityMetrics:NA:1]: executing: # make sure there is no preexisting Docker CID file
rm -f /mnt/nas1/projects/lasr/blendseq/warp-pipelines/warp-gatk-germline-single-sample-pipeline-master/cromwell-executions1/WholeGenomeGermlineSingleSample/d3b27253-def8-4fcc-8159-f1f8d49265cf/call-AggregatedBamQC/AggregatedBamQC/46c0031a-e190-4d8c-9670-6d79b5fa4ca3/call-CollectReadgroupBamQualityMetrics/execution/docker_cid
# run as in the original configuration without --rm flag (will remove later)
docker run \
  --cidfile /mnt/nas1/projects/lasr/blendseq/warp-pipelines/warp-gatk-germline-single-sample-pipeline-master/cromwell-executions1/WholeGenomeGermlineSingleSample/d3b27253-def8-4fcc-8159-f1f8d49265cf/call-AggregatedBamQC/AggregatedBamQC/46c0031a-e190-4d8c-9670-6d79b5fa4ca3/call-CollectReadgroupBamQualityMetrics/execution/docker_cid \
  -i \
  --user 1027:1028 \
  --cpus="64" \
  --memory="409600m" \
  --entrypoint /bin/bash \
  -v /mnt/nas1/projects/lasr/blendseq/warp-pipelines/warp-gatk-germline-single-sample-pipeline-master/cromwell-executions1/WholeGenomeGermlineSingleSample/d3b27253-def8-4fcc-8159-f1f8d49265cf/call-AggregatedBamQC/AggregatedBamQC/46c0031a-e190-4d8c-9670-6d79b5fa4ca3/call-CollectReadgroupBamQualityMetrics:/cromwell-executions1/WholeGenomeGermlineSingleSample/d3b27253-def8-4fcc-8159-f1f8d49265cf/call-AggregatedBamQC/AggregatedBamQC/46c0031a-e190-4d8c-9670-6d79b5fa4ca3/call-CollectReadgroupBamQualityMetrics \
  -v /mnt/nas1/projects/lasr/blendseq:/mnt/nas1/projects/lasr/blendseq \
  us.gcr.io/broad-gotc-prod/picard-cloud@sha256:e5ad5339080c3107c04e4a4d000b8ab06f472b77019debc3ff75499d28995b0c /cromwell-executions1/WholeGenomeGermlineSingleSample/d3b27253-def8-4fcc-8159-f1f8d49265cf/call-AggregatedBamQC/AggregatedBamQC/46c0031a-e190-4d8c-9670-6d79b5fa4ca3/call-CollectReadgroupBamQualityMetrics/execution/script

# get the return code (working even if the container was detached)
rc=$(docker wait [38;5;5mcat /mnt/nas1/projects/lasr/blendseq/warp-pipelines/warp-gatk-germline-single-sample-pipeline-master/cromwell-executions1/WholeGenomeGermlineSingleSample/d3b27253-def8-4fcc-8159-f1f8d49265cf/call-AggregatedBamQC/AggregatedBamQC/46c0031a-e190-4d8c-9670-6d79b5fa4ca3/call-CollectReadgroupBamQualityMetrics/execution/docker_cid[0m)

# remove the container after waiting
docker rm [38;5;5mcat /mnt/nas1/projects/lasr/blendseq/warp-pipelines/warp-gatk-germline-single-sample-pipeline-master/cromwell-executions1/WholeGenomeGermlineSingleSample/d3b27253-def8-4fcc-8159-f1f8d49265cf/call-AggregatedBamQC/AggregatedBamQC/46c0031a-e190-4d8c-9670-6d79b5fa4ca3/call-CollectReadgroupBamQualityMetrics/execution/docker_cid[0m

# return exit code
exit $rc
[2026-04-01 03:44:31,06] [info] BackgroundConfigAsyncJobExecutionActor [[38;5;2m46c0031a[0mAggregatedBamQC.CollectReadgroupBamQualityMetrics:NA:1]: job id: 603928
[2026-04-01 03:44:31,07] [info] BackgroundConfigAsyncJobExecutionActor [[38;5;2m46c0031a[0mAggregatedBamQC.CollectReadgroupBamQualityMetrics:NA:1]: Status change from - to WaitingForReturnCode
[2026-04-01 06:15:57,84] [info] BackgroundConfigAsyncJobExecutionActor [[38;5;2m46c0031a[0mAggregatedBamQC.CollectReadgroupBamQualityMetrics:NA:1]: Status change from WaitingForReturnCode to Done
[2026-04-01 06:16:06,18] [info] Assigned new job execution tokens to the following groups: d3b27253: 1
[2026-04-01 06:16:06,20] [[38;5;220mwarn[0m] BackgroundConfigAsyncJobExecutionActor [[38;5;2m46c0031a[0mAggregatedBamQC.CollectAggregationMetrics:NA:1]: Unrecognized runtime attribute keys: preemptible, disks, memory
[2026-04-01 06:16:06,28] [info] BackgroundConfigAsyncJobExecutionActor [[38;5;2m46c0031a[0mAggregatedBamQC.CollectAggregationMetrics:NA:1]: [38;5;5m# These are optionally generated, but need to exist for Cromwell's sake
touch ERR3684866_ILMN.gc_bias.detail_metrics \
  ERR3684866_ILMN.gc_bias.pdf \
  ERR3684866_ILMN.gc_bias.summary_metrics \
  ERR3684866_ILMN.insert_size_metrics \
  ERR3684866_ILMN.insert_size_histogram.pdf

java -Xms5000m -Xmx6500m -jar /usr/picard/picard.jar \
  CollectMultipleMetrics \
  INPUT=/cromwell-executions1/WholeGenomeGermlineSingleSample/d3b27253-def8-4fcc-8159-f1f8d49265cf/call-AggregatedBamQC/AggregatedBamQC/46c0031a-e190-4d8c-9670-6d79b5fa4ca3/call-CollectAggregationMetrics/inputs/-861879968/ERR3684866_ILMN.bam \
  REFERENCE_SEQUENCE=/cromwell-executions1/WholeGenomeGermlineSingleSample/d3b27253-def8-4fcc-8159-f1f8d49265cf/call-AggregatedBamQC/AggregatedBamQC/46c0031a-e190-4d8c-9670-6d79b5fa4ca3/call-CollectAggregationMetrics/inputs/-1569105944/Homo_sapiens_assembly38_masked.fasta \
  OUTPUT=ERR3684866_ILMN \
  ASSUME_SORTED=true \
  PROGRAM=null \
  PROGRAM=CollectAlignmentSummaryMetrics \
  PROGRAM=CollectInsertSizeMetrics \
  PROGRAM=CollectSequencingArtifactMetrics \
  PROGRAM=QualityScoreDistribution \
  PROGRAM="CollectGcBiasMetrics" \
  METRIC_ACCUMULATION_LEVEL=null \
  METRIC_ACCUMULATION_LEVEL=SAMPLE \
  METRIC_ACCUMULATION_LEVEL=LIBRARY[0m
[2026-04-01 06:16:06,29] [info] BackgroundConfigAsyncJobExecutionActor [[38;5;2m46c0031a[0mAggregatedBamQC.CollectAggregationMetrics:NA:1]: executing: # make sure there is no preexisting Docker CID file
rm -f /mnt/nas1/projects/lasr/blendseq/warp-pipelines/warp-gatk-germline-single-sample-pipeline-master/cromwell-executions1/WholeGenomeGermlineSingleSample/d3b27253-def8-4fcc-8159-f1f8d49265cf/call-AggregatedBamQC/AggregatedBamQC/46c0031a-e190-4d8c-9670-6d79b5fa4ca3/call-CollectAggregationMetrics/execution/docker_cid
# run as in the original configuration without --rm flag (will remove later)
docker run \
  --cidfile /mnt/nas1/projects/lasr/blendseq/warp-pipelines/warp-gatk-germline-single-sample-pipeline-master/cromwell-executions1/WholeGenomeGermlineSingleSample/d3b27253-def8-4fcc-8159-f1f8d49265cf/call-AggregatedBamQC/AggregatedBamQC/46c0031a-e190-4d8c-9670-6d79b5fa4ca3/call-CollectAggregationMetrics/execution/docker_cid \
  -i \
  --user 1027:1028 \
  --cpus="64" \
  --memory="409600m" \
  --entrypoint /bin/bash \
  -v /mnt/nas1/projects/lasr/blendseq/warp-pipelines/warp-gatk-germline-single-sample-pipeline-master/cromwell-executions1/WholeGenomeGermlineSingleSample/d3b27253-def8-4fcc-8159-f1f8d49265cf/call-AggregatedBamQC/AggregatedBamQC/46c0031a-e190-4d8c-9670-6d79b5fa4ca3/call-CollectAggregationMetrics:/cromwell-executions1/WholeGenomeGermlineSingleSample/d3b27253-def8-4fcc-8159-f1f8d49265cf/call-AggregatedBamQC/AggregatedBamQC/46c0031a-e190-4d8c-9670-6d79b5fa4ca3/call-CollectAggregationMetrics \
  -v /mnt/nas1/projects/lasr/blendseq:/mnt/nas1/projects/lasr/blendseq \
  us.gcr.io/broad-gotc-prod/picard-cloud@sha256:e5ad5339080c3107c04e4a4d000b8ab06f472b77019debc3ff75499d28995b0c /cromwell-executions1/WholeGenomeGermlineSingleSample/d3b27253-def8-4fcc-8159-f1f8d49265cf/call-AggregatedBamQC/AggregatedBamQC/46c0031a-e190-4d8c-9670-6d79b5fa4ca3/call-CollectAggregationMetrics/execution/script

# get the return code (working even if the container was detached)
rc=$(docker wait [38;5;5mcat /mnt/nas1/projects/lasr/blendseq/warp-pipelines/warp-gatk-germline-single-sample-pipeline-master/cromwell-executions1/WholeGenomeGermlineSingleSample/d3b27253-def8-4fcc-8159-f1f8d49265cf/call-AggregatedBamQC/AggregatedBamQC/46c0031a-e190-4d8c-9670-6d79b5fa4ca3/call-CollectAggregationMetrics/execution/docker_cid[0m)

# remove the container after waiting
docker rm [38;5;5mcat /mnt/nas1/projects/lasr/blendseq/warp-pipelines/warp-gatk-germline-single-sample-pipeline-master/cromwell-executions1/WholeGenomeGermlineSingleSample/d3b27253-def8-4fcc-8159-f1f8d49265cf/call-AggregatedBamQC/AggregatedBamQC/46c0031a-e190-4d8c-9670-6d79b5fa4ca3/call-CollectAggregationMetrics/execution/docker_cid[0m

# return exit code
exit $rc
[2026-04-01 06:16:11,07] [info] BackgroundConfigAsyncJobExecutionActor [[38;5;2m46c0031a[0mAggregatedBamQC.CollectAggregationMetrics:NA:1]: job id: 606482
[2026-04-01 06:16:11,07] [info] BackgroundConfigAsyncJobExecutionActor [[38;5;2m46c0031a[0mAggregatedBamQC.CollectAggregationMetrics:NA:1]: Status change from - to WaitingForReturnCode
[2026-04-01 11:54:52,39] [info] BackgroundConfigAsyncJobExecutionActor [[38;5;2m46c0031a[0mAggregatedBamQC.CollectAggregationMetrics:NA:1]: Status change from WaitingForReturnCode to Done
[2026-04-01 11:54:56,18] [info] Assigned new job execution tokens to the following groups: d3b27253: 1
[2026-04-01 11:54:56,19] [[38;5;220mwarn[0m] BackgroundConfigAsyncJobExecutionActor [[38;5;2m46c0031a[0mAggregatedBamQC.CalculateReadGroupChecksum:NA:1]: Unrecognized runtime attribute keys: preemptible, disks, memory
[2026-04-01 11:54:56,25] [info] BackgroundConfigAsyncJobExecutionActor [[38;5;2m46c0031a[0mAggregatedBamQC.CalculateReadGroupChecksum:NA:1]: [38;5;5mjava -Xms1000m -Xmx3500m -jar /usr/picard/picard.jar \
  CalculateReadGroupChecksum \
  INPUT=/cromwell-executions1/WholeGenomeGermlineSingleSample/d3b27253-def8-4fcc-8159-f1f8d49265cf/call-AggregatedBamQC/AggregatedBamQC/46c0031a-e190-4d8c-9670-6d79b5fa4ca3/call-CalculateReadGroupChecksum/inputs/-861879968/ERR3684866_ILMN.bam \
  OUTPUT=ERR3684866_ILMN.aligned.duplicates_marked.recalibrated.bam.read_group_md5[0m
[2026-04-01 11:54:56,26] [info] BackgroundConfigAsyncJobExecutionActor [[38;5;2m46c0031a[0mAggregatedBamQC.CalculateReadGroupChecksum:NA:1]: executing: # make sure there is no preexisting Docker CID file
rm -f /mnt/nas1/projects/lasr/blendseq/warp-pipelines/warp-gatk-germline-single-sample-pipeline-master/cromwell-executions1/WholeGenomeGermlineSingleSample/d3b27253-def8-4fcc-8159-f1f8d49265cf/call-AggregatedBamQC/AggregatedBamQC/46c0031a-e190-4d8c-9670-6d79b5fa4ca3/call-CalculateReadGroupChecksum/execution/docker_cid
# run as in the original configuration without --rm flag (will remove later)
docker run \
  --cidfile /mnt/nas1/projects/lasr/blendseq/warp-pipelines/warp-gatk-germline-single-sample-pipeline-master/cromwell-executions1/WholeGenomeGermlineSingleSample/d3b27253-def8-4fcc-8159-f1f8d49265cf/call-AggregatedBamQC/AggregatedBamQC/46c0031a-e190-4d8c-9670-6d79b5fa4ca3/call-CalculateReadGroupChecksum/execution/docker_cid \
  -i \
  --user 1027:1028 \
  --cpus="64" \
  --memory="409600m" \
  --entrypoint /bin/bash \
  -v /mnt/nas1/projects/lasr/blendseq/warp-pipelines/warp-gatk-germline-single-sample-pipeline-master/cromwell-executions1/WholeGenomeGermlineSingleSample/d3b27253-def8-4fcc-8159-f1f8d49265cf/call-AggregatedBamQC/AggregatedBamQC/46c0031a-e190-4d8c-9670-6d79b5fa4ca3/call-CalculateReadGroupChecksum:/cromwell-executions1/WholeGenomeGermlineSingleSample/d3b27253-def8-4fcc-8159-f1f8d49265cf/call-AggregatedBamQC/AggregatedBamQC/46c0031a-e190-4d8c-9670-6d79b5fa4ca3/call-CalculateReadGroupChecksum \
  -v /mnt/nas1/projects/lasr/blendseq:/mnt/nas1/projects/lasr/blendseq \
  us.gcr.io/broad-gotc-prod/picard-cloud@sha256:e5ad5339080c3107c04e4a4d000b8ab06f472b77019debc3ff75499d28995b0c /cromwell-executions1/WholeGenomeGermlineSingleSample/d3b27253-def8-4fcc-8159-f1f8d49265cf/call-AggregatedBamQC/AggregatedBamQC/46c0031a-e190-4d8c-9670-6d79b5fa4ca3/call-CalculateReadGroupChecksum/execution/script

# get the return code (working even if the container was detached)
rc=$(docker wait [38;5;5mcat /mnt/nas1/projects/lasr/blendseq/warp-pipelines/warp-gatk-germline-single-sample-pipeline-master/cromwell-executions1/WholeGenomeGermlineSingleSample/d3b27253-def8-4fcc-8159-f1f8d49265cf/call-AggregatedBamQC/AggregatedBamQC/46c0031a-e190-4d8c-9670-6d79b5fa4ca3/call-CalculateReadGroupChecksum/execution/docker_cid[0m)

# remove the container after waiting
docker rm [38;5;5mcat /mnt/nas1/projects/lasr/blendseq/warp-pipelines/warp-gatk-germline-single-sample-pipeline-master/cromwell-executions1/WholeGenomeGermlineSingleSample/d3b27253-def8-4fcc-8159-f1f8d49265cf/call-AggregatedBamQC/AggregatedBamQC/46c0031a-e190-4d8c-9670-6d79b5fa4ca3/call-CalculateReadGroupChecksum/execution/docker_cid[0m

# return exit code
exit $rc
[2026-04-01 11:55:01,06] [info] BackgroundConfigAsyncJobExecutionActor [[38;5;2m46c0031a[0mAggregatedBamQC.CalculateReadGroupChecksum:NA:1]: job id: 610194
[2026-04-01 11:55:01,07] [info] BackgroundConfigAsyncJobExecutionActor [[38;5;2m46c0031a[0mAggregatedBamQC.CalculateReadGroupChecksum:NA:1]: Status change from - to WaitingForReturnCode
[2026-04-01 11:55:09,24] [info] BackgroundConfigAsyncJobExecutionActor [[38;5;2m46c0031a[0mAggregatedBamQC.CalculateReadGroupChecksum:NA:1]: Status change from WaitingForReturnCode to Done
[2026-04-01 11:55:10,75] [info] 46c0031a-e190-4d8c-9670-6d79b5fa4ca3-SubWorkflowActor-SubWorkflow-AggregatedBamQC:-1:1 [[38;5;2m46c0031a[0m]: Workflow AggregatedBamQC complete. Final Outputs:
{
  "AggregatedBamQC.fingerprint_summary_metrics": null,
  "AggregatedBamQC.calculate_read_group_checksum_md5": "/mnt/nas1/projects/lasr/blendseq/warp-pipelines/warp-gatk-germline-single-sample-pipeline-master/cromwell-executions1/WholeGenomeGermlineSingleSample/d3b27253-def8-4fcc-8159-f1f8d49265cf/call-AggregatedBamQC/AggregatedBamQC/46c0031a-e190-4d8c-9670-6d79b5fa4ca3/call-CalculateReadGroupChecksum/execution/ERR3684866_ILMN.aligned.duplicates_marked.recalibrated.bam.read_group_md5",
  "AggregatedBamQC.fingerprint_detail_metrics": null,
  "AggregatedBamQC.agg_gc_bias_summary_metrics": "/mnt/nas1/projects/lasr/blendseq/warp-pipelines/warp-gatk-germline-single-sample-pipeline-master/cromwell-executions1/WholeGenomeGermlineSingleSample/d3b27253-def8-4fcc-8159-f1f8d49265cf/call-AggregatedBamQC/AggregatedBamQC/46c0031a-e190-4d8c-9670-6d79b5fa4ca3/call-CollectAggregationMetrics/execution/ERR3684866_ILMN.gc_bias.summary_metrics",
  "AggregatedBamQC.agg_quality_distribution_pdf": "/mnt/nas1/projects/lasr/blendseq/warp-pipelines/warp-gatk-germline-single-sample-pipeline-master/cromwell-executions1/WholeGenomeGermlineSingleSample/d3b27253-def8-4fcc-8159-f1f8d49265cf/call-AggregatedBamQC/AggregatedBamQC/46c0031a-e190-4d8c-9670-6d79b5fa4ca3/call-CollectAggregationMetrics/execution/ERR3684866_ILMN.quality_distribution.pdf",
  "AggregatedBamQC.agg_bait_bias_summary_metrics": "/mnt/nas1/projects/lasr/blendseq/warp-pipelines/warp-gatk-germline-single-sample-pipeline-master/cromwell-executions1/WholeGenomeGermlineSingleSample/d3b27253-def8-4fcc-8159-f1f8d49265cf/call-AggregatedBamQC/AggregatedBamQC/46c0031a-e190-4d8c-9670-6d79b5fa4ca3/call-CollectAggregationMetrics/execution/ERR3684866_ILMN.bait_bias_summary_metrics",
  "AggregatedBamQC.agg_bait_bias_detail_metrics": "/mnt/nas1/projects/lasr/blendseq/warp-pipelines/warp-gatk-germline-single-sample-pipeline-master/cromwell-executions1/WholeGenomeGermlineSingleSample/d3b27253-def8-4fcc-8159-f1f8d49265cf/call-AggregatedBamQC/AggregatedBamQC/46c0031a-e190-4d8c-9670-6d79b5fa4ca3/call-CollectAggregationMetrics/execution/ERR3684866_ILMN.bait_bias_detail_metrics",
  "AggregatedBamQC.agg_gc_bias_pdf": "/mnt/nas1/projects/lasr/blendseq/warp-pipelines/warp-gatk-germline-single-sample-pipeline-master/cromwell-executions1/WholeGenomeGermlineSingleSample/d3b27253-def8-4fcc-8159-f1f8d49265cf/call-AggregatedBamQC/AggregatedBamQC/46c0031a-e190-4d8c-9670-6d79b5fa4ca3/call-CollectAggregationMetrics/execution/ERR3684866_ILMN.gc_bias.pdf",
  "AggregatedBamQC.agg_pre_adapter_summary_metrics": "/mnt/nas1/projects/lasr/blendseq/warp-pipelines/warp-gatk-germline-single-sample-pipeline-master/cromwell-executions1/WholeGenomeGermlineSingleSample/d3b27253-def8-4fcc-8159-f1f8d49265cf/call-AggregatedBamQC/AggregatedBamQC/46c0031a-e190-4d8c-9670-6d79b5fa4ca3/call-CollectAggregationMetrics/execution/ERR3684866_ILMN.pre_adapter_summary_metrics",
  "AggregatedBamQC.read_group_gc_bias_detail_metrics": "/mnt/nas1/projects/lasr/blendseq/warp-pipelines/warp-gatk-germline-single-sample-pipeline-master/cromwell-executions1/WholeGenomeGermlineSingleSample/d3b27253-def8-4fcc-8159-f1f8d49265cf/call-AggregatedBamQC/AggregatedBamQC/46c0031a-e190-4d8c-9670-6d79b5fa4ca3/call-CollectReadgroupBamQualityMetrics/execution/ERR3684866_ILMN.readgroup.gc_bias.detail_metrics",
  "AggregatedBamQC.agg_pre_adapter_detail_metrics": "/mnt/nas1/projects/lasr/blendseq/warp-pipelines/warp-gatk-germline-single-sample-pipeline-master/cromwell-executions1/WholeGenomeGermlineSingleSample/d3b27253-def8-4fcc-8159-f1f8d49265cf/call-AggregatedBamQC/AggregatedBamQC/46c0031a-e190-4d8c-9670-6d79b5fa4ca3/call-CollectAggregationMetrics/execution/ERR3684866_ILMN.pre_adapter_detail_metrics",
  "AggregatedBamQC.agg_insert_size_metrics": "/mnt/nas1/projects/lasr/blendseq/warp-pipelines/warp-gatk-germline-single-sample-pipeline-master/cromwell-executions1/WholeGenomeGermlineSingleSample/d3b27253-def8-4fcc-8159-f1f8d49265cf/call-AggregatedBamQC/AggregatedBamQC/46c0031a-e190-4d8c-9670-6d79b5fa4ca3/call-CollectAggregationMetrics/execution/ERR3684866_ILMN.insert_size_metrics",
  "AggregatedBamQC.read_group_gc_bias_pdf": "/mnt/nas1/projects/lasr/blendseq/warp-pipelines/warp-gatk-germline-single-sample-pipeline-master/cromwell-executions1/WholeGenomeGermlineSingleSample/d3b27253-def8-4fcc-8159-f1f8d49265cf/call-AggregatedBamQC/AggregatedBamQC/46c0031a-e190-4d8c-9670-6d79b5fa4ca3/call-CollectReadgroupBamQualityMetrics/execution/ERR3684866_ILMN.readgroup.gc_bias.pdf",
  "AggregatedBamQC.agg_insert_size_histogram_pdf": "/mnt/nas1/projects/lasr/blendseq/warp-pipelines/warp-gatk-germline-single-sample-pipeline-master/cromwell-executions1/WholeGenomeGermlineSingleSample/d3b27253-def8-4fcc-8159-f1f8d49265cf/call-AggregatedBamQC/AggregatedBamQC/46c0031a-e190-4d8c-9670-6d79b5fa4ca3/call-CollectAggregationMetrics/execution/ERR3684866_ILMN.insert_size_histogram.pdf",
  "AggregatedBamQC.agg_quality_distribution_metrics": "/mnt/nas1/projects/lasr/blendseq/warp-pipelines/warp-gatk-germline-single-sample-pipeline-master/cromwell-executions1/WholeGenomeGermlineSingleSample/d3b27253-def8-4fcc-8159-f1f8d49265cf/call-AggregatedBamQC/AggregatedBamQC/46c0031a-e190-4d8c-9670-6d79b5fa4ca3/call-CollectAggregationMetrics/execution/ERR3684866_ILMN.quality_distribution_metrics",
  "AggregatedBamQC.agg_alignment_summary_metrics": "/mnt/nas1/projects/lasr/blendseq/warp-pipelines/warp-gatk-germline-single-sample-pipeline-master/cromwell-executions1/WholeGenomeGermlineSingleSample/d3b27253-def8-4fcc-8159-f1f8d49265cf/call-AggregatedBamQC/AggregatedBamQC/46c0031a-e190-4d8c-9670-6d79b5fa4ca3/call-CollectAggregationMetrics/execution/ERR3684866_ILMN.alignment_summary_metrics",
  "AggregatedBamQC.agg_error_summary_metrics": "/mnt/nas1/projects/lasr/blendseq/warp-pipelines/warp-gatk-germline-single-sample-pipeline-master/cromwell-executions1/WholeGenomeGermlineSingleSample/d3b27253-def8-4fcc-8159-f1f8d49265cf/call-AggregatedBamQC/AggregatedBamQC/46c0031a-e190-4d8c-9670-6d79b5fa4ca3/call-CollectAggregationMetrics/execution/ERR3684866_ILMN.error_summary_metrics",
  "AggregatedBamQC.read_group_gc_bias_summary_metrics": "/mnt/nas1/projects/lasr/blendseq/warp-pipelines/warp-gatk-germline-single-sample-pipeline-master/cromwell-executions1/WholeGenomeGermlineSingleSample/d3b27253-def8-4fcc-8159-f1f8d49265cf/call-AggregatedBamQC/AggregatedBamQC/46c0031a-e190-4d8c-9670-6d79b5fa4ca3/call-CollectReadgroupBamQualityMetrics/execution/ERR3684866_ILMN.readgroup.gc_bias.summary_metrics",
  "AggregatedBamQC.agg_gc_bias_detail_metrics": "/mnt/nas1/projects/lasr/blendseq/warp-pipelines/warp-gatk-germline-single-sample-pipeline-master/cromwell-executions1/WholeGenomeGermlineSingleSample/d3b27253-def8-4fcc-8159-f1f8d49265cf/call-AggregatedBamQC/AggregatedBamQC/46c0031a-e190-4d8c-9670-6d79b5fa4ca3/call-CollectAggregationMetrics/execution/ERR3684866_ILMN.gc_bias.detail_metrics",
  "AggregatedBamQC.read_group_alignment_summary_metrics": "/mnt/nas1/projects/lasr/blendseq/warp-pipelines/warp-gatk-germline-single-sample-pipeline-master/cromwell-executions1/WholeGenomeGermlineSingleSample/d3b27253-def8-4fcc-8159-f1f8d49265cf/call-AggregatedBamQC/AggregatedBamQC/46c0031a-e190-4d8c-9670-6d79b5fa4ca3/call-CollectReadgroupBamQualityMetrics/execution/ERR3684866_ILMN.readgroup.alignment_summary_metrics"
}
[2026-04-01 11:55:12,78] [info] d3b27253-def8-4fcc-8159-f1f8d49265cf-SubWorkflowExecutionActor-SubWorkflow-BamToCram:-1:1 [[38;5;2md3b27253[0mSubWorkflow-BamToCram:-1:1]: Running subworkflow: a3f933c1-d441-488a-bc39-55bdf42dd18f, root: d3b27253-def8-4fcc-8159-f1f8d49265cf
[2026-04-01 11:55:14,82] [info] a3f933c1-d441-488a-bc39-55bdf42dd18f-SubWorkflowActor-SubWorkflow-BamToCram:-1:1 [[38;5;2ma3f933c1[0m]: Starting BamToCram.ConvertToCram
[2026-04-01 11:55:15,84] [info] a3f933c1-d441-488a-bc39-55bdf42dd18f-SubWorkflowActor-SubWorkflow-BamToCram:-1:1 [[38;5;2ma3f933c1[0m]: Starting BamToCram.CheckPreValidation
[2026-04-01 11:55:16,18] [info] Assigned new job execution tokens to the following groups: d3b27253: 1
[2026-04-01 11:55:17,00] [[38;5;220mwarn[0m] BackgroundConfigAsyncJobExecutionActor [[38;5;2m17899b18[0mVariantCalling.ScatterIntervalList:NA:1]: Unrecognized runtime attribute keys: memory
[2026-04-01 11:55:17,07] [info] BackgroundConfigAsyncJobExecutionActor [[38;5;2m17899b18[0mVariantCalling.ScatterIntervalList:NA:1]: [38;5;5mset -e
mkdir out
java -Xms1000m -Xmx1500m -jar /usr/gitc/picard.jar \
  IntervalListTools \
  SCATTER_COUNT=50 \
  SUBDIVISION_MODE=BALANCING_WITHOUT_INTERVAL_SUBDIVISION_WITH_OVERFLOW \
  UNIQUE=true \
  SORT=true \
  BREAK_BANDS_AT_MULTIPLES_OF=1000000 \
  INPUT=/cromwell-executions1/WholeGenomeGermlineSingleSample/d3b27253-def8-4fcc-8159-f1f8d49265cf/call-BamToGvcf/VariantCalling/17899b18-eba4-4779-b361-f95638baf358/call-ScatterIntervalList/inputs/-790663736/wgs_calling_regions.hg38.interval_list \
  OUTPUT=out

python3 <<CODE
import glob, os
# Works around a JES limitation where multiples files with the same name overwrite each other when globbed
intervals = sorted(glob.glob("out/*/*.interval_list"))
for i, interval in enumerate(intervals):
  (directory, filename) = os.path.split(interval)
  newName = os.path.join(directory, str(i + 1) + filename)
  os.rename(interval, newName)
print(len(intervals))
CODE[0m
[2026-04-01 11:55:17,09] [info] BackgroundConfigAsyncJobExecutionActor [[38;5;2m17899b18[0mVariantCalling.ScatterIntervalList:NA:1]: executing: # make sure there is no preexisting Docker CID file
rm -f /mnt/nas1/projects/lasr/blendseq/warp-pipelines/warp-gatk-germline-single-sample-pipeline-master/cromwell-executions1/WholeGenomeGermlineSingleSample/d3b27253-def8-4fcc-8159-f1f8d49265cf/call-BamToGvcf/VariantCalling/17899b18-eba4-4779-b361-f95638baf358/call-ScatterIntervalList/execution/docker_cid
# run as in the original configuration without --rm flag (will remove later)
docker run \
  --cidfile /mnt/nas1/projects/lasr/blendseq/warp-pipelines/warp-gatk-germline-single-sample-pipeline-master/cromwell-executions1/WholeGenomeGermlineSingleSample/d3b27253-def8-4fcc-8159-f1f8d49265cf/call-BamToGvcf/VariantCalling/17899b18-eba4-4779-b361-f95638baf358/call-ScatterIntervalList/execution/docker_cid \
  -i \
  --user 1027:1028 \
  --cpus="64" \
  --memory="409600m" \
  --entrypoint /bin/bash \
  -v /mnt/nas1/projects/lasr/blendseq/warp-pipelines/warp-gatk-germline-single-sample-pipeline-master/cromwell-executions1/WholeGenomeGermlineSingleSample/d3b27253-def8-4fcc-8159-f1f8d49265cf/call-BamToGvcf/VariantCalling/17899b18-eba4-4779-b361-f95638baf358/call-ScatterIntervalList:/cromwell-executions1/WholeGenomeGermlineSingleSample/d3b27253-def8-4fcc-8159-f1f8d49265cf/call-BamToGvcf/VariantCalling/17899b18-eba4-4779-b361-f95638baf358/call-ScatterIntervalList \
  -v /mnt/nas1/projects/lasr/blendseq:/mnt/nas1/projects/lasr/blendseq \
  us.gcr.io/broad-gotc-prod/picard-python@sha256:18e5d917ab46b03ae08ecc11e74b962278f885deedd21a057c72ce0b517c93a2 /cromwell-executions1/WholeGenomeGermlineSingleSample/d3b27253-def8-4fcc-8159-f1f8d49265cf/call-BamToGvcf/VariantCalling/17899b18-eba4-4779-b361-f95638baf358/call-ScatterIntervalList/execution/script

# get the return code (working even if the container was detached)
rc=$(docker wait [38;5;5mcat /mnt/nas1/projects/lasr/blendseq/warp-pipelines/warp-gatk-germline-single-sample-pipeline-master/cromwell-executions1/WholeGenomeGermlineSingleSample/d3b27253-def8-4fcc-8159-f1f8d49265cf/call-BamToGvcf/VariantCalling/17899b18-eba4-4779-b361-f95638baf358/call-ScatterIntervalList/execution/docker_cid[0m)

# remove the container after waiting
docker rm [38;5;5mcat /mnt/nas1/projects/lasr/blendseq/warp-pipelines/warp-gatk-germline-single-sample-pipeline-master/cromwell-executions1/WholeGenomeGermlineSingleSample/d3b27253-def8-4fcc-8159-f1f8d49265cf/call-BamToGvcf/VariantCalling/17899b18-eba4-4779-b361-f95638baf358/call-ScatterIntervalList/execution/docker_cid[0m

# return exit code
exit $rc
[2026-04-01 11:55:21,07] [info] BackgroundConfigAsyncJobExecutionActor [[38;5;2m17899b18[0mVariantCalling.ScatterIntervalList:NA:1]: job id: 610567
[2026-04-01 11:55:21,07] [info] BackgroundConfigAsyncJobExecutionActor [[38;5;2m17899b18[0mVariantCalling.ScatterIntervalList:NA:1]: Status change from - to Done
[2026-04-01 11:55:26,18] [info] Assigned new job execution tokens to the following groups: d3b27253: 1
[2026-04-01 11:55:26,73] [[38;5;220mwarn[0m] BackgroundConfigAsyncJobExecutionActor [[38;5;2m17899b18[0mVariantCalling.DragstrAutoCalibration:NA:1]: Unrecognized runtime attribute keys: preemptible, disks, cpu, memory
[2026-04-01 11:55:26,81] [info] BackgroundConfigAsyncJobExecutionActor [[38;5;2m17899b18[0mVariantCalling.DragstrAutoCalibration:NA:1]: [38;5;5mset -x
gatk --java-options "-Xmx250g -DGATK_STACKTRACE_ON_USER_EXCEPTION=true -Dsamjdk.reference_fasta=/cromwell-executions1/WholeGenomeGermlineSingleSample/d3b27253-def8-4fcc-8159-f1f8d49265cf/call-BamToGvcf/VariantCalling/17899b18-eba4-4779-b361-f95638baf358/call-DragstrAutoCalibration/inputs/-1569105944/Homo_sapiens_assembly38_masked.fasta" \
  CalibrateDragstrModel \
    -R /cromwell-executions1/WholeGenomeGermlineSingleSample/d3b27253-def8-4fcc-8159-f1f8d49265cf/call-BamToGvcf/VariantCalling/17899b18-eba4-4779-b361-f95638baf358/call-DragstrAutoCalibration/inputs/-1569105944/Homo_sapiens_assembly38_masked.fasta \
    -I /cromwell-executions1/WholeGenomeGermlineSingleSample/d3b27253-def8-4fcc-8159-f1f8d49265cf/call-BamToGvcf/VariantCalling/17899b18-eba4-4779-b361-f95638baf358/call-DragstrAutoCalibration/inputs/-861879968/ERR3684866_ILMN.bam \
    -str /cromwell-executions1/WholeGenomeGermlineSingleSample/d3b27253-def8-4fcc-8159-f1f8d49265cf/call-BamToGvcf/VariantCalling/17899b18-eba4-4779-b361-f95638baf358/call-DragstrAutoCalibration/inputs/-1829625260/Homo_sapiens_assembly38.str \
    -O ERR3684866_ILMN.bam.dragstr \
    --threads 4[0m
[2026-04-01 11:55:26,82] [info] BackgroundConfigAsyncJobExecutionActor [[38;5;2m17899b18[0mVariantCalling.DragstrAutoCalibration:NA:1]: executing: # make sure there is no preexisting Docker CID file
rm -f /mnt/nas1/projects/lasr/blendseq/warp-pipelines/warp-gatk-germline-single-sample-pipeline-master/cromwell-executions1/WholeGenomeGermlineSingleSample/d3b27253-def8-4fcc-8159-f1f8d49265cf/call-BamToGvcf/VariantCalling/17899b18-eba4-4779-b361-f95638baf358/call-DragstrAutoCalibration/execution/docker_cid
# run as in the original configuration without --rm flag (will remove later)
docker run \
  --cidfile /mnt/nas1/projects/lasr/blendseq/warp-pipelines/warp-gatk-germline-single-sample-pipeline-master/cromwell-executions1/WholeGenomeGermlineSingleSample/d3b27253-def8-4fcc-8159-f1f8d49265cf/call-BamToGvcf/VariantCalling/17899b18-eba4-4779-b361-f95638baf358/call-DragstrAutoCalibration/execution/docker_cid \
  -i \
  --user 1027:1028 \
  --cpus="64" \
  --memory="409600m" \
  --entrypoint /bin/bash \
  -v /mnt/nas1/projects/lasr/blendseq/warp-pipelines/warp-gatk-germline-single-sample-pipeline-master/cromwell-executions1/WholeGenomeGermlineSingleSample/d3b27253-def8-4fcc-8159-f1f8d49265cf/call-BamToGvcf/VariantCalling/17899b18-eba4-4779-b361-f95638baf358/call-DragstrAutoCalibration:/cromwell-executions1/WholeGenomeGermlineSingleSample/d3b27253-def8-4fcc-8159-f1f8d49265cf/call-BamToGvcf/VariantCalling/17899b18-eba4-4779-b361-f95638baf358/call-DragstrAutoCalibration \
  -v /mnt/nas1/projects/lasr/blendseq:/mnt/nas1/projects/lasr/blendseq \
  us.gcr.io/broad-gatk/gatk@sha256:c88912855b845bd40c6b4bc8f3dd1d4b333ed2549cd3e8386987ee7c0c284f5a /cromwell-executions1/WholeGenomeGermlineSingleSample/d3b27253-def8-4fcc-8159-f1f8d49265cf/call-BamToGvcf/VariantCalling/17899b18-eba4-4779-b361-f95638baf358/call-DragstrAutoCalibration/execution/script

# get the return code (working even if the container was detached)
rc=$(docker wait [38;5;5mcat /mnt/nas1/projects/lasr/blendseq/warp-pipelines/warp-gatk-germline-single-sample-pipeline-master/cromwell-executions1/WholeGenomeGermlineSingleSample/d3b27253-def8-4fcc-8159-f1f8d49265cf/call-BamToGvcf/VariantCalling/17899b18-eba4-4779-b361-f95638baf358/call-DragstrAutoCalibration/execution/docker_cid[0m)

# remove the container after waiting
docker rm [38;5;5mcat /mnt/nas1/projects/lasr/blendseq/warp-pipelines/warp-gatk-germline-single-sample-pipeline-master/cromwell-executions1/WholeGenomeGermlineSingleSample/d3b27253-def8-4fcc-8159-f1f8d49265cf/call-BamToGvcf/VariantCalling/17899b18-eba4-4779-b361-f95638baf358/call-DragstrAutoCalibration/execution/docker_cid[0m

# return exit code
exit $rc
[2026-04-01 11:55:31,07] [info] BackgroundConfigAsyncJobExecutionActor [[38;5;2m17899b18[0mVariantCalling.DragstrAutoCalibration:NA:1]: job id: 611035
[2026-04-01 11:55:31,07] [info] BackgroundConfigAsyncJobExecutionActor [[38;5;2m17899b18[0mVariantCalling.DragstrAutoCalibration:NA:1]: Status change from - to WaitingForReturnCode
[2026-04-01 12:04:23,46] [info] BackgroundConfigAsyncJobExecutionActor [[38;5;2m17899b18[0mVariantCalling.DragstrAutoCalibration:NA:1]: Status change from WaitingForReturnCode to Done
[2026-04-01 12:04:25,77] [info] 17899b18-eba4-4779-b361-f95638baf358-SubWorkflowActor-SubWorkflow-BamToGvcf:-1:1 [[38;5;2m17899b18[0m]: Starting VariantCalling.HaplotypeCallerGATK4 (50 shards)
[2026-04-01 12:04:26,18] [info] Assigned new job execution tokens to the following groups: d3b27253: 1
[2026-04-01 12:04:26,89] [[38;5;220mwarn[0m] BackgroundConfigAsyncJobExecutionActor [[38;5;2ma3f933c1[0mBamToCram.ConvertToCram:NA:1]: Unrecognized runtime attribute keys: preemptible, disks, cpu, memory
[2026-04-01 12:04:26,98] [info] BackgroundConfigAsyncJobExecutionActor [[38;5;2ma3f933c1[0mBamToCram.ConvertToCram:NA:1]: [38;5;5mset -e
set -o pipefail

samtools view -C -T /cromwell-executions1/WholeGenomeGermlineSingleSample/d3b27253-def8-4fcc-8159-f1f8d49265cf/call-BamToCram/BamToCram/a3f933c1-d441-488a-bc39-55bdf42dd18f/call-ConvertToCram/inputs/-1569105944/Homo_sapiens_assembly38_masked.fasta /cromwell-executions1/WholeGenomeGermlineSingleSample/d3b27253-def8-4fcc-8159-f1f8d49265cf/call-BamToCram/BamToCram/a3f933c1-d441-488a-bc39-55bdf42dd18f/call-ConvertToCram/inputs/-861879968/ERR3684866_ILMN.bam | \
tee ERR3684866_ILMN.cram | \
md5sum | awk '{print $1}' > ERR3684866_ILMN.cram.md5

# Create REF_CACHE. Used when indexing a CRAM
seq_cache_populate.pl -root ./ref/cache /cromwell-executions1/WholeGenomeGermlineSingleSample/d3b27253-def8-4fcc-8159-f1f8d49265cf/call-BamToCram/BamToCram/a3f933c1-d441-488a-bc39-55bdf42dd18f/call-ConvertToCram/inputs/-1569105944/Homo_sapiens_assembly38_masked.fasta
export REF_PATH=:
export REF_CACHE=./ref/cache/%2s/%2s/%s

samtools index ERR3684866_ILMN.cram[0m
[2026-04-01 12:04:26,99] [info] BackgroundConfigAsyncJobExecutionActor [[38;5;2ma3f933c1[0mBamToCram.ConvertToCram:NA:1]: executing: # make sure there is no preexisting Docker CID file
rm -f /mnt/nas1/projects/lasr/blendseq/warp-pipelines/warp-gatk-germline-single-sample-pipeline-master/cromwell-executions1/WholeGenomeGermlineSingleSample/d3b27253-def8-4fcc-8159-f1f8d49265cf/call-BamToCram/BamToCram/a3f933c1-d441-488a-bc39-55bdf42dd18f/call-ConvertToCram/execution/docker_cid
# run as in the original configuration without --rm flag (will remove later)
docker run \
  --cidfile /mnt/nas1/projects/lasr/blendseq/warp-pipelines/warp-gatk-germline-single-sample-pipeline-master/cromwell-executions1/WholeGenomeGermlineSingleSample/d3b27253-def8-4fcc-8159-f1f8d49265cf/call-BamToCram/BamToCram/a3f933c1-d441-488a-bc39-55bdf42dd18f/call-ConvertToCram/execution/docker_cid \
  -i \
  --user 1027:1028 \
  --cpus="64" \
  --memory="409600m" \
  --entrypoint /bin/bash \
  -v /mnt/nas1/projects/lasr/blendseq/warp-pipelines/warp-gatk-germline-single-sample-pipeline-master/cromwell-executions1/WholeGenomeGermlineSingleSample/d3b27253-def8-4fcc-8159-f1f8d49265cf/call-BamToCram/BamToCram/a3f933c1-d441-488a-bc39-55bdf42dd18f/call-ConvertToCram:/cromwell-executions1/WholeGenomeGermlineSingleSample/d3b27253-def8-4fcc-8159-f1f8d49265cf/call-BamToCram/BamToCram/a3f933c1-d441-488a-bc39-55bdf42dd18f/call-ConvertToCram \
  -v /mnt/nas1/projects/lasr/blendseq:/mnt/nas1/projects/lasr/blendseq \
  us.gcr.io/broad-gotc-prod/samtools@sha256:cb03231b6445a254d7da4372cea817692ae8802a643e1a8f57fa084b859775e3 /cromwell-executions1/WholeGenomeGermlineSingleSample/d3b27253-def8-4fcc-8159-f1f8d49265cf/call-BamToCram/BamToCram/a3f933c1-d441-488a-bc39-55bdf42dd18f/call-ConvertToCram/execution/script

# get the return code (working even if the container was detached)
rc=$(docker wait [38;5;5mcat /mnt/nas1/projects/lasr/blendseq/warp-pipelines/warp-gatk-germline-single-sample-pipeline-master/cromwell-executions1/WholeGenomeGermlineSingleSample/d3b27253-def8-4fcc-8159-f1f8d49265cf/call-BamToCram/BamToCram/a3f933c1-d441-488a-bc39-55bdf42dd18f/call-ConvertToCram/execution/docker_cid[0m)

# remove the container after waiting
docker rm [38;5;5mcat /mnt/nas1/projects/lasr/blendseq/warp-pipelines/warp-gatk-germline-single-sample-pipeline-master/cromwell-executions1/WholeGenomeGermlineSingleSample/d3b27253-def8-4fcc-8159-f1f8d49265cf/call-BamToCram/BamToCram/a3f933c1-d441-488a-bc39-55bdf42dd18f/call-ConvertToCram/execution/docker_cid[0m

# return exit code
exit $rc
[2026-04-01 12:04:31,07] [info] BackgroundConfigAsyncJobExecutionActor [[38;5;2ma3f933c1[0mBamToCram.ConvertToCram:NA:1]: job id: 611569
[2026-04-01 12:04:31,07] [info] BackgroundConfigAsyncJobExecutionActor [[38;5;2ma3f933c1[0mBamToCram.ConvertToCram:NA:1]: Status change from - to WaitingForReturnCode
[2026-04-01 14:02:07,72] [info] BackgroundConfigAsyncJobExecutionActor [[38;5;2ma3f933c1[0mBamToCram.ConvertToCram:NA:1]: Status change from WaitingForReturnCode to Done
[2026-04-01 14:02:16,18] [info] Assigned new job execution tokens to the following groups: d3b27253: 1
[2026-04-01 14:02:16,19] [[38;5;220mwarn[0m] BackgroundConfigAsyncJobExecutionActor [[38;5;2ma3f933c1[0mBamToCram.CheckPreValidation:NA:1]: Unrecognized runtime attribute keys: preemptible, memory
[2026-04-01 14:02:16,34] [info] BackgroundConfigAsyncJobExecutionActor [[38;5;2ma3f933c1[0mBamToCram.CheckPreValidation:NA:1]: [38;5;5mset -o pipefail
set -e

grep -A 1 PERCENT_DUPLICATION /cromwell-executions1/WholeGenomeGermlineSingleSample/d3b27253-def8-4fcc-8159-f1f8d49265cf/call-BamToCram/BamToCram/a3f933c1-d441-488a-bc39-55bdf42dd18f/call-CheckPreValidation/inputs/818720113/ERR3684866_ILMN.duplicate_metrics > duplication.csv
grep -A 3 PCT_CHIMERAS /cromwell-executions1/WholeGenomeGermlineSingleSample/d3b27253-def8-4fcc-8159-f1f8d49265cf/call-BamToCram/BamToCram/a3f933c1-d441-488a-bc39-55bdf42dd18f/call-CheckPreValidation/inputs/1852079432/ERR3684866_ILMN.alignment_summary_metrics | grep -v OF_PAIR > chimerism.csv

python3 <<CODE

import csv
with open('duplication.csv') as dupfile:
  reader = csv.DictReader(dupfile, delimiter='\t')
  for row in reader:
    with open("duplication_value.txt","w") as file:
      file.write(row['PERCENT_DUPLICATION'])
      file.close()

with open('chimerism.csv') as chimfile:
  reader = csv.DictReader(chimfile, delimiter='\t')
  for row in reader:
    with open("chimerism_value.txt","w") as file:
      file.write(row['PCT_CHIMERAS'])
      file.close()

CODE[0m
[2026-04-01 14:02:16,37] [info] BackgroundConfigAsyncJobExecutionActor [[38;5;2ma3f933c1[0mBamToCram.CheckPreValidation:NA:1]: executing: # make sure there is no preexisting Docker CID file
rm -f /mnt/nas1/projects/lasr/blendseq/warp-pipelines/warp-gatk-germline-single-sample-pipeline-master/cromwell-executions1/WholeGenomeGermlineSingleSample/d3b27253-def8-4fcc-8159-f1f8d49265cf/call-BamToCram/BamToCram/a3f933c1-d441-488a-bc39-55bdf42dd18f/call-CheckPreValidation/execution/docker_cid
# run as in the original configuration without --rm flag (will remove later)
docker run \
  --cidfile /mnt/nas1/projects/lasr/blendseq/warp-pipelines/warp-gatk-germline-single-sample-pipeline-master/cromwell-executions1/WholeGenomeGermlineSingleSample/d3b27253-def8-4fcc-8159-f1f8d49265cf/call-BamToCram/BamToCram/a3f933c1-d441-488a-bc39-55bdf42dd18f/call-CheckPreValidation/execution/docker_cid \
  -i \
  --user 1027:1028 \
  --cpus="64" \
  --memory="409600m" \
  --entrypoint /bin/bash \
  -v /mnt/nas1/projects/lasr/blendseq/warp-pipelines/warp-gatk-germline-single-sample-pipeline-master/cromwell-executions1/WholeGenomeGermlineSingleSample/d3b27253-def8-4fcc-8159-f1f8d49265cf/call-BamToCram/BamToCram/a3f933c1-d441-488a-bc39-55bdf42dd18f/call-CheckPreValidation:/cromwell-executions1/WholeGenomeGermlineSingleSample/d3b27253-def8-4fcc-8159-f1f8d49265cf/call-BamToCram/BamToCram/a3f933c1-d441-488a-bc39-55bdf42dd18f/call-CheckPreValidation \
  -v /mnt/nas1/projects/lasr/blendseq:/mnt/nas1/projects/lasr/blendseq \
  us.gcr.io/broad-dsp-gcr-public/base/python@sha256:af87295ec55957b9997a20803e5e612fe819e39be40a6cd817d696f6b758ad1a /cromwell-executions1/WholeGenomeGermlineSingleSample/d3b27253-def8-4fcc-8159-f1f8d49265cf/call-BamToCram/BamToCram/a3f933c1-d441-488a-bc39-55bdf42dd18f/call-CheckPreValidation/execution/script

# get the return code (working even if the container was detached)
rc=$(docker wait [38;5;5mcat /mnt/nas1/projects/lasr/blendseq/warp-pipelines/warp-gatk-germline-single-sample-pipeline-master/cromwell-executions1/WholeGenomeGermlineSingleSample/d3b27253-def8-4fcc-8159-f1f8d49265cf/call-BamToCram/BamToCram/a3f933c1-d441-488a-bc39-55bdf42dd18f/call-CheckPreValidation/execution/docker_cid[0m)

# remove the container after waiting
docker rm [38;5;5mcat /mnt/nas1/projects/lasr/blendseq/warp-pipelines/warp-gatk-germline-single-sample-pipeline-master/cromwell-executions1/WholeGenomeGermlineSingleSample/d3b27253-def8-4fcc-8159-f1f8d49265cf/call-BamToCram/BamToCram/a3f933c1-d441-488a-bc39-55bdf42dd18f/call-CheckPreValidation/execution/docker_cid[0m

# return exit code
exit $rc
[2026-04-01 14:02:21,06] [info] BackgroundConfigAsyncJobExecutionActor [[38;5;2ma3f933c1[0mBamToCram.CheckPreValidation:NA:1]: job id: 619568
[2026-04-01 14:02:21,07] [info] BackgroundConfigAsyncJobExecutionActor [[38;5;2ma3f933c1[0mBamToCram.CheckPreValidation:NA:1]: Status change from - to Done
[2026-04-01 14:02:22,38] [info] a3f933c1-d441-488a-bc39-55bdf42dd18f-SubWorkflowActor-SubWorkflow-BamToCram:-1:1 [[38;5;2ma3f933c1[0m]: Starting BamToCram.ValidateCram
[2026-04-01 14:02:26,18] [info] Assigned new job execution tokens to the following groups: d3b27253: 1
[2026-04-01 14:02:26,20] [[38;5;220mwarn[0m] BackgroundConfigAsyncJobExecutionActor [[38;5;2m17899b18[0mVariantCalling.HaplotypeCallerGATK4:48:1]: Unrecognized runtime attribute keys: preemptible, bootDiskSizeGb, disks, cpu, memory
[2026-04-01 14:02:26,42] [info] BackgroundConfigAsyncJobExecutionActor [[38;5;2m17899b18[0mVariantCalling.HaplotypeCallerGATK4:48:1]: [38;5;5mset -e

# We need at least 1 GB of available memory outside of the Java heap in order to execute native code, thus, limit
# Java's memory by the total memory minus 1 GB. We need to compute the total memory as it might differ from
# memory_size_gb because of Cromwell's retry with more memory feature.
mem_unit=$(echo "${MEM_UNIT:-}" | cut -c 1)

if [[ $mem_unit == "M" ]]; then
  available_memory_mb=$(awk "BEGIN {print int($MEM_SIZE)}")
elif [[ $mem_unit == "G" ]]; then
  available_memory_mb=$(awk "BEGIN {print int($MEM_SIZE * 1024)}")
else
  available_memory_mb=$(free -m | awk '/^Mem/ {print $2}')
fi

let java_memory_size_mb=available_memory_mb-1024
echo Total available memory: ${available_memory_mb} MB >&2
echo Memory reserved for Java: ${java_memory_size_mb} MB >&2

gatk --java-options "-Xmx300g -Xms300g -XX:GCTimeLimit=50 -XX:GCHeapFreeLimit=10" \
  HaplotypeCaller \
  -R /cromwell-executions1/WholeGenomeGermlineSingleSample/d3b27253-def8-4fcc-8159-f1f8d49265cf/call-BamToGvcf/VariantCalling/17899b18-eba4-4779-b361-f95638baf358/call-HaplotypeCallerGATK4/shard-48/inputs/-1569105944/Homo_sapiens_assembly38_masked.fasta \
  -I /cromwell-executions1/WholeGenomeGermlineSingleSample/d3b27253-def8-4fcc-8159-f1f8d49265cf/call-BamToGvcf/VariantCalling/17899b18-eba4-4779-b361-f95638baf358/call-HaplotypeCallerGATK4/shard-48/inputs/-861879968/ERR3684866_ILMN.bam \
  -L /cromwell-executions1/WholeGenomeGermlineSingleSample/d3b27253-def8-4fcc-8159-f1f8d49265cf/call-BamToGvcf/VariantCalling/17899b18-eba4-4779-b361-f95638baf358/call-HaplotypeCallerGATK4/shard-48/inputs/-718183620/8scattered.interval_list \
  -O ERR3684866_ILMN.g.vcf.gz \
  -contamination 0.0 \
  -G StandardAnnotation -G StandardHCAnnotation -G AS_StandardAnnotation \
  --dragen-mode \
   \
  --dragstr-params-path /cromwell-executions1/WholeGenomeGermlineSingleSample/d3b27253-def8-4fcc-8159-f1f8d49265cf/call-BamToGvcf/VariantCalling/17899b18-eba4-4779-b361-f95638baf358/call-HaplotypeCallerGATK4/shard-48/inputs/399900554/ERR3684866_ILMN.bam.dragstr \
  -GQB 10 -GQB 20 -GQB 30 -GQB 40 -GQB 50 -GQB 60 -GQB 70 -GQB 80 -GQB 90 \
  -ERC GVCF \
  

# Cromwell doesn't like optional task outputs, so we have to touch this file.
touch ERR3684866_ILMN.bamout.bam[0m
[2026-04-01 14:02:26,42] [info] BackgroundConfigAsyncJobExecutionActor [[38;5;2m17899b18[0mVariantCalling.HaplotypeCallerGATK4:48:1]: executing: # make sure there is no preexisting Docker CID file
rm -f /mnt/nas1/projects/lasr/blendseq/warp-pipelines/warp-gatk-germline-single-sample-pipeline-master/cromwell-executions1/WholeGenomeGermlineSingleSample/d3b27253-def8-4fcc-8159-f1f8d49265cf/call-BamToGvcf/VariantCalling/17899b18-eba4-4779-b361-f95638baf358/call-HaplotypeCallerGATK4/shard-48/execution/docker_cid
# run as in the original configuration without --rm flag (will remove later)
docker run \
  --cidfile /mnt/nas1/projects/lasr/blendseq/warp-pipelines/warp-gatk-germline-single-sample-pipeline-master/cromwell-executions1/WholeGenomeGermlineSingleSample/d3b27253-def8-4fcc-8159-f1f8d49265cf/call-BamToGvcf/VariantCalling/17899b18-eba4-4779-b361-f95638baf358/call-HaplotypeCallerGATK4/shard-48/execution/docker_cid \
  -i \
  --user 1027:1028 \
  --cpus="64" \
  --memory="409600m" \
  --entrypoint /bin/bash \
  -v /mnt/nas1/projects/lasr/blendseq/warp-pipelines/warp-gatk-germline-single-sample-pipeline-master/cromwell-executions1/WholeGenomeGermlineSingleSample/d3b27253-def8-4fcc-8159-f1f8d49265cf/call-BamToGvcf/VariantCalling/17899b18-eba4-4779-b361-f95638baf358/call-HaplotypeCallerGATK4/shard-48:/cromwell-executions1/WholeGenomeGermlineSingleSample/d3b27253-def8-4fcc-8159-f1f8d49265cf/call-BamToGvcf/VariantCalling/17899b18-eba4-4779-b361-f95638baf358/call-HaplotypeCallerGATK4/shard-48 \
  -v /mnt/nas1/projects/lasr/blendseq:/mnt/nas1/projects/lasr/blendseq \
  us.gcr.io/broad-gatk/gatk@sha256:c88912855b845bd40c6b4bc8f3dd1d4b333ed2549cd3e8386987ee7c0c284f5a /cromwell-executions1/WholeGenomeGermlineSingleSample/d3b27253-def8-4fcc-8159-f1f8d49265cf/call-BamToGvcf/VariantCalling/17899b18-eba4-4779-b361-f95638baf358/call-HaplotypeCallerGATK4/shard-48/execution/script

# get the return code (working even if the container was detached)
rc=$(docker wait [38;5;5mcat /mnt/nas1/projects/lasr/blendseq/warp-pipelines/warp-gatk-germline-single-sample-pipeline-master/cromwell-executions1/WholeGenomeGermlineSingleSample/d3b27253-def8-4fcc-8159-f1f8d49265cf/call-BamToGvcf/VariantCalling/17899b18-eba4-4779-b361-f95638baf358/call-HaplotypeCallerGATK4/shard-48/execution/docker_cid[0m)

# remove the container after waiting
docker rm [38;5;5mcat /mnt/nas1/projects/lasr/blendseq/warp-pipelines/warp-gatk-germline-single-sample-pipeline-master/cromwell-executions1/WholeGenomeGermlineSingleSample/d3b27253-def8-4fcc-8159-f1f8d49265cf/call-BamToGvcf/VariantCalling/17899b18-eba4-4779-b361-f95638baf358/call-HaplotypeCallerGATK4/shard-48/execution/docker_cid[0m

# return exit code
exit $rc
[2026-04-01 14:02:31,07] [info] BackgroundConfigAsyncJobExecutionActor [[38;5;2m17899b18[0mVariantCalling.HaplotypeCallerGATK4:48:1]: job id: 619851
[2026-04-01 14:02:31,07] [info] BackgroundConfigAsyncJobExecutionActor [[38;5;2m17899b18[0mVariantCalling.HaplotypeCallerGATK4:48:1]: Status change from - to WaitingForReturnCode
[2026-04-01 15:03:42,75] [info] BackgroundConfigAsyncJobExecutionActor [[38;5;2m17899b18[0mVariantCalling.HaplotypeCallerGATK4:48:1]: Status change from WaitingForReturnCode to Done
[2026-04-01 15:03:44,76] [info] 17899b18-eba4-4779-b361-f95638baf358-SubWorkflowActor-SubWorkflow-BamToGvcf:-1:1 [[38;5;2m17899b18[0m]: Starting VariantCalling.DragenHardFilterVcf
[2026-04-01 15:03:46,18] [info] Assigned new job execution tokens to the following groups: d3b27253: 1
[2026-04-01 15:03:46,20] [[38;5;220mwarn[0m] BackgroundConfigAsyncJobExecutionActor [[38;5;2m17899b18[0mVariantCalling.HaplotypeCallerGATK4:40:1]: Unrecognized runtime attribute keys: preemptible, bootDiskSizeGb, disks, cpu, memory
[2026-04-01 15:03:46,39] [info] BackgroundConfigAsyncJobExecutionActor [[38;5;2m17899b18[0mVariantCalling.HaplotypeCallerGATK4:40:1]: [38;5;5mset -e

# We need at least 1 GB of available memory outside of the Java heap in order to execute native code, thus, limit
# Java's memory by the total memory minus 1 GB. We need to compute the total memory as it might differ from
# memory_size_gb because of Cromwell's retry with more memory feature.
mem_unit=$(echo "${MEM_UNIT:-}" | cut -c 1)

if [[ $mem_unit == "M" ]]; then
  available_memory_mb=$(awk "BEGIN {print int($MEM_SIZE)}")
elif [[ $mem_unit == "G" ]]; then
  available_memory_mb=$(awk "BEGIN {print int($MEM_SIZE * 1024)}")
else
  available_memory_mb=$(free -m | awk '/^Mem/ {print $2}')
fi

let java_memory_size_mb=available_memory_mb-1024
echo Total available memory: ${available_memory_mb} MB >&2
echo Memory reserved for Java: ${java_memory_size_mb} MB >&2

gatk --java-options "-Xmx300g -Xms300g -XX:GCTimeLimit=50 -XX:GCHeapFreeLimit=10" \
  HaplotypeCaller \
  -R /cromwell-executions1/WholeGenomeGermlineSingleSample/d3b27253-def8-4fcc-8159-f1f8d49265cf/call-BamToGvcf/VariantCalling/17899b18-eba4-4779-b361-f95638baf358/call-HaplotypeCallerGATK4/shard-40/inputs/-1569105944/Homo_sapiens_assembly38_masked.fasta \
  -I /cromwell-executions1/WholeGenomeGermlineSingleSample/d3b27253-def8-4fcc-8159-f1f8d49265cf/call-BamToGvcf/VariantCalling/17899b18-eba4-4779-b361-f95638baf358/call-HaplotypeCallerGATK4/shard-40/inputs/-861879968/ERR3684866_ILMN.bam \
  -L /cromwell-executions1/WholeGenomeGermlineSingleSample/d3b27253-def8-4fcc-8159-f1f8d49265cf/call-BamToGvcf/VariantCalling/17899b18-eba4-4779-b361-f95638baf358/call-HaplotypeCallerGATK4/shard-40/inputs/-718183620/47scattered.interval_list \
  -O ERR3684866_ILMN.g.vcf.gz \
  -contamination 0.0 \
  -G StandardAnnotation -G StandardHCAnnotation -G AS_StandardAnnotation \
  --dragen-mode \
   \
  --dragstr-params-path /cromwell-executions1/WholeGenomeGermlineSingleSample/d3b27253-def8-4fcc-8159-f1f8d49265cf/call-BamToGvcf/VariantCalling/17899b18-eba4-4779-b361-f95638baf358/call-HaplotypeCallerGATK4/shard-40/inputs/399900554/ERR3684866_ILMN.bam.dragstr \
  -GQB 10 -GQB 20 -GQB 30 -GQB 40 -GQB 50 -GQB 60 -GQB 70 -GQB 80 -GQB 90 \
  -ERC GVCF \
  

# Cromwell doesn't like optional task outputs, so we have to touch this file.
touch ERR3684866_ILMN.bamout.bam[0m
[2026-04-01 15:03:46,41] [info] BackgroundConfigAsyncJobExecutionActor [[38;5;2m17899b18[0mVariantCalling.HaplotypeCallerGATK4:40:1]: executing: # make sure there is no preexisting Docker CID file
rm -f /mnt/nas1/projects/lasr/blendseq/warp-pipelines/warp-gatk-germline-single-sample-pipeline-master/cromwell-executions1/WholeGenomeGermlineSingleSample/d3b27253-def8-4fcc-8159-f1f8d49265cf/call-BamToGvcf/VariantCalling/17899b18-eba4-4779-b361-f95638baf358/call-HaplotypeCallerGATK4/shard-40/execution/docker_cid
# run as in the original configuration without --rm flag (will remove later)
docker run \
  --cidfile /mnt/nas1/projects/lasr/blendseq/warp-pipelines/warp-gatk-germline-single-sample-pipeline-master/cromwell-executions1/WholeGenomeGermlineSingleSample/d3b27253-def8-4fcc-8159-f1f8d49265cf/call-BamToGvcf/VariantCalling/17899b18-eba4-4779-b361-f95638baf358/call-HaplotypeCallerGATK4/shard-40/execution/docker_cid \
  -i \
  --user 1027:1028 \
  --cpus="64" \
  --memory="409600m" \
  --entrypoint /bin/bash \
  -v /mnt/nas1/projects/lasr/blendseq/warp-pipelines/warp-gatk-germline-single-sample-pipeline-master/cromwell-executions1/WholeGenomeGermlineSingleSample/d3b27253-def8-4fcc-8159-f1f8d49265cf/call-BamToGvcf/VariantCalling/17899b18-eba4-4779-b361-f95638baf358/call-HaplotypeCallerGATK4/shard-40:/cromwell-executions1/WholeGenomeGermlineSingleSample/d3b27253-def8-4fcc-8159-f1f8d49265cf/call-BamToGvcf/VariantCalling/17899b18-eba4-4779-b361-f95638baf358/call-HaplotypeCallerGATK4/shard-40 \
  -v /mnt/nas1/projects/lasr/blendseq:/mnt/nas1/projects/lasr/blendseq \
  us.gcr.io/broad-gatk/gatk@sha256:c88912855b845bd40c6b4bc8f3dd1d4b333ed2549cd3e8386987ee7c0c284f5a /cromwell-executions1/WholeGenomeGermlineSingleSample/d3b27253-def8-4fcc-8159-f1f8d49265cf/call-BamToGvcf/VariantCalling/17899b18-eba4-4779-b361-f95638baf358/call-HaplotypeCallerGATK4/shard-40/execution/script

# get the return code (working even if the container was detached)
rc=$(docker wait [38;5;5mcat /mnt/nas1/projects/lasr/blendseq/warp-pipelines/warp-gatk-germline-single-sample-pipeline-master/cromwell-executions1/WholeGenomeGermlineSingleSample/d3b27253-def8-4fcc-8159-f1f8d49265cf/call-BamToGvcf/VariantCalling/17899b18-eba4-4779-b361-f95638baf358/call-HaplotypeCallerGATK4/shard-40/execution/docker_cid[0m)

# remove the container after waiting
docker rm [38;5;5mcat /mnt/nas1/projects/lasr/blendseq/warp-pipelines/warp-gatk-germline-single-sample-pipeline-master/cromwell-executions1/WholeGenomeGermlineSingleSample/d3b27253-def8-4fcc-8159-f1f8d49265cf/call-BamToGvcf/VariantCalling/17899b18-eba4-4779-b361-f95638baf358/call-HaplotypeCallerGATK4/shard-40/execution/docker_cid[0m

# return exit code
exit $rc
[2026-04-01 15:03:51,07] [info] BackgroundConfigAsyncJobExecutionActor [[38;5;2m17899b18[0mVariantCalling.HaplotypeCallerGATK4:40:1]: job id: 620974
[2026-04-01 15:03:51,07] [info] BackgroundConfigAsyncJobExecutionActor [[38;5;2m17899b18[0mVariantCalling.HaplotypeCallerGATK4:40:1]: Status change from - to WaitingForReturnCode
[2026-04-07 12:36:45,20] [info] BackgroundConfigAsyncJobExecutionActor [[38;5;2m17899b18[0mVariantCalling.HaplotypeCallerGATK4:40:1]: Status change from WaitingForReturnCode to Done
[2026-04-07 12:36:46,18] [info] Assigned new job execution tokens to the following groups: d3b27253: 1
[2026-04-07 12:36:46,20] [[38;5;220mwarn[0m] BackgroundConfigAsyncJobExecutionActor [[38;5;2m17899b18[0mVariantCalling.HaplotypeCallerGATK4:28:1]: Unrecognized runtime attribute keys: preemptible, bootDiskSizeGb, disks, cpu, memory
[2026-04-07 12:36:46,40] [info] BackgroundConfigAsyncJobExecutionActor [[38;5;2m17899b18[0mVariantCalling.HaplotypeCallerGATK4:28:1]: [38;5;5mset -e

# We need at least 1 GB of available memory outside of the Java heap in order to execute native code, thus, limit
# Java's memory by the total memory minus 1 GB. We need to compute the total memory as it might differ from
# memory_size_gb because of Cromwell's retry with more memory feature.
mem_unit=$(echo "${MEM_UNIT:-}" | cut -c 1)

if [[ $mem_unit == "M" ]]; then
  available_memory_mb=$(awk "BEGIN {print int($MEM_SIZE)}")
elif [[ $mem_unit == "G" ]]; then
  available_memory_mb=$(awk "BEGIN {print int($MEM_SIZE * 1024)}")
else
  available_memory_mb=$(free -m | awk '/^Mem/ {print $2}')
fi

let java_memory_size_mb=available_memory_mb-1024
echo Total available memory: ${available_memory_mb} MB >&2
echo Memory reserved for Java: ${java_memory_size_mb} MB >&2

gatk --java-options "-Xmx300g -Xms300g -XX:GCTimeLimit=50 -XX:GCHeapFreeLimit=10" \
  HaplotypeCaller \
  -R /cromwell-executions1/WholeGenomeGermlineSingleSample/d3b27253-def8-4fcc-8159-f1f8d49265cf/call-BamToGvcf/VariantCalling/17899b18-eba4-4779-b361-f95638baf358/call-HaplotypeCallerGATK4/shard-28/inputs/-1569105944/Homo_sapiens_assembly38_masked.fasta \
  -I /cromwell-executions1/WholeGenomeGermlineSingleSample/d3b27253-def8-4fcc-8159-f1f8d49265cf/call-BamToGvcf/VariantCalling/17899b18-eba4-4779-b361-f95638baf358/call-HaplotypeCallerGATK4/shard-28/inputs/-861879968/ERR3684866_ILMN.bam \
  -L /cromwell-executions1/WholeGenomeGermlineSingleSample/d3b27253-def8-4fcc-8159-f1f8d49265cf/call-BamToGvcf/VariantCalling/17899b18-eba4-4779-b361-f95638baf358/call-HaplotypeCallerGATK4/shard-28/inputs/-718183620/36scattered.interval_list \
  -O ERR3684866_ILMN.g.vcf.gz \
  -contamination 0.0 \
  -G StandardAnnotation -G StandardHCAnnotation -G AS_StandardAnnotation \
  --dragen-mode \
   \
  --dragstr-params-path /cromwell-executions1/WholeGenomeGermlineSingleSample/d3b27253-def8-4fcc-8159-f1f8d49265cf/call-BamToGvcf/VariantCalling/17899b18-eba4-4779-b361-f95638baf358/call-HaplotypeCallerGATK4/shard-28/inputs/399900554/ERR3684866_ILMN.bam.dragstr \
  -GQB 10 -GQB 20 -GQB 30 -GQB 40 -GQB 50 -GQB 60 -GQB 70 -GQB 80 -GQB 90 \
  -ERC GVCF \
  

# Cromwell doesn't like optional task outputs, so we have to touch this file.
touch ERR3684866_ILMN.bamout.bam[0m
[2026-04-07 12:36:46,40] [info] BackgroundConfigAsyncJobExecutionActor [[38;5;2m17899b18[0mVariantCalling.HaplotypeCallerGATK4:28:1]: executing: # make sure there is no preexisting Docker CID file
rm -f /mnt/nas1/projects/lasr/blendseq/warp-pipelines/warp-gatk-germline-single-sample-pipeline-master/cromwell-executions1/WholeGenomeGermlineSingleSample/d3b27253-def8-4fcc-8159-f1f8d49265cf/call-BamToGvcf/VariantCalling/17899b18-eba4-4779-b361-f95638baf358/call-HaplotypeCallerGATK4/shard-28/execution/docker_cid
# run as in the original configuration without --rm flag (will remove later)
docker run \
  --cidfile /mnt/nas1/projects/lasr/blendseq/warp-pipelines/warp-gatk-germline-single-sample-pipeline-master/cromwell-executions1/WholeGenomeGermlineSingleSample/d3b27253-def8-4fcc-8159-f1f8d49265cf/call-BamToGvcf/VariantCalling/17899b18-eba4-4779-b361-f95638baf358/call-HaplotypeCallerGATK4/shard-28/execution/docker_cid \
  -i \
  --user 1027:1028 \
  --cpus="64" \
  --memory="409600m" \
  --entrypoint /bin/bash \
  -v /mnt/nas1/projects/lasr/blendseq/warp-pipelines/warp-gatk-germline-single-sample-pipeline-master/cromwell-executions1/WholeGenomeGermlineSingleSample/d3b27253-def8-4fcc-8159-f1f8d49265cf/call-BamToGvcf/VariantCalling/17899b18-eba4-4779-b361-f95638baf358/call-HaplotypeCallerGATK4/shard-28:/cromwell-executions1/WholeGenomeGermlineSingleSample/d3b27253-def8-4fcc-8159-f1f8d49265cf/call-BamToGvcf/VariantCalling/17899b18-eba4-4779-b361-f95638baf358/call-HaplotypeCallerGATK4/shard-28 \
  -v /mnt/nas1/projects/lasr/blendseq:/mnt/nas1/projects/lasr/blendseq \
  us.gcr.io/broad-gatk/gatk@sha256:c88912855b845bd40c6b4bc8f3dd1d4b333ed2549cd3e8386987ee7c0c284f5a /cromwell-executions1/WholeGenomeGermlineSingleSample/d3b27253-def8-4fcc-8159-f1f8d49265cf/call-BamToGvcf/VariantCalling/17899b18-eba4-4779-b361-f95638baf358/call-HaplotypeCallerGATK4/shard-28/execution/script

# get the return code (working even if the container was detached)
rc=$(docker wait [38;5;5mcat /mnt/nas1/projects/lasr/blendseq/warp-pipelines/warp-gatk-germline-single-sample-pipeline-master/cromwell-executions1/WholeGenomeGermlineSingleSample/d3b27253-def8-4fcc-8159-f1f8d49265cf/call-BamToGvcf/VariantCalling/17899b18-eba4-4779-b361-f95638baf358/call-HaplotypeCallerGATK4/shard-28/execution/docker_cid[0m)

# remove the container after waiting
docker rm [38;5;5mcat /mnt/nas1/projects/lasr/blendseq/warp-pipelines/warp-gatk-germline-single-sample-pipeline-master/cromwell-executions1/WholeGenomeGermlineSingleSample/d3b27253-def8-4fcc-8159-f1f8d49265cf/call-BamToGvcf/VariantCalling/17899b18-eba4-4779-b361-f95638baf358/call-HaplotypeCallerGATK4/shard-28/execution/docker_cid[0m

# return exit code
exit $rc
[2026-04-07 12:36:46,58] [info] 17899b18-eba4-4779-b361-f95638baf358-SubWorkflowActor-SubWorkflow-BamToGvcf:-1:1 [[38;5;2m17899b18[0m]: Starting VariantCalling.DragenHardFilterVcf
[2026-04-07 12:36:51,06] [info] BackgroundConfigAsyncJobExecutionActor [[38;5;2m17899b18[0mVariantCalling.HaplotypeCallerGATK4:28:1]: job id: 723960
[2026-04-07 12:36:51,07] [info] BackgroundConfigAsyncJobExecutionActor [[38;5;2m17899b18[0mVariantCalling.HaplotypeCallerGATK4:28:1]: Status change from - to WaitingForReturnCode
[2026-04-07 13:29:19,83] [info] BackgroundConfigAsyncJobExecutionActor [[38;5;2m17899b18[0mVariantCalling.HaplotypeCallerGATK4:28:1]: Status change from WaitingForReturnCode to Done
[2026-04-07 13:29:21,46] [info] 17899b18-eba4-4779-b361-f95638baf358-SubWorkflowActor-SubWorkflow-BamToGvcf:-1:1 [[38;5;2m17899b18[0m]: Starting VariantCalling.DragenHardFilterVcf
[2026-04-07 13:29:26,18] [info] Assigned new job execution tokens to the following groups: d3b27253: 1
[2026-04-07 13:29:26,20] [[38;5;220mwarn[0m] BackgroundConfigAsyncJobExecutionActor [[38;5;2m17899b18[0mVariantCalling.HaplotypeCallerGATK4:29:1]: Unrecognized runtime attribute keys: preemptible, bootDiskSizeGb, disks, cpu, memory
[2026-04-07 13:29:26,39] [info] BackgroundConfigAsyncJobExecutionActor [[38;5;2m17899b18[0mVariantCalling.HaplotypeCallerGATK4:29:1]: [38;5;5mset -e

# We need at least 1 GB of available memory outside of the Java heap in order to execute native code, thus, limit
# Java's memory by the total memory minus 1 GB. We need to compute the total memory as it might differ from
# memory_size_gb because of Cromwell's retry with more memory feature.
mem_unit=$(echo "${MEM_UNIT:-}" | cut -c 1)

if [[ $mem_unit == "M" ]]; then
  available_memory_mb=$(awk "BEGIN {print int($MEM_SIZE)}")
elif [[ $mem_unit == "G" ]]; then
  available_memory_mb=$(awk "BEGIN {print int($MEM_SIZE * 1024)}")
else
  available_memory_mb=$(free -m | awk '/^Mem/ {print $2}')
fi

let java_memory_size_mb=available_memory_mb-1024
echo Total available memory: ${available_memory_mb} MB >&2
echo Memory reserved for Java: ${java_memory_size_mb} MB >&2

gatk --java-options "-Xmx300g -Xms300g -XX:GCTimeLimit=50 -XX:GCHeapFreeLimit=10" \
  HaplotypeCaller \
  -R /cromwell-executions1/WholeGenomeGermlineSingleSample/d3b27253-def8-4fcc-8159-f1f8d49265cf/call-BamToGvcf/VariantCalling/17899b18-eba4-4779-b361-f95638baf358/call-HaplotypeCallerGATK4/shard-29/inputs/-1569105944/Homo_sapiens_assembly38_masked.fasta \
  -I /cromwell-executions1/WholeGenomeGermlineSingleSample/d3b27253-def8-4fcc-8159-f1f8d49265cf/call-BamToGvcf/VariantCalling/17899b18-eba4-4779-b361-f95638baf358/call-HaplotypeCallerGATK4/shard-29/inputs/-861879968/ERR3684866_ILMN.bam \
  -L /cromwell-executions1/WholeGenomeGermlineSingleSample/d3b27253-def8-4fcc-8159-f1f8d49265cf/call-BamToGvcf/VariantCalling/17899b18-eba4-4779-b361-f95638baf358/call-HaplotypeCallerGATK4/shard-29/inputs/-718183620/37scattered.interval_list \
  -O ERR3684866_ILMN.g.vcf.gz \
  -contamination 0.0 \
  -G StandardAnnotation -G StandardHCAnnotation -G AS_StandardAnnotation \
  --dragen-mode \
   \
  --dragstr-params-path /cromwell-executions1/WholeGenomeGermlineSingleSample/d3b27253-def8-4fcc-8159-f1f8d49265cf/call-BamToGvcf/VariantCalling/17899b18-eba4-4779-b361-f95638baf358/call-HaplotypeCallerGATK4/shard-29/inputs/399900554/ERR3684866_ILMN.bam.dragstr \
  -GQB 10 -GQB 20 -GQB 30 -GQB 40 -GQB 50 -GQB 60 -GQB 70 -GQB 80 -GQB 90 \
  -ERC GVCF \
  

# Cromwell doesn't like optional task outputs, so we have to touch this file.
touch ERR3684866_ILMN.bamout.bam[0m
[2026-04-07 13:29:26,40] [info] BackgroundConfigAsyncJobExecutionActor [[38;5;2m17899b18[0mVariantCalling.HaplotypeCallerGATK4:29:1]: executing: # make sure there is no preexisting Docker CID file
rm -f /mnt/nas1/projects/lasr/blendseq/warp-pipelines/warp-gatk-germline-single-sample-pipeline-master/cromwell-executions1/WholeGenomeGermlineSingleSample/d3b27253-def8-4fcc-8159-f1f8d49265cf/call-BamToGvcf/VariantCalling/17899b18-eba4-4779-b361-f95638baf358/call-HaplotypeCallerGATK4/shard-29/execution/docker_cid
# run as in the original configuration without --rm flag (will remove later)
docker run \
  --cidfile /mnt/nas1/projects/lasr/blendseq/warp-pipelines/warp-gatk-germline-single-sample-pipeline-master/cromwell-executions1/WholeGenomeGermlineSingleSample/d3b27253-def8-4fcc-8159-f1f8d49265cf/call-BamToGvcf/VariantCalling/17899b18-eba4-4779-b361-f95638baf358/call-HaplotypeCallerGATK4/shard-29/execution/docker_cid \
  -i \
  --user 1027:1028 \
  --cpus="64" \
  --memory="409600m" \
  --entrypoint /bin/bash \
  -v /mnt/nas1/projects/lasr/blendseq/warp-pipelines/warp-gatk-germline-single-sample-pipeline-master/cromwell-executions1/WholeGenomeGermlineSingleSample/d3b27253-def8-4fcc-8159-f1f8d49265cf/call-BamToGvcf/VariantCalling/17899b18-eba4-4779-b361-f95638baf358/call-HaplotypeCallerGATK4/shard-29:/cromwell-executions1/WholeGenomeGermlineSingleSample/d3b27253-def8-4fcc-8159-f1f8d49265cf/call-BamToGvcf/VariantCalling/17899b18-eba4-4779-b361-f95638baf358/call-HaplotypeCallerGATK4/shard-29 \
  -v /mnt/nas1/projects/lasr/blendseq:/mnt/nas1/projects/lasr/blendseq \
  us.gcr.io/broad-gatk/gatk@sha256:c88912855b845bd40c6b4bc8f3dd1d4b333ed2549cd3e8386987ee7c0c284f5a /cromwell-executions1/WholeGenomeGermlineSingleSample/d3b27253-def8-4fcc-8159-f1f8d49265cf/call-BamToGvcf/VariantCalling/17899b18-eba4-4779-b361-f95638baf358/call-HaplotypeCallerGATK4/shard-29/execution/script

# get the return code (working even if the container was detached)
rc=$(docker wait [38;5;5mcat /mnt/nas1/projects/lasr/blendseq/warp-pipelines/warp-gatk-germline-single-sample-pipeline-master/cromwell-executions1/WholeGenomeGermlineSingleSample/d3b27253-def8-4fcc-8159-f1f8d49265cf/call-BamToGvcf/VariantCalling/17899b18-eba4-4779-b361-f95638baf358/call-HaplotypeCallerGATK4/shard-29/execution/docker_cid[0m)

# remove the container after waiting
docker rm [38;5;5mcat /mnt/nas1/projects/lasr/blendseq/warp-pipelines/warp-gatk-germline-single-sample-pipeline-master/cromwell-executions1/WholeGenomeGermlineSingleSample/d3b27253-def8-4fcc-8159-f1f8d49265cf/call-BamToGvcf/VariantCalling/17899b18-eba4-4779-b361-f95638baf358/call-HaplotypeCallerGATK4/shard-29/execution/docker_cid[0m

# return exit code
exit $rc
[2026-04-07 13:29:31,07] [info] BackgroundConfigAsyncJobExecutionActor [[38;5;2m17899b18[0mVariantCalling.HaplotypeCallerGATK4:29:1]: job id: 724968
[2026-04-07 13:29:31,07] [info] BackgroundConfigAsyncJobExecutionActor [[38;5;2m17899b18[0mVariantCalling.HaplotypeCallerGATK4:29:1]: Status change from - to WaitingForReturnCode
[2026-04-07 14:32:34,45] [info] BackgroundConfigAsyncJobExecutionActor [[38;5;2m17899b18[0mVariantCalling.HaplotypeCallerGATK4:29:1]: Status change from WaitingForReturnCode to Done
[2026-04-07 14:32:35,88] [info] 17899b18-eba4-4779-b361-f95638baf358-SubWorkflowActor-SubWorkflow-BamToGvcf:-1:1 [[38;5;2m17899b18[0m]: Starting VariantCalling.DragenHardFilterVcf
[2026-04-07 14:32:36,18] [info] Assigned new job execution tokens to the following groups: d3b27253: 1
[2026-04-07 14:32:36,20] [[38;5;220mwarn[0m] BackgroundConfigAsyncJobExecutionActor [[38;5;2m17899b18[0mVariantCalling.HaplotypeCallerGATK4:16:1]: Unrecognized runtime attribute keys: preemptible, bootDiskSizeGb, disks, cpu, memory
[2026-04-07 14:32:36,97] [info] BackgroundConfigAsyncJobExecutionActor [[38;5;2m17899b18[0mVariantCalling.HaplotypeCallerGATK4:16:1]: [38;5;5mset -e

# We need at least 1 GB of available memory outside of the Java heap in order to execute native code, thus, limit
# Java's memory by the total memory minus 1 GB. We need to compute the total memory as it might differ from
# memory_size_gb because of Cromwell's retry with more memory feature.
mem_unit=$(echo "${MEM_UNIT:-}" | cut -c 1)

if [[ $mem_unit == "M" ]]; then
  available_memory_mb=$(awk "BEGIN {print int($MEM_SIZE)}")
elif [[ $mem_unit == "G" ]]; then
  available_memory_mb=$(awk "BEGIN {print int($MEM_SIZE * 1024)}")
else
  available_memory_mb=$(free -m | awk '/^Mem/ {print $2}')
fi

let java_memory_size_mb=available_memory_mb-1024
echo Total available memory: ${available_memory_mb} MB >&2
echo Memory reserved for Java: ${java_memory_size_mb} MB >&2

gatk --java-options "-Xmx300g -Xms300g -XX:GCTimeLimit=50 -XX:GCHeapFreeLimit=10" \
  HaplotypeCaller \
  -R /cromwell-executions1/WholeGenomeGermlineSingleSample/d3b27253-def8-4fcc-8159-f1f8d49265cf/call-BamToGvcf/VariantCalling/17899b18-eba4-4779-b361-f95638baf358/call-HaplotypeCallerGATK4/shard-16/inputs/-1569105944/Homo_sapiens_assembly38_masked.fasta \
  -I /cromwell-executions1/WholeGenomeGermlineSingleSample/d3b27253-def8-4fcc-8159-f1f8d49265cf/call-BamToGvcf/VariantCalling/17899b18-eba4-4779-b361-f95638baf358/call-HaplotypeCallerGATK4/shard-16/inputs/-861879968/ERR3684866_ILMN.bam \
  -L /cromwell-executions1/WholeGenomeGermlineSingleSample/d3b27253-def8-4fcc-8159-f1f8d49265cf/call-BamToGvcf/VariantCalling/17899b18-eba4-4779-b361-f95638baf358/call-HaplotypeCallerGATK4/shard-16/inputs/-718183620/25scattered.interval_list \
  -O ERR3684866_ILMN.g.vcf.gz \
  -contamination 0.0 \
  -G StandardAnnotation -G StandardHCAnnotation -G AS_StandardAnnotation \
  --dragen-mode \
   \
  --dragstr-params-path /cromwell-executions1/WholeGenomeGermlineSingleSample/d3b27253-def8-4fcc-8159-f1f8d49265cf/call-BamToGvcf/VariantCalling/17899b18-eba4-4779-b361-f95638baf358/call-HaplotypeCallerGATK4/shard-16/inputs/399900554/ERR3684866_ILMN.bam.dragstr \
  -GQB 10 -GQB 20 -GQB 30 -GQB 40 -GQB 50 -GQB 60 -GQB 70 -GQB 80 -GQB 90 \
  -ERC GVCF \
  

# Cromwell doesn't like optional task outputs, so we have to touch this file.
touch ERR3684866_ILMN.bamout.bam[0m
[2026-04-07 14:32:36,98] [info] BackgroundConfigAsyncJobExecutionActor [[38;5;2m17899b18[0mVariantCalling.HaplotypeCallerGATK4:16:1]: executing: # make sure there is no preexisting Docker CID file
rm -f /mnt/nas1/projects/lasr/blendseq/warp-pipelines/warp-gatk-germline-single-sample-pipeline-master/cromwell-executions1/WholeGenomeGermlineSingleSample/d3b27253-def8-4fcc-8159-f1f8d49265cf/call-BamToGvcf/VariantCalling/17899b18-eba4-4779-b361-f95638baf358/call-HaplotypeCallerGATK4/shard-16/execution/docker_cid
# run as in the original configuration without --rm flag (will remove later)
docker run \
  --cidfile /mnt/nas1/projects/lasr/blendseq/warp-pipelines/warp-gatk-germline-single-sample-pipeline-master/cromwell-executions1/WholeGenomeGermlineSingleSample/d3b27253-def8-4fcc-8159-f1f8d49265cf/call-BamToGvcf/VariantCalling/17899b18-eba4-4779-b361-f95638baf358/call-HaplotypeCallerGATK4/shard-16/execution/docker_cid \
  -i \
  --user 1027:1028 \
  --cpus="64" \
  --memory="409600m" \
  --entrypoint /bin/bash \
  -v /mnt/nas1/projects/lasr/blendseq/warp-pipelines/warp-gatk-germline-single-sample-pipeline-master/cromwell-executions1/WholeGenomeGermlineSingleSample/d3b27253-def8-4fcc-8159-f1f8d49265cf/call-BamToGvcf/VariantCalling/17899b18-eba4-4779-b361-f95638baf358/call-HaplotypeCallerGATK4/shard-16:/cromwell-executions1/WholeGenomeGermlineSingleSample/d3b27253-def8-4fcc-8159-f1f8d49265cf/call-BamToGvcf/VariantCalling/17899b18-eba4-4779-b361-f95638baf358/call-HaplotypeCallerGATK4/shard-16 \
  -v /mnt/nas1/projects/lasr/blendseq:/mnt/nas1/projects/lasr/blendseq \
  us.gcr.io/broad-gatk/gatk@sha256:c88912855b845bd40c6b4bc8f3dd1d4b333ed2549cd3e8386987ee7c0c284f5a /cromwell-executions1/WholeGenomeGermlineSingleSample/d3b27253-def8-4fcc-8159-f1f8d49265cf/call-BamToGvcf/VariantCalling/17899b18-eba4-4779-b361-f95638baf358/call-HaplotypeCallerGATK4/shard-16/execution/script

# get the return code (working even if the container was detached)
rc=$(docker wait [38;5;5mcat /mnt/nas1/projects/lasr/blendseq/warp-pipelines/warp-gatk-germline-single-sample-pipeline-master/cromwell-executions1/WholeGenomeGermlineSingleSample/d3b27253-def8-4fcc-8159-f1f8d49265cf/call-BamToGvcf/VariantCalling/17899b18-eba4-4779-b361-f95638baf358/call-HaplotypeCallerGATK4/shard-16/execution/docker_cid[0m)

# remove the container after waiting
docker rm [38;5;5mcat /mnt/nas1/projects/lasr/blendseq/warp-pipelines/warp-gatk-germline-single-sample-pipeline-master/cromwell-executions1/WholeGenomeGermlineSingleSample/d3b27253-def8-4fcc-8159-f1f8d49265cf/call-BamToGvcf/VariantCalling/17899b18-eba4-4779-b361-f95638baf358/call-HaplotypeCallerGATK4/shard-16/execution/docker_cid[0m

# return exit code
exit $rc
[2026-04-07 14:32:41,07] [info] BackgroundConfigAsyncJobExecutionActor [[38;5;2m17899b18[0mVariantCalling.HaplotypeCallerGATK4:16:1]: job id: 726104
[2026-04-07 14:32:41,07] [info] BackgroundConfigAsyncJobExecutionActor [[38;5;2m17899b18[0mVariantCalling.HaplotypeCallerGATK4:16:1]: Status change from - to WaitingForReturnCode
[2026-04-07 15:26:29,25] [info] BackgroundConfigAsyncJobExecutionActor [[38;5;2m17899b18[0mVariantCalling.HaplotypeCallerGATK4:16:1]: Status change from WaitingForReturnCode to Done
[2026-04-07 15:26:30,32] [info] 17899b18-eba4-4779-b361-f95638baf358-SubWorkflowActor-SubWorkflow-BamToGvcf:-1:1 [[38;5;2m17899b18[0m]: Starting VariantCalling.DragenHardFilterVcf
[2026-04-07 15:26:36,18] [info] Assigned new job execution tokens to the following groups: d3b27253: 1
[2026-04-07 15:26:36,20] [[38;5;220mwarn[0m] BackgroundConfigAsyncJobExecutionActor [[38;5;2m17899b18[0mVariantCalling.HaplotypeCallerGATK4:35:1]: Unrecognized runtime attribute keys: preemptible, bootDiskSizeGb, disks, cpu, memory
[2026-04-07 15:26:36,37] [info] BackgroundConfigAsyncJobExecutionActor [[38;5;2m17899b18[0mVariantCalling.HaplotypeCallerGATK4:35:1]: [38;5;5mset -e

# We need at least 1 GB of available memory outside of the Java heap in order to execute native code, thus, limit
# Java's memory by the total memory minus 1 GB. We need to compute the total memory as it might differ from
# memory_size_gb because of Cromwell's retry with more memory feature.
mem_unit=$(echo "${MEM_UNIT:-}" | cut -c 1)

if [[ $mem_unit == "M" ]]; then
  available_memory_mb=$(awk "BEGIN {print int($MEM_SIZE)}")
elif [[ $mem_unit == "G" ]]; then
  available_memory_mb=$(awk "BEGIN {print int($MEM_SIZE * 1024)}")
else
  available_memory_mb=$(free -m | awk '/^Mem/ {print $2}')
fi

let java_memory_size_mb=available_memory_mb-1024
echo Total available memory: ${available_memory_mb} MB >&2
echo Memory reserved for Java: ${java_memory_size_mb} MB >&2

gatk --java-options "-Xmx300g -Xms300g -XX:GCTimeLimit=50 -XX:GCHeapFreeLimit=10" \
  HaplotypeCaller \
  -R /cromwell-executions1/WholeGenomeGermlineSingleSample/d3b27253-def8-4fcc-8159-f1f8d49265cf/call-BamToGvcf/VariantCalling/17899b18-eba4-4779-b361-f95638baf358/call-HaplotypeCallerGATK4/shard-35/inputs/-1569105944/Homo_sapiens_assembly38_masked.fasta \
  -I /cromwell-executions1/WholeGenomeGermlineSingleSample/d3b27253-def8-4fcc-8159-f1f8d49265cf/call-BamToGvcf/VariantCalling/17899b18-eba4-4779-b361-f95638baf358/call-HaplotypeCallerGATK4/shard-35/inputs/-861879968/ERR3684866_ILMN.bam \
  -L /cromwell-executions1/WholeGenomeGermlineSingleSample/d3b27253-def8-4fcc-8159-f1f8d49265cf/call-BamToGvcf/VariantCalling/17899b18-eba4-4779-b361-f95638baf358/call-HaplotypeCallerGATK4/shard-35/inputs/-718183620/42scattered.interval_list \
  -O ERR3684866_ILMN.g.vcf.gz \
  -contamination 0.0 \
  -G StandardAnnotation -G StandardHCAnnotation -G AS_StandardAnnotation \
  --dragen-mode \
   \
  --dragstr-params-path /cromwell-executions1/WholeGenomeGermlineSingleSample/d3b27253-def8-4fcc-8159-f1f8d49265cf/call-BamToGvcf/VariantCalling/17899b18-eba4-4779-b361-f95638baf358/call-HaplotypeCallerGATK4/shard-35/inputs/399900554/ERR3684866_ILMN.bam.dragstr \
  -GQB 10 -GQB 20 -GQB 30 -GQB 40 -GQB 50 -GQB 60 -GQB 70 -GQB 80 -GQB 90 \
  -ERC GVCF \
  

# Cromwell doesn't like optional task outputs, so we have to touch this file.
touch ERR3684866_ILMN.bamout.bam[0m
[2026-04-07 15:26:36,38] [info] BackgroundConfigAsyncJobExecutionActor [[38;5;2m17899b18[0mVariantCalling.HaplotypeCallerGATK4:35:1]: executing: # make sure there is no preexisting Docker CID file
rm -f /mnt/nas1/projects/lasr/blendseq/warp-pipelines/warp-gatk-germline-single-sample-pipeline-master/cromwell-executions1/WholeGenomeGermlineSingleSample/d3b27253-def8-4fcc-8159-f1f8d49265cf/call-BamToGvcf/VariantCalling/17899b18-eba4-4779-b361-f95638baf358/call-HaplotypeCallerGATK4/shard-35/execution/docker_cid
# run as in the original configuration without --rm flag (will remove later)
docker run \
  --cidfile /mnt/nas1/projects/lasr/blendseq/warp-pipelines/warp-gatk-germline-single-sample-pipeline-master/cromwell-executions1/WholeGenomeGermlineSingleSample/d3b27253-def8-4fcc-8159-f1f8d49265cf/call-BamToGvcf/VariantCalling/17899b18-eba4-4779-b361-f95638baf358/call-HaplotypeCallerGATK4/shard-35/execution/docker_cid \
  -i \
  --user 1027:1028 \
  --cpus="64" \
  --memory="409600m" \
  --entrypoint /bin/bash \
  -v /mnt/nas1/projects/lasr/blendseq/warp-pipelines/warp-gatk-germline-single-sample-pipeline-master/cromwell-executions1/WholeGenomeGermlineSingleSample/d3b27253-def8-4fcc-8159-f1f8d49265cf/call-BamToGvcf/VariantCalling/17899b18-eba4-4779-b361-f95638baf358/call-HaplotypeCallerGATK4/shard-35:/cromwell-executions1/WholeGenomeGermlineSingleSample/d3b27253-def8-4fcc-8159-f1f8d49265cf/call-BamToGvcf/VariantCalling/17899b18-eba4-4779-b361-f95638baf358/call-HaplotypeCallerGATK4/shard-35 \
  -v /mnt/nas1/projects/lasr/blendseq:/mnt/nas1/projects/lasr/blendseq \
  us.gcr.io/broad-gatk/gatk@sha256:c88912855b845bd40c6b4bc8f3dd1d4b333ed2549cd3e8386987ee7c0c284f5a /cromwell-executions1/WholeGenomeGermlineSingleSample/d3b27253-def8-4fcc-8159-f1f8d49265cf/call-BamToGvcf/VariantCalling/17899b18-eba4-4779-b361-f95638baf358/call-HaplotypeCallerGATK4/shard-35/execution/script

# get the return code (working even if the container was detached)
rc=$(docker wait [38;5;5mcat /mnt/nas1/projects/lasr/blendseq/warp-pipelines/warp-gatk-germline-single-sample-pipeline-master/cromwell-executions1/WholeGenomeGermlineSingleSample/d3b27253-def8-4fcc-8159-f1f8d49265cf/call-BamToGvcf/VariantCalling/17899b18-eba4-4779-b361-f95638baf358/call-HaplotypeCallerGATK4/shard-35/execution/docker_cid[0m)

# remove the container after waiting
docker rm [38;5;5mcat /mnt/nas1/projects/lasr/blendseq/warp-pipelines/warp-gatk-germline-single-sample-pipeline-master/cromwell-executions1/WholeGenomeGermlineSingleSample/d3b27253-def8-4fcc-8159-f1f8d49265cf/call-BamToGvcf/VariantCalling/17899b18-eba4-4779-b361-f95638baf358/call-HaplotypeCallerGATK4/shard-35/execution/docker_cid[0m

# return exit code
exit $rc
[2026-04-07 15:26:41,07] [info] BackgroundConfigAsyncJobExecutionActor [[38;5;2m17899b18[0mVariantCalling.HaplotypeCallerGATK4:35:1]: job id: 727074
[2026-04-07 15:26:41,07] [info] BackgroundConfigAsyncJobExecutionActor [[38;5;2m17899b18[0mVariantCalling.HaplotypeCallerGATK4:35:1]: Status change from - to WaitingForReturnCode
[2026-04-07 16:40:54,58] [info] BackgroundConfigAsyncJobExecutionActor [[38;5;2m17899b18[0mVariantCalling.HaplotypeCallerGATK4:35:1]: Status change from WaitingForReturnCode to Done
[2026-04-07 16:40:55,90] [info] 17899b18-eba4-4779-b361-f95638baf358-SubWorkflowActor-SubWorkflow-BamToGvcf:-1:1 [[38;5;2m17899b18[0m]: Starting VariantCalling.DragenHardFilterVcf
[2026-04-07 16:40:56,18] [info] Assigned new job execution tokens to the following groups: d3b27253: 1
[2026-04-07 16:40:56,20] [[38;5;220mwarn[0m] BackgroundConfigAsyncJobExecutionActor [[38;5;2m17899b18[0mVariantCalling.HaplotypeCallerGATK4:43:1]: Unrecognized runtime attribute keys: preemptible, bootDiskSizeGb, disks, cpu, memory
[2026-04-07 16:40:56,36] [info] BackgroundConfigAsyncJobExecutionActor [[38;5;2m17899b18[0mVariantCalling.HaplotypeCallerGATK4:43:1]: [38;5;5mset -e

# We need at least 1 GB of available memory outside of the Java heap in order to execute native code, thus, limit
# Java's memory by the total memory minus 1 GB. We need to compute the total memory as it might differ from
# memory_size_gb because of Cromwell's retry with more memory feature.
mem_unit=$(echo "${MEM_UNIT:-}" | cut -c 1)

if [[ $mem_unit == "M" ]]; then
  available_memory_mb=$(awk "BEGIN {print int($MEM_SIZE)}")
elif [[ $mem_unit == "G" ]]; then
  available_memory_mb=$(awk "BEGIN {print int($MEM_SIZE * 1024)}")
else
  available_memory_mb=$(free -m | awk '/^Mem/ {print $2}')
fi

let java_memory_size_mb=available_memory_mb-1024
echo Total available memory: ${available_memory_mb} MB >&2
echo Memory reserved for Java: ${java_memory_size_mb} MB >&2

gatk --java-options "-Xmx300g -Xms300g -XX:GCTimeLimit=50 -XX:GCHeapFreeLimit=10" \
  HaplotypeCaller \
  -R /cromwell-executions1/WholeGenomeGermlineSingleSample/d3b27253-def8-4fcc-8159-f1f8d49265cf/call-BamToGvcf/VariantCalling/17899b18-eba4-4779-b361-f95638baf358/call-HaplotypeCallerGATK4/shard-43/inputs/-1569105944/Homo_sapiens_assembly38_masked.fasta \
  -I /cromwell-executions1/WholeGenomeGermlineSingleSample/d3b27253-def8-4fcc-8159-f1f8d49265cf/call-BamToGvcf/VariantCalling/17899b18-eba4-4779-b361-f95638baf358/call-HaplotypeCallerGATK4/shard-43/inputs/-861879968/ERR3684866_ILMN.bam \
  -L /cromwell-executions1/WholeGenomeGermlineSingleSample/d3b27253-def8-4fcc-8159-f1f8d49265cf/call-BamToGvcf/VariantCalling/17899b18-eba4-4779-b361-f95638baf358/call-HaplotypeCallerGATK4/shard-43/inputs/-718183620/4scattered.interval_list \
  -O ERR3684866_ILMN.g.vcf.gz \
  -contamination 0.0 \
  -G StandardAnnotation -G StandardHCAnnotation -G AS_StandardAnnotation \
  --dragen-mode \
   \
  --dragstr-params-path /cromwell-executions1/WholeGenomeGermlineSingleSample/d3b27253-def8-4fcc-8159-f1f8d49265cf/call-BamToGvcf/VariantCalling/17899b18-eba4-4779-b361-f95638baf358/call-HaplotypeCallerGATK4/shard-43/inputs/399900554/ERR3684866_ILMN.bam.dragstr \
  -GQB 10 -GQB 20 -GQB 30 -GQB 40 -GQB 50 -GQB 60 -GQB 70 -GQB 80 -GQB 90 \
  -ERC GVCF \
  

# Cromwell doesn't like optional task outputs, so we have to touch this file.
touch ERR3684866_ILMN.bamout.bam[0m
[2026-04-07 16:40:56,37] [info] BackgroundConfigAsyncJobExecutionActor [[38;5;2m17899b18[0mVariantCalling.HaplotypeCallerGATK4:43:1]: executing: # make sure there is no preexisting Docker CID file
rm -f /mnt/nas1/projects/lasr/blendseq/warp-pipelines/warp-gatk-germline-single-sample-pipeline-master/cromwell-executions1/WholeGenomeGermlineSingleSample/d3b27253-def8-4fcc-8159-f1f8d49265cf/call-BamToGvcf/VariantCalling/17899b18-eba4-4779-b361-f95638baf358/call-HaplotypeCallerGATK4/shard-43/execution/docker_cid
# run as in the original configuration without --rm flag (will remove later)
docker run \
  --cidfile /mnt/nas1/projects/lasr/blendseq/warp-pipelines/warp-gatk-germline-single-sample-pipeline-master/cromwell-executions1/WholeGenomeGermlineSingleSample/d3b27253-def8-4fcc-8159-f1f8d49265cf/call-BamToGvcf/VariantCalling/17899b18-eba4-4779-b361-f95638baf358/call-HaplotypeCallerGATK4/shard-43/execution/docker_cid \
  -i \
  --user 1027:1028 \
  --cpus="64" \
  --memory="409600m" \
  --entrypoint /bin/bash \
  -v /mnt/nas1/projects/lasr/blendseq/warp-pipelines/warp-gatk-germline-single-sample-pipeline-master/cromwell-executions1/WholeGenomeGermlineSingleSample/d3b27253-def8-4fcc-8159-f1f8d49265cf/call-BamToGvcf/VariantCalling/17899b18-eba4-4779-b361-f95638baf358/call-HaplotypeCallerGATK4/shard-43:/cromwell-executions1/WholeGenomeGermlineSingleSample/d3b27253-def8-4fcc-8159-f1f8d49265cf/call-BamToGvcf/VariantCalling/17899b18-eba4-4779-b361-f95638baf358/call-HaplotypeCallerGATK4/shard-43 \
  -v /mnt/nas1/projects/lasr/blendseq:/mnt/nas1/projects/lasr/blendseq \
  us.gcr.io/broad-gatk/gatk@sha256:c88912855b845bd40c6b4bc8f3dd1d4b333ed2549cd3e8386987ee7c0c284f5a /cromwell-executions1/WholeGenomeGermlineSingleSample/d3b27253-def8-4fcc-8159-f1f8d49265cf/call-BamToGvcf/VariantCalling/17899b18-eba4-4779-b361-f95638baf358/call-HaplotypeCallerGATK4/shard-43/execution/script

# get the return code (working even if the container was detached)
rc=$(docker wait [38;5;5mcat /mnt/nas1/projects/lasr/blendseq/warp-pipelines/warp-gatk-germline-single-sample-pipeline-master/cromwell-executions1/WholeGenomeGermlineSingleSample/d3b27253-def8-4fcc-8159-f1f8d49265cf/call-BamToGvcf/VariantCalling/17899b18-eba4-4779-b361-f95638baf358/call-HaplotypeCallerGATK4/shard-43/execution/docker_cid[0m)

# remove the container after waiting
docker rm [38;5;5mcat /mnt/nas1/projects/lasr/blendseq/warp-pipelines/warp-gatk-germline-single-sample-pipeline-master/cromwell-executions1/WholeGenomeGermlineSingleSample/d3b27253-def8-4fcc-8159-f1f8d49265cf/call-BamToGvcf/VariantCalling/17899b18-eba4-4779-b361-f95638baf358/call-HaplotypeCallerGATK4/shard-43/execution/docker_cid[0m

# return exit code
exit $rc
[2026-04-07 16:41:01,06] [info] BackgroundConfigAsyncJobExecutionActor [[38;5;2m17899b18[0mVariantCalling.HaplotypeCallerGATK4:43:1]: job id: 728367
[2026-04-07 16:41:01,07] [info] BackgroundConfigAsyncJobExecutionActor [[38;5;2m17899b18[0mVariantCalling.HaplotypeCallerGATK4:43:1]: Status change from - to WaitingForReturnCode
[2026-04-07 17:45:24,90] [info] BackgroundConfigAsyncJobExecutionActor [[38;5;2m17899b18[0mVariantCalling.HaplotypeCallerGATK4:43:1]: Status change from WaitingForReturnCode to Done
[2026-04-07 17:45:26,18] [info] Assigned new job execution tokens to the following groups: d3b27253: 1
[2026-04-07 17:45:26,20] [[38;5;220mwarn[0m] BackgroundConfigAsyncJobExecutionActor [[38;5;2m17899b18[0mVariantCalling.HaplotypeCallerGATK4:32:1]: Unrecognized runtime attribute keys: preemptible, bootDiskSizeGb, disks, cpu, memory
[2026-04-07 17:45:26,70] [info] BackgroundConfigAsyncJobExecutionActor [[38;5;2m17899b18[0mVariantCalling.HaplotypeCallerGATK4:32:1]: [38;5;5mset -e

# We need at least 1 GB of available memory outside of the Java heap in order to execute native code, thus, limit
# Java's memory by the total memory minus 1 GB. We need to compute the total memory as it might differ from
# memory_size_gb because of Cromwell's retry with more memory feature.
mem_unit=$(echo "${MEM_UNIT:-}" | cut -c 1)

if [[ $mem_unit == "M" ]]; then
  available_memory_mb=$(awk "BEGIN {print int($MEM_SIZE)}")
elif [[ $mem_unit == "G" ]]; then
  available_memory_mb=$(awk "BEGIN {print int($MEM_SIZE * 1024)}")
else
  available_memory_mb=$(free -m | awk '/^Mem/ {print $2}')
fi

let java_memory_size_mb=available_memory_mb-1024
echo Total available memory: ${available_memory_mb} MB >&2
echo Memory reserved for Java: ${java_memory_size_mb} MB >&2

gatk --java-options "-Xmx300g -Xms300g -XX:GCTimeLimit=50 -XX:GCHeapFreeLimit=10" \
  HaplotypeCaller \
  -R /cromwell-executions1/WholeGenomeGermlineSingleSample/d3b27253-def8-4fcc-8159-f1f8d49265cf/call-BamToGvcf/VariantCalling/17899b18-eba4-4779-b361-f95638baf358/call-HaplotypeCallerGATK4/shard-32/inputs/-1569105944/Homo_sapiens_assembly38_masked.fasta \
  -I /cromwell-executions1/WholeGenomeGermlineSingleSample/d3b27253-def8-4fcc-8159-f1f8d49265cf/call-BamToGvcf/VariantCalling/17899b18-eba4-4779-b361-f95638baf358/call-HaplotypeCallerGATK4/shard-32/inputs/-861879968/ERR3684866_ILMN.bam \
  -L /cromwell-executions1/WholeGenomeGermlineSingleSample/d3b27253-def8-4fcc-8159-f1f8d49265cf/call-BamToGvcf/VariantCalling/17899b18-eba4-4779-b361-f95638baf358/call-HaplotypeCallerGATK4/shard-32/inputs/-718183620/3scattered.interval_list \
  -O ERR3684866_ILMN.g.vcf.gz \
  -contamination 0.0 \
  -G StandardAnnotation -G StandardHCAnnotation -G AS_StandardAnnotation \
  --dragen-mode \
   \
  --dragstr-params-path /cromwell-executions1/WholeGenomeGermlineSingleSample/d3b27253-def8-4fcc-8159-f1f8d49265cf/call-BamToGvcf/VariantCalling/17899b18-eba4-4779-b361-f95638baf358/call-HaplotypeCallerGATK4/shard-32/inputs/399900554/ERR3684866_ILMN.bam.dragstr \
  -GQB 10 -GQB 20 -GQB 30 -GQB 40 -GQB 50 -GQB 60 -GQB 70 -GQB 80 -GQB 90 \
  -ERC GVCF \
  

# Cromwell doesn't like optional task outputs, so we have to touch this file.
touch ERR3684866_ILMN.bamout.bam[0m
[2026-04-07 17:45:26,71] [info] BackgroundConfigAsyncJobExecutionActor [[38;5;2m17899b18[0mVariantCalling.HaplotypeCallerGATK4:32:1]: executing: # make sure there is no preexisting Docker CID file
rm -f /mnt/nas1/projects/lasr/blendseq/warp-pipelines/warp-gatk-germline-single-sample-pipeline-master/cromwell-executions1/WholeGenomeGermlineSingleSample/d3b27253-def8-4fcc-8159-f1f8d49265cf/call-BamToGvcf/VariantCalling/17899b18-eba4-4779-b361-f95638baf358/call-HaplotypeCallerGATK4/shard-32/execution/docker_cid
# run as in the original configuration without --rm flag (will remove later)
docker run \
  --cidfile /mnt/nas1/projects/lasr/blendseq/warp-pipelines/warp-gatk-germline-single-sample-pipeline-master/cromwell-executions1/WholeGenomeGermlineSingleSample/d3b27253-def8-4fcc-8159-f1f8d49265cf/call-BamToGvcf/VariantCalling/17899b18-eba4-4779-b361-f95638baf358/call-HaplotypeCallerGATK4/shard-32/execution/docker_cid \
  -i \
  --user 1027:1028 \
  --cpus="64" \
  --memory="409600m" \
  --entrypoint /bin/bash \
  -v /mnt/nas1/projects/lasr/blendseq/warp-pipelines/warp-gatk-germline-single-sample-pipeline-master/cromwell-executions1/WholeGenomeGermlineSingleSample/d3b27253-def8-4fcc-8159-f1f8d49265cf/call-BamToGvcf/VariantCalling/17899b18-eba4-4779-b361-f95638baf358/call-HaplotypeCallerGATK4/shard-32:/cromwell-executions1/WholeGenomeGermlineSingleSample/d3b27253-def8-4fcc-8159-f1f8d49265cf/call-BamToGvcf/VariantCalling/17899b18-eba4-4779-b361-f95638baf358/call-HaplotypeCallerGATK4/shard-32 \
  -v /mnt/nas1/projects/lasr/blendseq:/mnt/nas1/projects/lasr/blendseq \
  us.gcr.io/broad-gatk/gatk@sha256:c88912855b845bd40c6b4bc8f3dd1d4b333ed2549cd3e8386987ee7c0c284f5a /cromwell-executions1/WholeGenomeGermlineSingleSample/d3b27253-def8-4fcc-8159-f1f8d49265cf/call-BamToGvcf/VariantCalling/17899b18-eba4-4779-b361-f95638baf358/call-HaplotypeCallerGATK4/shard-32/execution/script

# get the return code (working even if the container was detached)
rc=$(docker wait [38;5;5mcat /mnt/nas1/projects/lasr/blendseq/warp-pipelines/warp-gatk-germline-single-sample-pipeline-master/cromwell-executions1/WholeGenomeGermlineSingleSample/d3b27253-def8-4fcc-8159-f1f8d49265cf/call-BamToGvcf/VariantCalling/17899b18-eba4-4779-b361-f95638baf358/call-HaplotypeCallerGATK4/shard-32/execution/docker_cid[0m)

# remove the container after waiting
docker rm [38;5;5mcat /mnt/nas1/projects/lasr/blendseq/warp-pipelines/warp-gatk-germline-single-sample-pipeline-master/cromwell-executions1/WholeGenomeGermlineSingleSample/d3b27253-def8-4fcc-8159-f1f8d49265cf/call-BamToGvcf/VariantCalling/17899b18-eba4-4779-b361-f95638baf358/call-HaplotypeCallerGATK4/shard-32/execution/docker_cid[0m

# return exit code
exit $rc
[2026-04-07 17:45:26,82] [info] 17899b18-eba4-4779-b361-f95638baf358-SubWorkflowActor-SubWorkflow-BamToGvcf:-1:1 [[38;5;2m17899b18[0m]: Starting VariantCalling.DragenHardFilterVcf
[2026-04-07 17:45:31,07] [info] BackgroundConfigAsyncJobExecutionActor [[38;5;2m17899b18[0mVariantCalling.HaplotypeCallerGATK4:32:1]: job id: 729545
[2026-04-07 17:45:31,07] [info] BackgroundConfigAsyncJobExecutionActor [[38;5;2m17899b18[0mVariantCalling.HaplotypeCallerGATK4:32:1]: Status change from - to WaitingForReturnCode
[2026-04-07 20:22:03,53] [info] BackgroundConfigAsyncJobExecutionActor [[38;5;2m17899b18[0mVariantCalling.HaplotypeCallerGATK4:32:1]: Status change from WaitingForReturnCode to Done
[2026-04-07 20:22:05,12] [info] 17899b18-eba4-4779-b361-f95638baf358-SubWorkflowActor-SubWorkflow-BamToGvcf:-1:1 [[38;5;2m17899b18[0m]: Starting VariantCalling.DragenHardFilterVcf
[2026-04-07 20:22:06,18] [info] Assigned new job execution tokens to the following groups: d3b27253: 1
[2026-04-07 20:22:06,20] [[38;5;220mwarn[0m] BackgroundConfigAsyncJobExecutionActor [[38;5;2m17899b18[0mVariantCalling.HaplotypeCallerGATK4:23:1]: Unrecognized runtime attribute keys: preemptible, bootDiskSizeGb, disks, cpu, memory
[2026-04-07 20:22:06,40] [info] BackgroundConfigAsyncJobExecutionActor [[38;5;2m17899b18[0mVariantCalling.HaplotypeCallerGATK4:23:1]: [38;5;5mset -e

# We need at least 1 GB of available memory outside of the Java heap in order to execute native code, thus, limit
# Java's memory by the total memory minus 1 GB. We need to compute the total memory as it might differ from
# memory_size_gb because of Cromwell's retry with more memory feature.
mem_unit=$(echo "${MEM_UNIT:-}" | cut -c 1)

if [[ $mem_unit == "M" ]]; then
  available_memory_mb=$(awk "BEGIN {print int($MEM_SIZE)}")
elif [[ $mem_unit == "G" ]]; then
  available_memory_mb=$(awk "BEGIN {print int($MEM_SIZE * 1024)}")
else
  available_memory_mb=$(free -m | awk '/^Mem/ {print $2}')
fi

let java_memory_size_mb=available_memory_mb-1024
echo Total available memory: ${available_memory_mb} MB >&2
echo Memory reserved for Java: ${java_memory_size_mb} MB >&2

gatk --java-options "-Xmx300g -Xms300g -XX:GCTimeLimit=50 -XX:GCHeapFreeLimit=10" \
  HaplotypeCaller \
  -R /cromwell-executions1/WholeGenomeGermlineSingleSample/d3b27253-def8-4fcc-8159-f1f8d49265cf/call-BamToGvcf/VariantCalling/17899b18-eba4-4779-b361-f95638baf358/call-HaplotypeCallerGATK4/shard-23/inputs/-1569105944/Homo_sapiens_assembly38_masked.fasta \
  -I /cromwell-executions1/WholeGenomeGermlineSingleSample/d3b27253-def8-4fcc-8159-f1f8d49265cf/call-BamToGvcf/VariantCalling/17899b18-eba4-4779-b361-f95638baf358/call-HaplotypeCallerGATK4/shard-23/inputs/-861879968/ERR3684866_ILMN.bam \
  -L /cromwell-executions1/WholeGenomeGermlineSingleSample/d3b27253-def8-4fcc-8159-f1f8d49265cf/call-BamToGvcf/VariantCalling/17899b18-eba4-4779-b361-f95638baf358/call-HaplotypeCallerGATK4/shard-23/inputs/-718183620/31scattered.interval_list \
  -O ERR3684866_ILMN.g.vcf.gz \
  -contamination 0.0 \
  -G StandardAnnotation -G StandardHCAnnotation -G AS_StandardAnnotation \
  --dragen-mode \
   \
  --dragstr-params-path /cromwell-executions1/WholeGenomeGermlineSingleSample/d3b27253-def8-4fcc-8159-f1f8d49265cf/call-BamToGvcf/VariantCalling/17899b18-eba4-4779-b361-f95638baf358/call-HaplotypeCallerGATK4/shard-23/inputs/399900554/ERR3684866_ILMN.bam.dragstr \
  -GQB 10 -GQB 20 -GQB 30 -GQB 40 -GQB 50 -GQB 60 -GQB 70 -GQB 80 -GQB 90 \
  -ERC GVCF \
  

# Cromwell doesn't like optional task outputs, so we have to touch this file.
touch ERR3684866_ILMN.bamout.bam[0m
[2026-04-07 20:22:06,41] [info] BackgroundConfigAsyncJobExecutionActor [[38;5;2m17899b18[0mVariantCalling.HaplotypeCallerGATK4:23:1]: executing: # make sure there is no preexisting Docker CID file
rm -f /mnt/nas1/projects/lasr/blendseq/warp-pipelines/warp-gatk-germline-single-sample-pipeline-master/cromwell-executions1/WholeGenomeGermlineSingleSample/d3b27253-def8-4fcc-8159-f1f8d49265cf/call-BamToGvcf/VariantCalling/17899b18-eba4-4779-b361-f95638baf358/call-HaplotypeCallerGATK4/shard-23/execution/docker_cid
# run as in the original configuration without --rm flag (will remove later)
docker run \
  --cidfile /mnt/nas1/projects/lasr/blendseq/warp-pipelines/warp-gatk-germline-single-sample-pipeline-master/cromwell-executions1/WholeGenomeGermlineSingleSample/d3b27253-def8-4fcc-8159-f1f8d49265cf/call-BamToGvcf/VariantCalling/17899b18-eba4-4779-b361-f95638baf358/call-HaplotypeCallerGATK4/shard-23/execution/docker_cid \
  -i \
  --user 1027:1028 \
  --cpus="64" \
  --memory="409600m" \
  --entrypoint /bin/bash \
  -v /mnt/nas1/projects/lasr/blendseq/warp-pipelines/warp-gatk-germline-single-sample-pipeline-master/cromwell-executions1/WholeGenomeGermlineSingleSample/d3b27253-def8-4fcc-8159-f1f8d49265cf/call-BamToGvcf/VariantCalling/17899b18-eba4-4779-b361-f95638baf358/call-HaplotypeCallerGATK4/shard-23:/cromwell-executions1/WholeGenomeGermlineSingleSample/d3b27253-def8-4fcc-8159-f1f8d49265cf/call-BamToGvcf/VariantCalling/17899b18-eba4-4779-b361-f95638baf358/call-HaplotypeCallerGATK4/shard-23 \
  -v /mnt/nas1/projects/lasr/blendseq:/mnt/nas1/projects/lasr/blendseq \
  us.gcr.io/broad-gatk/gatk@sha256:c88912855b845bd40c6b4bc8f3dd1d4b333ed2549cd3e8386987ee7c0c284f5a /cromwell-executions1/WholeGenomeGermlineSingleSample/d3b27253-def8-4fcc-8159-f1f8d49265cf/call-BamToGvcf/VariantCalling/17899b18-eba4-4779-b361-f95638baf358/call-HaplotypeCallerGATK4/shard-23/execution/script

# get the return code (working even if the container was detached)
rc=$(docker wait [38;5;5mcat /mnt/nas1/projects/lasr/blendseq/warp-pipelines/warp-gatk-germline-single-sample-pipeline-master/cromwell-executions1/WholeGenomeGermlineSingleSample/d3b27253-def8-4fcc-8159-f1f8d49265cf/call-BamToGvcf/VariantCalling/17899b18-eba4-4779-b361-f95638baf358/call-HaplotypeCallerGATK4/shard-23/execution/docker_cid[0m)

# remove the container after waiting
docker rm [38;5;5mcat /mnt/nas1/projects/lasr/blendseq/warp-pipelines/warp-gatk-germline-single-sample-pipeline-master/cromwell-executions1/WholeGenomeGermlineSingleSample/d3b27253-def8-4fcc-8159-f1f8d49265cf/call-BamToGvcf/VariantCalling/17899b18-eba4-4779-b361-f95638baf358/call-HaplotypeCallerGATK4/shard-23/execution/docker_cid[0m

# return exit code
exit $rc
[2026-04-07 20:22:11,06] [info] BackgroundConfigAsyncJobExecutionActor [[38;5;2m17899b18[0mVariantCalling.HaplotypeCallerGATK4:23:1]: job id: 731559
[2026-04-07 20:22:11,07] [info] BackgroundConfigAsyncJobExecutionActor [[38;5;2m17899b18[0mVariantCalling.HaplotypeCallerGATK4:23:1]: Status change from - to WaitingForReturnCode
[2026-04-07 21:23:53,63] [info] BackgroundConfigAsyncJobExecutionActor [[38;5;2m17899b18[0mVariantCalling.HaplotypeCallerGATK4:23:1]: Status change from WaitingForReturnCode to Done
[2026-04-07 21:23:54,88] [info] 17899b18-eba4-4779-b361-f95638baf358-SubWorkflowActor-SubWorkflow-BamToGvcf:-1:1 [[38;5;2m17899b18[0m]: Starting VariantCalling.DragenHardFilterVcf
[2026-04-07 21:23:56,18] [info] Assigned new job execution tokens to the following groups: d3b27253: 1
[2026-04-07 21:23:56,20] [[38;5;220mwarn[0m] BackgroundConfigAsyncJobExecutionActor [[38;5;2m17899b18[0mVariantCalling.HaplotypeCallerGATK4:5:1]: Unrecognized runtime attribute keys: preemptible, bootDiskSizeGb, disks, cpu, memory
[2026-04-07 21:23:56,39] [info] BackgroundConfigAsyncJobExecutionActor [[38;5;2m17899b18[0mVariantCalling.HaplotypeCallerGATK4:5:1]: [38;5;5mset -e

# We need at least 1 GB of available memory outside of the Java heap in order to execute native code, thus, limit
# Java's memory by the total memory minus 1 GB. We need to compute the total memory as it might differ from
# memory_size_gb because of Cromwell's retry with more memory feature.
mem_unit=$(echo "${MEM_UNIT:-}" | cut -c 1)

if [[ $mem_unit == "M" ]]; then
  available_memory_mb=$(awk "BEGIN {print int($MEM_SIZE)}")
elif [[ $mem_unit == "G" ]]; then
  available_memory_mb=$(awk "BEGIN {print int($MEM_SIZE * 1024)}")
else
  available_memory_mb=$(free -m | awk '/^Mem/ {print $2}')
fi

let java_memory_size_mb=available_memory_mb-1024
echo Total available memory: ${available_memory_mb} MB >&2
echo Memory reserved for Java: ${java_memory_size_mb} MB >&2

gatk --java-options "-Xmx300g -Xms300g -XX:GCTimeLimit=50 -XX:GCHeapFreeLimit=10" \
  HaplotypeCaller \
  -R /cromwell-executions1/WholeGenomeGermlineSingleSample/d3b27253-def8-4fcc-8159-f1f8d49265cf/call-BamToGvcf/VariantCalling/17899b18-eba4-4779-b361-f95638baf358/call-HaplotypeCallerGATK4/shard-5/inputs/-1569105944/Homo_sapiens_assembly38_masked.fasta \
  -I /cromwell-executions1/WholeGenomeGermlineSingleSample/d3b27253-def8-4fcc-8159-f1f8d49265cf/call-BamToGvcf/VariantCalling/17899b18-eba4-4779-b361-f95638baf358/call-HaplotypeCallerGATK4/shard-5/inputs/-861879968/ERR3684866_ILMN.bam \
  -L /cromwell-executions1/WholeGenomeGermlineSingleSample/d3b27253-def8-4fcc-8159-f1f8d49265cf/call-BamToGvcf/VariantCalling/17899b18-eba4-4779-b361-f95638baf358/call-HaplotypeCallerGATK4/shard-5/inputs/-718183620/15scattered.interval_list \
  -O ERR3684866_ILMN.g.vcf.gz \
  -contamination 0.0 \
  -G StandardAnnotation -G StandardHCAnnotation -G AS_StandardAnnotation \
  --dragen-mode \
   \
  --dragstr-params-path /cromwell-executions1/WholeGenomeGermlineSingleSample/d3b27253-def8-4fcc-8159-f1f8d49265cf/call-BamToGvcf/VariantCalling/17899b18-eba4-4779-b361-f95638baf358/call-HaplotypeCallerGATK4/shard-5/inputs/399900554/ERR3684866_ILMN.bam.dragstr \
  -GQB 10 -GQB 20 -GQB 30 -GQB 40 -GQB 50 -GQB 60 -GQB 70 -GQB 80 -GQB 90 \
  -ERC GVCF \
  

# Cromwell doesn't like optional task outputs, so we have to touch this file.
touch ERR3684866_ILMN.bamout.bam[0m
[2026-04-07 21:23:56,40] [info] BackgroundConfigAsyncJobExecutionActor [[38;5;2m17899b18[0mVariantCalling.HaplotypeCallerGATK4:5:1]: executing: # make sure there is no preexisting Docker CID file
rm -f /mnt/nas1/projects/lasr/blendseq/warp-pipelines/warp-gatk-germline-single-sample-pipeline-master/cromwell-executions1/WholeGenomeGermlineSingleSample/d3b27253-def8-4fcc-8159-f1f8d49265cf/call-BamToGvcf/VariantCalling/17899b18-eba4-4779-b361-f95638baf358/call-HaplotypeCallerGATK4/shard-5/execution/docker_cid
# run as in the original configuration without --rm flag (will remove later)
docker run \
  --cidfile /mnt/nas1/projects/lasr/blendseq/warp-pipelines/warp-gatk-germline-single-sample-pipeline-master/cromwell-executions1/WholeGenomeGermlineSingleSample/d3b27253-def8-4fcc-8159-f1f8d49265cf/call-BamToGvcf/VariantCalling/17899b18-eba4-4779-b361-f95638baf358/call-HaplotypeCallerGATK4/shard-5/execution/docker_cid \
  -i \
  --user 1027:1028 \
  --cpus="64" \
  --memory="409600m" \
  --entrypoint /bin/bash \
  -v /mnt/nas1/projects/lasr/blendseq/warp-pipelines/warp-gatk-germline-single-sample-pipeline-master/cromwell-executions1/WholeGenomeGermlineSingleSample/d3b27253-def8-4fcc-8159-f1f8d49265cf/call-BamToGvcf/VariantCalling/17899b18-eba4-4779-b361-f95638baf358/call-HaplotypeCallerGATK4/shard-5:/cromwell-executions1/WholeGenomeGermlineSingleSample/d3b27253-def8-4fcc-8159-f1f8d49265cf/call-BamToGvcf/VariantCalling/17899b18-eba4-4779-b361-f95638baf358/call-HaplotypeCallerGATK4/shard-5 \
  -v /mnt/nas1/projects/lasr/blendseq:/mnt/nas1/projects/lasr/blendseq \
  us.gcr.io/broad-gatk/gatk@sha256:c88912855b845bd40c6b4bc8f3dd1d4b333ed2549cd3e8386987ee7c0c284f5a /cromwell-executions1/WholeGenomeGermlineSingleSample/d3b27253-def8-4fcc-8159-f1f8d49265cf/call-BamToGvcf/VariantCalling/17899b18-eba4-4779-b361-f95638baf358/call-HaplotypeCallerGATK4/shard-5/execution/script

# get the return code (working even if the container was detached)
rc=$(docker wait [38;5;5mcat /mnt/nas1/projects/lasr/blendseq/warp-pipelines/warp-gatk-germline-single-sample-pipeline-master/cromwell-executions1/WholeGenomeGermlineSingleSample/d3b27253-def8-4fcc-8159-f1f8d49265cf/call-BamToGvcf/VariantCalling/17899b18-eba4-4779-b361-f95638baf358/call-HaplotypeCallerGATK4/shard-5/execution/docker_cid[0m)

# remove the container after waiting
docker rm [38;5;5mcat /mnt/nas1/projects/lasr/blendseq/warp-pipelines/warp-gatk-germline-single-sample-pipeline-master/cromwell-executions1/WholeGenomeGermlineSingleSample/d3b27253-def8-4fcc-8159-f1f8d49265cf/call-BamToGvcf/VariantCalling/17899b18-eba4-4779-b361-f95638baf358/call-HaplotypeCallerGATK4/shard-5/execution/docker_cid[0m

# return exit code
exit $rc
[2026-04-07 21:24:01,07] [info] BackgroundConfigAsyncJobExecutionActor [[38;5;2m17899b18[0mVariantCalling.HaplotypeCallerGATK4:5:1]: job id: 732632
[2026-04-07 21:24:01,07] [info] BackgroundConfigAsyncJobExecutionActor [[38;5;2m17899b18[0mVariantCalling.HaplotypeCallerGATK4:5:1]: Status change from - to WaitingForReturnCode
[2026-04-07 22:28:26,40] [info] BackgroundConfigAsyncJobExecutionActor [[38;5;2m17899b18[0mVariantCalling.HaplotypeCallerGATK4:5:1]: Status change from WaitingForReturnCode to Done
[2026-04-07 22:28:27,84] [info] 17899b18-eba4-4779-b361-f95638baf358-SubWorkflowActor-SubWorkflow-BamToGvcf:-1:1 [[38;5;2m17899b18[0m]: Starting VariantCalling.DragenHardFilterVcf
[2026-04-07 22:28:36,18] [info] Assigned new job execution tokens to the following groups: d3b27253: 1
[2026-04-07 22:28:36,20] [[38;5;220mwarn[0m] BackgroundConfigAsyncJobExecutionActor [[38;5;2m17899b18[0mVariantCalling.HaplotypeCallerGATK4:36:1]: Unrecognized runtime attribute keys: preemptible, bootDiskSizeGb, disks, cpu, memory
[2026-04-07 22:28:36,39] [info] BackgroundConfigAsyncJobExecutionActor [[38;5;2m17899b18[0mVariantCalling.HaplotypeCallerGATK4:36:1]: [38;5;5mset -e

# We need at least 1 GB of available memory outside of the Java heap in order to execute native code, thus, limit
# Java's memory by the total memory minus 1 GB. We need to compute the total memory as it might differ from
# memory_size_gb because of Cromwell's retry with more memory feature.
mem_unit=$(echo "${MEM_UNIT:-}" | cut -c 1)

if [[ $mem_unit == "M" ]]; then
  available_memory_mb=$(awk "BEGIN {print int($MEM_SIZE)}")
elif [[ $mem_unit == "G" ]]; then
  available_memory_mb=$(awk "BEGIN {print int($MEM_SIZE * 1024)}")
else
  available_memory_mb=$(free -m | awk '/^Mem/ {print $2}')
fi

let java_memory_size_mb=available_memory_mb-1024
echo Total available memory: ${available_memory_mb} MB >&2
echo Memory reserved for Java: ${java_memory_size_mb} MB >&2

gatk --java-options "-Xmx300g -Xms300g -XX:GCTimeLimit=50 -XX:GCHeapFreeLimit=10" \
  HaplotypeCaller \
  -R /cromwell-executions1/WholeGenomeGermlineSingleSample/d3b27253-def8-4fcc-8159-f1f8d49265cf/call-BamToGvcf/VariantCalling/17899b18-eba4-4779-b361-f95638baf358/call-HaplotypeCallerGATK4/shard-36/inputs/-1569105944/Homo_sapiens_assembly38_masked.fasta \
  -I /cromwell-executions1/WholeGenomeGermlineSingleSample/d3b27253-def8-4fcc-8159-f1f8d49265cf/call-BamToGvcf/VariantCalling/17899b18-eba4-4779-b361-f95638baf358/call-HaplotypeCallerGATK4/shard-36/inputs/-861879968/ERR3684866_ILMN.bam \
  -L /cromwell-executions1/WholeGenomeGermlineSingleSample/d3b27253-def8-4fcc-8159-f1f8d49265cf/call-BamToGvcf/VariantCalling/17899b18-eba4-4779-b361-f95638baf358/call-HaplotypeCallerGATK4/shard-36/inputs/-718183620/43scattered.interval_list \
  -O ERR3684866_ILMN.g.vcf.gz \
  -contamination 0.0 \
  -G StandardAnnotation -G StandardHCAnnotation -G AS_StandardAnnotation \
  --dragen-mode \
   \
  --dragstr-params-path /cromwell-executions1/WholeGenomeGermlineSingleSample/d3b27253-def8-4fcc-8159-f1f8d49265cf/call-BamToGvcf/VariantCalling/17899b18-eba4-4779-b361-f95638baf358/call-HaplotypeCallerGATK4/shard-36/inputs/399900554/ERR3684866_ILMN.bam.dragstr \
  -GQB 10 -GQB 20 -GQB 30 -GQB 40 -GQB 50 -GQB 60 -GQB 70 -GQB 80 -GQB 90 \
  -ERC GVCF \
  

# Cromwell doesn't like optional task outputs, so we have to touch this file.
touch ERR3684866_ILMN.bamout.bam[0m
[2026-04-07 22:28:36,40] [info] BackgroundConfigAsyncJobExecutionActor [[38;5;2m17899b18[0mVariantCalling.HaplotypeCallerGATK4:36:1]: executing: # make sure there is no preexisting Docker CID file
rm -f /mnt/nas1/projects/lasr/blendseq/warp-pipelines/warp-gatk-germline-single-sample-pipeline-master/cromwell-executions1/WholeGenomeGermlineSingleSample/d3b27253-def8-4fcc-8159-f1f8d49265cf/call-BamToGvcf/VariantCalling/17899b18-eba4-4779-b361-f95638baf358/call-HaplotypeCallerGATK4/shard-36/execution/docker_cid
# run as in the original configuration without --rm flag (will remove later)
docker run \
  --cidfile /mnt/nas1/projects/lasr/blendseq/warp-pipelines/warp-gatk-germline-single-sample-pipeline-master/cromwell-executions1/WholeGenomeGermlineSingleSample/d3b27253-def8-4fcc-8159-f1f8d49265cf/call-BamToGvcf/VariantCalling/17899b18-eba4-4779-b361-f95638baf358/call-HaplotypeCallerGATK4/shard-36/execution/docker_cid \
  -i \
  --user 1027:1028 \
  --cpus="64" \
  --memory="409600m" \
  --entrypoint /bin/bash \
  -v /mnt/nas1/projects/lasr/blendseq/warp-pipelines/warp-gatk-germline-single-sample-pipeline-master/cromwell-executions1/WholeGenomeGermlineSingleSample/d3b27253-def8-4fcc-8159-f1f8d49265cf/call-BamToGvcf/VariantCalling/17899b18-eba4-4779-b361-f95638baf358/call-HaplotypeCallerGATK4/shard-36:/cromwell-executions1/WholeGenomeGermlineSingleSample/d3b27253-def8-4fcc-8159-f1f8d49265cf/call-BamToGvcf/VariantCalling/17899b18-eba4-4779-b361-f95638baf358/call-HaplotypeCallerGATK4/shard-36 \
  -v /mnt/nas1/projects/lasr/blendseq:/mnt/nas1/projects/lasr/blendseq \
  us.gcr.io/broad-gatk/gatk@sha256:c88912855b845bd40c6b4bc8f3dd1d4b333ed2549cd3e8386987ee7c0c284f5a /cromwell-executions1/WholeGenomeGermlineSingleSample/d3b27253-def8-4fcc-8159-f1f8d49265cf/call-BamToGvcf/VariantCalling/17899b18-eba4-4779-b361-f95638baf358/call-HaplotypeCallerGATK4/shard-36/execution/script

# get the return code (working even if the container was detached)
rc=$(docker wait [38;5;5mcat /mnt/nas1/projects/lasr/blendseq/warp-pipelines/warp-gatk-germline-single-sample-pipeline-master/cromwell-executions1/WholeGenomeGermlineSingleSample/d3b27253-def8-4fcc-8159-f1f8d49265cf/call-BamToGvcf/VariantCalling/17899b18-eba4-4779-b361-f95638baf358/call-HaplotypeCallerGATK4/shard-36/execution/docker_cid[0m)

# remove the container after waiting
docker rm [38;5;5mcat /mnt/nas1/projects/lasr/blendseq/warp-pipelines/warp-gatk-germline-single-sample-pipeline-master/cromwell-executions1/WholeGenomeGermlineSingleSample/d3b27253-def8-4fcc-8159-f1f8d49265cf/call-BamToGvcf/VariantCalling/17899b18-eba4-4779-b361-f95638baf358/call-HaplotypeCallerGATK4/shard-36/execution/docker_cid[0m

# return exit code
exit $rc
[2026-04-07 22:28:41,07] [info] BackgroundConfigAsyncJobExecutionActor [[38;5;2m17899b18[0mVariantCalling.HaplotypeCallerGATK4:36:1]: job id: 733709
[2026-04-07 22:28:41,07] [info] BackgroundConfigAsyncJobExecutionActor [[38;5;2m17899b18[0mVariantCalling.HaplotypeCallerGATK4:36:1]: Status change from - to WaitingForReturnCode
[2026-04-07 23:29:50,31] [info] BackgroundConfigAsyncJobExecutionActor [[38;5;2m17899b18[0mVariantCalling.HaplotypeCallerGATK4:36:1]: Status change from WaitingForReturnCode to Done
[2026-04-07 23:29:52,10] [info] 17899b18-eba4-4779-b361-f95638baf358-SubWorkflowActor-SubWorkflow-BamToGvcf:-1:1 [[38;5;2m17899b18[0m]: Starting VariantCalling.DragenHardFilterVcf
[2026-04-07 23:29:56,18] [info] Assigned new job execution tokens to the following groups: d3b27253: 1
[2026-04-07 23:29:56,20] [[38;5;220mwarn[0m] BackgroundConfigAsyncJobExecutionActor [[38;5;2m17899b18[0mVariantCalling.HaplotypeCallerGATK4:18:1]: Unrecognized runtime attribute keys: preemptible, bootDiskSizeGb, disks, cpu, memory
[2026-04-07 23:29:56,37] [info] BackgroundConfigAsyncJobExecutionActor [[38;5;2m17899b18[0mVariantCalling.HaplotypeCallerGATK4:18:1]: [38;5;5mset -e

# We need at least 1 GB of available memory outside of the Java heap in order to execute native code, thus, limit
# Java's memory by the total memory minus 1 GB. We need to compute the total memory as it might differ from
# memory_size_gb because of Cromwell's retry with more memory feature.
mem_unit=$(echo "${MEM_UNIT:-}" | cut -c 1)

if [[ $mem_unit == "M" ]]; then
  available_memory_mb=$(awk "BEGIN {print int($MEM_SIZE)}")
elif [[ $mem_unit == "G" ]]; then
  available_memory_mb=$(awk "BEGIN {print int($MEM_SIZE * 1024)}")
else
  available_memory_mb=$(free -m | awk '/^Mem/ {print $2}')
fi

let java_memory_size_mb=available_memory_mb-1024
echo Total available memory: ${available_memory_mb} MB >&2
echo Memory reserved for Java: ${java_memory_size_mb} MB >&2

gatk --java-options "-Xmx300g -Xms300g -XX:GCTimeLimit=50 -XX:GCHeapFreeLimit=10" \
  HaplotypeCaller \
  -R /cromwell-executions1/WholeGenomeGermlineSingleSample/d3b27253-def8-4fcc-8159-f1f8d49265cf/call-BamToGvcf/VariantCalling/17899b18-eba4-4779-b361-f95638baf358/call-HaplotypeCallerGATK4/shard-18/inputs/-1569105944/Homo_sapiens_assembly38_masked.fasta \
  -I /cromwell-executions1/WholeGenomeGermlineSingleSample/d3b27253-def8-4fcc-8159-f1f8d49265cf/call-BamToGvcf/VariantCalling/17899b18-eba4-4779-b361-f95638baf358/call-HaplotypeCallerGATK4/shard-18/inputs/-861879968/ERR3684866_ILMN.bam \
  -L /cromwell-executions1/WholeGenomeGermlineSingleSample/d3b27253-def8-4fcc-8159-f1f8d49265cf/call-BamToGvcf/VariantCalling/17899b18-eba4-4779-b361-f95638baf358/call-HaplotypeCallerGATK4/shard-18/inputs/-718183620/27scattered.interval_list \
  -O ERR3684866_ILMN.g.vcf.gz \
  -contamination 0.0 \
  -G StandardAnnotation -G StandardHCAnnotation -G AS_StandardAnnotation \
  --dragen-mode \
   \
  --dragstr-params-path /cromwell-executions1/WholeGenomeGermlineSingleSample/d3b27253-def8-4fcc-8159-f1f8d49265cf/call-BamToGvcf/VariantCalling/17899b18-eba4-4779-b361-f95638baf358/call-HaplotypeCallerGATK4/shard-18/inputs/399900554/ERR3684866_ILMN.bam.dragstr \
  -GQB 10 -GQB 20 -GQB 30 -GQB 40 -GQB 50 -GQB 60 -GQB 70 -GQB 80 -GQB 90 \
  -ERC GVCF \
  

# Cromwell doesn't like optional task outputs, so we have to touch this file.
touch ERR3684866_ILMN.bamout.bam[0m
[2026-04-07 23:29:56,38] [info] BackgroundConfigAsyncJobExecutionActor [[38;5;2m17899b18[0mVariantCalling.HaplotypeCallerGATK4:18:1]: executing: # make sure there is no preexisting Docker CID file
rm -f /mnt/nas1/projects/lasr/blendseq/warp-pipelines/warp-gatk-germline-single-sample-pipeline-master/cromwell-executions1/WholeGenomeGermlineSingleSample/d3b27253-def8-4fcc-8159-f1f8d49265cf/call-BamToGvcf/VariantCalling/17899b18-eba4-4779-b361-f95638baf358/call-HaplotypeCallerGATK4/shard-18/execution/docker_cid
# run as in the original configuration without --rm flag (will remove later)
docker run \
  --cidfile /mnt/nas1/projects/lasr/blendseq/warp-pipelines/warp-gatk-germline-single-sample-pipeline-master/cromwell-executions1/WholeGenomeGermlineSingleSample/d3b27253-def8-4fcc-8159-f1f8d49265cf/call-BamToGvcf/VariantCalling/17899b18-eba4-4779-b361-f95638baf358/call-HaplotypeCallerGATK4/shard-18/execution/docker_cid \
  -i \
  --user 1027:1028 \
  --cpus="64" \
  --memory="409600m" \
  --entrypoint /bin/bash \
  -v /mnt/nas1/projects/lasr/blendseq/warp-pipelines/warp-gatk-germline-single-sample-pipeline-master/cromwell-executions1/WholeGenomeGermlineSingleSample/d3b27253-def8-4fcc-8159-f1f8d49265cf/call-BamToGvcf/VariantCalling/17899b18-eba4-4779-b361-f95638baf358/call-HaplotypeCallerGATK4/shard-18:/cromwell-executions1/WholeGenomeGermlineSingleSample/d3b27253-def8-4fcc-8159-f1f8d49265cf/call-BamToGvcf/VariantCalling/17899b18-eba4-4779-b361-f95638baf358/call-HaplotypeCallerGATK4/shard-18 \
  -v /mnt/nas1/projects/lasr/blendseq:/mnt/nas1/projects/lasr/blendseq \
  us.gcr.io/broad-gatk/gatk@sha256:c88912855b845bd40c6b4bc8f3dd1d4b333ed2549cd3e8386987ee7c0c284f5a /cromwell-executions1/WholeGenomeGermlineSingleSample/d3b27253-def8-4fcc-8159-f1f8d49265cf/call-BamToGvcf/VariantCalling/17899b18-eba4-4779-b361-f95638baf358/call-HaplotypeCallerGATK4/shard-18/execution/script

# get the return code (working even if the container was detached)
rc=$(docker wait [38;5;5mcat /mnt/nas1/projects/lasr/blendseq/warp-pipelines/warp-gatk-germline-single-sample-pipeline-master/cromwell-executions1/WholeGenomeGermlineSingleSample/d3b27253-def8-4fcc-8159-f1f8d49265cf/call-BamToGvcf/VariantCalling/17899b18-eba4-4779-b361-f95638baf358/call-HaplotypeCallerGATK4/shard-18/execution/docker_cid[0m)

# remove the container after waiting
docker rm [38;5;5mcat /mnt/nas1/projects/lasr/blendseq/warp-pipelines/warp-gatk-germline-single-sample-pipeline-master/cromwell-executions1/WholeGenomeGermlineSingleSample/d3b27253-def8-4fcc-8159-f1f8d49265cf/call-BamToGvcf/VariantCalling/17899b18-eba4-4779-b361-f95638baf358/call-HaplotypeCallerGATK4/shard-18/execution/docker_cid[0m

# return exit code
exit $rc
[2026-04-07 23:30:01,07] [info] BackgroundConfigAsyncJobExecutionActor [[38;5;2m17899b18[0mVariantCalling.HaplotypeCallerGATK4:18:1]: job id: 734903
[2026-04-07 23:30:01,07] [info] BackgroundConfigAsyncJobExecutionActor [[38;5;2m17899b18[0mVariantCalling.HaplotypeCallerGATK4:18:1]: Status change from - to WaitingForReturnCode
[2026-04-08 00:34:38,06] [info] BackgroundConfigAsyncJobExecutionActor [[38;5;2m17899b18[0mVariantCalling.HaplotypeCallerGATK4:18:1]: Status change from WaitingForReturnCode to Done
[2026-04-08 00:34:39,34] [info] 17899b18-eba4-4779-b361-f95638baf358-SubWorkflowActor-SubWorkflow-BamToGvcf:-1:1 [[38;5;2m17899b18[0m]: Starting VariantCalling.DragenHardFilterVcf
[2026-04-08 00:34:46,18] [info] Assigned new job execution tokens to the following groups: d3b27253: 1
[2026-04-08 00:34:46,20] [[38;5;220mwarn[0m] BackgroundConfigAsyncJobExecutionActor [[38;5;2m17899b18[0mVariantCalling.HaplotypeCallerGATK4:20:1]: Unrecognized runtime attribute keys: preemptible, bootDiskSizeGb, disks, cpu, memory
[2026-04-08 00:34:46,37] [info] BackgroundConfigAsyncJobExecutionActor [[38;5;2m17899b18[0mVariantCalling.HaplotypeCallerGATK4:20:1]: [38;5;5mset -e

# We need at least 1 GB of available memory outside of the Java heap in order to execute native code, thus, limit
# Java's memory by the total memory minus 1 GB. We need to compute the total memory as it might differ from
# memory_size_gb because of Cromwell's retry with more memory feature.
mem_unit=$(echo "${MEM_UNIT:-}" | cut -c 1)

if [[ $mem_unit == "M" ]]; then
  available_memory_mb=$(awk "BEGIN {print int($MEM_SIZE)}")
elif [[ $mem_unit == "G" ]]; then
  available_memory_mb=$(awk "BEGIN {print int($MEM_SIZE * 1024)}")
else
  available_memory_mb=$(free -m | awk '/^Mem/ {print $2}')
fi

let java_memory_size_mb=available_memory_mb-1024
echo Total available memory: ${available_memory_mb} MB >&2
echo Memory reserved for Java: ${java_memory_size_mb} MB >&2

gatk --java-options "-Xmx300g -Xms300g -XX:GCTimeLimit=50 -XX:GCHeapFreeLimit=10" \
  HaplotypeCaller \
  -R /cromwell-executions1/WholeGenomeGermlineSingleSample/d3b27253-def8-4fcc-8159-f1f8d49265cf/call-BamToGvcf/VariantCalling/17899b18-eba4-4779-b361-f95638baf358/call-HaplotypeCallerGATK4/shard-20/inputs/-1569105944/Homo_sapiens_assembly38_masked.fasta \
  -I /cromwell-executions1/WholeGenomeGermlineSingleSample/d3b27253-def8-4fcc-8159-f1f8d49265cf/call-BamToGvcf/VariantCalling/17899b18-eba4-4779-b361-f95638baf358/call-HaplotypeCallerGATK4/shard-20/inputs/-861879968/ERR3684866_ILMN.bam \
  -L /cromwell-executions1/WholeGenomeGermlineSingleSample/d3b27253-def8-4fcc-8159-f1f8d49265cf/call-BamToGvcf/VariantCalling/17899b18-eba4-4779-b361-f95638baf358/call-HaplotypeCallerGATK4/shard-20/inputs/-718183620/29scattered.interval_list \
  -O ERR3684866_ILMN.g.vcf.gz \
  -contamination 0.0 \
  -G StandardAnnotation -G StandardHCAnnotation -G AS_StandardAnnotation \
  --dragen-mode \
   \
  --dragstr-params-path /cromwell-executions1/WholeGenomeGermlineSingleSample/d3b27253-def8-4fcc-8159-f1f8d49265cf/call-BamToGvcf/VariantCalling/17899b18-eba4-4779-b361-f95638baf358/call-HaplotypeCallerGATK4/shard-20/inputs/399900554/ERR3684866_ILMN.bam.dragstr \
  -GQB 10 -GQB 20 -GQB 30 -GQB 40 -GQB 50 -GQB 60 -GQB 70 -GQB 80 -GQB 90 \
  -ERC GVCF \
  

# Cromwell doesn't like optional task outputs, so we have to touch this file.
touch ERR3684866_ILMN.bamout.bam[0m
[2026-04-08 00:34:46,38] [info] BackgroundConfigAsyncJobExecutionActor [[38;5;2m17899b18[0mVariantCalling.HaplotypeCallerGATK4:20:1]: executing: # make sure there is no preexisting Docker CID file
rm -f /mnt/nas1/projects/lasr/blendseq/warp-pipelines/warp-gatk-germline-single-sample-pipeline-master/cromwell-executions1/WholeGenomeGermlineSingleSample/d3b27253-def8-4fcc-8159-f1f8d49265cf/call-BamToGvcf/VariantCalling/17899b18-eba4-4779-b361-f95638baf358/call-HaplotypeCallerGATK4/shard-20/execution/docker_cid
# run as in the original configuration without --rm flag (will remove later)
docker run \
  --cidfile /mnt/nas1/projects/lasr/blendseq/warp-pipelines/warp-gatk-germline-single-sample-pipeline-master/cromwell-executions1/WholeGenomeGermlineSingleSample/d3b27253-def8-4fcc-8159-f1f8d49265cf/call-BamToGvcf/VariantCalling/17899b18-eba4-4779-b361-f95638baf358/call-HaplotypeCallerGATK4/shard-20/execution/docker_cid \
  -i \
  --user 1027:1028 \
  --cpus="64" \
  --memory="409600m" \
  --entrypoint /bin/bash \
  -v /mnt/nas1/projects/lasr/blendseq/warp-pipelines/warp-gatk-germline-single-sample-pipeline-master/cromwell-executions1/WholeGenomeGermlineSingleSample/d3b27253-def8-4fcc-8159-f1f8d49265cf/call-BamToGvcf/VariantCalling/17899b18-eba4-4779-b361-f95638baf358/call-HaplotypeCallerGATK4/shard-20:/cromwell-executions1/WholeGenomeGermlineSingleSample/d3b27253-def8-4fcc-8159-f1f8d49265cf/call-BamToGvcf/VariantCalling/17899b18-eba4-4779-b361-f95638baf358/call-HaplotypeCallerGATK4/shard-20 \
  -v /mnt/nas1/projects/lasr/blendseq:/mnt/nas1/projects/lasr/blendseq \
  us.gcr.io/broad-gatk/gatk@sha256:c88912855b845bd40c6b4bc8f3dd1d4b333ed2549cd3e8386987ee7c0c284f5a /cromwell-executions1/WholeGenomeGermlineSingleSample/d3b27253-def8-4fcc-8159-f1f8d49265cf/call-BamToGvcf/VariantCalling/17899b18-eba4-4779-b361-f95638baf358/call-HaplotypeCallerGATK4/shard-20/execution/script

# get the return code (working even if the container was detached)
rc=$(docker wait [38;5;5mcat /mnt/nas1/projects/lasr/blendseq/warp-pipelines/warp-gatk-germline-single-sample-pipeline-master/cromwell-executions1/WholeGenomeGermlineSingleSample/d3b27253-def8-4fcc-8159-f1f8d49265cf/call-BamToGvcf/VariantCalling/17899b18-eba4-4779-b361-f95638baf358/call-HaplotypeCallerGATK4/shard-20/execution/docker_cid[0m)

# remove the container after waiting
docker rm [38;5;5mcat /mnt/nas1/projects/lasr/blendseq/warp-pipelines/warp-gatk-germline-single-sample-pipeline-master/cromwell-executions1/WholeGenomeGermlineSingleSample/d3b27253-def8-4fcc-8159-f1f8d49265cf/call-BamToGvcf/VariantCalling/17899b18-eba4-4779-b361-f95638baf358/call-HaplotypeCallerGATK4/shard-20/execution/docker_cid[0m

# return exit code
exit $rc
[2026-04-08 00:34:51,06] [info] BackgroundConfigAsyncJobExecutionActor [[38;5;2m17899b18[0mVariantCalling.HaplotypeCallerGATK4:20:1]: job id: 736045
[2026-04-08 00:34:51,07] [info] BackgroundConfigAsyncJobExecutionActor [[38;5;2m17899b18[0mVariantCalling.HaplotypeCallerGATK4:20:1]: Status change from - to WaitingForReturnCode
[2026-04-08 02:06:30,94] [info] BackgroundConfigAsyncJobExecutionActor [[38;5;2m17899b18[0mVariantCalling.HaplotypeCallerGATK4:20:1]: Status change from WaitingForReturnCode to Done
[2026-04-08 02:06:32,47] [info] 17899b18-eba4-4779-b361-f95638baf358-SubWorkflowActor-SubWorkflow-BamToGvcf:-1:1 [[38;5;2m17899b18[0m]: Starting VariantCalling.DragenHardFilterVcf
[2026-04-08 02:06:36,18] [info] Assigned new job execution tokens to the following groups: d3b27253: 1
[2026-04-08 02:06:36,20] [[38;5;220mwarn[0m] BackgroundConfigAsyncJobExecutionActor [[38;5;2m17899b18[0mVariantCalling.HaplotypeCallerGATK4:46:1]: Unrecognized runtime attribute keys: preemptible, bootDiskSizeGb, disks, cpu, memory
[2026-04-08 02:06:36,36] [info] BackgroundConfigAsyncJobExecutionActor [[38;5;2m17899b18[0mVariantCalling.HaplotypeCallerGATK4:46:1]: [38;5;5mset -e

# We need at least 1 GB of available memory outside of the Java heap in order to execute native code, thus, limit
# Java's memory by the total memory minus 1 GB. We need to compute the total memory as it might differ from
# memory_size_gb because of Cromwell's retry with more memory feature.
mem_unit=$(echo "${MEM_UNIT:-}" | cut -c 1)

if [[ $mem_unit == "M" ]]; then
  available_memory_mb=$(awk "BEGIN {print int($MEM_SIZE)}")
elif [[ $mem_unit == "G" ]]; then
  available_memory_mb=$(awk "BEGIN {print int($MEM_SIZE * 1024)}")
else
  available_memory_mb=$(free -m | awk '/^Mem/ {print $2}')
fi

let java_memory_size_mb=available_memory_mb-1024
echo Total available memory: ${available_memory_mb} MB >&2
echo Memory reserved for Java: ${java_memory_size_mb} MB >&2

gatk --java-options "-Xmx300g -Xms300g -XX:GCTimeLimit=50 -XX:GCHeapFreeLimit=10" \
  HaplotypeCaller \
  -R /cromwell-executions1/WholeGenomeGermlineSingleSample/d3b27253-def8-4fcc-8159-f1f8d49265cf/call-BamToGvcf/VariantCalling/17899b18-eba4-4779-b361-f95638baf358/call-HaplotypeCallerGATK4/shard-46/inputs/-1569105944/Homo_sapiens_assembly38_masked.fasta \
  -I /cromwell-executions1/WholeGenomeGermlineSingleSample/d3b27253-def8-4fcc-8159-f1f8d49265cf/call-BamToGvcf/VariantCalling/17899b18-eba4-4779-b361-f95638baf358/call-HaplotypeCallerGATK4/shard-46/inputs/-861879968/ERR3684866_ILMN.bam \
  -L /cromwell-executions1/WholeGenomeGermlineSingleSample/d3b27253-def8-4fcc-8159-f1f8d49265cf/call-BamToGvcf/VariantCalling/17899b18-eba4-4779-b361-f95638baf358/call-HaplotypeCallerGATK4/shard-46/inputs/-718183620/6scattered.interval_list \
  -O ERR3684866_ILMN.g.vcf.gz \
  -contamination 0.0 \
  -G StandardAnnotation -G StandardHCAnnotation -G AS_StandardAnnotation \
  --dragen-mode \
   \
  --dragstr-params-path /cromwell-executions1/WholeGenomeGermlineSingleSample/d3b27253-def8-4fcc-8159-f1f8d49265cf/call-BamToGvcf/VariantCalling/17899b18-eba4-4779-b361-f95638baf358/call-HaplotypeCallerGATK4/shard-46/inputs/399900554/ERR3684866_ILMN.bam.dragstr \
  -GQB 10 -GQB 20 -GQB 30 -GQB 40 -GQB 50 -GQB 60 -GQB 70 -GQB 80 -GQB 90 \
  -ERC GVCF \
  

# Cromwell doesn't like optional task outputs, so we have to touch this file.
touch ERR3684866_ILMN.bamout.bam[0m
[2026-04-08 02:06:36,37] [info] BackgroundConfigAsyncJobExecutionActor [[38;5;2m17899b18[0mVariantCalling.HaplotypeCallerGATK4:46:1]: executing: # make sure there is no preexisting Docker CID file
rm -f /mnt/nas1/projects/lasr/blendseq/warp-pipelines/warp-gatk-germline-single-sample-pipeline-master/cromwell-executions1/WholeGenomeGermlineSingleSample/d3b27253-def8-4fcc-8159-f1f8d49265cf/call-BamToGvcf/VariantCalling/17899b18-eba4-4779-b361-f95638baf358/call-HaplotypeCallerGATK4/shard-46/execution/docker_cid
# run as in the original configuration without --rm flag (will remove later)
docker run \
  --cidfile /mnt/nas1/projects/lasr/blendseq/warp-pipelines/warp-gatk-germline-single-sample-pipeline-master/cromwell-executions1/WholeGenomeGermlineSingleSample/d3b27253-def8-4fcc-8159-f1f8d49265cf/call-BamToGvcf/VariantCalling/17899b18-eba4-4779-b361-f95638baf358/call-HaplotypeCallerGATK4/shard-46/execution/docker_cid \
  -i \
  --user 1027:1028 \
  --cpus="64" \
  --memory="409600m" \
  --entrypoint /bin/bash \
  -v /mnt/nas1/projects/lasr/blendseq/warp-pipelines/warp-gatk-germline-single-sample-pipeline-master/cromwell-executions1/WholeGenomeGermlineSingleSample/d3b27253-def8-4fcc-8159-f1f8d49265cf/call-BamToGvcf/VariantCalling/17899b18-eba4-4779-b361-f95638baf358/call-HaplotypeCallerGATK4/shard-46:/cromwell-executions1/WholeGenomeGermlineSingleSample/d3b27253-def8-4fcc-8159-f1f8d49265cf/call-BamToGvcf/VariantCalling/17899b18-eba4-4779-b361-f95638baf358/call-HaplotypeCallerGATK4/shard-46 \
  -v /mnt/nas1/projects/lasr/blendseq:/mnt/nas1/projects/lasr/blendseq \
  us.gcr.io/broad-gatk/gatk@sha256:c88912855b845bd40c6b4bc8f3dd1d4b333ed2549cd3e8386987ee7c0c284f5a /cromwell-executions1/WholeGenomeGermlineSingleSample/d3b27253-def8-4fcc-8159-f1f8d49265cf/call-BamToGvcf/VariantCalling/17899b18-eba4-4779-b361-f95638baf358/call-HaplotypeCallerGATK4/shard-46/execution/script

# get the return code (working even if the container was detached)
rc=$(docker wait [38;5;5mcat /mnt/nas1/projects/lasr/blendseq/warp-pipelines/warp-gatk-germline-single-sample-pipeline-master/cromwell-executions1/WholeGenomeGermlineSingleSample/d3b27253-def8-4fcc-8159-f1f8d49265cf/call-BamToGvcf/VariantCalling/17899b18-eba4-4779-b361-f95638baf358/call-HaplotypeCallerGATK4/shard-46/execution/docker_cid[0m)

# remove the container after waiting
docker rm [38;5;5mcat /mnt/nas1/projects/lasr/blendseq/warp-pipelines/warp-gatk-germline-single-sample-pipeline-master/cromwell-executions1/WholeGenomeGermlineSingleSample/d3b27253-def8-4fcc-8159-f1f8d49265cf/call-BamToGvcf/VariantCalling/17899b18-eba4-4779-b361-f95638baf358/call-HaplotypeCallerGATK4/shard-46/execution/docker_cid[0m

# return exit code
exit $rc
[2026-04-08 02:06:41,07] [info] BackgroundConfigAsyncJobExecutionActor [[38;5;2m17899b18[0mVariantCalling.HaplotypeCallerGATK4:46:1]: job id: 737437
[2026-04-08 02:06:41,07] [info] BackgroundConfigAsyncJobExecutionActor [[38;5;2m17899b18[0mVariantCalling.HaplotypeCallerGATK4:46:1]: Status change from - to WaitingForReturnCode
[2026-04-08 03:20:57,72] [info] BackgroundConfigAsyncJobExecutionActor [[38;5;2m17899b18[0mVariantCalling.HaplotypeCallerGATK4:46:1]: Status change from WaitingForReturnCode to Done
[2026-04-08 03:20:59,06] [info] 17899b18-eba4-4779-b361-f95638baf358-SubWorkflowActor-SubWorkflow-BamToGvcf:-1:1 [[38;5;2m17899b18[0m]: Starting VariantCalling.DragenHardFilterVcf
[2026-04-08 03:21:06,18] [info] Assigned new job execution tokens to the following groups: d3b27253: 1
[2026-04-08 03:21:06,20] [[38;5;220mwarn[0m] BackgroundConfigAsyncJobExecutionActor [[38;5;2m17899b18[0mVariantCalling.HaplotypeCallerGATK4:39:1]: Unrecognized runtime attribute keys: preemptible, bootDiskSizeGb, disks, cpu, memory
[2026-04-08 03:21:06,38] [info] BackgroundConfigAsyncJobExecutionActor [[38;5;2m17899b18[0mVariantCalling.HaplotypeCallerGATK4:39:1]: [38;5;5mset -e

# We need at least 1 GB of available memory outside of the Java heap in order to execute native code, thus, limit
# Java's memory by the total memory minus 1 GB. We need to compute the total memory as it might differ from
# memory_size_gb because of Cromwell's retry with more memory feature.
mem_unit=$(echo "${MEM_UNIT:-}" | cut -c 1)

if [[ $mem_unit == "M" ]]; then
  available_memory_mb=$(awk "BEGIN {print int($MEM_SIZE)}")
elif [[ $mem_unit == "G" ]]; then
  available_memory_mb=$(awk "BEGIN {print int($MEM_SIZE * 1024)}")
else
  available_memory_mb=$(free -m | awk '/^Mem/ {print $2}')
fi

let java_memory_size_mb=available_memory_mb-1024
echo Total available memory: ${available_memory_mb} MB >&2
echo Memory reserved for Java: ${java_memory_size_mb} MB >&2

gatk --java-options "-Xmx300g -Xms300g -XX:GCTimeLimit=50 -XX:GCHeapFreeLimit=10" \
  HaplotypeCaller \
  -R /cromwell-executions1/WholeGenomeGermlineSingleSample/d3b27253-def8-4fcc-8159-f1f8d49265cf/call-BamToGvcf/VariantCalling/17899b18-eba4-4779-b361-f95638baf358/call-HaplotypeCallerGATK4/shard-39/inputs/-1569105944/Homo_sapiens_assembly38_masked.fasta \
  -I /cromwell-executions1/WholeGenomeGermlineSingleSample/d3b27253-def8-4fcc-8159-f1f8d49265cf/call-BamToGvcf/VariantCalling/17899b18-eba4-4779-b361-f95638baf358/call-HaplotypeCallerGATK4/shard-39/inputs/-861879968/ERR3684866_ILMN.bam \
  -L /cromwell-executions1/WholeGenomeGermlineSingleSample/d3b27253-def8-4fcc-8159-f1f8d49265cf/call-BamToGvcf/VariantCalling/17899b18-eba4-4779-b361-f95638baf358/call-HaplotypeCallerGATK4/shard-39/inputs/-718183620/46scattered.interval_list \
  -O ERR3684866_ILMN.g.vcf.gz \
  -contamination 0.0 \
  -G StandardAnnotation -G StandardHCAnnotation -G AS_StandardAnnotation \
  --dragen-mode \
   \
  --dragstr-params-path /cromwell-executions1/WholeGenomeGermlineSingleSample/d3b27253-def8-4fcc-8159-f1f8d49265cf/call-BamToGvcf/VariantCalling/17899b18-eba4-4779-b361-f95638baf358/call-HaplotypeCallerGATK4/shard-39/inputs/399900554/ERR3684866_ILMN.bam.dragstr \
  -GQB 10 -GQB 20 -GQB 30 -GQB 40 -GQB 50 -GQB 60 -GQB 70 -GQB 80 -GQB 90 \
  -ERC GVCF \
  

# Cromwell doesn't like optional task outputs, so we have to touch this file.
touch ERR3684866_ILMN.bamout.bam[0m
[2026-04-08 03:21:06,39] [info] BackgroundConfigAsyncJobExecutionActor [[38;5;2m17899b18[0mVariantCalling.HaplotypeCallerGATK4:39:1]: executing: # make sure there is no preexisting Docker CID file
rm -f /mnt/nas1/projects/lasr/blendseq/warp-pipelines/warp-gatk-germline-single-sample-pipeline-master/cromwell-executions1/WholeGenomeGermlineSingleSample/d3b27253-def8-4fcc-8159-f1f8d49265cf/call-BamToGvcf/VariantCalling/17899b18-eba4-4779-b361-f95638baf358/call-HaplotypeCallerGATK4/shard-39/execution/docker_cid
# run as in the original configuration without --rm flag (will remove later)
docker run \
  --cidfile /mnt/nas1/projects/lasr/blendseq/warp-pipelines/warp-gatk-germline-single-sample-pipeline-master/cromwell-executions1/WholeGenomeGermlineSingleSample/d3b27253-def8-4fcc-8159-f1f8d49265cf/call-BamToGvcf/VariantCalling/17899b18-eba4-4779-b361-f95638baf358/call-HaplotypeCallerGATK4/shard-39/execution/docker_cid \
  -i \
  --user 1027:1028 \
  --cpus="64" \
  --memory="409600m" \
  --entrypoint /bin/bash \
  -v /mnt/nas1/projects/lasr/blendseq/warp-pipelines/warp-gatk-germline-single-sample-pipeline-master/cromwell-executions1/WholeGenomeGermlineSingleSample/d3b27253-def8-4fcc-8159-f1f8d49265cf/call-BamToGvcf/VariantCalling/17899b18-eba4-4779-b361-f95638baf358/call-HaplotypeCallerGATK4/shard-39:/cromwell-executions1/WholeGenomeGermlineSingleSample/d3b27253-def8-4fcc-8159-f1f8d49265cf/call-BamToGvcf/VariantCalling/17899b18-eba4-4779-b361-f95638baf358/call-HaplotypeCallerGATK4/shard-39 \
  -v /mnt/nas1/projects/lasr/blendseq:/mnt/nas1/projects/lasr/blendseq \
  us.gcr.io/broad-gatk/gatk@sha256:c88912855b845bd40c6b4bc8f3dd1d4b333ed2549cd3e8386987ee7c0c284f5a /cromwell-executions1/WholeGenomeGermlineSingleSample/d3b27253-def8-4fcc-8159-f1f8d49265cf/call-BamToGvcf/VariantCalling/17899b18-eba4-4779-b361-f95638baf358/call-HaplotypeCallerGATK4/shard-39/execution/script

# get the return code (working even if the container was detached)
rc=$(docker wait [38;5;5mcat /mnt/nas1/projects/lasr/blendseq/warp-pipelines/warp-gatk-germline-single-sample-pipeline-master/cromwell-executions1/WholeGenomeGermlineSingleSample/d3b27253-def8-4fcc-8159-f1f8d49265cf/call-BamToGvcf/VariantCalling/17899b18-eba4-4779-b361-f95638baf358/call-HaplotypeCallerGATK4/shard-39/execution/docker_cid[0m)

# remove the container after waiting
docker rm [38;5;5mcat /mnt/nas1/projects/lasr/blendseq/warp-pipelines/warp-gatk-germline-single-sample-pipeline-master/cromwell-executions1/WholeGenomeGermlineSingleSample/d3b27253-def8-4fcc-8159-f1f8d49265cf/call-BamToGvcf/VariantCalling/17899b18-eba4-4779-b361-f95638baf358/call-HaplotypeCallerGATK4/shard-39/execution/docker_cid[0m

# return exit code
exit $rc
[2026-04-08 03:21:11,07] [info] BackgroundConfigAsyncJobExecutionActor [[38;5;2m17899b18[0mVariantCalling.HaplotypeCallerGATK4:39:1]: job id: 738677
[2026-04-08 03:21:11,07] [info] BackgroundConfigAsyncJobExecutionActor [[38;5;2m17899b18[0mVariantCalling.HaplotypeCallerGATK4:39:1]: Status change from - to WaitingForReturnCode
[2026-04-08 05:41:09,29] [info] BackgroundConfigAsyncJobExecutionActor [[38;5;2m17899b18[0mVariantCalling.HaplotypeCallerGATK4:39:1]: Status change from WaitingForReturnCode to Done
[2026-04-08 05:41:11,02] [info] 17899b18-eba4-4779-b361-f95638baf358-SubWorkflowActor-SubWorkflow-BamToGvcf:-1:1 [[38;5;2m17899b18[0m]: Starting VariantCalling.DragenHardFilterVcf
[2026-04-08 05:41:16,18] [info] Assigned new job execution tokens to the following groups: d3b27253: 1
[2026-04-08 05:41:16,20] [[38;5;220mwarn[0m] BackgroundConfigAsyncJobExecutionActor [[38;5;2m17899b18[0mVariantCalling.HaplotypeCallerGATK4:2:1]: Unrecognized runtime attribute keys: preemptible, bootDiskSizeGb, disks, cpu, memory
[2026-04-08 05:41:16,36] [info] BackgroundConfigAsyncJobExecutionActor [[38;5;2m17899b18[0mVariantCalling.HaplotypeCallerGATK4:2:1]: [38;5;5mset -e

# We need at least 1 GB of available memory outside of the Java heap in order to execute native code, thus, limit
# Java's memory by the total memory minus 1 GB. We need to compute the total memory as it might differ from
# memory_size_gb because of Cromwell's retry with more memory feature.
mem_unit=$(echo "${MEM_UNIT:-}" | cut -c 1)

if [[ $mem_unit == "M" ]]; then
  available_memory_mb=$(awk "BEGIN {print int($MEM_SIZE)}")
elif [[ $mem_unit == "G" ]]; then
  available_memory_mb=$(awk "BEGIN {print int($MEM_SIZE * 1024)}")
else
  available_memory_mb=$(free -m | awk '/^Mem/ {print $2}')
fi

let java_memory_size_mb=available_memory_mb-1024
echo Total available memory: ${available_memory_mb} MB >&2
echo Memory reserved for Java: ${java_memory_size_mb} MB >&2

gatk --java-options "-Xmx300g -Xms300g -XX:GCTimeLimit=50 -XX:GCHeapFreeLimit=10" \
  HaplotypeCaller \
  -R /cromwell-executions1/WholeGenomeGermlineSingleSample/d3b27253-def8-4fcc-8159-f1f8d49265cf/call-BamToGvcf/VariantCalling/17899b18-eba4-4779-b361-f95638baf358/call-HaplotypeCallerGATK4/shard-2/inputs/-1569105944/Homo_sapiens_assembly38_masked.fasta \
  -I /cromwell-executions1/WholeGenomeGermlineSingleSample/d3b27253-def8-4fcc-8159-f1f8d49265cf/call-BamToGvcf/VariantCalling/17899b18-eba4-4779-b361-f95638baf358/call-HaplotypeCallerGATK4/shard-2/inputs/-861879968/ERR3684866_ILMN.bam \
  -L /cromwell-executions1/WholeGenomeGermlineSingleSample/d3b27253-def8-4fcc-8159-f1f8d49265cf/call-BamToGvcf/VariantCalling/17899b18-eba4-4779-b361-f95638baf358/call-HaplotypeCallerGATK4/shard-2/inputs/-718183620/12scattered.interval_list \
  -O ERR3684866_ILMN.g.vcf.gz \
  -contamination 0.0 \
  -G StandardAnnotation -G StandardHCAnnotation -G AS_StandardAnnotation \
  --dragen-mode \
   \
  --dragstr-params-path /cromwell-executions1/WholeGenomeGermlineSingleSample/d3b27253-def8-4fcc-8159-f1f8d49265cf/call-BamToGvcf/VariantCalling/17899b18-eba4-4779-b361-f95638baf358/call-HaplotypeCallerGATK4/shard-2/inputs/399900554/ERR3684866_ILMN.bam.dragstr \
  -GQB 10 -GQB 20 -GQB 30 -GQB 40 -GQB 50 -GQB 60 -GQB 70 -GQB 80 -GQB 90 \
  -ERC GVCF \
  

# Cromwell doesn't like optional task outputs, so we have to touch this file.
touch ERR3684866_ILMN.bamout.bam[0m
[2026-04-08 05:41:16,37] [info] BackgroundConfigAsyncJobExecutionActor [[38;5;2m17899b18[0mVariantCalling.HaplotypeCallerGATK4:2:1]: executing: # make sure there is no preexisting Docker CID file
rm -f /mnt/nas1/projects/lasr/blendseq/warp-pipelines/warp-gatk-germline-single-sample-pipeline-master/cromwell-executions1/WholeGenomeGermlineSingleSample/d3b27253-def8-4fcc-8159-f1f8d49265cf/call-BamToGvcf/VariantCalling/17899b18-eba4-4779-b361-f95638baf358/call-HaplotypeCallerGATK4/shard-2/execution/docker_cid
# run as in the original configuration without --rm flag (will remove later)
docker run \
  --cidfile /mnt/nas1/projects/lasr/blendseq/warp-pipelines/warp-gatk-germline-single-sample-pipeline-master/cromwell-executions1/WholeGenomeGermlineSingleSample/d3b27253-def8-4fcc-8159-f1f8d49265cf/call-BamToGvcf/VariantCalling/17899b18-eba4-4779-b361-f95638baf358/call-HaplotypeCallerGATK4/shard-2/execution/docker_cid \
  -i \
  --user 1027:1028 \
  --cpus="64" \
  --memory="409600m" \
  --entrypoint /bin/bash \
  -v /mnt/nas1/projects/lasr/blendseq/warp-pipelines/warp-gatk-germline-single-sample-pipeline-master/cromwell-executions1/WholeGenomeGermlineSingleSample/d3b27253-def8-4fcc-8159-f1f8d49265cf/call-BamToGvcf/VariantCalling/17899b18-eba4-4779-b361-f95638baf358/call-HaplotypeCallerGATK4/shard-2:/cromwell-executions1/WholeGenomeGermlineSingleSample/d3b27253-def8-4fcc-8159-f1f8d49265cf/call-BamToGvcf/VariantCalling/17899b18-eba4-4779-b361-f95638baf358/call-HaplotypeCallerGATK4/shard-2 \
  -v /mnt/nas1/projects/lasr/blendseq:/mnt/nas1/projects/lasr/blendseq \
  us.gcr.io/broad-gatk/gatk@sha256:c88912855b845bd40c6b4bc8f3dd1d4b333ed2549cd3e8386987ee7c0c284f5a /cromwell-executions1/WholeGenomeGermlineSingleSample/d3b27253-def8-4fcc-8159-f1f8d49265cf/call-BamToGvcf/VariantCalling/17899b18-eba4-4779-b361-f95638baf358/call-HaplotypeCallerGATK4/shard-2/execution/script

# get the return code (working even if the container was detached)
rc=$(docker wait [38;5;5mcat /mnt/nas1/projects/lasr/blendseq/warp-pipelines/warp-gatk-germline-single-sample-pipeline-master/cromwell-executions1/WholeGenomeGermlineSingleSample/d3b27253-def8-4fcc-8159-f1f8d49265cf/call-BamToGvcf/VariantCalling/17899b18-eba4-4779-b361-f95638baf358/call-HaplotypeCallerGATK4/shard-2/execution/docker_cid[0m)

# remove the container after waiting
docker rm [38;5;5mcat /mnt/nas1/projects/lasr/blendseq/warp-pipelines/warp-gatk-germline-single-sample-pipeline-master/cromwell-executions1/WholeGenomeGermlineSingleSample/d3b27253-def8-4fcc-8159-f1f8d49265cf/call-BamToGvcf/VariantCalling/17899b18-eba4-4779-b361-f95638baf358/call-HaplotypeCallerGATK4/shard-2/execution/docker_cid[0m

# return exit code
exit $rc
[2026-04-08 05:41:21,07] [info] BackgroundConfigAsyncJobExecutionActor [[38;5;2m17899b18[0mVariantCalling.HaplotypeCallerGATK4:2:1]: job id: 740492
[2026-04-08 05:41:21,07] [info] BackgroundConfigAsyncJobExecutionActor [[38;5;2m17899b18[0mVariantCalling.HaplotypeCallerGATK4:2:1]: Status change from - to WaitingForReturnCode
[2026-04-08 06:41:42,41] [info] BackgroundConfigAsyncJobExecutionActor [[38;5;2m17899b18[0mVariantCalling.HaplotypeCallerGATK4:2:1]: Status change from WaitingForReturnCode to Done
[2026-04-08 06:41:44,28] [info] 17899b18-eba4-4779-b361-f95638baf358-SubWorkflowActor-SubWorkflow-BamToGvcf:-1:1 [[38;5;2m17899b18[0m]: Starting VariantCalling.DragenHardFilterVcf
[2026-04-08 06:41:46,18] [info] Assigned new job execution tokens to the following groups: d3b27253: 1
[2026-04-08 06:41:46,20] [[38;5;220mwarn[0m] BackgroundConfigAsyncJobExecutionActor [[38;5;2m17899b18[0mVariantCalling.HaplotypeCallerGATK4:22:1]: Unrecognized runtime attribute keys: preemptible, bootDiskSizeGb, disks, cpu, memory
[2026-04-08 06:41:46,36] [info] BackgroundConfigAsyncJobExecutionActor [[38;5;2m17899b18[0mVariantCalling.HaplotypeCallerGATK4:22:1]: [38;5;5mset -e

# We need at least 1 GB of available memory outside of the Java heap in order to execute native code, thus, limit
# Java's memory by the total memory minus 1 GB. We need to compute the total memory as it might differ from
# memory_size_gb because of Cromwell's retry with more memory feature.
mem_unit=$(echo "${MEM_UNIT:-}" | cut -c 1)

if [[ $mem_unit == "M" ]]; then
  available_memory_mb=$(awk "BEGIN {print int($MEM_SIZE)}")
elif [[ $mem_unit == "G" ]]; then
  available_memory_mb=$(awk "BEGIN {print int($MEM_SIZE * 1024)}")
else
  available_memory_mb=$(free -m | awk '/^Mem/ {print $2}')
fi

let java_memory_size_mb=available_memory_mb-1024
echo Total available memory: ${available_memory_mb} MB >&2
echo Memory reserved for Java: ${java_memory_size_mb} MB >&2

gatk --java-options "-Xmx300g -Xms300g -XX:GCTimeLimit=50 -XX:GCHeapFreeLimit=10" \
  HaplotypeCaller \
  -R /cromwell-executions1/WholeGenomeGermlineSingleSample/d3b27253-def8-4fcc-8159-f1f8d49265cf/call-BamToGvcf/VariantCalling/17899b18-eba4-4779-b361-f95638baf358/call-HaplotypeCallerGATK4/shard-22/inputs/-1569105944/Homo_sapiens_assembly38_masked.fasta \
  -I /cromwell-executions1/WholeGenomeGermlineSingleSample/d3b27253-def8-4fcc-8159-f1f8d49265cf/call-BamToGvcf/VariantCalling/17899b18-eba4-4779-b361-f95638baf358/call-HaplotypeCallerGATK4/shard-22/inputs/-861879968/ERR3684866_ILMN.bam \
  -L /cromwell-executions1/WholeGenomeGermlineSingleSample/d3b27253-def8-4fcc-8159-f1f8d49265cf/call-BamToGvcf/VariantCalling/17899b18-eba4-4779-b361-f95638baf358/call-HaplotypeCallerGATK4/shard-22/inputs/-718183620/30scattered.interval_list \
  -O ERR3684866_ILMN.g.vcf.gz \
  -contamination 0.0 \
  -G StandardAnnotation -G StandardHCAnnotation -G AS_StandardAnnotation \
  --dragen-mode \
   \
  --dragstr-params-path /cromwell-executions1/WholeGenomeGermlineSingleSample/d3b27253-def8-4fcc-8159-f1f8d49265cf/call-BamToGvcf/VariantCalling/17899b18-eba4-4779-b361-f95638baf358/call-HaplotypeCallerGATK4/shard-22/inputs/399900554/ERR3684866_ILMN.bam.dragstr \
  -GQB 10 -GQB 20 -GQB 30 -GQB 40 -GQB 50 -GQB 60 -GQB 70 -GQB 80 -GQB 90 \
  -ERC GVCF \
  

# Cromwell doesn't like optional task outputs, so we have to touch this file.
touch ERR3684866_ILMN.bamout.bam[0m
[2026-04-08 06:41:46,36] [info] BackgroundConfigAsyncJobExecutionActor [[38;5;2m17899b18[0mVariantCalling.HaplotypeCallerGATK4:22:1]: executing: # make sure there is no preexisting Docker CID file
rm -f /mnt/nas1/projects/lasr/blendseq/warp-pipelines/warp-gatk-germline-single-sample-pipeline-master/cromwell-executions1/WholeGenomeGermlineSingleSample/d3b27253-def8-4fcc-8159-f1f8d49265cf/call-BamToGvcf/VariantCalling/17899b18-eba4-4779-b361-f95638baf358/call-HaplotypeCallerGATK4/shard-22/execution/docker_cid
# run as in the original configuration without --rm flag (will remove later)
docker run \
  --cidfile /mnt/nas1/projects/lasr/blendseq/warp-pipelines/warp-gatk-germline-single-sample-pipeline-master/cromwell-executions1/WholeGenomeGermlineSingleSample/d3b27253-def8-4fcc-8159-f1f8d49265cf/call-BamToGvcf/VariantCalling/17899b18-eba4-4779-b361-f95638baf358/call-HaplotypeCallerGATK4/shard-22/execution/docker_cid \
  -i \
  --user 1027:1028 \
  --cpus="64" \
  --memory="409600m" \
  --entrypoint /bin/bash \
  -v /mnt/nas1/projects/lasr/blendseq/warp-pipelines/warp-gatk-germline-single-sample-pipeline-master/cromwell-executions1/WholeGenomeGermlineSingleSample/d3b27253-def8-4fcc-8159-f1f8d49265cf/call-BamToGvcf/VariantCalling/17899b18-eba4-4779-b361-f95638baf358/call-HaplotypeCallerGATK4/shard-22:/cromwell-executions1/WholeGenomeGermlineSingleSample/d3b27253-def8-4fcc-8159-f1f8d49265cf/call-BamToGvcf/VariantCalling/17899b18-eba4-4779-b361-f95638baf358/call-HaplotypeCallerGATK4/shard-22 \
  -v /mnt/nas1/projects/lasr/blendseq:/mnt/nas1/projects/lasr/blendseq \
  us.gcr.io/broad-gatk/gatk@sha256:c88912855b845bd40c6b4bc8f3dd1d4b333ed2549cd3e8386987ee7c0c284f5a /cromwell-executions1/WholeGenomeGermlineSingleSample/d3b27253-def8-4fcc-8159-f1f8d49265cf/call-BamToGvcf/VariantCalling/17899b18-eba4-4779-b361-f95638baf358/call-HaplotypeCallerGATK4/shard-22/execution/script

# get the return code (working even if the container was detached)
rc=$(docker wait [38;5;5mcat /mnt/nas1/projects/lasr/blendseq/warp-pipelines/warp-gatk-germline-single-sample-pipeline-master/cromwell-executions1/WholeGenomeGermlineSingleSample/d3b27253-def8-4fcc-8159-f1f8d49265cf/call-BamToGvcf/VariantCalling/17899b18-eba4-4779-b361-f95638baf358/call-HaplotypeCallerGATK4/shard-22/execution/docker_cid[0m)

# remove the container after waiting
docker rm [38;5;5mcat /mnt/nas1/projects/lasr/blendseq/warp-pipelines/warp-gatk-germline-single-sample-pipeline-master/cromwell-executions1/WholeGenomeGermlineSingleSample/d3b27253-def8-4fcc-8159-f1f8d49265cf/call-BamToGvcf/VariantCalling/17899b18-eba4-4779-b361-f95638baf358/call-HaplotypeCallerGATK4/shard-22/execution/docker_cid[0m

# return exit code
exit $rc
[2026-04-08 06:41:51,06] [info] BackgroundConfigAsyncJobExecutionActor [[38;5;2m17899b18[0mVariantCalling.HaplotypeCallerGATK4:22:1]: job id: 741686
[2026-04-08 06:41:51,07] [info] BackgroundConfigAsyncJobExecutionActor [[38;5;2m17899b18[0mVariantCalling.HaplotypeCallerGATK4:22:1]: Status change from - to WaitingForReturnCode
[2026-04-08 07:42:35,71] [info] BackgroundConfigAsyncJobExecutionActor [[38;5;2m17899b18[0mVariantCalling.HaplotypeCallerGATK4:22:1]: Status change from WaitingForReturnCode to Done
[2026-04-08 07:42:36,18] [info] Assigned new job execution tokens to the following groups: d3b27253: 1
[2026-04-08 07:42:36,20] [[38;5;220mwarn[0m] BackgroundConfigAsyncJobExecutionActor [[38;5;2m17899b18[0mVariantCalling.HaplotypeCallerGATK4:19:1]: Unrecognized runtime attribute keys: preemptible, bootDiskSizeGb, disks, cpu, memory
[2026-04-08 07:42:36,48] [info] BackgroundConfigAsyncJobExecutionActor [[38;5;2m17899b18[0mVariantCalling.HaplotypeCallerGATK4:19:1]: [38;5;5mset -e

# We need at least 1 GB of available memory outside of the Java heap in order to execute native code, thus, limit
# Java's memory by the total memory minus 1 GB. We need to compute the total memory as it might differ from
# memory_size_gb because of Cromwell's retry with more memory feature.
mem_unit=$(echo "${MEM_UNIT:-}" | cut -c 1)

if [[ $mem_unit == "M" ]]; then
  available_memory_mb=$(awk "BEGIN {print int($MEM_SIZE)}")
elif [[ $mem_unit == "G" ]]; then
  available_memory_mb=$(awk "BEGIN {print int($MEM_SIZE * 1024)}")
else
  available_memory_mb=$(free -m | awk '/^Mem/ {print $2}')
fi

let java_memory_size_mb=available_memory_mb-1024
echo Total available memory: ${available_memory_mb} MB >&2
echo Memory reserved for Java: ${java_memory_size_mb} MB >&2

gatk --java-options "-Xmx300g -Xms300g -XX:GCTimeLimit=50 -XX:GCHeapFreeLimit=10" \
  HaplotypeCaller \
  -R /cromwell-executions1/WholeGenomeGermlineSingleSample/d3b27253-def8-4fcc-8159-f1f8d49265cf/call-BamToGvcf/VariantCalling/17899b18-eba4-4779-b361-f95638baf358/call-HaplotypeCallerGATK4/shard-19/inputs/-1569105944/Homo_sapiens_assembly38_masked.fasta \
  -I /cromwell-executions1/WholeGenomeGermlineSingleSample/d3b27253-def8-4fcc-8159-f1f8d49265cf/call-BamToGvcf/VariantCalling/17899b18-eba4-4779-b361-f95638baf358/call-HaplotypeCallerGATK4/shard-19/inputs/-861879968/ERR3684866_ILMN.bam \
  -L /cromwell-executions1/WholeGenomeGermlineSingleSample/d3b27253-def8-4fcc-8159-f1f8d49265cf/call-BamToGvcf/VariantCalling/17899b18-eba4-4779-b361-f95638baf358/call-HaplotypeCallerGATK4/shard-19/inputs/-718183620/28scattered.interval_list \
  -O ERR3684866_ILMN.g.vcf.gz \
  -contamination 0.0 \
  -G StandardAnnotation -G StandardHCAnnotation -G AS_StandardAnnotation \
  --dragen-mode \
   \
  --dragstr-params-path /cromwell-executions1/WholeGenomeGermlineSingleSample/d3b27253-def8-4fcc-8159-f1f8d49265cf/call-BamToGvcf/VariantCalling/17899b18-eba4-4779-b361-f95638baf358/call-HaplotypeCallerGATK4/shard-19/inputs/399900554/ERR3684866_ILMN.bam.dragstr \
  -GQB 10 -GQB 20 -GQB 30 -GQB 40 -GQB 50 -GQB 60 -GQB 70 -GQB 80 -GQB 90 \
  -ERC GVCF \
  

# Cromwell doesn't like optional task outputs, so we have to touch this file.
touch ERR3684866_ILMN.bamout.bam[0m
[2026-04-08 07:42:36,49] [info] BackgroundConfigAsyncJobExecutionActor [[38;5;2m17899b18[0mVariantCalling.HaplotypeCallerGATK4:19:1]: executing: # make sure there is no preexisting Docker CID file
rm -f /mnt/nas1/projects/lasr/blendseq/warp-pipelines/warp-gatk-germline-single-sample-pipeline-master/cromwell-executions1/WholeGenomeGermlineSingleSample/d3b27253-def8-4fcc-8159-f1f8d49265cf/call-BamToGvcf/VariantCalling/17899b18-eba4-4779-b361-f95638baf358/call-HaplotypeCallerGATK4/shard-19/execution/docker_cid
# run as in the original configuration without --rm flag (will remove later)
docker run \
  --cidfile /mnt/nas1/projects/lasr/blendseq/warp-pipelines/warp-gatk-germline-single-sample-pipeline-master/cromwell-executions1/WholeGenomeGermlineSingleSample/d3b27253-def8-4fcc-8159-f1f8d49265cf/call-BamToGvcf/VariantCalling/17899b18-eba4-4779-b361-f95638baf358/call-HaplotypeCallerGATK4/shard-19/execution/docker_cid \
  -i \
  --user 1027:1028 \
  --cpus="64" \
  --memory="409600m" \
  --entrypoint /bin/bash \
  -v /mnt/nas1/projects/lasr/blendseq/warp-pipelines/warp-gatk-germline-single-sample-pipeline-master/cromwell-executions1/WholeGenomeGermlineSingleSample/d3b27253-def8-4fcc-8159-f1f8d49265cf/call-BamToGvcf/VariantCalling/17899b18-eba4-4779-b361-f95638baf358/call-HaplotypeCallerGATK4/shard-19:/cromwell-executions1/WholeGenomeGermlineSingleSample/d3b27253-def8-4fcc-8159-f1f8d49265cf/call-BamToGvcf/VariantCalling/17899b18-eba4-4779-b361-f95638baf358/call-HaplotypeCallerGATK4/shard-19 \
  -v /mnt/nas1/projects/lasr/blendseq:/mnt/nas1/projects/lasr/blendseq \
  us.gcr.io/broad-gatk/gatk@sha256:c88912855b845bd40c6b4bc8f3dd1d4b333ed2549cd3e8386987ee7c0c284f5a /cromwell-executions1/WholeGenomeGermlineSingleSample/d3b27253-def8-4fcc-8159-f1f8d49265cf/call-BamToGvcf/VariantCalling/17899b18-eba4-4779-b361-f95638baf358/call-HaplotypeCallerGATK4/shard-19/execution/script

# get the return code (working even if the container was detached)
rc=$(docker wait [38;5;5mcat /mnt/nas1/projects/lasr/blendseq/warp-pipelines/warp-gatk-germline-single-sample-pipeline-master/cromwell-executions1/WholeGenomeGermlineSingleSample/d3b27253-def8-4fcc-8159-f1f8d49265cf/call-BamToGvcf/VariantCalling/17899b18-eba4-4779-b361-f95638baf358/call-HaplotypeCallerGATK4/shard-19/execution/docker_cid[0m)

# remove the container after waiting
docker rm [38;5;5mcat /mnt/nas1/projects/lasr/blendseq/warp-pipelines/warp-gatk-germline-single-sample-pipeline-master/cromwell-executions1/WholeGenomeGermlineSingleSample/d3b27253-def8-4fcc-8159-f1f8d49265cf/call-BamToGvcf/VariantCalling/17899b18-eba4-4779-b361-f95638baf358/call-HaplotypeCallerGATK4/shard-19/execution/docker_cid[0m

# return exit code
exit $rc
[2026-04-08 07:42:36,92] [info] 17899b18-eba4-4779-b361-f95638baf358-SubWorkflowActor-SubWorkflow-BamToGvcf:-1:1 [[38;5;2m17899b18[0m]: Starting VariantCalling.DragenHardFilterVcf
[2026-04-08 07:42:41,07] [info] BackgroundConfigAsyncJobExecutionActor [[38;5;2m17899b18[0mVariantCalling.HaplotypeCallerGATK4:19:1]: job id: 742703
[2026-04-08 07:42:41,07] [info] BackgroundConfigAsyncJobExecutionActor [[38;5;2m17899b18[0mVariantCalling.HaplotypeCallerGATK4:19:1]: Status change from - to WaitingForReturnCode
[2026-04-08 08:42:27,09] [info] BackgroundConfigAsyncJobExecutionActor [[38;5;2m17899b18[0mVariantCalling.HaplotypeCallerGATK4:19:1]: Status change from WaitingForReturnCode to Done
[2026-04-08 08:42:28,36] [info] 17899b18-eba4-4779-b361-f95638baf358-SubWorkflowActor-SubWorkflow-BamToGvcf:-1:1 [[38;5;2m17899b18[0m]: Starting VariantCalling.DragenHardFilterVcf
[2026-04-08 08:42:36,18] [info] Assigned new job execution tokens to the following groups: d3b27253: 1
[2026-04-08 08:42:36,20] [[38;5;220mwarn[0m] BackgroundConfigAsyncJobExecutionActor [[38;5;2m17899b18[0mVariantCalling.HaplotypeCallerGATK4:26:1]: Unrecognized runtime attribute keys: preemptible, bootDiskSizeGb, disks, cpu, memory
[2026-04-08 08:42:36,37] [info] BackgroundConfigAsyncJobExecutionActor [[38;5;2m17899b18[0mVariantCalling.HaplotypeCallerGATK4:26:1]: [38;5;5mset -e

# We need at least 1 GB of available memory outside of the Java heap in order to execute native code, thus, limit
# Java's memory by the total memory minus 1 GB. We need to compute the total memory as it might differ from
# memory_size_gb because of Cromwell's retry with more memory feature.
mem_unit=$(echo "${MEM_UNIT:-}" | cut -c 1)

if [[ $mem_unit == "M" ]]; then
  available_memory_mb=$(awk "BEGIN {print int($MEM_SIZE)}")
elif [[ $mem_unit == "G" ]]; then
  available_memory_mb=$(awk "BEGIN {print int($MEM_SIZE * 1024)}")
else
  available_memory_mb=$(free -m | awk '/^Mem/ {print $2}')
fi

let java_memory_size_mb=available_memory_mb-1024
echo Total available memory: ${available_memory_mb} MB >&2
echo Memory reserved for Java: ${java_memory_size_mb} MB >&2

gatk --java-options "-Xmx300g -Xms300g -XX:GCTimeLimit=50 -XX:GCHeapFreeLimit=10" \
  HaplotypeCaller \
  -R /cromwell-executions1/WholeGenomeGermlineSingleSample/d3b27253-def8-4fcc-8159-f1f8d49265cf/call-BamToGvcf/VariantCalling/17899b18-eba4-4779-b361-f95638baf358/call-HaplotypeCallerGATK4/shard-26/inputs/-1569105944/Homo_sapiens_assembly38_masked.fasta \
  -I /cromwell-executions1/WholeGenomeGermlineSingleSample/d3b27253-def8-4fcc-8159-f1f8d49265cf/call-BamToGvcf/VariantCalling/17899b18-eba4-4779-b361-f95638baf358/call-HaplotypeCallerGATK4/shard-26/inputs/-861879968/ERR3684866_ILMN.bam \
  -L /cromwell-executions1/WholeGenomeGermlineSingleSample/d3b27253-def8-4fcc-8159-f1f8d49265cf/call-BamToGvcf/VariantCalling/17899b18-eba4-4779-b361-f95638baf358/call-HaplotypeCallerGATK4/shard-26/inputs/-718183620/34scattered.interval_list \
  -O ERR3684866_ILMN.g.vcf.gz \
  -contamination 0.0 \
  -G StandardAnnotation -G StandardHCAnnotation -G AS_StandardAnnotation \
  --dragen-mode \
   \
  --dragstr-params-path /cromwell-executions1/WholeGenomeGermlineSingleSample/d3b27253-def8-4fcc-8159-f1f8d49265cf/call-BamToGvcf/VariantCalling/17899b18-eba4-4779-b361-f95638baf358/call-HaplotypeCallerGATK4/shard-26/inputs/399900554/ERR3684866_ILMN.bam.dragstr \
  -GQB 10 -GQB 20 -GQB 30 -GQB 40 -GQB 50 -GQB 60 -GQB 70 -GQB 80 -GQB 90 \
  -ERC GVCF \
  

# Cromwell doesn't like optional task outputs, so we have to touch this file.
touch ERR3684866_ILMN.bamout.bam[0m
[2026-04-08 08:42:36,38] [info] BackgroundConfigAsyncJobExecutionActor [[38;5;2m17899b18[0mVariantCalling.HaplotypeCallerGATK4:26:1]: executing: # make sure there is no preexisting Docker CID file
rm -f /mnt/nas1/projects/lasr/blendseq/warp-pipelines/warp-gatk-germline-single-sample-pipeline-master/cromwell-executions1/WholeGenomeGermlineSingleSample/d3b27253-def8-4fcc-8159-f1f8d49265cf/call-BamToGvcf/VariantCalling/17899b18-eba4-4779-b361-f95638baf358/call-HaplotypeCallerGATK4/shard-26/execution/docker_cid
# run as in the original configuration without --rm flag (will remove later)
docker run \
  --cidfile /mnt/nas1/projects/lasr/blendseq/warp-pipelines/warp-gatk-germline-single-sample-pipeline-master/cromwell-executions1/WholeGenomeGermlineSingleSample/d3b27253-def8-4fcc-8159-f1f8d49265cf/call-BamToGvcf/VariantCalling/17899b18-eba4-4779-b361-f95638baf358/call-HaplotypeCallerGATK4/shard-26/execution/docker_cid \
  -i \
  --user 1027:1028 \
  --cpus="64" \
  --memory="409600m" \
  --entrypoint /bin/bash \
  -v /mnt/nas1/projects/lasr/blendseq/warp-pipelines/warp-gatk-germline-single-sample-pipeline-master/cromwell-executions1/WholeGenomeGermlineSingleSample/d3b27253-def8-4fcc-8159-f1f8d49265cf/call-BamToGvcf/VariantCalling/17899b18-eba4-4779-b361-f95638baf358/call-HaplotypeCallerGATK4/shard-26:/cromwell-executions1/WholeGenomeGermlineSingleSample/d3b27253-def8-4fcc-8159-f1f8d49265cf/call-BamToGvcf/VariantCalling/17899b18-eba4-4779-b361-f95638baf358/call-HaplotypeCallerGATK4/shard-26 \
  -v /mnt/nas1/projects/lasr/blendseq:/mnt/nas1/projects/lasr/blendseq \
  us.gcr.io/broad-gatk/gatk@sha256:c88912855b845bd40c6b4bc8f3dd1d4b333ed2549cd3e8386987ee7c0c284f5a /cromwell-executions1/WholeGenomeGermlineSingleSample/d3b27253-def8-4fcc-8159-f1f8d49265cf/call-BamToGvcf/VariantCalling/17899b18-eba4-4779-b361-f95638baf358/call-HaplotypeCallerGATK4/shard-26/execution/script

# get the return code (working even if the container was detached)
rc=$(docker wait [38;5;5mcat /mnt/nas1/projects/lasr/blendseq/warp-pipelines/warp-gatk-germline-single-sample-pipeline-master/cromwell-executions1/WholeGenomeGermlineSingleSample/d3b27253-def8-4fcc-8159-f1f8d49265cf/call-BamToGvcf/VariantCalling/17899b18-eba4-4779-b361-f95638baf358/call-HaplotypeCallerGATK4/shard-26/execution/docker_cid[0m)

# remove the container after waiting
docker rm [38;5;5mcat /mnt/nas1/projects/lasr/blendseq/warp-pipelines/warp-gatk-germline-single-sample-pipeline-master/cromwell-executions1/WholeGenomeGermlineSingleSample/d3b27253-def8-4fcc-8159-f1f8d49265cf/call-BamToGvcf/VariantCalling/17899b18-eba4-4779-b361-f95638baf358/call-HaplotypeCallerGATK4/shard-26/execution/docker_cid[0m

# return exit code
exit $rc
[2026-04-08 08:42:41,06] [info] BackgroundConfigAsyncJobExecutionActor [[38;5;2m17899b18[0mVariantCalling.HaplotypeCallerGATK4:26:1]: job id: 743847
[2026-04-08 08:42:41,07] [info] BackgroundConfigAsyncJobExecutionActor [[38;5;2m17899b18[0mVariantCalling.HaplotypeCallerGATK4:26:1]: Status change from - to WaitingForReturnCode
[2026-04-08 09:44:38,53] [info] BackgroundConfigAsyncJobExecutionActor [[38;5;2m17899b18[0mVariantCalling.HaplotypeCallerGATK4:26:1]: Status change from WaitingForReturnCode to Done
[2026-04-08 09:44:40,56] [info] 17899b18-eba4-4779-b361-f95638baf358-SubWorkflowActor-SubWorkflow-BamToGvcf:-1:1 [[38;5;2m17899b18[0m]: Starting VariantCalling.DragenHardFilterVcf
[2026-04-08 09:44:46,18] [info] Assigned new job execution tokens to the following groups: d3b27253: 1
[2026-04-08 09:44:46,20] [[38;5;220mwarn[0m] BackgroundConfigAsyncJobExecutionActor [[38;5;2m17899b18[0mVariantCalling.HaplotypeCallerGATK4:30:1]: Unrecognized runtime attribute keys: preemptible, bootDiskSizeGb, disks, cpu, memory
[2026-04-08 09:44:46,37] [info] BackgroundConfigAsyncJobExecutionActor [[38;5;2m17899b18[0mVariantCalling.HaplotypeCallerGATK4:30:1]: [38;5;5mset -e

# We need at least 1 GB of available memory outside of the Java heap in order to execute native code, thus, limit
# Java's memory by the total memory minus 1 GB. We need to compute the total memory as it might differ from
# memory_size_gb because of Cromwell's retry with more memory feature.
mem_unit=$(echo "${MEM_UNIT:-}" | cut -c 1)

if [[ $mem_unit == "M" ]]; then
  available_memory_mb=$(awk "BEGIN {print int($MEM_SIZE)}")
elif [[ $mem_unit == "G" ]]; then
  available_memory_mb=$(awk "BEGIN {print int($MEM_SIZE * 1024)}")
else
  available_memory_mb=$(free -m | awk '/^Mem/ {print $2}')
fi

let java_memory_size_mb=available_memory_mb-1024
echo Total available memory: ${available_memory_mb} MB >&2
echo Memory reserved for Java: ${java_memory_size_mb} MB >&2

gatk --java-options "-Xmx300g -Xms300g -XX:GCTimeLimit=50 -XX:GCHeapFreeLimit=10" \
  HaplotypeCaller \
  -R /cromwell-executions1/WholeGenomeGermlineSingleSample/d3b27253-def8-4fcc-8159-f1f8d49265cf/call-BamToGvcf/VariantCalling/17899b18-eba4-4779-b361-f95638baf358/call-HaplotypeCallerGATK4/shard-30/inputs/-1569105944/Homo_sapiens_assembly38_masked.fasta \
  -I /cromwell-executions1/WholeGenomeGermlineSingleSample/d3b27253-def8-4fcc-8159-f1f8d49265cf/call-BamToGvcf/VariantCalling/17899b18-eba4-4779-b361-f95638baf358/call-HaplotypeCallerGATK4/shard-30/inputs/-861879968/ERR3684866_ILMN.bam \
  -L /cromwell-executions1/WholeGenomeGermlineSingleSample/d3b27253-def8-4fcc-8159-f1f8d49265cf/call-BamToGvcf/VariantCalling/17899b18-eba4-4779-b361-f95638baf358/call-HaplotypeCallerGATK4/shard-30/inputs/-718183620/38scattered.interval_list \
  -O ERR3684866_ILMN.g.vcf.gz \
  -contamination 0.0 \
  -G StandardAnnotation -G StandardHCAnnotation -G AS_StandardAnnotation \
  --dragen-mode \
   \
  --dragstr-params-path /cromwell-executions1/WholeGenomeGermlineSingleSample/d3b27253-def8-4fcc-8159-f1f8d49265cf/call-BamToGvcf/VariantCalling/17899b18-eba4-4779-b361-f95638baf358/call-HaplotypeCallerGATK4/shard-30/inputs/399900554/ERR3684866_ILMN.bam.dragstr \
  -GQB 10 -GQB 20 -GQB 30 -GQB 40 -GQB 50 -GQB 60 -GQB 70 -GQB 80 -GQB 90 \
  -ERC GVCF \
  

# Cromwell doesn't like optional task outputs, so we have to touch this file.
touch ERR3684866_ILMN.bamout.bam[0m
[2026-04-08 09:44:46,37] [info] BackgroundConfigAsyncJobExecutionActor [[38;5;2m17899b18[0mVariantCalling.HaplotypeCallerGATK4:30:1]: executing: # make sure there is no preexisting Docker CID file
rm -f /mnt/nas1/projects/lasr/blendseq/warp-pipelines/warp-gatk-germline-single-sample-pipeline-master/cromwell-executions1/WholeGenomeGermlineSingleSample/d3b27253-def8-4fcc-8159-f1f8d49265cf/call-BamToGvcf/VariantCalling/17899b18-eba4-4779-b361-f95638baf358/call-HaplotypeCallerGATK4/shard-30/execution/docker_cid
# run as in the original configuration without --rm flag (will remove later)
docker run \
  --cidfile /mnt/nas1/projects/lasr/blendseq/warp-pipelines/warp-gatk-germline-single-sample-pipeline-master/cromwell-executions1/WholeGenomeGermlineSingleSample/d3b27253-def8-4fcc-8159-f1f8d49265cf/call-BamToGvcf/VariantCalling/17899b18-eba4-4779-b361-f95638baf358/call-HaplotypeCallerGATK4/shard-30/execution/docker_cid \
  -i \
  --user 1027:1028 \
  --cpus="64" \
  --memory="409600m" \
  --entrypoint /bin/bash \
  -v /mnt/nas1/projects/lasr/blendseq/warp-pipelines/warp-gatk-germline-single-sample-pipeline-master/cromwell-executions1/WholeGenomeGermlineSingleSample/d3b27253-def8-4fcc-8159-f1f8d49265cf/call-BamToGvcf/VariantCalling/17899b18-eba4-4779-b361-f95638baf358/call-HaplotypeCallerGATK4/shard-30:/cromwell-executions1/WholeGenomeGermlineSingleSample/d3b27253-def8-4fcc-8159-f1f8d49265cf/call-BamToGvcf/VariantCalling/17899b18-eba4-4779-b361-f95638baf358/call-HaplotypeCallerGATK4/shard-30 \
  -v /mnt/nas1/projects/lasr/blendseq:/mnt/nas1/projects/lasr/blendseq \
  us.gcr.io/broad-gatk/gatk@sha256:c88912855b845bd40c6b4bc8f3dd1d4b333ed2549cd3e8386987ee7c0c284f5a /cromwell-executions1/WholeGenomeGermlineSingleSample/d3b27253-def8-4fcc-8159-f1f8d49265cf/call-BamToGvcf/VariantCalling/17899b18-eba4-4779-b361-f95638baf358/call-HaplotypeCallerGATK4/shard-30/execution/script

# get the return code (working even if the container was detached)
rc=$(docker wait [38;5;5mcat /mnt/nas1/projects/lasr/blendseq/warp-pipelines/warp-gatk-germline-single-sample-pipeline-master/cromwell-executions1/WholeGenomeGermlineSingleSample/d3b27253-def8-4fcc-8159-f1f8d49265cf/call-BamToGvcf/VariantCalling/17899b18-eba4-4779-b361-f95638baf358/call-HaplotypeCallerGATK4/shard-30/execution/docker_cid[0m)

# remove the container after waiting
docker rm [38;5;5mcat /mnt/nas1/projects/lasr/blendseq/warp-pipelines/warp-gatk-germline-single-sample-pipeline-master/cromwell-executions1/WholeGenomeGermlineSingleSample/d3b27253-def8-4fcc-8159-f1f8d49265cf/call-BamToGvcf/VariantCalling/17899b18-eba4-4779-b361-f95638baf358/call-HaplotypeCallerGATK4/shard-30/execution/docker_cid[0m

# return exit code
exit $rc
[2026-04-08 09:44:51,07] [info] BackgroundConfigAsyncJobExecutionActor [[38;5;2m17899b18[0mVariantCalling.HaplotypeCallerGATK4:30:1]: job id: 744898
[2026-04-08 09:44:51,07] [info] BackgroundConfigAsyncJobExecutionActor [[38;5;2m17899b18[0mVariantCalling.HaplotypeCallerGATK4:30:1]: Status change from - to WaitingForReturnCode
[2026-04-08 10:46:25,49] [info] BackgroundConfigAsyncJobExecutionActor [[38;5;2m17899b18[0mVariantCalling.HaplotypeCallerGATK4:30:1]: Status change from WaitingForReturnCode to Done
[2026-04-08 10:46:26,18] [info] Assigned new job execution tokens to the following groups: d3b27253: 1
[2026-04-08 10:46:26,20] [[38;5;220mwarn[0m] BackgroundConfigAsyncJobExecutionActor [[38;5;2m17899b18[0mVariantCalling.HaplotypeCallerGATK4:13:1]: Unrecognized runtime attribute keys: preemptible, bootDiskSizeGb, disks, cpu, memory
[2026-04-08 10:46:26,36] [info] BackgroundConfigAsyncJobExecutionActor [[38;5;2m17899b18[0mVariantCalling.HaplotypeCallerGATK4:13:1]: [38;5;5mset -e

# We need at least 1 GB of available memory outside of the Java heap in order to execute native code, thus, limit
# Java's memory by the total memory minus 1 GB. We need to compute the total memory as it might differ from
# memory_size_gb because of Cromwell's retry with more memory feature.
mem_unit=$(echo "${MEM_UNIT:-}" | cut -c 1)

if [[ $mem_unit == "M" ]]; then
  available_memory_mb=$(awk "BEGIN {print int($MEM_SIZE)}")
elif [[ $mem_unit == "G" ]]; then
  available_memory_mb=$(awk "BEGIN {print int($MEM_SIZE * 1024)}")
else
  available_memory_mb=$(free -m | awk '/^Mem/ {print $2}')
fi

let java_memory_size_mb=available_memory_mb-1024
echo Total available memory: ${available_memory_mb} MB >&2
echo Memory reserved for Java: ${java_memory_size_mb} MB >&2

gatk --java-options "-Xmx300g -Xms300g -XX:GCTimeLimit=50 -XX:GCHeapFreeLimit=10" \
  HaplotypeCaller \
  -R /cromwell-executions1/WholeGenomeGermlineSingleSample/d3b27253-def8-4fcc-8159-f1f8d49265cf/call-BamToGvcf/VariantCalling/17899b18-eba4-4779-b361-f95638baf358/call-HaplotypeCallerGATK4/shard-13/inputs/-1569105944/Homo_sapiens_assembly38_masked.fasta \
  -I /cromwell-executions1/WholeGenomeGermlineSingleSample/d3b27253-def8-4fcc-8159-f1f8d49265cf/call-BamToGvcf/VariantCalling/17899b18-eba4-4779-b361-f95638baf358/call-HaplotypeCallerGATK4/shard-13/inputs/-861879968/ERR3684866_ILMN.bam \
  -L /cromwell-executions1/WholeGenomeGermlineSingleSample/d3b27253-def8-4fcc-8159-f1f8d49265cf/call-BamToGvcf/VariantCalling/17899b18-eba4-4779-b361-f95638baf358/call-HaplotypeCallerGATK4/shard-13/inputs/-718183620/22scattered.interval_list \
  -O ERR3684866_ILMN.g.vcf.gz \
  -contamination 0.0 \
  -G StandardAnnotation -G StandardHCAnnotation -G AS_StandardAnnotation \
  --dragen-mode \
   \
  --dragstr-params-path /cromwell-executions1/WholeGenomeGermlineSingleSample/d3b27253-def8-4fcc-8159-f1f8d49265cf/call-BamToGvcf/VariantCalling/17899b18-eba4-4779-b361-f95638baf358/call-HaplotypeCallerGATK4/shard-13/inputs/399900554/ERR3684866_ILMN.bam.dragstr \
  -GQB 10 -GQB 20 -GQB 30 -GQB 40 -GQB 50 -GQB 60 -GQB 70 -GQB 80 -GQB 90 \
  -ERC GVCF \
  

# Cromwell doesn't like optional task outputs, so we have to touch this file.
touch ERR3684866_ILMN.bamout.bam[0m
[2026-04-08 10:46:26,37] [info] BackgroundConfigAsyncJobExecutionActor [[38;5;2m17899b18[0mVariantCalling.HaplotypeCallerGATK4:13:1]: executing: # make sure there is no preexisting Docker CID file
rm -f /mnt/nas1/projects/lasr/blendseq/warp-pipelines/warp-gatk-germline-single-sample-pipeline-master/cromwell-executions1/WholeGenomeGermlineSingleSample/d3b27253-def8-4fcc-8159-f1f8d49265cf/call-BamToGvcf/VariantCalling/17899b18-eba4-4779-b361-f95638baf358/call-HaplotypeCallerGATK4/shard-13/execution/docker_cid
# run as in the original configuration without --rm flag (will remove later)
docker run \
  --cidfile /mnt/nas1/projects/lasr/blendseq/warp-pipelines/warp-gatk-germline-single-sample-pipeline-master/cromwell-executions1/WholeGenomeGermlineSingleSample/d3b27253-def8-4fcc-8159-f1f8d49265cf/call-BamToGvcf/VariantCalling/17899b18-eba4-4779-b361-f95638baf358/call-HaplotypeCallerGATK4/shard-13/execution/docker_cid \
  -i \
  --user 1027:1028 \
  --cpus="64" \
  --memory="409600m" \
  --entrypoint /bin/bash \
  -v /mnt/nas1/projects/lasr/blendseq/warp-pipelines/warp-gatk-germline-single-sample-pipeline-master/cromwell-executions1/WholeGenomeGermlineSingleSample/d3b27253-def8-4fcc-8159-f1f8d49265cf/call-BamToGvcf/VariantCalling/17899b18-eba4-4779-b361-f95638baf358/call-HaplotypeCallerGATK4/shard-13:/cromwell-executions1/WholeGenomeGermlineSingleSample/d3b27253-def8-4fcc-8159-f1f8d49265cf/call-BamToGvcf/VariantCalling/17899b18-eba4-4779-b361-f95638baf358/call-HaplotypeCallerGATK4/shard-13 \
  -v /mnt/nas1/projects/lasr/blendseq:/mnt/nas1/projects/lasr/blendseq \
  us.gcr.io/broad-gatk/gatk@sha256:c88912855b845bd40c6b4bc8f3dd1d4b333ed2549cd3e8386987ee7c0c284f5a /cromwell-executions1/WholeGenomeGermlineSingleSample/d3b27253-def8-4fcc-8159-f1f8d49265cf/call-BamToGvcf/VariantCalling/17899b18-eba4-4779-b361-f95638baf358/call-HaplotypeCallerGATK4/shard-13/execution/script

# get the return code (working even if the container was detached)
rc=$(docker wait [38;5;5mcat /mnt/nas1/projects/lasr/blendseq/warp-pipelines/warp-gatk-germline-single-sample-pipeline-master/cromwell-executions1/WholeGenomeGermlineSingleSample/d3b27253-def8-4fcc-8159-f1f8d49265cf/call-BamToGvcf/VariantCalling/17899b18-eba4-4779-b361-f95638baf358/call-HaplotypeCallerGATK4/shard-13/execution/docker_cid[0m)

# remove the container after waiting
docker rm [38;5;5mcat /mnt/nas1/projects/lasr/blendseq/warp-pipelines/warp-gatk-germline-single-sample-pipeline-master/cromwell-executions1/WholeGenomeGermlineSingleSample/d3b27253-def8-4fcc-8159-f1f8d49265cf/call-BamToGvcf/VariantCalling/17899b18-eba4-4779-b361-f95638baf358/call-HaplotypeCallerGATK4/shard-13/execution/docker_cid[0m

# return exit code
exit $rc
[2026-04-08 10:46:27,26] [info] 17899b18-eba4-4779-b361-f95638baf358-SubWorkflowActor-SubWorkflow-BamToGvcf:-1:1 [[38;5;2m17899b18[0m]: Starting VariantCalling.DragenHardFilterVcf
[2026-04-08 10:46:31,07] [info] BackgroundConfigAsyncJobExecutionActor [[38;5;2m17899b18[0mVariantCalling.HaplotypeCallerGATK4:13:1]: job id: 745976
[2026-04-08 10:46:31,07] [info] BackgroundConfigAsyncJobExecutionActor [[38;5;2m17899b18[0mVariantCalling.HaplotypeCallerGATK4:13:1]: Status change from - to WaitingForReturnCode
[2026-04-08 11:51:24,85] [info] BackgroundConfigAsyncJobExecutionActor [[38;5;2m17899b18[0mVariantCalling.HaplotypeCallerGATK4:13:1]: Status change from WaitingForReturnCode to Done
[2026-04-08 11:51:26,18] [info] Assigned new job execution tokens to the following groups: d3b27253: 1
[2026-04-08 11:51:26,20] [[38;5;220mwarn[0m] BackgroundConfigAsyncJobExecutionActor [[38;5;2m17899b18[0mVariantCalling.HaplotypeCallerGATK4:3:1]: Unrecognized runtime attribute keys: preemptible, bootDiskSizeGb, disks, cpu, memory
[2026-04-08 11:51:26,59] [info] BackgroundConfigAsyncJobExecutionActor [[38;5;2m17899b18[0mVariantCalling.HaplotypeCallerGATK4:3:1]: [38;5;5mset -e

# We need at least 1 GB of available memory outside of the Java heap in order to execute native code, thus, limit
# Java's memory by the total memory minus 1 GB. We need to compute the total memory as it might differ from
# memory_size_gb because of Cromwell's retry with more memory feature.
mem_unit=$(echo "${MEM_UNIT:-}" | cut -c 1)

if [[ $mem_unit == "M" ]]; then
  available_memory_mb=$(awk "BEGIN {print int($MEM_SIZE)}")
elif [[ $mem_unit == "G" ]]; then
  available_memory_mb=$(awk "BEGIN {print int($MEM_SIZE * 1024)}")
else
  available_memory_mb=$(free -m | awk '/^Mem/ {print $2}')
fi

let java_memory_size_mb=available_memory_mb-1024
echo Total available memory: ${available_memory_mb} MB >&2
echo Memory reserved for Java: ${java_memory_size_mb} MB >&2

gatk --java-options "-Xmx300g -Xms300g -XX:GCTimeLimit=50 -XX:GCHeapFreeLimit=10" \
  HaplotypeCaller \
  -R /cromwell-executions1/WholeGenomeGermlineSingleSample/d3b27253-def8-4fcc-8159-f1f8d49265cf/call-BamToGvcf/VariantCalling/17899b18-eba4-4779-b361-f95638baf358/call-HaplotypeCallerGATK4/shard-3/inputs/-1569105944/Homo_sapiens_assembly38_masked.fasta \
  -I /cromwell-executions1/WholeGenomeGermlineSingleSample/d3b27253-def8-4fcc-8159-f1f8d49265cf/call-BamToGvcf/VariantCalling/17899b18-eba4-4779-b361-f95638baf358/call-HaplotypeCallerGATK4/shard-3/inputs/-861879968/ERR3684866_ILMN.bam \
  -L /cromwell-executions1/WholeGenomeGermlineSingleSample/d3b27253-def8-4fcc-8159-f1f8d49265cf/call-BamToGvcf/VariantCalling/17899b18-eba4-4779-b361-f95638baf358/call-HaplotypeCallerGATK4/shard-3/inputs/-718183620/13scattered.interval_list \
  -O ERR3684866_ILMN.g.vcf.gz \
  -contamination 0.0 \
  -G StandardAnnotation -G StandardHCAnnotation -G AS_StandardAnnotation \
  --dragen-mode \
   \
  --dragstr-params-path /cromwell-executions1/WholeGenomeGermlineSingleSample/d3b27253-def8-4fcc-8159-f1f8d49265cf/call-BamToGvcf/VariantCalling/17899b18-eba4-4779-b361-f95638baf358/call-HaplotypeCallerGATK4/shard-3/inputs/399900554/ERR3684866_ILMN.bam.dragstr \
  -GQB 10 -GQB 20 -GQB 30 -GQB 40 -GQB 50 -GQB 60 -GQB 70 -GQB 80 -GQB 90 \
  -ERC GVCF \
  

# Cromwell doesn't like optional task outputs, so we have to touch this file.
touch ERR3684866_ILMN.bamout.bam[0m
[2026-04-08 11:51:26,60] [info] BackgroundConfigAsyncJobExecutionActor [[38;5;2m17899b18[0mVariantCalling.HaplotypeCallerGATK4:3:1]: executing: # make sure there is no preexisting Docker CID file
rm -f /mnt/nas1/projects/lasr/blendseq/warp-pipelines/warp-gatk-germline-single-sample-pipeline-master/cromwell-executions1/WholeGenomeGermlineSingleSample/d3b27253-def8-4fcc-8159-f1f8d49265cf/call-BamToGvcf/VariantCalling/17899b18-eba4-4779-b361-f95638baf358/call-HaplotypeCallerGATK4/shard-3/execution/docker_cid
# run as in the original configuration without --rm flag (will remove later)
docker run \
  --cidfile /mnt/nas1/projects/lasr/blendseq/warp-pipelines/warp-gatk-germline-single-sample-pipeline-master/cromwell-executions1/WholeGenomeGermlineSingleSample/d3b27253-def8-4fcc-8159-f1f8d49265cf/call-BamToGvcf/VariantCalling/17899b18-eba4-4779-b361-f95638baf358/call-HaplotypeCallerGATK4/shard-3/execution/docker_cid \
  -i \
  --user 1027:1028 \
  --cpus="64" \
  --memory="409600m" \
  --entrypoint /bin/bash \
  -v /mnt/nas1/projects/lasr/blendseq/warp-pipelines/warp-gatk-germline-single-sample-pipeline-master/cromwell-executions1/WholeGenomeGermlineSingleSample/d3b27253-def8-4fcc-8159-f1f8d49265cf/call-BamToGvcf/VariantCalling/17899b18-eba4-4779-b361-f95638baf358/call-HaplotypeCallerGATK4/shard-3:/cromwell-executions1/WholeGenomeGermlineSingleSample/d3b27253-def8-4fcc-8159-f1f8d49265cf/call-BamToGvcf/VariantCalling/17899b18-eba4-4779-b361-f95638baf358/call-HaplotypeCallerGATK4/shard-3 \
  -v /mnt/nas1/projects/lasr/blendseq:/mnt/nas1/projects/lasr/blendseq \
  us.gcr.io/broad-gatk/gatk@sha256:c88912855b845bd40c6b4bc8f3dd1d4b333ed2549cd3e8386987ee7c0c284f5a /cromwell-executions1/WholeGenomeGermlineSingleSample/d3b27253-def8-4fcc-8159-f1f8d49265cf/call-BamToGvcf/VariantCalling/17899b18-eba4-4779-b361-f95638baf358/call-HaplotypeCallerGATK4/shard-3/execution/script

# get the return code (working even if the container was detached)
rc=$(docker wait [38;5;5mcat /mnt/nas1/projects/lasr/blendseq/warp-pipelines/warp-gatk-germline-single-sample-pipeline-master/cromwell-executions1/WholeGenomeGermlineSingleSample/d3b27253-def8-4fcc-8159-f1f8d49265cf/call-BamToGvcf/VariantCalling/17899b18-eba4-4779-b361-f95638baf358/call-HaplotypeCallerGATK4/shard-3/execution/docker_cid[0m)

# remove the container after waiting
docker rm [38;5;5mcat /mnt/nas1/projects/lasr/blendseq/warp-pipelines/warp-gatk-germline-single-sample-pipeline-master/cromwell-executions1/WholeGenomeGermlineSingleSample/d3b27253-def8-4fcc-8159-f1f8d49265cf/call-BamToGvcf/VariantCalling/17899b18-eba4-4779-b361-f95638baf358/call-HaplotypeCallerGATK4/shard-3/execution/docker_cid[0m

# return exit code
exit $rc
[2026-04-08 11:51:26,74] [info] 17899b18-eba4-4779-b361-f95638baf358-SubWorkflowActor-SubWorkflow-BamToGvcf:-1:1 [[38;5;2m17899b18[0m]: Starting VariantCalling.DragenHardFilterVcf
[2026-04-08 11:51:31,06] [info] BackgroundConfigAsyncJobExecutionActor [[38;5;2m17899b18[0mVariantCalling.HaplotypeCallerGATK4:3:1]: job id: 747669
[2026-04-08 11:51:31,07] [info] BackgroundConfigAsyncJobExecutionActor [[38;5;2m17899b18[0mVariantCalling.HaplotypeCallerGATK4:3:1]: Status change from - to WaitingForReturnCode
[2026-04-08 13:05:23,99] [info] BackgroundConfigAsyncJobExecutionActor [[38;5;2m17899b18[0mVariantCalling.HaplotypeCallerGATK4:3:1]: Status change from WaitingForReturnCode to Done
[2026-04-08 13:05:25,80] [info] 17899b18-eba4-4779-b361-f95638baf358-SubWorkflowActor-SubWorkflow-BamToGvcf:-1:1 [[38;5;2m17899b18[0m]: Starting VariantCalling.DragenHardFilterVcf
[2026-04-08 13:05:26,18] [info] Assigned new job execution tokens to the following groups: d3b27253: 1
[2026-04-08 13:05:26,20] [[38;5;220mwarn[0m] BackgroundConfigAsyncJobExecutionActor [[38;5;2m17899b18[0mVariantCalling.HaplotypeCallerGATK4:38:1]: Unrecognized runtime attribute keys: preemptible, bootDiskSizeGb, disks, cpu, memory
[2026-04-08 13:05:26,40] [info] BackgroundConfigAsyncJobExecutionActor [[38;5;2m17899b18[0mVariantCalling.HaplotypeCallerGATK4:38:1]: [38;5;5mset -e

# We need at least 1 GB of available memory outside of the Java heap in order to execute native code, thus, limit
# Java's memory by the total memory minus 1 GB. We need to compute the total memory as it might differ from
# memory_size_gb because of Cromwell's retry with more memory feature.
mem_unit=$(echo "${MEM_UNIT:-}" | cut -c 1)

if [[ $mem_unit == "M" ]]; then
  available_memory_mb=$(awk "BEGIN {print int($MEM_SIZE)}")
elif [[ $mem_unit == "G" ]]; then
  available_memory_mb=$(awk "BEGIN {print int($MEM_SIZE * 1024)}")
else
  available_memory_mb=$(free -m | awk '/^Mem/ {print $2}')
fi

let java_memory_size_mb=available_memory_mb-1024
echo Total available memory: ${available_memory_mb} MB >&2
echo Memory reserved for Java: ${java_memory_size_mb} MB >&2

gatk --java-options "-Xmx300g -Xms300g -XX:GCTimeLimit=50 -XX:GCHeapFreeLimit=10" \
  HaplotypeCaller \
  -R /cromwell-executions1/WholeGenomeGermlineSingleSample/d3b27253-def8-4fcc-8159-f1f8d49265cf/call-BamToGvcf/VariantCalling/17899b18-eba4-4779-b361-f95638baf358/call-HaplotypeCallerGATK4/shard-38/inputs/-1569105944/Homo_sapiens_assembly38_masked.fasta \
  -I /cromwell-executions1/WholeGenomeGermlineSingleSample/d3b27253-def8-4fcc-8159-f1f8d49265cf/call-BamToGvcf/VariantCalling/17899b18-eba4-4779-b361-f95638baf358/call-HaplotypeCallerGATK4/shard-38/inputs/-861879968/ERR3684866_ILMN.bam \
  -L /cromwell-executions1/WholeGenomeGermlineSingleSample/d3b27253-def8-4fcc-8159-f1f8d49265cf/call-BamToGvcf/VariantCalling/17899b18-eba4-4779-b361-f95638baf358/call-HaplotypeCallerGATK4/shard-38/inputs/-718183620/45scattered.interval_list \
  -O ERR3684866_ILMN.g.vcf.gz \
  -contamination 0.0 \
  -G StandardAnnotation -G StandardHCAnnotation -G AS_StandardAnnotation \
  --dragen-mode \
   \
  --dragstr-params-path /cromwell-executions1/WholeGenomeGermlineSingleSample/d3b27253-def8-4fcc-8159-f1f8d49265cf/call-BamToGvcf/VariantCalling/17899b18-eba4-4779-b361-f95638baf358/call-HaplotypeCallerGATK4/shard-38/inputs/399900554/ERR3684866_ILMN.bam.dragstr \
  -GQB 10 -GQB 20 -GQB 30 -GQB 40 -GQB 50 -GQB 60 -GQB 70 -GQB 80 -GQB 90 \
  -ERC GVCF \
  

# Cromwell doesn't like optional task outputs, so we have to touch this file.
touch ERR3684866_ILMN.bamout.bam[0m
[2026-04-08 13:05:26,41] [info] BackgroundConfigAsyncJobExecutionActor [[38;5;2m17899b18[0mVariantCalling.HaplotypeCallerGATK4:38:1]: executing: # make sure there is no preexisting Docker CID file
rm -f /mnt/nas1/projects/lasr/blendseq/warp-pipelines/warp-gatk-germline-single-sample-pipeline-master/cromwell-executions1/WholeGenomeGermlineSingleSample/d3b27253-def8-4fcc-8159-f1f8d49265cf/call-BamToGvcf/VariantCalling/17899b18-eba4-4779-b361-f95638baf358/call-HaplotypeCallerGATK4/shard-38/execution/docker_cid
# run as in the original configuration without --rm flag (will remove later)
docker run \
  --cidfile /mnt/nas1/projects/lasr/blendseq/warp-pipelines/warp-gatk-germline-single-sample-pipeline-master/cromwell-executions1/WholeGenomeGermlineSingleSample/d3b27253-def8-4fcc-8159-f1f8d49265cf/call-BamToGvcf/VariantCalling/17899b18-eba4-4779-b361-f95638baf358/call-HaplotypeCallerGATK4/shard-38/execution/docker_cid \
  -i \
  --user 1027:1028 \
  --cpus="64" \
  --memory="409600m" \
  --entrypoint /bin/bash \
  -v /mnt/nas1/projects/lasr/blendseq/warp-pipelines/warp-gatk-germline-single-sample-pipeline-master/cromwell-executions1/WholeGenomeGermlineSingleSample/d3b27253-def8-4fcc-8159-f1f8d49265cf/call-BamToGvcf/VariantCalling/17899b18-eba4-4779-b361-f95638baf358/call-HaplotypeCallerGATK4/shard-38:/cromwell-executions1/WholeGenomeGermlineSingleSample/d3b27253-def8-4fcc-8159-f1f8d49265cf/call-BamToGvcf/VariantCalling/17899b18-eba4-4779-b361-f95638baf358/call-HaplotypeCallerGATK4/shard-38 \
  -v /mnt/nas1/projects/lasr/blendseq:/mnt/nas1/projects/lasr/blendseq \
  us.gcr.io/broad-gatk/gatk@sha256:c88912855b845bd40c6b4bc8f3dd1d4b333ed2549cd3e8386987ee7c0c284f5a /cromwell-executions1/WholeGenomeGermlineSingleSample/d3b27253-def8-4fcc-8159-f1f8d49265cf/call-BamToGvcf/VariantCalling/17899b18-eba4-4779-b361-f95638baf358/call-HaplotypeCallerGATK4/shard-38/execution/script

# get the return code (working even if the container was detached)
rc=$(docker wait [38;5;5mcat /mnt/nas1/projects/lasr/blendseq/warp-pipelines/warp-gatk-germline-single-sample-pipeline-master/cromwell-executions1/WholeGenomeGermlineSingleSample/d3b27253-def8-4fcc-8159-f1f8d49265cf/call-BamToGvcf/VariantCalling/17899b18-eba4-4779-b361-f95638baf358/call-HaplotypeCallerGATK4/shard-38/execution/docker_cid[0m)

# remove the container after waiting
docker rm [38;5;5mcat /mnt/nas1/projects/lasr/blendseq/warp-pipelines/warp-gatk-germline-single-sample-pipeline-master/cromwell-executions1/WholeGenomeGermlineSingleSample/d3b27253-def8-4fcc-8159-f1f8d49265cf/call-BamToGvcf/VariantCalling/17899b18-eba4-4779-b361-f95638baf358/call-HaplotypeCallerGATK4/shard-38/execution/docker_cid[0m

# return exit code
exit $rc
[2026-04-08 13:05:31,07] [info] BackgroundConfigAsyncJobExecutionActor [[38;5;2m17899b18[0mVariantCalling.HaplotypeCallerGATK4:38:1]: job id: 748892
[2026-04-08 13:05:31,07] [info] BackgroundConfigAsyncJobExecutionActor [[38;5;2m17899b18[0mVariantCalling.HaplotypeCallerGATK4:38:1]: Status change from - to WaitingForReturnCode
[2026-04-08 14:16:03,61] [info] BackgroundConfigAsyncJobExecutionActor [[38;5;2m17899b18[0mVariantCalling.HaplotypeCallerGATK4:38:1]: Status change from WaitingForReturnCode to Done
[2026-04-08 14:16:04,94] [info] 17899b18-eba4-4779-b361-f95638baf358-SubWorkflowActor-SubWorkflow-BamToGvcf:-1:1 [[38;5;2m17899b18[0m]: Starting VariantCalling.DragenHardFilterVcf
[2026-04-08 14:16:06,18] [info] Assigned new job execution tokens to the following groups: d3b27253: 1
[2026-04-08 14:16:06,20] [[38;5;220mwarn[0m] BackgroundConfigAsyncJobExecutionActor [[38;5;2m17899b18[0mVariantCalling.HaplotypeCallerGATK4:17:1]: Unrecognized runtime attribute keys: preemptible, bootDiskSizeGb, disks, cpu, memory
[2026-04-08 14:16:06,38] [info] BackgroundConfigAsyncJobExecutionActor [[38;5;2m17899b18[0mVariantCalling.HaplotypeCallerGATK4:17:1]: [38;5;5mset -e

# We need at least 1 GB of available memory outside of the Java heap in order to execute native code, thus, limit
# Java's memory by the total memory minus 1 GB. We need to compute the total memory as it might differ from
# memory_size_gb because of Cromwell's retry with more memory feature.
mem_unit=$(echo "${MEM_UNIT:-}" | cut -c 1)

if [[ $mem_unit == "M" ]]; then
  available_memory_mb=$(awk "BEGIN {print int($MEM_SIZE)}")
elif [[ $mem_unit == "G" ]]; then
  available_memory_mb=$(awk "BEGIN {print int($MEM_SIZE * 1024)}")
else
  available_memory_mb=$(free -m | awk '/^Mem/ {print $2}')
fi

let java_memory_size_mb=available_memory_mb-1024
echo Total available memory: ${available_memory_mb} MB >&2
echo Memory reserved for Java: ${java_memory_size_mb} MB >&2

gatk --java-options "-Xmx300g -Xms300g -XX:GCTimeLimit=50 -XX:GCHeapFreeLimit=10" \
  HaplotypeCaller \
  -R /cromwell-executions1/WholeGenomeGermlineSingleSample/d3b27253-def8-4fcc-8159-f1f8d49265cf/call-BamToGvcf/VariantCalling/17899b18-eba4-4779-b361-f95638baf358/call-HaplotypeCallerGATK4/shard-17/inputs/-1569105944/Homo_sapiens_assembly38_masked.fasta \
  -I /cromwell-executions1/WholeGenomeGermlineSingleSample/d3b27253-def8-4fcc-8159-f1f8d49265cf/call-BamToGvcf/VariantCalling/17899b18-eba4-4779-b361-f95638baf358/call-HaplotypeCallerGATK4/shard-17/inputs/-861879968/ERR3684866_ILMN.bam \
  -L /cromwell-executions1/WholeGenomeGermlineSingleSample/d3b27253-def8-4fcc-8159-f1f8d49265cf/call-BamToGvcf/VariantCalling/17899b18-eba4-4779-b361-f95638baf358/call-HaplotypeCallerGATK4/shard-17/inputs/-718183620/26scattered.interval_list \
  -O ERR3684866_ILMN.g.vcf.gz \
  -contamination 0.0 \
  -G StandardAnnotation -G StandardHCAnnotation -G AS_StandardAnnotation \
  --dragen-mode \
   \
  --dragstr-params-path /cromwell-executions1/WholeGenomeGermlineSingleSample/d3b27253-def8-4fcc-8159-f1f8d49265cf/call-BamToGvcf/VariantCalling/17899b18-eba4-4779-b361-f95638baf358/call-HaplotypeCallerGATK4/shard-17/inputs/399900554/ERR3684866_ILMN.bam.dragstr \
  -GQB 10 -GQB 20 -GQB 30 -GQB 40 -GQB 50 -GQB 60 -GQB 70 -GQB 80 -GQB 90 \
  -ERC GVCF \
  

# Cromwell doesn't like optional task outputs, so we have to touch this file.
touch ERR3684866_ILMN.bamout.bam[0m
[2026-04-08 14:16:06,39] [info] BackgroundConfigAsyncJobExecutionActor [[38;5;2m17899b18[0mVariantCalling.HaplotypeCallerGATK4:17:1]: executing: # make sure there is no preexisting Docker CID file
rm -f /mnt/nas1/projects/lasr/blendseq/warp-pipelines/warp-gatk-germline-single-sample-pipeline-master/cromwell-executions1/WholeGenomeGermlineSingleSample/d3b27253-def8-4fcc-8159-f1f8d49265cf/call-BamToGvcf/VariantCalling/17899b18-eba4-4779-b361-f95638baf358/call-HaplotypeCallerGATK4/shard-17/execution/docker_cid
# run as in the original configuration without --rm flag (will remove later)
docker run \
  --cidfile /mnt/nas1/projects/lasr/blendseq/warp-pipelines/warp-gatk-germline-single-sample-pipeline-master/cromwell-executions1/WholeGenomeGermlineSingleSample/d3b27253-def8-4fcc-8159-f1f8d49265cf/call-BamToGvcf/VariantCalling/17899b18-eba4-4779-b361-f95638baf358/call-HaplotypeCallerGATK4/shard-17/execution/docker_cid \
  -i \
  --user 1027:1028 \
  --cpus="64" \
  --memory="409600m" \
  --entrypoint /bin/bash \
  -v /mnt/nas1/projects/lasr/blendseq/warp-pipelines/warp-gatk-germline-single-sample-pipeline-master/cromwell-executions1/WholeGenomeGermlineSingleSample/d3b27253-def8-4fcc-8159-f1f8d49265cf/call-BamToGvcf/VariantCalling/17899b18-eba4-4779-b361-f95638baf358/call-HaplotypeCallerGATK4/shard-17:/cromwell-executions1/WholeGenomeGermlineSingleSample/d3b27253-def8-4fcc-8159-f1f8d49265cf/call-BamToGvcf/VariantCalling/17899b18-eba4-4779-b361-f95638baf358/call-HaplotypeCallerGATK4/shard-17 \
  -v /mnt/nas1/projects/lasr/blendseq:/mnt/nas1/projects/lasr/blendseq \
  us.gcr.io/broad-gatk/gatk@sha256:c88912855b845bd40c6b4bc8f3dd1d4b333ed2549cd3e8386987ee7c0c284f5a /cromwell-executions1/WholeGenomeGermlineSingleSample/d3b27253-def8-4fcc-8159-f1f8d49265cf/call-BamToGvcf/VariantCalling/17899b18-eba4-4779-b361-f95638baf358/call-HaplotypeCallerGATK4/shard-17/execution/script

# get the return code (working even if the container was detached)
rc=$(docker wait [38;5;5mcat /mnt/nas1/projects/lasr/blendseq/warp-pipelines/warp-gatk-germline-single-sample-pipeline-master/cromwell-executions1/WholeGenomeGermlineSingleSample/d3b27253-def8-4fcc-8159-f1f8d49265cf/call-BamToGvcf/VariantCalling/17899b18-eba4-4779-b361-f95638baf358/call-HaplotypeCallerGATK4/shard-17/execution/docker_cid[0m)

# remove the container after waiting
docker rm [38;5;5mcat /mnt/nas1/projects/lasr/blendseq/warp-pipelines/warp-gatk-germline-single-sample-pipeline-master/cromwell-executions1/WholeGenomeGermlineSingleSample/d3b27253-def8-4fcc-8159-f1f8d49265cf/call-BamToGvcf/VariantCalling/17899b18-eba4-4779-b361-f95638baf358/call-HaplotypeCallerGATK4/shard-17/execution/docker_cid[0m

# return exit code
exit $rc
[2026-04-08 14:16:11,07] [info] BackgroundConfigAsyncJobExecutionActor [[38;5;2m17899b18[0mVariantCalling.HaplotypeCallerGATK4:17:1]: job id: 750033
[2026-04-08 14:16:11,07] [info] BackgroundConfigAsyncJobExecutionActor [[38;5;2m17899b18[0mVariantCalling.HaplotypeCallerGATK4:17:1]: Status change from - to WaitingForReturnCode
[2026-04-08 15:13:09,98] [info] BackgroundConfigAsyncJobExecutionActor [[38;5;2m17899b18[0mVariantCalling.HaplotypeCallerGATK4:17:1]: Status change from WaitingForReturnCode to Done
[2026-04-08 15:13:11,14] [info] 17899b18-eba4-4779-b361-f95638baf358-SubWorkflowActor-SubWorkflow-BamToGvcf:-1:1 [[38;5;2m17899b18[0m]: Starting VariantCalling.DragenHardFilterVcf
[2026-04-08 15:13:16,18] [info] Assigned new job execution tokens to the following groups: d3b27253: 1
[2026-04-08 15:13:16,20] [[38;5;220mwarn[0m] BackgroundConfigAsyncJobExecutionActor [[38;5;2m17899b18[0mVariantCalling.HaplotypeCallerGATK4:27:1]: Unrecognized runtime attribute keys: preemptible, bootDiskSizeGb, disks, cpu, memory
[2026-04-08 15:13:16,37] [info] BackgroundConfigAsyncJobExecutionActor [[38;5;2m17899b18[0mVariantCalling.HaplotypeCallerGATK4:27:1]: [38;5;5mset -e

# We need at least 1 GB of available memory outside of the Java heap in order to execute native code, thus, limit
# Java's memory by the total memory minus 1 GB. We need to compute the total memory as it might differ from
# memory_size_gb because of Cromwell's retry with more memory feature.
mem_unit=$(echo "${MEM_UNIT:-}" | cut -c 1)

if [[ $mem_unit == "M" ]]; then
  available_memory_mb=$(awk "BEGIN {print int($MEM_SIZE)}")
elif [[ $mem_unit == "G" ]]; then
  available_memory_mb=$(awk "BEGIN {print int($MEM_SIZE * 1024)}")
else
  available_memory_mb=$(free -m | awk '/^Mem/ {print $2}')
fi

let java_memory_size_mb=available_memory_mb-1024
echo Total available memory: ${available_memory_mb} MB >&2
echo Memory reserved for Java: ${java_memory_size_mb} MB >&2

gatk --java-options "-Xmx300g -Xms300g -XX:GCTimeLimit=50 -XX:GCHeapFreeLimit=10" \
  HaplotypeCaller \
  -R /cromwell-executions1/WholeGenomeGermlineSingleSample/d3b27253-def8-4fcc-8159-f1f8d49265cf/call-BamToGvcf/VariantCalling/17899b18-eba4-4779-b361-f95638baf358/call-HaplotypeCallerGATK4/shard-27/inputs/-1569105944/Homo_sapiens_assembly38_masked.fasta \
  -I /cromwell-executions1/WholeGenomeGermlineSingleSample/d3b27253-def8-4fcc-8159-f1f8d49265cf/call-BamToGvcf/VariantCalling/17899b18-eba4-4779-b361-f95638baf358/call-HaplotypeCallerGATK4/shard-27/inputs/-861879968/ERR3684866_ILMN.bam \
  -L /cromwell-executions1/WholeGenomeGermlineSingleSample/d3b27253-def8-4fcc-8159-f1f8d49265cf/call-BamToGvcf/VariantCalling/17899b18-eba4-4779-b361-f95638baf358/call-HaplotypeCallerGATK4/shard-27/inputs/-718183620/35scattered.interval_list \
  -O ERR3684866_ILMN.g.vcf.gz \
  -contamination 0.0 \
  -G StandardAnnotation -G StandardHCAnnotation -G AS_StandardAnnotation \
  --dragen-mode \
   \
  --dragstr-params-path /cromwell-executions1/WholeGenomeGermlineSingleSample/d3b27253-def8-4fcc-8159-f1f8d49265cf/call-BamToGvcf/VariantCalling/17899b18-eba4-4779-b361-f95638baf358/call-HaplotypeCallerGATK4/shard-27/inputs/399900554/ERR3684866_ILMN.bam.dragstr \
  -GQB 10 -GQB 20 -GQB 30 -GQB 40 -GQB 50 -GQB 60 -GQB 70 -GQB 80 -GQB 90 \
  -ERC GVCF \
  

# Cromwell doesn't like optional task outputs, so we have to touch this file.
touch ERR3684866_ILMN.bamout.bam[0m
[2026-04-08 15:13:16,37] [info] BackgroundConfigAsyncJobExecutionActor [[38;5;2m17899b18[0mVariantCalling.HaplotypeCallerGATK4:27:1]: executing: # make sure there is no preexisting Docker CID file
rm -f /mnt/nas1/projects/lasr/blendseq/warp-pipelines/warp-gatk-germline-single-sample-pipeline-master/cromwell-executions1/WholeGenomeGermlineSingleSample/d3b27253-def8-4fcc-8159-f1f8d49265cf/call-BamToGvcf/VariantCalling/17899b18-eba4-4779-b361-f95638baf358/call-HaplotypeCallerGATK4/shard-27/execution/docker_cid
# run as in the original configuration without --rm flag (will remove later)
docker run \
  --cidfile /mnt/nas1/projects/lasr/blendseq/warp-pipelines/warp-gatk-germline-single-sample-pipeline-master/cromwell-executions1/WholeGenomeGermlineSingleSample/d3b27253-def8-4fcc-8159-f1f8d49265cf/call-BamToGvcf/VariantCalling/17899b18-eba4-4779-b361-f95638baf358/call-HaplotypeCallerGATK4/shard-27/execution/docker_cid \
  -i \
  --user 1027:1028 \
  --cpus="64" \
  --memory="409600m" \
  --entrypoint /bin/bash \
  -v /mnt/nas1/projects/lasr/blendseq/warp-pipelines/warp-gatk-germline-single-sample-pipeline-master/cromwell-executions1/WholeGenomeGermlineSingleSample/d3b27253-def8-4fcc-8159-f1f8d49265cf/call-BamToGvcf/VariantCalling/17899b18-eba4-4779-b361-f95638baf358/call-HaplotypeCallerGATK4/shard-27:/cromwell-executions1/WholeGenomeGermlineSingleSample/d3b27253-def8-4fcc-8159-f1f8d49265cf/call-BamToGvcf/VariantCalling/17899b18-eba4-4779-b361-f95638baf358/call-HaplotypeCallerGATK4/shard-27 \
  -v /mnt/nas1/projects/lasr/blendseq:/mnt/nas1/projects/lasr/blendseq \
  us.gcr.io/broad-gatk/gatk@sha256:c88912855b845bd40c6b4bc8f3dd1d4b333ed2549cd3e8386987ee7c0c284f5a /cromwell-executions1/WholeGenomeGermlineSingleSample/d3b27253-def8-4fcc-8159-f1f8d49265cf/call-BamToGvcf/VariantCalling/17899b18-eba4-4779-b361-f95638baf358/call-HaplotypeCallerGATK4/shard-27/execution/script

# get the return code (working even if the container was detached)
rc=$(docker wait [38;5;5mcat /mnt/nas1/projects/lasr/blendseq/warp-pipelines/warp-gatk-germline-single-sample-pipeline-master/cromwell-executions1/WholeGenomeGermlineSingleSample/d3b27253-def8-4fcc-8159-f1f8d49265cf/call-BamToGvcf/VariantCalling/17899b18-eba4-4779-b361-f95638baf358/call-HaplotypeCallerGATK4/shard-27/execution/docker_cid[0m)

# remove the container after waiting
docker rm [38;5;5mcat /mnt/nas1/projects/lasr/blendseq/warp-pipelines/warp-gatk-germline-single-sample-pipeline-master/cromwell-executions1/WholeGenomeGermlineSingleSample/d3b27253-def8-4fcc-8159-f1f8d49265cf/call-BamToGvcf/VariantCalling/17899b18-eba4-4779-b361-f95638baf358/call-HaplotypeCallerGATK4/shard-27/execution/docker_cid[0m

# return exit code
exit $rc
[2026-04-08 15:13:21,07] [info] BackgroundConfigAsyncJobExecutionActor [[38;5;2m17899b18[0mVariantCalling.HaplotypeCallerGATK4:27:1]: job id: 751037
[2026-04-08 15:13:21,07] [info] BackgroundConfigAsyncJobExecutionActor [[38;5;2m17899b18[0mVariantCalling.HaplotypeCallerGATK4:27:1]: Status change from - to WaitingForReturnCode
[2026-04-08 17:19:30,95] [info] BackgroundConfigAsyncJobExecutionActor [[38;5;2m17899b18[0mVariantCalling.HaplotypeCallerGATK4:27:1]: Status change from WaitingForReturnCode to Done
[2026-04-08 17:19:32,82] [info] 17899b18-eba4-4779-b361-f95638baf358-SubWorkflowActor-SubWorkflow-BamToGvcf:-1:1 [[38;5;2m17899b18[0m]: Starting VariantCalling.DragenHardFilterVcf
[2026-04-08 17:19:36,18] [info] Assigned new job execution tokens to the following groups: d3b27253: 1
[2026-04-08 17:19:36,20] [[38;5;220mwarn[0m] BackgroundConfigAsyncJobExecutionActor [[38;5;2m17899b18[0mVariantCalling.HaplotypeCallerGATK4:45:1]: Unrecognized runtime attribute keys: preemptible, bootDiskSizeGb, disks, cpu, memory
[2026-04-08 17:19:36,39] [info] BackgroundConfigAsyncJobExecutionActor [[38;5;2m17899b18[0mVariantCalling.HaplotypeCallerGATK4:45:1]: [38;5;5mset -e

# We need at least 1 GB of available memory outside of the Java heap in order to execute native code, thus, limit
# Java's memory by the total memory minus 1 GB. We need to compute the total memory as it might differ from
# memory_size_gb because of Cromwell's retry with more memory feature.
mem_unit=$(echo "${MEM_UNIT:-}" | cut -c 1)

if [[ $mem_unit == "M" ]]; then
  available_memory_mb=$(awk "BEGIN {print int($MEM_SIZE)}")
elif [[ $mem_unit == "G" ]]; then
  available_memory_mb=$(awk "BEGIN {print int($MEM_SIZE * 1024)}")
else
  available_memory_mb=$(free -m | awk '/^Mem/ {print $2}')
fi

let java_memory_size_mb=available_memory_mb-1024
echo Total available memory: ${available_memory_mb} MB >&2
echo Memory reserved for Java: ${java_memory_size_mb} MB >&2

gatk --java-options "-Xmx300g -Xms300g -XX:GCTimeLimit=50 -XX:GCHeapFreeLimit=10" \
  HaplotypeCaller \
  -R /cromwell-executions1/WholeGenomeGermlineSingleSample/d3b27253-def8-4fcc-8159-f1f8d49265cf/call-BamToGvcf/VariantCalling/17899b18-eba4-4779-b361-f95638baf358/call-HaplotypeCallerGATK4/shard-45/inputs/-1569105944/Homo_sapiens_assembly38_masked.fasta \
  -I /cromwell-executions1/WholeGenomeGermlineSingleSample/d3b27253-def8-4fcc-8159-f1f8d49265cf/call-BamToGvcf/VariantCalling/17899b18-eba4-4779-b361-f95638baf358/call-HaplotypeCallerGATK4/shard-45/inputs/-861879968/ERR3684866_ILMN.bam \
  -L /cromwell-executions1/WholeGenomeGermlineSingleSample/d3b27253-def8-4fcc-8159-f1f8d49265cf/call-BamToGvcf/VariantCalling/17899b18-eba4-4779-b361-f95638baf358/call-HaplotypeCallerGATK4/shard-45/inputs/-718183620/5scattered.interval_list \
  -O ERR3684866_ILMN.g.vcf.gz \
  -contamination 0.0 \
  -G StandardAnnotation -G StandardHCAnnotation -G AS_StandardAnnotation \
  --dragen-mode \
   \
  --dragstr-params-path /cromwell-executions1/WholeGenomeGermlineSingleSample/d3b27253-def8-4fcc-8159-f1f8d49265cf/call-BamToGvcf/VariantCalling/17899b18-eba4-4779-b361-f95638baf358/call-HaplotypeCallerGATK4/shard-45/inputs/399900554/ERR3684866_ILMN.bam.dragstr \
  -GQB 10 -GQB 20 -GQB 30 -GQB 40 -GQB 50 -GQB 60 -GQB 70 -GQB 80 -GQB 90 \
  -ERC GVCF \
  

# Cromwell doesn't like optional task outputs, so we have to touch this file.
touch ERR3684866_ILMN.bamout.bam[0m
[2026-04-08 17:19:36,40] [info] BackgroundConfigAsyncJobExecutionActor [[38;5;2m17899b18[0mVariantCalling.HaplotypeCallerGATK4:45:1]: executing: # make sure there is no preexisting Docker CID file
rm -f /mnt/nas1/projects/lasr/blendseq/warp-pipelines/warp-gatk-germline-single-sample-pipeline-master/cromwell-executions1/WholeGenomeGermlineSingleSample/d3b27253-def8-4fcc-8159-f1f8d49265cf/call-BamToGvcf/VariantCalling/17899b18-eba4-4779-b361-f95638baf358/call-HaplotypeCallerGATK4/shard-45/execution/docker_cid
# run as in the original configuration without --rm flag (will remove later)
docker run \
  --cidfile /mnt/nas1/projects/lasr/blendseq/warp-pipelines/warp-gatk-germline-single-sample-pipeline-master/cromwell-executions1/WholeGenomeGermlineSingleSample/d3b27253-def8-4fcc-8159-f1f8d49265cf/call-BamToGvcf/VariantCalling/17899b18-eba4-4779-b361-f95638baf358/call-HaplotypeCallerGATK4/shard-45/execution/docker_cid \
  -i \
  --user 1027:1028 \
  --cpus="64" \
  --memory="409600m" \
  --entrypoint /bin/bash \
  -v /mnt/nas1/projects/lasr/blendseq/warp-pipelines/warp-gatk-germline-single-sample-pipeline-master/cromwell-executions1/WholeGenomeGermlineSingleSample/d3b27253-def8-4fcc-8159-f1f8d49265cf/call-BamToGvcf/VariantCalling/17899b18-eba4-4779-b361-f95638baf358/call-HaplotypeCallerGATK4/shard-45:/cromwell-executions1/WholeGenomeGermlineSingleSample/d3b27253-def8-4fcc-8159-f1f8d49265cf/call-BamToGvcf/VariantCalling/17899b18-eba4-4779-b361-f95638baf358/call-HaplotypeCallerGATK4/shard-45 \
  -v /mnt/nas1/projects/lasr/blendseq:/mnt/nas1/projects/lasr/blendseq \
  us.gcr.io/broad-gatk/gatk@sha256:c88912855b845bd40c6b4bc8f3dd1d4b333ed2549cd3e8386987ee7c0c284f5a /cromwell-executions1/WholeGenomeGermlineSingleSample/d3b27253-def8-4fcc-8159-f1f8d49265cf/call-BamToGvcf/VariantCalling/17899b18-eba4-4779-b361-f95638baf358/call-HaplotypeCallerGATK4/shard-45/execution/script

# get the return code (working even if the container was detached)
rc=$(docker wait [38;5;5mcat /mnt/nas1/projects/lasr/blendseq/warp-pipelines/warp-gatk-germline-single-sample-pipeline-master/cromwell-executions1/WholeGenomeGermlineSingleSample/d3b27253-def8-4fcc-8159-f1f8d49265cf/call-BamToGvcf/VariantCalling/17899b18-eba4-4779-b361-f95638baf358/call-HaplotypeCallerGATK4/shard-45/execution/docker_cid[0m)

# remove the container after waiting
docker rm [38;5;5mcat /mnt/nas1/projects/lasr/blendseq/warp-pipelines/warp-gatk-germline-single-sample-pipeline-master/cromwell-executions1/WholeGenomeGermlineSingleSample/d3b27253-def8-4fcc-8159-f1f8d49265cf/call-BamToGvcf/VariantCalling/17899b18-eba4-4779-b361-f95638baf358/call-HaplotypeCallerGATK4/shard-45/execution/docker_cid[0m

# return exit code
exit $rc
[2026-04-08 17:19:41,06] [info] BackgroundConfigAsyncJobExecutionActor [[38;5;2m17899b18[0mVariantCalling.HaplotypeCallerGATK4:45:1]: job id: 752766
[2026-04-08 17:19:41,07] [info] BackgroundConfigAsyncJobExecutionActor [[38;5;2m17899b18[0mVariantCalling.HaplotypeCallerGATK4:45:1]: Status change from - to WaitingForReturnCode
[2026-04-08 18:17:27,60] [info] BackgroundConfigAsyncJobExecutionActor [[38;5;2m17899b18[0mVariantCalling.HaplotypeCallerGATK4:45:1]: Status change from WaitingForReturnCode to Done
[2026-04-08 18:17:29,00] [info] 17899b18-eba4-4779-b361-f95638baf358-SubWorkflowActor-SubWorkflow-BamToGvcf:-1:1 [[38;5;2m17899b18[0m]: Starting VariantCalling.DragenHardFilterVcf
[2026-04-08 18:17:36,18] [info] Assigned new job execution tokens to the following groups: d3b27253: 1
[2026-04-08 18:17:36,20] [[38;5;220mwarn[0m] BackgroundConfigAsyncJobExecutionActor [[38;5;2m17899b18[0mVariantCalling.HaplotypeCallerGATK4:33:1]: Unrecognized runtime attribute keys: preemptible, bootDiskSizeGb, disks, cpu, memory
[2026-04-08 18:17:36,42] [info] BackgroundConfigAsyncJobExecutionActor [[38;5;2m17899b18[0mVariantCalling.HaplotypeCallerGATK4:33:1]: [38;5;5mset -e

# We need at least 1 GB of available memory outside of the Java heap in order to execute native code, thus, limit
# Java's memory by the total memory minus 1 GB. We need to compute the total memory as it might differ from
# memory_size_gb because of Cromwell's retry with more memory feature.
mem_unit=$(echo "${MEM_UNIT:-}" | cut -c 1)

if [[ $mem_unit == "M" ]]; then
  available_memory_mb=$(awk "BEGIN {print int($MEM_SIZE)}")
elif [[ $mem_unit == "G" ]]; then
  available_memory_mb=$(awk "BEGIN {print int($MEM_SIZE * 1024)}")
else
  available_memory_mb=$(free -m | awk '/^Mem/ {print $2}')
fi

let java_memory_size_mb=available_memory_mb-1024
echo Total available memory: ${available_memory_mb} MB >&2
echo Memory reserved for Java: ${java_memory_size_mb} MB >&2

gatk --java-options "-Xmx300g -Xms300g -XX:GCTimeLimit=50 -XX:GCHeapFreeLimit=10" \
  HaplotypeCaller \
  -R /cromwell-executions1/WholeGenomeGermlineSingleSample/d3b27253-def8-4fcc-8159-f1f8d49265cf/call-BamToGvcf/VariantCalling/17899b18-eba4-4779-b361-f95638baf358/call-HaplotypeCallerGATK4/shard-33/inputs/-1569105944/Homo_sapiens_assembly38_masked.fasta \
  -I /cromwell-executions1/WholeGenomeGermlineSingleSample/d3b27253-def8-4fcc-8159-f1f8d49265cf/call-BamToGvcf/VariantCalling/17899b18-eba4-4779-b361-f95638baf358/call-HaplotypeCallerGATK4/shard-33/inputs/-861879968/ERR3684866_ILMN.bam \
  -L /cromwell-executions1/WholeGenomeGermlineSingleSample/d3b27253-def8-4fcc-8159-f1f8d49265cf/call-BamToGvcf/VariantCalling/17899b18-eba4-4779-b361-f95638baf358/call-HaplotypeCallerGATK4/shard-33/inputs/-718183620/40scattered.interval_list \
  -O ERR3684866_ILMN.g.vcf.gz \
  -contamination 0.0 \
  -G StandardAnnotation -G StandardHCAnnotation -G AS_StandardAnnotation \
  --dragen-mode \
   \
  --dragstr-params-path /cromwell-executions1/WholeGenomeGermlineSingleSample/d3b27253-def8-4fcc-8159-f1f8d49265cf/call-BamToGvcf/VariantCalling/17899b18-eba4-4779-b361-f95638baf358/call-HaplotypeCallerGATK4/shard-33/inputs/399900554/ERR3684866_ILMN.bam.dragstr \
  -GQB 10 -GQB 20 -GQB 30 -GQB 40 -GQB 50 -GQB 60 -GQB 70 -GQB 80 -GQB 90 \
  -ERC GVCF \
  

# Cromwell doesn't like optional task outputs, so we have to touch this file.
touch ERR3684866_ILMN.bamout.bam[0m
[2026-04-08 18:17:36,42] [info] BackgroundConfigAsyncJobExecutionActor [[38;5;2m17899b18[0mVariantCalling.HaplotypeCallerGATK4:33:1]: executing: # make sure there is no preexisting Docker CID file
rm -f /mnt/nas1/projects/lasr/blendseq/warp-pipelines/warp-gatk-germline-single-sample-pipeline-master/cromwell-executions1/WholeGenomeGermlineSingleSample/d3b27253-def8-4fcc-8159-f1f8d49265cf/call-BamToGvcf/VariantCalling/17899b18-eba4-4779-b361-f95638baf358/call-HaplotypeCallerGATK4/shard-33/execution/docker_cid
# run as in the original configuration without --rm flag (will remove later)
docker run \
  --cidfile /mnt/nas1/projects/lasr/blendseq/warp-pipelines/warp-gatk-germline-single-sample-pipeline-master/cromwell-executions1/WholeGenomeGermlineSingleSample/d3b27253-def8-4fcc-8159-f1f8d49265cf/call-BamToGvcf/VariantCalling/17899b18-eba4-4779-b361-f95638baf358/call-HaplotypeCallerGATK4/shard-33/execution/docker_cid \
  -i \
  --user 1027:1028 \
  --cpus="64" \
  --memory="409600m" \
  --entrypoint /bin/bash \
  -v /mnt/nas1/projects/lasr/blendseq/warp-pipelines/warp-gatk-germline-single-sample-pipeline-master/cromwell-executions1/WholeGenomeGermlineSingleSample/d3b27253-def8-4fcc-8159-f1f8d49265cf/call-BamToGvcf/VariantCalling/17899b18-eba4-4779-b361-f95638baf358/call-HaplotypeCallerGATK4/shard-33:/cromwell-executions1/WholeGenomeGermlineSingleSample/d3b27253-def8-4fcc-8159-f1f8d49265cf/call-BamToGvcf/VariantCalling/17899b18-eba4-4779-b361-f95638baf358/call-HaplotypeCallerGATK4/shard-33 \
  -v /mnt/nas1/projects/lasr/blendseq:/mnt/nas1/projects/lasr/blendseq \
  us.gcr.io/broad-gatk/gatk@sha256:c88912855b845bd40c6b4bc8f3dd1d4b333ed2549cd3e8386987ee7c0c284f5a /cromwell-executions1/WholeGenomeGermlineSingleSample/d3b27253-def8-4fcc-8159-f1f8d49265cf/call-BamToGvcf/VariantCalling/17899b18-eba4-4779-b361-f95638baf358/call-HaplotypeCallerGATK4/shard-33/execution/script

# get the return code (working even if the container was detached)
rc=$(docker wait [38;5;5mcat /mnt/nas1/projects/lasr/blendseq/warp-pipelines/warp-gatk-germline-single-sample-pipeline-master/cromwell-executions1/WholeGenomeGermlineSingleSample/d3b27253-def8-4fcc-8159-f1f8d49265cf/call-BamToGvcf/VariantCalling/17899b18-eba4-4779-b361-f95638baf358/call-HaplotypeCallerGATK4/shard-33/execution/docker_cid[0m)

# remove the container after waiting
docker rm [38;5;5mcat /mnt/nas1/projects/lasr/blendseq/warp-pipelines/warp-gatk-germline-single-sample-pipeline-master/cromwell-executions1/WholeGenomeGermlineSingleSample/d3b27253-def8-4fcc-8159-f1f8d49265cf/call-BamToGvcf/VariantCalling/17899b18-eba4-4779-b361-f95638baf358/call-HaplotypeCallerGATK4/shard-33/execution/docker_cid[0m

# return exit code
exit $rc
[2026-04-08 18:17:41,06] [info] BackgroundConfigAsyncJobExecutionActor [[38;5;2m17899b18[0mVariantCalling.HaplotypeCallerGATK4:33:1]: job id: 753936
[2026-04-08 18:17:41,07] [info] BackgroundConfigAsyncJobExecutionActor [[38;5;2m17899b18[0mVariantCalling.HaplotypeCallerGATK4:33:1]: Status change from - to WaitingForReturnCode
[2026-04-08 19:26:46,80] [info] BackgroundConfigAsyncJobExecutionActor [[38;5;2m17899b18[0mVariantCalling.HaplotypeCallerGATK4:33:1]: Status change from WaitingForReturnCode to Done
[2026-04-08 19:26:48,58] [info] 17899b18-eba4-4779-b361-f95638baf358-SubWorkflowActor-SubWorkflow-BamToGvcf:-1:1 [[38;5;2m17899b18[0m]: Starting VariantCalling.DragenHardFilterVcf
[2026-04-08 19:26:56,18] [info] Assigned new job execution tokens to the following groups: d3b27253: 1
[2026-04-08 19:26:56,20] [[38;5;220mwarn[0m] BackgroundConfigAsyncJobExecutionActor [[38;5;2m17899b18[0mVariantCalling.HaplotypeCallerGATK4:21:1]: Unrecognized runtime attribute keys: preemptible, bootDiskSizeGb, disks, cpu, memory
[2026-04-08 19:26:56,39] [info] BackgroundConfigAsyncJobExecutionActor [[38;5;2m17899b18[0mVariantCalling.HaplotypeCallerGATK4:21:1]: [38;5;5mset -e

# We need at least 1 GB of available memory outside of the Java heap in order to execute native code, thus, limit
# Java's memory by the total memory minus 1 GB. We need to compute the total memory as it might differ from
# memory_size_gb because of Cromwell's retry with more memory feature.
mem_unit=$(echo "${MEM_UNIT:-}" | cut -c 1)

if [[ $mem_unit == "M" ]]; then
  available_memory_mb=$(awk "BEGIN {print int($MEM_SIZE)}")
elif [[ $mem_unit == "G" ]]; then
  available_memory_mb=$(awk "BEGIN {print int($MEM_SIZE * 1024)}")
else
  available_memory_mb=$(free -m | awk '/^Mem/ {print $2}')
fi

let java_memory_size_mb=available_memory_mb-1024
echo Total available memory: ${available_memory_mb} MB >&2
echo Memory reserved for Java: ${java_memory_size_mb} MB >&2

gatk --java-options "-Xmx300g -Xms300g -XX:GCTimeLimit=50 -XX:GCHeapFreeLimit=10" \
  HaplotypeCaller \
  -R /cromwell-executions1/WholeGenomeGermlineSingleSample/d3b27253-def8-4fcc-8159-f1f8d49265cf/call-BamToGvcf/VariantCalling/17899b18-eba4-4779-b361-f95638baf358/call-HaplotypeCallerGATK4/shard-21/inputs/-1569105944/Homo_sapiens_assembly38_masked.fasta \
  -I /cromwell-executions1/WholeGenomeGermlineSingleSample/d3b27253-def8-4fcc-8159-f1f8d49265cf/call-BamToGvcf/VariantCalling/17899b18-eba4-4779-b361-f95638baf358/call-HaplotypeCallerGATK4/shard-21/inputs/-861879968/ERR3684866_ILMN.bam \
  -L /cromwell-executions1/WholeGenomeGermlineSingleSample/d3b27253-def8-4fcc-8159-f1f8d49265cf/call-BamToGvcf/VariantCalling/17899b18-eba4-4779-b361-f95638baf358/call-HaplotypeCallerGATK4/shard-21/inputs/-718183620/2scattered.interval_list \
  -O ERR3684866_ILMN.g.vcf.gz \
  -contamination 0.0 \
  -G StandardAnnotation -G StandardHCAnnotation -G AS_StandardAnnotation \
  --dragen-mode \
   \
  --dragstr-params-path /cromwell-executions1/WholeGenomeGermlineSingleSample/d3b27253-def8-4fcc-8159-f1f8d49265cf/call-BamToGvcf/VariantCalling/17899b18-eba4-4779-b361-f95638baf358/call-HaplotypeCallerGATK4/shard-21/inputs/399900554/ERR3684866_ILMN.bam.dragstr \
  -GQB 10 -GQB 20 -GQB 30 -GQB 40 -GQB 50 -GQB 60 -GQB 70 -GQB 80 -GQB 90 \
  -ERC GVCF \
  

# Cromwell doesn't like optional task outputs, so we have to touch this file.
touch ERR3684866_ILMN.bamout.bam[0m
[2026-04-08 19:26:56,39] [info] BackgroundConfigAsyncJobExecutionActor [[38;5;2m17899b18[0mVariantCalling.HaplotypeCallerGATK4:21:1]: executing: # make sure there is no preexisting Docker CID file
rm -f /mnt/nas1/projects/lasr/blendseq/warp-pipelines/warp-gatk-germline-single-sample-pipeline-master/cromwell-executions1/WholeGenomeGermlineSingleSample/d3b27253-def8-4fcc-8159-f1f8d49265cf/call-BamToGvcf/VariantCalling/17899b18-eba4-4779-b361-f95638baf358/call-HaplotypeCallerGATK4/shard-21/execution/docker_cid
# run as in the original configuration without --rm flag (will remove later)
docker run \
  --cidfile /mnt/nas1/projects/lasr/blendseq/warp-pipelines/warp-gatk-germline-single-sample-pipeline-master/cromwell-executions1/WholeGenomeGermlineSingleSample/d3b27253-def8-4fcc-8159-f1f8d49265cf/call-BamToGvcf/VariantCalling/17899b18-eba4-4779-b361-f95638baf358/call-HaplotypeCallerGATK4/shard-21/execution/docker_cid \
  -i \
  --user 1027:1028 \
  --cpus="64" \
  --memory="409600m" \
  --entrypoint /bin/bash \
  -v /mnt/nas1/projects/lasr/blendseq/warp-pipelines/warp-gatk-germline-single-sample-pipeline-master/cromwell-executions1/WholeGenomeGermlineSingleSample/d3b27253-def8-4fcc-8159-f1f8d49265cf/call-BamToGvcf/VariantCalling/17899b18-eba4-4779-b361-f95638baf358/call-HaplotypeCallerGATK4/shard-21:/cromwell-executions1/WholeGenomeGermlineSingleSample/d3b27253-def8-4fcc-8159-f1f8d49265cf/call-BamToGvcf/VariantCalling/17899b18-eba4-4779-b361-f95638baf358/call-HaplotypeCallerGATK4/shard-21 \
  -v /mnt/nas1/projects/lasr/blendseq:/mnt/nas1/projects/lasr/blendseq \
  us.gcr.io/broad-gatk/gatk@sha256:c88912855b845bd40c6b4bc8f3dd1d4b333ed2549cd3e8386987ee7c0c284f5a /cromwell-executions1/WholeGenomeGermlineSingleSample/d3b27253-def8-4fcc-8159-f1f8d49265cf/call-BamToGvcf/VariantCalling/17899b18-eba4-4779-b361-f95638baf358/call-HaplotypeCallerGATK4/shard-21/execution/script

# get the return code (working even if the container was detached)
rc=$(docker wait [38;5;5mcat /mnt/nas1/projects/lasr/blendseq/warp-pipelines/warp-gatk-germline-single-sample-pipeline-master/cromwell-executions1/WholeGenomeGermlineSingleSample/d3b27253-def8-4fcc-8159-f1f8d49265cf/call-BamToGvcf/VariantCalling/17899b18-eba4-4779-b361-f95638baf358/call-HaplotypeCallerGATK4/shard-21/execution/docker_cid[0m)

# remove the container after waiting
docker rm [38;5;5mcat /mnt/nas1/projects/lasr/blendseq/warp-pipelines/warp-gatk-germline-single-sample-pipeline-master/cromwell-executions1/WholeGenomeGermlineSingleSample/d3b27253-def8-4fcc-8159-f1f8d49265cf/call-BamToGvcf/VariantCalling/17899b18-eba4-4779-b361-f95638baf358/call-HaplotypeCallerGATK4/shard-21/execution/docker_cid[0m

# return exit code
exit $rc
[2026-04-08 19:27:01,07] [info] BackgroundConfigAsyncJobExecutionActor [[38;5;2m17899b18[0mVariantCalling.HaplotypeCallerGATK4:21:1]: job id: 755106
[2026-04-08 19:27:01,07] [info] BackgroundConfigAsyncJobExecutionActor [[38;5;2m17899b18[0mVariantCalling.HaplotypeCallerGATK4:21:1]: Status change from - to WaitingForReturnCode
[2026-04-08 20:19:52,68] [info] BackgroundConfigAsyncJobExecutionActor [[38;5;2m17899b18[0mVariantCalling.HaplotypeCallerGATK4:21:1]: Status change from WaitingForReturnCode to Done
[2026-04-08 20:19:54,06] [info] 17899b18-eba4-4779-b361-f95638baf358-SubWorkflowActor-SubWorkflow-BamToGvcf:-1:1 [[38;5;2m17899b18[0m]: Starting VariantCalling.DragenHardFilterVcf
[2026-04-08 20:19:56,18] [info] Assigned new job execution tokens to the following groups: d3b27253: 1
[2026-04-08 20:19:56,20] [[38;5;220mwarn[0m] BackgroundConfigAsyncJobExecutionActor [[38;5;2m17899b18[0mVariantCalling.HaplotypeCallerGATK4:8:1]: Unrecognized runtime attribute keys: preemptible, bootDiskSizeGb, disks, cpu, memory
[2026-04-08 20:19:56,48] [info] BackgroundConfigAsyncJobExecutionActor [[38;5;2m17899b18[0mVariantCalling.HaplotypeCallerGATK4:8:1]: [38;5;5mset -e

# We need at least 1 GB of available memory outside of the Java heap in order to execute native code, thus, limit
# Java's memory by the total memory minus 1 GB. We need to compute the total memory as it might differ from
# memory_size_gb because of Cromwell's retry with more memory feature.
mem_unit=$(echo "${MEM_UNIT:-}" | cut -c 1)

if [[ $mem_unit == "M" ]]; then
  available_memory_mb=$(awk "BEGIN {print int($MEM_SIZE)}")
elif [[ $mem_unit == "G" ]]; then
  available_memory_mb=$(awk "BEGIN {print int($MEM_SIZE * 1024)}")
else
  available_memory_mb=$(free -m | awk '/^Mem/ {print $2}')
fi

let java_memory_size_mb=available_memory_mb-1024
echo Total available memory: ${available_memory_mb} MB >&2
echo Memory reserved for Java: ${java_memory_size_mb} MB >&2

gatk --java-options "-Xmx300g -Xms300g -XX:GCTimeLimit=50 -XX:GCHeapFreeLimit=10" \
  HaplotypeCaller \
  -R /cromwell-executions1/WholeGenomeGermlineSingleSample/d3b27253-def8-4fcc-8159-f1f8d49265cf/call-BamToGvcf/VariantCalling/17899b18-eba4-4779-b361-f95638baf358/call-HaplotypeCallerGATK4/shard-8/inputs/-1569105944/Homo_sapiens_assembly38_masked.fasta \
  -I /cromwell-executions1/WholeGenomeGermlineSingleSample/d3b27253-def8-4fcc-8159-f1f8d49265cf/call-BamToGvcf/VariantCalling/17899b18-eba4-4779-b361-f95638baf358/call-HaplotypeCallerGATK4/shard-8/inputs/-861879968/ERR3684866_ILMN.bam \
  -L /cromwell-executions1/WholeGenomeGermlineSingleSample/d3b27253-def8-4fcc-8159-f1f8d49265cf/call-BamToGvcf/VariantCalling/17899b18-eba4-4779-b361-f95638baf358/call-HaplotypeCallerGATK4/shard-8/inputs/-718183620/18scattered.interval_list \
  -O ERR3684866_ILMN.g.vcf.gz \
  -contamination 0.0 \
  -G StandardAnnotation -G StandardHCAnnotation -G AS_StandardAnnotation \
  --dragen-mode \
   \
  --dragstr-params-path /cromwell-executions1/WholeGenomeGermlineSingleSample/d3b27253-def8-4fcc-8159-f1f8d49265cf/call-BamToGvcf/VariantCalling/17899b18-eba4-4779-b361-f95638baf358/call-HaplotypeCallerGATK4/shard-8/inputs/399900554/ERR3684866_ILMN.bam.dragstr \
  -GQB 10 -GQB 20 -GQB 30 -GQB 40 -GQB 50 -GQB 60 -GQB 70 -GQB 80 -GQB 90 \
  -ERC GVCF \
  

# Cromwell doesn't like optional task outputs, so we have to touch this file.
touch ERR3684866_ILMN.bamout.bam[0m
[2026-04-08 20:19:56,48] [info] BackgroundConfigAsyncJobExecutionActor [[38;5;2m17899b18[0mVariantCalling.HaplotypeCallerGATK4:8:1]: executing: # make sure there is no preexisting Docker CID file
rm -f /mnt/nas1/projects/lasr/blendseq/warp-pipelines/warp-gatk-germline-single-sample-pipeline-master/cromwell-executions1/WholeGenomeGermlineSingleSample/d3b27253-def8-4fcc-8159-f1f8d49265cf/call-BamToGvcf/VariantCalling/17899b18-eba4-4779-b361-f95638baf358/call-HaplotypeCallerGATK4/shard-8/execution/docker_cid
# run as in the original configuration without --rm flag (will remove later)
docker run \
  --cidfile /mnt/nas1/projects/lasr/blendseq/warp-pipelines/warp-gatk-germline-single-sample-pipeline-master/cromwell-executions1/WholeGenomeGermlineSingleSample/d3b27253-def8-4fcc-8159-f1f8d49265cf/call-BamToGvcf/VariantCalling/17899b18-eba4-4779-b361-f95638baf358/call-HaplotypeCallerGATK4/shard-8/execution/docker_cid \
  -i \
  --user 1027:1028 \
  --cpus="64" \
  --memory="409600m" \
  --entrypoint /bin/bash \
  -v /mnt/nas1/projects/lasr/blendseq/warp-pipelines/warp-gatk-germline-single-sample-pipeline-master/cromwell-executions1/WholeGenomeGermlineSingleSample/d3b27253-def8-4fcc-8159-f1f8d49265cf/call-BamToGvcf/VariantCalling/17899b18-eba4-4779-b361-f95638baf358/call-HaplotypeCallerGATK4/shard-8:/cromwell-executions1/WholeGenomeGermlineSingleSample/d3b27253-def8-4fcc-8159-f1f8d49265cf/call-BamToGvcf/VariantCalling/17899b18-eba4-4779-b361-f95638baf358/call-HaplotypeCallerGATK4/shard-8 \
  -v /mnt/nas1/projects/lasr/blendseq:/mnt/nas1/projects/lasr/blendseq \
  us.gcr.io/broad-gatk/gatk@sha256:c88912855b845bd40c6b4bc8f3dd1d4b333ed2549cd3e8386987ee7c0c284f5a /cromwell-executions1/WholeGenomeGermlineSingleSample/d3b27253-def8-4fcc-8159-f1f8d49265cf/call-BamToGvcf/VariantCalling/17899b18-eba4-4779-b361-f95638baf358/call-HaplotypeCallerGATK4/shard-8/execution/script

# get the return code (working even if the container was detached)
rc=$(docker wait [38;5;5mcat /mnt/nas1/projects/lasr/blendseq/warp-pipelines/warp-gatk-germline-single-sample-pipeline-master/cromwell-executions1/WholeGenomeGermlineSingleSample/d3b27253-def8-4fcc-8159-f1f8d49265cf/call-BamToGvcf/VariantCalling/17899b18-eba4-4779-b361-f95638baf358/call-HaplotypeCallerGATK4/shard-8/execution/docker_cid[0m)

# remove the container after waiting
docker rm [38;5;5mcat /mnt/nas1/projects/lasr/blendseq/warp-pipelines/warp-gatk-germline-single-sample-pipeline-master/cromwell-executions1/WholeGenomeGermlineSingleSample/d3b27253-def8-4fcc-8159-f1f8d49265cf/call-BamToGvcf/VariantCalling/17899b18-eba4-4779-b361-f95638baf358/call-HaplotypeCallerGATK4/shard-8/execution/docker_cid[0m

# return exit code
exit $rc
[2026-04-08 20:20:01,07] [info] BackgroundConfigAsyncJobExecutionActor [[38;5;2m17899b18[0mVariantCalling.HaplotypeCallerGATK4:8:1]: job id: 756065
[2026-04-08 20:20:01,07] [info] BackgroundConfigAsyncJobExecutionActor [[38;5;2m17899b18[0mVariantCalling.HaplotypeCallerGATK4:8:1]: Status change from - to WaitingForReturnCode
[2026-04-08 21:17:35,64] [info] BackgroundConfigAsyncJobExecutionActor [[38;5;2m17899b18[0mVariantCalling.HaplotypeCallerGATK4:8:1]: Status change from WaitingForReturnCode to Done
[2026-04-08 21:17:36,18] [info] Assigned new job execution tokens to the following groups: d3b27253: 1
[2026-04-08 21:17:36,20] [[38;5;220mwarn[0m] BackgroundConfigAsyncJobExecutionActor [[38;5;2m17899b18[0mVariantCalling.HaplotypeCallerGATK4:7:1]: Unrecognized runtime attribute keys: preemptible, bootDiskSizeGb, disks, cpu, memory
[2026-04-08 21:17:36,36] [info] BackgroundConfigAsyncJobExecutionActor [[38;5;2m17899b18[0mVariantCalling.HaplotypeCallerGATK4:7:1]: [38;5;5mset -e

# We need at least 1 GB of available memory outside of the Java heap in order to execute native code, thus, limit
# Java's memory by the total memory minus 1 GB. We need to compute the total memory as it might differ from
# memory_size_gb because of Cromwell's retry with more memory feature.
mem_unit=$(echo "${MEM_UNIT:-}" | cut -c 1)

if [[ $mem_unit == "M" ]]; then
  available_memory_mb=$(awk "BEGIN {print int($MEM_SIZE)}")
elif [[ $mem_unit == "G" ]]; then
  available_memory_mb=$(awk "BEGIN {print int($MEM_SIZE * 1024)}")
else
  available_memory_mb=$(free -m | awk '/^Mem/ {print $2}')
fi

let java_memory_size_mb=available_memory_mb-1024
echo Total available memory: ${available_memory_mb} MB >&2
echo Memory reserved for Java: ${java_memory_size_mb} MB >&2

gatk --java-options "-Xmx300g -Xms300g -XX:GCTimeLimit=50 -XX:GCHeapFreeLimit=10" \
  HaplotypeCaller \
  -R /cromwell-executions1/WholeGenomeGermlineSingleSample/d3b27253-def8-4fcc-8159-f1f8d49265cf/call-BamToGvcf/VariantCalling/17899b18-eba4-4779-b361-f95638baf358/call-HaplotypeCallerGATK4/shard-7/inputs/-1569105944/Homo_sapiens_assembly38_masked.fasta \
  -I /cromwell-executions1/WholeGenomeGermlineSingleSample/d3b27253-def8-4fcc-8159-f1f8d49265cf/call-BamToGvcf/VariantCalling/17899b18-eba4-4779-b361-f95638baf358/call-HaplotypeCallerGATK4/shard-7/inputs/-861879968/ERR3684866_ILMN.bam \
  -L /cromwell-executions1/WholeGenomeGermlineSingleSample/d3b27253-def8-4fcc-8159-f1f8d49265cf/call-BamToGvcf/VariantCalling/17899b18-eba4-4779-b361-f95638baf358/call-HaplotypeCallerGATK4/shard-7/inputs/-718183620/17scattered.interval_list \
  -O ERR3684866_ILMN.g.vcf.gz \
  -contamination 0.0 \
  -G StandardAnnotation -G StandardHCAnnotation -G AS_StandardAnnotation \
  --dragen-mode \
   \
  --dragstr-params-path /cromwell-executions1/WholeGenomeGermlineSingleSample/d3b27253-def8-4fcc-8159-f1f8d49265cf/call-BamToGvcf/VariantCalling/17899b18-eba4-4779-b361-f95638baf358/call-HaplotypeCallerGATK4/shard-7/inputs/399900554/ERR3684866_ILMN.bam.dragstr \
  -GQB 10 -GQB 20 -GQB 30 -GQB 40 -GQB 50 -GQB 60 -GQB 70 -GQB 80 -GQB 90 \
  -ERC GVCF \
  

# Cromwell doesn't like optional task outputs, so we have to touch this file.
touch ERR3684866_ILMN.bamout.bam[0m
[2026-04-08 21:17:36,37] [info] BackgroundConfigAsyncJobExecutionActor [[38;5;2m17899b18[0mVariantCalling.HaplotypeCallerGATK4:7:1]: executing: # make sure there is no preexisting Docker CID file
rm -f /mnt/nas1/projects/lasr/blendseq/warp-pipelines/warp-gatk-germline-single-sample-pipeline-master/cromwell-executions1/WholeGenomeGermlineSingleSample/d3b27253-def8-4fcc-8159-f1f8d49265cf/call-BamToGvcf/VariantCalling/17899b18-eba4-4779-b361-f95638baf358/call-HaplotypeCallerGATK4/shard-7/execution/docker_cid
# run as in the original configuration without --rm flag (will remove later)
docker run \
  --cidfile /mnt/nas1/projects/lasr/blendseq/warp-pipelines/warp-gatk-germline-single-sample-pipeline-master/cromwell-executions1/WholeGenomeGermlineSingleSample/d3b27253-def8-4fcc-8159-f1f8d49265cf/call-BamToGvcf/VariantCalling/17899b18-eba4-4779-b361-f95638baf358/call-HaplotypeCallerGATK4/shard-7/execution/docker_cid \
  -i \
  --user 1027:1028 \
  --cpus="64" \
  --memory="409600m" \
  --entrypoint /bin/bash \
  -v /mnt/nas1/projects/lasr/blendseq/warp-pipelines/warp-gatk-germline-single-sample-pipeline-master/cromwell-executions1/WholeGenomeGermlineSingleSample/d3b27253-def8-4fcc-8159-f1f8d49265cf/call-BamToGvcf/VariantCalling/17899b18-eba4-4779-b361-f95638baf358/call-HaplotypeCallerGATK4/shard-7:/cromwell-executions1/WholeGenomeGermlineSingleSample/d3b27253-def8-4fcc-8159-f1f8d49265cf/call-BamToGvcf/VariantCalling/17899b18-eba4-4779-b361-f95638baf358/call-HaplotypeCallerGATK4/shard-7 \
  -v /mnt/nas1/projects/lasr/blendseq:/mnt/nas1/projects/lasr/blendseq \
  us.gcr.io/broad-gatk/gatk@sha256:c88912855b845bd40c6b4bc8f3dd1d4b333ed2549cd3e8386987ee7c0c284f5a /cromwell-executions1/WholeGenomeGermlineSingleSample/d3b27253-def8-4fcc-8159-f1f8d49265cf/call-BamToGvcf/VariantCalling/17899b18-eba4-4779-b361-f95638baf358/call-HaplotypeCallerGATK4/shard-7/execution/script

# get the return code (working even if the container was detached)
rc=$(docker wait [38;5;5mcat /mnt/nas1/projects/lasr/blendseq/warp-pipelines/warp-gatk-germline-single-sample-pipeline-master/cromwell-executions1/WholeGenomeGermlineSingleSample/d3b27253-def8-4fcc-8159-f1f8d49265cf/call-BamToGvcf/VariantCalling/17899b18-eba4-4779-b361-f95638baf358/call-HaplotypeCallerGATK4/shard-7/execution/docker_cid[0m)

# remove the container after waiting
docker rm [38;5;5mcat /mnt/nas1/projects/lasr/blendseq/warp-pipelines/warp-gatk-germline-single-sample-pipeline-master/cromwell-executions1/WholeGenomeGermlineSingleSample/d3b27253-def8-4fcc-8159-f1f8d49265cf/call-BamToGvcf/VariantCalling/17899b18-eba4-4779-b361-f95638baf358/call-HaplotypeCallerGATK4/shard-7/execution/docker_cid[0m

# return exit code
exit $rc
[2026-04-08 21:17:36,98] [info] 17899b18-eba4-4779-b361-f95638baf358-SubWorkflowActor-SubWorkflow-BamToGvcf:-1:1 [[38;5;2m17899b18[0m]: Starting VariantCalling.DragenHardFilterVcf
[2026-04-08 21:17:41,06] [info] BackgroundConfigAsyncJobExecutionActor [[38;5;2m17899b18[0mVariantCalling.HaplotypeCallerGATK4:7:1]: job id: 757065
[2026-04-08 21:17:41,07] [info] BackgroundConfigAsyncJobExecutionActor [[38;5;2m17899b18[0mVariantCalling.HaplotypeCallerGATK4:7:1]: Status change from - to WaitingForReturnCode
[2026-04-08 22:28:43,36] [info] BackgroundConfigAsyncJobExecutionActor [[38;5;2m17899b18[0mVariantCalling.HaplotypeCallerGATK4:7:1]: Status change from WaitingForReturnCode to Done
[2026-04-08 22:28:44,68] [info] 17899b18-eba4-4779-b361-f95638baf358-SubWorkflowActor-SubWorkflow-BamToGvcf:-1:1 [[38;5;2m17899b18[0m]: Starting VariantCalling.DragenHardFilterVcf
[2026-04-08 22:28:46,18] [info] Assigned new job execution tokens to the following groups: d3b27253: 1
[2026-04-08 22:28:46,20] [[38;5;220mwarn[0m] BackgroundConfigAsyncJobExecutionActor [[38;5;2m17899b18[0mVariantCalling.HaplotypeCallerGATK4:24:1]: Unrecognized runtime attribute keys: preemptible, bootDiskSizeGb, disks, cpu, memory
[2026-04-08 22:28:46,37] [info] BackgroundConfigAsyncJobExecutionActor [[38;5;2m17899b18[0mVariantCalling.HaplotypeCallerGATK4:24:1]: [38;5;5mset -e

# We need at least 1 GB of available memory outside of the Java heap in order to execute native code, thus, limit
# Java's memory by the total memory minus 1 GB. We need to compute the total memory as it might differ from
# memory_size_gb because of Cromwell's retry with more memory feature.
mem_unit=$(echo "${MEM_UNIT:-}" | cut -c 1)

if [[ $mem_unit == "M" ]]; then
  available_memory_mb=$(awk "BEGIN {print int($MEM_SIZE)}")
elif [[ $mem_unit == "G" ]]; then
  available_memory_mb=$(awk "BEGIN {print int($MEM_SIZE * 1024)}")
else
  available_memory_mb=$(free -m | awk '/^Mem/ {print $2}')
fi

let java_memory_size_mb=available_memory_mb-1024
echo Total available memory: ${available_memory_mb} MB >&2
echo Memory reserved for Java: ${java_memory_size_mb} MB >&2

gatk --java-options "-Xmx300g -Xms300g -XX:GCTimeLimit=50 -XX:GCHeapFreeLimit=10" \
  HaplotypeCaller \
  -R /cromwell-executions1/WholeGenomeGermlineSingleSample/d3b27253-def8-4fcc-8159-f1f8d49265cf/call-BamToGvcf/VariantCalling/17899b18-eba4-4779-b361-f95638baf358/call-HaplotypeCallerGATK4/shard-24/inputs/-1569105944/Homo_sapiens_assembly38_masked.fasta \
  -I /cromwell-executions1/WholeGenomeGermlineSingleSample/d3b27253-def8-4fcc-8159-f1f8d49265cf/call-BamToGvcf/VariantCalling/17899b18-eba4-4779-b361-f95638baf358/call-HaplotypeCallerGATK4/shard-24/inputs/-861879968/ERR3684866_ILMN.bam \
  -L /cromwell-executions1/WholeGenomeGermlineSingleSample/d3b27253-def8-4fcc-8159-f1f8d49265cf/call-BamToGvcf/VariantCalling/17899b18-eba4-4779-b361-f95638baf358/call-HaplotypeCallerGATK4/shard-24/inputs/-718183620/32scattered.interval_list \
  -O ERR3684866_ILMN.g.vcf.gz \
  -contamination 0.0 \
  -G StandardAnnotation -G StandardHCAnnotation -G AS_StandardAnnotation \
  --dragen-mode \
   \
  --dragstr-params-path /cromwell-executions1/WholeGenomeGermlineSingleSample/d3b27253-def8-4fcc-8159-f1f8d49265cf/call-BamToGvcf/VariantCalling/17899b18-eba4-4779-b361-f95638baf358/call-HaplotypeCallerGATK4/shard-24/inputs/399900554/ERR3684866_ILMN.bam.dragstr \
  -GQB 10 -GQB 20 -GQB 30 -GQB 40 -GQB 50 -GQB 60 -GQB 70 -GQB 80 -GQB 90 \
  -ERC GVCF \
  

# Cromwell doesn't like optional task outputs, so we have to touch this file.
touch ERR3684866_ILMN.bamout.bam[0m
[2026-04-08 22:28:46,38] [info] BackgroundConfigAsyncJobExecutionActor [[38;5;2m17899b18[0mVariantCalling.HaplotypeCallerGATK4:24:1]: executing: # make sure there is no preexisting Docker CID file
rm -f /mnt/nas1/projects/lasr/blendseq/warp-pipelines/warp-gatk-germline-single-sample-pipeline-master/cromwell-executions1/WholeGenomeGermlineSingleSample/d3b27253-def8-4fcc-8159-f1f8d49265cf/call-BamToGvcf/VariantCalling/17899b18-eba4-4779-b361-f95638baf358/call-HaplotypeCallerGATK4/shard-24/execution/docker_cid
# run as in the original configuration without --rm flag (will remove later)
docker run \
  --cidfile /mnt/nas1/projects/lasr/blendseq/warp-pipelines/warp-gatk-germline-single-sample-pipeline-master/cromwell-executions1/WholeGenomeGermlineSingleSample/d3b27253-def8-4fcc-8159-f1f8d49265cf/call-BamToGvcf/VariantCalling/17899b18-eba4-4779-b361-f95638baf358/call-HaplotypeCallerGATK4/shard-24/execution/docker_cid \
  -i \
  --user 1027:1028 \
  --cpus="64" \
  --memory="409600m" \
  --entrypoint /bin/bash \
  -v /mnt/nas1/projects/lasr/blendseq/warp-pipelines/warp-gatk-germline-single-sample-pipeline-master/cromwell-executions1/WholeGenomeGermlineSingleSample/d3b27253-def8-4fcc-8159-f1f8d49265cf/call-BamToGvcf/VariantCalling/17899b18-eba4-4779-b361-f95638baf358/call-HaplotypeCallerGATK4/shard-24:/cromwell-executions1/WholeGenomeGermlineSingleSample/d3b27253-def8-4fcc-8159-f1f8d49265cf/call-BamToGvcf/VariantCalling/17899b18-eba4-4779-b361-f95638baf358/call-HaplotypeCallerGATK4/shard-24 \
  -v /mnt/nas1/projects/lasr/blendseq:/mnt/nas1/projects/lasr/blendseq \
  us.gcr.io/broad-gatk/gatk@sha256:c88912855b845bd40c6b4bc8f3dd1d4b333ed2549cd3e8386987ee7c0c284f5a /cromwell-executions1/WholeGenomeGermlineSingleSample/d3b27253-def8-4fcc-8159-f1f8d49265cf/call-BamToGvcf/VariantCalling/17899b18-eba4-4779-b361-f95638baf358/call-HaplotypeCallerGATK4/shard-24/execution/script

# get the return code (working even if the container was detached)
rc=$(docker wait [38;5;5mcat /mnt/nas1/projects/lasr/blendseq/warp-pipelines/warp-gatk-germline-single-sample-pipeline-master/cromwell-executions1/WholeGenomeGermlineSingleSample/d3b27253-def8-4fcc-8159-f1f8d49265cf/call-BamToGvcf/VariantCalling/17899b18-eba4-4779-b361-f95638baf358/call-HaplotypeCallerGATK4/shard-24/execution/docker_cid[0m)

# remove the container after waiting
docker rm [38;5;5mcat /mnt/nas1/projects/lasr/blendseq/warp-pipelines/warp-gatk-germline-single-sample-pipeline-master/cromwell-executions1/WholeGenomeGermlineSingleSample/d3b27253-def8-4fcc-8159-f1f8d49265cf/call-BamToGvcf/VariantCalling/17899b18-eba4-4779-b361-f95638baf358/call-HaplotypeCallerGATK4/shard-24/execution/docker_cid[0m

# return exit code
exit $rc
[2026-04-08 22:28:51,06] [info] BackgroundConfigAsyncJobExecutionActor [[38;5;2m17899b18[0mVariantCalling.HaplotypeCallerGATK4:24:1]: job id: 758216
[2026-04-08 22:28:51,07] [info] BackgroundConfigAsyncJobExecutionActor [[38;5;2m17899b18[0mVariantCalling.HaplotypeCallerGATK4:24:1]: Status change from - to WaitingForReturnCode
[2026-04-08 23:30:26,00] [info] BackgroundConfigAsyncJobExecutionActor [[38;5;2m17899b18[0mVariantCalling.HaplotypeCallerGATK4:24:1]: Status change from WaitingForReturnCode to Done
[2026-04-08 23:30:26,18] [info] Assigned new job execution tokens to the following groups: d3b27253: 1
[2026-04-08 23:30:26,20] [[38;5;220mwarn[0m] BackgroundConfigAsyncJobExecutionActor [[38;5;2m17899b18[0mVariantCalling.HaplotypeCallerGATK4:1:1]: Unrecognized runtime attribute keys: preemptible, bootDiskSizeGb, disks, cpu, memory
[2026-04-08 23:30:26,89] [info] BackgroundConfigAsyncJobExecutionActor [[38;5;2m17899b18[0mVariantCalling.HaplotypeCallerGATK4:1:1]: [38;5;5mset -e

# We need at least 1 GB of available memory outside of the Java heap in order to execute native code, thus, limit
# Java's memory by the total memory minus 1 GB. We need to compute the total memory as it might differ from
# memory_size_gb because of Cromwell's retry with more memory feature.
mem_unit=$(echo "${MEM_UNIT:-}" | cut -c 1)

if [[ $mem_unit == "M" ]]; then
  available_memory_mb=$(awk "BEGIN {print int($MEM_SIZE)}")
elif [[ $mem_unit == "G" ]]; then
  available_memory_mb=$(awk "BEGIN {print int($MEM_SIZE * 1024)}")
else
  available_memory_mb=$(free -m | awk '/^Mem/ {print $2}')
fi

let java_memory_size_mb=available_memory_mb-1024
echo Total available memory: ${available_memory_mb} MB >&2
echo Memory reserved for Java: ${java_memory_size_mb} MB >&2

gatk --java-options "-Xmx300g -Xms300g -XX:GCTimeLimit=50 -XX:GCHeapFreeLimit=10" \
  HaplotypeCaller \
  -R /cromwell-executions1/WholeGenomeGermlineSingleSample/d3b27253-def8-4fcc-8159-f1f8d49265cf/call-BamToGvcf/VariantCalling/17899b18-eba4-4779-b361-f95638baf358/call-HaplotypeCallerGATK4/shard-1/inputs/-1569105944/Homo_sapiens_assembly38_masked.fasta \
  -I /cromwell-executions1/WholeGenomeGermlineSingleSample/d3b27253-def8-4fcc-8159-f1f8d49265cf/call-BamToGvcf/VariantCalling/17899b18-eba4-4779-b361-f95638baf358/call-HaplotypeCallerGATK4/shard-1/inputs/-861879968/ERR3684866_ILMN.bam \
  -L /cromwell-executions1/WholeGenomeGermlineSingleSample/d3b27253-def8-4fcc-8159-f1f8d49265cf/call-BamToGvcf/VariantCalling/17899b18-eba4-4779-b361-f95638baf358/call-HaplotypeCallerGATK4/shard-1/inputs/-718183620/11scattered.interval_list \
  -O ERR3684866_ILMN.g.vcf.gz \
  -contamination 0.0 \
  -G StandardAnnotation -G StandardHCAnnotation -G AS_StandardAnnotation \
  --dragen-mode \
   \
  --dragstr-params-path /cromwell-executions1/WholeGenomeGermlineSingleSample/d3b27253-def8-4fcc-8159-f1f8d49265cf/call-BamToGvcf/VariantCalling/17899b18-eba4-4779-b361-f95638baf358/call-HaplotypeCallerGATK4/shard-1/inputs/399900554/ERR3684866_ILMN.bam.dragstr \
  -GQB 10 -GQB 20 -GQB 30 -GQB 40 -GQB 50 -GQB 60 -GQB 70 -GQB 80 -GQB 90 \
  -ERC GVCF \
  

# Cromwell doesn't like optional task outputs, so we have to touch this file.
touch ERR3684866_ILMN.bamout.bam[0m
[2026-04-08 23:30:26,90] [info] BackgroundConfigAsyncJobExecutionActor [[38;5;2m17899b18[0mVariantCalling.HaplotypeCallerGATK4:1:1]: executing: # make sure there is no preexisting Docker CID file
rm -f /mnt/nas1/projects/lasr/blendseq/warp-pipelines/warp-gatk-germline-single-sample-pipeline-master/cromwell-executions1/WholeGenomeGermlineSingleSample/d3b27253-def8-4fcc-8159-f1f8d49265cf/call-BamToGvcf/VariantCalling/17899b18-eba4-4779-b361-f95638baf358/call-HaplotypeCallerGATK4/shard-1/execution/docker_cid
# run as in the original configuration without --rm flag (will remove later)
docker run \
  --cidfile /mnt/nas1/projects/lasr/blendseq/warp-pipelines/warp-gatk-germline-single-sample-pipeline-master/cromwell-executions1/WholeGenomeGermlineSingleSample/d3b27253-def8-4fcc-8159-f1f8d49265cf/call-BamToGvcf/VariantCalling/17899b18-eba4-4779-b361-f95638baf358/call-HaplotypeCallerGATK4/shard-1/execution/docker_cid \
  -i \
  --user 1027:1028 \
  --cpus="64" \
  --memory="409600m" \
  --entrypoint /bin/bash \
  -v /mnt/nas1/projects/lasr/blendseq/warp-pipelines/warp-gatk-germline-single-sample-pipeline-master/cromwell-executions1/WholeGenomeGermlineSingleSample/d3b27253-def8-4fcc-8159-f1f8d49265cf/call-BamToGvcf/VariantCalling/17899b18-eba4-4779-b361-f95638baf358/call-HaplotypeCallerGATK4/shard-1:/cromwell-executions1/WholeGenomeGermlineSingleSample/d3b27253-def8-4fcc-8159-f1f8d49265cf/call-BamToGvcf/VariantCalling/17899b18-eba4-4779-b361-f95638baf358/call-HaplotypeCallerGATK4/shard-1 \
  -v /mnt/nas1/projects/lasr/blendseq:/mnt/nas1/projects/lasr/blendseq \
  us.gcr.io/broad-gatk/gatk@sha256:c88912855b845bd40c6b4bc8f3dd1d4b333ed2549cd3e8386987ee7c0c284f5a /cromwell-executions1/WholeGenomeGermlineSingleSample/d3b27253-def8-4fcc-8159-f1f8d49265cf/call-BamToGvcf/VariantCalling/17899b18-eba4-4779-b361-f95638baf358/call-HaplotypeCallerGATK4/shard-1/execution/script

# get the return code (working even if the container was detached)
rc=$(docker wait [38;5;5mcat /mnt/nas1/projects/lasr/blendseq/warp-pipelines/warp-gatk-germline-single-sample-pipeline-master/cromwell-executions1/WholeGenomeGermlineSingleSample/d3b27253-def8-4fcc-8159-f1f8d49265cf/call-BamToGvcf/VariantCalling/17899b18-eba4-4779-b361-f95638baf358/call-HaplotypeCallerGATK4/shard-1/execution/docker_cid[0m)

# remove the container after waiting
docker rm [38;5;5mcat /mnt/nas1/projects/lasr/blendseq/warp-pipelines/warp-gatk-germline-single-sample-pipeline-master/cromwell-executions1/WholeGenomeGermlineSingleSample/d3b27253-def8-4fcc-8159-f1f8d49265cf/call-BamToGvcf/VariantCalling/17899b18-eba4-4779-b361-f95638baf358/call-HaplotypeCallerGATK4/shard-1/execution/docker_cid[0m

# return exit code
exit $rc
[2026-04-08 23:30:27,30] [info] 17899b18-eba4-4779-b361-f95638baf358-SubWorkflowActor-SubWorkflow-BamToGvcf:-1:1 [[38;5;2m17899b18[0m]: Starting VariantCalling.DragenHardFilterVcf
[2026-04-08 23:30:31,07] [info] BackgroundConfigAsyncJobExecutionActor [[38;5;2m17899b18[0mVariantCalling.HaplotypeCallerGATK4:1:1]: job id: 759310
[2026-04-08 23:30:31,07] [info] BackgroundConfigAsyncJobExecutionActor [[38;5;2m17899b18[0mVariantCalling.HaplotypeCallerGATK4:1:1]: Status change from - to WaitingForReturnCode
[2026-04-09 00:25:42,55] [info] BackgroundConfigAsyncJobExecutionActor [[38;5;2m17899b18[0mVariantCalling.HaplotypeCallerGATK4:1:1]: Status change from WaitingForReturnCode to Done
[2026-04-09 00:25:44,36] [info] 17899b18-eba4-4779-b361-f95638baf358-SubWorkflowActor-SubWorkflow-BamToGvcf:-1:1 [[38;5;2m17899b18[0m]: Starting VariantCalling.DragenHardFilterVcf
[2026-04-09 00:25:46,18] [info] Assigned new job execution tokens to the following groups: d3b27253: 1
[2026-04-09 00:25:46,20] [[38;5;220mwarn[0m] BackgroundConfigAsyncJobExecutionActor [[38;5;2m17899b18[0mVariantCalling.HaplotypeCallerGATK4:0:1]: Unrecognized runtime attribute keys: preemptible, bootDiskSizeGb, disks, cpu, memory
[2026-04-09 00:25:46,66] [info] BackgroundConfigAsyncJobExecutionActor [[38;5;2m17899b18[0mVariantCalling.HaplotypeCallerGATK4:0:1]: [38;5;5mset -e

# We need at least 1 GB of available memory outside of the Java heap in order to execute native code, thus, limit
# Java's memory by the total memory minus 1 GB. We need to compute the total memory as it might differ from
# memory_size_gb because of Cromwell's retry with more memory feature.
mem_unit=$(echo "${MEM_UNIT:-}" | cut -c 1)

if [[ $mem_unit == "M" ]]; then
  available_memory_mb=$(awk "BEGIN {print int($MEM_SIZE)}")
elif [[ $mem_unit == "G" ]]; then
  available_memory_mb=$(awk "BEGIN {print int($MEM_SIZE * 1024)}")
else
  available_memory_mb=$(free -m | awk '/^Mem/ {print $2}')
fi

let java_memory_size_mb=available_memory_mb-1024
echo Total available memory: ${available_memory_mb} MB >&2
echo Memory reserved for Java: ${java_memory_size_mb} MB >&2

gatk --java-options "-Xmx300g -Xms300g -XX:GCTimeLimit=50 -XX:GCHeapFreeLimit=10" \
  HaplotypeCaller \
  -R /cromwell-executions1/WholeGenomeGermlineSingleSample/d3b27253-def8-4fcc-8159-f1f8d49265cf/call-BamToGvcf/VariantCalling/17899b18-eba4-4779-b361-f95638baf358/call-HaplotypeCallerGATK4/shard-0/inputs/-1569105944/Homo_sapiens_assembly38_masked.fasta \
  -I /cromwell-executions1/WholeGenomeGermlineSingleSample/d3b27253-def8-4fcc-8159-f1f8d49265cf/call-BamToGvcf/VariantCalling/17899b18-eba4-4779-b361-f95638baf358/call-HaplotypeCallerGATK4/shard-0/inputs/-861879968/ERR3684866_ILMN.bam \
  -L /cromwell-executions1/WholeGenomeGermlineSingleSample/d3b27253-def8-4fcc-8159-f1f8d49265cf/call-BamToGvcf/VariantCalling/17899b18-eba4-4779-b361-f95638baf358/call-HaplotypeCallerGATK4/shard-0/inputs/-718183620/10scattered.interval_list \
  -O ERR3684866_ILMN.g.vcf.gz \
  -contamination 0.0 \
  -G StandardAnnotation -G StandardHCAnnotation -G AS_StandardAnnotation \
  --dragen-mode \
   \
  --dragstr-params-path /cromwell-executions1/WholeGenomeGermlineSingleSample/d3b27253-def8-4fcc-8159-f1f8d49265cf/call-BamToGvcf/VariantCalling/17899b18-eba4-4779-b361-f95638baf358/call-HaplotypeCallerGATK4/shard-0/inputs/399900554/ERR3684866_ILMN.bam.dragstr \
  -GQB 10 -GQB 20 -GQB 30 -GQB 40 -GQB 50 -GQB 60 -GQB 70 -GQB 80 -GQB 90 \
  -ERC GVCF \
  

# Cromwell doesn't like optional task outputs, so we have to touch this file.
touch ERR3684866_ILMN.bamout.bam[0m
[2026-04-09 00:25:46,67] [info] BackgroundConfigAsyncJobExecutionActor [[38;5;2m17899b18[0mVariantCalling.HaplotypeCallerGATK4:0:1]: executing: # make sure there is no preexisting Docker CID file
rm -f /mnt/nas1/projects/lasr/blendseq/warp-pipelines/warp-gatk-germline-single-sample-pipeline-master/cromwell-executions1/WholeGenomeGermlineSingleSample/d3b27253-def8-4fcc-8159-f1f8d49265cf/call-BamToGvcf/VariantCalling/17899b18-eba4-4779-b361-f95638baf358/call-HaplotypeCallerGATK4/shard-0/execution/docker_cid
# run as in the original configuration without --rm flag (will remove later)
docker run \
  --cidfile /mnt/nas1/projects/lasr/blendseq/warp-pipelines/warp-gatk-germline-single-sample-pipeline-master/cromwell-executions1/WholeGenomeGermlineSingleSample/d3b27253-def8-4fcc-8159-f1f8d49265cf/call-BamToGvcf/VariantCalling/17899b18-eba4-4779-b361-f95638baf358/call-HaplotypeCallerGATK4/shard-0/execution/docker_cid \
  -i \
  --user 1027:1028 \
  --cpus="64" \
  --memory="409600m" \
  --entrypoint /bin/bash \
  -v /mnt/nas1/projects/lasr/blendseq/warp-pipelines/warp-gatk-germline-single-sample-pipeline-master/cromwell-executions1/WholeGenomeGermlineSingleSample/d3b27253-def8-4fcc-8159-f1f8d49265cf/call-BamToGvcf/VariantCalling/17899b18-eba4-4779-b361-f95638baf358/call-HaplotypeCallerGATK4/shard-0:/cromwell-executions1/WholeGenomeGermlineSingleSample/d3b27253-def8-4fcc-8159-f1f8d49265cf/call-BamToGvcf/VariantCalling/17899b18-eba4-4779-b361-f95638baf358/call-HaplotypeCallerGATK4/shard-0 \
  -v /mnt/nas1/projects/lasr/blendseq:/mnt/nas1/projects/lasr/blendseq \
  us.gcr.io/broad-gatk/gatk@sha256:c88912855b845bd40c6b4bc8f3dd1d4b333ed2549cd3e8386987ee7c0c284f5a /cromwell-executions1/WholeGenomeGermlineSingleSample/d3b27253-def8-4fcc-8159-f1f8d49265cf/call-BamToGvcf/VariantCalling/17899b18-eba4-4779-b361-f95638baf358/call-HaplotypeCallerGATK4/shard-0/execution/script

# get the return code (working even if the container was detached)
rc=$(docker wait [38;5;5mcat /mnt/nas1/projects/lasr/blendseq/warp-pipelines/warp-gatk-germline-single-sample-pipeline-master/cromwell-executions1/WholeGenomeGermlineSingleSample/d3b27253-def8-4fcc-8159-f1f8d49265cf/call-BamToGvcf/VariantCalling/17899b18-eba4-4779-b361-f95638baf358/call-HaplotypeCallerGATK4/shard-0/execution/docker_cid[0m)

# remove the container after waiting
docker rm [38;5;5mcat /mnt/nas1/projects/lasr/blendseq/warp-pipelines/warp-gatk-germline-single-sample-pipeline-master/cromwell-executions1/WholeGenomeGermlineSingleSample/d3b27253-def8-4fcc-8159-f1f8d49265cf/call-BamToGvcf/VariantCalling/17899b18-eba4-4779-b361-f95638baf358/call-HaplotypeCallerGATK4/shard-0/execution/docker_cid[0m

# return exit code
exit $rc
[2026-04-09 00:25:51,06] [info] BackgroundConfigAsyncJobExecutionActor [[38;5;2m17899b18[0mVariantCalling.HaplotypeCallerGATK4:0:1]: job id: 760404
[2026-04-09 00:25:51,07] [info] BackgroundConfigAsyncJobExecutionActor [[38;5;2m17899b18[0mVariantCalling.HaplotypeCallerGATK4:0:1]: Status change from - to WaitingForReturnCode
[2026-04-09 01:19:20,86] [info] BackgroundConfigAsyncJobExecutionActor [[38;5;2m17899b18[0mVariantCalling.HaplotypeCallerGATK4:0:1]: Status change from WaitingForReturnCode to Done
[2026-04-09 01:19:22,48] [info] 17899b18-eba4-4779-b361-f95638baf358-SubWorkflowActor-SubWorkflow-BamToGvcf:-1:1 [[38;5;2m17899b18[0m]: Starting VariantCalling.DragenHardFilterVcf
[2026-04-09 01:19:26,18] [info] Assigned new job execution tokens to the following groups: d3b27253: 1
[2026-04-09 01:19:26,20] [[38;5;220mwarn[0m] BackgroundConfigAsyncJobExecutionActor [[38;5;2m17899b18[0mVariantCalling.HaplotypeCallerGATK4:14:1]: Unrecognized runtime attribute keys: preemptible, bootDiskSizeGb, disks, cpu, memory
[2026-04-09 01:19:26,40] [info] BackgroundConfigAsyncJobExecutionActor [[38;5;2m17899b18[0mVariantCalling.HaplotypeCallerGATK4:14:1]: [38;5;5mset -e

# We need at least 1 GB of available memory outside of the Java heap in order to execute native code, thus, limit
# Java's memory by the total memory minus 1 GB. We need to compute the total memory as it might differ from
# memory_size_gb because of Cromwell's retry with more memory feature.
mem_unit=$(echo "${MEM_UNIT:-}" | cut -c 1)

if [[ $mem_unit == "M" ]]; then
  available_memory_mb=$(awk "BEGIN {print int($MEM_SIZE)}")
elif [[ $mem_unit == "G" ]]; then
  available_memory_mb=$(awk "BEGIN {print int($MEM_SIZE * 1024)}")
else
  available_memory_mb=$(free -m | awk '/^Mem/ {print $2}')
fi

let java_memory_size_mb=available_memory_mb-1024
echo Total available memory: ${available_memory_mb} MB >&2
echo Memory reserved for Java: ${java_memory_size_mb} MB >&2

gatk --java-options "-Xmx300g -Xms300g -XX:GCTimeLimit=50 -XX:GCHeapFreeLimit=10" \
  HaplotypeCaller \
  -R /cromwell-executions1/WholeGenomeGermlineSingleSample/d3b27253-def8-4fcc-8159-f1f8d49265cf/call-BamToGvcf/VariantCalling/17899b18-eba4-4779-b361-f95638baf358/call-HaplotypeCallerGATK4/shard-14/inputs/-1569105944/Homo_sapiens_assembly38_masked.fasta \
  -I /cromwell-executions1/WholeGenomeGermlineSingleSample/d3b27253-def8-4fcc-8159-f1f8d49265cf/call-BamToGvcf/VariantCalling/17899b18-eba4-4779-b361-f95638baf358/call-HaplotypeCallerGATK4/shard-14/inputs/-861879968/ERR3684866_ILMN.bam \
  -L /cromwell-executions1/WholeGenomeGermlineSingleSample/d3b27253-def8-4fcc-8159-f1f8d49265cf/call-BamToGvcf/VariantCalling/17899b18-eba4-4779-b361-f95638baf358/call-HaplotypeCallerGATK4/shard-14/inputs/-718183620/23scattered.interval_list \
  -O ERR3684866_ILMN.g.vcf.gz \
  -contamination 0.0 \
  -G StandardAnnotation -G StandardHCAnnotation -G AS_StandardAnnotation \
  --dragen-mode \
   \
  --dragstr-params-path /cromwell-executions1/WholeGenomeGermlineSingleSample/d3b27253-def8-4fcc-8159-f1f8d49265cf/call-BamToGvcf/VariantCalling/17899b18-eba4-4779-b361-f95638baf358/call-HaplotypeCallerGATK4/shard-14/inputs/399900554/ERR3684866_ILMN.bam.dragstr \
  -GQB 10 -GQB 20 -GQB 30 -GQB 40 -GQB 50 -GQB 60 -GQB 70 -GQB 80 -GQB 90 \
  -ERC GVCF \
  

# Cromwell doesn't like optional task outputs, so we have to touch this file.
touch ERR3684866_ILMN.bamout.bam[0m
[2026-04-09 01:19:26,40] [info] BackgroundConfigAsyncJobExecutionActor [[38;5;2m17899b18[0mVariantCalling.HaplotypeCallerGATK4:14:1]: executing: # make sure there is no preexisting Docker CID file
rm -f /mnt/nas1/projects/lasr/blendseq/warp-pipelines/warp-gatk-germline-single-sample-pipeline-master/cromwell-executions1/WholeGenomeGermlineSingleSample/d3b27253-def8-4fcc-8159-f1f8d49265cf/call-BamToGvcf/VariantCalling/17899b18-eba4-4779-b361-f95638baf358/call-HaplotypeCallerGATK4/shard-14/execution/docker_cid
# run as in the original configuration without --rm flag (will remove later)
docker run \
  --cidfile /mnt/nas1/projects/lasr/blendseq/warp-pipelines/warp-gatk-germline-single-sample-pipeline-master/cromwell-executions1/WholeGenomeGermlineSingleSample/d3b27253-def8-4fcc-8159-f1f8d49265cf/call-BamToGvcf/VariantCalling/17899b18-eba4-4779-b361-f95638baf358/call-HaplotypeCallerGATK4/shard-14/execution/docker_cid \
  -i \
  --user 1027:1028 \
  --cpus="64" \
  --memory="409600m" \
  --entrypoint /bin/bash \
  -v /mnt/nas1/projects/lasr/blendseq/warp-pipelines/warp-gatk-germline-single-sample-pipeline-master/cromwell-executions1/WholeGenomeGermlineSingleSample/d3b27253-def8-4fcc-8159-f1f8d49265cf/call-BamToGvcf/VariantCalling/17899b18-eba4-4779-b361-f95638baf358/call-HaplotypeCallerGATK4/shard-14:/cromwell-executions1/WholeGenomeGermlineSingleSample/d3b27253-def8-4fcc-8159-f1f8d49265cf/call-BamToGvcf/VariantCalling/17899b18-eba4-4779-b361-f95638baf358/call-HaplotypeCallerGATK4/shard-14 \
  -v /mnt/nas1/projects/lasr/blendseq:/mnt/nas1/projects/lasr/blendseq \
  us.gcr.io/broad-gatk/gatk@sha256:c88912855b845bd40c6b4bc8f3dd1d4b333ed2549cd3e8386987ee7c0c284f5a /cromwell-executions1/WholeGenomeGermlineSingleSample/d3b27253-def8-4fcc-8159-f1f8d49265cf/call-BamToGvcf/VariantCalling/17899b18-eba4-4779-b361-f95638baf358/call-HaplotypeCallerGATK4/shard-14/execution/script

# get the return code (working even if the container was detached)
rc=$(docker wait [38;5;5mcat /mnt/nas1/projects/lasr/blendseq/warp-pipelines/warp-gatk-germline-single-sample-pipeline-master/cromwell-executions1/WholeGenomeGermlineSingleSample/d3b27253-def8-4fcc-8159-f1f8d49265cf/call-BamToGvcf/VariantCalling/17899b18-eba4-4779-b361-f95638baf358/call-HaplotypeCallerGATK4/shard-14/execution/docker_cid[0m)

# remove the container after waiting
docker rm [38;5;5mcat /mnt/nas1/projects/lasr/blendseq/warp-pipelines/warp-gatk-germline-single-sample-pipeline-master/cromwell-executions1/WholeGenomeGermlineSingleSample/d3b27253-def8-4fcc-8159-f1f8d49265cf/call-BamToGvcf/VariantCalling/17899b18-eba4-4779-b361-f95638baf358/call-HaplotypeCallerGATK4/shard-14/execution/docker_cid[0m

# return exit code
exit $rc
[2026-04-09 01:19:31,07] [info] BackgroundConfigAsyncJobExecutionActor [[38;5;2m17899b18[0mVariantCalling.HaplotypeCallerGATK4:14:1]: job id: 761372
[2026-04-09 01:19:31,07] [info] BackgroundConfigAsyncJobExecutionActor [[38;5;2m17899b18[0mVariantCalling.HaplotypeCallerGATK4:14:1]: Status change from - to WaitingForReturnCode
[2026-04-09 02:09:34,46] [info] BackgroundConfigAsyncJobExecutionActor [[38;5;2m17899b18[0mVariantCalling.HaplotypeCallerGATK4:14:1]: Status change from WaitingForReturnCode to Done
[2026-04-09 02:09:35,58] [info] 17899b18-eba4-4779-b361-f95638baf358-SubWorkflowActor-SubWorkflow-BamToGvcf:-1:1 [[38;5;2m17899b18[0m]: Starting VariantCalling.DragenHardFilterVcf
[2026-04-09 02:09:36,18] [info] Assigned new job execution tokens to the following groups: d3b27253: 1
[2026-04-09 02:09:36,20] [[38;5;220mwarn[0m] BackgroundConfigAsyncJobExecutionActor [[38;5;2m17899b18[0mVariantCalling.HaplotypeCallerGATK4:31:1]: Unrecognized runtime attribute keys: preemptible, bootDiskSizeGb, disks, cpu, memory
[2026-04-09 02:09:36,38] [info] BackgroundConfigAsyncJobExecutionActor [[38;5;2m17899b18[0mVariantCalling.HaplotypeCallerGATK4:31:1]: [38;5;5mset -e

# We need at least 1 GB of available memory outside of the Java heap in order to execute native code, thus, limit
# Java's memory by the total memory minus 1 GB. We need to compute the total memory as it might differ from
# memory_size_gb because of Cromwell's retry with more memory feature.
mem_unit=$(echo "${MEM_UNIT:-}" | cut -c 1)

if [[ $mem_unit == "M" ]]; then
  available_memory_mb=$(awk "BEGIN {print int($MEM_SIZE)}")
elif [[ $mem_unit == "G" ]]; then
  available_memory_mb=$(awk "BEGIN {print int($MEM_SIZE * 1024)}")
else
  available_memory_mb=$(free -m | awk '/^Mem/ {print $2}')
fi

let java_memory_size_mb=available_memory_mb-1024
echo Total available memory: ${available_memory_mb} MB >&2
echo Memory reserved for Java: ${java_memory_size_mb} MB >&2

gatk --java-options "-Xmx300g -Xms300g -XX:GCTimeLimit=50 -XX:GCHeapFreeLimit=10" \
  HaplotypeCaller \
  -R /cromwell-executions1/WholeGenomeGermlineSingleSample/d3b27253-def8-4fcc-8159-f1f8d49265cf/call-BamToGvcf/VariantCalling/17899b18-eba4-4779-b361-f95638baf358/call-HaplotypeCallerGATK4/shard-31/inputs/-1569105944/Homo_sapiens_assembly38_masked.fasta \
  -I /cromwell-executions1/WholeGenomeGermlineSingleSample/d3b27253-def8-4fcc-8159-f1f8d49265cf/call-BamToGvcf/VariantCalling/17899b18-eba4-4779-b361-f95638baf358/call-HaplotypeCallerGATK4/shard-31/inputs/-861879968/ERR3684866_ILMN.bam \
  -L /cromwell-executions1/WholeGenomeGermlineSingleSample/d3b27253-def8-4fcc-8159-f1f8d49265cf/call-BamToGvcf/VariantCalling/17899b18-eba4-4779-b361-f95638baf358/call-HaplotypeCallerGATK4/shard-31/inputs/-718183620/39scattered.interval_list \
  -O ERR3684866_ILMN.g.vcf.gz \
  -contamination 0.0 \
  -G StandardAnnotation -G StandardHCAnnotation -G AS_StandardAnnotation \
  --dragen-mode \
   \
  --dragstr-params-path /cromwell-executions1/WholeGenomeGermlineSingleSample/d3b27253-def8-4fcc-8159-f1f8d49265cf/call-BamToGvcf/VariantCalling/17899b18-eba4-4779-b361-f95638baf358/call-HaplotypeCallerGATK4/shard-31/inputs/399900554/ERR3684866_ILMN.bam.dragstr \
  -GQB 10 -GQB 20 -GQB 30 -GQB 40 -GQB 50 -GQB 60 -GQB 70 -GQB 80 -GQB 90 \
  -ERC GVCF \
  

# Cromwell doesn't like optional task outputs, so we have to touch this file.
touch ERR3684866_ILMN.bamout.bam[0m
[2026-04-09 02:09:36,39] [info] BackgroundConfigAsyncJobExecutionActor [[38;5;2m17899b18[0mVariantCalling.HaplotypeCallerGATK4:31:1]: executing: # make sure there is no preexisting Docker CID file
rm -f /mnt/nas1/projects/lasr/blendseq/warp-pipelines/warp-gatk-germline-single-sample-pipeline-master/cromwell-executions1/WholeGenomeGermlineSingleSample/d3b27253-def8-4fcc-8159-f1f8d49265cf/call-BamToGvcf/VariantCalling/17899b18-eba4-4779-b361-f95638baf358/call-HaplotypeCallerGATK4/shard-31/execution/docker_cid
# run as in the original configuration without --rm flag (will remove later)
docker run \
  --cidfile /mnt/nas1/projects/lasr/blendseq/warp-pipelines/warp-gatk-germline-single-sample-pipeline-master/cromwell-executions1/WholeGenomeGermlineSingleSample/d3b27253-def8-4fcc-8159-f1f8d49265cf/call-BamToGvcf/VariantCalling/17899b18-eba4-4779-b361-f95638baf358/call-HaplotypeCallerGATK4/shard-31/execution/docker_cid \
  -i \
  --user 1027:1028 \
  --cpus="64" \
  --memory="409600m" \
  --entrypoint /bin/bash \
  -v /mnt/nas1/projects/lasr/blendseq/warp-pipelines/warp-gatk-germline-single-sample-pipeline-master/cromwell-executions1/WholeGenomeGermlineSingleSample/d3b27253-def8-4fcc-8159-f1f8d49265cf/call-BamToGvcf/VariantCalling/17899b18-eba4-4779-b361-f95638baf358/call-HaplotypeCallerGATK4/shard-31:/cromwell-executions1/WholeGenomeGermlineSingleSample/d3b27253-def8-4fcc-8159-f1f8d49265cf/call-BamToGvcf/VariantCalling/17899b18-eba4-4779-b361-f95638baf358/call-HaplotypeCallerGATK4/shard-31 \
  -v /mnt/nas1/projects/lasr/blendseq:/mnt/nas1/projects/lasr/blendseq \
  us.gcr.io/broad-gatk/gatk@sha256:c88912855b845bd40c6b4bc8f3dd1d4b333ed2549cd3e8386987ee7c0c284f5a /cromwell-executions1/WholeGenomeGermlineSingleSample/d3b27253-def8-4fcc-8159-f1f8d49265cf/call-BamToGvcf/VariantCalling/17899b18-eba4-4779-b361-f95638baf358/call-HaplotypeCallerGATK4/shard-31/execution/script

# get the return code (working even if the container was detached)
rc=$(docker wait [38;5;5mcat /mnt/nas1/projects/lasr/blendseq/warp-pipelines/warp-gatk-germline-single-sample-pipeline-master/cromwell-executions1/WholeGenomeGermlineSingleSample/d3b27253-def8-4fcc-8159-f1f8d49265cf/call-BamToGvcf/VariantCalling/17899b18-eba4-4779-b361-f95638baf358/call-HaplotypeCallerGATK4/shard-31/execution/docker_cid[0m)

# remove the container after waiting
docker rm [38;5;5mcat /mnt/nas1/projects/lasr/blendseq/warp-pipelines/warp-gatk-germline-single-sample-pipeline-master/cromwell-executions1/WholeGenomeGermlineSingleSample/d3b27253-def8-4fcc-8159-f1f8d49265cf/call-BamToGvcf/VariantCalling/17899b18-eba4-4779-b361-f95638baf358/call-HaplotypeCallerGATK4/shard-31/execution/docker_cid[0m

# return exit code
exit $rc
[2026-04-09 02:09:41,06] [info] BackgroundConfigAsyncJobExecutionActor [[38;5;2m17899b18[0mVariantCalling.HaplotypeCallerGATK4:31:1]: job id: 762282
[2026-04-09 02:09:41,07] [info] BackgroundConfigAsyncJobExecutionActor [[38;5;2m17899b18[0mVariantCalling.HaplotypeCallerGATK4:31:1]: Status change from - to WaitingForReturnCode
[2026-04-09 03:09:02,57] [info] BackgroundConfigAsyncJobExecutionActor [[38;5;2m17899b18[0mVariantCalling.HaplotypeCallerGATK4:31:1]: Status change from WaitingForReturnCode to Done
[2026-04-09 03:09:04,58] [info] 17899b18-eba4-4779-b361-f95638baf358-SubWorkflowActor-SubWorkflow-BamToGvcf:-1:1 [[38;5;2m17899b18[0m]: Starting VariantCalling.DragenHardFilterVcf
[2026-04-09 03:09:06,18] [info] Assigned new job execution tokens to the following groups: d3b27253: 1
[2026-04-09 03:09:06,20] [[38;5;220mwarn[0m] BackgroundConfigAsyncJobExecutionActor [[38;5;2m17899b18[0mVariantCalling.HaplotypeCallerGATK4:49:1]: Unrecognized runtime attribute keys: preemptible, bootDiskSizeGb, disks, cpu, memory
[2026-04-09 03:09:06,82] [info] BackgroundConfigAsyncJobExecutionActor [[38;5;2m17899b18[0mVariantCalling.HaplotypeCallerGATK4:49:1]: [38;5;5mset -e

# We need at least 1 GB of available memory outside of the Java heap in order to execute native code, thus, limit
# Java's memory by the total memory minus 1 GB. We need to compute the total memory as it might differ from
# memory_size_gb because of Cromwell's retry with more memory feature.
mem_unit=$(echo "${MEM_UNIT:-}" | cut -c 1)

if [[ $mem_unit == "M" ]]; then
  available_memory_mb=$(awk "BEGIN {print int($MEM_SIZE)}")
elif [[ $mem_unit == "G" ]]; then
  available_memory_mb=$(awk "BEGIN {print int($MEM_SIZE * 1024)}")
else
  available_memory_mb=$(free -m | awk '/^Mem/ {print $2}')
fi

let java_memory_size_mb=available_memory_mb-1024
echo Total available memory: ${available_memory_mb} MB >&2
echo Memory reserved for Java: ${java_memory_size_mb} MB >&2

gatk --java-options "-Xmx300g -Xms300g -XX:GCTimeLimit=50 -XX:GCHeapFreeLimit=10" \
  HaplotypeCaller \
  -R /cromwell-executions1/WholeGenomeGermlineSingleSample/d3b27253-def8-4fcc-8159-f1f8d49265cf/call-BamToGvcf/VariantCalling/17899b18-eba4-4779-b361-f95638baf358/call-HaplotypeCallerGATK4/shard-49/inputs/-1569105944/Homo_sapiens_assembly38_masked.fasta \
  -I /cromwell-executions1/WholeGenomeGermlineSingleSample/d3b27253-def8-4fcc-8159-f1f8d49265cf/call-BamToGvcf/VariantCalling/17899b18-eba4-4779-b361-f95638baf358/call-HaplotypeCallerGATK4/shard-49/inputs/-861879968/ERR3684866_ILMN.bam \
  -L /cromwell-executions1/WholeGenomeGermlineSingleSample/d3b27253-def8-4fcc-8159-f1f8d49265cf/call-BamToGvcf/VariantCalling/17899b18-eba4-4779-b361-f95638baf358/call-HaplotypeCallerGATK4/shard-49/inputs/-718183620/9scattered.interval_list \
  -O ERR3684866_ILMN.g.vcf.gz \
  -contamination 0.0 \
  -G StandardAnnotation -G StandardHCAnnotation -G AS_StandardAnnotation \
  --dragen-mode \
   \
  --dragstr-params-path /cromwell-executions1/WholeGenomeGermlineSingleSample/d3b27253-def8-4fcc-8159-f1f8d49265cf/call-BamToGvcf/VariantCalling/17899b18-eba4-4779-b361-f95638baf358/call-HaplotypeCallerGATK4/shard-49/inputs/399900554/ERR3684866_ILMN.bam.dragstr \
  -GQB 10 -GQB 20 -GQB 30 -GQB 40 -GQB 50 -GQB 60 -GQB 70 -GQB 80 -GQB 90 \
  -ERC GVCF \
  

# Cromwell doesn't like optional task outputs, so we have to touch this file.
touch ERR3684866_ILMN.bamout.bam[0m
[2026-04-09 03:09:06,83] [info] BackgroundConfigAsyncJobExecutionActor [[38;5;2m17899b18[0mVariantCalling.HaplotypeCallerGATK4:49:1]: executing: # make sure there is no preexisting Docker CID file
rm -f /mnt/nas1/projects/lasr/blendseq/warp-pipelines/warp-gatk-germline-single-sample-pipeline-master/cromwell-executions1/WholeGenomeGermlineSingleSample/d3b27253-def8-4fcc-8159-f1f8d49265cf/call-BamToGvcf/VariantCalling/17899b18-eba4-4779-b361-f95638baf358/call-HaplotypeCallerGATK4/shard-49/execution/docker_cid
# run as in the original configuration without --rm flag (will remove later)
docker run \
  --cidfile /mnt/nas1/projects/lasr/blendseq/warp-pipelines/warp-gatk-germline-single-sample-pipeline-master/cromwell-executions1/WholeGenomeGermlineSingleSample/d3b27253-def8-4fcc-8159-f1f8d49265cf/call-BamToGvcf/VariantCalling/17899b18-eba4-4779-b361-f95638baf358/call-HaplotypeCallerGATK4/shard-49/execution/docker_cid \
  -i \
  --user 1027:1028 \
  --cpus="64" \
  --memory="409600m" \
  --entrypoint /bin/bash \
  -v /mnt/nas1/projects/lasr/blendseq/warp-pipelines/warp-gatk-germline-single-sample-pipeline-master/cromwell-executions1/WholeGenomeGermlineSingleSample/d3b27253-def8-4fcc-8159-f1f8d49265cf/call-BamToGvcf/VariantCalling/17899b18-eba4-4779-b361-f95638baf358/call-HaplotypeCallerGATK4/shard-49:/cromwell-executions1/WholeGenomeGermlineSingleSample/d3b27253-def8-4fcc-8159-f1f8d49265cf/call-BamToGvcf/VariantCalling/17899b18-eba4-4779-b361-f95638baf358/call-HaplotypeCallerGATK4/shard-49 \
  -v /mnt/nas1/projects/lasr/blendseq:/mnt/nas1/projects/lasr/blendseq \
  us.gcr.io/broad-gatk/gatk@sha256:c88912855b845bd40c6b4bc8f3dd1d4b333ed2549cd3e8386987ee7c0c284f5a /cromwell-executions1/WholeGenomeGermlineSingleSample/d3b27253-def8-4fcc-8159-f1f8d49265cf/call-BamToGvcf/VariantCalling/17899b18-eba4-4779-b361-f95638baf358/call-HaplotypeCallerGATK4/shard-49/execution/script

# get the return code (working even if the container was detached)
rc=$(docker wait [38;5;5mcat /mnt/nas1/projects/lasr/blendseq/warp-pipelines/warp-gatk-germline-single-sample-pipeline-master/cromwell-executions1/WholeGenomeGermlineSingleSample/d3b27253-def8-4fcc-8159-f1f8d49265cf/call-BamToGvcf/VariantCalling/17899b18-eba4-4779-b361-f95638baf358/call-HaplotypeCallerGATK4/shard-49/execution/docker_cid[0m)

# remove the container after waiting
docker rm [38;5;5mcat /mnt/nas1/projects/lasr/blendseq/warp-pipelines/warp-gatk-germline-single-sample-pipeline-master/cromwell-executions1/WholeGenomeGermlineSingleSample/d3b27253-def8-4fcc-8159-f1f8d49265cf/call-BamToGvcf/VariantCalling/17899b18-eba4-4779-b361-f95638baf358/call-HaplotypeCallerGATK4/shard-49/execution/docker_cid[0m

# return exit code
exit $rc
[2026-04-09 03:09:11,07] [info] BackgroundConfigAsyncJobExecutionActor [[38;5;2m17899b18[0mVariantCalling.HaplotypeCallerGATK4:49:1]: job id: 763314
[2026-04-09 03:09:11,07] [info] BackgroundConfigAsyncJobExecutionActor [[38;5;2m17899b18[0mVariantCalling.HaplotypeCallerGATK4:49:1]: Status change from - to WaitingForReturnCode
[2026-04-09 04:06:57,70] [info] BackgroundConfigAsyncJobExecutionActor [[38;5;2m17899b18[0mVariantCalling.HaplotypeCallerGATK4:49:1]: Status change from WaitingForReturnCode to Done
[2026-04-09 04:06:59,74] [info] 17899b18-eba4-4779-b361-f95638baf358-SubWorkflowActor-SubWorkflow-BamToGvcf:-1:1 [[38;5;2m17899b18[0m]: Starting VariantCalling.DragenHardFilterVcf
[2026-04-09 04:07:06,18] [info] Assigned new job execution tokens to the following groups: d3b27253: 1
[2026-04-09 04:07:06,20] [[38;5;220mwarn[0m] BackgroundConfigAsyncJobExecutionActor [[38;5;2m17899b18[0mVariantCalling.HaplotypeCallerGATK4:42:1]: Unrecognized runtime attribute keys: preemptible, bootDiskSizeGb, disks, cpu, memory
[2026-04-09 04:07:06,39] [info] BackgroundConfigAsyncJobExecutionActor [[38;5;2m17899b18[0mVariantCalling.HaplotypeCallerGATK4:42:1]: [38;5;5mset -e

# We need at least 1 GB of available memory outside of the Java heap in order to execute native code, thus, limit
# Java's memory by the total memory minus 1 GB. We need to compute the total memory as it might differ from
# memory_size_gb because of Cromwell's retry with more memory feature.
mem_unit=$(echo "${MEM_UNIT:-}" | cut -c 1)

if [[ $mem_unit == "M" ]]; then
  available_memory_mb=$(awk "BEGIN {print int($MEM_SIZE)}")
elif [[ $mem_unit == "G" ]]; then
  available_memory_mb=$(awk "BEGIN {print int($MEM_SIZE * 1024)}")
else
  available_memory_mb=$(free -m | awk '/^Mem/ {print $2}')
fi

let java_memory_size_mb=available_memory_mb-1024
echo Total available memory: ${available_memory_mb} MB >&2
echo Memory reserved for Java: ${java_memory_size_mb} MB >&2

gatk --java-options "-Xmx300g -Xms300g -XX:GCTimeLimit=50 -XX:GCHeapFreeLimit=10" \
  HaplotypeCaller \
  -R /cromwell-executions1/WholeGenomeGermlineSingleSample/d3b27253-def8-4fcc-8159-f1f8d49265cf/call-BamToGvcf/VariantCalling/17899b18-eba4-4779-b361-f95638baf358/call-HaplotypeCallerGATK4/shard-42/inputs/-1569105944/Homo_sapiens_assembly38_masked.fasta \
  -I /cromwell-executions1/WholeGenomeGermlineSingleSample/d3b27253-def8-4fcc-8159-f1f8d49265cf/call-BamToGvcf/VariantCalling/17899b18-eba4-4779-b361-f95638baf358/call-HaplotypeCallerGATK4/shard-42/inputs/-861879968/ERR3684866_ILMN.bam \
  -L /cromwell-executions1/WholeGenomeGermlineSingleSample/d3b27253-def8-4fcc-8159-f1f8d49265cf/call-BamToGvcf/VariantCalling/17899b18-eba4-4779-b361-f95638baf358/call-HaplotypeCallerGATK4/shard-42/inputs/-718183620/49scattered.interval_list \
  -O ERR3684866_ILMN.g.vcf.gz \
  -contamination 0.0 \
  -G StandardAnnotation -G StandardHCAnnotation -G AS_StandardAnnotation \
  --dragen-mode \
   \
  --dragstr-params-path /cromwell-executions1/WholeGenomeGermlineSingleSample/d3b27253-def8-4fcc-8159-f1f8d49265cf/call-BamToGvcf/VariantCalling/17899b18-eba4-4779-b361-f95638baf358/call-HaplotypeCallerGATK4/shard-42/inputs/399900554/ERR3684866_ILMN.bam.dragstr \
  -GQB 10 -GQB 20 -GQB 30 -GQB 40 -GQB 50 -GQB 60 -GQB 70 -GQB 80 -GQB 90 \
  -ERC GVCF \
  

# Cromwell doesn't like optional task outputs, so we have to touch this file.
touch ERR3684866_ILMN.bamout.bam[0m
[2026-04-09 04:07:06,39] [info] BackgroundConfigAsyncJobExecutionActor [[38;5;2m17899b18[0mVariantCalling.HaplotypeCallerGATK4:42:1]: executing: # make sure there is no preexisting Docker CID file
rm -f /mnt/nas1/projects/lasr/blendseq/warp-pipelines/warp-gatk-germline-single-sample-pipeline-master/cromwell-executions1/WholeGenomeGermlineSingleSample/d3b27253-def8-4fcc-8159-f1f8d49265cf/call-BamToGvcf/VariantCalling/17899b18-eba4-4779-b361-f95638baf358/call-HaplotypeCallerGATK4/shard-42/execution/docker_cid
# run as in the original configuration without --rm flag (will remove later)
docker run \
  --cidfile /mnt/nas1/projects/lasr/blendseq/warp-pipelines/warp-gatk-germline-single-sample-pipeline-master/cromwell-executions1/WholeGenomeGermlineSingleSample/d3b27253-def8-4fcc-8159-f1f8d49265cf/call-BamToGvcf/VariantCalling/17899b18-eba4-4779-b361-f95638baf358/call-HaplotypeCallerGATK4/shard-42/execution/docker_cid \
  -i \
  --user 1027:1028 \
  --cpus="64" \
  --memory="409600m" \
  --entrypoint /bin/bash \
  -v /mnt/nas1/projects/lasr/blendseq/warp-pipelines/warp-gatk-germline-single-sample-pipeline-master/cromwell-executions1/WholeGenomeGermlineSingleSample/d3b27253-def8-4fcc-8159-f1f8d49265cf/call-BamToGvcf/VariantCalling/17899b18-eba4-4779-b361-f95638baf358/call-HaplotypeCallerGATK4/shard-42:/cromwell-executions1/WholeGenomeGermlineSingleSample/d3b27253-def8-4fcc-8159-f1f8d49265cf/call-BamToGvcf/VariantCalling/17899b18-eba4-4779-b361-f95638baf358/call-HaplotypeCallerGATK4/shard-42 \
  -v /mnt/nas1/projects/lasr/blendseq:/mnt/nas1/projects/lasr/blendseq \
  us.gcr.io/broad-gatk/gatk@sha256:c88912855b845bd40c6b4bc8f3dd1d4b333ed2549cd3e8386987ee7c0c284f5a /cromwell-executions1/WholeGenomeGermlineSingleSample/d3b27253-def8-4fcc-8159-f1f8d49265cf/call-BamToGvcf/VariantCalling/17899b18-eba4-4779-b361-f95638baf358/call-HaplotypeCallerGATK4/shard-42/execution/script

# get the return code (working even if the container was detached)
rc=$(docker wait [38;5;5mcat /mnt/nas1/projects/lasr/blendseq/warp-pipelines/warp-gatk-germline-single-sample-pipeline-master/cromwell-executions1/WholeGenomeGermlineSingleSample/d3b27253-def8-4fcc-8159-f1f8d49265cf/call-BamToGvcf/VariantCalling/17899b18-eba4-4779-b361-f95638baf358/call-HaplotypeCallerGATK4/shard-42/execution/docker_cid[0m)

# remove the container after waiting
docker rm [38;5;5mcat /mnt/nas1/projects/lasr/blendseq/warp-pipelines/warp-gatk-germline-single-sample-pipeline-master/cromwell-executions1/WholeGenomeGermlineSingleSample/d3b27253-def8-4fcc-8159-f1f8d49265cf/call-BamToGvcf/VariantCalling/17899b18-eba4-4779-b361-f95638baf358/call-HaplotypeCallerGATK4/shard-42/execution/docker_cid[0m

# return exit code
exit $rc
[2026-04-09 04:07:11,06] [info] BackgroundConfigAsyncJobExecutionActor [[38;5;2m17899b18[0mVariantCalling.HaplotypeCallerGATK4:42:1]: job id: 764340
[2026-04-09 04:07:11,07] [info] BackgroundConfigAsyncJobExecutionActor [[38;5;2m17899b18[0mVariantCalling.HaplotypeCallerGATK4:42:1]: Status change from - to WaitingForReturnCode
[2026-04-09 04:30:49,25] [info] BackgroundConfigAsyncJobExecutionActor [[38;5;2m17899b18[0mVariantCalling.HaplotypeCallerGATK4:42:1]: Status change from WaitingForReturnCode to Done
[2026-04-09 04:30:50,82] [info] 17899b18-eba4-4779-b361-f95638baf358-SubWorkflowActor-SubWorkflow-BamToGvcf:-1:1 [[38;5;2m17899b18[0m]: Starting VariantCalling.DragenHardFilterVcf
[2026-04-09 04:30:56,18] [info] Assigned new job execution tokens to the following groups: d3b27253: 1
[2026-04-09 04:30:56,20] [[38;5;220mwarn[0m] BackgroundConfigAsyncJobExecutionActor [[38;5;2m17899b18[0mVariantCalling.HaplotypeCallerGATK4:44:1]: Unrecognized runtime attribute keys: preemptible, bootDiskSizeGb, disks, cpu, memory
[2026-04-09 04:30:56,37] [info] BackgroundConfigAsyncJobExecutionActor [[38;5;2m17899b18[0mVariantCalling.HaplotypeCallerGATK4:44:1]: [38;5;5mset -e

# We need at least 1 GB of available memory outside of the Java heap in order to execute native code, thus, limit
# Java's memory by the total memory minus 1 GB. We need to compute the total memory as it might differ from
# memory_size_gb because of Cromwell's retry with more memory feature.
mem_unit=$(echo "${MEM_UNIT:-}" | cut -c 1)

if [[ $mem_unit == "M" ]]; then
  available_memory_mb=$(awk "BEGIN {print int($MEM_SIZE)}")
elif [[ $mem_unit == "G" ]]; then
  available_memory_mb=$(awk "BEGIN {print int($MEM_SIZE * 1024)}")
else
  available_memory_mb=$(free -m | awk '/^Mem/ {print $2}')
fi

let java_memory_size_mb=available_memory_mb-1024
echo Total available memory: ${available_memory_mb} MB >&2
echo Memory reserved for Java: ${java_memory_size_mb} MB >&2

gatk --java-options "-Xmx300g -Xms300g -XX:GCTimeLimit=50 -XX:GCHeapFreeLimit=10" \
  HaplotypeCaller \
  -R /cromwell-executions1/WholeGenomeGermlineSingleSample/d3b27253-def8-4fcc-8159-f1f8d49265cf/call-BamToGvcf/VariantCalling/17899b18-eba4-4779-b361-f95638baf358/call-HaplotypeCallerGATK4/shard-44/inputs/-1569105944/Homo_sapiens_assembly38_masked.fasta \
  -I /cromwell-executions1/WholeGenomeGermlineSingleSample/d3b27253-def8-4fcc-8159-f1f8d49265cf/call-BamToGvcf/VariantCalling/17899b18-eba4-4779-b361-f95638baf358/call-HaplotypeCallerGATK4/shard-44/inputs/-861879968/ERR3684866_ILMN.bam \
  -L /cromwell-executions1/WholeGenomeGermlineSingleSample/d3b27253-def8-4fcc-8159-f1f8d49265cf/call-BamToGvcf/VariantCalling/17899b18-eba4-4779-b361-f95638baf358/call-HaplotypeCallerGATK4/shard-44/inputs/-718183620/50scattered.interval_list \
  -O ERR3684866_ILMN.g.vcf.gz \
  -contamination 0.0 \
  -G StandardAnnotation -G StandardHCAnnotation -G AS_StandardAnnotation \
  --dragen-mode \
   \
  --dragstr-params-path /cromwell-executions1/WholeGenomeGermlineSingleSample/d3b27253-def8-4fcc-8159-f1f8d49265cf/call-BamToGvcf/VariantCalling/17899b18-eba4-4779-b361-f95638baf358/call-HaplotypeCallerGATK4/shard-44/inputs/399900554/ERR3684866_ILMN.bam.dragstr \
  -GQB 10 -GQB 20 -GQB 30 -GQB 40 -GQB 50 -GQB 60 -GQB 70 -GQB 80 -GQB 90 \
  -ERC GVCF \
  

# Cromwell doesn't like optional task outputs, so we have to touch this file.
touch ERR3684866_ILMN.bamout.bam[0m
[2026-04-09 04:30:56,37] [info] BackgroundConfigAsyncJobExecutionActor [[38;5;2m17899b18[0mVariantCalling.HaplotypeCallerGATK4:44:1]: executing: # make sure there is no preexisting Docker CID file
rm -f /mnt/nas1/projects/lasr/blendseq/warp-pipelines/warp-gatk-germline-single-sample-pipeline-master/cromwell-executions1/WholeGenomeGermlineSingleSample/d3b27253-def8-4fcc-8159-f1f8d49265cf/call-BamToGvcf/VariantCalling/17899b18-eba4-4779-b361-f95638baf358/call-HaplotypeCallerGATK4/shard-44/execution/docker_cid
# run as in the original configuration without --rm flag (will remove later)
docker run \
  --cidfile /mnt/nas1/projects/lasr/blendseq/warp-pipelines/warp-gatk-germline-single-sample-pipeline-master/cromwell-executions1/WholeGenomeGermlineSingleSample/d3b27253-def8-4fcc-8159-f1f8d49265cf/call-BamToGvcf/VariantCalling/17899b18-eba4-4779-b361-f95638baf358/call-HaplotypeCallerGATK4/shard-44/execution/docker_cid \
  -i \
  --user 1027:1028 \
  --cpus="64" \
  --memory="409600m" \
  --entrypoint /bin/bash \
  -v /mnt/nas1/projects/lasr/blendseq/warp-pipelines/warp-gatk-germline-single-sample-pipeline-master/cromwell-executions1/WholeGenomeGermlineSingleSample/d3b27253-def8-4fcc-8159-f1f8d49265cf/call-BamToGvcf/VariantCalling/17899b18-eba4-4779-b361-f95638baf358/call-HaplotypeCallerGATK4/shard-44:/cromwell-executions1/WholeGenomeGermlineSingleSample/d3b27253-def8-4fcc-8159-f1f8d49265cf/call-BamToGvcf/VariantCalling/17899b18-eba4-4779-b361-f95638baf358/call-HaplotypeCallerGATK4/shard-44 \
  -v /mnt/nas1/projects/lasr/blendseq:/mnt/nas1/projects/lasr/blendseq \
  us.gcr.io/broad-gatk/gatk@sha256:c88912855b845bd40c6b4bc8f3dd1d4b333ed2549cd3e8386987ee7c0c284f5a /cromwell-executions1/WholeGenomeGermlineSingleSample/d3b27253-def8-4fcc-8159-f1f8d49265cf/call-BamToGvcf/VariantCalling/17899b18-eba4-4779-b361-f95638baf358/call-HaplotypeCallerGATK4/shard-44/execution/script

# get the return code (working even if the container was detached)
rc=$(docker wait [38;5;5mcat /mnt/nas1/projects/lasr/blendseq/warp-pipelines/warp-gatk-germline-single-sample-pipeline-master/cromwell-executions1/WholeGenomeGermlineSingleSample/d3b27253-def8-4fcc-8159-f1f8d49265cf/call-BamToGvcf/VariantCalling/17899b18-eba4-4779-b361-f95638baf358/call-HaplotypeCallerGATK4/shard-44/execution/docker_cid[0m)

# remove the container after waiting
docker rm [38;5;5mcat /mnt/nas1/projects/lasr/blendseq/warp-pipelines/warp-gatk-germline-single-sample-pipeline-master/cromwell-executions1/WholeGenomeGermlineSingleSample/d3b27253-def8-4fcc-8159-f1f8d49265cf/call-BamToGvcf/VariantCalling/17899b18-eba4-4779-b361-f95638baf358/call-HaplotypeCallerGATK4/shard-44/execution/docker_cid[0m

# return exit code
exit $rc
[2026-04-09 04:31:01,07] [info] BackgroundConfigAsyncJobExecutionActor [[38;5;2m17899b18[0mVariantCalling.HaplotypeCallerGATK4:44:1]: job id: 765069
[2026-04-09 04:31:01,07] [info] BackgroundConfigAsyncJobExecutionActor [[38;5;2m17899b18[0mVariantCalling.HaplotypeCallerGATK4:44:1]: Status change from - to WaitingForReturnCode
[2026-04-09 05:30:49,29] [info] BackgroundConfigAsyncJobExecutionActor [[38;5;2m17899b18[0mVariantCalling.HaplotypeCallerGATK4:44:1]: Status change from WaitingForReturnCode to Done
[2026-04-09 05:30:50,42] [info] 17899b18-eba4-4779-b361-f95638baf358-SubWorkflowActor-SubWorkflow-BamToGvcf:-1:1 [[38;5;2m17899b18[0m]: Starting VariantCalling.DragenHardFilterVcf
[2026-04-09 05:30:56,18] [info] Assigned new job execution tokens to the following groups: d3b27253: 1
[2026-04-09 05:30:56,20] [[38;5;220mwarn[0m] BackgroundConfigAsyncJobExecutionActor [[38;5;2m17899b18[0mVariantCalling.HaplotypeCallerGATK4:4:1]: Unrecognized runtime attribute keys: preemptible, bootDiskSizeGb, disks, cpu, memory
[2026-04-09 05:30:56,36] [info] BackgroundConfigAsyncJobExecutionActor [[38;5;2m17899b18[0mVariantCalling.HaplotypeCallerGATK4:4:1]: [38;5;5mset -e

# We need at least 1 GB of available memory outside of the Java heap in order to execute native code, thus, limit
# Java's memory by the total memory minus 1 GB. We need to compute the total memory as it might differ from
# memory_size_gb because of Cromwell's retry with more memory feature.
mem_unit=$(echo "${MEM_UNIT:-}" | cut -c 1)

if [[ $mem_unit == "M" ]]; then
  available_memory_mb=$(awk "BEGIN {print int($MEM_SIZE)}")
elif [[ $mem_unit == "G" ]]; then
  available_memory_mb=$(awk "BEGIN {print int($MEM_SIZE * 1024)}")
else
  available_memory_mb=$(free -m | awk '/^Mem/ {print $2}')
fi

let java_memory_size_mb=available_memory_mb-1024
echo Total available memory: ${available_memory_mb} MB >&2
echo Memory reserved for Java: ${java_memory_size_mb} MB >&2

gatk --java-options "-Xmx300g -Xms300g -XX:GCTimeLimit=50 -XX:GCHeapFreeLimit=10" \
  HaplotypeCaller \
  -R /cromwell-executions1/WholeGenomeGermlineSingleSample/d3b27253-def8-4fcc-8159-f1f8d49265cf/call-BamToGvcf/VariantCalling/17899b18-eba4-4779-b361-f95638baf358/call-HaplotypeCallerGATK4/shard-4/inputs/-1569105944/Homo_sapiens_assembly38_masked.fasta \
  -I /cromwell-executions1/WholeGenomeGermlineSingleSample/d3b27253-def8-4fcc-8159-f1f8d49265cf/call-BamToGvcf/VariantCalling/17899b18-eba4-4779-b361-f95638baf358/call-HaplotypeCallerGATK4/shard-4/inputs/-861879968/ERR3684866_ILMN.bam \
  -L /cromwell-executions1/WholeGenomeGermlineSingleSample/d3b27253-def8-4fcc-8159-f1f8d49265cf/call-BamToGvcf/VariantCalling/17899b18-eba4-4779-b361-f95638baf358/call-HaplotypeCallerGATK4/shard-4/inputs/-718183620/14scattered.interval_list \
  -O ERR3684866_ILMN.g.vcf.gz \
  -contamination 0.0 \
  -G StandardAnnotation -G StandardHCAnnotation -G AS_StandardAnnotation \
  --dragen-mode \
   \
  --dragstr-params-path /cromwell-executions1/WholeGenomeGermlineSingleSample/d3b27253-def8-4fcc-8159-f1f8d49265cf/call-BamToGvcf/VariantCalling/17899b18-eba4-4779-b361-f95638baf358/call-HaplotypeCallerGATK4/shard-4/inputs/399900554/ERR3684866_ILMN.bam.dragstr \
  -GQB 10 -GQB 20 -GQB 30 -GQB 40 -GQB 50 -GQB 60 -GQB 70 -GQB 80 -GQB 90 \
  -ERC GVCF \
  

# Cromwell doesn't like optional task outputs, so we have to touch this file.
touch ERR3684866_ILMN.bamout.bam[0m
[2026-04-09 05:30:56,37] [info] BackgroundConfigAsyncJobExecutionActor [[38;5;2m17899b18[0mVariantCalling.HaplotypeCallerGATK4:4:1]: executing: # make sure there is no preexisting Docker CID file
rm -f /mnt/nas1/projects/lasr/blendseq/warp-pipelines/warp-gatk-germline-single-sample-pipeline-master/cromwell-executions1/WholeGenomeGermlineSingleSample/d3b27253-def8-4fcc-8159-f1f8d49265cf/call-BamToGvcf/VariantCalling/17899b18-eba4-4779-b361-f95638baf358/call-HaplotypeCallerGATK4/shard-4/execution/docker_cid
# run as in the original configuration without --rm flag (will remove later)
docker run \
  --cidfile /mnt/nas1/projects/lasr/blendseq/warp-pipelines/warp-gatk-germline-single-sample-pipeline-master/cromwell-executions1/WholeGenomeGermlineSingleSample/d3b27253-def8-4fcc-8159-f1f8d49265cf/call-BamToGvcf/VariantCalling/17899b18-eba4-4779-b361-f95638baf358/call-HaplotypeCallerGATK4/shard-4/execution/docker_cid \
  -i \
  --user 1027:1028 \
  --cpus="64" \
  --memory="409600m" \
  --entrypoint /bin/bash \
  -v /mnt/nas1/projects/lasr/blendseq/warp-pipelines/warp-gatk-germline-single-sample-pipeline-master/cromwell-executions1/WholeGenomeGermlineSingleSample/d3b27253-def8-4fcc-8159-f1f8d49265cf/call-BamToGvcf/VariantCalling/17899b18-eba4-4779-b361-f95638baf358/call-HaplotypeCallerGATK4/shard-4:/cromwell-executions1/WholeGenomeGermlineSingleSample/d3b27253-def8-4fcc-8159-f1f8d49265cf/call-BamToGvcf/VariantCalling/17899b18-eba4-4779-b361-f95638baf358/call-HaplotypeCallerGATK4/shard-4 \
  -v /mnt/nas1/projects/lasr/blendseq:/mnt/nas1/projects/lasr/blendseq \
  us.gcr.io/broad-gatk/gatk@sha256:c88912855b845bd40c6b4bc8f3dd1d4b333ed2549cd3e8386987ee7c0c284f5a /cromwell-executions1/WholeGenomeGermlineSingleSample/d3b27253-def8-4fcc-8159-f1f8d49265cf/call-BamToGvcf/VariantCalling/17899b18-eba4-4779-b361-f95638baf358/call-HaplotypeCallerGATK4/shard-4/execution/script

# get the return code (working even if the container was detached)
rc=$(docker wait [38;5;5mcat /mnt/nas1/projects/lasr/blendseq/warp-pipelines/warp-gatk-germline-single-sample-pipeline-master/cromwell-executions1/WholeGenomeGermlineSingleSample/d3b27253-def8-4fcc-8159-f1f8d49265cf/call-BamToGvcf/VariantCalling/17899b18-eba4-4779-b361-f95638baf358/call-HaplotypeCallerGATK4/shard-4/execution/docker_cid[0m)

# remove the container after waiting
docker rm [38;5;5mcat /mnt/nas1/projects/lasr/blendseq/warp-pipelines/warp-gatk-germline-single-sample-pipeline-master/cromwell-executions1/WholeGenomeGermlineSingleSample/d3b27253-def8-4fcc-8159-f1f8d49265cf/call-BamToGvcf/VariantCalling/17899b18-eba4-4779-b361-f95638baf358/call-HaplotypeCallerGATK4/shard-4/execution/docker_cid[0m

# return exit code
exit $rc
[2026-04-09 05:31:01,07] [info] BackgroundConfigAsyncJobExecutionActor [[38;5;2m17899b18[0mVariantCalling.HaplotypeCallerGATK4:4:1]: job id: 766101
[2026-04-09 05:31:01,07] [info] BackgroundConfigAsyncJobExecutionActor [[38;5;2m17899b18[0mVariantCalling.HaplotypeCallerGATK4:4:1]: Status change from - to WaitingForReturnCode
[2026-04-09 06:20:05,37] [info] BackgroundConfigAsyncJobExecutionActor [[38;5;2m17899b18[0mVariantCalling.HaplotypeCallerGATK4:4:1]: Status change from WaitingForReturnCode to Done
[2026-04-09 06:20:06,18] [info] Assigned new job execution tokens to the following groups: d3b27253: 1
[2026-04-09 06:20:06,20] [[38;5;220mwarn[0m] BackgroundConfigAsyncJobExecutionActor [[38;5;2m17899b18[0mVariantCalling.HaplotypeCallerGATK4:9:1]: Unrecognized runtime attribute keys: preemptible, bootDiskSizeGb, disks, cpu, memory
[2026-04-09 06:20:06,38] [info] BackgroundConfigAsyncJobExecutionActor [[38;5;2m17899b18[0mVariantCalling.HaplotypeCallerGATK4:9:1]: [38;5;5mset -e

# We need at least 1 GB of available memory outside of the Java heap in order to execute native code, thus, limit
# Java's memory by the total memory minus 1 GB. We need to compute the total memory as it might differ from
# memory_size_gb because of Cromwell's retry with more memory feature.
mem_unit=$(echo "${MEM_UNIT:-}" | cut -c 1)

if [[ $mem_unit == "M" ]]; then
  available_memory_mb=$(awk "BEGIN {print int($MEM_SIZE)}")
elif [[ $mem_unit == "G" ]]; then
  available_memory_mb=$(awk "BEGIN {print int($MEM_SIZE * 1024)}")
else
  available_memory_mb=$(free -m | awk '/^Mem/ {print $2}')
fi

let java_memory_size_mb=available_memory_mb-1024
echo Total available memory: ${available_memory_mb} MB >&2
echo Memory reserved for Java: ${java_memory_size_mb} MB >&2

gatk --java-options "-Xmx300g -Xms300g -XX:GCTimeLimit=50 -XX:GCHeapFreeLimit=10" \
  HaplotypeCaller \
  -R /cromwell-executions1/WholeGenomeGermlineSingleSample/d3b27253-def8-4fcc-8159-f1f8d49265cf/call-BamToGvcf/VariantCalling/17899b18-eba4-4779-b361-f95638baf358/call-HaplotypeCallerGATK4/shard-9/inputs/-1569105944/Homo_sapiens_assembly38_masked.fasta \
  -I /cromwell-executions1/WholeGenomeGermlineSingleSample/d3b27253-def8-4fcc-8159-f1f8d49265cf/call-BamToGvcf/VariantCalling/17899b18-eba4-4779-b361-f95638baf358/call-HaplotypeCallerGATK4/shard-9/inputs/-861879968/ERR3684866_ILMN.bam \
  -L /cromwell-executions1/WholeGenomeGermlineSingleSample/d3b27253-def8-4fcc-8159-f1f8d49265cf/call-BamToGvcf/VariantCalling/17899b18-eba4-4779-b361-f95638baf358/call-HaplotypeCallerGATK4/shard-9/inputs/-718183620/19scattered.interval_list \
  -O ERR3684866_ILMN.g.vcf.gz \
  -contamination 0.0 \
  -G StandardAnnotation -G StandardHCAnnotation -G AS_StandardAnnotation \
  --dragen-mode \
   \
  --dragstr-params-path /cromwell-executions1/WholeGenomeGermlineSingleSample/d3b27253-def8-4fcc-8159-f1f8d49265cf/call-BamToGvcf/VariantCalling/17899b18-eba4-4779-b361-f95638baf358/call-HaplotypeCallerGATK4/shard-9/inputs/399900554/ERR3684866_ILMN.bam.dragstr \
  -GQB 10 -GQB 20 -GQB 30 -GQB 40 -GQB 50 -GQB 60 -GQB 70 -GQB 80 -GQB 90 \
  -ERC GVCF \
  

# Cromwell doesn't like optional task outputs, so we have to touch this file.
touch ERR3684866_ILMN.bamout.bam[0m
[2026-04-09 06:20:06,38] [info] BackgroundConfigAsyncJobExecutionActor [[38;5;2m17899b18[0mVariantCalling.HaplotypeCallerGATK4:9:1]: executing: # make sure there is no preexisting Docker CID file
rm -f /mnt/nas1/projects/lasr/blendseq/warp-pipelines/warp-gatk-germline-single-sample-pipeline-master/cromwell-executions1/WholeGenomeGermlineSingleSample/d3b27253-def8-4fcc-8159-f1f8d49265cf/call-BamToGvcf/VariantCalling/17899b18-eba4-4779-b361-f95638baf358/call-HaplotypeCallerGATK4/shard-9/execution/docker_cid
# run as in the original configuration without --rm flag (will remove later)
docker run \
  --cidfile /mnt/nas1/projects/lasr/blendseq/warp-pipelines/warp-gatk-germline-single-sample-pipeline-master/cromwell-executions1/WholeGenomeGermlineSingleSample/d3b27253-def8-4fcc-8159-f1f8d49265cf/call-BamToGvcf/VariantCalling/17899b18-eba4-4779-b361-f95638baf358/call-HaplotypeCallerGATK4/shard-9/execution/docker_cid \
  -i \
  --user 1027:1028 \
  --cpus="64" \
  --memory="409600m" \
  --entrypoint /bin/bash \
  -v /mnt/nas1/projects/lasr/blendseq/warp-pipelines/warp-gatk-germline-single-sample-pipeline-master/cromwell-executions1/WholeGenomeGermlineSingleSample/d3b27253-def8-4fcc-8159-f1f8d49265cf/call-BamToGvcf/VariantCalling/17899b18-eba4-4779-b361-f95638baf358/call-HaplotypeCallerGATK4/shard-9:/cromwell-executions1/WholeGenomeGermlineSingleSample/d3b27253-def8-4fcc-8159-f1f8d49265cf/call-BamToGvcf/VariantCalling/17899b18-eba4-4779-b361-f95638baf358/call-HaplotypeCallerGATK4/shard-9 \
  -v /mnt/nas1/projects/lasr/blendseq:/mnt/nas1/projects/lasr/blendseq \
  us.gcr.io/broad-gatk/gatk@sha256:c88912855b845bd40c6b4bc8f3dd1d4b333ed2549cd3e8386987ee7c0c284f5a /cromwell-executions1/WholeGenomeGermlineSingleSample/d3b27253-def8-4fcc-8159-f1f8d49265cf/call-BamToGvcf/VariantCalling/17899b18-eba4-4779-b361-f95638baf358/call-HaplotypeCallerGATK4/shard-9/execution/script

# get the return code (working even if the container was detached)
rc=$(docker wait [38;5;5mcat /mnt/nas1/projects/lasr/blendseq/warp-pipelines/warp-gatk-germline-single-sample-pipeline-master/cromwell-executions1/WholeGenomeGermlineSingleSample/d3b27253-def8-4fcc-8159-f1f8d49265cf/call-BamToGvcf/VariantCalling/17899b18-eba4-4779-b361-f95638baf358/call-HaplotypeCallerGATK4/shard-9/execution/docker_cid[0m)

# remove the container after waiting
docker rm [38;5;5mcat /mnt/nas1/projects/lasr/blendseq/warp-pipelines/warp-gatk-germline-single-sample-pipeline-master/cromwell-executions1/WholeGenomeGermlineSingleSample/d3b27253-def8-4fcc-8159-f1f8d49265cf/call-BamToGvcf/VariantCalling/17899b18-eba4-4779-b361-f95638baf358/call-HaplotypeCallerGATK4/shard-9/execution/docker_cid[0m

# return exit code
exit $rc
[2026-04-09 06:20:07,42] [info] 17899b18-eba4-4779-b361-f95638baf358-SubWorkflowActor-SubWorkflow-BamToGvcf:-1:1 [[38;5;2m17899b18[0m]: Starting VariantCalling.DragenHardFilterVcf
[2026-04-09 06:20:11,06] [info] BackgroundConfigAsyncJobExecutionActor [[38;5;2m17899b18[0mVariantCalling.HaplotypeCallerGATK4:9:1]: job id: 767068
[2026-04-09 06:20:11,06] [info] BackgroundConfigAsyncJobExecutionActor [[38;5;2m17899b18[0mVariantCalling.HaplotypeCallerGATK4:9:1]: Status change from - to WaitingForReturnCode
[2026-04-09 07:27:57,69] [info] BackgroundConfigAsyncJobExecutionActor [[38;5;2m17899b18[0mVariantCalling.HaplotypeCallerGATK4:9:1]: Status change from WaitingForReturnCode to Done
[2026-04-09 07:27:59,28] [info] 17899b18-eba4-4779-b361-f95638baf358-SubWorkflowActor-SubWorkflow-BamToGvcf:-1:1 [[38;5;2m17899b18[0m]: Starting VariantCalling.DragenHardFilterVcf
[2026-04-09 07:28:06,18] [info] Assigned new job execution tokens to the following groups: d3b27253: 1
[2026-04-09 07:28:06,20] [[38;5;220mwarn[0m] BackgroundConfigAsyncJobExecutionActor [[38;5;2m17899b18[0mVariantCalling.HaplotypeCallerGATK4:25:1]: Unrecognized runtime attribute keys: preemptible, bootDiskSizeGb, disks, cpu, memory
[2026-04-09 07:28:06,41] [info] BackgroundConfigAsyncJobExecutionActor [[38;5;2m17899b18[0mVariantCalling.HaplotypeCallerGATK4:25:1]: [38;5;5mset -e

# We need at least 1 GB of available memory outside of the Java heap in order to execute native code, thus, limit
# Java's memory by the total memory minus 1 GB. We need to compute the total memory as it might differ from
# memory_size_gb because of Cromwell's retry with more memory feature.
mem_unit=$(echo "${MEM_UNIT:-}" | cut -c 1)

if [[ $mem_unit == "M" ]]; then
  available_memory_mb=$(awk "BEGIN {print int($MEM_SIZE)}")
elif [[ $mem_unit == "G" ]]; then
  available_memory_mb=$(awk "BEGIN {print int($MEM_SIZE * 1024)}")
else
  available_memory_mb=$(free -m | awk '/^Mem/ {print $2}')
fi

let java_memory_size_mb=available_memory_mb-1024
echo Total available memory: ${available_memory_mb} MB >&2
echo Memory reserved for Java: ${java_memory_size_mb} MB >&2

gatk --java-options "-Xmx300g -Xms300g -XX:GCTimeLimit=50 -XX:GCHeapFreeLimit=10" \
  HaplotypeCaller \
  -R /cromwell-executions1/WholeGenomeGermlineSingleSample/d3b27253-def8-4fcc-8159-f1f8d49265cf/call-BamToGvcf/VariantCalling/17899b18-eba4-4779-b361-f95638baf358/call-HaplotypeCallerGATK4/shard-25/inputs/-1569105944/Homo_sapiens_assembly38_masked.fasta \
  -I /cromwell-executions1/WholeGenomeGermlineSingleSample/d3b27253-def8-4fcc-8159-f1f8d49265cf/call-BamToGvcf/VariantCalling/17899b18-eba4-4779-b361-f95638baf358/call-HaplotypeCallerGATK4/shard-25/inputs/-861879968/ERR3684866_ILMN.bam \
  -L /cromwell-executions1/WholeGenomeGermlineSingleSample/d3b27253-def8-4fcc-8159-f1f8d49265cf/call-BamToGvcf/VariantCalling/17899b18-eba4-4779-b361-f95638baf358/call-HaplotypeCallerGATK4/shard-25/inputs/-718183620/33scattered.interval_list \
  -O ERR3684866_ILMN.g.vcf.gz \
  -contamination 0.0 \
  -G StandardAnnotation -G StandardHCAnnotation -G AS_StandardAnnotation \
  --dragen-mode \
   \
  --dragstr-params-path /cromwell-executions1/WholeGenomeGermlineSingleSample/d3b27253-def8-4fcc-8159-f1f8d49265cf/call-BamToGvcf/VariantCalling/17899b18-eba4-4779-b361-f95638baf358/call-HaplotypeCallerGATK4/shard-25/inputs/399900554/ERR3684866_ILMN.bam.dragstr \
  -GQB 10 -GQB 20 -GQB 30 -GQB 40 -GQB 50 -GQB 60 -GQB 70 -GQB 80 -GQB 90 \
  -ERC GVCF \
  

# Cromwell doesn't like optional task outputs, so we have to touch this file.
touch ERR3684866_ILMN.bamout.bam[0m
[2026-04-09 07:28:06,41] [info] BackgroundConfigAsyncJobExecutionActor [[38;5;2m17899b18[0mVariantCalling.HaplotypeCallerGATK4:25:1]: executing: # make sure there is no preexisting Docker CID file
rm -f /mnt/nas1/projects/lasr/blendseq/warp-pipelines/warp-gatk-germline-single-sample-pipeline-master/cromwell-executions1/WholeGenomeGermlineSingleSample/d3b27253-def8-4fcc-8159-f1f8d49265cf/call-BamToGvcf/VariantCalling/17899b18-eba4-4779-b361-f95638baf358/call-HaplotypeCallerGATK4/shard-25/execution/docker_cid
# run as in the original configuration without --rm flag (will remove later)
docker run \
  --cidfile /mnt/nas1/projects/lasr/blendseq/warp-pipelines/warp-gatk-germline-single-sample-pipeline-master/cromwell-executions1/WholeGenomeGermlineSingleSample/d3b27253-def8-4fcc-8159-f1f8d49265cf/call-BamToGvcf/VariantCalling/17899b18-eba4-4779-b361-f95638baf358/call-HaplotypeCallerGATK4/shard-25/execution/docker_cid \
  -i \
  --user 1027:1028 \
  --cpus="64" \
  --memory="409600m" \
  --entrypoint /bin/bash \
  -v /mnt/nas1/projects/lasr/blendseq/warp-pipelines/warp-gatk-germline-single-sample-pipeline-master/cromwell-executions1/WholeGenomeGermlineSingleSample/d3b27253-def8-4fcc-8159-f1f8d49265cf/call-BamToGvcf/VariantCalling/17899b18-eba4-4779-b361-f95638baf358/call-HaplotypeCallerGATK4/shard-25:/cromwell-executions1/WholeGenomeGermlineSingleSample/d3b27253-def8-4fcc-8159-f1f8d49265cf/call-BamToGvcf/VariantCalling/17899b18-eba4-4779-b361-f95638baf358/call-HaplotypeCallerGATK4/shard-25 \
  -v /mnt/nas1/projects/lasr/blendseq:/mnt/nas1/projects/lasr/blendseq \
  us.gcr.io/broad-gatk/gatk@sha256:c88912855b845bd40c6b4bc8f3dd1d4b333ed2549cd3e8386987ee7c0c284f5a /cromwell-executions1/WholeGenomeGermlineSingleSample/d3b27253-def8-4fcc-8159-f1f8d49265cf/call-BamToGvcf/VariantCalling/17899b18-eba4-4779-b361-f95638baf358/call-HaplotypeCallerGATK4/shard-25/execution/script

# get the return code (working even if the container was detached)
rc=$(docker wait [38;5;5mcat /mnt/nas1/projects/lasr/blendseq/warp-pipelines/warp-gatk-germline-single-sample-pipeline-master/cromwell-executions1/WholeGenomeGermlineSingleSample/d3b27253-def8-4fcc-8159-f1f8d49265cf/call-BamToGvcf/VariantCalling/17899b18-eba4-4779-b361-f95638baf358/call-HaplotypeCallerGATK4/shard-25/execution/docker_cid[0m)

# remove the container after waiting
docker rm [38;5;5mcat /mnt/nas1/projects/lasr/blendseq/warp-pipelines/warp-gatk-germline-single-sample-pipeline-master/cromwell-executions1/WholeGenomeGermlineSingleSample/d3b27253-def8-4fcc-8159-f1f8d49265cf/call-BamToGvcf/VariantCalling/17899b18-eba4-4779-b361-f95638baf358/call-HaplotypeCallerGATK4/shard-25/execution/docker_cid[0m

# return exit code
exit $rc
[2026-04-09 07:28:11,06] [info] BackgroundConfigAsyncJobExecutionActor [[38;5;2m17899b18[0mVariantCalling.HaplotypeCallerGATK4:25:1]: job id: 768276
[2026-04-09 07:28:11,07] [info] BackgroundConfigAsyncJobExecutionActor [[38;5;2m17899b18[0mVariantCalling.HaplotypeCallerGATK4:25:1]: Status change from - to WaitingForReturnCode
[2026-04-09 08:28:23,81] [info] BackgroundConfigAsyncJobExecutionActor [[38;5;2m17899b18[0mVariantCalling.HaplotypeCallerGATK4:25:1]: Status change from WaitingForReturnCode to Done
[2026-04-09 08:28:25,40] [info] 17899b18-eba4-4779-b361-f95638baf358-SubWorkflowActor-SubWorkflow-BamToGvcf:-1:1 [[38;5;2m17899b18[0m]: Starting VariantCalling.DragenHardFilterVcf
[2026-04-09 08:28:26,18] [info] Assigned new job execution tokens to the following groups: d3b27253: 1
[2026-04-09 08:28:26,20] [[38;5;220mwarn[0m] BackgroundConfigAsyncJobExecutionActor [[38;5;2m17899b18[0mVariantCalling.HaplotypeCallerGATK4:41:1]: Unrecognized runtime attribute keys: preemptible, bootDiskSizeGb, disks, cpu, memory
[2026-04-09 08:28:26,38] [info] BackgroundConfigAsyncJobExecutionActor [[38;5;2m17899b18[0mVariantCalling.HaplotypeCallerGATK4:41:1]: [38;5;5mset -e

# We need at least 1 GB of available memory outside of the Java heap in order to execute native code, thus, limit
# Java's memory by the total memory minus 1 GB. We need to compute the total memory as it might differ from
# memory_size_gb because of Cromwell's retry with more memory feature.
mem_unit=$(echo "${MEM_UNIT:-}" | cut -c 1)

if [[ $mem_unit == "M" ]]; then
  available_memory_mb=$(awk "BEGIN {print int($MEM_SIZE)}")
elif [[ $mem_unit == "G" ]]; then
  available_memory_mb=$(awk "BEGIN {print int($MEM_SIZE * 1024)}")
else
  available_memory_mb=$(free -m | awk '/^Mem/ {print $2}')
fi

let java_memory_size_mb=available_memory_mb-1024
echo Total available memory: ${available_memory_mb} MB >&2
echo Memory reserved for Java: ${java_memory_size_mb} MB >&2

gatk --java-options "-Xmx300g -Xms300g -XX:GCTimeLimit=50 -XX:GCHeapFreeLimit=10" \
  HaplotypeCaller \
  -R /cromwell-executions1/WholeGenomeGermlineSingleSample/d3b27253-def8-4fcc-8159-f1f8d49265cf/call-BamToGvcf/VariantCalling/17899b18-eba4-4779-b361-f95638baf358/call-HaplotypeCallerGATK4/shard-41/inputs/-1569105944/Homo_sapiens_assembly38_masked.fasta \
  -I /cromwell-executions1/WholeGenomeGermlineSingleSample/d3b27253-def8-4fcc-8159-f1f8d49265cf/call-BamToGvcf/VariantCalling/17899b18-eba4-4779-b361-f95638baf358/call-HaplotypeCallerGATK4/shard-41/inputs/-861879968/ERR3684866_ILMN.bam \
  -L /cromwell-executions1/WholeGenomeGermlineSingleSample/d3b27253-def8-4fcc-8159-f1f8d49265cf/call-BamToGvcf/VariantCalling/17899b18-eba4-4779-b361-f95638baf358/call-HaplotypeCallerGATK4/shard-41/inputs/-718183620/48scattered.interval_list \
  -O ERR3684866_ILMN.g.vcf.gz \
  -contamination 0.0 \
  -G StandardAnnotation -G StandardHCAnnotation -G AS_StandardAnnotation \
  --dragen-mode \
   \
  --dragstr-params-path /cromwell-executions1/WholeGenomeGermlineSingleSample/d3b27253-def8-4fcc-8159-f1f8d49265cf/call-BamToGvcf/VariantCalling/17899b18-eba4-4779-b361-f95638baf358/call-HaplotypeCallerGATK4/shard-41/inputs/399900554/ERR3684866_ILMN.bam.dragstr \
  -GQB 10 -GQB 20 -GQB 30 -GQB 40 -GQB 50 -GQB 60 -GQB 70 -GQB 80 -GQB 90 \
  -ERC GVCF \
  

# Cromwell doesn't like optional task outputs, so we have to touch this file.
touch ERR3684866_ILMN.bamout.bam[0m
[2026-04-09 08:28:26,39] [info] BackgroundConfigAsyncJobExecutionActor [[38;5;2m17899b18[0mVariantCalling.HaplotypeCallerGATK4:41:1]: executing: # make sure there is no preexisting Docker CID file
rm -f /mnt/nas1/projects/lasr/blendseq/warp-pipelines/warp-gatk-germline-single-sample-pipeline-master/cromwell-executions1/WholeGenomeGermlineSingleSample/d3b27253-def8-4fcc-8159-f1f8d49265cf/call-BamToGvcf/VariantCalling/17899b18-eba4-4779-b361-f95638baf358/call-HaplotypeCallerGATK4/shard-41/execution/docker_cid
# run as in the original configuration without --rm flag (will remove later)
docker run \
  --cidfile /mnt/nas1/projects/lasr/blendseq/warp-pipelines/warp-gatk-germline-single-sample-pipeline-master/cromwell-executions1/WholeGenomeGermlineSingleSample/d3b27253-def8-4fcc-8159-f1f8d49265cf/call-BamToGvcf/VariantCalling/17899b18-eba4-4779-b361-f95638baf358/call-HaplotypeCallerGATK4/shard-41/execution/docker_cid \
  -i \
  --user 1027:1028 \
  --cpus="64" \
  --memory="409600m" \
  --entrypoint /bin/bash \
  -v /mnt/nas1/projects/lasr/blendseq/warp-pipelines/warp-gatk-germline-single-sample-pipeline-master/cromwell-executions1/WholeGenomeGermlineSingleSample/d3b27253-def8-4fcc-8159-f1f8d49265cf/call-BamToGvcf/VariantCalling/17899b18-eba4-4779-b361-f95638baf358/call-HaplotypeCallerGATK4/shard-41:/cromwell-executions1/WholeGenomeGermlineSingleSample/d3b27253-def8-4fcc-8159-f1f8d49265cf/call-BamToGvcf/VariantCalling/17899b18-eba4-4779-b361-f95638baf358/call-HaplotypeCallerGATK4/shard-41 \
  -v /mnt/nas1/projects/lasr/blendseq:/mnt/nas1/projects/lasr/blendseq \
  us.gcr.io/broad-gatk/gatk@sha256:c88912855b845bd40c6b4bc8f3dd1d4b333ed2549cd3e8386987ee7c0c284f5a /cromwell-executions1/WholeGenomeGermlineSingleSample/d3b27253-def8-4fcc-8159-f1f8d49265cf/call-BamToGvcf/VariantCalling/17899b18-eba4-4779-b361-f95638baf358/call-HaplotypeCallerGATK4/shard-41/execution/script

# get the return code (working even if the container was detached)
rc=$(docker wait [38;5;5mcat /mnt/nas1/projects/lasr/blendseq/warp-pipelines/warp-gatk-germline-single-sample-pipeline-master/cromwell-executions1/WholeGenomeGermlineSingleSample/d3b27253-def8-4fcc-8159-f1f8d49265cf/call-BamToGvcf/VariantCalling/17899b18-eba4-4779-b361-f95638baf358/call-HaplotypeCallerGATK4/shard-41/execution/docker_cid[0m)

# remove the container after waiting
docker rm [38;5;5mcat /mnt/nas1/projects/lasr/blendseq/warp-pipelines/warp-gatk-germline-single-sample-pipeline-master/cromwell-executions1/WholeGenomeGermlineSingleSample/d3b27253-def8-4fcc-8159-f1f8d49265cf/call-BamToGvcf/VariantCalling/17899b18-eba4-4779-b361-f95638baf358/call-HaplotypeCallerGATK4/shard-41/execution/docker_cid[0m

# return exit code
exit $rc
[2026-04-09 08:28:31,07] [info] BackgroundConfigAsyncJobExecutionActor [[38;5;2m17899b18[0mVariantCalling.HaplotypeCallerGATK4:41:1]: job id: 769321
[2026-04-09 08:28:31,07] [info] BackgroundConfigAsyncJobExecutionActor [[38;5;2m17899b18[0mVariantCalling.HaplotypeCallerGATK4:41:1]: Status change from - to WaitingForReturnCode
[2026-04-09 08:51:16,65] [info] BackgroundConfigAsyncJobExecutionActor [[38;5;2m17899b18[0mVariantCalling.HaplotypeCallerGATK4:41:1]: Status change from WaitingForReturnCode to Done
[2026-04-09 08:51:18,34] [info] 17899b18-eba4-4779-b361-f95638baf358-SubWorkflowActor-SubWorkflow-BamToGvcf:-1:1 [[38;5;2m17899b18[0m]: Starting VariantCalling.DragenHardFilterVcf
[2026-04-09 08:51:26,18] [info] Assigned new job execution tokens to the following groups: d3b27253: 1
[2026-04-09 08:51:26,20] [[38;5;220mwarn[0m] BackgroundConfigAsyncJobExecutionActor [[38;5;2m17899b18[0mVariantCalling.HaplotypeCallerGATK4:37:1]: Unrecognized runtime attribute keys: preemptible, bootDiskSizeGb, disks, cpu, memory
[2026-04-09 08:51:26,39] [info] BackgroundConfigAsyncJobExecutionActor [[38;5;2m17899b18[0mVariantCalling.HaplotypeCallerGATK4:37:1]: [38;5;5mset -e

# We need at least 1 GB of available memory outside of the Java heap in order to execute native code, thus, limit
# Java's memory by the total memory minus 1 GB. We need to compute the total memory as it might differ from
# memory_size_gb because of Cromwell's retry with more memory feature.
mem_unit=$(echo "${MEM_UNIT:-}" | cut -c 1)

if [[ $mem_unit == "M" ]]; then
  available_memory_mb=$(awk "BEGIN {print int($MEM_SIZE)}")
elif [[ $mem_unit == "G" ]]; then
  available_memory_mb=$(awk "BEGIN {print int($MEM_SIZE * 1024)}")
else
  available_memory_mb=$(free -m | awk '/^Mem/ {print $2}')
fi

let java_memory_size_mb=available_memory_mb-1024
echo Total available memory: ${available_memory_mb} MB >&2
echo Memory reserved for Java: ${java_memory_size_mb} MB >&2

gatk --java-options "-Xmx300g -Xms300g -XX:GCTimeLimit=50 -XX:GCHeapFreeLimit=10" \
  HaplotypeCaller \
  -R /cromwell-executions1/WholeGenomeGermlineSingleSample/d3b27253-def8-4fcc-8159-f1f8d49265cf/call-BamToGvcf/VariantCalling/17899b18-eba4-4779-b361-f95638baf358/call-HaplotypeCallerGATK4/shard-37/inputs/-1569105944/Homo_sapiens_assembly38_masked.fasta \
  -I /cromwell-executions1/WholeGenomeGermlineSingleSample/d3b27253-def8-4fcc-8159-f1f8d49265cf/call-BamToGvcf/VariantCalling/17899b18-eba4-4779-b361-f95638baf358/call-HaplotypeCallerGATK4/shard-37/inputs/-861879968/ERR3684866_ILMN.bam \
  -L /cromwell-executions1/WholeGenomeGermlineSingleSample/d3b27253-def8-4fcc-8159-f1f8d49265cf/call-BamToGvcf/VariantCalling/17899b18-eba4-4779-b361-f95638baf358/call-HaplotypeCallerGATK4/shard-37/inputs/-718183620/44scattered.interval_list \
  -O ERR3684866_ILMN.g.vcf.gz \
  -contamination 0.0 \
  -G StandardAnnotation -G StandardHCAnnotation -G AS_StandardAnnotation \
  --dragen-mode \
   \
  --dragstr-params-path /cromwell-executions1/WholeGenomeGermlineSingleSample/d3b27253-def8-4fcc-8159-f1f8d49265cf/call-BamToGvcf/VariantCalling/17899b18-eba4-4779-b361-f95638baf358/call-HaplotypeCallerGATK4/shard-37/inputs/399900554/ERR3684866_ILMN.bam.dragstr \
  -GQB 10 -GQB 20 -GQB 30 -GQB 40 -GQB 50 -GQB 60 -GQB 70 -GQB 80 -GQB 90 \
  -ERC GVCF \
  

# Cromwell doesn't like optional task outputs, so we have to touch this file.
touch ERR3684866_ILMN.bamout.bam[0m
[2026-04-09 08:51:26,39] [info] BackgroundConfigAsyncJobExecutionActor [[38;5;2m17899b18[0mVariantCalling.HaplotypeCallerGATK4:37:1]: executing: # make sure there is no preexisting Docker CID file
rm -f /mnt/nas1/projects/lasr/blendseq/warp-pipelines/warp-gatk-germline-single-sample-pipeline-master/cromwell-executions1/WholeGenomeGermlineSingleSample/d3b27253-def8-4fcc-8159-f1f8d49265cf/call-BamToGvcf/VariantCalling/17899b18-eba4-4779-b361-f95638baf358/call-HaplotypeCallerGATK4/shard-37/execution/docker_cid
# run as in the original configuration without --rm flag (will remove later)
docker run \
  --cidfile /mnt/nas1/projects/lasr/blendseq/warp-pipelines/warp-gatk-germline-single-sample-pipeline-master/cromwell-executions1/WholeGenomeGermlineSingleSample/d3b27253-def8-4fcc-8159-f1f8d49265cf/call-BamToGvcf/VariantCalling/17899b18-eba4-4779-b361-f95638baf358/call-HaplotypeCallerGATK4/shard-37/execution/docker_cid \
  -i \
  --user 1027:1028 \
  --cpus="64" \
  --memory="409600m" \
  --entrypoint /bin/bash \
  -v /mnt/nas1/projects/lasr/blendseq/warp-pipelines/warp-gatk-germline-single-sample-pipeline-master/cromwell-executions1/WholeGenomeGermlineSingleSample/d3b27253-def8-4fcc-8159-f1f8d49265cf/call-BamToGvcf/VariantCalling/17899b18-eba4-4779-b361-f95638baf358/call-HaplotypeCallerGATK4/shard-37:/cromwell-executions1/WholeGenomeGermlineSingleSample/d3b27253-def8-4fcc-8159-f1f8d49265cf/call-BamToGvcf/VariantCalling/17899b18-eba4-4779-b361-f95638baf358/call-HaplotypeCallerGATK4/shard-37 \
  -v /mnt/nas1/projects/lasr/blendseq:/mnt/nas1/projects/lasr/blendseq \
  us.gcr.io/broad-gatk/gatk@sha256:c88912855b845bd40c6b4bc8f3dd1d4b333ed2549cd3e8386987ee7c0c284f5a /cromwell-executions1/WholeGenomeGermlineSingleSample/d3b27253-def8-4fcc-8159-f1f8d49265cf/call-BamToGvcf/VariantCalling/17899b18-eba4-4779-b361-f95638baf358/call-HaplotypeCallerGATK4/shard-37/execution/script

# get the return code (working even if the container was detached)
rc=$(docker wait [38;5;5mcat /mnt/nas1/projects/lasr/blendseq/warp-pipelines/warp-gatk-germline-single-sample-pipeline-master/cromwell-executions1/WholeGenomeGermlineSingleSample/d3b27253-def8-4fcc-8159-f1f8d49265cf/call-BamToGvcf/VariantCalling/17899b18-eba4-4779-b361-f95638baf358/call-HaplotypeCallerGATK4/shard-37/execution/docker_cid[0m)

# remove the container after waiting
docker rm [38;5;5mcat /mnt/nas1/projects/lasr/blendseq/warp-pipelines/warp-gatk-germline-single-sample-pipeline-master/cromwell-executions1/WholeGenomeGermlineSingleSample/d3b27253-def8-4fcc-8159-f1f8d49265cf/call-BamToGvcf/VariantCalling/17899b18-eba4-4779-b361-f95638baf358/call-HaplotypeCallerGATK4/shard-37/execution/docker_cid[0m

# return exit code
exit $rc
[2026-04-09 08:51:31,06] [info] BackgroundConfigAsyncJobExecutionActor [[38;5;2m17899b18[0mVariantCalling.HaplotypeCallerGATK4:37:1]: job id: 770051
[2026-04-09 08:51:31,07] [info] BackgroundConfigAsyncJobExecutionActor [[38;5;2m17899b18[0mVariantCalling.HaplotypeCallerGATK4:37:1]: Status change from - to WaitingForReturnCode
[2026-04-09 10:03:02,25] [info] BackgroundConfigAsyncJobExecutionActor [[38;5;2m17899b18[0mVariantCalling.HaplotypeCallerGATK4:37:1]: Status change from WaitingForReturnCode to Done
[2026-04-09 10:03:03,78] [info] 17899b18-eba4-4779-b361-f95638baf358-SubWorkflowActor-SubWorkflow-BamToGvcf:-1:1 [[38;5;2m17899b18[0m]: Starting VariantCalling.DragenHardFilterVcf
[2026-04-09 10:03:06,18] [info] Assigned new job execution tokens to the following groups: d3b27253: 1
[2026-04-09 10:03:06,20] [[38;5;220mwarn[0m] BackgroundConfigAsyncJobExecutionActor [[38;5;2m17899b18[0mVariantCalling.HaplotypeCallerGATK4:34:1]: Unrecognized runtime attribute keys: preemptible, bootDiskSizeGb, disks, cpu, memory
[2026-04-09 10:03:06,37] [info] BackgroundConfigAsyncJobExecutionActor [[38;5;2m17899b18[0mVariantCalling.HaplotypeCallerGATK4:34:1]: [38;5;5mset -e

# We need at least 1 GB of available memory outside of the Java heap in order to execute native code, thus, limit
# Java's memory by the total memory minus 1 GB. We need to compute the total memory as it might differ from
# memory_size_gb because of Cromwell's retry with more memory feature.
mem_unit=$(echo "${MEM_UNIT:-}" | cut -c 1)

if [[ $mem_unit == "M" ]]; then
  available_memory_mb=$(awk "BEGIN {print int($MEM_SIZE)}")
elif [[ $mem_unit == "G" ]]; then
  available_memory_mb=$(awk "BEGIN {print int($MEM_SIZE * 1024)}")
else
  available_memory_mb=$(free -m | awk '/^Mem/ {print $2}')
fi

let java_memory_size_mb=available_memory_mb-1024
echo Total available memory: ${available_memory_mb} MB >&2
echo Memory reserved for Java: ${java_memory_size_mb} MB >&2

gatk --java-options "-Xmx300g -Xms300g -XX:GCTimeLimit=50 -XX:GCHeapFreeLimit=10" \
  HaplotypeCaller \
  -R /cromwell-executions1/WholeGenomeGermlineSingleSample/d3b27253-def8-4fcc-8159-f1f8d49265cf/call-BamToGvcf/VariantCalling/17899b18-eba4-4779-b361-f95638baf358/call-HaplotypeCallerGATK4/shard-34/inputs/-1569105944/Homo_sapiens_assembly38_masked.fasta \
  -I /cromwell-executions1/WholeGenomeGermlineSingleSample/d3b27253-def8-4fcc-8159-f1f8d49265cf/call-BamToGvcf/VariantCalling/17899b18-eba4-4779-b361-f95638baf358/call-HaplotypeCallerGATK4/shard-34/inputs/-861879968/ERR3684866_ILMN.bam \
  -L /cromwell-executions1/WholeGenomeGermlineSingleSample/d3b27253-def8-4fcc-8159-f1f8d49265cf/call-BamToGvcf/VariantCalling/17899b18-eba4-4779-b361-f95638baf358/call-HaplotypeCallerGATK4/shard-34/inputs/-718183620/41scattered.interval_list \
  -O ERR3684866_ILMN.g.vcf.gz \
  -contamination 0.0 \
  -G StandardAnnotation -G StandardHCAnnotation -G AS_StandardAnnotation \
  --dragen-mode \
   \
  --dragstr-params-path /cromwell-executions1/WholeGenomeGermlineSingleSample/d3b27253-def8-4fcc-8159-f1f8d49265cf/call-BamToGvcf/VariantCalling/17899b18-eba4-4779-b361-f95638baf358/call-HaplotypeCallerGATK4/shard-34/inputs/399900554/ERR3684866_ILMN.bam.dragstr \
  -GQB 10 -GQB 20 -GQB 30 -GQB 40 -GQB 50 -GQB 60 -GQB 70 -GQB 80 -GQB 90 \
  -ERC GVCF \
  

# Cromwell doesn't like optional task outputs, so we have to touch this file.
touch ERR3684866_ILMN.bamout.bam[0m
[2026-04-09 10:03:06,38] [info] BackgroundConfigAsyncJobExecutionActor [[38;5;2m17899b18[0mVariantCalling.HaplotypeCallerGATK4:34:1]: executing: # make sure there is no preexisting Docker CID file
rm -f /mnt/nas1/projects/lasr/blendseq/warp-pipelines/warp-gatk-germline-single-sample-pipeline-master/cromwell-executions1/WholeGenomeGermlineSingleSample/d3b27253-def8-4fcc-8159-f1f8d49265cf/call-BamToGvcf/VariantCalling/17899b18-eba4-4779-b361-f95638baf358/call-HaplotypeCallerGATK4/shard-34/execution/docker_cid
# run as in the original configuration without --rm flag (will remove later)
docker run \
  --cidfile /mnt/nas1/projects/lasr/blendseq/warp-pipelines/warp-gatk-germline-single-sample-pipeline-master/cromwell-executions1/WholeGenomeGermlineSingleSample/d3b27253-def8-4fcc-8159-f1f8d49265cf/call-BamToGvcf/VariantCalling/17899b18-eba4-4779-b361-f95638baf358/call-HaplotypeCallerGATK4/shard-34/execution/docker_cid \
  -i \
  --user 1027:1028 \
  --cpus="64" \
  --memory="409600m" \
  --entrypoint /bin/bash \
  -v /mnt/nas1/projects/lasr/blendseq/warp-pipelines/warp-gatk-germline-single-sample-pipeline-master/cromwell-executions1/WholeGenomeGermlineSingleSample/d3b27253-def8-4fcc-8159-f1f8d49265cf/call-BamToGvcf/VariantCalling/17899b18-eba4-4779-b361-f95638baf358/call-HaplotypeCallerGATK4/shard-34:/cromwell-executions1/WholeGenomeGermlineSingleSample/d3b27253-def8-4fcc-8159-f1f8d49265cf/call-BamToGvcf/VariantCalling/17899b18-eba4-4779-b361-f95638baf358/call-HaplotypeCallerGATK4/shard-34 \
  -v /mnt/nas1/projects/lasr/blendseq:/mnt/nas1/projects/lasr/blendseq \
  us.gcr.io/broad-gatk/gatk@sha256:c88912855b845bd40c6b4bc8f3dd1d4b333ed2549cd3e8386987ee7c0c284f5a /cromwell-executions1/WholeGenomeGermlineSingleSample/d3b27253-def8-4fcc-8159-f1f8d49265cf/call-BamToGvcf/VariantCalling/17899b18-eba4-4779-b361-f95638baf358/call-HaplotypeCallerGATK4/shard-34/execution/script

# get the return code (working even if the container was detached)
rc=$(docker wait [38;5;5mcat /mnt/nas1/projects/lasr/blendseq/warp-pipelines/warp-gatk-germline-single-sample-pipeline-master/cromwell-executions1/WholeGenomeGermlineSingleSample/d3b27253-def8-4fcc-8159-f1f8d49265cf/call-BamToGvcf/VariantCalling/17899b18-eba4-4779-b361-f95638baf358/call-HaplotypeCallerGATK4/shard-34/execution/docker_cid[0m)

# remove the container after waiting
docker rm [38;5;5mcat /mnt/nas1/projects/lasr/blendseq/warp-pipelines/warp-gatk-germline-single-sample-pipeline-master/cromwell-executions1/WholeGenomeGermlineSingleSample/d3b27253-def8-4fcc-8159-f1f8d49265cf/call-BamToGvcf/VariantCalling/17899b18-eba4-4779-b361-f95638baf358/call-HaplotypeCallerGATK4/shard-34/execution/docker_cid[0m

# return exit code
exit $rc
[2026-04-09 10:03:11,07] [info] BackgroundConfigAsyncJobExecutionActor [[38;5;2m17899b18[0mVariantCalling.HaplotypeCallerGATK4:34:1]: job id: 771420
[2026-04-09 10:03:11,07] [info] BackgroundConfigAsyncJobExecutionActor [[38;5;2m17899b18[0mVariantCalling.HaplotypeCallerGATK4:34:1]: Status change from - to WaitingForReturnCode
[2026-04-09 12:11:49,62] [info] BackgroundConfigAsyncJobExecutionActor [[38;5;2m17899b18[0mVariantCalling.HaplotypeCallerGATK4:34:1]: Status change from WaitingForReturnCode to Done
[2026-04-09 12:11:51,32] [info] 17899b18-eba4-4779-b361-f95638baf358-SubWorkflowActor-SubWorkflow-BamToGvcf:-1:1 [[38;5;2m17899b18[0m]: Starting VariantCalling.DragenHardFilterVcf
[2026-04-09 12:11:56,18] [info] Assigned new job execution tokens to the following groups: d3b27253: 1
[2026-04-09 12:11:56,20] [[38;5;220mwarn[0m] BackgroundConfigAsyncJobExecutionActor [[38;5;2m17899b18[0mVariantCalling.HaplotypeCallerGATK4:6:1]: Unrecognized runtime attribute keys: preemptible, bootDiskSizeGb, disks, cpu, memory
[2026-04-09 12:11:56,38] [info] BackgroundConfigAsyncJobExecutionActor [[38;5;2m17899b18[0mVariantCalling.HaplotypeCallerGATK4:6:1]: [38;5;5mset -e

# We need at least 1 GB of available memory outside of the Java heap in order to execute native code, thus, limit
# Java's memory by the total memory minus 1 GB. We need to compute the total memory as it might differ from
# memory_size_gb because of Cromwell's retry with more memory feature.
mem_unit=$(echo "${MEM_UNIT:-}" | cut -c 1)

if [[ $mem_unit == "M" ]]; then
  available_memory_mb=$(awk "BEGIN {print int($MEM_SIZE)}")
elif [[ $mem_unit == "G" ]]; then
  available_memory_mb=$(awk "BEGIN {print int($MEM_SIZE * 1024)}")
else
  available_memory_mb=$(free -m | awk '/^Mem/ {print $2}')
fi

let java_memory_size_mb=available_memory_mb-1024
echo Total available memory: ${available_memory_mb} MB >&2
echo Memory reserved for Java: ${java_memory_size_mb} MB >&2

gatk --java-options "-Xmx300g -Xms300g -XX:GCTimeLimit=50 -XX:GCHeapFreeLimit=10" \
  HaplotypeCaller \
  -R /cromwell-executions1/WholeGenomeGermlineSingleSample/d3b27253-def8-4fcc-8159-f1f8d49265cf/call-BamToGvcf/VariantCalling/17899b18-eba4-4779-b361-f95638baf358/call-HaplotypeCallerGATK4/shard-6/inputs/-1569105944/Homo_sapiens_assembly38_masked.fasta \
  -I /cromwell-executions1/WholeGenomeGermlineSingleSample/d3b27253-def8-4fcc-8159-f1f8d49265cf/call-BamToGvcf/VariantCalling/17899b18-eba4-4779-b361-f95638baf358/call-HaplotypeCallerGATK4/shard-6/inputs/-861879968/ERR3684866_ILMN.bam \
  -L /cromwell-executions1/WholeGenomeGermlineSingleSample/d3b27253-def8-4fcc-8159-f1f8d49265cf/call-BamToGvcf/VariantCalling/17899b18-eba4-4779-b361-f95638baf358/call-HaplotypeCallerGATK4/shard-6/inputs/-718183620/16scattered.interval_list \
  -O ERR3684866_ILMN.g.vcf.gz \
  -contamination 0.0 \
  -G StandardAnnotation -G StandardHCAnnotation -G AS_StandardAnnotation \
  --dragen-mode \
   \
  --dragstr-params-path /cromwell-executions1/WholeGenomeGermlineSingleSample/d3b27253-def8-4fcc-8159-f1f8d49265cf/call-BamToGvcf/VariantCalling/17899b18-eba4-4779-b361-f95638baf358/call-HaplotypeCallerGATK4/shard-6/inputs/399900554/ERR3684866_ILMN.bam.dragstr \
  -GQB 10 -GQB 20 -GQB 30 -GQB 40 -GQB 50 -GQB 60 -GQB 70 -GQB 80 -GQB 90 \
  -ERC GVCF \
  

# Cromwell doesn't like optional task outputs, so we have to touch this file.
touch ERR3684866_ILMN.bamout.bam[0m
[2026-04-09 12:11:56,39] [info] BackgroundConfigAsyncJobExecutionActor [[38;5;2m17899b18[0mVariantCalling.HaplotypeCallerGATK4:6:1]: executing: # make sure there is no preexisting Docker CID file
rm -f /mnt/nas1/projects/lasr/blendseq/warp-pipelines/warp-gatk-germline-single-sample-pipeline-master/cromwell-executions1/WholeGenomeGermlineSingleSample/d3b27253-def8-4fcc-8159-f1f8d49265cf/call-BamToGvcf/VariantCalling/17899b18-eba4-4779-b361-f95638baf358/call-HaplotypeCallerGATK4/shard-6/execution/docker_cid
# run as in the original configuration without --rm flag (will remove later)
docker run \
  --cidfile /mnt/nas1/projects/lasr/blendseq/warp-pipelines/warp-gatk-germline-single-sample-pipeline-master/cromwell-executions1/WholeGenomeGermlineSingleSample/d3b27253-def8-4fcc-8159-f1f8d49265cf/call-BamToGvcf/VariantCalling/17899b18-eba4-4779-b361-f95638baf358/call-HaplotypeCallerGATK4/shard-6/execution/docker_cid \
  -i \
  --user 1027:1028 \
  --cpus="64" \
  --memory="409600m" \
  --entrypoint /bin/bash \
  -v /mnt/nas1/projects/lasr/blendseq/warp-pipelines/warp-gatk-germline-single-sample-pipeline-master/cromwell-executions1/WholeGenomeGermlineSingleSample/d3b27253-def8-4fcc-8159-f1f8d49265cf/call-BamToGvcf/VariantCalling/17899b18-eba4-4779-b361-f95638baf358/call-HaplotypeCallerGATK4/shard-6:/cromwell-executions1/WholeGenomeGermlineSingleSample/d3b27253-def8-4fcc-8159-f1f8d49265cf/call-BamToGvcf/VariantCalling/17899b18-eba4-4779-b361-f95638baf358/call-HaplotypeCallerGATK4/shard-6 \
  -v /mnt/nas1/projects/lasr/blendseq:/mnt/nas1/projects/lasr/blendseq \
  us.gcr.io/broad-gatk/gatk@sha256:c88912855b845bd40c6b4bc8f3dd1d4b333ed2549cd3e8386987ee7c0c284f5a /cromwell-executions1/WholeGenomeGermlineSingleSample/d3b27253-def8-4fcc-8159-f1f8d49265cf/call-BamToGvcf/VariantCalling/17899b18-eba4-4779-b361-f95638baf358/call-HaplotypeCallerGATK4/shard-6/execution/script

# get the return code (working even if the container was detached)
rc=$(docker wait [38;5;5mcat /mnt/nas1/projects/lasr/blendseq/warp-pipelines/warp-gatk-germline-single-sample-pipeline-master/cromwell-executions1/WholeGenomeGermlineSingleSample/d3b27253-def8-4fcc-8159-f1f8d49265cf/call-BamToGvcf/VariantCalling/17899b18-eba4-4779-b361-f95638baf358/call-HaplotypeCallerGATK4/shard-6/execution/docker_cid[0m)

# remove the container after waiting
docker rm [38;5;5mcat /mnt/nas1/projects/lasr/blendseq/warp-pipelines/warp-gatk-germline-single-sample-pipeline-master/cromwell-executions1/WholeGenomeGermlineSingleSample/d3b27253-def8-4fcc-8159-f1f8d49265cf/call-BamToGvcf/VariantCalling/17899b18-eba4-4779-b361-f95638baf358/call-HaplotypeCallerGATK4/shard-6/execution/docker_cid[0m

# return exit code
exit $rc
[2026-04-09 12:12:01,07] [info] BackgroundConfigAsyncJobExecutionActor [[38;5;2m17899b18[0mVariantCalling.HaplotypeCallerGATK4:6:1]: job id: 773804
[2026-04-09 12:12:01,07] [info] BackgroundConfigAsyncJobExecutionActor [[38;5;2m17899b18[0mVariantCalling.HaplotypeCallerGATK4:6:1]: Status change from - to WaitingForReturnCode
[2026-04-09 13:17:44,39] [info] BackgroundConfigAsyncJobExecutionActor [[38;5;2m17899b18[0mVariantCalling.HaplotypeCallerGATK4:6:1]: Status change from WaitingForReturnCode to Done
[2026-04-09 13:17:45,88] [info] 17899b18-eba4-4779-b361-f95638baf358-SubWorkflowActor-SubWorkflow-BamToGvcf:-1:1 [[38;5;2m17899b18[0m]: Starting VariantCalling.DragenHardFilterVcf
[2026-04-09 13:17:46,18] [info] Assigned new job execution tokens to the following groups: d3b27253: 1
[2026-04-09 13:17:46,20] [[38;5;220mwarn[0m] BackgroundConfigAsyncJobExecutionActor [[38;5;2m17899b18[0mVariantCalling.HaplotypeCallerGATK4:15:1]: Unrecognized runtime attribute keys: preemptible, bootDiskSizeGb, disks, cpu, memory
[2026-04-09 13:17:46,90] [info] BackgroundConfigAsyncJobExecutionActor [[38;5;2m17899b18[0mVariantCalling.HaplotypeCallerGATK4:15:1]: [38;5;5mset -e

# We need at least 1 GB of available memory outside of the Java heap in order to execute native code, thus, limit
# Java's memory by the total memory minus 1 GB. We need to compute the total memory as it might differ from
# memory_size_gb because of Cromwell's retry with more memory feature.
mem_unit=$(echo "${MEM_UNIT:-}" | cut -c 1)

if [[ $mem_unit == "M" ]]; then
  available_memory_mb=$(awk "BEGIN {print int($MEM_SIZE)}")
elif [[ $mem_unit == "G" ]]; then
  available_memory_mb=$(awk "BEGIN {print int($MEM_SIZE * 1024)}")
else
  available_memory_mb=$(free -m | awk '/^Mem/ {print $2}')
fi

let java_memory_size_mb=available_memory_mb-1024
echo Total available memory: ${available_memory_mb} MB >&2
echo Memory reserved for Java: ${java_memory_size_mb} MB >&2

gatk --java-options "-Xmx300g -Xms300g -XX:GCTimeLimit=50 -XX:GCHeapFreeLimit=10" \
  HaplotypeCaller \
  -R /cromwell-executions1/WholeGenomeGermlineSingleSample/d3b27253-def8-4fcc-8159-f1f8d49265cf/call-BamToGvcf/VariantCalling/17899b18-eba4-4779-b361-f95638baf358/call-HaplotypeCallerGATK4/shard-15/inputs/-1569105944/Homo_sapiens_assembly38_masked.fasta \
  -I /cromwell-executions1/WholeGenomeGermlineSingleSample/d3b27253-def8-4fcc-8159-f1f8d49265cf/call-BamToGvcf/VariantCalling/17899b18-eba4-4779-b361-f95638baf358/call-HaplotypeCallerGATK4/shard-15/inputs/-861879968/ERR3684866_ILMN.bam \
  -L /cromwell-executions1/WholeGenomeGermlineSingleSample/d3b27253-def8-4fcc-8159-f1f8d49265cf/call-BamToGvcf/VariantCalling/17899b18-eba4-4779-b361-f95638baf358/call-HaplotypeCallerGATK4/shard-15/inputs/-718183620/24scattered.interval_list \
  -O ERR3684866_ILMN.g.vcf.gz \
  -contamination 0.0 \
  -G StandardAnnotation -G StandardHCAnnotation -G AS_StandardAnnotation \
  --dragen-mode \
   \
  --dragstr-params-path /cromwell-executions1/WholeGenomeGermlineSingleSample/d3b27253-def8-4fcc-8159-f1f8d49265cf/call-BamToGvcf/VariantCalling/17899b18-eba4-4779-b361-f95638baf358/call-HaplotypeCallerGATK4/shard-15/inputs/399900554/ERR3684866_ILMN.bam.dragstr \
  -GQB 10 -GQB 20 -GQB 30 -GQB 40 -GQB 50 -GQB 60 -GQB 70 -GQB 80 -GQB 90 \
  -ERC GVCF \
  

# Cromwell doesn't like optional task outputs, so we have to touch this file.
touch ERR3684866_ILMN.bamout.bam[0m
[2026-04-09 13:17:46,90] [info] BackgroundConfigAsyncJobExecutionActor [[38;5;2m17899b18[0mVariantCalling.HaplotypeCallerGATK4:15:1]: executing: # make sure there is no preexisting Docker CID file
rm -f /mnt/nas1/projects/lasr/blendseq/warp-pipelines/warp-gatk-germline-single-sample-pipeline-master/cromwell-executions1/WholeGenomeGermlineSingleSample/d3b27253-def8-4fcc-8159-f1f8d49265cf/call-BamToGvcf/VariantCalling/17899b18-eba4-4779-b361-f95638baf358/call-HaplotypeCallerGATK4/shard-15/execution/docker_cid
# run as in the original configuration without --rm flag (will remove later)
docker run \
  --cidfile /mnt/nas1/projects/lasr/blendseq/warp-pipelines/warp-gatk-germline-single-sample-pipeline-master/cromwell-executions1/WholeGenomeGermlineSingleSample/d3b27253-def8-4fcc-8159-f1f8d49265cf/call-BamToGvcf/VariantCalling/17899b18-eba4-4779-b361-f95638baf358/call-HaplotypeCallerGATK4/shard-15/execution/docker_cid \
  -i \
  --user 1027:1028 \
  --cpus="64" \
  --memory="409600m" \
  --entrypoint /bin/bash \
  -v /mnt/nas1/projects/lasr/blendseq/warp-pipelines/warp-gatk-germline-single-sample-pipeline-master/cromwell-executions1/WholeGenomeGermlineSingleSample/d3b27253-def8-4fcc-8159-f1f8d49265cf/call-BamToGvcf/VariantCalling/17899b18-eba4-4779-b361-f95638baf358/call-HaplotypeCallerGATK4/shard-15:/cromwell-executions1/WholeGenomeGermlineSingleSample/d3b27253-def8-4fcc-8159-f1f8d49265cf/call-BamToGvcf/VariantCalling/17899b18-eba4-4779-b361-f95638baf358/call-HaplotypeCallerGATK4/shard-15 \
  -v /mnt/nas1/projects/lasr/blendseq:/mnt/nas1/projects/lasr/blendseq \
  us.gcr.io/broad-gatk/gatk@sha256:c88912855b845bd40c6b4bc8f3dd1d4b333ed2549cd3e8386987ee7c0c284f5a /cromwell-executions1/WholeGenomeGermlineSingleSample/d3b27253-def8-4fcc-8159-f1f8d49265cf/call-BamToGvcf/VariantCalling/17899b18-eba4-4779-b361-f95638baf358/call-HaplotypeCallerGATK4/shard-15/execution/script

# get the return code (working even if the container was detached)
rc=$(docker wait [38;5;5mcat /mnt/nas1/projects/lasr/blendseq/warp-pipelines/warp-gatk-germline-single-sample-pipeline-master/cromwell-executions1/WholeGenomeGermlineSingleSample/d3b27253-def8-4fcc-8159-f1f8d49265cf/call-BamToGvcf/VariantCalling/17899b18-eba4-4779-b361-f95638baf358/call-HaplotypeCallerGATK4/shard-15/execution/docker_cid[0m)

# remove the container after waiting
docker rm [38;5;5mcat /mnt/nas1/projects/lasr/blendseq/warp-pipelines/warp-gatk-germline-single-sample-pipeline-master/cromwell-executions1/WholeGenomeGermlineSingleSample/d3b27253-def8-4fcc-8159-f1f8d49265cf/call-BamToGvcf/VariantCalling/17899b18-eba4-4779-b361-f95638baf358/call-HaplotypeCallerGATK4/shard-15/execution/docker_cid[0m

# return exit code
exit $rc
[2026-04-09 13:17:51,06] [info] BackgroundConfigAsyncJobExecutionActor [[38;5;2m17899b18[0mVariantCalling.HaplotypeCallerGATK4:15:1]: job id: 774892
[2026-04-09 13:17:51,07] [info] BackgroundConfigAsyncJobExecutionActor [[38;5;2m17899b18[0mVariantCalling.HaplotypeCallerGATK4:15:1]: Status change from - to WaitingForReturnCode
[2026-04-09 14:27:00,22] [info] BackgroundConfigAsyncJobExecutionActor [[38;5;2m17899b18[0mVariantCalling.HaplotypeCallerGATK4:15:1]: Status change from WaitingForReturnCode to Done
[2026-04-09 14:27:01,38] [info] 17899b18-eba4-4779-b361-f95638baf358-SubWorkflowActor-SubWorkflow-BamToGvcf:-1:1 [[38;5;2m17899b18[0m]: Starting VariantCalling.DragenHardFilterVcf
[2026-04-09 14:27:06,18] [info] Assigned new job execution tokens to the following groups: d3b27253: 1
[2026-04-09 14:27:06,20] [[38;5;220mwarn[0m] BackgroundConfigAsyncJobExecutionActor [[38;5;2m17899b18[0mVariantCalling.HaplotypeCallerGATK4:10:1]: Unrecognized runtime attribute keys: preemptible, bootDiskSizeGb, disks, cpu, memory
[2026-04-09 14:27:06,40] [info] BackgroundConfigAsyncJobExecutionActor [[38;5;2m17899b18[0mVariantCalling.HaplotypeCallerGATK4:10:1]: [38;5;5mset -e

# We need at least 1 GB of available memory outside of the Java heap in order to execute native code, thus, limit
# Java's memory by the total memory minus 1 GB. We need to compute the total memory as it might differ from
# memory_size_gb because of Cromwell's retry with more memory feature.
mem_unit=$(echo "${MEM_UNIT:-}" | cut -c 1)

if [[ $mem_unit == "M" ]]; then
  available_memory_mb=$(awk "BEGIN {print int($MEM_SIZE)}")
elif [[ $mem_unit == "G" ]]; then
  available_memory_mb=$(awk "BEGIN {print int($MEM_SIZE * 1024)}")
else
  available_memory_mb=$(free -m | awk '/^Mem/ {print $2}')
fi

let java_memory_size_mb=available_memory_mb-1024
echo Total available memory: ${available_memory_mb} MB >&2
echo Memory reserved for Java: ${java_memory_size_mb} MB >&2

gatk --java-options "-Xmx300g -Xms300g -XX:GCTimeLimit=50 -XX:GCHeapFreeLimit=10" \
  HaplotypeCaller \
  -R /cromwell-executions1/WholeGenomeGermlineSingleSample/d3b27253-def8-4fcc-8159-f1f8d49265cf/call-BamToGvcf/VariantCalling/17899b18-eba4-4779-b361-f95638baf358/call-HaplotypeCallerGATK4/shard-10/inputs/-1569105944/Homo_sapiens_assembly38_masked.fasta \
  -I /cromwell-executions1/WholeGenomeGermlineSingleSample/d3b27253-def8-4fcc-8159-f1f8d49265cf/call-BamToGvcf/VariantCalling/17899b18-eba4-4779-b361-f95638baf358/call-HaplotypeCallerGATK4/shard-10/inputs/-861879968/ERR3684866_ILMN.bam \
  -L /cromwell-executions1/WholeGenomeGermlineSingleSample/d3b27253-def8-4fcc-8159-f1f8d49265cf/call-BamToGvcf/VariantCalling/17899b18-eba4-4779-b361-f95638baf358/call-HaplotypeCallerGATK4/shard-10/inputs/-718183620/1scattered.interval_list \
  -O ERR3684866_ILMN.g.vcf.gz \
  -contamination 0.0 \
  -G StandardAnnotation -G StandardHCAnnotation -G AS_StandardAnnotation \
  --dragen-mode \
   \
  --dragstr-params-path /cromwell-executions1/WholeGenomeGermlineSingleSample/d3b27253-def8-4fcc-8159-f1f8d49265cf/call-BamToGvcf/VariantCalling/17899b18-eba4-4779-b361-f95638baf358/call-HaplotypeCallerGATK4/shard-10/inputs/399900554/ERR3684866_ILMN.bam.dragstr \
  -GQB 10 -GQB 20 -GQB 30 -GQB 40 -GQB 50 -GQB 60 -GQB 70 -GQB 80 -GQB 90 \
  -ERC GVCF \
  

# Cromwell doesn't like optional task outputs, so we have to touch this file.
touch ERR3684866_ILMN.bamout.bam[0m
[2026-04-09 14:27:06,41] [info] BackgroundConfigAsyncJobExecutionActor [[38;5;2m17899b18[0mVariantCalling.HaplotypeCallerGATK4:10:1]: executing: # make sure there is no preexisting Docker CID file
rm -f /mnt/nas1/projects/lasr/blendseq/warp-pipelines/warp-gatk-germline-single-sample-pipeline-master/cromwell-executions1/WholeGenomeGermlineSingleSample/d3b27253-def8-4fcc-8159-f1f8d49265cf/call-BamToGvcf/VariantCalling/17899b18-eba4-4779-b361-f95638baf358/call-HaplotypeCallerGATK4/shard-10/execution/docker_cid
# run as in the original configuration without --rm flag (will remove later)
docker run \
  --cidfile /mnt/nas1/projects/lasr/blendseq/warp-pipelines/warp-gatk-germline-single-sample-pipeline-master/cromwell-executions1/WholeGenomeGermlineSingleSample/d3b27253-def8-4fcc-8159-f1f8d49265cf/call-BamToGvcf/VariantCalling/17899b18-eba4-4779-b361-f95638baf358/call-HaplotypeCallerGATK4/shard-10/execution/docker_cid \
  -i \
  --user 1027:1028 \
  --cpus="64" \
  --memory="409600m" \
  --entrypoint /bin/bash \
  -v /mnt/nas1/projects/lasr/blendseq/warp-pipelines/warp-gatk-germline-single-sample-pipeline-master/cromwell-executions1/WholeGenomeGermlineSingleSample/d3b27253-def8-4fcc-8159-f1f8d49265cf/call-BamToGvcf/VariantCalling/17899b18-eba4-4779-b361-f95638baf358/call-HaplotypeCallerGATK4/shard-10:/cromwell-executions1/WholeGenomeGermlineSingleSample/d3b27253-def8-4fcc-8159-f1f8d49265cf/call-BamToGvcf/VariantCalling/17899b18-eba4-4779-b361-f95638baf358/call-HaplotypeCallerGATK4/shard-10 \
  -v /mnt/nas1/projects/lasr/blendseq:/mnt/nas1/projects/lasr/blendseq \
  us.gcr.io/broad-gatk/gatk@sha256:c88912855b845bd40c6b4bc8f3dd1d4b333ed2549cd3e8386987ee7c0c284f5a /cromwell-executions1/WholeGenomeGermlineSingleSample/d3b27253-def8-4fcc-8159-f1f8d49265cf/call-BamToGvcf/VariantCalling/17899b18-eba4-4779-b361-f95638baf358/call-HaplotypeCallerGATK4/shard-10/execution/script

# get the return code (working even if the container was detached)
rc=$(docker wait [38;5;5mcat /mnt/nas1/projects/lasr/blendseq/warp-pipelines/warp-gatk-germline-single-sample-pipeline-master/cromwell-executions1/WholeGenomeGermlineSingleSample/d3b27253-def8-4fcc-8159-f1f8d49265cf/call-BamToGvcf/VariantCalling/17899b18-eba4-4779-b361-f95638baf358/call-HaplotypeCallerGATK4/shard-10/execution/docker_cid[0m)

# remove the container after waiting
docker rm [38;5;5mcat /mnt/nas1/projects/lasr/blendseq/warp-pipelines/warp-gatk-germline-single-sample-pipeline-master/cromwell-executions1/WholeGenomeGermlineSingleSample/d3b27253-def8-4fcc-8159-f1f8d49265cf/call-BamToGvcf/VariantCalling/17899b18-eba4-4779-b361-f95638baf358/call-HaplotypeCallerGATK4/shard-10/execution/docker_cid[0m

# return exit code
exit $rc
[2026-04-09 14:27:11,07] [info] BackgroundConfigAsyncJobExecutionActor [[38;5;2m17899b18[0mVariantCalling.HaplotypeCallerGATK4:10:1]: job id: 775993
[2026-04-09 14:27:11,07] [info] BackgroundConfigAsyncJobExecutionActor [[38;5;2m17899b18[0mVariantCalling.HaplotypeCallerGATK4:10:1]: Status change from - to WaitingForReturnCode
[2026-04-09 15:35:19,66] [info] BackgroundConfigAsyncJobExecutionActor [[38;5;2m17899b18[0mVariantCalling.HaplotypeCallerGATK4:10:1]: Status change from WaitingForReturnCode to Done
[2026-04-09 15:35:20,78] [info] 17899b18-eba4-4779-b361-f95638baf358-SubWorkflowActor-SubWorkflow-BamToGvcf:-1:1 [[38;5;2m17899b18[0m]: Starting VariantCalling.DragenHardFilterVcf
[2026-04-09 15:35:26,18] [info] Assigned new job execution tokens to the following groups: d3b27253: 1
[2026-04-09 15:35:26,20] [[38;5;220mwarn[0m] BackgroundConfigAsyncJobExecutionActor [[38;5;2m17899b18[0mVariantCalling.HaplotypeCallerGATK4:11:1]: Unrecognized runtime attribute keys: preemptible, bootDiskSizeGb, disks, cpu, memory
[2026-04-09 15:35:26,41] [info] BackgroundConfigAsyncJobExecutionActor [[38;5;2m17899b18[0mVariantCalling.HaplotypeCallerGATK4:11:1]: [38;5;5mset -e

# We need at least 1 GB of available memory outside of the Java heap in order to execute native code, thus, limit
# Java's memory by the total memory minus 1 GB. We need to compute the total memory as it might differ from
# memory_size_gb because of Cromwell's retry with more memory feature.
mem_unit=$(echo "${MEM_UNIT:-}" | cut -c 1)

if [[ $mem_unit == "M" ]]; then
  available_memory_mb=$(awk "BEGIN {print int($MEM_SIZE)}")
elif [[ $mem_unit == "G" ]]; then
  available_memory_mb=$(awk "BEGIN {print int($MEM_SIZE * 1024)}")
else
  available_memory_mb=$(free -m | awk '/^Mem/ {print $2}')
fi

let java_memory_size_mb=available_memory_mb-1024
echo Total available memory: ${available_memory_mb} MB >&2
echo Memory reserved for Java: ${java_memory_size_mb} MB >&2

gatk --java-options "-Xmx300g -Xms300g -XX:GCTimeLimit=50 -XX:GCHeapFreeLimit=10" \
  HaplotypeCaller \
  -R /cromwell-executions1/WholeGenomeGermlineSingleSample/d3b27253-def8-4fcc-8159-f1f8d49265cf/call-BamToGvcf/VariantCalling/17899b18-eba4-4779-b361-f95638baf358/call-HaplotypeCallerGATK4/shard-11/inputs/-1569105944/Homo_sapiens_assembly38_masked.fasta \
  -I /cromwell-executions1/WholeGenomeGermlineSingleSample/d3b27253-def8-4fcc-8159-f1f8d49265cf/call-BamToGvcf/VariantCalling/17899b18-eba4-4779-b361-f95638baf358/call-HaplotypeCallerGATK4/shard-11/inputs/-861879968/ERR3684866_ILMN.bam \
  -L /cromwell-executions1/WholeGenomeGermlineSingleSample/d3b27253-def8-4fcc-8159-f1f8d49265cf/call-BamToGvcf/VariantCalling/17899b18-eba4-4779-b361-f95638baf358/call-HaplotypeCallerGATK4/shard-11/inputs/-718183620/20scattered.interval_list \
  -O ERR3684866_ILMN.g.vcf.gz \
  -contamination 0.0 \
  -G StandardAnnotation -G StandardHCAnnotation -G AS_StandardAnnotation \
  --dragen-mode \
   \
  --dragstr-params-path /cromwell-executions1/WholeGenomeGermlineSingleSample/d3b27253-def8-4fcc-8159-f1f8d49265cf/call-BamToGvcf/VariantCalling/17899b18-eba4-4779-b361-f95638baf358/call-HaplotypeCallerGATK4/shard-11/inputs/399900554/ERR3684866_ILMN.bam.dragstr \
  -GQB 10 -GQB 20 -GQB 30 -GQB 40 -GQB 50 -GQB 60 -GQB 70 -GQB 80 -GQB 90 \
  -ERC GVCF \
  

# Cromwell doesn't like optional task outputs, so we have to touch this file.
touch ERR3684866_ILMN.bamout.bam[0m
[2026-04-09 15:35:26,42] [info] BackgroundConfigAsyncJobExecutionActor [[38;5;2m17899b18[0mVariantCalling.HaplotypeCallerGATK4:11:1]: executing: # make sure there is no preexisting Docker CID file
rm -f /mnt/nas1/projects/lasr/blendseq/warp-pipelines/warp-gatk-germline-single-sample-pipeline-master/cromwell-executions1/WholeGenomeGermlineSingleSample/d3b27253-def8-4fcc-8159-f1f8d49265cf/call-BamToGvcf/VariantCalling/17899b18-eba4-4779-b361-f95638baf358/call-HaplotypeCallerGATK4/shard-11/execution/docker_cid
# run as in the original configuration without --rm flag (will remove later)
docker run \
  --cidfile /mnt/nas1/projects/lasr/blendseq/warp-pipelines/warp-gatk-germline-single-sample-pipeline-master/cromwell-executions1/WholeGenomeGermlineSingleSample/d3b27253-def8-4fcc-8159-f1f8d49265cf/call-BamToGvcf/VariantCalling/17899b18-eba4-4779-b361-f95638baf358/call-HaplotypeCallerGATK4/shard-11/execution/docker_cid \
  -i \
  --user 1027:1028 \
  --cpus="64" \
  --memory="409600m" \
  --entrypoint /bin/bash \
  -v /mnt/nas1/projects/lasr/blendseq/warp-pipelines/warp-gatk-germline-single-sample-pipeline-master/cromwell-executions1/WholeGenomeGermlineSingleSample/d3b27253-def8-4fcc-8159-f1f8d49265cf/call-BamToGvcf/VariantCalling/17899b18-eba4-4779-b361-f95638baf358/call-HaplotypeCallerGATK4/shard-11:/cromwell-executions1/WholeGenomeGermlineSingleSample/d3b27253-def8-4fcc-8159-f1f8d49265cf/call-BamToGvcf/VariantCalling/17899b18-eba4-4779-b361-f95638baf358/call-HaplotypeCallerGATK4/shard-11 \
  -v /mnt/nas1/projects/lasr/blendseq:/mnt/nas1/projects/lasr/blendseq \
  us.gcr.io/broad-gatk/gatk@sha256:c88912855b845bd40c6b4bc8f3dd1d4b333ed2549cd3e8386987ee7c0c284f5a /cromwell-executions1/WholeGenomeGermlineSingleSample/d3b27253-def8-4fcc-8159-f1f8d49265cf/call-BamToGvcf/VariantCalling/17899b18-eba4-4779-b361-f95638baf358/call-HaplotypeCallerGATK4/shard-11/execution/script

# get the return code (working even if the container was detached)
rc=$(docker wait [38;5;5mcat /mnt/nas1/projects/lasr/blendseq/warp-pipelines/warp-gatk-germline-single-sample-pipeline-master/cromwell-executions1/WholeGenomeGermlineSingleSample/d3b27253-def8-4fcc-8159-f1f8d49265cf/call-BamToGvcf/VariantCalling/17899b18-eba4-4779-b361-f95638baf358/call-HaplotypeCallerGATK4/shard-11/execution/docker_cid[0m)

# remove the container after waiting
docker rm [38;5;5mcat /mnt/nas1/projects/lasr/blendseq/warp-pipelines/warp-gatk-germline-single-sample-pipeline-master/cromwell-executions1/WholeGenomeGermlineSingleSample/d3b27253-def8-4fcc-8159-f1f8d49265cf/call-BamToGvcf/VariantCalling/17899b18-eba4-4779-b361-f95638baf358/call-HaplotypeCallerGATK4/shard-11/execution/docker_cid[0m

# return exit code
exit $rc
[2026-04-09 15:35:31,07] [info] BackgroundConfigAsyncJobExecutionActor [[38;5;2m17899b18[0mVariantCalling.HaplotypeCallerGATK4:11:1]: job id: 777096
[2026-04-09 15:35:31,07] [info] BackgroundConfigAsyncJobExecutionActor [[38;5;2m17899b18[0mVariantCalling.HaplotypeCallerGATK4:11:1]: Status change from - to WaitingForReturnCode
[2026-04-09 16:27:39,99] [info] BackgroundConfigAsyncJobExecutionActor [[38;5;2m17899b18[0mVariantCalling.HaplotypeCallerGATK4:11:1]: Status change from WaitingForReturnCode to Done
[2026-04-09 16:27:41,38] [info] 17899b18-eba4-4779-b361-f95638baf358-SubWorkflowActor-SubWorkflow-BamToGvcf:-1:1 [[38;5;2m17899b18[0m]: Starting VariantCalling.DragenHardFilterVcf
[2026-04-09 16:27:46,18] [info] Assigned new job execution tokens to the following groups: d3b27253: 1
[2026-04-09 16:27:46,20] [[38;5;220mwarn[0m] BackgroundConfigAsyncJobExecutionActor [[38;5;2m17899b18[0mVariantCalling.HaplotypeCallerGATK4:47:1]: Unrecognized runtime attribute keys: preemptible, bootDiskSizeGb, disks, cpu, memory
[2026-04-09 16:27:46,39] [info] BackgroundConfigAsyncJobExecutionActor [[38;5;2m17899b18[0mVariantCalling.HaplotypeCallerGATK4:47:1]: [38;5;5mset -e

# We need at least 1 GB of available memory outside of the Java heap in order to execute native code, thus, limit
# Java's memory by the total memory minus 1 GB. We need to compute the total memory as it might differ from
# memory_size_gb because of Cromwell's retry with more memory feature.
mem_unit=$(echo "${MEM_UNIT:-}" | cut -c 1)

if [[ $mem_unit == "M" ]]; then
  available_memory_mb=$(awk "BEGIN {print int($MEM_SIZE)}")
elif [[ $mem_unit == "G" ]]; then
  available_memory_mb=$(awk "BEGIN {print int($MEM_SIZE * 1024)}")
else
  available_memory_mb=$(free -m | awk '/^Mem/ {print $2}')
fi

let java_memory_size_mb=available_memory_mb-1024
echo Total available memory: ${available_memory_mb} MB >&2
echo Memory reserved for Java: ${java_memory_size_mb} MB >&2

gatk --java-options "-Xmx300g -Xms300g -XX:GCTimeLimit=50 -XX:GCHeapFreeLimit=10" \
  HaplotypeCaller \
  -R /cromwell-executions1/WholeGenomeGermlineSingleSample/d3b27253-def8-4fcc-8159-f1f8d49265cf/call-BamToGvcf/VariantCalling/17899b18-eba4-4779-b361-f95638baf358/call-HaplotypeCallerGATK4/shard-47/inputs/-1569105944/Homo_sapiens_assembly38_masked.fasta \
  -I /cromwell-executions1/WholeGenomeGermlineSingleSample/d3b27253-def8-4fcc-8159-f1f8d49265cf/call-BamToGvcf/VariantCalling/17899b18-eba4-4779-b361-f95638baf358/call-HaplotypeCallerGATK4/shard-47/inputs/-861879968/ERR3684866_ILMN.bam \
  -L /cromwell-executions1/WholeGenomeGermlineSingleSample/d3b27253-def8-4fcc-8159-f1f8d49265cf/call-BamToGvcf/VariantCalling/17899b18-eba4-4779-b361-f95638baf358/call-HaplotypeCallerGATK4/shard-47/inputs/-718183620/7scattered.interval_list \
  -O ERR3684866_ILMN.g.vcf.gz \
  -contamination 0.0 \
  -G StandardAnnotation -G StandardHCAnnotation -G AS_StandardAnnotation \
  --dragen-mode \
   \
  --dragstr-params-path /cromwell-executions1/WholeGenomeGermlineSingleSample/d3b27253-def8-4fcc-8159-f1f8d49265cf/call-BamToGvcf/VariantCalling/17899b18-eba4-4779-b361-f95638baf358/call-HaplotypeCallerGATK4/shard-47/inputs/399900554/ERR3684866_ILMN.bam.dragstr \
  -GQB 10 -GQB 20 -GQB 30 -GQB 40 -GQB 50 -GQB 60 -GQB 70 -GQB 80 -GQB 90 \
  -ERC GVCF \
  

# Cromwell doesn't like optional task outputs, so we have to touch this file.
touch ERR3684866_ILMN.bamout.bam[0m
[2026-04-09 16:27:46,39] [info] BackgroundConfigAsyncJobExecutionActor [[38;5;2m17899b18[0mVariantCalling.HaplotypeCallerGATK4:47:1]: executing: # make sure there is no preexisting Docker CID file
rm -f /mnt/nas1/projects/lasr/blendseq/warp-pipelines/warp-gatk-germline-single-sample-pipeline-master/cromwell-executions1/WholeGenomeGermlineSingleSample/d3b27253-def8-4fcc-8159-f1f8d49265cf/call-BamToGvcf/VariantCalling/17899b18-eba4-4779-b361-f95638baf358/call-HaplotypeCallerGATK4/shard-47/execution/docker_cid
# run as in the original configuration without --rm flag (will remove later)
docker run \
  --cidfile /mnt/nas1/projects/lasr/blendseq/warp-pipelines/warp-gatk-germline-single-sample-pipeline-master/cromwell-executions1/WholeGenomeGermlineSingleSample/d3b27253-def8-4fcc-8159-f1f8d49265cf/call-BamToGvcf/VariantCalling/17899b18-eba4-4779-b361-f95638baf358/call-HaplotypeCallerGATK4/shard-47/execution/docker_cid \
  -i \
  --user 1027:1028 \
  --cpus="64" \
  --memory="409600m" \
  --entrypoint /bin/bash \
  -v /mnt/nas1/projects/lasr/blendseq/warp-pipelines/warp-gatk-germline-single-sample-pipeline-master/cromwell-executions1/WholeGenomeGermlineSingleSample/d3b27253-def8-4fcc-8159-f1f8d49265cf/call-BamToGvcf/VariantCalling/17899b18-eba4-4779-b361-f95638baf358/call-HaplotypeCallerGATK4/shard-47:/cromwell-executions1/WholeGenomeGermlineSingleSample/d3b27253-def8-4fcc-8159-f1f8d49265cf/call-BamToGvcf/VariantCalling/17899b18-eba4-4779-b361-f95638baf358/call-HaplotypeCallerGATK4/shard-47 \
  -v /mnt/nas1/projects/lasr/blendseq:/mnt/nas1/projects/lasr/blendseq \
  us.gcr.io/broad-gatk/gatk@sha256:c88912855b845bd40c6b4bc8f3dd1d4b333ed2549cd3e8386987ee7c0c284f5a /cromwell-executions1/WholeGenomeGermlineSingleSample/d3b27253-def8-4fcc-8159-f1f8d49265cf/call-BamToGvcf/VariantCalling/17899b18-eba4-4779-b361-f95638baf358/call-HaplotypeCallerGATK4/shard-47/execution/script

# get the return code (working even if the container was detached)
rc=$(docker wait [38;5;5mcat /mnt/nas1/projects/lasr/blendseq/warp-pipelines/warp-gatk-germline-single-sample-pipeline-master/cromwell-executions1/WholeGenomeGermlineSingleSample/d3b27253-def8-4fcc-8159-f1f8d49265cf/call-BamToGvcf/VariantCalling/17899b18-eba4-4779-b361-f95638baf358/call-HaplotypeCallerGATK4/shard-47/execution/docker_cid[0m)

# remove the container after waiting
docker rm [38;5;5mcat /mnt/nas1/projects/lasr/blendseq/warp-pipelines/warp-gatk-germline-single-sample-pipeline-master/cromwell-executions1/WholeGenomeGermlineSingleSample/d3b27253-def8-4fcc-8159-f1f8d49265cf/call-BamToGvcf/VariantCalling/17899b18-eba4-4779-b361-f95638baf358/call-HaplotypeCallerGATK4/shard-47/execution/docker_cid[0m

# return exit code
exit $rc
[2026-04-09 16:27:51,06] [info] BackgroundConfigAsyncJobExecutionActor [[38;5;2m17899b18[0mVariantCalling.HaplotypeCallerGATK4:47:1]: job id: 778080
[2026-04-09 16:27:51,07] [info] BackgroundConfigAsyncJobExecutionActor [[38;5;2m17899b18[0mVariantCalling.HaplotypeCallerGATK4:47:1]: Status change from - to WaitingForReturnCode
[2026-04-09 17:22:33,19] [info] BackgroundConfigAsyncJobExecutionActor [[38;5;2m17899b18[0mVariantCalling.HaplotypeCallerGATK4:47:1]: Status change from WaitingForReturnCode to Done
[2026-04-09 17:22:34,98] [info] 17899b18-eba4-4779-b361-f95638baf358-SubWorkflowActor-SubWorkflow-BamToGvcf:-1:1 [[38;5;2m17899b18[0m]: Starting VariantCalling.DragenHardFilterVcf
[2026-04-09 17:22:36,18] [info] Assigned new job execution tokens to the following groups: d3b27253: 1
[2026-04-09 17:22:36,20] [[38;5;220mwarn[0m] BackgroundConfigAsyncJobExecutionActor [[38;5;2m17899b18[0mVariantCalling.HaplotypeCallerGATK4:12:1]: Unrecognized runtime attribute keys: preemptible, bootDiskSizeGb, disks, cpu, memory
[2026-04-09 17:22:36,87] [info] BackgroundConfigAsyncJobExecutionActor [[38;5;2m17899b18[0mVariantCalling.HaplotypeCallerGATK4:12:1]: [38;5;5mset -e

# We need at least 1 GB of available memory outside of the Java heap in order to execute native code, thus, limit
# Java's memory by the total memory minus 1 GB. We need to compute the total memory as it might differ from
# memory_size_gb because of Cromwell's retry with more memory feature.
mem_unit=$(echo "${MEM_UNIT:-}" | cut -c 1)

if [[ $mem_unit == "M" ]]; then
  available_memory_mb=$(awk "BEGIN {print int($MEM_SIZE)}")
elif [[ $mem_unit == "G" ]]; then
  available_memory_mb=$(awk "BEGIN {print int($MEM_SIZE * 1024)}")
else
  available_memory_mb=$(free -m | awk '/^Mem/ {print $2}')
fi

let java_memory_size_mb=available_memory_mb-1024
echo Total available memory: ${available_memory_mb} MB >&2
echo Memory reserved for Java: ${java_memory_size_mb} MB >&2

gatk --java-options "-Xmx300g -Xms300g -XX:GCTimeLimit=50 -XX:GCHeapFreeLimit=10" \
  HaplotypeCaller \
  -R /cromwell-executions1/WholeGenomeGermlineSingleSample/d3b27253-def8-4fcc-8159-f1f8d49265cf/call-BamToGvcf/VariantCalling/17899b18-eba4-4779-b361-f95638baf358/call-HaplotypeCallerGATK4/shard-12/inputs/-1569105944/Homo_sapiens_assembly38_masked.fasta \
  -I /cromwell-executions1/WholeGenomeGermlineSingleSample/d3b27253-def8-4fcc-8159-f1f8d49265cf/call-BamToGvcf/VariantCalling/17899b18-eba4-4779-b361-f95638baf358/call-HaplotypeCallerGATK4/shard-12/inputs/-861879968/ERR3684866_ILMN.bam \
  -L /cromwell-executions1/WholeGenomeGermlineSingleSample/d3b27253-def8-4fcc-8159-f1f8d49265cf/call-BamToGvcf/VariantCalling/17899b18-eba4-4779-b361-f95638baf358/call-HaplotypeCallerGATK4/shard-12/inputs/-718183620/21scattered.interval_list \
  -O ERR3684866_ILMN.g.vcf.gz \
  -contamination 0.0 \
  -G StandardAnnotation -G StandardHCAnnotation -G AS_StandardAnnotation \
  --dragen-mode \
   \
  --dragstr-params-path /cromwell-executions1/WholeGenomeGermlineSingleSample/d3b27253-def8-4fcc-8159-f1f8d49265cf/call-BamToGvcf/VariantCalling/17899b18-eba4-4779-b361-f95638baf358/call-HaplotypeCallerGATK4/shard-12/inputs/399900554/ERR3684866_ILMN.bam.dragstr \
  -GQB 10 -GQB 20 -GQB 30 -GQB 40 -GQB 50 -GQB 60 -GQB 70 -GQB 80 -GQB 90 \
  -ERC GVCF \
  

# Cromwell doesn't like optional task outputs, so we have to touch this file.
touch ERR3684866_ILMN.bamout.bam[0m
[2026-04-09 17:22:36,88] [info] BackgroundConfigAsyncJobExecutionActor [[38;5;2m17899b18[0mVariantCalling.HaplotypeCallerGATK4:12:1]: executing: # make sure there is no preexisting Docker CID file
rm -f /mnt/nas1/projects/lasr/blendseq/warp-pipelines/warp-gatk-germline-single-sample-pipeline-master/cromwell-executions1/WholeGenomeGermlineSingleSample/d3b27253-def8-4fcc-8159-f1f8d49265cf/call-BamToGvcf/VariantCalling/17899b18-eba4-4779-b361-f95638baf358/call-HaplotypeCallerGATK4/shard-12/execution/docker_cid
# run as in the original configuration without --rm flag (will remove later)
docker run \
  --cidfile /mnt/nas1/projects/lasr/blendseq/warp-pipelines/warp-gatk-germline-single-sample-pipeline-master/cromwell-executions1/WholeGenomeGermlineSingleSample/d3b27253-def8-4fcc-8159-f1f8d49265cf/call-BamToGvcf/VariantCalling/17899b18-eba4-4779-b361-f95638baf358/call-HaplotypeCallerGATK4/shard-12/execution/docker_cid \
  -i \
  --user 1027:1028 \
  --cpus="64" \
  --memory="409600m" \
  --entrypoint /bin/bash \
  -v /mnt/nas1/projects/lasr/blendseq/warp-pipelines/warp-gatk-germline-single-sample-pipeline-master/cromwell-executions1/WholeGenomeGermlineSingleSample/d3b27253-def8-4fcc-8159-f1f8d49265cf/call-BamToGvcf/VariantCalling/17899b18-eba4-4779-b361-f95638baf358/call-HaplotypeCallerGATK4/shard-12:/cromwell-executions1/WholeGenomeGermlineSingleSample/d3b27253-def8-4fcc-8159-f1f8d49265cf/call-BamToGvcf/VariantCalling/17899b18-eba4-4779-b361-f95638baf358/call-HaplotypeCallerGATK4/shard-12 \
  -v /mnt/nas1/projects/lasr/blendseq:/mnt/nas1/projects/lasr/blendseq \
  us.gcr.io/broad-gatk/gatk@sha256:c88912855b845bd40c6b4bc8f3dd1d4b333ed2549cd3e8386987ee7c0c284f5a /cromwell-executions1/WholeGenomeGermlineSingleSample/d3b27253-def8-4fcc-8159-f1f8d49265cf/call-BamToGvcf/VariantCalling/17899b18-eba4-4779-b361-f95638baf358/call-HaplotypeCallerGATK4/shard-12/execution/script

# get the return code (working even if the container was detached)
rc=$(docker wait [38;5;5mcat /mnt/nas1/projects/lasr/blendseq/warp-pipelines/warp-gatk-germline-single-sample-pipeline-master/cromwell-executions1/WholeGenomeGermlineSingleSample/d3b27253-def8-4fcc-8159-f1f8d49265cf/call-BamToGvcf/VariantCalling/17899b18-eba4-4779-b361-f95638baf358/call-HaplotypeCallerGATK4/shard-12/execution/docker_cid[0m)

# remove the container after waiting
docker rm [38;5;5mcat /mnt/nas1/projects/lasr/blendseq/warp-pipelines/warp-gatk-germline-single-sample-pipeline-master/cromwell-executions1/WholeGenomeGermlineSingleSample/d3b27253-def8-4fcc-8159-f1f8d49265cf/call-BamToGvcf/VariantCalling/17899b18-eba4-4779-b361-f95638baf358/call-HaplotypeCallerGATK4/shard-12/execution/docker_cid[0m

# return exit code
exit $rc
[2026-04-09 17:22:41,06] [info] BackgroundConfigAsyncJobExecutionActor [[38;5;2m17899b18[0mVariantCalling.HaplotypeCallerGATK4:12:1]: job id: 779083
[2026-04-09 17:22:41,07] [info] BackgroundConfigAsyncJobExecutionActor [[38;5;2m17899b18[0mVariantCalling.HaplotypeCallerGATK4:12:1]: Status change from - to WaitingForReturnCode
[2026-04-09 18:22:28,43] [info] BackgroundConfigAsyncJobExecutionActor [[38;5;2m17899b18[0mVariantCalling.HaplotypeCallerGATK4:12:1]: Status change from WaitingForReturnCode to Done
[2026-04-09 18:22:29,48] [info] 17899b18-eba4-4779-b361-f95638baf358-SubWorkflowActor-SubWorkflow-BamToGvcf:-1:1 [[38;5;2m17899b18[0m]: Starting VariantCalling.DragenHardFilterVcf
[2026-04-09 18:22:36,18] [info] Assigned new job execution tokens to the following groups: d3b27253: 1
[2026-04-09 18:22:36,20] [[38;5;220mwarn[0m] BackgroundConfigAsyncJobExecutionActor [[38;5;2ma3f933c1[0mBamToCram.ValidateCram:NA:1]: Unrecognized runtime attribute keys: preemptible, disks, memory
[2026-04-09 18:27:42,66] [info] BackgroundConfigAsyncJobExecutionActor [[38;5;2ma3f933c1[0mBamToCram.ValidateCram:NA:1]: [38;5;5mjava -Xms15000m -Xmx15500m -jar /usr/picard/picard.jar \
  ValidateSamFile \
  INPUT=/cromwell-executions1/WholeGenomeGermlineSingleSample/d3b27253-def8-4fcc-8159-f1f8d49265cf/call-BamToCram/BamToCram/a3f933c1-d441-488a-bc39-55bdf42dd18f/call-ValidateCram/inputs/-1827907022/ERR3684866_ILMN.cram \
  OUTPUT=ERR3684866_ILMN.cram.validation_report \
  REFERENCE_SEQUENCE=/cromwell-executions1/WholeGenomeGermlineSingleSample/d3b27253-def8-4fcc-8159-f1f8d49265cf/call-BamToCram/BamToCram/a3f933c1-d441-488a-bc39-55bdf42dd18f/call-ValidateCram/inputs/-1569105944/Homo_sapiens_assembly38_masked.fasta \
  MAX_OUTPUT=1000000000 \
  IGNORE=MISSING_TAG_NM \
  MODE=VERBOSE \
  SKIP_MATE_VALIDATION=false \
  IS_BISULFITE_SEQUENCED=false[0m
[2026-04-09 18:27:42,78] [info] BackgroundConfigAsyncJobExecutionActor [[38;5;2ma3f933c1[0mBamToCram.ValidateCram:NA:1]: executing: # make sure there is no preexisting Docker CID file
rm -f /mnt/nas1/projects/lasr/blendseq/warp-pipelines/warp-gatk-germline-single-sample-pipeline-master/cromwell-executions1/WholeGenomeGermlineSingleSample/d3b27253-def8-4fcc-8159-f1f8d49265cf/call-BamToCram/BamToCram/a3f933c1-d441-488a-bc39-55bdf42dd18f/call-ValidateCram/execution/docker_cid
# run as in the original configuration without --rm flag (will remove later)
docker run \
  --cidfile /mnt/nas1/projects/lasr/blendseq/warp-pipelines/warp-gatk-germline-single-sample-pipeline-master/cromwell-executions1/WholeGenomeGermlineSingleSample/d3b27253-def8-4fcc-8159-f1f8d49265cf/call-BamToCram/BamToCram/a3f933c1-d441-488a-bc39-55bdf42dd18f/call-ValidateCram/execution/docker_cid \
  -i \
  --user 1027:1028 \
  --cpus="64" \
  --memory="409600m" \
  --entrypoint /bin/bash \
  -v /mnt/nas1/projects/lasr/blendseq/warp-pipelines/warp-gatk-germline-single-sample-pipeline-master/cromwell-executions1/WholeGenomeGermlineSingleSample/d3b27253-def8-4fcc-8159-f1f8d49265cf/call-BamToCram/BamToCram/a3f933c1-d441-488a-bc39-55bdf42dd18f/call-ValidateCram:/cromwell-executions1/WholeGenomeGermlineSingleSample/d3b27253-def8-4fcc-8159-f1f8d49265cf/call-BamToCram/BamToCram/a3f933c1-d441-488a-bc39-55bdf42dd18f/call-ValidateCram \
  -v /mnt/nas1/projects/lasr/blendseq:/mnt/nas1/projects/lasr/blendseq \
  us.gcr.io/broad-gotc-prod/picard-cloud@sha256:e5ad5339080c3107c04e4a4d000b8ab06f472b77019debc3ff75499d28995b0c /cromwell-executions1/WholeGenomeGermlineSingleSample/d3b27253-def8-4fcc-8159-f1f8d49265cf/call-BamToCram/BamToCram/a3f933c1-d441-488a-bc39-55bdf42dd18f/call-ValidateCram/execution/script

# get the return code (working even if the container was detached)
rc=$(docker wait [38;5;5mcat /mnt/nas1/projects/lasr/blendseq/warp-pipelines/warp-gatk-germline-single-sample-pipeline-master/cromwell-executions1/WholeGenomeGermlineSingleSample/d3b27253-def8-4fcc-8159-f1f8d49265cf/call-BamToCram/BamToCram/a3f933c1-d441-488a-bc39-55bdf42dd18f/call-ValidateCram/execution/docker_cid[0m)

# remove the container after waiting
docker rm [38;5;5mcat /mnt/nas1/projects/lasr/blendseq/warp-pipelines/warp-gatk-germline-single-sample-pipeline-master/cromwell-executions1/WholeGenomeGermlineSingleSample/d3b27253-def8-4fcc-8159-f1f8d49265cf/call-BamToCram/BamToCram/a3f933c1-d441-488a-bc39-55bdf42dd18f/call-ValidateCram/execution/docker_cid[0m

# return exit code
exit $rc
[2026-04-09 18:27:46,07] [info] BackgroundConfigAsyncJobExecutionActor [[38;5;2ma3f933c1[0mBamToCram.ValidateCram:NA:1]: job id: 780229
[2026-04-09 18:27:46,07] [info] BackgroundConfigAsyncJobExecutionActor [[38;5;2ma3f933c1[0mBamToCram.ValidateCram:NA:1]: Status change from - to WaitingForReturnCode
[2026-04-09 20:54:19,50] [info] BackgroundConfigAsyncJobExecutionActor [[38;5;2ma3f933c1[0mBamToCram.ValidateCram:NA:1]: Status change from WaitingForReturnCode to Done
[2026-04-09 20:54:21,02] [info] a3f933c1-d441-488a-bc39-55bdf42dd18f-SubWorkflowActor-SubWorkflow-BamToCram:-1:1 [[38;5;2ma3f933c1[0m]: Workflow BamToCram complete. Final Outputs:
{
  "BamToCram.output_cram": "/mnt/nas1/projects/lasr/blendseq/warp-pipelines/warp-gatk-germline-single-sample-pipeline-master/cromwell-executions1/WholeGenomeGermlineSingleSample/d3b27253-def8-4fcc-8159-f1f8d49265cf/call-BamToCram/BamToCram/a3f933c1-d441-488a-bc39-55bdf42dd18f/call-ConvertToCram/execution/ERR3684866_ILMN.cram",
  "BamToCram.output_cram_md5": "/mnt/nas1/projects/lasr/blendseq/warp-pipelines/warp-gatk-germline-single-sample-pipeline-master/cromwell-executions1/WholeGenomeGermlineSingleSample/d3b27253-def8-4fcc-8159-f1f8d49265cf/call-BamToCram/BamToCram/a3f933c1-d441-488a-bc39-55bdf42dd18f/call-ConvertToCram/execution/ERR3684866_ILMN.cram.md5",
  "BamToCram.validate_cram_file_report": "/mnt/nas1/projects/lasr/blendseq/warp-pipelines/warp-gatk-germline-single-sample-pipeline-master/cromwell-executions1/WholeGenomeGermlineSingleSample/d3b27253-def8-4fcc-8159-f1f8d49265cf/call-BamToCram/BamToCram/a3f933c1-d441-488a-bc39-55bdf42dd18f/call-ValidateCram/execution/ERR3684866_ILMN.cram.validation_report",
  "BamToCram.output_cram_index": "/mnt/nas1/projects/lasr/blendseq/warp-pipelines/warp-gatk-germline-single-sample-pipeline-master/cromwell-executions1/WholeGenomeGermlineSingleSample/d3b27253-def8-4fcc-8159-f1f8d49265cf/call-BamToCram/BamToCram/a3f933c1-d441-488a-bc39-55bdf42dd18f/call-ConvertToCram/execution/ERR3684866_ILMN.cram.crai"
}
[2026-04-09 20:54:26,18] [info] Assigned new job execution tokens to the following groups: d3b27253: 1
[2026-04-09 20:54:26,19] [[38;5;220mwarn[0m] BackgroundConfigAsyncJobExecutionActor [[38;5;2m17899b18[0mVariantCalling.DragenHardFilterVcf:48:1]: Unrecognized runtime attribute keys: preemptible, bootDiskSizeGb, disks, memory
[2026-04-09 20:54:26,44] [info] BackgroundConfigAsyncJobExecutionActor [[38;5;2m17899b18[0mVariantCalling.DragenHardFilterVcf:48:1]: [38;5;5mgatk --java-options "-Xms300g -Xmx300g" \
 VariantFiltration \
 -V /cromwell-executions1/WholeGenomeGermlineSingleSample/d3b27253-def8-4fcc-8159-f1f8d49265cf/call-BamToGvcf/VariantCalling/17899b18-eba4-4779-b361-f95638baf358/call-DragenHardFilterVcf/shard-48/inputs/574386948/ERR3684866_ILMN.g.vcf.gz \
 --filter-expression "QUAL < 10.4139" \
 --filter-name "DRAGENHardQUAL" \
 -O ERR3684866_ILMN.hard-filtered.g.vcf.gz[0m
[2026-04-09 20:54:26,45] [info] BackgroundConfigAsyncJobExecutionActor [[38;5;2m17899b18[0mVariantCalling.DragenHardFilterVcf:48:1]: executing: # make sure there is no preexisting Docker CID file
rm -f /mnt/nas1/projects/lasr/blendseq/warp-pipelines/warp-gatk-germline-single-sample-pipeline-master/cromwell-executions1/WholeGenomeGermlineSingleSample/d3b27253-def8-4fcc-8159-f1f8d49265cf/call-BamToGvcf/VariantCalling/17899b18-eba4-4779-b361-f95638baf358/call-DragenHardFilterVcf/shard-48/execution/docker_cid
# run as in the original configuration without --rm flag (will remove later)
docker run \
  --cidfile /mnt/nas1/projects/lasr/blendseq/warp-pipelines/warp-gatk-germline-single-sample-pipeline-master/cromwell-executions1/WholeGenomeGermlineSingleSample/d3b27253-def8-4fcc-8159-f1f8d49265cf/call-BamToGvcf/VariantCalling/17899b18-eba4-4779-b361-f95638baf358/call-DragenHardFilterVcf/shard-48/execution/docker_cid \
  -i \
  --user 1027:1028 \
  --cpus="64" \
  --memory="409600m" \
  --entrypoint /bin/bash \
  -v /mnt/nas1/projects/lasr/blendseq/warp-pipelines/warp-gatk-germline-single-sample-pipeline-master/cromwell-executions1/WholeGenomeGermlineSingleSample/d3b27253-def8-4fcc-8159-f1f8d49265cf/call-BamToGvcf/VariantCalling/17899b18-eba4-4779-b361-f95638baf358/call-DragenHardFilterVcf/shard-48:/cromwell-executions1/WholeGenomeGermlineSingleSample/d3b27253-def8-4fcc-8159-f1f8d49265cf/call-BamToGvcf/VariantCalling/17899b18-eba4-4779-b361-f95638baf358/call-DragenHardFilterVcf/shard-48 \
  -v /mnt/nas1/projects/lasr/blendseq:/mnt/nas1/projects/lasr/blendseq \
  us.gcr.io/broad-gatk/gatk@sha256:c88912855b845bd40c6b4bc8f3dd1d4b333ed2549cd3e8386987ee7c0c284f5a /cromwell-executions1/WholeGenomeGermlineSingleSample/d3b27253-def8-4fcc-8159-f1f8d49265cf/call-BamToGvcf/VariantCalling/17899b18-eba4-4779-b361-f95638baf358/call-DragenHardFilterVcf/shard-48/execution/script

# get the return code (working even if the container was detached)
rc=$(docker wait [38;5;5mcat /mnt/nas1/projects/lasr/blendseq/warp-pipelines/warp-gatk-germline-single-sample-pipeline-master/cromwell-executions1/WholeGenomeGermlineSingleSample/d3b27253-def8-4fcc-8159-f1f8d49265cf/call-BamToGvcf/VariantCalling/17899b18-eba4-4779-b361-f95638baf358/call-DragenHardFilterVcf/shard-48/execution/docker_cid[0m)

# remove the container after waiting
docker rm [38;5;5mcat /mnt/nas1/projects/lasr/blendseq/warp-pipelines/warp-gatk-germline-single-sample-pipeline-master/cromwell-executions1/WholeGenomeGermlineSingleSample/d3b27253-def8-4fcc-8159-f1f8d49265cf/call-BamToGvcf/VariantCalling/17899b18-eba4-4779-b361-f95638baf358/call-DragenHardFilterVcf/shard-48/execution/docker_cid[0m

# return exit code
exit $rc
[2026-04-09 20:54:31,07] [info] BackgroundConfigAsyncJobExecutionActor [[38;5;2m17899b18[0mVariantCalling.DragenHardFilterVcf:48:1]: job id: 782047
[2026-04-09 20:54:31,07] [info] BackgroundConfigAsyncJobExecutionActor [[38;5;2m17899b18[0mVariantCalling.DragenHardFilterVcf:48:1]: Status change from - to WaitingForReturnCode
[2026-04-09 20:54:40,18] [info] BackgroundConfigAsyncJobExecutionActor [[38;5;2m17899b18[0mVariantCalling.DragenHardFilterVcf:48:1]: Status change from WaitingForReturnCode to Done
[2026-04-09 20:54:46,18] [info] Assigned new job execution tokens to the following groups: d3b27253: 1
[2026-04-09 20:54:46,19] [[38;5;220mwarn[0m] BackgroundConfigAsyncJobExecutionActor [[38;5;2m17899b18[0mVariantCalling.DragenHardFilterVcf:40:1]: Unrecognized runtime attribute keys: preemptible, bootDiskSizeGb, disks, memory
[2026-04-09 20:54:46,45] [info] BackgroundConfigAsyncJobExecutionActor [[38;5;2m17899b18[0mVariantCalling.DragenHardFilterVcf:40:1]: [38;5;5mgatk --java-options "-Xms300g -Xmx300g" \
 VariantFiltration \
 -V /cromwell-executions1/WholeGenomeGermlineSingleSample/d3b27253-def8-4fcc-8159-f1f8d49265cf/call-BamToGvcf/VariantCalling/17899b18-eba4-4779-b361-f95638baf358/call-DragenHardFilterVcf/shard-40/inputs/2065095932/ERR3684866_ILMN.g.vcf.gz \
 --filter-expression "QUAL < 10.4139" \
 --filter-name "DRAGENHardQUAL" \
 -O ERR3684866_ILMN.hard-filtered.g.vcf.gz[0m
[2026-04-09 20:54:46,46] [info] BackgroundConfigAsyncJobExecutionActor [[38;5;2m17899b18[0mVariantCalling.DragenHardFilterVcf:40:1]: executing: # make sure there is no preexisting Docker CID file
rm -f /mnt/nas1/projects/lasr/blendseq/warp-pipelines/warp-gatk-germline-single-sample-pipeline-master/cromwell-executions1/WholeGenomeGermlineSingleSample/d3b27253-def8-4fcc-8159-f1f8d49265cf/call-BamToGvcf/VariantCalling/17899b18-eba4-4779-b361-f95638baf358/call-DragenHardFilterVcf/shard-40/execution/docker_cid
# run as in the original configuration without --rm flag (will remove later)
docker run \
  --cidfile /mnt/nas1/projects/lasr/blendseq/warp-pipelines/warp-gatk-germline-single-sample-pipeline-master/cromwell-executions1/WholeGenomeGermlineSingleSample/d3b27253-def8-4fcc-8159-f1f8d49265cf/call-BamToGvcf/VariantCalling/17899b18-eba4-4779-b361-f95638baf358/call-DragenHardFilterVcf/shard-40/execution/docker_cid \
  -i \
  --user 1027:1028 \
  --cpus="64" \
  --memory="409600m" \
  --entrypoint /bin/bash \
  -v /mnt/nas1/projects/lasr/blendseq/warp-pipelines/warp-gatk-germline-single-sample-pipeline-master/cromwell-executions1/WholeGenomeGermlineSingleSample/d3b27253-def8-4fcc-8159-f1f8d49265cf/call-BamToGvcf/VariantCalling/17899b18-eba4-4779-b361-f95638baf358/call-DragenHardFilterVcf/shard-40:/cromwell-executions1/WholeGenomeGermlineSingleSample/d3b27253-def8-4fcc-8159-f1f8d49265cf/call-BamToGvcf/VariantCalling/17899b18-eba4-4779-b361-f95638baf358/call-DragenHardFilterVcf/shard-40 \
  -v /mnt/nas1/projects/lasr/blendseq:/mnt/nas1/projects/lasr/blendseq \
  us.gcr.io/broad-gatk/gatk@sha256:c88912855b845bd40c6b4bc8f3dd1d4b333ed2549cd3e8386987ee7c0c284f5a /cromwell-executions1/WholeGenomeGermlineSingleSample/d3b27253-def8-4fcc-8159-f1f8d49265cf/call-BamToGvcf/VariantCalling/17899b18-eba4-4779-b361-f95638baf358/call-DragenHardFilterVcf/shard-40/execution/script

# get the return code (working even if the container was detached)
rc=$(docker wait [38;5;5mcat /mnt/nas1/projects/lasr/blendseq/warp-pipelines/warp-gatk-germline-single-sample-pipeline-master/cromwell-executions1/WholeGenomeGermlineSingleSample/d3b27253-def8-4fcc-8159-f1f8d49265cf/call-BamToGvcf/VariantCalling/17899b18-eba4-4779-b361-f95638baf358/call-DragenHardFilterVcf/shard-40/execution/docker_cid[0m)

# remove the container after waiting
docker rm [38;5;5mcat /mnt/nas1/projects/lasr/blendseq/warp-pipelines/warp-gatk-germline-single-sample-pipeline-master/cromwell-executions1/WholeGenomeGermlineSingleSample/d3b27253-def8-4fcc-8159-f1f8d49265cf/call-BamToGvcf/VariantCalling/17899b18-eba4-4779-b361-f95638baf358/call-DragenHardFilterVcf/shard-40/execution/docker_cid[0m

# return exit code
exit $rc
[2026-04-09 20:54:51,06] [info] BackgroundConfigAsyncJobExecutionActor [[38;5;2m17899b18[0mVariantCalling.DragenHardFilterVcf:40:1]: job id: 782426
[2026-04-09 20:54:51,07] [info] BackgroundConfigAsyncJobExecutionActor [[38;5;2m17899b18[0mVariantCalling.DragenHardFilterVcf:40:1]: Status change from - to WaitingForReturnCode
[2026-04-09 20:55:04,56] [info] BackgroundConfigAsyncJobExecutionActor [[38;5;2m17899b18[0mVariantCalling.DragenHardFilterVcf:40:1]: Status change from WaitingForReturnCode to Done
[2026-04-09 20:55:06,18] [info] Assigned new job execution tokens to the following groups: d3b27253: 1
[2026-04-09 20:55:06,19] [[38;5;220mwarn[0m] BackgroundConfigAsyncJobExecutionActor [[38;5;2m17899b18[0mVariantCalling.DragenHardFilterVcf:28:1]: Unrecognized runtime attribute keys: preemptible, bootDiskSizeGb, disks, memory
[2026-04-09 20:55:06,40] [info] BackgroundConfigAsyncJobExecutionActor [[38;5;2m17899b18[0mVariantCalling.DragenHardFilterVcf:28:1]: [38;5;5mgatk --java-options "-Xms300g -Xmx300g" \
 VariantFiltration \
 -V /cromwell-executions1/WholeGenomeGermlineSingleSample/d3b27253-def8-4fcc-8159-f1f8d49265cf/call-BamToGvcf/VariantCalling/17899b18-eba4-4779-b361-f95638baf358/call-DragenHardFilterVcf/shard-28/inputs/316221510/ERR3684866_ILMN.g.vcf.gz \
 --filter-expression "QUAL < 10.4139" \
 --filter-name "DRAGENHardQUAL" \
 -O ERR3684866_ILMN.hard-filtered.g.vcf.gz[0m
[2026-04-09 20:55:06,40] [info] BackgroundConfigAsyncJobExecutionActor [[38;5;2m17899b18[0mVariantCalling.DragenHardFilterVcf:28:1]: executing: # make sure there is no preexisting Docker CID file
rm -f /mnt/nas1/projects/lasr/blendseq/warp-pipelines/warp-gatk-germline-single-sample-pipeline-master/cromwell-executions1/WholeGenomeGermlineSingleSample/d3b27253-def8-4fcc-8159-f1f8d49265cf/call-BamToGvcf/VariantCalling/17899b18-eba4-4779-b361-f95638baf358/call-DragenHardFilterVcf/shard-28/execution/docker_cid
# run as in the original configuration without --rm flag (will remove later)
docker run \
  --cidfile /mnt/nas1/projects/lasr/blendseq/warp-pipelines/warp-gatk-germline-single-sample-pipeline-master/cromwell-executions1/WholeGenomeGermlineSingleSample/d3b27253-def8-4fcc-8159-f1f8d49265cf/call-BamToGvcf/VariantCalling/17899b18-eba4-4779-b361-f95638baf358/call-DragenHardFilterVcf/shard-28/execution/docker_cid \
  -i \
  --user 1027:1028 \
  --cpus="64" \
  --memory="409600m" \
  --entrypoint /bin/bash \
  -v /mnt/nas1/projects/lasr/blendseq/warp-pipelines/warp-gatk-germline-single-sample-pipeline-master/cromwell-executions1/WholeGenomeGermlineSingleSample/d3b27253-def8-4fcc-8159-f1f8d49265cf/call-BamToGvcf/VariantCalling/17899b18-eba4-4779-b361-f95638baf358/call-DragenHardFilterVcf/shard-28:/cromwell-executions1/WholeGenomeGermlineSingleSample/d3b27253-def8-4fcc-8159-f1f8d49265cf/call-BamToGvcf/VariantCalling/17899b18-eba4-4779-b361-f95638baf358/call-DragenHardFilterVcf/shard-28 \
  -v /mnt/nas1/projects/lasr/blendseq:/mnt/nas1/projects/lasr/blendseq \
  us.gcr.io/broad-gatk/gatk@sha256:c88912855b845bd40c6b4bc8f3dd1d4b333ed2549cd3e8386987ee7c0c284f5a /cromwell-executions1/WholeGenomeGermlineSingleSample/d3b27253-def8-4fcc-8159-f1f8d49265cf/call-BamToGvcf/VariantCalling/17899b18-eba4-4779-b361-f95638baf358/call-DragenHardFilterVcf/shard-28/execution/script

# get the return code (working even if the container was detached)
rc=$(docker wait [38;5;5mcat /mnt/nas1/projects/lasr/blendseq/warp-pipelines/warp-gatk-germline-single-sample-pipeline-master/cromwell-executions1/WholeGenomeGermlineSingleSample/d3b27253-def8-4fcc-8159-f1f8d49265cf/call-BamToGvcf/VariantCalling/17899b18-eba4-4779-b361-f95638baf358/call-DragenHardFilterVcf/shard-28/execution/docker_cid[0m)

# remove the container after waiting
docker rm [38;5;5mcat /mnt/nas1/projects/lasr/blendseq/warp-pipelines/warp-gatk-germline-single-sample-pipeline-master/cromwell-executions1/WholeGenomeGermlineSingleSample/d3b27253-def8-4fcc-8159-f1f8d49265cf/call-BamToGvcf/VariantCalling/17899b18-eba4-4779-b361-f95638baf358/call-DragenHardFilterVcf/shard-28/execution/docker_cid[0m

# return exit code
exit $rc
[2026-04-09 20:55:11,07] [info] BackgroundConfigAsyncJobExecutionActor [[38;5;2m17899b18[0mVariantCalling.DragenHardFilterVcf:28:1]: job id: 782816
[2026-04-09 20:55:11,07] [info] BackgroundConfigAsyncJobExecutionActor [[38;5;2m17899b18[0mVariantCalling.DragenHardFilterVcf:28:1]: Status change from - to WaitingForReturnCode
[2026-04-09 20:55:16,63] [info] BackgroundConfigAsyncJobExecutionActor [[38;5;2m17899b18[0mVariantCalling.DragenHardFilterVcf:28:1]: Status change from WaitingForReturnCode to Done
[2026-04-09 20:55:26,18] [info] Assigned new job execution tokens to the following groups: d3b27253: 1
[2026-04-09 20:55:26,19] [[38;5;220mwarn[0m] BackgroundConfigAsyncJobExecutionActor [[38;5;2m17899b18[0mVariantCalling.DragenHardFilterVcf:29:1]: Unrecognized runtime attribute keys: preemptible, bootDiskSizeGb, disks, memory
[2026-04-09 20:55:26,43] [info] BackgroundConfigAsyncJobExecutionActor [[38;5;2m17899b18[0mVariantCalling.DragenHardFilterVcf:29:1]: [38;5;5mgatk --java-options "-Xms300g -Xmx300g" \
 VariantFiltration \
 -V /cromwell-executions1/WholeGenomeGermlineSingleSample/d3b27253-def8-4fcc-8159-f1f8d49265cf/call-BamToGvcf/VariantCalling/17899b18-eba4-4779-b361-f95638baf358/call-DragenHardFilterVcf/shard-29/inputs/-1480729849/ERR3684866_ILMN.g.vcf.gz \
 --filter-expression "QUAL < 10.4139" \
 --filter-name "DRAGENHardQUAL" \
 -O ERR3684866_ILMN.hard-filtered.g.vcf.gz[0m
[2026-04-09 20:55:26,43] [info] BackgroundConfigAsyncJobExecutionActor [[38;5;2m17899b18[0mVariantCalling.DragenHardFilterVcf:29:1]: executing: # make sure there is no preexisting Docker CID file
rm -f /mnt/nas1/projects/lasr/blendseq/warp-pipelines/warp-gatk-germline-single-sample-pipeline-master/cromwell-executions1/WholeGenomeGermlineSingleSample/d3b27253-def8-4fcc-8159-f1f8d49265cf/call-BamToGvcf/VariantCalling/17899b18-eba4-4779-b361-f95638baf358/call-DragenHardFilterVcf/shard-29/execution/docker_cid
# run as in the original configuration without --rm flag (will remove later)
docker run \
  --cidfile /mnt/nas1/projects/lasr/blendseq/warp-pipelines/warp-gatk-germline-single-sample-pipeline-master/cromwell-executions1/WholeGenomeGermlineSingleSample/d3b27253-def8-4fcc-8159-f1f8d49265cf/call-BamToGvcf/VariantCalling/17899b18-eba4-4779-b361-f95638baf358/call-DragenHardFilterVcf/shard-29/execution/docker_cid \
  -i \
  --user 1027:1028 \
  --cpus="64" \
  --memory="409600m" \
  --entrypoint /bin/bash \
  -v /mnt/nas1/projects/lasr/blendseq/warp-pipelines/warp-gatk-germline-single-sample-pipeline-master/cromwell-executions1/WholeGenomeGermlineSingleSample/d3b27253-def8-4fcc-8159-f1f8d49265cf/call-BamToGvcf/VariantCalling/17899b18-eba4-4779-b361-f95638baf358/call-DragenHardFilterVcf/shard-29:/cromwell-executions1/WholeGenomeGermlineSingleSample/d3b27253-def8-4fcc-8159-f1f8d49265cf/call-BamToGvcf/VariantCalling/17899b18-eba4-4779-b361-f95638baf358/call-DragenHardFilterVcf/shard-29 \
  -v /mnt/nas1/projects/lasr/blendseq:/mnt/nas1/projects/lasr/blendseq \
  us.gcr.io/broad-gatk/gatk@sha256:c88912855b845bd40c6b4bc8f3dd1d4b333ed2549cd3e8386987ee7c0c284f5a /cromwell-executions1/WholeGenomeGermlineSingleSample/d3b27253-def8-4fcc-8159-f1f8d49265cf/call-BamToGvcf/VariantCalling/17899b18-eba4-4779-b361-f95638baf358/call-DragenHardFilterVcf/shard-29/execution/script

# get the return code (working even if the container was detached)
rc=$(docker wait [38;5;5mcat /mnt/nas1/projects/lasr/blendseq/warp-pipelines/warp-gatk-germline-single-sample-pipeline-master/cromwell-executions1/WholeGenomeGermlineSingleSample/d3b27253-def8-4fcc-8159-f1f8d49265cf/call-BamToGvcf/VariantCalling/17899b18-eba4-4779-b361-f95638baf358/call-DragenHardFilterVcf/shard-29/execution/docker_cid[0m)

# remove the container after waiting
docker rm [38;5;5mcat /mnt/nas1/projects/lasr/blendseq/warp-pipelines/warp-gatk-germline-single-sample-pipeline-master/cromwell-executions1/WholeGenomeGermlineSingleSample/d3b27253-def8-4fcc-8159-f1f8d49265cf/call-BamToGvcf/VariantCalling/17899b18-eba4-4779-b361-f95638baf358/call-DragenHardFilterVcf/shard-29/execution/docker_cid[0m

# return exit code
exit $rc
[2026-04-09 20:55:31,06] [info] BackgroundConfigAsyncJobExecutionActor [[38;5;2m17899b18[0mVariantCalling.DragenHardFilterVcf:29:1]: job id: 783193
[2026-04-09 20:55:31,07] [info] BackgroundConfigAsyncJobExecutionActor [[38;5;2m17899b18[0mVariantCalling.DragenHardFilterVcf:29:1]: Status change from - to WaitingForReturnCode
[2026-04-09 20:55:40,09] [info] BackgroundConfigAsyncJobExecutionActor [[38;5;2m17899b18[0mVariantCalling.DragenHardFilterVcf:29:1]: Status change from WaitingForReturnCode to Done
[2026-04-09 20:55:46,18] [info] Assigned new job execution tokens to the following groups: d3b27253: 1
[2026-04-09 20:55:46,19] [[38;5;220mwarn[0m] BackgroundConfigAsyncJobExecutionActor [[38;5;2m17899b18[0mVariantCalling.DragenHardFilterVcf:16:1]: Unrecognized runtime attribute keys: preemptible, bootDiskSizeGb, disks, memory
[2026-04-09 20:55:46,39] [info] BackgroundConfigAsyncJobExecutionActor [[38;5;2m17899b18[0mVariantCalling.DragenHardFilterVcf:16:1]: [38;5;5mgatk --java-options "-Xms300g -Xmx300g" \
 VariantFiltration \
 -V /cromwell-executions1/WholeGenomeGermlineSingleSample/d3b27253-def8-4fcc-8159-f1f8d49265cf/call-BamToGvcf/VariantCalling/17899b18-eba4-4779-b361-f95638baf358/call-DragenHardFilterVcf/shard-16/inputs/-513925787/ERR3684866_ILMN.g.vcf.gz \
 --filter-expression "QUAL < 10.4139" \
 --filter-name "DRAGENHardQUAL" \
 -O ERR3684866_ILMN.hard-filtered.g.vcf.gz[0m
[2026-04-09 20:55:46,40] [info] BackgroundConfigAsyncJobExecutionActor [[38;5;2m17899b18[0mVariantCalling.DragenHardFilterVcf:16:1]: executing: # make sure there is no preexisting Docker CID file
rm -f /mnt/nas1/projects/lasr/blendseq/warp-pipelines/warp-gatk-germline-single-sample-pipeline-master/cromwell-executions1/WholeGenomeGermlineSingleSample/d3b27253-def8-4fcc-8159-f1f8d49265cf/call-BamToGvcf/VariantCalling/17899b18-eba4-4779-b361-f95638baf358/call-DragenHardFilterVcf/shard-16/execution/docker_cid
# run as in the original configuration without --rm flag (will remove later)
docker run \
  --cidfile /mnt/nas1/projects/lasr/blendseq/warp-pipelines/warp-gatk-germline-single-sample-pipeline-master/cromwell-executions1/WholeGenomeGermlineSingleSample/d3b27253-def8-4fcc-8159-f1f8d49265cf/call-BamToGvcf/VariantCalling/17899b18-eba4-4779-b361-f95638baf358/call-DragenHardFilterVcf/shard-16/execution/docker_cid \
  -i \
  --user 1027:1028 \
  --cpus="64" \
  --memory="409600m" \
  --entrypoint /bin/bash \
  -v /mnt/nas1/projects/lasr/blendseq/warp-pipelines/warp-gatk-germline-single-sample-pipeline-master/cromwell-executions1/WholeGenomeGermlineSingleSample/d3b27253-def8-4fcc-8159-f1f8d49265cf/call-BamToGvcf/VariantCalling/17899b18-eba4-4779-b361-f95638baf358/call-DragenHardFilterVcf/shard-16:/cromwell-executions1/WholeGenomeGermlineSingleSample/d3b27253-def8-4fcc-8159-f1f8d49265cf/call-BamToGvcf/VariantCalling/17899b18-eba4-4779-b361-f95638baf358/call-DragenHardFilterVcf/shard-16 \
  -v /mnt/nas1/projects/lasr/blendseq:/mnt/nas1/projects/lasr/blendseq \
  us.gcr.io/broad-gatk/gatk@sha256:c88912855b845bd40c6b4bc8f3dd1d4b333ed2549cd3e8386987ee7c0c284f5a /cromwell-executions1/WholeGenomeGermlineSingleSample/d3b27253-def8-4fcc-8159-f1f8d49265cf/call-BamToGvcf/VariantCalling/17899b18-eba4-4779-b361-f95638baf358/call-DragenHardFilterVcf/shard-16/execution/script

# get the return code (working even if the container was detached)
rc=$(docker wait [38;5;5mcat /mnt/nas1/projects/lasr/blendseq/warp-pipelines/warp-gatk-germline-single-sample-pipeline-master/cromwell-executions1/WholeGenomeGermlineSingleSample/d3b27253-def8-4fcc-8159-f1f8d49265cf/call-BamToGvcf/VariantCalling/17899b18-eba4-4779-b361-f95638baf358/call-DragenHardFilterVcf/shard-16/execution/docker_cid[0m)

# remove the container after waiting
docker rm [38;5;5mcat /mnt/nas1/projects/lasr/blendseq/warp-pipelines/warp-gatk-germline-single-sample-pipeline-master/cromwell-executions1/WholeGenomeGermlineSingleSample/d3b27253-def8-4fcc-8159-f1f8d49265cf/call-BamToGvcf/VariantCalling/17899b18-eba4-4779-b361-f95638baf358/call-DragenHardFilterVcf/shard-16/execution/docker_cid[0m

# return exit code
exit $rc
[2026-04-09 20:55:51,07] [info] BackgroundConfigAsyncJobExecutionActor [[38;5;2m17899b18[0mVariantCalling.DragenHardFilterVcf:16:1]: job id: 783571
[2026-04-09 20:55:51,07] [info] BackgroundConfigAsyncJobExecutionActor [[38;5;2m17899b18[0mVariantCalling.DragenHardFilterVcf:16:1]: Status change from - to WaitingForReturnCode
[2026-04-09 20:56:00,27] [info] BackgroundConfigAsyncJobExecutionActor [[38;5;2m17899b18[0mVariantCalling.DragenHardFilterVcf:16:1]: Status change from WaitingForReturnCode to Done
[2026-04-09 20:56:06,18] [info] Assigned new job execution tokens to the following groups: d3b27253: 1
[2026-04-09 20:56:06,19] [[38;5;220mwarn[0m] BackgroundConfigAsyncJobExecutionActor [[38;5;2m17899b18[0mVariantCalling.DragenHardFilterVcf:35:1]: Unrecognized runtime attribute keys: preemptible, bootDiskSizeGb, disks, memory
[2026-04-09 20:56:06,49] [info] BackgroundConfigAsyncJobExecutionActor [[38;5;2m17899b18[0mVariantCalling.DragenHardFilterVcf:35:1]: [38;5;5mgatk --java-options "-Xms300g -Xmx300g" \
 VariantFiltration \
 -V /cromwell-executions1/WholeGenomeGermlineSingleSample/d3b27253-def8-4fcc-8159-f1f8d49265cf/call-BamToGvcf/VariantCalling/17899b18-eba4-4779-b361-f95638baf358/call-DragenHardFilterVcf/shard-35/inputs/1541191010/ERR3684866_ILMN.g.vcf.gz \
 --filter-expression "QUAL < 10.4139" \
 --filter-name "DRAGENHardQUAL" \
 -O ERR3684866_ILMN.hard-filtered.g.vcf.gz[0m
[2026-04-09 20:56:06,49] [info] BackgroundConfigAsyncJobExecutionActor [[38;5;2m17899b18[0mVariantCalling.DragenHardFilterVcf:35:1]: executing: # make sure there is no preexisting Docker CID file
rm -f /mnt/nas1/projects/lasr/blendseq/warp-pipelines/warp-gatk-germline-single-sample-pipeline-master/cromwell-executions1/WholeGenomeGermlineSingleSample/d3b27253-def8-4fcc-8159-f1f8d49265cf/call-BamToGvcf/VariantCalling/17899b18-eba4-4779-b361-f95638baf358/call-DragenHardFilterVcf/shard-35/execution/docker_cid
# run as in the original configuration without --rm flag (will remove later)
docker run \
  --cidfile /mnt/nas1/projects/lasr/blendseq/warp-pipelines/warp-gatk-germline-single-sample-pipeline-master/cromwell-executions1/WholeGenomeGermlineSingleSample/d3b27253-def8-4fcc-8159-f1f8d49265cf/call-BamToGvcf/VariantCalling/17899b18-eba4-4779-b361-f95638baf358/call-DragenHardFilterVcf/shard-35/execution/docker_cid \
  -i \
  --user 1027:1028 \
  --cpus="64" \
  --memory="409600m" \
  --entrypoint /bin/bash \
  -v /mnt/nas1/projects/lasr/blendseq/warp-pipelines/warp-gatk-germline-single-sample-pipeline-master/cromwell-executions1/WholeGenomeGermlineSingleSample/d3b27253-def8-4fcc-8159-f1f8d49265cf/call-BamToGvcf/VariantCalling/17899b18-eba4-4779-b361-f95638baf358/call-DragenHardFilterVcf/shard-35:/cromwell-executions1/WholeGenomeGermlineSingleSample/d3b27253-def8-4fcc-8159-f1f8d49265cf/call-BamToGvcf/VariantCalling/17899b18-eba4-4779-b361-f95638baf358/call-DragenHardFilterVcf/shard-35 \
  -v /mnt/nas1/projects/lasr/blendseq:/mnt/nas1/projects/lasr/blendseq \
  us.gcr.io/broad-gatk/gatk@sha256:c88912855b845bd40c6b4bc8f3dd1d4b333ed2549cd3e8386987ee7c0c284f5a /cromwell-executions1/WholeGenomeGermlineSingleSample/d3b27253-def8-4fcc-8159-f1f8d49265cf/call-BamToGvcf/VariantCalling/17899b18-eba4-4779-b361-f95638baf358/call-DragenHardFilterVcf/shard-35/execution/script

# get the return code (working even if the container was detached)
rc=$(docker wait [38;5;5mcat /mnt/nas1/projects/lasr/blendseq/warp-pipelines/warp-gatk-germline-single-sample-pipeline-master/cromwell-executions1/WholeGenomeGermlineSingleSample/d3b27253-def8-4fcc-8159-f1f8d49265cf/call-BamToGvcf/VariantCalling/17899b18-eba4-4779-b361-f95638baf358/call-DragenHardFilterVcf/shard-35/execution/docker_cid[0m)

# remove the container after waiting
docker rm [38;5;5mcat /mnt/nas1/projects/lasr/blendseq/warp-pipelines/warp-gatk-germline-single-sample-pipeline-master/cromwell-executions1/WholeGenomeGermlineSingleSample/d3b27253-def8-4fcc-8159-f1f8d49265cf/call-BamToGvcf/VariantCalling/17899b18-eba4-4779-b361-f95638baf358/call-DragenHardFilterVcf/shard-35/execution/docker_cid[0m

# return exit code
exit $rc
[2026-04-09 20:56:11,07] [info] BackgroundConfigAsyncJobExecutionActor [[38;5;2m17899b18[0mVariantCalling.DragenHardFilterVcf:35:1]: job id: 783948
[2026-04-09 20:56:11,07] [info] BackgroundConfigAsyncJobExecutionActor [[38;5;2m17899b18[0mVariantCalling.DragenHardFilterVcf:35:1]: Status change from - to WaitingForReturnCode
[2026-04-09 20:56:25,47] [info] BackgroundConfigAsyncJobExecutionActor [[38;5;2m17899b18[0mVariantCalling.DragenHardFilterVcf:35:1]: Status change from WaitingForReturnCode to Done
[2026-04-09 20:56:26,18] [info] Assigned new job execution tokens to the following groups: d3b27253: 1
[2026-04-09 20:56:26,19] [[38;5;220mwarn[0m] BackgroundConfigAsyncJobExecutionActor [[38;5;2m17899b18[0mVariantCalling.DragenHardFilterVcf:43:1]: Unrecognized runtime attribute keys: preemptible, bootDiskSizeGb, disks, memory
[2026-04-09 20:56:26,40] [info] BackgroundConfigAsyncJobExecutionActor [[38;5;2m17899b18[0mVariantCalling.DragenHardFilterVcf:43:1]: [38;5;5mgatk --java-options "-Xms300g -Xmx300g" \
 VariantFiltration \
 -V /cromwell-executions1/WholeGenomeGermlineSingleSample/d3b27253-def8-4fcc-8159-f1f8d49265cf/call-BamToGvcf/VariantCalling/17899b18-eba4-4779-b361-f95638baf358/call-DragenHardFilterVcf/shard-43/inputs/969209151/ERR3684866_ILMN.g.vcf.gz \
 --filter-expression "QUAL < 10.4139" \
 --filter-name "DRAGENHardQUAL" \
 -O ERR3684866_ILMN.hard-filtered.g.vcf.gz[0m
[2026-04-09 20:56:26,41] [info] BackgroundConfigAsyncJobExecutionActor [[38;5;2m17899b18[0mVariantCalling.DragenHardFilterVcf:43:1]: executing: # make sure there is no preexisting Docker CID file
rm -f /mnt/nas1/projects/lasr/blendseq/warp-pipelines/warp-gatk-germline-single-sample-pipeline-master/cromwell-executions1/WholeGenomeGermlineSingleSample/d3b27253-def8-4fcc-8159-f1f8d49265cf/call-BamToGvcf/VariantCalling/17899b18-eba4-4779-b361-f95638baf358/call-DragenHardFilterVcf/shard-43/execution/docker_cid
# run as in the original configuration without --rm flag (will remove later)
docker run \
  --cidfile /mnt/nas1/projects/lasr/blendseq/warp-pipelines/warp-gatk-germline-single-sample-pipeline-master/cromwell-executions1/WholeGenomeGermlineSingleSample/d3b27253-def8-4fcc-8159-f1f8d49265cf/call-BamToGvcf/VariantCalling/17899b18-eba4-4779-b361-f95638baf358/call-DragenHardFilterVcf/shard-43/execution/docker_cid \
  -i \
  --user 1027:1028 \
  --cpus="64" \
  --memory="409600m" \
  --entrypoint /bin/bash \
  -v /mnt/nas1/projects/lasr/blendseq/warp-pipelines/warp-gatk-germline-single-sample-pipeline-master/cromwell-executions1/WholeGenomeGermlineSingleSample/d3b27253-def8-4fcc-8159-f1f8d49265cf/call-BamToGvcf/VariantCalling/17899b18-eba4-4779-b361-f95638baf358/call-DragenHardFilterVcf/shard-43:/cromwell-executions1/WholeGenomeGermlineSingleSample/d3b27253-def8-4fcc-8159-f1f8d49265cf/call-BamToGvcf/VariantCalling/17899b18-eba4-4779-b361-f95638baf358/call-DragenHardFilterVcf/shard-43 \
  -v /mnt/nas1/projects/lasr/blendseq:/mnt/nas1/projects/lasr/blendseq \
  us.gcr.io/broad-gatk/gatk@sha256:c88912855b845bd40c6b4bc8f3dd1d4b333ed2549cd3e8386987ee7c0c284f5a /cromwell-executions1/WholeGenomeGermlineSingleSample/d3b27253-def8-4fcc-8159-f1f8d49265cf/call-BamToGvcf/VariantCalling/17899b18-eba4-4779-b361-f95638baf358/call-DragenHardFilterVcf/shard-43/execution/script

# get the return code (working even if the container was detached)
rc=$(docker wait [38;5;5mcat /mnt/nas1/projects/lasr/blendseq/warp-pipelines/warp-gatk-germline-single-sample-pipeline-master/cromwell-executions1/WholeGenomeGermlineSingleSample/d3b27253-def8-4fcc-8159-f1f8d49265cf/call-BamToGvcf/VariantCalling/17899b18-eba4-4779-b361-f95638baf358/call-DragenHardFilterVcf/shard-43/execution/docker_cid[0m)

# remove the container after waiting
docker rm [38;5;5mcat /mnt/nas1/projects/lasr/blendseq/warp-pipelines/warp-gatk-germline-single-sample-pipeline-master/cromwell-executions1/WholeGenomeGermlineSingleSample/d3b27253-def8-4fcc-8159-f1f8d49265cf/call-BamToGvcf/VariantCalling/17899b18-eba4-4779-b361-f95638baf358/call-DragenHardFilterVcf/shard-43/execution/docker_cid[0m

# return exit code
exit $rc
[2026-04-09 20:56:31,06] [info] BackgroundConfigAsyncJobExecutionActor [[38;5;2m17899b18[0mVariantCalling.DragenHardFilterVcf:43:1]: job id: 784327
[2026-04-09 20:56:31,07] [info] BackgroundConfigAsyncJobExecutionActor [[38;5;2m17899b18[0mVariantCalling.DragenHardFilterVcf:43:1]: Status change from - to WaitingForReturnCode
[2026-04-09 20:56:39,47] [info] BackgroundConfigAsyncJobExecutionActor [[38;5;2m17899b18[0mVariantCalling.DragenHardFilterVcf:43:1]: Status change from WaitingForReturnCode to Done
[2026-04-09 20:56:46,18] [info] Assigned new job execution tokens to the following groups: d3b27253: 1
[2026-04-09 20:56:46,19] [[38;5;220mwarn[0m] BackgroundConfigAsyncJobExecutionActor [[38;5;2m17899b18[0mVariantCalling.DragenHardFilterVcf:32:1]: Unrecognized runtime attribute keys: preemptible, bootDiskSizeGb, disks, memory
[2026-04-09 20:56:46,57] [info] BackgroundConfigAsyncJobExecutionActor [[38;5;2m17899b18[0mVariantCalling.DragenHardFilterVcf:32:1]: [38;5;5mgatk --java-options "-Xms300g -Xmx300g" \
 VariantFiltration \
 -V /cromwell-executions1/WholeGenomeGermlineSingleSample/d3b27253-def8-4fcc-8159-f1f8d49265cf/call-BamToGvcf/VariantCalling/17899b18-eba4-4779-b361-f95638baf358/call-DragenHardFilterVcf/shard-32/inputs/-1657889505/ERR3684866_ILMN.g.vcf.gz \
 --filter-expression "QUAL < 10.4139" \
 --filter-name "DRAGENHardQUAL" \
 -O ERR3684866_ILMN.hard-filtered.g.vcf.gz[0m
[2026-04-09 20:56:46,58] [info] BackgroundConfigAsyncJobExecutionActor [[38;5;2m17899b18[0mVariantCalling.DragenHardFilterVcf:32:1]: executing: # make sure there is no preexisting Docker CID file
rm -f /mnt/nas1/projects/lasr/blendseq/warp-pipelines/warp-gatk-germline-single-sample-pipeline-master/cromwell-executions1/WholeGenomeGermlineSingleSample/d3b27253-def8-4fcc-8159-f1f8d49265cf/call-BamToGvcf/VariantCalling/17899b18-eba4-4779-b361-f95638baf358/call-DragenHardFilterVcf/shard-32/execution/docker_cid
# run as in the original configuration without --rm flag (will remove later)
docker run \
  --cidfile /mnt/nas1/projects/lasr/blendseq/warp-pipelines/warp-gatk-germline-single-sample-pipeline-master/cromwell-executions1/WholeGenomeGermlineSingleSample/d3b27253-def8-4fcc-8159-f1f8d49265cf/call-BamToGvcf/VariantCalling/17899b18-eba4-4779-b361-f95638baf358/call-DragenHardFilterVcf/shard-32/execution/docker_cid \
  -i \
  --user 1027:1028 \
  --cpus="64" \
  --memory="409600m" \
  --entrypoint /bin/bash \
  -v /mnt/nas1/projects/lasr/blendseq/warp-pipelines/warp-gatk-germline-single-sample-pipeline-master/cromwell-executions1/WholeGenomeGermlineSingleSample/d3b27253-def8-4fcc-8159-f1f8d49265cf/call-BamToGvcf/VariantCalling/17899b18-eba4-4779-b361-f95638baf358/call-DragenHardFilterVcf/shard-32:/cromwell-executions1/WholeGenomeGermlineSingleSample/d3b27253-def8-4fcc-8159-f1f8d49265cf/call-BamToGvcf/VariantCalling/17899b18-eba4-4779-b361-f95638baf358/call-DragenHardFilterVcf/shard-32 \
  -v /mnt/nas1/projects/lasr/blendseq:/mnt/nas1/projects/lasr/blendseq \
  us.gcr.io/broad-gatk/gatk@sha256:c88912855b845bd40c6b4bc8f3dd1d4b333ed2549cd3e8386987ee7c0c284f5a /cromwell-executions1/WholeGenomeGermlineSingleSample/d3b27253-def8-4fcc-8159-f1f8d49265cf/call-BamToGvcf/VariantCalling/17899b18-eba4-4779-b361-f95638baf358/call-DragenHardFilterVcf/shard-32/execution/script

# get the return code (working even if the container was detached)
rc=$(docker wait [38;5;5mcat /mnt/nas1/projects/lasr/blendseq/warp-pipelines/warp-gatk-germline-single-sample-pipeline-master/cromwell-executions1/WholeGenomeGermlineSingleSample/d3b27253-def8-4fcc-8159-f1f8d49265cf/call-BamToGvcf/VariantCalling/17899b18-eba4-4779-b361-f95638baf358/call-DragenHardFilterVcf/shard-32/execution/docker_cid[0m)

# remove the container after waiting
docker rm [38;5;5mcat /mnt/nas1/projects/lasr/blendseq/warp-pipelines/warp-gatk-germline-single-sample-pipeline-master/cromwell-executions1/WholeGenomeGermlineSingleSample/d3b27253-def8-4fcc-8159-f1f8d49265cf/call-BamToGvcf/VariantCalling/17899b18-eba4-4779-b361-f95638baf358/call-DragenHardFilterVcf/shard-32/execution/docker_cid[0m

# return exit code
exit $rc
[2026-04-09 20:56:51,06] [info] BackgroundConfigAsyncJobExecutionActor [[38;5;2m17899b18[0mVariantCalling.DragenHardFilterVcf:32:1]: job id: 784701
[2026-04-09 20:56:51,07] [info] BackgroundConfigAsyncJobExecutionActor [[38;5;2m17899b18[0mVariantCalling.DragenHardFilterVcf:32:1]: Status change from - to WaitingForReturnCode
[2026-04-09 20:57:08,43] [info] BackgroundConfigAsyncJobExecutionActor [[38;5;2m17899b18[0mVariantCalling.DragenHardFilterVcf:32:1]: Status change from WaitingForReturnCode to Done
[2026-04-09 20:57:16,18] [info] Assigned new job execution tokens to the following groups: d3b27253: 1
[2026-04-09 20:57:16,19] [[38;5;220mwarn[0m] BackgroundConfigAsyncJobExecutionActor [[38;5;2m17899b18[0mVariantCalling.DragenHardFilterVcf:23:1]: Unrecognized runtime attribute keys: preemptible, bootDiskSizeGb, disks, memory
[2026-04-09 20:57:16,39] [info] BackgroundConfigAsyncJobExecutionActor [[38;5;2m17899b18[0mVariantCalling.DragenHardFilterVcf:23:1]: [38;5;5mgatk --java-options "-Xms300g -Xmx300g" \
 VariantFiltration \
 -V /cromwell-executions1/WholeGenomeGermlineSingleSample/d3b27253-def8-4fcc-8159-f1f8d49265cf/call-BamToGvcf/VariantCalling/17899b18-eba4-4779-b361-f95638baf358/call-DragenHardFilterVcf/shard-23/inputs/711043713/ERR3684866_ILMN.g.vcf.gz \
 --filter-expression "QUAL < 10.4139" \
 --filter-name "DRAGENHardQUAL" \
 -O ERR3684866_ILMN.hard-filtered.g.vcf.gz[0m
[2026-04-09 20:57:16,40] [info] BackgroundConfigAsyncJobExecutionActor [[38;5;2m17899b18[0mVariantCalling.DragenHardFilterVcf:23:1]: executing: # make sure there is no preexisting Docker CID file
rm -f /mnt/nas1/projects/lasr/blendseq/warp-pipelines/warp-gatk-germline-single-sample-pipeline-master/cromwell-executions1/WholeGenomeGermlineSingleSample/d3b27253-def8-4fcc-8159-f1f8d49265cf/call-BamToGvcf/VariantCalling/17899b18-eba4-4779-b361-f95638baf358/call-DragenHardFilterVcf/shard-23/execution/docker_cid
# run as in the original configuration without --rm flag (will remove later)
docker run \
  --cidfile /mnt/nas1/projects/lasr/blendseq/warp-pipelines/warp-gatk-germline-single-sample-pipeline-master/cromwell-executions1/WholeGenomeGermlineSingleSample/d3b27253-def8-4fcc-8159-f1f8d49265cf/call-BamToGvcf/VariantCalling/17899b18-eba4-4779-b361-f95638baf358/call-DragenHardFilterVcf/shard-23/execution/docker_cid \
  -i \
  --user 1027:1028 \
  --cpus="64" \
  --memory="409600m" \
  --entrypoint /bin/bash \
  -v /mnt/nas1/projects/lasr/blendseq/warp-pipelines/warp-gatk-germline-single-sample-pipeline-master/cromwell-executions1/WholeGenomeGermlineSingleSample/d3b27253-def8-4fcc-8159-f1f8d49265cf/call-BamToGvcf/VariantCalling/17899b18-eba4-4779-b361-f95638baf358/call-DragenHardFilterVcf/shard-23:/cromwell-executions1/WholeGenomeGermlineSingleSample/d3b27253-def8-4fcc-8159-f1f8d49265cf/call-BamToGvcf/VariantCalling/17899b18-eba4-4779-b361-f95638baf358/call-DragenHardFilterVcf/shard-23 \
  -v /mnt/nas1/projects/lasr/blendseq:/mnt/nas1/projects/lasr/blendseq \
  us.gcr.io/broad-gatk/gatk@sha256:c88912855b845bd40c6b4bc8f3dd1d4b333ed2549cd3e8386987ee7c0c284f5a /cromwell-executions1/WholeGenomeGermlineSingleSample/d3b27253-def8-4fcc-8159-f1f8d49265cf/call-BamToGvcf/VariantCalling/17899b18-eba4-4779-b361-f95638baf358/call-DragenHardFilterVcf/shard-23/execution/script

# get the return code (working even if the container was detached)
rc=$(docker wait [38;5;5mcat /mnt/nas1/projects/lasr/blendseq/warp-pipelines/warp-gatk-germline-single-sample-pipeline-master/cromwell-executions1/WholeGenomeGermlineSingleSample/d3b27253-def8-4fcc-8159-f1f8d49265cf/call-BamToGvcf/VariantCalling/17899b18-eba4-4779-b361-f95638baf358/call-DragenHardFilterVcf/shard-23/execution/docker_cid[0m)

# remove the container after waiting
docker rm [38;5;5mcat /mnt/nas1/projects/lasr/blendseq/warp-pipelines/warp-gatk-germline-single-sample-pipeline-master/cromwell-executions1/WholeGenomeGermlineSingleSample/d3b27253-def8-4fcc-8159-f1f8d49265cf/call-BamToGvcf/VariantCalling/17899b18-eba4-4779-b361-f95638baf358/call-DragenHardFilterVcf/shard-23/execution/docker_cid[0m

# return exit code
exit $rc
[2026-04-09 20:57:21,06] [info] BackgroundConfigAsyncJobExecutionActor [[38;5;2m17899b18[0mVariantCalling.DragenHardFilterVcf:23:1]: job id: 785077
[2026-04-09 20:57:21,07] [info] BackgroundConfigAsyncJobExecutionActor [[38;5;2m17899b18[0mVariantCalling.DragenHardFilterVcf:23:1]: Status change from - to WaitingForReturnCode
[2026-04-09 20:57:29,66] [info] BackgroundConfigAsyncJobExecutionActor [[38;5;2m17899b18[0mVariantCalling.DragenHardFilterVcf:23:1]: Status change from WaitingForReturnCode to Done
[2026-04-09 20:57:36,18] [info] Assigned new job execution tokens to the following groups: d3b27253: 1
[2026-04-09 20:57:36,19] [[38;5;220mwarn[0m] BackgroundConfigAsyncJobExecutionActor [[38;5;2m17899b18[0mVariantCalling.DragenHardFilterVcf:5:1]: Unrecognized runtime attribute keys: preemptible, bootDiskSizeGb, disks, memory
[2026-04-09 20:57:36,47] [info] BackgroundConfigAsyncJobExecutionActor [[38;5;2m17899b18[0mVariantCalling.DragenHardFilterVcf:5:1]: [38;5;5mgatk --java-options "-Xms300g -Xmx300g" \
 VariantFiltration \
 -V /cromwell-executions1/WholeGenomeGermlineSingleSample/d3b27253-def8-4fcc-8159-f1f8d49265cf/call-BamToGvcf/VariantCalling/17899b18-eba4-4779-b361-f95638baf358/call-DragenHardFilterVcf/shard-5/inputs/-1598927577/ERR3684866_ILMN.g.vcf.gz \
 --filter-expression "QUAL < 10.4139" \
 --filter-name "DRAGENHardQUAL" \
 -O ERR3684866_ILMN.hard-filtered.g.vcf.gz[0m
[2026-04-09 20:57:36,48] [info] BackgroundConfigAsyncJobExecutionActor [[38;5;2m17899b18[0mVariantCalling.DragenHardFilterVcf:5:1]: executing: # make sure there is no preexisting Docker CID file
rm -f /mnt/nas1/projects/lasr/blendseq/warp-pipelines/warp-gatk-germline-single-sample-pipeline-master/cromwell-executions1/WholeGenomeGermlineSingleSample/d3b27253-def8-4fcc-8159-f1f8d49265cf/call-BamToGvcf/VariantCalling/17899b18-eba4-4779-b361-f95638baf358/call-DragenHardFilterVcf/shard-5/execution/docker_cid
# run as in the original configuration without --rm flag (will remove later)
docker run \
  --cidfile /mnt/nas1/projects/lasr/blendseq/warp-pipelines/warp-gatk-germline-single-sample-pipeline-master/cromwell-executions1/WholeGenomeGermlineSingleSample/d3b27253-def8-4fcc-8159-f1f8d49265cf/call-BamToGvcf/VariantCalling/17899b18-eba4-4779-b361-f95638baf358/call-DragenHardFilterVcf/shard-5/execution/docker_cid \
  -i \
  --user 1027:1028 \
  --cpus="64" \
  --memory="409600m" \
  --entrypoint /bin/bash \
  -v /mnt/nas1/projects/lasr/blendseq/warp-pipelines/warp-gatk-germline-single-sample-pipeline-master/cromwell-executions1/WholeGenomeGermlineSingleSample/d3b27253-def8-4fcc-8159-f1f8d49265cf/call-BamToGvcf/VariantCalling/17899b18-eba4-4779-b361-f95638baf358/call-DragenHardFilterVcf/shard-5:/cromwell-executions1/WholeGenomeGermlineSingleSample/d3b27253-def8-4fcc-8159-f1f8d49265cf/call-BamToGvcf/VariantCalling/17899b18-eba4-4779-b361-f95638baf358/call-DragenHardFilterVcf/shard-5 \
  -v /mnt/nas1/projects/lasr/blendseq:/mnt/nas1/projects/lasr/blendseq \
  us.gcr.io/broad-gatk/gatk@sha256:c88912855b845bd40c6b4bc8f3dd1d4b333ed2549cd3e8386987ee7c0c284f5a /cromwell-executions1/WholeGenomeGermlineSingleSample/d3b27253-def8-4fcc-8159-f1f8d49265cf/call-BamToGvcf/VariantCalling/17899b18-eba4-4779-b361-f95638baf358/call-DragenHardFilterVcf/shard-5/execution/script

# get the return code (working even if the container was detached)
rc=$(docker wait [38;5;5mcat /mnt/nas1/projects/lasr/blendseq/warp-pipelines/warp-gatk-germline-single-sample-pipeline-master/cromwell-executions1/WholeGenomeGermlineSingleSample/d3b27253-def8-4fcc-8159-f1f8d49265cf/call-BamToGvcf/VariantCalling/17899b18-eba4-4779-b361-f95638baf358/call-DragenHardFilterVcf/shard-5/execution/docker_cid[0m)

# remove the container after waiting
docker rm [38;5;5mcat /mnt/nas1/projects/lasr/blendseq/warp-pipelines/warp-gatk-germline-single-sample-pipeline-master/cromwell-executions1/WholeGenomeGermlineSingleSample/d3b27253-def8-4fcc-8159-f1f8d49265cf/call-BamToGvcf/VariantCalling/17899b18-eba4-4779-b361-f95638baf358/call-DragenHardFilterVcf/shard-5/execution/docker_cid[0m

# return exit code
exit $rc
[2026-04-09 20:57:41,06] [info] BackgroundConfigAsyncJobExecutionActor [[38;5;2m17899b18[0mVariantCalling.DragenHardFilterVcf:5:1]: job id: 785454
[2026-04-09 20:57:41,07] [info] BackgroundConfigAsyncJobExecutionActor [[38;5;2m17899b18[0mVariantCalling.DragenHardFilterVcf:5:1]: Status change from - to WaitingForReturnCode
[2026-04-09 20:57:50,42] [info] BackgroundConfigAsyncJobExecutionActor [[38;5;2m17899b18[0mVariantCalling.DragenHardFilterVcf:5:1]: Status change from WaitingForReturnCode to Done
[2026-04-09 20:57:56,18] [info] Assigned new job execution tokens to the following groups: d3b27253: 1
[2026-04-09 20:57:56,19] [[38;5;220mwarn[0m] BackgroundConfigAsyncJobExecutionActor [[38;5;2m17899b18[0mVariantCalling.DragenHardFilterVcf:36:1]: Unrecognized runtime attribute keys: preemptible, bootDiskSizeGb, disks, memory
[2026-04-09 20:57:56,45] [info] BackgroundConfigAsyncJobExecutionActor [[38;5;2m17899b18[0mVariantCalling.DragenHardFilterVcf:36:1]: [38;5;5mgatk --java-options "-Xms300g -Xmx300g" \
 VariantFiltration \
 -V /cromwell-executions1/WholeGenomeGermlineSingleSample/d3b27253-def8-4fcc-8159-f1f8d49265cf/call-BamToGvcf/VariantCalling/17899b18-eba4-4779-b361-f95638baf358/call-DragenHardFilterVcf/shard-36/inputs/-255760349/ERR3684866_ILMN.g.vcf.gz \
 --filter-expression "QUAL < 10.4139" \
 --filter-name "DRAGENHardQUAL" \
 -O ERR3684866_ILMN.hard-filtered.g.vcf.gz[0m
[2026-04-09 20:57:56,45] [info] BackgroundConfigAsyncJobExecutionActor [[38;5;2m17899b18[0mVariantCalling.DragenHardFilterVcf:36:1]: executing: # make sure there is no preexisting Docker CID file
rm -f /mnt/nas1/projects/lasr/blendseq/warp-pipelines/warp-gatk-germline-single-sample-pipeline-master/cromwell-executions1/WholeGenomeGermlineSingleSample/d3b27253-def8-4fcc-8159-f1f8d49265cf/call-BamToGvcf/VariantCalling/17899b18-eba4-4779-b361-f95638baf358/call-DragenHardFilterVcf/shard-36/execution/docker_cid
# run as in the original configuration without --rm flag (will remove later)
docker run \
  --cidfile /mnt/nas1/projects/lasr/blendseq/warp-pipelines/warp-gatk-germline-single-sample-pipeline-master/cromwell-executions1/WholeGenomeGermlineSingleSample/d3b27253-def8-4fcc-8159-f1f8d49265cf/call-BamToGvcf/VariantCalling/17899b18-eba4-4779-b361-f95638baf358/call-DragenHardFilterVcf/shard-36/execution/docker_cid \
  -i \
  --user 1027:1028 \
  --cpus="64" \
  --memory="409600m" \
  --entrypoint /bin/bash \
  -v /mnt/nas1/projects/lasr/blendseq/warp-pipelines/warp-gatk-germline-single-sample-pipeline-master/cromwell-executions1/WholeGenomeGermlineSingleSample/d3b27253-def8-4fcc-8159-f1f8d49265cf/call-BamToGvcf/VariantCalling/17899b18-eba4-4779-b361-f95638baf358/call-DragenHardFilterVcf/shard-36:/cromwell-executions1/WholeGenomeGermlineSingleSample/d3b27253-def8-4fcc-8159-f1f8d49265cf/call-BamToGvcf/VariantCalling/17899b18-eba4-4779-b361-f95638baf358/call-DragenHardFilterVcf/shard-36 \
  -v /mnt/nas1/projects/lasr/blendseq:/mnt/nas1/projects/lasr/blendseq \
  us.gcr.io/broad-gatk/gatk@sha256:c88912855b845bd40c6b4bc8f3dd1d4b333ed2549cd3e8386987ee7c0c284f5a /cromwell-executions1/WholeGenomeGermlineSingleSample/d3b27253-def8-4fcc-8159-f1f8d49265cf/call-BamToGvcf/VariantCalling/17899b18-eba4-4779-b361-f95638baf358/call-DragenHardFilterVcf/shard-36/execution/script

# get the return code (working even if the container was detached)
rc=$(docker wait [38;5;5mcat /mnt/nas1/projects/lasr/blendseq/warp-pipelines/warp-gatk-germline-single-sample-pipeline-master/cromwell-executions1/WholeGenomeGermlineSingleSample/d3b27253-def8-4fcc-8159-f1f8d49265cf/call-BamToGvcf/VariantCalling/17899b18-eba4-4779-b361-f95638baf358/call-DragenHardFilterVcf/shard-36/execution/docker_cid[0m)

# remove the container after waiting
docker rm [38;5;5mcat /mnt/nas1/projects/lasr/blendseq/warp-pipelines/warp-gatk-germline-single-sample-pipeline-master/cromwell-executions1/WholeGenomeGermlineSingleSample/d3b27253-def8-4fcc-8159-f1f8d49265cf/call-BamToGvcf/VariantCalling/17899b18-eba4-4779-b361-f95638baf358/call-DragenHardFilterVcf/shard-36/execution/docker_cid[0m

# return exit code
exit $rc
[2026-04-09 20:58:01,07] [info] BackgroundConfigAsyncJobExecutionActor [[38;5;2m17899b18[0mVariantCalling.DragenHardFilterVcf:36:1]: job id: 785828
[2026-04-09 20:58:01,07] [info] BackgroundConfigAsyncJobExecutionActor [[38;5;2m17899b18[0mVariantCalling.DragenHardFilterVcf:36:1]: Status change from - to WaitingForReturnCode
[2026-04-09 20:58:20,56] [info] BackgroundConfigAsyncJobExecutionActor [[38;5;2m17899b18[0mVariantCalling.DragenHardFilterVcf:36:1]: Status change from WaitingForReturnCode to Done
[2026-04-09 20:58:26,18] [info] Assigned new job execution tokens to the following groups: d3b27253: 1
[2026-04-09 20:58:26,19] [[38;5;220mwarn[0m] BackgroundConfigAsyncJobExecutionActor [[38;5;2m17899b18[0mVariantCalling.DragenHardFilterVcf:18:1]: Unrecognized runtime attribute keys: preemptible, bootDiskSizeGb, disks, memory
[2026-04-09 20:58:26,59] [info] BackgroundConfigAsyncJobExecutionActor [[38;5;2m17899b18[0mVariantCalling.DragenHardFilterVcf:18:1]: [38;5;5mgatk --java-options "-Xms300g -Xmx300g" \
 VariantFiltration \
 -V /cromwell-executions1/WholeGenomeGermlineSingleSample/d3b27253-def8-4fcc-8159-f1f8d49265cf/call-BamToGvcf/VariantCalling/17899b18-eba4-4779-b361-f95638baf358/call-DragenHardFilterVcf/shard-18/inputs/187138791/ERR3684866_ILMN.g.vcf.gz \
 --filter-expression "QUAL < 10.4139" \
 --filter-name "DRAGENHardQUAL" \
 -O ERR3684866_ILMN.hard-filtered.g.vcf.gz[0m
[2026-04-09 20:58:26,59] [info] BackgroundConfigAsyncJobExecutionActor [[38;5;2m17899b18[0mVariantCalling.DragenHardFilterVcf:18:1]: executing: # make sure there is no preexisting Docker CID file
rm -f /mnt/nas1/projects/lasr/blendseq/warp-pipelines/warp-gatk-germline-single-sample-pipeline-master/cromwell-executions1/WholeGenomeGermlineSingleSample/d3b27253-def8-4fcc-8159-f1f8d49265cf/call-BamToGvcf/VariantCalling/17899b18-eba4-4779-b361-f95638baf358/call-DragenHardFilterVcf/shard-18/execution/docker_cid
# run as in the original configuration without --rm flag (will remove later)
docker run \
  --cidfile /mnt/nas1/projects/lasr/blendseq/warp-pipelines/warp-gatk-germline-single-sample-pipeline-master/cromwell-executions1/WholeGenomeGermlineSingleSample/d3b27253-def8-4fcc-8159-f1f8d49265cf/call-BamToGvcf/VariantCalling/17899b18-eba4-4779-b361-f95638baf358/call-DragenHardFilterVcf/shard-18/execution/docker_cid \
  -i \
  --user 1027:1028 \
  --cpus="64" \
  --memory="409600m" \
  --entrypoint /bin/bash \
  -v /mnt/nas1/projects/lasr/blendseq/warp-pipelines/warp-gatk-germline-single-sample-pipeline-master/cromwell-executions1/WholeGenomeGermlineSingleSample/d3b27253-def8-4fcc-8159-f1f8d49265cf/call-BamToGvcf/VariantCalling/17899b18-eba4-4779-b361-f95638baf358/call-DragenHardFilterVcf/shard-18:/cromwell-executions1/WholeGenomeGermlineSingleSample/d3b27253-def8-4fcc-8159-f1f8d49265cf/call-BamToGvcf/VariantCalling/17899b18-eba4-4779-b361-f95638baf358/call-DragenHardFilterVcf/shard-18 \
  -v /mnt/nas1/projects/lasr/blendseq:/mnt/nas1/projects/lasr/blendseq \
  us.gcr.io/broad-gatk/gatk@sha256:c88912855b845bd40c6b4bc8f3dd1d4b333ed2549cd3e8386987ee7c0c284f5a /cromwell-executions1/WholeGenomeGermlineSingleSample/d3b27253-def8-4fcc-8159-f1f8d49265cf/call-BamToGvcf/VariantCalling/17899b18-eba4-4779-b361-f95638baf358/call-DragenHardFilterVcf/shard-18/execution/script

# get the return code (working even if the container was detached)
rc=$(docker wait [38;5;5mcat /mnt/nas1/projects/lasr/blendseq/warp-pipelines/warp-gatk-germline-single-sample-pipeline-master/cromwell-executions1/WholeGenomeGermlineSingleSample/d3b27253-def8-4fcc-8159-f1f8d49265cf/call-BamToGvcf/VariantCalling/17899b18-eba4-4779-b361-f95638baf358/call-DragenHardFilterVcf/shard-18/execution/docker_cid[0m)

# remove the container after waiting
docker rm [38;5;5mcat /mnt/nas1/projects/lasr/blendseq/warp-pipelines/warp-gatk-germline-single-sample-pipeline-master/cromwell-executions1/WholeGenomeGermlineSingleSample/d3b27253-def8-4fcc-8159-f1f8d49265cf/call-BamToGvcf/VariantCalling/17899b18-eba4-4779-b361-f95638baf358/call-DragenHardFilterVcf/shard-18/execution/docker_cid[0m

# return exit code
exit $rc
[2026-04-09 20:58:31,06] [info] BackgroundConfigAsyncJobExecutionActor [[38;5;2m17899b18[0mVariantCalling.DragenHardFilterVcf:18:1]: job id: 786202
[2026-04-09 20:58:31,07] [info] BackgroundConfigAsyncJobExecutionActor [[38;5;2m17899b18[0mVariantCalling.DragenHardFilterVcf:18:1]: Status change from - to WaitingForReturnCode
[2026-04-09 20:58:45,10] [info] BackgroundConfigAsyncJobExecutionActor [[38;5;2m17899b18[0mVariantCalling.DragenHardFilterVcf:18:1]: Status change from WaitingForReturnCode to Done
[2026-04-09 20:58:46,18] [info] Assigned new job execution tokens to the following groups: d3b27253: 1
[2026-04-09 20:58:46,19] [[38;5;220mwarn[0m] BackgroundConfigAsyncJobExecutionActor [[38;5;2m17899b18[0mVariantCalling.DragenHardFilterVcf:20:1]: Unrecognized runtime attribute keys: preemptible, bootDiskSizeGb, disks, memory
[2026-04-09 20:58:46,41] [info] BackgroundConfigAsyncJobExecutionActor [[38;5;2m17899b18[0mVariantCalling.DragenHardFilterVcf:20:1]: [38;5;5mgatk --java-options "-Xms300g -Xmx300g" \
 VariantFiltration \
 -V /cromwell-executions1/WholeGenomeGermlineSingleSample/d3b27253-def8-4fcc-8159-f1f8d49265cf/call-BamToGvcf/VariantCalling/17899b18-eba4-4779-b361-f95638baf358/call-DragenHardFilterVcf/shard-20/inputs/1806930494/ERR3684866_ILMN.g.vcf.gz \
 --filter-expression "QUAL < 10.4139" \
 --filter-name "DRAGENHardQUAL" \
 -O ERR3684866_ILMN.hard-filtered.g.vcf.gz[0m
[2026-04-09 20:58:46,41] [info] BackgroundConfigAsyncJobExecutionActor [[38;5;2m17899b18[0mVariantCalling.DragenHardFilterVcf:20:1]: executing: # make sure there is no preexisting Docker CID file
rm -f /mnt/nas1/projects/lasr/blendseq/warp-pipelines/warp-gatk-germline-single-sample-pipeline-master/cromwell-executions1/WholeGenomeGermlineSingleSample/d3b27253-def8-4fcc-8159-f1f8d49265cf/call-BamToGvcf/VariantCalling/17899b18-eba4-4779-b361-f95638baf358/call-DragenHardFilterVcf/shard-20/execution/docker_cid
# run as in the original configuration without --rm flag (will remove later)
docker run \
  --cidfile /mnt/nas1/projects/lasr/blendseq/warp-pipelines/warp-gatk-germline-single-sample-pipeline-master/cromwell-executions1/WholeGenomeGermlineSingleSample/d3b27253-def8-4fcc-8159-f1f8d49265cf/call-BamToGvcf/VariantCalling/17899b18-eba4-4779-b361-f95638baf358/call-DragenHardFilterVcf/shard-20/execution/docker_cid \
  -i \
  --user 1027:1028 \
  --cpus="64" \
  --memory="409600m" \
  --entrypoint /bin/bash \
  -v /mnt/nas1/projects/lasr/blendseq/warp-pipelines/warp-gatk-germline-single-sample-pipeline-master/cromwell-executions1/WholeGenomeGermlineSingleSample/d3b27253-def8-4fcc-8159-f1f8d49265cf/call-BamToGvcf/VariantCalling/17899b18-eba4-4779-b361-f95638baf358/call-DragenHardFilterVcf/shard-20:/cromwell-executions1/WholeGenomeGermlineSingleSample/d3b27253-def8-4fcc-8159-f1f8d49265cf/call-BamToGvcf/VariantCalling/17899b18-eba4-4779-b361-f95638baf358/call-DragenHardFilterVcf/shard-20 \
  -v /mnt/nas1/projects/lasr/blendseq:/mnt/nas1/projects/lasr/blendseq \
  us.gcr.io/broad-gatk/gatk@sha256:c88912855b845bd40c6b4bc8f3dd1d4b333ed2549cd3e8386987ee7c0c284f5a /cromwell-executions1/WholeGenomeGermlineSingleSample/d3b27253-def8-4fcc-8159-f1f8d49265cf/call-BamToGvcf/VariantCalling/17899b18-eba4-4779-b361-f95638baf358/call-DragenHardFilterVcf/shard-20/execution/script

# get the return code (working even if the container was detached)
rc=$(docker wait [38;5;5mcat /mnt/nas1/projects/lasr/blendseq/warp-pipelines/warp-gatk-germline-single-sample-pipeline-master/cromwell-executions1/WholeGenomeGermlineSingleSample/d3b27253-def8-4fcc-8159-f1f8d49265cf/call-BamToGvcf/VariantCalling/17899b18-eba4-4779-b361-f95638baf358/call-DragenHardFilterVcf/shard-20/execution/docker_cid[0m)

# remove the container after waiting
docker rm [38;5;5mcat /mnt/nas1/projects/lasr/blendseq/warp-pipelines/warp-gatk-germline-single-sample-pipeline-master/cromwell-executions1/WholeGenomeGermlineSingleSample/d3b27253-def8-4fcc-8159-f1f8d49265cf/call-BamToGvcf/VariantCalling/17899b18-eba4-4779-b361-f95638baf358/call-DragenHardFilterVcf/shard-20/execution/docker_cid[0m

# return exit code
exit $rc
[2026-04-09 20:58:51,07] [info] BackgroundConfigAsyncJobExecutionActor [[38;5;2m17899b18[0mVariantCalling.DragenHardFilterVcf:20:1]: job id: 786574
[2026-04-09 20:58:51,07] [info] BackgroundConfigAsyncJobExecutionActor [[38;5;2m17899b18[0mVariantCalling.DragenHardFilterVcf:20:1]: Status change from - to WaitingForReturnCode
[2026-04-09 20:59:01,24] [info] BackgroundConfigAsyncJobExecutionActor [[38;5;2m17899b18[0mVariantCalling.DragenHardFilterVcf:20:1]: Status change from WaitingForReturnCode to Done
[2026-04-09 20:59:06,18] [info] Assigned new job execution tokens to the following groups: d3b27253: 1
[2026-04-09 20:59:06,19] [[38;5;220mwarn[0m] BackgroundConfigAsyncJobExecutionActor [[38;5;2m17899b18[0mVariantCalling.DragenHardFilterVcf:46:1]: Unrecognized runtime attribute keys: preemptible, bootDiskSizeGb, disks, memory
[2026-04-09 20:59:06,51] [info] BackgroundConfigAsyncJobExecutionActor [[38;5;2m17899b18[0mVariantCalling.DragenHardFilterVcf:46:1]: [38;5;5mgatk --java-options "-Xms300g -Xmx300g" \
 VariantFiltration \
 -V /cromwell-executions1/WholeGenomeGermlineSingleSample/d3b27253-def8-4fcc-8159-f1f8d49265cf/call-BamToGvcf/VariantCalling/17899b18-eba4-4779-b361-f95638baf358/call-DragenHardFilterVcf/shard-46/inputs/-126677630/ERR3684866_ILMN.g.vcf.gz \
 --filter-expression "QUAL < 10.4139" \
 --filter-name "DRAGENHardQUAL" \
 -O ERR3684866_ILMN.hard-filtered.g.vcf.gz[0m
[2026-04-09 20:59:06,52] [info] BackgroundConfigAsyncJobExecutionActor [[38;5;2m17899b18[0mVariantCalling.DragenHardFilterVcf:46:1]: executing: # make sure there is no preexisting Docker CID file
rm -f /mnt/nas1/projects/lasr/blendseq/warp-pipelines/warp-gatk-germline-single-sample-pipeline-master/cromwell-executions1/WholeGenomeGermlineSingleSample/d3b27253-def8-4fcc-8159-f1f8d49265cf/call-BamToGvcf/VariantCalling/17899b18-eba4-4779-b361-f95638baf358/call-DragenHardFilterVcf/shard-46/execution/docker_cid
# run as in the original configuration without --rm flag (will remove later)
docker run \
  --cidfile /mnt/nas1/projects/lasr/blendseq/warp-pipelines/warp-gatk-germline-single-sample-pipeline-master/cromwell-executions1/WholeGenomeGermlineSingleSample/d3b27253-def8-4fcc-8159-f1f8d49265cf/call-BamToGvcf/VariantCalling/17899b18-eba4-4779-b361-f95638baf358/call-DragenHardFilterVcf/shard-46/execution/docker_cid \
  -i \
  --user 1027:1028 \
  --cpus="64" \
  --memory="409600m" \
  --entrypoint /bin/bash \
  -v /mnt/nas1/projects/lasr/blendseq/warp-pipelines/warp-gatk-germline-single-sample-pipeline-master/cromwell-executions1/WholeGenomeGermlineSingleSample/d3b27253-def8-4fcc-8159-f1f8d49265cf/call-BamToGvcf/VariantCalling/17899b18-eba4-4779-b361-f95638baf358/call-DragenHardFilterVcf/shard-46:/cromwell-executions1/WholeGenomeGermlineSingleSample/d3b27253-def8-4fcc-8159-f1f8d49265cf/call-BamToGvcf/VariantCalling/17899b18-eba4-4779-b361-f95638baf358/call-DragenHardFilterVcf/shard-46 \
  -v /mnt/nas1/projects/lasr/blendseq:/mnt/nas1/projects/lasr/blendseq \
  us.gcr.io/broad-gatk/gatk@sha256:c88912855b845bd40c6b4bc8f3dd1d4b333ed2549cd3e8386987ee7c0c284f5a /cromwell-executions1/WholeGenomeGermlineSingleSample/d3b27253-def8-4fcc-8159-f1f8d49265cf/call-BamToGvcf/VariantCalling/17899b18-eba4-4779-b361-f95638baf358/call-DragenHardFilterVcf/shard-46/execution/script

# get the return code (working even if the container was detached)
rc=$(docker wait [38;5;5mcat /mnt/nas1/projects/lasr/blendseq/warp-pipelines/warp-gatk-germline-single-sample-pipeline-master/cromwell-executions1/WholeGenomeGermlineSingleSample/d3b27253-def8-4fcc-8159-f1f8d49265cf/call-BamToGvcf/VariantCalling/17899b18-eba4-4779-b361-f95638baf358/call-DragenHardFilterVcf/shard-46/execution/docker_cid[0m)

# remove the container after waiting
docker rm [38;5;5mcat /mnt/nas1/projects/lasr/blendseq/warp-pipelines/warp-gatk-germline-single-sample-pipeline-master/cromwell-executions1/WholeGenomeGermlineSingleSample/d3b27253-def8-4fcc-8159-f1f8d49265cf/call-BamToGvcf/VariantCalling/17899b18-eba4-4779-b361-f95638baf358/call-DragenHardFilterVcf/shard-46/execution/docker_cid[0m

# return exit code
exit $rc
[2026-04-09 20:59:11,07] [info] BackgroundConfigAsyncJobExecutionActor [[38;5;2m17899b18[0mVariantCalling.DragenHardFilterVcf:46:1]: job id: 786953
[2026-04-09 20:59:11,07] [info] BackgroundConfigAsyncJobExecutionActor [[38;5;2m17899b18[0mVariantCalling.DragenHardFilterVcf:46:1]: Status change from - to WaitingForReturnCode
[2026-04-09 20:59:24,19] [info] BackgroundConfigAsyncJobExecutionActor [[38;5;2m17899b18[0mVariantCalling.DragenHardFilterVcf:46:1]: Status change from WaitingForReturnCode to Done
[2026-04-09 20:59:26,18] [info] Assigned new job execution tokens to the following groups: d3b27253: 1
[2026-04-09 20:59:26,19] [[38;5;220mwarn[0m] BackgroundConfigAsyncJobExecutionActor [[38;5;2m17899b18[0mVariantCalling.DragenHardFilterVcf:39:1]: Unrecognized runtime attribute keys: preemptible, bootDiskSizeGb, disks, memory
[2026-04-09 20:59:26,42] [info] BackgroundConfigAsyncJobExecutionActor [[38;5;2m17899b18[0mVariantCalling.DragenHardFilterVcf:39:1]: [38;5;5mgatk --java-options "-Xms300g -Xmx300g" \
 VariantFiltration \
 -V /cromwell-executions1/WholeGenomeGermlineSingleSample/d3b27253-def8-4fcc-8159-f1f8d49265cf/call-BamToGvcf/VariantCalling/17899b18-eba4-4779-b361-f95638baf358/call-DragenHardFilterVcf/shard-39/inputs/-1351647130/ERR3684866_ILMN.g.vcf.gz \
 --filter-expression "QUAL < 10.4139" \
 --filter-name "DRAGENHardQUAL" \
 -O ERR3684866_ILMN.hard-filtered.g.vcf.gz[0m
[2026-04-09 20:59:26,42] [info] BackgroundConfigAsyncJobExecutionActor [[38;5;2m17899b18[0mVariantCalling.DragenHardFilterVcf:39:1]: executing: # make sure there is no preexisting Docker CID file
rm -f /mnt/nas1/projects/lasr/blendseq/warp-pipelines/warp-gatk-germline-single-sample-pipeline-master/cromwell-executions1/WholeGenomeGermlineSingleSample/d3b27253-def8-4fcc-8159-f1f8d49265cf/call-BamToGvcf/VariantCalling/17899b18-eba4-4779-b361-f95638baf358/call-DragenHardFilterVcf/shard-39/execution/docker_cid
# run as in the original configuration without --rm flag (will remove later)
docker run \
  --cidfile /mnt/nas1/projects/lasr/blendseq/warp-pipelines/warp-gatk-germline-single-sample-pipeline-master/cromwell-executions1/WholeGenomeGermlineSingleSample/d3b27253-def8-4fcc-8159-f1f8d49265cf/call-BamToGvcf/VariantCalling/17899b18-eba4-4779-b361-f95638baf358/call-DragenHardFilterVcf/shard-39/execution/docker_cid \
  -i \
  --user 1027:1028 \
  --cpus="64" \
  --memory="409600m" \
  --entrypoint /bin/bash \
  -v /mnt/nas1/projects/lasr/blendseq/warp-pipelines/warp-gatk-germline-single-sample-pipeline-master/cromwell-executions1/WholeGenomeGermlineSingleSample/d3b27253-def8-4fcc-8159-f1f8d49265cf/call-BamToGvcf/VariantCalling/17899b18-eba4-4779-b361-f95638baf358/call-DragenHardFilterVcf/shard-39:/cromwell-executions1/WholeGenomeGermlineSingleSample/d3b27253-def8-4fcc-8159-f1f8d49265cf/call-BamToGvcf/VariantCalling/17899b18-eba4-4779-b361-f95638baf358/call-DragenHardFilterVcf/shard-39 \
  -v /mnt/nas1/projects/lasr/blendseq:/mnt/nas1/projects/lasr/blendseq \
  us.gcr.io/broad-gatk/gatk@sha256:c88912855b845bd40c6b4bc8f3dd1d4b333ed2549cd3e8386987ee7c0c284f5a /cromwell-executions1/WholeGenomeGermlineSingleSample/d3b27253-def8-4fcc-8159-f1f8d49265cf/call-BamToGvcf/VariantCalling/17899b18-eba4-4779-b361-f95638baf358/call-DragenHardFilterVcf/shard-39/execution/script

# get the return code (working even if the container was detached)
rc=$(docker wait [38;5;5mcat /mnt/nas1/projects/lasr/blendseq/warp-pipelines/warp-gatk-germline-single-sample-pipeline-master/cromwell-executions1/WholeGenomeGermlineSingleSample/d3b27253-def8-4fcc-8159-f1f8d49265cf/call-BamToGvcf/VariantCalling/17899b18-eba4-4779-b361-f95638baf358/call-DragenHardFilterVcf/shard-39/execution/docker_cid[0m)

# remove the container after waiting
docker rm [38;5;5mcat /mnt/nas1/projects/lasr/blendseq/warp-pipelines/warp-gatk-germline-single-sample-pipeline-master/cromwell-executions1/WholeGenomeGermlineSingleSample/d3b27253-def8-4fcc-8159-f1f8d49265cf/call-BamToGvcf/VariantCalling/17899b18-eba4-4779-b361-f95638baf358/call-DragenHardFilterVcf/shard-39/execution/docker_cid[0m

# return exit code
exit $rc
[2026-04-09 20:59:31,07] [info] BackgroundConfigAsyncJobExecutionActor [[38;5;2m17899b18[0mVariantCalling.DragenHardFilterVcf:39:1]: job id: 787331
[2026-04-09 20:59:31,07] [info] BackgroundConfigAsyncJobExecutionActor [[38;5;2m17899b18[0mVariantCalling.DragenHardFilterVcf:39:1]: Status change from - to WaitingForReturnCode
[2026-04-09 20:59:45,27] [info] BackgroundConfigAsyncJobExecutionActor [[38;5;2m17899b18[0mVariantCalling.DragenHardFilterVcf:39:1]: Status change from WaitingForReturnCode to Done
[2026-04-09 20:59:46,18] [info] Assigned new job execution tokens to the following groups: d3b27253: 1
[2026-04-09 20:59:46,19] [[38;5;220mwarn[0m] BackgroundConfigAsyncJobExecutionActor [[38;5;2m17899b18[0mVariantCalling.DragenHardFilterVcf:2:1]: Unrecognized runtime attribute keys: preemptible, bootDiskSizeGb, disks, memory
[2026-04-09 20:59:46,38] [info] BackgroundConfigAsyncJobExecutionActor [[38;5;2m17899b18[0mVariantCalling.DragenHardFilterVcf:2:1]: [38;5;5mgatk --java-options "-Xms300g -Xmx300g" \
 VariantFiltration \
 -V /cromwell-executions1/WholeGenomeGermlineSingleSample/d3b27253-def8-4fcc-8159-f1f8d49265cf/call-BamToGvcf/VariantCalling/17899b18-eba4-4779-b361-f95638baf358/call-DragenHardFilterVcf/shard-2/inputs/-503040796/ERR3684866_ILMN.g.vcf.gz \
 --filter-expression "QUAL < 10.4139" \
 --filter-name "DRAGENHardQUAL" \
 -O ERR3684866_ILMN.hard-filtered.g.vcf.gz[0m
[2026-04-09 20:59:46,39] [info] BackgroundConfigAsyncJobExecutionActor [[38;5;2m17899b18[0mVariantCalling.DragenHardFilterVcf:2:1]: executing: # make sure there is no preexisting Docker CID file
rm -f /mnt/nas1/projects/lasr/blendseq/warp-pipelines/warp-gatk-germline-single-sample-pipeline-master/cromwell-executions1/WholeGenomeGermlineSingleSample/d3b27253-def8-4fcc-8159-f1f8d49265cf/call-BamToGvcf/VariantCalling/17899b18-eba4-4779-b361-f95638baf358/call-DragenHardFilterVcf/shard-2/execution/docker_cid
# run as in the original configuration without --rm flag (will remove later)
docker run \
  --cidfile /mnt/nas1/projects/lasr/blendseq/warp-pipelines/warp-gatk-germline-single-sample-pipeline-master/cromwell-executions1/WholeGenomeGermlineSingleSample/d3b27253-def8-4fcc-8159-f1f8d49265cf/call-BamToGvcf/VariantCalling/17899b18-eba4-4779-b361-f95638baf358/call-DragenHardFilterVcf/shard-2/execution/docker_cid \
  -i \
  --user 1027:1028 \
  --cpus="64" \
  --memory="409600m" \
  --entrypoint /bin/bash \
  -v /mnt/nas1/projects/lasr/blendseq/warp-pipelines/warp-gatk-germline-single-sample-pipeline-master/cromwell-executions1/WholeGenomeGermlineSingleSample/d3b27253-def8-4fcc-8159-f1f8d49265cf/call-BamToGvcf/VariantCalling/17899b18-eba4-4779-b361-f95638baf358/call-DragenHardFilterVcf/shard-2:/cromwell-executions1/WholeGenomeGermlineSingleSample/d3b27253-def8-4fcc-8159-f1f8d49265cf/call-BamToGvcf/VariantCalling/17899b18-eba4-4779-b361-f95638baf358/call-DragenHardFilterVcf/shard-2 \
  -v /mnt/nas1/projects/lasr/blendseq:/mnt/nas1/projects/lasr/blendseq \
  us.gcr.io/broad-gatk/gatk@sha256:c88912855b845bd40c6b4bc8f3dd1d4b333ed2549cd3e8386987ee7c0c284f5a /cromwell-executions1/WholeGenomeGermlineSingleSample/d3b27253-def8-4fcc-8159-f1f8d49265cf/call-BamToGvcf/VariantCalling/17899b18-eba4-4779-b361-f95638baf358/call-DragenHardFilterVcf/shard-2/execution/script

# get the return code (working even if the container was detached)
rc=$(docker wait [38;5;5mcat /mnt/nas1/projects/lasr/blendseq/warp-pipelines/warp-gatk-germline-single-sample-pipeline-master/cromwell-executions1/WholeGenomeGermlineSingleSample/d3b27253-def8-4fcc-8159-f1f8d49265cf/call-BamToGvcf/VariantCalling/17899b18-eba4-4779-b361-f95638baf358/call-DragenHardFilterVcf/shard-2/execution/docker_cid[0m)

# remove the container after waiting
docker rm [38;5;5mcat /mnt/nas1/projects/lasr/blendseq/warp-pipelines/warp-gatk-germline-single-sample-pipeline-master/cromwell-executions1/WholeGenomeGermlineSingleSample/d3b27253-def8-4fcc-8159-f1f8d49265cf/call-BamToGvcf/VariantCalling/17899b18-eba4-4779-b361-f95638baf358/call-DragenHardFilterVcf/shard-2/execution/docker_cid[0m

# return exit code
exit $rc
[2026-04-09 20:59:51,06] [info] BackgroundConfigAsyncJobExecutionActor [[38;5;2m17899b18[0mVariantCalling.DragenHardFilterVcf:2:1]: job id: 787715
[2026-04-09 20:59:51,07] [info] BackgroundConfigAsyncJobExecutionActor [[38;5;2m17899b18[0mVariantCalling.DragenHardFilterVcf:2:1]: Status change from - to WaitingForReturnCode
[2026-04-09 20:59:59,24] [info] BackgroundConfigAsyncJobExecutionActor [[38;5;2m17899b18[0mVariantCalling.DragenHardFilterVcf:2:1]: Status change from WaitingForReturnCode to Done
[2026-04-09 21:00:06,18] [info] Assigned new job execution tokens to the following groups: d3b27253: 1
[2026-04-09 21:00:06,19] [[38;5;220mwarn[0m] BackgroundConfigAsyncJobExecutionActor [[38;5;2m17899b18[0mVariantCalling.DragenHardFilterVcf:22:1]: Unrecognized runtime attribute keys: preemptible, bootDiskSizeGb, disks, memory
[2026-04-09 21:00:06,37] [info] BackgroundConfigAsyncJobExecutionActor [[38;5;2m17899b18[0mVariantCalling.DragenHardFilterVcf:22:1]: [38;5;5mgatk --java-options "-Xms300g -Xmx300g" \
 VariantFiltration \
 -V /cromwell-executions1/WholeGenomeGermlineSingleSample/d3b27253-def8-4fcc-8159-f1f8d49265cf/call-BamToGvcf/VariantCalling/17899b18-eba4-4779-b361-f95638baf358/call-DragenHardFilterVcf/shard-22/inputs/-1786972224/ERR3684866_ILMN.g.vcf.gz \
 --filter-expression "QUAL < 10.4139" \
 --filter-name "DRAGENHardQUAL" \
 -O ERR3684866_ILMN.hard-filtered.g.vcf.gz[0m
[2026-04-09 21:00:06,38] [info] BackgroundConfigAsyncJobExecutionActor [[38;5;2m17899b18[0mVariantCalling.DragenHardFilterVcf:22:1]: executing: # make sure there is no preexisting Docker CID file
rm -f /mnt/nas1/projects/lasr/blendseq/warp-pipelines/warp-gatk-germline-single-sample-pipeline-master/cromwell-executions1/WholeGenomeGermlineSingleSample/d3b27253-def8-4fcc-8159-f1f8d49265cf/call-BamToGvcf/VariantCalling/17899b18-eba4-4779-b361-f95638baf358/call-DragenHardFilterVcf/shard-22/execution/docker_cid
# run as in the original configuration without --rm flag (will remove later)
docker run \
  --cidfile /mnt/nas1/projects/lasr/blendseq/warp-pipelines/warp-gatk-germline-single-sample-pipeline-master/cromwell-executions1/WholeGenomeGermlineSingleSample/d3b27253-def8-4fcc-8159-f1f8d49265cf/call-BamToGvcf/VariantCalling/17899b18-eba4-4779-b361-f95638baf358/call-DragenHardFilterVcf/shard-22/execution/docker_cid \
  -i \
  --user 1027:1028 \
  --cpus="64" \
  --memory="409600m" \
  --entrypoint /bin/bash \
  -v /mnt/nas1/projects/lasr/blendseq/warp-pipelines/warp-gatk-germline-single-sample-pipeline-master/cromwell-executions1/WholeGenomeGermlineSingleSample/d3b27253-def8-4fcc-8159-f1f8d49265cf/call-BamToGvcf/VariantCalling/17899b18-eba4-4779-b361-f95638baf358/call-DragenHardFilterVcf/shard-22:/cromwell-executions1/WholeGenomeGermlineSingleSample/d3b27253-def8-4fcc-8159-f1f8d49265cf/call-BamToGvcf/VariantCalling/17899b18-eba4-4779-b361-f95638baf358/call-DragenHardFilterVcf/shard-22 \
  -v /mnt/nas1/projects/lasr/blendseq:/mnt/nas1/projects/lasr/blendseq \
  us.gcr.io/broad-gatk/gatk@sha256:c88912855b845bd40c6b4bc8f3dd1d4b333ed2549cd3e8386987ee7c0c284f5a /cromwell-executions1/WholeGenomeGermlineSingleSample/d3b27253-def8-4fcc-8159-f1f8d49265cf/call-BamToGvcf/VariantCalling/17899b18-eba4-4779-b361-f95638baf358/call-DragenHardFilterVcf/shard-22/execution/script

# get the return code (working even if the container was detached)
rc=$(docker wait [38;5;5mcat /mnt/nas1/projects/lasr/blendseq/warp-pipelines/warp-gatk-germline-single-sample-pipeline-master/cromwell-executions1/WholeGenomeGermlineSingleSample/d3b27253-def8-4fcc-8159-f1f8d49265cf/call-BamToGvcf/VariantCalling/17899b18-eba4-4779-b361-f95638baf358/call-DragenHardFilterVcf/shard-22/execution/docker_cid[0m)

# remove the container after waiting
docker rm [38;5;5mcat /mnt/nas1/projects/lasr/blendseq/warp-pipelines/warp-gatk-germline-single-sample-pipeline-master/cromwell-executions1/WholeGenomeGermlineSingleSample/d3b27253-def8-4fcc-8159-f1f8d49265cf/call-BamToGvcf/VariantCalling/17899b18-eba4-4779-b361-f95638baf358/call-DragenHardFilterVcf/shard-22/execution/docker_cid[0m

# return exit code
exit $rc
[2026-04-09 21:00:11,06] [info] BackgroundConfigAsyncJobExecutionActor [[38;5;2m17899b18[0mVariantCalling.DragenHardFilterVcf:22:1]: job id: 788099
[2026-04-09 21:00:11,07] [info] BackgroundConfigAsyncJobExecutionActor [[38;5;2m17899b18[0mVariantCalling.DragenHardFilterVcf:22:1]: Status change from - to WaitingForReturnCode
[2026-04-09 21:00:19,42] [info] BackgroundConfigAsyncJobExecutionActor [[38;5;2m17899b18[0mVariantCalling.DragenHardFilterVcf:22:1]: Status change from WaitingForReturnCode to Done
[2026-04-09 21:00:26,18] [info] Assigned new job execution tokens to the following groups: d3b27253: 1
[2026-04-09 21:00:26,19] [[38;5;220mwarn[0m] BackgroundConfigAsyncJobExecutionActor [[38;5;2m17899b18[0mVariantCalling.DragenHardFilterVcf:19:1]: Unrecognized runtime attribute keys: preemptible, bootDiskSizeGb, disks, memory
[2026-04-09 21:00:26,50] [info] BackgroundConfigAsyncJobExecutionActor [[38;5;2m17899b18[0mVariantCalling.DragenHardFilterVcf:19:1]: [38;5;5mgatk --java-options "-Xms300g -Xmx300g" \
 VariantFiltration \
 -V /cromwell-executions1/WholeGenomeGermlineSingleSample/d3b27253-def8-4fcc-8159-f1f8d49265cf/call-BamToGvcf/VariantCalling/17899b18-eba4-4779-b361-f95638baf358/call-DragenHardFilterVcf/shard-19/inputs/-1609812568/ERR3684866_ILMN.g.vcf.gz \
 --filter-expression "QUAL < 10.4139" \
 --filter-name "DRAGENHardQUAL" \
 -O ERR3684866_ILMN.hard-filtered.g.vcf.gz[0m
[2026-04-09 21:00:26,50] [info] BackgroundConfigAsyncJobExecutionActor [[38;5;2m17899b18[0mVariantCalling.DragenHardFilterVcf:19:1]: executing: # make sure there is no preexisting Docker CID file
rm -f /mnt/nas1/projects/lasr/blendseq/warp-pipelines/warp-gatk-germline-single-sample-pipeline-master/cromwell-executions1/WholeGenomeGermlineSingleSample/d3b27253-def8-4fcc-8159-f1f8d49265cf/call-BamToGvcf/VariantCalling/17899b18-eba4-4779-b361-f95638baf358/call-DragenHardFilterVcf/shard-19/execution/docker_cid
# run as in the original configuration without --rm flag (will remove later)
docker run \
  --cidfile /mnt/nas1/projects/lasr/blendseq/warp-pipelines/warp-gatk-germline-single-sample-pipeline-master/cromwell-executions1/WholeGenomeGermlineSingleSample/d3b27253-def8-4fcc-8159-f1f8d49265cf/call-BamToGvcf/VariantCalling/17899b18-eba4-4779-b361-f95638baf358/call-DragenHardFilterVcf/shard-19/execution/docker_cid \
  -i \
  --user 1027:1028 \
  --cpus="64" \
  --memory="409600m" \
  --entrypoint /bin/bash \
  -v /mnt/nas1/projects/lasr/blendseq/warp-pipelines/warp-gatk-germline-single-sample-pipeline-master/cromwell-executions1/WholeGenomeGermlineSingleSample/d3b27253-def8-4fcc-8159-f1f8d49265cf/call-BamToGvcf/VariantCalling/17899b18-eba4-4779-b361-f95638baf358/call-DragenHardFilterVcf/shard-19:/cromwell-executions1/WholeGenomeGermlineSingleSample/d3b27253-def8-4fcc-8159-f1f8d49265cf/call-BamToGvcf/VariantCalling/17899b18-eba4-4779-b361-f95638baf358/call-DragenHardFilterVcf/shard-19 \
  -v /mnt/nas1/projects/lasr/blendseq:/mnt/nas1/projects/lasr/blendseq \
  us.gcr.io/broad-gatk/gatk@sha256:c88912855b845bd40c6b4bc8f3dd1d4b333ed2549cd3e8386987ee7c0c284f5a /cromwell-executions1/WholeGenomeGermlineSingleSample/d3b27253-def8-4fcc-8159-f1f8d49265cf/call-BamToGvcf/VariantCalling/17899b18-eba4-4779-b361-f95638baf358/call-DragenHardFilterVcf/shard-19/execution/script

# get the return code (working even if the container was detached)
rc=$(docker wait [38;5;5mcat /mnt/nas1/projects/lasr/blendseq/warp-pipelines/warp-gatk-germline-single-sample-pipeline-master/cromwell-executions1/WholeGenomeGermlineSingleSample/d3b27253-def8-4fcc-8159-f1f8d49265cf/call-BamToGvcf/VariantCalling/17899b18-eba4-4779-b361-f95638baf358/call-DragenHardFilterVcf/shard-19/execution/docker_cid[0m)

# remove the container after waiting
docker rm [38;5;5mcat /mnt/nas1/projects/lasr/blendseq/warp-pipelines/warp-gatk-germline-single-sample-pipeline-master/cromwell-executions1/WholeGenomeGermlineSingleSample/d3b27253-def8-4fcc-8159-f1f8d49265cf/call-BamToGvcf/VariantCalling/17899b18-eba4-4779-b361-f95638baf358/call-DragenHardFilterVcf/shard-19/execution/docker_cid[0m

# return exit code
exit $rc
[2026-04-09 21:00:31,07] [info] BackgroundConfigAsyncJobExecutionActor [[38;5;2m17899b18[0mVariantCalling.DragenHardFilterVcf:19:1]: job id: 788472
[2026-04-09 21:00:31,07] [info] BackgroundConfigAsyncJobExecutionActor [[38;5;2m17899b18[0mVariantCalling.DragenHardFilterVcf:19:1]: Status change from - to WaitingForReturnCode
[2026-04-09 21:00:43,20] [info] BackgroundConfigAsyncJobExecutionActor [[38;5;2m17899b18[0mVariantCalling.DragenHardFilterVcf:19:1]: Status change from WaitingForReturnCode to Done
[2026-04-09 21:00:46,18] [info] Assigned new job execution tokens to the following groups: d3b27253: 1
[2026-04-09 21:00:46,19] [[38;5;220mwarn[0m] BackgroundConfigAsyncJobExecutionActor [[38;5;2m17899b18[0mVariantCalling.DragenHardFilterVcf:26:1]: Unrecognized runtime attribute keys: preemptible, bootDiskSizeGb, disks, memory
[2026-04-09 21:00:46,40] [info] BackgroundConfigAsyncJobExecutionActor [[38;5;2m17899b18[0mVariantCalling.DragenHardFilterVcf:26:1]: [38;5;5mgatk --java-options "-Xms300g -Xmx300g" \
 VariantFiltration \
 -V /cromwell-executions1/WholeGenomeGermlineSingleSample/d3b27253-def8-4fcc-8159-f1f8d49265cf/call-BamToGvcf/VariantCalling/17899b18-eba4-4779-b361-f95638baf358/call-DragenHardFilterVcf/shard-26/inputs/-384843068/ERR3684866_ILMN.g.vcf.gz \
 --filter-expression "QUAL < 10.4139" \
 --filter-name "DRAGENHardQUAL" \
 -O ERR3684866_ILMN.hard-filtered.g.vcf.gz[0m
[2026-04-09 21:00:46,41] [info] BackgroundConfigAsyncJobExecutionActor [[38;5;2m17899b18[0mVariantCalling.DragenHardFilterVcf:26:1]: executing: # make sure there is no preexisting Docker CID file
rm -f /mnt/nas1/projects/lasr/blendseq/warp-pipelines/warp-gatk-germline-single-sample-pipeline-master/cromwell-executions1/WholeGenomeGermlineSingleSample/d3b27253-def8-4fcc-8159-f1f8d49265cf/call-BamToGvcf/VariantCalling/17899b18-eba4-4779-b361-f95638baf358/call-DragenHardFilterVcf/shard-26/execution/docker_cid
# run as in the original configuration without --rm flag (will remove later)
docker run \
  --cidfile /mnt/nas1/projects/lasr/blendseq/warp-pipelines/warp-gatk-germline-single-sample-pipeline-master/cromwell-executions1/WholeGenomeGermlineSingleSample/d3b27253-def8-4fcc-8159-f1f8d49265cf/call-BamToGvcf/VariantCalling/17899b18-eba4-4779-b361-f95638baf358/call-DragenHardFilterVcf/shard-26/execution/docker_cid \
  -i \
  --user 1027:1028 \
  --cpus="64" \
  --memory="409600m" \
  --entrypoint /bin/bash \
  -v /mnt/nas1/projects/lasr/blendseq/warp-pipelines/warp-gatk-germline-single-sample-pipeline-master/cromwell-executions1/WholeGenomeGermlineSingleSample/d3b27253-def8-4fcc-8159-f1f8d49265cf/call-BamToGvcf/VariantCalling/17899b18-eba4-4779-b361-f95638baf358/call-DragenHardFilterVcf/shard-26:/cromwell-executions1/WholeGenomeGermlineSingleSample/d3b27253-def8-4fcc-8159-f1f8d49265cf/call-BamToGvcf/VariantCalling/17899b18-eba4-4779-b361-f95638baf358/call-DragenHardFilterVcf/shard-26 \
  -v /mnt/nas1/projects/lasr/blendseq:/mnt/nas1/projects/lasr/blendseq \
  us.gcr.io/broad-gatk/gatk@sha256:c88912855b845bd40c6b4bc8f3dd1d4b333ed2549cd3e8386987ee7c0c284f5a /cromwell-executions1/WholeGenomeGermlineSingleSample/d3b27253-def8-4fcc-8159-f1f8d49265cf/call-BamToGvcf/VariantCalling/17899b18-eba4-4779-b361-f95638baf358/call-DragenHardFilterVcf/shard-26/execution/script

# get the return code (working even if the container was detached)
rc=$(docker wait [38;5;5mcat /mnt/nas1/projects/lasr/blendseq/warp-pipelines/warp-gatk-germline-single-sample-pipeline-master/cromwell-executions1/WholeGenomeGermlineSingleSample/d3b27253-def8-4fcc-8159-f1f8d49265cf/call-BamToGvcf/VariantCalling/17899b18-eba4-4779-b361-f95638baf358/call-DragenHardFilterVcf/shard-26/execution/docker_cid[0m)

# remove the container after waiting
docker rm [38;5;5mcat /mnt/nas1/projects/lasr/blendseq/warp-pipelines/warp-gatk-germline-single-sample-pipeline-master/cromwell-executions1/WholeGenomeGermlineSingleSample/d3b27253-def8-4fcc-8159-f1f8d49265cf/call-BamToGvcf/VariantCalling/17899b18-eba4-4779-b361-f95638baf358/call-DragenHardFilterVcf/shard-26/execution/docker_cid[0m

# return exit code
exit $rc
[2026-04-09 21:00:51,07] [info] BackgroundConfigAsyncJobExecutionActor [[38;5;2m17899b18[0mVariantCalling.DragenHardFilterVcf:26:1]: job id: 788849
[2026-04-09 21:00:51,07] [info] BackgroundConfigAsyncJobExecutionActor [[38;5;2m17899b18[0mVariantCalling.DragenHardFilterVcf:26:1]: Status change from - to WaitingForReturnCode
[2026-04-09 21:01:04,24] [info] BackgroundConfigAsyncJobExecutionActor [[38;5;2m17899b18[0mVariantCalling.DragenHardFilterVcf:26:1]: Status change from WaitingForReturnCode to Done
[2026-04-09 21:01:06,18] [info] Assigned new job execution tokens to the following groups: d3b27253: 1
[2026-04-09 21:01:06,19] [[38;5;220mwarn[0m] BackgroundConfigAsyncJobExecutionActor [[38;5;2m17899b18[0mVariantCalling.DragenHardFilterVcf:30:1]: Unrecognized runtime attribute keys: preemptible, bootDiskSizeGb, disks, memory
[2026-04-09 21:01:06,39] [info] BackgroundConfigAsyncJobExecutionActor [[38;5;2m17899b18[0mVariantCalling.DragenHardFilterVcf:30:1]: [38;5;5mgatk --java-options "-Xms300g -Xmx300g" \
 VariantFiltration \
 -V /cromwell-executions1/WholeGenomeGermlineSingleSample/d3b27253-def8-4fcc-8159-f1f8d49265cf/call-BamToGvcf/VariantCalling/17899b18-eba4-4779-b361-f95638baf358/call-DragenHardFilterVcf/shard-30/inputs/1936013213/ERR3684866_ILMN.g.vcf.gz \
 --filter-expression "QUAL < 10.4139" \
 --filter-name "DRAGENHardQUAL" \
 -O ERR3684866_ILMN.hard-filtered.g.vcf.gz[0m
[2026-04-09 21:01:06,39] [info] BackgroundConfigAsyncJobExecutionActor [[38;5;2m17899b18[0mVariantCalling.DragenHardFilterVcf:30:1]: executing: # make sure there is no preexisting Docker CID file
rm -f /mnt/nas1/projects/lasr/blendseq/warp-pipelines/warp-gatk-germline-single-sample-pipeline-master/cromwell-executions1/WholeGenomeGermlineSingleSample/d3b27253-def8-4fcc-8159-f1f8d49265cf/call-BamToGvcf/VariantCalling/17899b18-eba4-4779-b361-f95638baf358/call-DragenHardFilterVcf/shard-30/execution/docker_cid
# run as in the original configuration without --rm flag (will remove later)
docker run \
  --cidfile /mnt/nas1/projects/lasr/blendseq/warp-pipelines/warp-gatk-germline-single-sample-pipeline-master/cromwell-executions1/WholeGenomeGermlineSingleSample/d3b27253-def8-4fcc-8159-f1f8d49265cf/call-BamToGvcf/VariantCalling/17899b18-eba4-4779-b361-f95638baf358/call-DragenHardFilterVcf/shard-30/execution/docker_cid \
  -i \
  --user 1027:1028 \
  --cpus="64" \
  --memory="409600m" \
  --entrypoint /bin/bash \
  -v /mnt/nas1/projects/lasr/blendseq/warp-pipelines/warp-gatk-germline-single-sample-pipeline-master/cromwell-executions1/WholeGenomeGermlineSingleSample/d3b27253-def8-4fcc-8159-f1f8d49265cf/call-BamToGvcf/VariantCalling/17899b18-eba4-4779-b361-f95638baf358/call-DragenHardFilterVcf/shard-30:/cromwell-executions1/WholeGenomeGermlineSingleSample/d3b27253-def8-4fcc-8159-f1f8d49265cf/call-BamToGvcf/VariantCalling/17899b18-eba4-4779-b361-f95638baf358/call-DragenHardFilterVcf/shard-30 \
  -v /mnt/nas1/projects/lasr/blendseq:/mnt/nas1/projects/lasr/blendseq \
  us.gcr.io/broad-gatk/gatk@sha256:c88912855b845bd40c6b4bc8f3dd1d4b333ed2549cd3e8386987ee7c0c284f5a /cromwell-executions1/WholeGenomeGermlineSingleSample/d3b27253-def8-4fcc-8159-f1f8d49265cf/call-BamToGvcf/VariantCalling/17899b18-eba4-4779-b361-f95638baf358/call-DragenHardFilterVcf/shard-30/execution/script

# get the return code (working even if the container was detached)
rc=$(docker wait [38;5;5mcat /mnt/nas1/projects/lasr/blendseq/warp-pipelines/warp-gatk-germline-single-sample-pipeline-master/cromwell-executions1/WholeGenomeGermlineSingleSample/d3b27253-def8-4fcc-8159-f1f8d49265cf/call-BamToGvcf/VariantCalling/17899b18-eba4-4779-b361-f95638baf358/call-DragenHardFilterVcf/shard-30/execution/docker_cid[0m)

# remove the container after waiting
docker rm [38;5;5mcat /mnt/nas1/projects/lasr/blendseq/warp-pipelines/warp-gatk-germline-single-sample-pipeline-master/cromwell-executions1/WholeGenomeGermlineSingleSample/d3b27253-def8-4fcc-8159-f1f8d49265cf/call-BamToGvcf/VariantCalling/17899b18-eba4-4779-b361-f95638baf358/call-DragenHardFilterVcf/shard-30/execution/docker_cid[0m

# return exit code
exit $rc
[2026-04-09 21:01:11,07] [info] BackgroundConfigAsyncJobExecutionActor [[38;5;2m17899b18[0mVariantCalling.DragenHardFilterVcf:30:1]: job id: 789212
[2026-04-09 21:01:11,07] [info] BackgroundConfigAsyncJobExecutionActor [[38;5;2m17899b18[0mVariantCalling.DragenHardFilterVcf:30:1]: Status change from - to WaitingForReturnCode
[2026-04-09 21:01:21,20] [info] BackgroundConfigAsyncJobExecutionActor [[38;5;2m17899b18[0mVariantCalling.DragenHardFilterVcf:30:1]: Status change from WaitingForReturnCode to Done
[2026-04-09 21:01:26,18] [info] Assigned new job execution tokens to the following groups: d3b27253: 1
[2026-04-09 21:01:26,19] [[38;5;220mwarn[0m] BackgroundConfigAsyncJobExecutionActor [[38;5;2m17899b18[0mVariantCalling.DragenHardFilterVcf:13:1]: Unrecognized runtime attribute keys: preemptible, bootDiskSizeGb, disks, memory
[2026-04-09 21:01:26,42] [info] BackgroundConfigAsyncJobExecutionActor [[38;5;2m17899b18[0mVariantCalling.DragenHardFilterVcf:13:1]: [38;5;5mgatk --java-options "-Xms300g -Xmx300g" \
 VariantFiltration \
 -V /cromwell-executions1/WholeGenomeGermlineSingleSample/d3b27253-def8-4fcc-8159-f1f8d49265cf/call-BamToGvcf/VariantCalling/17899b18-eba4-4779-b361-f95638baf358/call-DragenHardFilterVcf/shard-13/inputs/581960994/ERR3684866_ILMN.g.vcf.gz \
 --filter-expression "QUAL < 10.4139" \
 --filter-name "DRAGENHardQUAL" \
 -O ERR3684866_ILMN.hard-filtered.g.vcf.gz[0m
[2026-04-09 21:01:26,43] [info] BackgroundConfigAsyncJobExecutionActor [[38;5;2m17899b18[0mVariantCalling.DragenHardFilterVcf:13:1]: executing: # make sure there is no preexisting Docker CID file
rm -f /mnt/nas1/projects/lasr/blendseq/warp-pipelines/warp-gatk-germline-single-sample-pipeline-master/cromwell-executions1/WholeGenomeGermlineSingleSample/d3b27253-def8-4fcc-8159-f1f8d49265cf/call-BamToGvcf/VariantCalling/17899b18-eba4-4779-b361-f95638baf358/call-DragenHardFilterVcf/shard-13/execution/docker_cid
# run as in the original configuration without --rm flag (will remove later)
docker run \
  --cidfile /mnt/nas1/projects/lasr/blendseq/warp-pipelines/warp-gatk-germline-single-sample-pipeline-master/cromwell-executions1/WholeGenomeGermlineSingleSample/d3b27253-def8-4fcc-8159-f1f8d49265cf/call-BamToGvcf/VariantCalling/17899b18-eba4-4779-b361-f95638baf358/call-DragenHardFilterVcf/shard-13/execution/docker_cid \
  -i \
  --user 1027:1028 \
  --cpus="64" \
  --memory="409600m" \
  --entrypoint /bin/bash \
  -v /mnt/nas1/projects/lasr/blendseq/warp-pipelines/warp-gatk-germline-single-sample-pipeline-master/cromwell-executions1/WholeGenomeGermlineSingleSample/d3b27253-def8-4fcc-8159-f1f8d49265cf/call-BamToGvcf/VariantCalling/17899b18-eba4-4779-b361-f95638baf358/call-DragenHardFilterVcf/shard-13:/cromwell-executions1/WholeGenomeGermlineSingleSample/d3b27253-def8-4fcc-8159-f1f8d49265cf/call-BamToGvcf/VariantCalling/17899b18-eba4-4779-b361-f95638baf358/call-DragenHardFilterVcf/shard-13 \
  -v /mnt/nas1/projects/lasr/blendseq:/mnt/nas1/projects/lasr/blendseq \
  us.gcr.io/broad-gatk/gatk@sha256:c88912855b845bd40c6b4bc8f3dd1d4b333ed2549cd3e8386987ee7c0c284f5a /cromwell-executions1/WholeGenomeGermlineSingleSample/d3b27253-def8-4fcc-8159-f1f8d49265cf/call-BamToGvcf/VariantCalling/17899b18-eba4-4779-b361-f95638baf358/call-DragenHardFilterVcf/shard-13/execution/script

# get the return code (working even if the container was detached)
rc=$(docker wait [38;5;5mcat /mnt/nas1/projects/lasr/blendseq/warp-pipelines/warp-gatk-germline-single-sample-pipeline-master/cromwell-executions1/WholeGenomeGermlineSingleSample/d3b27253-def8-4fcc-8159-f1f8d49265cf/call-BamToGvcf/VariantCalling/17899b18-eba4-4779-b361-f95638baf358/call-DragenHardFilterVcf/shard-13/execution/docker_cid[0m)

# remove the container after waiting
docker rm [38;5;5mcat /mnt/nas1/projects/lasr/blendseq/warp-pipelines/warp-gatk-germline-single-sample-pipeline-master/cromwell-executions1/WholeGenomeGermlineSingleSample/d3b27253-def8-4fcc-8159-f1f8d49265cf/call-BamToGvcf/VariantCalling/17899b18-eba4-4779-b361-f95638baf358/call-DragenHardFilterVcf/shard-13/execution/docker_cid[0m

# return exit code
exit $rc
[2026-04-09 21:01:31,06] [info] BackgroundConfigAsyncJobExecutionActor [[38;5;2m17899b18[0mVariantCalling.DragenHardFilterVcf:13:1]: job id: 789591
[2026-04-09 21:01:31,07] [info] BackgroundConfigAsyncJobExecutionActor [[38;5;2m17899b18[0mVariantCalling.DragenHardFilterVcf:13:1]: Status change from - to WaitingForReturnCode
[2026-04-09 21:01:45,64] [info] BackgroundConfigAsyncJobExecutionActor [[38;5;2m17899b18[0mVariantCalling.DragenHardFilterVcf:13:1]: Status change from WaitingForReturnCode to Done
[2026-04-09 21:01:46,18] [info] Assigned new job execution tokens to the following groups: d3b27253: 1
[2026-04-09 21:01:46,19] [[38;5;220mwarn[0m] BackgroundConfigAsyncJobExecutionActor [[38;5;2m17899b18[0mVariantCalling.DragenHardFilterVcf:3:1]: Unrecognized runtime attribute keys: preemptible, bootDiskSizeGb, disks, memory
[2026-04-09 21:01:46,39] [info] BackgroundConfigAsyncJobExecutionActor [[38;5;2m17899b18[0mVariantCalling.DragenHardFilterVcf:3:1]: [38;5;5mgatk --java-options "-Xms300g -Xmx300g" \
 VariantFiltration \
 -V /cromwell-executions1/WholeGenomeGermlineSingleSample/d3b27253-def8-4fcc-8159-f1f8d49265cf/call-BamToGvcf/VariantCalling/17899b18-eba4-4779-b361-f95638baf358/call-DragenHardFilterVcf/shard-3/inputs/1994975141/ERR3684866_ILMN.g.vcf.gz \
 --filter-expression "QUAL < 10.4139" \
 --filter-name "DRAGENHardQUAL" \
 -O ERR3684866_ILMN.hard-filtered.g.vcf.gz[0m
[2026-04-09 21:01:46,40] [info] BackgroundConfigAsyncJobExecutionActor [[38;5;2m17899b18[0mVariantCalling.DragenHardFilterVcf:3:1]: executing: # make sure there is no preexisting Docker CID file
rm -f /mnt/nas1/projects/lasr/blendseq/warp-pipelines/warp-gatk-germline-single-sample-pipeline-master/cromwell-executions1/WholeGenomeGermlineSingleSample/d3b27253-def8-4fcc-8159-f1f8d49265cf/call-BamToGvcf/VariantCalling/17899b18-eba4-4779-b361-f95638baf358/call-DragenHardFilterVcf/shard-3/execution/docker_cid
# run as in the original configuration without --rm flag (will remove later)
docker run \
  --cidfile /mnt/nas1/projects/lasr/blendseq/warp-pipelines/warp-gatk-germline-single-sample-pipeline-master/cromwell-executions1/WholeGenomeGermlineSingleSample/d3b27253-def8-4fcc-8159-f1f8d49265cf/call-BamToGvcf/VariantCalling/17899b18-eba4-4779-b361-f95638baf358/call-DragenHardFilterVcf/shard-3/execution/docker_cid \
  -i \
  --user 1027:1028 \
  --cpus="64" \
  --memory="409600m" \
  --entrypoint /bin/bash \
  -v /mnt/nas1/projects/lasr/blendseq/warp-pipelines/warp-gatk-germline-single-sample-pipeline-master/cromwell-executions1/WholeGenomeGermlineSingleSample/d3b27253-def8-4fcc-8159-f1f8d49265cf/call-BamToGvcf/VariantCalling/17899b18-eba4-4779-b361-f95638baf358/call-DragenHardFilterVcf/shard-3:/cromwell-executions1/WholeGenomeGermlineSingleSample/d3b27253-def8-4fcc-8159-f1f8d49265cf/call-BamToGvcf/VariantCalling/17899b18-eba4-4779-b361-f95638baf358/call-DragenHardFilterVcf/shard-3 \
  -v /mnt/nas1/projects/lasr/blendseq:/mnt/nas1/projects/lasr/blendseq \
  us.gcr.io/broad-gatk/gatk@sha256:c88912855b845bd40c6b4bc8f3dd1d4b333ed2549cd3e8386987ee7c0c284f5a /cromwell-executions1/WholeGenomeGermlineSingleSample/d3b27253-def8-4fcc-8159-f1f8d49265cf/call-BamToGvcf/VariantCalling/17899b18-eba4-4779-b361-f95638baf358/call-DragenHardFilterVcf/shard-3/execution/script

# get the return code (working even if the container was detached)
rc=$(docker wait [38;5;5mcat /mnt/nas1/projects/lasr/blendseq/warp-pipelines/warp-gatk-germline-single-sample-pipeline-master/cromwell-executions1/WholeGenomeGermlineSingleSample/d3b27253-def8-4fcc-8159-f1f8d49265cf/call-BamToGvcf/VariantCalling/17899b18-eba4-4779-b361-f95638baf358/call-DragenHardFilterVcf/shard-3/execution/docker_cid[0m)

# remove the container after waiting
docker rm [38;5;5mcat /mnt/nas1/projects/lasr/blendseq/warp-pipelines/warp-gatk-germline-single-sample-pipeline-master/cromwell-executions1/WholeGenomeGermlineSingleSample/d3b27253-def8-4fcc-8159-f1f8d49265cf/call-BamToGvcf/VariantCalling/17899b18-eba4-4779-b361-f95638baf358/call-DragenHardFilterVcf/shard-3/execution/docker_cid[0m

# return exit code
exit $rc
[2026-04-09 21:01:51,06] [info] BackgroundConfigAsyncJobExecutionActor [[38;5;2m17899b18[0mVariantCalling.DragenHardFilterVcf:3:1]: job id: 789965
[2026-04-09 21:01:51,06] [info] BackgroundConfigAsyncJobExecutionActor [[38;5;2m17899b18[0mVariantCalling.DragenHardFilterVcf:3:1]: Status change from - to WaitingForReturnCode
[2026-04-09 21:02:00,54] [info] BackgroundConfigAsyncJobExecutionActor [[38;5;2m17899b18[0mVariantCalling.DragenHardFilterVcf:3:1]: Status change from WaitingForReturnCode to Done
[2026-04-09 21:02:06,18] [info] Assigned new job execution tokens to the following groups: d3b27253: 1
[2026-04-09 21:02:06,19] [[38;5;220mwarn[0m] BackgroundConfigAsyncJobExecutionActor [[38;5;2m17899b18[0mVariantCalling.DragenHardFilterVcf:38:1]: Unrecognized runtime attribute keys: preemptible, bootDiskSizeGb, disks, memory
[2026-04-09 21:02:06,54] [info] BackgroundConfigAsyncJobExecutionActor [[38;5;2m17899b18[0mVariantCalling.DragenHardFilterVcf:38:1]: [38;5;5mgatk --java-options "-Xms300g -Xmx300g" \
 VariantFiltration \
 -V /cromwell-executions1/WholeGenomeGermlineSingleSample/d3b27253-def8-4fcc-8159-f1f8d49265cf/call-BamToGvcf/VariantCalling/17899b18-eba4-4779-b361-f95638baf358/call-DragenHardFilterVcf/shard-38/inputs/445304229/ERR3684866_ILMN.g.vcf.gz \
 --filter-expression "QUAL < 10.4139" \
 --filter-name "DRAGENHardQUAL" \
 -O ERR3684866_ILMN.hard-filtered.g.vcf.gz[0m
[2026-04-09 21:02:06,55] [info] BackgroundConfigAsyncJobExecutionActor [[38;5;2m17899b18[0mVariantCalling.DragenHardFilterVcf:38:1]: executing: # make sure there is no preexisting Docker CID file
rm -f /mnt/nas1/projects/lasr/blendseq/warp-pipelines/warp-gatk-germline-single-sample-pipeline-master/cromwell-executions1/WholeGenomeGermlineSingleSample/d3b27253-def8-4fcc-8159-f1f8d49265cf/call-BamToGvcf/VariantCalling/17899b18-eba4-4779-b361-f95638baf358/call-DragenHardFilterVcf/shard-38/execution/docker_cid
# run as in the original configuration without --rm flag (will remove later)
docker run \
  --cidfile /mnt/nas1/projects/lasr/blendseq/warp-pipelines/warp-gatk-germline-single-sample-pipeline-master/cromwell-executions1/WholeGenomeGermlineSingleSample/d3b27253-def8-4fcc-8159-f1f8d49265cf/call-BamToGvcf/VariantCalling/17899b18-eba4-4779-b361-f95638baf358/call-DragenHardFilterVcf/shard-38/execution/docker_cid \
  -i \
  --user 1027:1028 \
  --cpus="64" \
  --memory="409600m" \
  --entrypoint /bin/bash \
  -v /mnt/nas1/projects/lasr/blendseq/warp-pipelines/warp-gatk-germline-single-sample-pipeline-master/cromwell-executions1/WholeGenomeGermlineSingleSample/d3b27253-def8-4fcc-8159-f1f8d49265cf/call-BamToGvcf/VariantCalling/17899b18-eba4-4779-b361-f95638baf358/call-DragenHardFilterVcf/shard-38:/cromwell-executions1/WholeGenomeGermlineSingleSample/d3b27253-def8-4fcc-8159-f1f8d49265cf/call-BamToGvcf/VariantCalling/17899b18-eba4-4779-b361-f95638baf358/call-DragenHardFilterVcf/shard-38 \
  -v /mnt/nas1/projects/lasr/blendseq:/mnt/nas1/projects/lasr/blendseq \
  us.gcr.io/broad-gatk/gatk@sha256:c88912855b845bd40c6b4bc8f3dd1d4b333ed2549cd3e8386987ee7c0c284f5a /cromwell-executions1/WholeGenomeGermlineSingleSample/d3b27253-def8-4fcc-8159-f1f8d49265cf/call-BamToGvcf/VariantCalling/17899b18-eba4-4779-b361-f95638baf358/call-DragenHardFilterVcf/shard-38/execution/script

# get the return code (working even if the container was detached)
rc=$(docker wait [38;5;5mcat /mnt/nas1/projects/lasr/blendseq/warp-pipelines/warp-gatk-germline-single-sample-pipeline-master/cromwell-executions1/WholeGenomeGermlineSingleSample/d3b27253-def8-4fcc-8159-f1f8d49265cf/call-BamToGvcf/VariantCalling/17899b18-eba4-4779-b361-f95638baf358/call-DragenHardFilterVcf/shard-38/execution/docker_cid[0m)

# remove the container after waiting
docker rm [38;5;5mcat /mnt/nas1/projects/lasr/blendseq/warp-pipelines/warp-gatk-germline-single-sample-pipeline-master/cromwell-executions1/WholeGenomeGermlineSingleSample/d3b27253-def8-4fcc-8159-f1f8d49265cf/call-BamToGvcf/VariantCalling/17899b18-eba4-4779-b361-f95638baf358/call-DragenHardFilterVcf/shard-38/execution/docker_cid[0m

# return exit code
exit $rc
[2026-04-09 21:02:11,06] [info] BackgroundConfigAsyncJobExecutionActor [[38;5;2m17899b18[0mVariantCalling.DragenHardFilterVcf:38:1]: job id: 790320
[2026-04-09 21:02:11,07] [info] BackgroundConfigAsyncJobExecutionActor [[38;5;2m17899b18[0mVariantCalling.DragenHardFilterVcf:38:1]: Status change from - to WaitingForReturnCode
[2026-04-09 21:02:22,07] [info] BackgroundConfigAsyncJobExecutionActor [[38;5;2m17899b18[0mVariantCalling.DragenHardFilterVcf:38:1]: Status change from WaitingForReturnCode to Done
[2026-04-09 21:02:26,18] [info] Assigned new job execution tokens to the following groups: d3b27253: 1
[2026-04-09 21:02:26,19] [[38;5;220mwarn[0m] BackgroundConfigAsyncJobExecutionActor [[38;5;2m17899b18[0mVariantCalling.DragenHardFilterVcf:17:1]: Unrecognized runtime attribute keys: preemptible, bootDiskSizeGb, disks, memory
[2026-04-09 21:02:26,37] [info] BackgroundConfigAsyncJobExecutionActor [[38;5;2m17899b18[0mVariantCalling.DragenHardFilterVcf:17:1]: [38;5;5mgatk --java-options "-Xms300g -Xmx300g" \
 VariantFiltration \
 -V /cromwell-executions1/WholeGenomeGermlineSingleSample/d3b27253-def8-4fcc-8159-f1f8d49265cf/call-BamToGvcf/VariantCalling/17899b18-eba4-4779-b361-f95638baf358/call-DragenHardFilterVcf/shard-17/inputs/1984090150/ERR3684866_ILMN.g.vcf.gz \
 --filter-expression "QUAL < 10.4139" \
 --filter-name "DRAGENHardQUAL" \
 -O ERR3684866_ILMN.hard-filtered.g.vcf.gz[0m
[2026-04-09 21:02:26,38] [info] BackgroundConfigAsyncJobExecutionActor [[38;5;2m17899b18[0mVariantCalling.DragenHardFilterVcf:17:1]: executing: # make sure there is no preexisting Docker CID file
rm -f /mnt/nas1/projects/lasr/blendseq/warp-pipelines/warp-gatk-germline-single-sample-pipeline-master/cromwell-executions1/WholeGenomeGermlineSingleSample/d3b27253-def8-4fcc-8159-f1f8d49265cf/call-BamToGvcf/VariantCalling/17899b18-eba4-4779-b361-f95638baf358/call-DragenHardFilterVcf/shard-17/execution/docker_cid
# run as in the original configuration without --rm flag (will remove later)
docker run \
  --cidfile /mnt/nas1/projects/lasr/blendseq/warp-pipelines/warp-gatk-germline-single-sample-pipeline-master/cromwell-executions1/WholeGenomeGermlineSingleSample/d3b27253-def8-4fcc-8159-f1f8d49265cf/call-BamToGvcf/VariantCalling/17899b18-eba4-4779-b361-f95638baf358/call-DragenHardFilterVcf/shard-17/execution/docker_cid \
  -i \
  --user 1027:1028 \
  --cpus="64" \
  --memory="409600m" \
  --entrypoint /bin/bash \
  -v /mnt/nas1/projects/lasr/blendseq/warp-pipelines/warp-gatk-germline-single-sample-pipeline-master/cromwell-executions1/WholeGenomeGermlineSingleSample/d3b27253-def8-4fcc-8159-f1f8d49265cf/call-BamToGvcf/VariantCalling/17899b18-eba4-4779-b361-f95638baf358/call-DragenHardFilterVcf/shard-17:/cromwell-executions1/WholeGenomeGermlineSingleSample/d3b27253-def8-4fcc-8159-f1f8d49265cf/call-BamToGvcf/VariantCalling/17899b18-eba4-4779-b361-f95638baf358/call-DragenHardFilterVcf/shard-17 \
  -v /mnt/nas1/projects/lasr/blendseq:/mnt/nas1/projects/lasr/blendseq \
  us.gcr.io/broad-gatk/gatk@sha256:c88912855b845bd40c6b4bc8f3dd1d4b333ed2549cd3e8386987ee7c0c284f5a /cromwell-executions1/WholeGenomeGermlineSingleSample/d3b27253-def8-4fcc-8159-f1f8d49265cf/call-BamToGvcf/VariantCalling/17899b18-eba4-4779-b361-f95638baf358/call-DragenHardFilterVcf/shard-17/execution/script

# get the return code (working even if the container was detached)
rc=$(docker wait [38;5;5mcat /mnt/nas1/projects/lasr/blendseq/warp-pipelines/warp-gatk-germline-single-sample-pipeline-master/cromwell-executions1/WholeGenomeGermlineSingleSample/d3b27253-def8-4fcc-8159-f1f8d49265cf/call-BamToGvcf/VariantCalling/17899b18-eba4-4779-b361-f95638baf358/call-DragenHardFilterVcf/shard-17/execution/docker_cid[0m)

# remove the container after waiting
docker rm [38;5;5mcat /mnt/nas1/projects/lasr/blendseq/warp-pipelines/warp-gatk-germline-single-sample-pipeline-master/cromwell-executions1/WholeGenomeGermlineSingleSample/d3b27253-def8-4fcc-8159-f1f8d49265cf/call-BamToGvcf/VariantCalling/17899b18-eba4-4779-b361-f95638baf358/call-DragenHardFilterVcf/shard-17/execution/docker_cid[0m

# return exit code
exit $rc
[2026-04-09 21:02:31,07] [info] BackgroundConfigAsyncJobExecutionActor [[38;5;2m17899b18[0mVariantCalling.DragenHardFilterVcf:17:1]: job id: 790704
[2026-04-09 21:02:31,07] [info] BackgroundConfigAsyncJobExecutionActor [[38;5;2m17899b18[0mVariantCalling.DragenHardFilterVcf:17:1]: Status change from - to WaitingForReturnCode
[2026-04-09 21:02:38,07] [info] BackgroundConfigAsyncJobExecutionActor [[38;5;2m17899b18[0mVariantCalling.DragenHardFilterVcf:17:1]: Status change from WaitingForReturnCode to Done
[2026-04-09 21:02:46,18] [info] Assigned new job execution tokens to the following groups: d3b27253: 1
[2026-04-09 21:02:46,20] [[38;5;220mwarn[0m] BackgroundConfigAsyncJobExecutionActor [[38;5;2m17899b18[0mVariantCalling.DragenHardFilterVcf:27:1]: Unrecognized runtime attribute keys: preemptible, bootDiskSizeGb, disks, memory
[2026-04-09 21:02:46,42] [info] BackgroundConfigAsyncJobExecutionActor [[38;5;2m17899b18[0mVariantCalling.DragenHardFilterVcf:27:1]: [38;5;5mgatk --java-options "-Xms300g -Xmx300g" \
 VariantFiltration \
 -V /cromwell-executions1/WholeGenomeGermlineSingleSample/d3b27253-def8-4fcc-8159-f1f8d49265cf/call-BamToGvcf/VariantCalling/17899b18-eba4-4779-b361-f95638baf358/call-DragenHardFilterVcf/shard-27/inputs/2113172869/ERR3684866_ILMN.g.vcf.gz \
 --filter-expression "QUAL < 10.4139" \
 --filter-name "DRAGENHardQUAL" \
 -O ERR3684866_ILMN.hard-filtered.g.vcf.gz[0m
[2026-04-09 21:02:46,43] [info] BackgroundConfigAsyncJobExecutionActor [[38;5;2m17899b18[0mVariantCalling.DragenHardFilterVcf:27:1]: executing: # make sure there is no preexisting Docker CID file
rm -f /mnt/nas1/projects/lasr/blendseq/warp-pipelines/warp-gatk-germline-single-sample-pipeline-master/cromwell-executions1/WholeGenomeGermlineSingleSample/d3b27253-def8-4fcc-8159-f1f8d49265cf/call-BamToGvcf/VariantCalling/17899b18-eba4-4779-b361-f95638baf358/call-DragenHardFilterVcf/shard-27/execution/docker_cid
# run as in the original configuration without --rm flag (will remove later)
docker run \
  --cidfile /mnt/nas1/projects/lasr/blendseq/warp-pipelines/warp-gatk-germline-single-sample-pipeline-master/cromwell-executions1/WholeGenomeGermlineSingleSample/d3b27253-def8-4fcc-8159-f1f8d49265cf/call-BamToGvcf/VariantCalling/17899b18-eba4-4779-b361-f95638baf358/call-DragenHardFilterVcf/shard-27/execution/docker_cid \
  -i \
  --user 1027:1028 \
  --cpus="64" \
  --memory="409600m" \
  --entrypoint /bin/bash \
  -v /mnt/nas1/projects/lasr/blendseq/warp-pipelines/warp-gatk-germline-single-sample-pipeline-master/cromwell-executions1/WholeGenomeGermlineSingleSample/d3b27253-def8-4fcc-8159-f1f8d49265cf/call-BamToGvcf/VariantCalling/17899b18-eba4-4779-b361-f95638baf358/call-DragenHardFilterVcf/shard-27:/cromwell-executions1/WholeGenomeGermlineSingleSample/d3b27253-def8-4fcc-8159-f1f8d49265cf/call-BamToGvcf/VariantCalling/17899b18-eba4-4779-b361-f95638baf358/call-DragenHardFilterVcf/shard-27 \
  -v /mnt/nas1/projects/lasr/blendseq:/mnt/nas1/projects/lasr/blendseq \
  us.gcr.io/broad-gatk/gatk@sha256:c88912855b845bd40c6b4bc8f3dd1d4b333ed2549cd3e8386987ee7c0c284f5a /cromwell-executions1/WholeGenomeGermlineSingleSample/d3b27253-def8-4fcc-8159-f1f8d49265cf/call-BamToGvcf/VariantCalling/17899b18-eba4-4779-b361-f95638baf358/call-DragenHardFilterVcf/shard-27/execution/script

# get the return code (working even if the container was detached)
rc=$(docker wait [38;5;5mcat /mnt/nas1/projects/lasr/blendseq/warp-pipelines/warp-gatk-germline-single-sample-pipeline-master/cromwell-executions1/WholeGenomeGermlineSingleSample/d3b27253-def8-4fcc-8159-f1f8d49265cf/call-BamToGvcf/VariantCalling/17899b18-eba4-4779-b361-f95638baf358/call-DragenHardFilterVcf/shard-27/execution/docker_cid[0m)

# remove the container after waiting
docker rm [38;5;5mcat /mnt/nas1/projects/lasr/blendseq/warp-pipelines/warp-gatk-germline-single-sample-pipeline-master/cromwell-executions1/WholeGenomeGermlineSingleSample/d3b27253-def8-4fcc-8159-f1f8d49265cf/call-BamToGvcf/VariantCalling/17899b18-eba4-4779-b361-f95638baf358/call-DragenHardFilterVcf/shard-27/execution/docker_cid[0m

# return exit code
exit $rc
[2026-04-09 21:02:51,07] [info] BackgroundConfigAsyncJobExecutionActor [[38;5;2m17899b18[0mVariantCalling.DragenHardFilterVcf:27:1]: job id: 791093
[2026-04-09 21:02:51,07] [info] BackgroundConfigAsyncJobExecutionActor [[38;5;2m17899b18[0mVariantCalling.DragenHardFilterVcf:27:1]: Status change from - to WaitingForReturnCode
[2026-04-09 21:03:03,18] [info] BackgroundConfigAsyncJobExecutionActor [[38;5;2m17899b18[0mVariantCalling.DragenHardFilterVcf:27:1]: Status change from WaitingForReturnCode to Done
[2026-04-09 21:03:06,18] [info] Assigned new job execution tokens to the following groups: d3b27253: 1
[2026-04-09 21:03:06,19] [[38;5;220mwarn[0m] BackgroundConfigAsyncJobExecutionActor [[38;5;2m17899b18[0mVariantCalling.DragenHardFilterVcf:45:1]: Unrecognized runtime attribute keys: preemptible, bootDiskSizeGb, disks, memory
[2026-04-09 21:03:06,45] [info] BackgroundConfigAsyncJobExecutionActor [[38;5;2m17899b18[0mVariantCalling.DragenHardFilterVcf:45:1]: [38;5;5mgatk --java-options "-Xms300g -Xmx300g" \
 VariantFiltration \
 -V /cromwell-executions1/WholeGenomeGermlineSingleSample/d3b27253-def8-4fcc-8159-f1f8d49265cf/call-BamToGvcf/VariantCalling/17899b18-eba4-4779-b361-f95638baf358/call-DragenHardFilterVcf/shard-45/inputs/1670273729/ERR3684866_ILMN.g.vcf.gz \
 --filter-expression "QUAL < 10.4139" \
 --filter-name "DRAGENHardQUAL" \
 -O ERR3684866_ILMN.hard-filtered.g.vcf.gz[0m
[2026-04-09 21:03:06,45] [info] BackgroundConfigAsyncJobExecutionActor [[38;5;2m17899b18[0mVariantCalling.DragenHardFilterVcf:45:1]: executing: # make sure there is no preexisting Docker CID file
rm -f /mnt/nas1/projects/lasr/blendseq/warp-pipelines/warp-gatk-germline-single-sample-pipeline-master/cromwell-executions1/WholeGenomeGermlineSingleSample/d3b27253-def8-4fcc-8159-f1f8d49265cf/call-BamToGvcf/VariantCalling/17899b18-eba4-4779-b361-f95638baf358/call-DragenHardFilterVcf/shard-45/execution/docker_cid
# run as in the original configuration without --rm flag (will remove later)
docker run \
  --cidfile /mnt/nas1/projects/lasr/blendseq/warp-pipelines/warp-gatk-germline-single-sample-pipeline-master/cromwell-executions1/WholeGenomeGermlineSingleSample/d3b27253-def8-4fcc-8159-f1f8d49265cf/call-BamToGvcf/VariantCalling/17899b18-eba4-4779-b361-f95638baf358/call-DragenHardFilterVcf/shard-45/execution/docker_cid \
  -i \
  --user 1027:1028 \
  --cpus="64" \
  --memory="409600m" \
  --entrypoint /bin/bash \
  -v /mnt/nas1/projects/lasr/blendseq/warp-pipelines/warp-gatk-germline-single-sample-pipeline-master/cromwell-executions1/WholeGenomeGermlineSingleSample/d3b27253-def8-4fcc-8159-f1f8d49265cf/call-BamToGvcf/VariantCalling/17899b18-eba4-4779-b361-f95638baf358/call-DragenHardFilterVcf/shard-45:/cromwell-executions1/WholeGenomeGermlineSingleSample/d3b27253-def8-4fcc-8159-f1f8d49265cf/call-BamToGvcf/VariantCalling/17899b18-eba4-4779-b361-f95638baf358/call-DragenHardFilterVcf/shard-45 \
  -v /mnt/nas1/projects/lasr/blendseq:/mnt/nas1/projects/lasr/blendseq \
  us.gcr.io/broad-gatk/gatk@sha256:c88912855b845bd40c6b4bc8f3dd1d4b333ed2549cd3e8386987ee7c0c284f5a /cromwell-executions1/WholeGenomeGermlineSingleSample/d3b27253-def8-4fcc-8159-f1f8d49265cf/call-BamToGvcf/VariantCalling/17899b18-eba4-4779-b361-f95638baf358/call-DragenHardFilterVcf/shard-45/execution/script

# get the return code (working even if the container was detached)
rc=$(docker wait [38;5;5mcat /mnt/nas1/projects/lasr/blendseq/warp-pipelines/warp-gatk-germline-single-sample-pipeline-master/cromwell-executions1/WholeGenomeGermlineSingleSample/d3b27253-def8-4fcc-8159-f1f8d49265cf/call-BamToGvcf/VariantCalling/17899b18-eba4-4779-b361-f95638baf358/call-DragenHardFilterVcf/shard-45/execution/docker_cid[0m)

# remove the container after waiting
docker rm [38;5;5mcat /mnt/nas1/projects/lasr/blendseq/warp-pipelines/warp-gatk-germline-single-sample-pipeline-master/cromwell-executions1/WholeGenomeGermlineSingleSample/d3b27253-def8-4fcc-8159-f1f8d49265cf/call-BamToGvcf/VariantCalling/17899b18-eba4-4779-b361-f95638baf358/call-DragenHardFilterVcf/shard-45/execution/docker_cid[0m

# return exit code
exit $rc
[2026-04-09 21:03:11,07] [info] BackgroundConfigAsyncJobExecutionActor [[38;5;2m17899b18[0mVariantCalling.DragenHardFilterVcf:45:1]: job id: 791483
[2026-04-09 21:03:11,07] [info] BackgroundConfigAsyncJobExecutionActor [[38;5;2m17899b18[0mVariantCalling.DragenHardFilterVcf:45:1]: Status change from - to WaitingForReturnCode
[2026-04-09 21:03:19,25] [info] BackgroundConfigAsyncJobExecutionActor [[38;5;2m17899b18[0mVariantCalling.DragenHardFilterVcf:45:1]: Status change from WaitingForReturnCode to Done
[2026-04-09 21:03:26,18] [info] Assigned new job execution tokens to the following groups: d3b27253: 1
[2026-04-09 21:03:26,19] [[38;5;220mwarn[0m] BackgroundConfigAsyncJobExecutionActor [[38;5;2m17899b18[0mVariantCalling.DragenHardFilterVcf:33:1]: Unrecognized runtime attribute keys: preemptible, bootDiskSizeGb, disks, memory
[2026-04-09 21:03:26,42] [info] BackgroundConfigAsyncJobExecutionActor [[38;5;2m17899b18[0mVariantCalling.DragenHardFilterVcf:33:1]: [38;5;5mgatk --java-options "-Xms300g -Xmx300g" \
 VariantFiltration \
 -V /cromwell-executions1/WholeGenomeGermlineSingleSample/d3b27253-def8-4fcc-8159-f1f8d49265cf/call-BamToGvcf/VariantCalling/17899b18-eba4-4779-b361-f95638baf358/call-DragenHardFilterVcf/shard-33/inputs/840126432/ERR3684866_ILMN.g.vcf.gz \
 --filter-expression "QUAL < 10.4139" \
 --filter-name "DRAGENHardQUAL" \
 -O ERR3684866_ILMN.hard-filtered.g.vcf.gz[0m
[2026-04-09 21:03:26,43] [info] BackgroundConfigAsyncJobExecutionActor [[38;5;2m17899b18[0mVariantCalling.DragenHardFilterVcf:33:1]: executing: # make sure there is no preexisting Docker CID file
rm -f /mnt/nas1/projects/lasr/blendseq/warp-pipelines/warp-gatk-germline-single-sample-pipeline-master/cromwell-executions1/WholeGenomeGermlineSingleSample/d3b27253-def8-4fcc-8159-f1f8d49265cf/call-BamToGvcf/VariantCalling/17899b18-eba4-4779-b361-f95638baf358/call-DragenHardFilterVcf/shard-33/execution/docker_cid
# run as in the original configuration without --rm flag (will remove later)
docker run \
  --cidfile /mnt/nas1/projects/lasr/blendseq/warp-pipelines/warp-gatk-germline-single-sample-pipeline-master/cromwell-executions1/WholeGenomeGermlineSingleSample/d3b27253-def8-4fcc-8159-f1f8d49265cf/call-BamToGvcf/VariantCalling/17899b18-eba4-4779-b361-f95638baf358/call-DragenHardFilterVcf/shard-33/execution/docker_cid \
  -i \
  --user 1027:1028 \
  --cpus="64" \
  --memory="409600m" \
  --entrypoint /bin/bash \
  -v /mnt/nas1/projects/lasr/blendseq/warp-pipelines/warp-gatk-germline-single-sample-pipeline-master/cromwell-executions1/WholeGenomeGermlineSingleSample/d3b27253-def8-4fcc-8159-f1f8d49265cf/call-BamToGvcf/VariantCalling/17899b18-eba4-4779-b361-f95638baf358/call-DragenHardFilterVcf/shard-33:/cromwell-executions1/WholeGenomeGermlineSingleSample/d3b27253-def8-4fcc-8159-f1f8d49265cf/call-BamToGvcf/VariantCalling/17899b18-eba4-4779-b361-f95638baf358/call-DragenHardFilterVcf/shard-33 \
  -v /mnt/nas1/projects/lasr/blendseq:/mnt/nas1/projects/lasr/blendseq \
  us.gcr.io/broad-gatk/gatk@sha256:c88912855b845bd40c6b4bc8f3dd1d4b333ed2549cd3e8386987ee7c0c284f5a /cromwell-executions1/WholeGenomeGermlineSingleSample/d3b27253-def8-4fcc-8159-f1f8d49265cf/call-BamToGvcf/VariantCalling/17899b18-eba4-4779-b361-f95638baf358/call-DragenHardFilterVcf/shard-33/execution/script

# get the return code (working even if the container was detached)
rc=$(docker wait [38;5;5mcat /mnt/nas1/projects/lasr/blendseq/warp-pipelines/warp-gatk-germline-single-sample-pipeline-master/cromwell-executions1/WholeGenomeGermlineSingleSample/d3b27253-def8-4fcc-8159-f1f8d49265cf/call-BamToGvcf/VariantCalling/17899b18-eba4-4779-b361-f95638baf358/call-DragenHardFilterVcf/shard-33/execution/docker_cid[0m)

# remove the container after waiting
docker rm [38;5;5mcat /mnt/nas1/projects/lasr/blendseq/warp-pipelines/warp-gatk-germline-single-sample-pipeline-master/cromwell-executions1/WholeGenomeGermlineSingleSample/d3b27253-def8-4fcc-8159-f1f8d49265cf/call-BamToGvcf/VariantCalling/17899b18-eba4-4779-b361-f95638baf358/call-DragenHardFilterVcf/shard-33/execution/docker_cid[0m

# return exit code
exit $rc
[2026-04-09 21:03:31,06] [info] BackgroundConfigAsyncJobExecutionActor [[38;5;2m17899b18[0mVariantCalling.DragenHardFilterVcf:33:1]: job id: 791845
[2026-04-09 21:03:31,07] [info] BackgroundConfigAsyncJobExecutionActor [[38;5;2m17899b18[0mVariantCalling.DragenHardFilterVcf:33:1]: Status change from - to WaitingForReturnCode
[2026-04-09 21:03:44,88] [info] BackgroundConfigAsyncJobExecutionActor [[38;5;2m17899b18[0mVariantCalling.DragenHardFilterVcf:33:1]: Status change from WaitingForReturnCode to Done
[2026-04-09 21:03:46,18] [info] Assigned new job execution tokens to the following groups: d3b27253: 1
[2026-04-09 21:03:46,19] [[38;5;220mwarn[0m] BackgroundConfigAsyncJobExecutionActor [[38;5;2m17899b18[0mVariantCalling.DragenHardFilterVcf:21:1]: Unrecognized runtime attribute keys: preemptible, bootDiskSizeGb, disks, memory
[2026-04-09 21:03:46,37] [info] BackgroundConfigAsyncJobExecutionActor [[38;5;2m17899b18[0mVariantCalling.DragenHardFilterVcf:21:1]: [38;5;5mgatk --java-options "-Xms300g -Xmx300g" \
 VariantFiltration \
 -V /cromwell-executions1/WholeGenomeGermlineSingleSample/d3b27253-def8-4fcc-8159-f1f8d49265cf/call-BamToGvcf/VariantCalling/17899b18-eba4-4779-b361-f95638baf358/call-DragenHardFilterVcf/shard-21/inputs/9979135/ERR3684866_ILMN.g.vcf.gz \
 --filter-expression "QUAL < 10.4139" \
 --filter-name "DRAGENHardQUAL" \
 -O ERR3684866_ILMN.hard-filtered.g.vcf.gz[0m
[2026-04-09 21:03:46,37] [info] BackgroundConfigAsyncJobExecutionActor [[38;5;2m17899b18[0mVariantCalling.DragenHardFilterVcf:21:1]: executing: # make sure there is no preexisting Docker CID file
rm -f /mnt/nas1/projects/lasr/blendseq/warp-pipelines/warp-gatk-germline-single-sample-pipeline-master/cromwell-executions1/WholeGenomeGermlineSingleSample/d3b27253-def8-4fcc-8159-f1f8d49265cf/call-BamToGvcf/VariantCalling/17899b18-eba4-4779-b361-f95638baf358/call-DragenHardFilterVcf/shard-21/execution/docker_cid
# run as in the original configuration without --rm flag (will remove later)
docker run \
  --cidfile /mnt/nas1/projects/lasr/blendseq/warp-pipelines/warp-gatk-germline-single-sample-pipeline-master/cromwell-executions1/WholeGenomeGermlineSingleSample/d3b27253-def8-4fcc-8159-f1f8d49265cf/call-BamToGvcf/VariantCalling/17899b18-eba4-4779-b361-f95638baf358/call-DragenHardFilterVcf/shard-21/execution/docker_cid \
  -i \
  --user 1027:1028 \
  --cpus="64" \
  --memory="409600m" \
  --entrypoint /bin/bash \
  -v /mnt/nas1/projects/lasr/blendseq/warp-pipelines/warp-gatk-germline-single-sample-pipeline-master/cromwell-executions1/WholeGenomeGermlineSingleSample/d3b27253-def8-4fcc-8159-f1f8d49265cf/call-BamToGvcf/VariantCalling/17899b18-eba4-4779-b361-f95638baf358/call-DragenHardFilterVcf/shard-21:/cromwell-executions1/WholeGenomeGermlineSingleSample/d3b27253-def8-4fcc-8159-f1f8d49265cf/call-BamToGvcf/VariantCalling/17899b18-eba4-4779-b361-f95638baf358/call-DragenHardFilterVcf/shard-21 \
  -v /mnt/nas1/projects/lasr/blendseq:/mnt/nas1/projects/lasr/blendseq \
  us.gcr.io/broad-gatk/gatk@sha256:c88912855b845bd40c6b4bc8f3dd1d4b333ed2549cd3e8386987ee7c0c284f5a /cromwell-executions1/WholeGenomeGermlineSingleSample/d3b27253-def8-4fcc-8159-f1f8d49265cf/call-BamToGvcf/VariantCalling/17899b18-eba4-4779-b361-f95638baf358/call-DragenHardFilterVcf/shard-21/execution/script

# get the return code (working even if the container was detached)
rc=$(docker wait [38;5;5mcat /mnt/nas1/projects/lasr/blendseq/warp-pipelines/warp-gatk-germline-single-sample-pipeline-master/cromwell-executions1/WholeGenomeGermlineSingleSample/d3b27253-def8-4fcc-8159-f1f8d49265cf/call-BamToGvcf/VariantCalling/17899b18-eba4-4779-b361-f95638baf358/call-DragenHardFilterVcf/shard-21/execution/docker_cid[0m)

# remove the container after waiting
docker rm [38;5;5mcat /mnt/nas1/projects/lasr/blendseq/warp-pipelines/warp-gatk-germline-single-sample-pipeline-master/cromwell-executions1/WholeGenomeGermlineSingleSample/d3b27253-def8-4fcc-8159-f1f8d49265cf/call-BamToGvcf/VariantCalling/17899b18-eba4-4779-b361-f95638baf358/call-DragenHardFilterVcf/shard-21/execution/docker_cid[0m

# return exit code
exit $rc
[2026-04-09 21:03:51,06] [info] BackgroundConfigAsyncJobExecutionActor [[38;5;2m17899b18[0mVariantCalling.DragenHardFilterVcf:21:1]: job id: 792224
[2026-04-09 21:03:51,07] [info] BackgroundConfigAsyncJobExecutionActor [[38;5;2m17899b18[0mVariantCalling.DragenHardFilterVcf:21:1]: Status change from - to WaitingForReturnCode
[2026-04-09 21:03:58,15] [info] BackgroundConfigAsyncJobExecutionActor [[38;5;2m17899b18[0mVariantCalling.DragenHardFilterVcf:21:1]: Status change from WaitingForReturnCode to Done
[2026-04-09 21:04:06,18] [info] Assigned new job execution tokens to the following groups: d3b27253: 1
[2026-04-09 21:04:06,19] [[38;5;220mwarn[0m] BackgroundConfigAsyncJobExecutionActor [[38;5;2m17899b18[0mVariantCalling.DragenHardFilterVcf:8:1]: Unrecognized runtime attribute keys: preemptible, bootDiskSizeGb, disks, memory
[2026-04-09 21:04:06,37] [info] BackgroundConfigAsyncJobExecutionActor [[38;5;2m17899b18[0mVariantCalling.DragenHardFilterVcf:8:1]: [38;5;5mgatk --java-options "-Xms300g -Xmx300g" \
 VariantFiltration \
 -V /cromwell-executions1/WholeGenomeGermlineSingleSample/d3b27253-def8-4fcc-8159-f1f8d49265cf/call-BamToGvcf/VariantCalling/17899b18-eba4-4779-b361-f95638baf358/call-DragenHardFilterVcf/shard-8/inputs/1600152938/ERR3684866_ILMN.g.vcf.gz \
 --filter-expression "QUAL < 10.4139" \
 --filter-name "DRAGENHardQUAL" \
 -O ERR3684866_ILMN.hard-filtered.g.vcf.gz[0m
[2026-04-09 21:04:06,38] [info] BackgroundConfigAsyncJobExecutionActor [[38;5;2m17899b18[0mVariantCalling.DragenHardFilterVcf:8:1]: executing: # make sure there is no preexisting Docker CID file
rm -f /mnt/nas1/projects/lasr/blendseq/warp-pipelines/warp-gatk-germline-single-sample-pipeline-master/cromwell-executions1/WholeGenomeGermlineSingleSample/d3b27253-def8-4fcc-8159-f1f8d49265cf/call-BamToGvcf/VariantCalling/17899b18-eba4-4779-b361-f95638baf358/call-DragenHardFilterVcf/shard-8/execution/docker_cid
# run as in the original configuration without --rm flag (will remove later)
docker run \
  --cidfile /mnt/nas1/projects/lasr/blendseq/warp-pipelines/warp-gatk-germline-single-sample-pipeline-master/cromwell-executions1/WholeGenomeGermlineSingleSample/d3b27253-def8-4fcc-8159-f1f8d49265cf/call-BamToGvcf/VariantCalling/17899b18-eba4-4779-b361-f95638baf358/call-DragenHardFilterVcf/shard-8/execution/docker_cid \
  -i \
  --user 1027:1028 \
  --cpus="64" \
  --memory="409600m" \
  --entrypoint /bin/bash \
  -v /mnt/nas1/projects/lasr/blendseq/warp-pipelines/warp-gatk-germline-single-sample-pipeline-master/cromwell-executions1/WholeGenomeGermlineSingleSample/d3b27253-def8-4fcc-8159-f1f8d49265cf/call-BamToGvcf/VariantCalling/17899b18-eba4-4779-b361-f95638baf358/call-DragenHardFilterVcf/shard-8:/cromwell-executions1/WholeGenomeGermlineSingleSample/d3b27253-def8-4fcc-8159-f1f8d49265cf/call-BamToGvcf/VariantCalling/17899b18-eba4-4779-b361-f95638baf358/call-DragenHardFilterVcf/shard-8 \
  -v /mnt/nas1/projects/lasr/blendseq:/mnt/nas1/projects/lasr/blendseq \
  us.gcr.io/broad-gatk/gatk@sha256:c88912855b845bd40c6b4bc8f3dd1d4b333ed2549cd3e8386987ee7c0c284f5a /cromwell-executions1/WholeGenomeGermlineSingleSample/d3b27253-def8-4fcc-8159-f1f8d49265cf/call-BamToGvcf/VariantCalling/17899b18-eba4-4779-b361-f95638baf358/call-DragenHardFilterVcf/shard-8/execution/script

# get the return code (working even if the container was detached)
rc=$(docker wait [38;5;5mcat /mnt/nas1/projects/lasr/blendseq/warp-pipelines/warp-gatk-germline-single-sample-pipeline-master/cromwell-executions1/WholeGenomeGermlineSingleSample/d3b27253-def8-4fcc-8159-f1f8d49265cf/call-BamToGvcf/VariantCalling/17899b18-eba4-4779-b361-f95638baf358/call-DragenHardFilterVcf/shard-8/execution/docker_cid[0m)

# remove the container after waiting
docker rm [38;5;5mcat /mnt/nas1/projects/lasr/blendseq/warp-pipelines/warp-gatk-germline-single-sample-pipeline-master/cromwell-executions1/WholeGenomeGermlineSingleSample/d3b27253-def8-4fcc-8159-f1f8d49265cf/call-BamToGvcf/VariantCalling/17899b18-eba4-4779-b361-f95638baf358/call-DragenHardFilterVcf/shard-8/execution/docker_cid[0m

# return exit code
exit $rc
[2026-04-09 21:04:11,06] [info] BackgroundConfigAsyncJobExecutionActor [[38;5;2m17899b18[0mVariantCalling.DragenHardFilterVcf:8:1]: job id: 792597
[2026-04-09 21:04:11,07] [info] BackgroundConfigAsyncJobExecutionActor [[38;5;2m17899b18[0mVariantCalling.DragenHardFilterVcf:8:1]: Status change from - to WaitingForReturnCode
[2026-04-09 21:04:19,39] [info] BackgroundConfigAsyncJobExecutionActor [[38;5;2m17899b18[0mVariantCalling.DragenHardFilterVcf:8:1]: Status change from WaitingForReturnCode to Done
[2026-04-09 21:04:26,18] [info] Assigned new job execution tokens to the following groups: d3b27253: 1
[2026-04-09 21:04:26,19] [[38;5;220mwarn[0m] BackgroundConfigAsyncJobExecutionActor [[38;5;2m17899b18[0mVariantCalling.DragenHardFilterVcf:7:1]: Unrecognized runtime attribute keys: preemptible, bootDiskSizeGb, disks, memory
[2026-04-09 21:04:26,37] [info] BackgroundConfigAsyncJobExecutionActor [[38;5;2m17899b18[0mVariantCalling.DragenHardFilterVcf:7:1]: [38;5;5mgatk --java-options "-Xms300g -Xmx300g" \
 VariantFiltration \
 -V /cromwell-executions1/WholeGenomeGermlineSingleSample/d3b27253-def8-4fcc-8159-f1f8d49265cf/call-BamToGvcf/VariantCalling/17899b18-eba4-4779-b361-f95638baf358/call-DragenHardFilterVcf/shard-7/inputs/-897862999/ERR3684866_ILMN.g.vcf.gz \
 --filter-expression "QUAL < 10.4139" \
 --filter-name "DRAGENHardQUAL" \
 -O ERR3684866_ILMN.hard-filtered.g.vcf.gz[0m
[2026-04-09 21:04:26,37] [info] BackgroundConfigAsyncJobExecutionActor [[38;5;2m17899b18[0mVariantCalling.DragenHardFilterVcf:7:1]: executing: # make sure there is no preexisting Docker CID file
rm -f /mnt/nas1/projects/lasr/blendseq/warp-pipelines/warp-gatk-germline-single-sample-pipeline-master/cromwell-executions1/WholeGenomeGermlineSingleSample/d3b27253-def8-4fcc-8159-f1f8d49265cf/call-BamToGvcf/VariantCalling/17899b18-eba4-4779-b361-f95638baf358/call-DragenHardFilterVcf/shard-7/execution/docker_cid
# run as in the original configuration without --rm flag (will remove later)
docker run \
  --cidfile /mnt/nas1/projects/lasr/blendseq/warp-pipelines/warp-gatk-germline-single-sample-pipeline-master/cromwell-executions1/WholeGenomeGermlineSingleSample/d3b27253-def8-4fcc-8159-f1f8d49265cf/call-BamToGvcf/VariantCalling/17899b18-eba4-4779-b361-f95638baf358/call-DragenHardFilterVcf/shard-7/execution/docker_cid \
  -i \
  --user 1027:1028 \
  --cpus="64" \
  --memory="409600m" \
  --entrypoint /bin/bash \
  -v /mnt/nas1/projects/lasr/blendseq/warp-pipelines/warp-gatk-germline-single-sample-pipeline-master/cromwell-executions1/WholeGenomeGermlineSingleSample/d3b27253-def8-4fcc-8159-f1f8d49265cf/call-BamToGvcf/VariantCalling/17899b18-eba4-4779-b361-f95638baf358/call-DragenHardFilterVcf/shard-7:/cromwell-executions1/WholeGenomeGermlineSingleSample/d3b27253-def8-4fcc-8159-f1f8d49265cf/call-BamToGvcf/VariantCalling/17899b18-eba4-4779-b361-f95638baf358/call-DragenHardFilterVcf/shard-7 \
  -v /mnt/nas1/projects/lasr/blendseq:/mnt/nas1/projects/lasr/blendseq \
  us.gcr.io/broad-gatk/gatk@sha256:c88912855b845bd40c6b4bc8f3dd1d4b333ed2549cd3e8386987ee7c0c284f5a /cromwell-executions1/WholeGenomeGermlineSingleSample/d3b27253-def8-4fcc-8159-f1f8d49265cf/call-BamToGvcf/VariantCalling/17899b18-eba4-4779-b361-f95638baf358/call-DragenHardFilterVcf/shard-7/execution/script

# get the return code (working even if the container was detached)
rc=$(docker wait [38;5;5mcat /mnt/nas1/projects/lasr/blendseq/warp-pipelines/warp-gatk-germline-single-sample-pipeline-master/cromwell-executions1/WholeGenomeGermlineSingleSample/d3b27253-def8-4fcc-8159-f1f8d49265cf/call-BamToGvcf/VariantCalling/17899b18-eba4-4779-b361-f95638baf358/call-DragenHardFilterVcf/shard-7/execution/docker_cid[0m)

# remove the container after waiting
docker rm [38;5;5mcat /mnt/nas1/projects/lasr/blendseq/warp-pipelines/warp-gatk-germline-single-sample-pipeline-master/cromwell-executions1/WholeGenomeGermlineSingleSample/d3b27253-def8-4fcc-8159-f1f8d49265cf/call-BamToGvcf/VariantCalling/17899b18-eba4-4779-b361-f95638baf358/call-DragenHardFilterVcf/shard-7/execution/docker_cid[0m

# return exit code
exit $rc
[2026-04-09 21:04:31,06] [info] BackgroundConfigAsyncJobExecutionActor [[38;5;2m17899b18[0mVariantCalling.DragenHardFilterVcf:7:1]: job id: 792972
[2026-04-09 21:04:31,07] [info] BackgroundConfigAsyncJobExecutionActor [[38;5;2m17899b18[0mVariantCalling.DragenHardFilterVcf:7:1]: Status change from - to WaitingForReturnCode
[2026-04-09 21:04:37,98] [info] BackgroundConfigAsyncJobExecutionActor [[38;5;2m17899b18[0mVariantCalling.DragenHardFilterVcf:7:1]: Status change from WaitingForReturnCode to Done
[2026-04-09 21:04:46,18] [info] Assigned new job execution tokens to the following groups: d3b27253: 1
[2026-04-09 21:04:46,19] [[38;5;220mwarn[0m] BackgroundConfigAsyncJobExecutionActor [[38;5;2m17899b18[0mVariantCalling.DragenHardFilterVcf:24:1]: Unrecognized runtime attribute keys: preemptible, bootDiskSizeGb, disks, memory
[2026-04-09 21:04:46,42] [info] BackgroundConfigAsyncJobExecutionActor [[38;5;2m17899b18[0mVariantCalling.DragenHardFilterVcf:24:1]: [38;5;5mgatk --java-options "-Xms300g -Xmx300g" \
 VariantFiltration \
 -V /cromwell-executions1/WholeGenomeGermlineSingleSample/d3b27253-def8-4fcc-8159-f1f8d49265cf/call-BamToGvcf/VariantCalling/17899b18-eba4-4779-b361-f95638baf358/call-DragenHardFilterVcf/shard-24/inputs/-1085907646/ERR3684866_ILMN.g.vcf.gz \
 --filter-expression "QUAL < 10.4139" \
 --filter-name "DRAGENHardQUAL" \
 -O ERR3684866_ILMN.hard-filtered.g.vcf.gz[0m
[2026-04-09 21:04:46,43] [info] BackgroundConfigAsyncJobExecutionActor [[38;5;2m17899b18[0mVariantCalling.DragenHardFilterVcf:24:1]: executing: # make sure there is no preexisting Docker CID file
rm -f /mnt/nas1/projects/lasr/blendseq/warp-pipelines/warp-gatk-germline-single-sample-pipeline-master/cromwell-executions1/WholeGenomeGermlineSingleSample/d3b27253-def8-4fcc-8159-f1f8d49265cf/call-BamToGvcf/VariantCalling/17899b18-eba4-4779-b361-f95638baf358/call-DragenHardFilterVcf/shard-24/execution/docker_cid
# run as in the original configuration without --rm flag (will remove later)
docker run \
  --cidfile /mnt/nas1/projects/lasr/blendseq/warp-pipelines/warp-gatk-germline-single-sample-pipeline-master/cromwell-executions1/WholeGenomeGermlineSingleSample/d3b27253-def8-4fcc-8159-f1f8d49265cf/call-BamToGvcf/VariantCalling/17899b18-eba4-4779-b361-f95638baf358/call-DragenHardFilterVcf/shard-24/execution/docker_cid \
  -i \
  --user 1027:1028 \
  --cpus="64" \
  --memory="409600m" \
  --entrypoint /bin/bash \
  -v /mnt/nas1/projects/lasr/blendseq/warp-pipelines/warp-gatk-germline-single-sample-pipeline-master/cromwell-executions1/WholeGenomeGermlineSingleSample/d3b27253-def8-4fcc-8159-f1f8d49265cf/call-BamToGvcf/VariantCalling/17899b18-eba4-4779-b361-f95638baf358/call-DragenHardFilterVcf/shard-24:/cromwell-executions1/WholeGenomeGermlineSingleSample/d3b27253-def8-4fcc-8159-f1f8d49265cf/call-BamToGvcf/VariantCalling/17899b18-eba4-4779-b361-f95638baf358/call-DragenHardFilterVcf/shard-24 \
  -v /mnt/nas1/projects/lasr/blendseq:/mnt/nas1/projects/lasr/blendseq \
  us.gcr.io/broad-gatk/gatk@sha256:c88912855b845bd40c6b4bc8f3dd1d4b333ed2549cd3e8386987ee7c0c284f5a /cromwell-executions1/WholeGenomeGermlineSingleSample/d3b27253-def8-4fcc-8159-f1f8d49265cf/call-BamToGvcf/VariantCalling/17899b18-eba4-4779-b361-f95638baf358/call-DragenHardFilterVcf/shard-24/execution/script

# get the return code (working even if the container was detached)
rc=$(docker wait [38;5;5mcat /mnt/nas1/projects/lasr/blendseq/warp-pipelines/warp-gatk-germline-single-sample-pipeline-master/cromwell-executions1/WholeGenomeGermlineSingleSample/d3b27253-def8-4fcc-8159-f1f8d49265cf/call-BamToGvcf/VariantCalling/17899b18-eba4-4779-b361-f95638baf358/call-DragenHardFilterVcf/shard-24/execution/docker_cid[0m)

# remove the container after waiting
docker rm [38;5;5mcat /mnt/nas1/projects/lasr/blendseq/warp-pipelines/warp-gatk-germline-single-sample-pipeline-master/cromwell-executions1/WholeGenomeGermlineSingleSample/d3b27253-def8-4fcc-8159-f1f8d49265cf/call-BamToGvcf/VariantCalling/17899b18-eba4-4779-b361-f95638baf358/call-DragenHardFilterVcf/shard-24/execution/docker_cid[0m

# return exit code
exit $rc
[2026-04-09 21:04:51,06] [info] BackgroundConfigAsyncJobExecutionActor [[38;5;2m17899b18[0mVariantCalling.DragenHardFilterVcf:24:1]: job id: 793348
[2026-04-09 21:04:51,07] [info] BackgroundConfigAsyncJobExecutionActor [[38;5;2m17899b18[0mVariantCalling.DragenHardFilterVcf:24:1]: Status change from - to WaitingForReturnCode
[2026-04-09 21:05:04,38] [info] BackgroundConfigAsyncJobExecutionActor [[38;5;2m17899b18[0mVariantCalling.DragenHardFilterVcf:24:1]: Status change from WaitingForReturnCode to Done
[2026-04-09 21:05:06,18] [info] Assigned new job execution tokens to the following groups: d3b27253: 1
[2026-04-09 21:05:06,19] [[38;5;220mwarn[0m] BackgroundConfigAsyncJobExecutionActor [[38;5;2m17899b18[0mVariantCalling.DragenHardFilterVcf:1:1]: Unrecognized runtime attribute keys: preemptible, bootDiskSizeGb, disks, memory
[2026-04-09 21:05:06,36] [info] BackgroundConfigAsyncJobExecutionActor [[38;5;2m17899b18[0mVariantCalling.DragenHardFilterVcf:1:1]: [38;5;5mgatk --java-options "-Xms300g -Xmx300g" \
 VariantFiltration \
 -V /cromwell-executions1/WholeGenomeGermlineSingleSample/d3b27253-def8-4fcc-8159-f1f8d49265cf/call-BamToGvcf/VariantCalling/17899b18-eba4-4779-b361-f95638baf358/call-DragenHardFilterVcf/shard-1/inputs/1293910563/ERR3684866_ILMN.g.vcf.gz \
 --filter-expression "QUAL < 10.4139" \
 --filter-name "DRAGENHardQUAL" \
 -O ERR3684866_ILMN.hard-filtered.g.vcf.gz[0m
[2026-04-09 21:05:06,37] [info] BackgroundConfigAsyncJobExecutionActor [[38;5;2m17899b18[0mVariantCalling.DragenHardFilterVcf:1:1]: executing: # make sure there is no preexisting Docker CID file
rm -f /mnt/nas1/projects/lasr/blendseq/warp-pipelines/warp-gatk-germline-single-sample-pipeline-master/cromwell-executions1/WholeGenomeGermlineSingleSample/d3b27253-def8-4fcc-8159-f1f8d49265cf/call-BamToGvcf/VariantCalling/17899b18-eba4-4779-b361-f95638baf358/call-DragenHardFilterVcf/shard-1/execution/docker_cid
# run as in the original configuration without --rm flag (will remove later)
docker run \
  --cidfile /mnt/nas1/projects/lasr/blendseq/warp-pipelines/warp-gatk-germline-single-sample-pipeline-master/cromwell-executions1/WholeGenomeGermlineSingleSample/d3b27253-def8-4fcc-8159-f1f8d49265cf/call-BamToGvcf/VariantCalling/17899b18-eba4-4779-b361-f95638baf358/call-DragenHardFilterVcf/shard-1/execution/docker_cid \
  -i \
  --user 1027:1028 \
  --cpus="64" \
  --memory="409600m" \
  --entrypoint /bin/bash \
  -v /mnt/nas1/projects/lasr/blendseq/warp-pipelines/warp-gatk-germline-single-sample-pipeline-master/cromwell-executions1/WholeGenomeGermlineSingleSample/d3b27253-def8-4fcc-8159-f1f8d49265cf/call-BamToGvcf/VariantCalling/17899b18-eba4-4779-b361-f95638baf358/call-DragenHardFilterVcf/shard-1:/cromwell-executions1/WholeGenomeGermlineSingleSample/d3b27253-def8-4fcc-8159-f1f8d49265cf/call-BamToGvcf/VariantCalling/17899b18-eba4-4779-b361-f95638baf358/call-DragenHardFilterVcf/shard-1 \
  -v /mnt/nas1/projects/lasr/blendseq:/mnt/nas1/projects/lasr/blendseq \
  us.gcr.io/broad-gatk/gatk@sha256:c88912855b845bd40c6b4bc8f3dd1d4b333ed2549cd3e8386987ee7c0c284f5a /cromwell-executions1/WholeGenomeGermlineSingleSample/d3b27253-def8-4fcc-8159-f1f8d49265cf/call-BamToGvcf/VariantCalling/17899b18-eba4-4779-b361-f95638baf358/call-DragenHardFilterVcf/shard-1/execution/script

# get the return code (working even if the container was detached)
rc=$(docker wait [38;5;5mcat /mnt/nas1/projects/lasr/blendseq/warp-pipelines/warp-gatk-germline-single-sample-pipeline-master/cromwell-executions1/WholeGenomeGermlineSingleSample/d3b27253-def8-4fcc-8159-f1f8d49265cf/call-BamToGvcf/VariantCalling/17899b18-eba4-4779-b361-f95638baf358/call-DragenHardFilterVcf/shard-1/execution/docker_cid[0m)

# remove the container after waiting
docker rm [38;5;5mcat /mnt/nas1/projects/lasr/blendseq/warp-pipelines/warp-gatk-germline-single-sample-pipeline-master/cromwell-executions1/WholeGenomeGermlineSingleSample/d3b27253-def8-4fcc-8159-f1f8d49265cf/call-BamToGvcf/VariantCalling/17899b18-eba4-4779-b361-f95638baf358/call-DragenHardFilterVcf/shard-1/execution/docker_cid[0m

# return exit code
exit $rc
[2026-04-09 21:05:11,06] [info] BackgroundConfigAsyncJobExecutionActor [[38;5;2m17899b18[0mVariantCalling.DragenHardFilterVcf:1:1]: job id: 793719
[2026-04-09 21:05:11,07] [info] BackgroundConfigAsyncJobExecutionActor [[38;5;2m17899b18[0mVariantCalling.DragenHardFilterVcf:1:1]: Status change from - to WaitingForReturnCode
[2026-04-09 21:05:19,49] [info] BackgroundConfigAsyncJobExecutionActor [[38;5;2m17899b18[0mVariantCalling.DragenHardFilterVcf:1:1]: Status change from WaitingForReturnCode to Done
[2026-04-09 21:05:26,18] [info] Assigned new job execution tokens to the following groups: d3b27253: 1
[2026-04-09 21:05:26,19] [[38;5;220mwarn[0m] BackgroundConfigAsyncJobExecutionActor [[38;5;2m17899b18[0mVariantCalling.DragenHardFilterVcf:0:1]: Unrecognized runtime attribute keys: preemptible, bootDiskSizeGb, disks, memory
[2026-04-09 21:05:26,40] [info] BackgroundConfigAsyncJobExecutionActor [[38;5;2m17899b18[0mVariantCalling.DragenHardFilterVcf:0:1]: [38;5;5mgatk --java-options "-Xms300g -Xmx300g" \
 VariantFiltration \
 -V /cromwell-executions1/WholeGenomeGermlineSingleSample/d3b27253-def8-4fcc-8159-f1f8d49265cf/call-BamToGvcf/VariantCalling/17899b18-eba4-4779-b361-f95638baf358/call-DragenHardFilterVcf/shard-0/inputs/-1204105374/ERR3684866_ILMN.g.vcf.gz \
 --filter-expression "QUAL < 10.4139" \
 --filter-name "DRAGENHardQUAL" \
 -O ERR3684866_ILMN.hard-filtered.g.vcf.gz[0m
[2026-04-09 21:05:26,40] [info] BackgroundConfigAsyncJobExecutionActor [[38;5;2m17899b18[0mVariantCalling.DragenHardFilterVcf:0:1]: executing: # make sure there is no preexisting Docker CID file
rm -f /mnt/nas1/projects/lasr/blendseq/warp-pipelines/warp-gatk-germline-single-sample-pipeline-master/cromwell-executions1/WholeGenomeGermlineSingleSample/d3b27253-def8-4fcc-8159-f1f8d49265cf/call-BamToGvcf/VariantCalling/17899b18-eba4-4779-b361-f95638baf358/call-DragenHardFilterVcf/shard-0/execution/docker_cid
# run as in the original configuration without --rm flag (will remove later)
docker run \
  --cidfile /mnt/nas1/projects/lasr/blendseq/warp-pipelines/warp-gatk-germline-single-sample-pipeline-master/cromwell-executions1/WholeGenomeGermlineSingleSample/d3b27253-def8-4fcc-8159-f1f8d49265cf/call-BamToGvcf/VariantCalling/17899b18-eba4-4779-b361-f95638baf358/call-DragenHardFilterVcf/shard-0/execution/docker_cid \
  -i \
  --user 1027:1028 \
  --cpus="64" \
  --memory="409600m" \
  --entrypoint /bin/bash \
  -v /mnt/nas1/projects/lasr/blendseq/warp-pipelines/warp-gatk-germline-single-sample-pipeline-master/cromwell-executions1/WholeGenomeGermlineSingleSample/d3b27253-def8-4fcc-8159-f1f8d49265cf/call-BamToGvcf/VariantCalling/17899b18-eba4-4779-b361-f95638baf358/call-DragenHardFilterVcf/shard-0:/cromwell-executions1/WholeGenomeGermlineSingleSample/d3b27253-def8-4fcc-8159-f1f8d49265cf/call-BamToGvcf/VariantCalling/17899b18-eba4-4779-b361-f95638baf358/call-DragenHardFilterVcf/shard-0 \
  -v /mnt/nas1/projects/lasr/blendseq:/mnt/nas1/projects/lasr/blendseq \
  us.gcr.io/broad-gatk/gatk@sha256:c88912855b845bd40c6b4bc8f3dd1d4b333ed2549cd3e8386987ee7c0c284f5a /cromwell-executions1/WholeGenomeGermlineSingleSample/d3b27253-def8-4fcc-8159-f1f8d49265cf/call-BamToGvcf/VariantCalling/17899b18-eba4-4779-b361-f95638baf358/call-DragenHardFilterVcf/shard-0/execution/script

# get the return code (working even if the container was detached)
rc=$(docker wait [38;5;5mcat /mnt/nas1/projects/lasr/blendseq/warp-pipelines/warp-gatk-germline-single-sample-pipeline-master/cromwell-executions1/WholeGenomeGermlineSingleSample/d3b27253-def8-4fcc-8159-f1f8d49265cf/call-BamToGvcf/VariantCalling/17899b18-eba4-4779-b361-f95638baf358/call-DragenHardFilterVcf/shard-0/execution/docker_cid[0m)

# remove the container after waiting
docker rm [38;5;5mcat /mnt/nas1/projects/lasr/blendseq/warp-pipelines/warp-gatk-germline-single-sample-pipeline-master/cromwell-executions1/WholeGenomeGermlineSingleSample/d3b27253-def8-4fcc-8159-f1f8d49265cf/call-BamToGvcf/VariantCalling/17899b18-eba4-4779-b361-f95638baf358/call-DragenHardFilterVcf/shard-0/execution/docker_cid[0m

# return exit code
exit $rc
[2026-04-09 21:05:31,06] [info] BackgroundConfigAsyncJobExecutionActor [[38;5;2m17899b18[0mVariantCalling.DragenHardFilterVcf:0:1]: job id: 794090
[2026-04-09 21:05:31,07] [info] BackgroundConfigAsyncJobExecutionActor [[38;5;2m17899b18[0mVariantCalling.DragenHardFilterVcf:0:1]: Status change from - to WaitingForReturnCode
[2026-04-09 21:05:43,36] [info] BackgroundConfigAsyncJobExecutionActor [[38;5;2m17899b18[0mVariantCalling.DragenHardFilterVcf:0:1]: Status change from WaitingForReturnCode to Done
[2026-04-09 21:05:46,18] [info] Assigned new job execution tokens to the following groups: d3b27253: 1
[2026-04-09 21:05:46,19] [[38;5;220mwarn[0m] BackgroundConfigAsyncJobExecutionActor [[38;5;2m17899b18[0mVariantCalling.DragenHardFilterVcf:14:1]: Unrecognized runtime attribute keys: preemptible, bootDiskSizeGb, disks, memory
[2026-04-09 21:05:46,38] [info] BackgroundConfigAsyncJobExecutionActor [[38;5;2m17899b18[0mVariantCalling.DragenHardFilterVcf:14:1]: [38;5;5mgatk --java-options "-Xms300g -Xmx300g" \
 VariantFiltration \
 -V /cromwell-executions1/WholeGenomeGermlineSingleSample/d3b27253-def8-4fcc-8159-f1f8d49265cf/call-BamToGvcf/VariantCalling/17899b18-eba4-4779-b361-f95638baf358/call-DragenHardFilterVcf/shard-14/inputs/-1214990365/ERR3684866_ILMN.g.vcf.gz \
 --filter-expression "QUAL < 10.4139" \
 --filter-name "DRAGENHardQUAL" \
 -O ERR3684866_ILMN.hard-filtered.g.vcf.gz[0m
[2026-04-09 21:05:46,38] [info] BackgroundConfigAsyncJobExecutionActor [[38;5;2m17899b18[0mVariantCalling.DragenHardFilterVcf:14:1]: executing: # make sure there is no preexisting Docker CID file
rm -f /mnt/nas1/projects/lasr/blendseq/warp-pipelines/warp-gatk-germline-single-sample-pipeline-master/cromwell-executions1/WholeGenomeGermlineSingleSample/d3b27253-def8-4fcc-8159-f1f8d49265cf/call-BamToGvcf/VariantCalling/17899b18-eba4-4779-b361-f95638baf358/call-DragenHardFilterVcf/shard-14/execution/docker_cid
# run as in the original configuration without --rm flag (will remove later)
docker run \
  --cidfile /mnt/nas1/projects/lasr/blendseq/warp-pipelines/warp-gatk-germline-single-sample-pipeline-master/cromwell-executions1/WholeGenomeGermlineSingleSample/d3b27253-def8-4fcc-8159-f1f8d49265cf/call-BamToGvcf/VariantCalling/17899b18-eba4-4779-b361-f95638baf358/call-DragenHardFilterVcf/shard-14/execution/docker_cid \
  -i \
  --user 1027:1028 \
  --cpus="64" \
  --memory="409600m" \
  --entrypoint /bin/bash \
  -v /mnt/nas1/projects/lasr/blendseq/warp-pipelines/warp-gatk-germline-single-sample-pipeline-master/cromwell-executions1/WholeGenomeGermlineSingleSample/d3b27253-def8-4fcc-8159-f1f8d49265cf/call-BamToGvcf/VariantCalling/17899b18-eba4-4779-b361-f95638baf358/call-DragenHardFilterVcf/shard-14:/cromwell-executions1/WholeGenomeGermlineSingleSample/d3b27253-def8-4fcc-8159-f1f8d49265cf/call-BamToGvcf/VariantCalling/17899b18-eba4-4779-b361-f95638baf358/call-DragenHardFilterVcf/shard-14 \
  -v /mnt/nas1/projects/lasr/blendseq:/mnt/nas1/projects/lasr/blendseq \
  us.gcr.io/broad-gatk/gatk@sha256:c88912855b845bd40c6b4bc8f3dd1d4b333ed2549cd3e8386987ee7c0c284f5a /cromwell-executions1/WholeGenomeGermlineSingleSample/d3b27253-def8-4fcc-8159-f1f8d49265cf/call-BamToGvcf/VariantCalling/17899b18-eba4-4779-b361-f95638baf358/call-DragenHardFilterVcf/shard-14/execution/script

# get the return code (working even if the container was detached)
rc=$(docker wait [38;5;5mcat /mnt/nas1/projects/lasr/blendseq/warp-pipelines/warp-gatk-germline-single-sample-pipeline-master/cromwell-executions1/WholeGenomeGermlineSingleSample/d3b27253-def8-4fcc-8159-f1f8d49265cf/call-BamToGvcf/VariantCalling/17899b18-eba4-4779-b361-f95638baf358/call-DragenHardFilterVcf/shard-14/execution/docker_cid[0m)

# remove the container after waiting
docker rm [38;5;5mcat /mnt/nas1/projects/lasr/blendseq/warp-pipelines/warp-gatk-germline-single-sample-pipeline-master/cromwell-executions1/WholeGenomeGermlineSingleSample/d3b27253-def8-4fcc-8159-f1f8d49265cf/call-BamToGvcf/VariantCalling/17899b18-eba4-4779-b361-f95638baf358/call-DragenHardFilterVcf/shard-14/execution/docker_cid[0m

# return exit code
exit $rc
[2026-04-09 21:05:51,07] [info] BackgroundConfigAsyncJobExecutionActor [[38;5;2m17899b18[0mVariantCalling.DragenHardFilterVcf:14:1]: job id: 794466
[2026-04-09 21:05:51,07] [info] BackgroundConfigAsyncJobExecutionActor [[38;5;2m17899b18[0mVariantCalling.DragenHardFilterVcf:14:1]: Status change from - to WaitingForReturnCode
[2026-04-09 21:06:00,48] [info] BackgroundConfigAsyncJobExecutionActor [[38;5;2m17899b18[0mVariantCalling.DragenHardFilterVcf:14:1]: Status change from WaitingForReturnCode to Done
[2026-04-09 21:06:06,18] [info] Assigned new job execution tokens to the following groups: d3b27253: 1
[2026-04-09 21:06:06,19] [[38;5;220mwarn[0m] BackgroundConfigAsyncJobExecutionActor [[38;5;2m17899b18[0mVariantCalling.DragenHardFilterVcf:31:1]: Unrecognized runtime attribute keys: preemptible, bootDiskSizeGb, disks, memory
[2026-04-09 21:06:06,40] [info] BackgroundConfigAsyncJobExecutionActor [[38;5;2m17899b18[0mVariantCalling.DragenHardFilterVcf:31:1]: [38;5;5mgatk --java-options "-Xms300g -Xmx300g" \
 VariantFiltration \
 -V /cromwell-executions1/WholeGenomeGermlineSingleSample/d3b27253-def8-4fcc-8159-f1f8d49265cf/call-BamToGvcf/VariantCalling/17899b18-eba4-4779-b361-f95638baf358/call-DragenHardFilterVcf/shard-31/inputs/139061854/ERR3684866_ILMN.g.vcf.gz \
 --filter-expression "QUAL < 10.4139" \
 --filter-name "DRAGENHardQUAL" \
 -O ERR3684866_ILMN.hard-filtered.g.vcf.gz[0m
[2026-04-09 21:06:06,41] [info] BackgroundConfigAsyncJobExecutionActor [[38;5;2m17899b18[0mVariantCalling.DragenHardFilterVcf:31:1]: executing: # make sure there is no preexisting Docker CID file
rm -f /mnt/nas1/projects/lasr/blendseq/warp-pipelines/warp-gatk-germline-single-sample-pipeline-master/cromwell-executions1/WholeGenomeGermlineSingleSample/d3b27253-def8-4fcc-8159-f1f8d49265cf/call-BamToGvcf/VariantCalling/17899b18-eba4-4779-b361-f95638baf358/call-DragenHardFilterVcf/shard-31/execution/docker_cid
# run as in the original configuration without --rm flag (will remove later)
docker run \
  --cidfile /mnt/nas1/projects/lasr/blendseq/warp-pipelines/warp-gatk-germline-single-sample-pipeline-master/cromwell-executions1/WholeGenomeGermlineSingleSample/d3b27253-def8-4fcc-8159-f1f8d49265cf/call-BamToGvcf/VariantCalling/17899b18-eba4-4779-b361-f95638baf358/call-DragenHardFilterVcf/shard-31/execution/docker_cid \
  -i \
  --user 1027:1028 \
  --cpus="64" \
  --memory="409600m" \
  --entrypoint /bin/bash \
  -v /mnt/nas1/projects/lasr/blendseq/warp-pipelines/warp-gatk-germline-single-sample-pipeline-master/cromwell-executions1/WholeGenomeGermlineSingleSample/d3b27253-def8-4fcc-8159-f1f8d49265cf/call-BamToGvcf/VariantCalling/17899b18-eba4-4779-b361-f95638baf358/call-DragenHardFilterVcf/shard-31:/cromwell-executions1/WholeGenomeGermlineSingleSample/d3b27253-def8-4fcc-8159-f1f8d49265cf/call-BamToGvcf/VariantCalling/17899b18-eba4-4779-b361-f95638baf358/call-DragenHardFilterVcf/shard-31 \
  -v /mnt/nas1/projects/lasr/blendseq:/mnt/nas1/projects/lasr/blendseq \
  us.gcr.io/broad-gatk/gatk@sha256:c88912855b845bd40c6b4bc8f3dd1d4b333ed2549cd3e8386987ee7c0c284f5a /cromwell-executions1/WholeGenomeGermlineSingleSample/d3b27253-def8-4fcc-8159-f1f8d49265cf/call-BamToGvcf/VariantCalling/17899b18-eba4-4779-b361-f95638baf358/call-DragenHardFilterVcf/shard-31/execution/script

# get the return code (working even if the container was detached)
rc=$(docker wait [38;5;5mcat /mnt/nas1/projects/lasr/blendseq/warp-pipelines/warp-gatk-germline-single-sample-pipeline-master/cromwell-executions1/WholeGenomeGermlineSingleSample/d3b27253-def8-4fcc-8159-f1f8d49265cf/call-BamToGvcf/VariantCalling/17899b18-eba4-4779-b361-f95638baf358/call-DragenHardFilterVcf/shard-31/execution/docker_cid[0m)

# remove the container after waiting
docker rm [38;5;5mcat /mnt/nas1/projects/lasr/blendseq/warp-pipelines/warp-gatk-germline-single-sample-pipeline-master/cromwell-executions1/WholeGenomeGermlineSingleSample/d3b27253-def8-4fcc-8159-f1f8d49265cf/call-BamToGvcf/VariantCalling/17899b18-eba4-4779-b361-f95638baf358/call-DragenHardFilterVcf/shard-31/execution/docker_cid[0m

# return exit code
exit $rc
[2026-04-09 21:06:11,06] [info] BackgroundConfigAsyncJobExecutionActor [[38;5;2m17899b18[0mVariantCalling.DragenHardFilterVcf:31:1]: job id: 794843
[2026-04-09 21:06:11,07] [info] BackgroundConfigAsyncJobExecutionActor [[38;5;2m17899b18[0mVariantCalling.DragenHardFilterVcf:31:1]: Status change from - to WaitingForReturnCode
[2026-04-09 21:06:22,16] [info] BackgroundConfigAsyncJobExecutionActor [[38;5;2m17899b18[0mVariantCalling.DragenHardFilterVcf:31:1]: Status change from WaitingForReturnCode to Done
[2026-04-09 21:06:26,18] [info] Assigned new job execution tokens to the following groups: d3b27253: 1
[2026-04-09 21:06:26,19] [[38;5;220mwarn[0m] BackgroundConfigAsyncJobExecutionActor [[38;5;2m17899b18[0mVariantCalling.DragenHardFilterVcf:49:1]: Unrecognized runtime attribute keys: preemptible, bootDiskSizeGb, disks, memory
[2026-04-09 21:06:26,37] [info] BackgroundConfigAsyncJobExecutionActor [[38;5;2m17899b18[0mVariantCalling.DragenHardFilterVcf:49:1]: [38;5;5mgatk --java-options "-Xms300g -Xmx300g" \
 VariantFiltration \
 -V /cromwell-executions1/WholeGenomeGermlineSingleSample/d3b27253-def8-4fcc-8159-f1f8d49265cf/call-BamToGvcf/VariantCalling/17899b18-eba4-4779-b361-f95638baf358/call-DragenHardFilterVcf/shard-49/inputs/-1222564411/ERR3684866_ILMN.g.vcf.gz \
 --filter-expression "QUAL < 10.4139" \
 --filter-name "DRAGENHardQUAL" \
 -O ERR3684866_ILMN.hard-filtered.g.vcf.gz[0m
[2026-04-09 21:06:26,37] [info] BackgroundConfigAsyncJobExecutionActor [[38;5;2m17899b18[0mVariantCalling.DragenHardFilterVcf:49:1]: executing: # make sure there is no preexisting Docker CID file
rm -f /mnt/nas1/projects/lasr/blendseq/warp-pipelines/warp-gatk-germline-single-sample-pipeline-master/cromwell-executions1/WholeGenomeGermlineSingleSample/d3b27253-def8-4fcc-8159-f1f8d49265cf/call-BamToGvcf/VariantCalling/17899b18-eba4-4779-b361-f95638baf358/call-DragenHardFilterVcf/shard-49/execution/docker_cid
# run as in the original configuration without --rm flag (will remove later)
docker run \
  --cidfile /mnt/nas1/projects/lasr/blendseq/warp-pipelines/warp-gatk-germline-single-sample-pipeline-master/cromwell-executions1/WholeGenomeGermlineSingleSample/d3b27253-def8-4fcc-8159-f1f8d49265cf/call-BamToGvcf/VariantCalling/17899b18-eba4-4779-b361-f95638baf358/call-DragenHardFilterVcf/shard-49/execution/docker_cid \
  -i \
  --user 1027:1028 \
  --cpus="64" \
  --memory="409600m" \
  --entrypoint /bin/bash \
  -v /mnt/nas1/projects/lasr/blendseq/warp-pipelines/warp-gatk-germline-single-sample-pipeline-master/cromwell-executions1/WholeGenomeGermlineSingleSample/d3b27253-def8-4fcc-8159-f1f8d49265cf/call-BamToGvcf/VariantCalling/17899b18-eba4-4779-b361-f95638baf358/call-DragenHardFilterVcf/shard-49:/cromwell-executions1/WholeGenomeGermlineSingleSample/d3b27253-def8-4fcc-8159-f1f8d49265cf/call-BamToGvcf/VariantCalling/17899b18-eba4-4779-b361-f95638baf358/call-DragenHardFilterVcf/shard-49 \
  -v /mnt/nas1/projects/lasr/blendseq:/mnt/nas1/projects/lasr/blendseq \
  us.gcr.io/broad-gatk/gatk@sha256:c88912855b845bd40c6b4bc8f3dd1d4b333ed2549cd3e8386987ee7c0c284f5a /cromwell-executions1/WholeGenomeGermlineSingleSample/d3b27253-def8-4fcc-8159-f1f8d49265cf/call-BamToGvcf/VariantCalling/17899b18-eba4-4779-b361-f95638baf358/call-DragenHardFilterVcf/shard-49/execution/script

# get the return code (working even if the container was detached)
rc=$(docker wait [38;5;5mcat /mnt/nas1/projects/lasr/blendseq/warp-pipelines/warp-gatk-germline-single-sample-pipeline-master/cromwell-executions1/WholeGenomeGermlineSingleSample/d3b27253-def8-4fcc-8159-f1f8d49265cf/call-BamToGvcf/VariantCalling/17899b18-eba4-4779-b361-f95638baf358/call-DragenHardFilterVcf/shard-49/execution/docker_cid[0m)

# remove the container after waiting
docker rm [38;5;5mcat /mnt/nas1/projects/lasr/blendseq/warp-pipelines/warp-gatk-germline-single-sample-pipeline-master/cromwell-executions1/WholeGenomeGermlineSingleSample/d3b27253-def8-4fcc-8159-f1f8d49265cf/call-BamToGvcf/VariantCalling/17899b18-eba4-4779-b361-f95638baf358/call-DragenHardFilterVcf/shard-49/execution/docker_cid[0m

# return exit code
exit $rc
[2026-04-09 21:06:31,07] [info] BackgroundConfigAsyncJobExecutionActor [[38;5;2m17899b18[0mVariantCalling.DragenHardFilterVcf:49:1]: job id: 795217
[2026-04-09 21:06:31,07] [info] BackgroundConfigAsyncJobExecutionActor [[38;5;2m17899b18[0mVariantCalling.DragenHardFilterVcf:49:1]: Status change from - to WaitingForReturnCode
[2026-04-09 21:06:39,26] [info] BackgroundConfigAsyncJobExecutionActor [[38;5;2m17899b18[0mVariantCalling.DragenHardFilterVcf:49:1]: Status change from WaitingForReturnCode to Done
[2026-04-09 21:06:46,18] [info] Assigned new job execution tokens to the following groups: d3b27253: 1
[2026-04-09 21:06:46,19] [[38;5;220mwarn[0m] BackgroundConfigAsyncJobExecutionActor [[38;5;2m17899b18[0mVariantCalling.DragenHardFilterVcf:42:1]: Unrecognized runtime attribute keys: preemptible, bootDiskSizeGb, disks, memory
[2026-04-09 21:06:46,71] [info] BackgroundConfigAsyncJobExecutionActor [[38;5;2m17899b18[0mVariantCalling.DragenHardFilterVcf:42:1]: [38;5;5mgatk --java-options "-Xms300g -Xmx300g" \
 VariantFiltration \
 -V /cromwell-executions1/WholeGenomeGermlineSingleSample/d3b27253-def8-4fcc-8159-f1f8d49265cf/call-BamToGvcf/VariantCalling/17899b18-eba4-4779-b361-f95638baf358/call-DragenHardFilterVcf/shard-42/inputs/-1528806786/ERR3684866_ILMN.g.vcf.gz \
 --filter-expression "QUAL < 10.4139" \
 --filter-name "DRAGENHardQUAL" \
 -O ERR3684866_ILMN.hard-filtered.g.vcf.gz[0m
[2026-04-09 21:06:46,72] [info] BackgroundConfigAsyncJobExecutionActor [[38;5;2m17899b18[0mVariantCalling.DragenHardFilterVcf:42:1]: executing: # make sure there is no preexisting Docker CID file
rm -f /mnt/nas1/projects/lasr/blendseq/warp-pipelines/warp-gatk-germline-single-sample-pipeline-master/cromwell-executions1/WholeGenomeGermlineSingleSample/d3b27253-def8-4fcc-8159-f1f8d49265cf/call-BamToGvcf/VariantCalling/17899b18-eba4-4779-b361-f95638baf358/call-DragenHardFilterVcf/shard-42/execution/docker_cid
# run as in the original configuration without --rm flag (will remove later)
docker run \
  --cidfile /mnt/nas1/projects/lasr/blendseq/warp-pipelines/warp-gatk-germline-single-sample-pipeline-master/cromwell-executions1/WholeGenomeGermlineSingleSample/d3b27253-def8-4fcc-8159-f1f8d49265cf/call-BamToGvcf/VariantCalling/17899b18-eba4-4779-b361-f95638baf358/call-DragenHardFilterVcf/shard-42/execution/docker_cid \
  -i \
  --user 1027:1028 \
  --cpus="64" \
  --memory="409600m" \
  --entrypoint /bin/bash \
  -v /mnt/nas1/projects/lasr/blendseq/warp-pipelines/warp-gatk-germline-single-sample-pipeline-master/cromwell-executions1/WholeGenomeGermlineSingleSample/d3b27253-def8-4fcc-8159-f1f8d49265cf/call-BamToGvcf/VariantCalling/17899b18-eba4-4779-b361-f95638baf358/call-DragenHardFilterVcf/shard-42:/cromwell-executions1/WholeGenomeGermlineSingleSample/d3b27253-def8-4fcc-8159-f1f8d49265cf/call-BamToGvcf/VariantCalling/17899b18-eba4-4779-b361-f95638baf358/call-DragenHardFilterVcf/shard-42 \
  -v /mnt/nas1/projects/lasr/blendseq:/mnt/nas1/projects/lasr/blendseq \
  us.gcr.io/broad-gatk/gatk@sha256:c88912855b845bd40c6b4bc8f3dd1d4b333ed2549cd3e8386987ee7c0c284f5a /cromwell-executions1/WholeGenomeGermlineSingleSample/d3b27253-def8-4fcc-8159-f1f8d49265cf/call-BamToGvcf/VariantCalling/17899b18-eba4-4779-b361-f95638baf358/call-DragenHardFilterVcf/shard-42/execution/script

# get the return code (working even if the container was detached)
rc=$(docker wait [38;5;5mcat /mnt/nas1/projects/lasr/blendseq/warp-pipelines/warp-gatk-germline-single-sample-pipeline-master/cromwell-executions1/WholeGenomeGermlineSingleSample/d3b27253-def8-4fcc-8159-f1f8d49265cf/call-BamToGvcf/VariantCalling/17899b18-eba4-4779-b361-f95638baf358/call-DragenHardFilterVcf/shard-42/execution/docker_cid[0m)

# remove the container after waiting
docker rm [38;5;5mcat /mnt/nas1/projects/lasr/blendseq/warp-pipelines/warp-gatk-germline-single-sample-pipeline-master/cromwell-executions1/WholeGenomeGermlineSingleSample/d3b27253-def8-4fcc-8159-f1f8d49265cf/call-BamToGvcf/VariantCalling/17899b18-eba4-4779-b361-f95638baf358/call-DragenHardFilterVcf/shard-42/execution/docker_cid[0m

# return exit code
exit $rc
[2026-04-09 21:06:51,07] [info] BackgroundConfigAsyncJobExecutionActor [[38;5;2m17899b18[0mVariantCalling.DragenHardFilterVcf:42:1]: job id: 795594
[2026-04-09 21:06:51,07] [info] BackgroundConfigAsyncJobExecutionActor [[38;5;2m17899b18[0mVariantCalling.DragenHardFilterVcf:42:1]: Status change from - to WaitingForReturnCode
[2026-04-09 21:07:32,31] [info] BackgroundConfigAsyncJobExecutionActor [[38;5;2m17899b18[0mVariantCalling.DragenHardFilterVcf:42:1]: Status change from WaitingForReturnCode to Done
[2026-04-09 21:07:36,18] [info] Assigned new job execution tokens to the following groups: d3b27253: 1
[2026-04-09 21:07:36,19] [[38;5;220mwarn[0m] BackgroundConfigAsyncJobExecutionActor [[38;5;2m17899b18[0mVariantCalling.DragenHardFilterVcf:44:1]: Unrecognized runtime attribute keys: preemptible, bootDiskSizeGb, disks, memory
[2026-04-09 21:07:36,68] [info] BackgroundConfigAsyncJobExecutionActor [[38;5;2m17899b18[0mVariantCalling.DragenHardFilterVcf:44:1]: [38;5;5mgatk --java-options "-Xms300g -Xmx300g" \
 VariantFiltration \
 -V /cromwell-executions1/WholeGenomeGermlineSingleSample/d3b27253-def8-4fcc-8159-f1f8d49265cf/call-BamToGvcf/VariantCalling/17899b18-eba4-4779-b361-f95638baf358/call-DragenHardFilterVcf/shard-44/inputs/-827742208/ERR3684866_ILMN.g.vcf.gz \
 --filter-expression "QUAL < 10.4139" \
 --filter-name "DRAGENHardQUAL" \
 -O ERR3684866_ILMN.hard-filtered.g.vcf.gz[0m
[2026-04-09 21:07:36,69] [info] BackgroundConfigAsyncJobExecutionActor [[38;5;2m17899b18[0mVariantCalling.DragenHardFilterVcf:44:1]: executing: # make sure there is no preexisting Docker CID file
rm -f /mnt/nas1/projects/lasr/blendseq/warp-pipelines/warp-gatk-germline-single-sample-pipeline-master/cromwell-executions1/WholeGenomeGermlineSingleSample/d3b27253-def8-4fcc-8159-f1f8d49265cf/call-BamToGvcf/VariantCalling/17899b18-eba4-4779-b361-f95638baf358/call-DragenHardFilterVcf/shard-44/execution/docker_cid
# run as in the original configuration without --rm flag (will remove later)
docker run \
  --cidfile /mnt/nas1/projects/lasr/blendseq/warp-pipelines/warp-gatk-germline-single-sample-pipeline-master/cromwell-executions1/WholeGenomeGermlineSingleSample/d3b27253-def8-4fcc-8159-f1f8d49265cf/call-BamToGvcf/VariantCalling/17899b18-eba4-4779-b361-f95638baf358/call-DragenHardFilterVcf/shard-44/execution/docker_cid \
  -i \
  --user 1027:1028 \
  --cpus="64" \
  --memory="409600m" \
  --entrypoint /bin/bash \
  -v /mnt/nas1/projects/lasr/blendseq/warp-pipelines/warp-gatk-germline-single-sample-pipeline-master/cromwell-executions1/WholeGenomeGermlineSingleSample/d3b27253-def8-4fcc-8159-f1f8d49265cf/call-BamToGvcf/VariantCalling/17899b18-eba4-4779-b361-f95638baf358/call-DragenHardFilterVcf/shard-44:/cromwell-executions1/WholeGenomeGermlineSingleSample/d3b27253-def8-4fcc-8159-f1f8d49265cf/call-BamToGvcf/VariantCalling/17899b18-eba4-4779-b361-f95638baf358/call-DragenHardFilterVcf/shard-44 \
  -v /mnt/nas1/projects/lasr/blendseq:/mnt/nas1/projects/lasr/blendseq \
  us.gcr.io/broad-gatk/gatk@sha256:c88912855b845bd40c6b4bc8f3dd1d4b333ed2549cd3e8386987ee7c0c284f5a /cromwell-executions1/WholeGenomeGermlineSingleSample/d3b27253-def8-4fcc-8159-f1f8d49265cf/call-BamToGvcf/VariantCalling/17899b18-eba4-4779-b361-f95638baf358/call-DragenHardFilterVcf/shard-44/execution/script

# get the return code (working even if the container was detached)
rc=$(docker wait [38;5;5mcat /mnt/nas1/projects/lasr/blendseq/warp-pipelines/warp-gatk-germline-single-sample-pipeline-master/cromwell-executions1/WholeGenomeGermlineSingleSample/d3b27253-def8-4fcc-8159-f1f8d49265cf/call-BamToGvcf/VariantCalling/17899b18-eba4-4779-b361-f95638baf358/call-DragenHardFilterVcf/shard-44/execution/docker_cid[0m)

# remove the container after waiting
docker rm [38;5;5mcat /mnt/nas1/projects/lasr/blendseq/warp-pipelines/warp-gatk-germline-single-sample-pipeline-master/cromwell-executions1/WholeGenomeGermlineSingleSample/d3b27253-def8-4fcc-8159-f1f8d49265cf/call-BamToGvcf/VariantCalling/17899b18-eba4-4779-b361-f95638baf358/call-DragenHardFilterVcf/shard-44/execution/docker_cid[0m

# return exit code
exit $rc
[2026-04-09 21:07:41,06] [info] BackgroundConfigAsyncJobExecutionActor [[38;5;2m17899b18[0mVariantCalling.DragenHardFilterVcf:44:1]: job id: 795974
[2026-04-09 21:07:41,07] [info] BackgroundConfigAsyncJobExecutionActor [[38;5;2m17899b18[0mVariantCalling.DragenHardFilterVcf:44:1]: Status change from - to WaitingForReturnCode
[2026-04-09 21:08:20,16] [info] BackgroundConfigAsyncJobExecutionActor [[38;5;2m17899b18[0mVariantCalling.DragenHardFilterVcf:44:1]: Status change from WaitingForReturnCode to Done
[2026-04-09 21:08:26,18] [info] Assigned new job execution tokens to the following groups: d3b27253: 1
[2026-04-09 21:08:26,19] [[38;5;220mwarn[0m] BackgroundConfigAsyncJobExecutionActor [[38;5;2m17899b18[0mVariantCalling.DragenHardFilterVcf:4:1]: Unrecognized runtime attribute keys: preemptible, bootDiskSizeGb, disks, memory
[2026-04-09 21:08:26,35] [info] BackgroundConfigAsyncJobExecutionActor [[38;5;2m17899b18[0mVariantCalling.DragenHardFilterVcf:4:1]: [38;5;5mgatk --java-options "-Xms300g -Xmx300g" \
 VariantFiltration \
 -V /cromwell-executions1/WholeGenomeGermlineSingleSample/d3b27253-def8-4fcc-8159-f1f8d49265cf/call-BamToGvcf/VariantCalling/17899b18-eba4-4779-b361-f95638baf358/call-DragenHardFilterVcf/shard-4/inputs/198023782/ERR3684866_ILMN.g.vcf.gz \
 --filter-expression "QUAL < 10.4139" \
 --filter-name "DRAGENHardQUAL" \
 -O ERR3684866_ILMN.hard-filtered.g.vcf.gz[0m
[2026-04-09 21:08:26,35] [info] BackgroundConfigAsyncJobExecutionActor [[38;5;2m17899b18[0mVariantCalling.DragenHardFilterVcf:4:1]: executing: # make sure there is no preexisting Docker CID file
rm -f /mnt/nas1/projects/lasr/blendseq/warp-pipelines/warp-gatk-germline-single-sample-pipeline-master/cromwell-executions1/WholeGenomeGermlineSingleSample/d3b27253-def8-4fcc-8159-f1f8d49265cf/call-BamToGvcf/VariantCalling/17899b18-eba4-4779-b361-f95638baf358/call-DragenHardFilterVcf/shard-4/execution/docker_cid
# run as in the original configuration without --rm flag (will remove later)
docker run \
  --cidfile /mnt/nas1/projects/lasr/blendseq/warp-pipelines/warp-gatk-germline-single-sample-pipeline-master/cromwell-executions1/WholeGenomeGermlineSingleSample/d3b27253-def8-4fcc-8159-f1f8d49265cf/call-BamToGvcf/VariantCalling/17899b18-eba4-4779-b361-f95638baf358/call-DragenHardFilterVcf/shard-4/execution/docker_cid \
  -i \
  --user 1027:1028 \
  --cpus="64" \
  --memory="409600m" \
  --entrypoint /bin/bash \
  -v /mnt/nas1/projects/lasr/blendseq/warp-pipelines/warp-gatk-germline-single-sample-pipeline-master/cromwell-executions1/WholeGenomeGermlineSingleSample/d3b27253-def8-4fcc-8159-f1f8d49265cf/call-BamToGvcf/VariantCalling/17899b18-eba4-4779-b361-f95638baf358/call-DragenHardFilterVcf/shard-4:/cromwell-executions1/WholeGenomeGermlineSingleSample/d3b27253-def8-4fcc-8159-f1f8d49265cf/call-BamToGvcf/VariantCalling/17899b18-eba4-4779-b361-f95638baf358/call-DragenHardFilterVcf/shard-4 \
  -v /mnt/nas1/projects/lasr/blendseq:/mnt/nas1/projects/lasr/blendseq \
  us.gcr.io/broad-gatk/gatk@sha256:c88912855b845bd40c6b4bc8f3dd1d4b333ed2549cd3e8386987ee7c0c284f5a /cromwell-executions1/WholeGenomeGermlineSingleSample/d3b27253-def8-4fcc-8159-f1f8d49265cf/call-BamToGvcf/VariantCalling/17899b18-eba4-4779-b361-f95638baf358/call-DragenHardFilterVcf/shard-4/execution/script

# get the return code (working even if the container was detached)
rc=$(docker wait [38;5;5mcat /mnt/nas1/projects/lasr/blendseq/warp-pipelines/warp-gatk-germline-single-sample-pipeline-master/cromwell-executions1/WholeGenomeGermlineSingleSample/d3b27253-def8-4fcc-8159-f1f8d49265cf/call-BamToGvcf/VariantCalling/17899b18-eba4-4779-b361-f95638baf358/call-DragenHardFilterVcf/shard-4/execution/docker_cid[0m)

# remove the container after waiting
docker rm [38;5;5mcat /mnt/nas1/projects/lasr/blendseq/warp-pipelines/warp-gatk-germline-single-sample-pipeline-master/cromwell-executions1/WholeGenomeGermlineSingleSample/d3b27253-def8-4fcc-8159-f1f8d49265cf/call-BamToGvcf/VariantCalling/17899b18-eba4-4779-b361-f95638baf358/call-DragenHardFilterVcf/shard-4/execution/docker_cid[0m

# return exit code
exit $rc
[2026-04-09 21:08:31,07] [info] BackgroundConfigAsyncJobExecutionActor [[38;5;2m17899b18[0mVariantCalling.DragenHardFilterVcf:4:1]: job id: 796352
[2026-04-09 21:08:31,07] [info] BackgroundConfigAsyncJobExecutionActor [[38;5;2m17899b18[0mVariantCalling.DragenHardFilterVcf:4:1]: Status change from - to WaitingForReturnCode
[2026-04-09 21:08:38,73] [info] BackgroundConfigAsyncJobExecutionActor [[38;5;2m17899b18[0mVariantCalling.DragenHardFilterVcf:4:1]: Status change from WaitingForReturnCode to Done
[2026-04-09 21:08:46,18] [info] Assigned new job execution tokens to the following groups: d3b27253: 1
[2026-04-09 21:08:46,19] [[38;5;220mwarn[0m] BackgroundConfigAsyncJobExecutionActor [[38;5;2m17899b18[0mVariantCalling.DragenHardFilterVcf:9:1]: Unrecognized runtime attribute keys: preemptible, bootDiskSizeGb, disks, memory
[2026-04-09 21:08:46,40] [info] BackgroundConfigAsyncJobExecutionActor [[38;5;2m17899b18[0mVariantCalling.DragenHardFilterVcf:9:1]: [38;5;5mgatk --java-options "-Xms300g -Xmx300g" \
 VariantFiltration \
 -V /cromwell-executions1/WholeGenomeGermlineSingleSample/d3b27253-def8-4fcc-8159-f1f8d49265cf/call-BamToGvcf/VariantCalling/17899b18-eba4-4779-b361-f95638baf358/call-DragenHardFilterVcf/shard-9/inputs/-196798421/ERR3684866_ILMN.g.vcf.gz \
 --filter-expression "QUAL < 10.4139" \
 --filter-name "DRAGENHardQUAL" \
 -O ERR3684866_ILMN.hard-filtered.g.vcf.gz[0m
[2026-04-09 21:08:46,41] [info] BackgroundConfigAsyncJobExecutionActor [[38;5;2m17899b18[0mVariantCalling.DragenHardFilterVcf:9:1]: executing: # make sure there is no preexisting Docker CID file
rm -f /mnt/nas1/projects/lasr/blendseq/warp-pipelines/warp-gatk-germline-single-sample-pipeline-master/cromwell-executions1/WholeGenomeGermlineSingleSample/d3b27253-def8-4fcc-8159-f1f8d49265cf/call-BamToGvcf/VariantCalling/17899b18-eba4-4779-b361-f95638baf358/call-DragenHardFilterVcf/shard-9/execution/docker_cid
# run as in the original configuration without --rm flag (will remove later)
docker run \
  --cidfile /mnt/nas1/projects/lasr/blendseq/warp-pipelines/warp-gatk-germline-single-sample-pipeline-master/cromwell-executions1/WholeGenomeGermlineSingleSample/d3b27253-def8-4fcc-8159-f1f8d49265cf/call-BamToGvcf/VariantCalling/17899b18-eba4-4779-b361-f95638baf358/call-DragenHardFilterVcf/shard-9/execution/docker_cid \
  -i \
  --user 1027:1028 \
  --cpus="64" \
  --memory="409600m" \
  --entrypoint /bin/bash \
  -v /mnt/nas1/projects/lasr/blendseq/warp-pipelines/warp-gatk-germline-single-sample-pipeline-master/cromwell-executions1/WholeGenomeGermlineSingleSample/d3b27253-def8-4fcc-8159-f1f8d49265cf/call-BamToGvcf/VariantCalling/17899b18-eba4-4779-b361-f95638baf358/call-DragenHardFilterVcf/shard-9:/cromwell-executions1/WholeGenomeGermlineSingleSample/d3b27253-def8-4fcc-8159-f1f8d49265cf/call-BamToGvcf/VariantCalling/17899b18-eba4-4779-b361-f95638baf358/call-DragenHardFilterVcf/shard-9 \
  -v /mnt/nas1/projects/lasr/blendseq:/mnt/nas1/projects/lasr/blendseq \
  us.gcr.io/broad-gatk/gatk@sha256:c88912855b845bd40c6b4bc8f3dd1d4b333ed2549cd3e8386987ee7c0c284f5a /cromwell-executions1/WholeGenomeGermlineSingleSample/d3b27253-def8-4fcc-8159-f1f8d49265cf/call-BamToGvcf/VariantCalling/17899b18-eba4-4779-b361-f95638baf358/call-DragenHardFilterVcf/shard-9/execution/script

# get the return code (working even if the container was detached)
rc=$(docker wait [38;5;5mcat /mnt/nas1/projects/lasr/blendseq/warp-pipelines/warp-gatk-germline-single-sample-pipeline-master/cromwell-executions1/WholeGenomeGermlineSingleSample/d3b27253-def8-4fcc-8159-f1f8d49265cf/call-BamToGvcf/VariantCalling/17899b18-eba4-4779-b361-f95638baf358/call-DragenHardFilterVcf/shard-9/execution/docker_cid[0m)

# remove the container after waiting
docker rm [38;5;5mcat /mnt/nas1/projects/lasr/blendseq/warp-pipelines/warp-gatk-germline-single-sample-pipeline-master/cromwell-executions1/WholeGenomeGermlineSingleSample/d3b27253-def8-4fcc-8159-f1f8d49265cf/call-BamToGvcf/VariantCalling/17899b18-eba4-4779-b361-f95638baf358/call-DragenHardFilterVcf/shard-9/execution/docker_cid[0m

# return exit code
exit $rc
[2026-04-09 21:08:51,06] [info] BackgroundConfigAsyncJobExecutionActor [[38;5;2m17899b18[0mVariantCalling.DragenHardFilterVcf:9:1]: job id: 796716
[2026-04-09 21:08:51,07] [info] BackgroundConfigAsyncJobExecutionActor [[38;5;2m17899b18[0mVariantCalling.DragenHardFilterVcf:9:1]: Status change from - to WaitingForReturnCode
[2026-04-09 21:09:01,09] [info] BackgroundConfigAsyncJobExecutionActor [[38;5;2m17899b18[0mVariantCalling.DragenHardFilterVcf:9:1]: Status change from WaitingForReturnCode to Done
[2026-04-09 21:09:06,18] [info] Assigned new job execution tokens to the following groups: d3b27253: 1
[2026-04-09 21:09:06,19] [[38;5;220mwarn[0m] BackgroundConfigAsyncJobExecutionActor [[38;5;2m17899b18[0mVariantCalling.DragenHardFilterVcf:25:1]: Unrecognized runtime attribute keys: preemptible, bootDiskSizeGb, disks, memory
[2026-04-09 21:09:06,38] [info] BackgroundConfigAsyncJobExecutionActor [[38;5;2m17899b18[0mVariantCalling.DragenHardFilterVcf:25:1]: [38;5;5mgatk --java-options "-Xms300g -Xmx300g" \
 VariantFiltration \
 -V /cromwell-executions1/WholeGenomeGermlineSingleSample/d3b27253-def8-4fcc-8159-f1f8d49265cf/call-BamToGvcf/VariantCalling/17899b18-eba4-4779-b361-f95638baf358/call-DragenHardFilterVcf/shard-25/inputs/1412108291/ERR3684866_ILMN.g.vcf.gz \
 --filter-expression "QUAL < 10.4139" \
 --filter-name "DRAGENHardQUAL" \
 -O ERR3684866_ILMN.hard-filtered.g.vcf.gz[0m
[2026-04-09 21:09:06,38] [info] BackgroundConfigAsyncJobExecutionActor [[38;5;2m17899b18[0mVariantCalling.DragenHardFilterVcf:25:1]: executing: # make sure there is no preexisting Docker CID file
rm -f /mnt/nas1/projects/lasr/blendseq/warp-pipelines/warp-gatk-germline-single-sample-pipeline-master/cromwell-executions1/WholeGenomeGermlineSingleSample/d3b27253-def8-4fcc-8159-f1f8d49265cf/call-BamToGvcf/VariantCalling/17899b18-eba4-4779-b361-f95638baf358/call-DragenHardFilterVcf/shard-25/execution/docker_cid
# run as in the original configuration without --rm flag (will remove later)
docker run \
  --cidfile /mnt/nas1/projects/lasr/blendseq/warp-pipelines/warp-gatk-germline-single-sample-pipeline-master/cromwell-executions1/WholeGenomeGermlineSingleSample/d3b27253-def8-4fcc-8159-f1f8d49265cf/call-BamToGvcf/VariantCalling/17899b18-eba4-4779-b361-f95638baf358/call-DragenHardFilterVcf/shard-25/execution/docker_cid \
  -i \
  --user 1027:1028 \
  --cpus="64" \
  --memory="409600m" \
  --entrypoint /bin/bash \
  -v /mnt/nas1/projects/lasr/blendseq/warp-pipelines/warp-gatk-germline-single-sample-pipeline-master/cromwell-executions1/WholeGenomeGermlineSingleSample/d3b27253-def8-4fcc-8159-f1f8d49265cf/call-BamToGvcf/VariantCalling/17899b18-eba4-4779-b361-f95638baf358/call-DragenHardFilterVcf/shard-25:/cromwell-executions1/WholeGenomeGermlineSingleSample/d3b27253-def8-4fcc-8159-f1f8d49265cf/call-BamToGvcf/VariantCalling/17899b18-eba4-4779-b361-f95638baf358/call-DragenHardFilterVcf/shard-25 \
  -v /mnt/nas1/projects/lasr/blendseq:/mnt/nas1/projects/lasr/blendseq \
  us.gcr.io/broad-gatk/gatk@sha256:c88912855b845bd40c6b4bc8f3dd1d4b333ed2549cd3e8386987ee7c0c284f5a /cromwell-executions1/WholeGenomeGermlineSingleSample/d3b27253-def8-4fcc-8159-f1f8d49265cf/call-BamToGvcf/VariantCalling/17899b18-eba4-4779-b361-f95638baf358/call-DragenHardFilterVcf/shard-25/execution/script

# get the return code (working even if the container was detached)
rc=$(docker wait [38;5;5mcat /mnt/nas1/projects/lasr/blendseq/warp-pipelines/warp-gatk-germline-single-sample-pipeline-master/cromwell-executions1/WholeGenomeGermlineSingleSample/d3b27253-def8-4fcc-8159-f1f8d49265cf/call-BamToGvcf/VariantCalling/17899b18-eba4-4779-b361-f95638baf358/call-DragenHardFilterVcf/shard-25/execution/docker_cid[0m)

# remove the container after waiting
docker rm [38;5;5mcat /mnt/nas1/projects/lasr/blendseq/warp-pipelines/warp-gatk-germline-single-sample-pipeline-master/cromwell-executions1/WholeGenomeGermlineSingleSample/d3b27253-def8-4fcc-8159-f1f8d49265cf/call-BamToGvcf/VariantCalling/17899b18-eba4-4779-b361-f95638baf358/call-DragenHardFilterVcf/shard-25/execution/docker_cid[0m

# return exit code
exit $rc
[2026-04-09 21:09:11,07] [info] BackgroundConfigAsyncJobExecutionActor [[38;5;2m17899b18[0mVariantCalling.DragenHardFilterVcf:25:1]: job id: 797088
[2026-04-09 21:09:11,07] [info] BackgroundConfigAsyncJobExecutionActor [[38;5;2m17899b18[0mVariantCalling.DragenHardFilterVcf:25:1]: Status change from - to WaitingForReturnCode
[2026-04-09 21:09:18,57] [info] BackgroundConfigAsyncJobExecutionActor [[38;5;2m17899b18[0mVariantCalling.DragenHardFilterVcf:25:1]: Status change from WaitingForReturnCode to Done
[2026-04-09 21:09:26,18] [info] Assigned new job execution tokens to the following groups: d3b27253: 1
[2026-04-09 21:09:26,19] [[38;5;220mwarn[0m] BackgroundConfigAsyncJobExecutionActor [[38;5;2m17899b18[0mVariantCalling.DragenHardFilterVcf:41:1]: Unrecognized runtime attribute keys: preemptible, bootDiskSizeGb, disks, memory
[2026-04-09 21:09:26,70] [info] BackgroundConfigAsyncJobExecutionActor [[38;5;2m17899b18[0mVariantCalling.DragenHardFilterVcf:41:1]: [38;5;5mgatk --java-options "-Xms300g -Xmx300g" \
 VariantFiltration \
 -V /cromwell-executions1/WholeGenomeGermlineSingleSample/d3b27253-def8-4fcc-8159-f1f8d49265cf/call-BamToGvcf/VariantCalling/17899b18-eba4-4779-b361-f95638baf358/call-DragenHardFilterVcf/shard-41/inputs/268144573/ERR3684866_ILMN.g.vcf.gz \
 --filter-expression "QUAL < 10.4139" \
 --filter-name "DRAGENHardQUAL" \
 -O ERR3684866_ILMN.hard-filtered.g.vcf.gz[0m
[2026-04-09 21:09:26,70] [info] BackgroundConfigAsyncJobExecutionActor [[38;5;2m17899b18[0mVariantCalling.DragenHardFilterVcf:41:1]: executing: # make sure there is no preexisting Docker CID file
rm -f /mnt/nas1/projects/lasr/blendseq/warp-pipelines/warp-gatk-germline-single-sample-pipeline-master/cromwell-executions1/WholeGenomeGermlineSingleSample/d3b27253-def8-4fcc-8159-f1f8d49265cf/call-BamToGvcf/VariantCalling/17899b18-eba4-4779-b361-f95638baf358/call-DragenHardFilterVcf/shard-41/execution/docker_cid
# run as in the original configuration without --rm flag (will remove later)
docker run \
  --cidfile /mnt/nas1/projects/lasr/blendseq/warp-pipelines/warp-gatk-germline-single-sample-pipeline-master/cromwell-executions1/WholeGenomeGermlineSingleSample/d3b27253-def8-4fcc-8159-f1f8d49265cf/call-BamToGvcf/VariantCalling/17899b18-eba4-4779-b361-f95638baf358/call-DragenHardFilterVcf/shard-41/execution/docker_cid \
  -i \
  --user 1027:1028 \
  --cpus="64" \
  --memory="409600m" \
  --entrypoint /bin/bash \
  -v /mnt/nas1/projects/lasr/blendseq/warp-pipelines/warp-gatk-germline-single-sample-pipeline-master/cromwell-executions1/WholeGenomeGermlineSingleSample/d3b27253-def8-4fcc-8159-f1f8d49265cf/call-BamToGvcf/VariantCalling/17899b18-eba4-4779-b361-f95638baf358/call-DragenHardFilterVcf/shard-41:/cromwell-executions1/WholeGenomeGermlineSingleSample/d3b27253-def8-4fcc-8159-f1f8d49265cf/call-BamToGvcf/VariantCalling/17899b18-eba4-4779-b361-f95638baf358/call-DragenHardFilterVcf/shard-41 \
  -v /mnt/nas1/projects/lasr/blendseq:/mnt/nas1/projects/lasr/blendseq \
  us.gcr.io/broad-gatk/gatk@sha256:c88912855b845bd40c6b4bc8f3dd1d4b333ed2549cd3e8386987ee7c0c284f5a /cromwell-executions1/WholeGenomeGermlineSingleSample/d3b27253-def8-4fcc-8159-f1f8d49265cf/call-BamToGvcf/VariantCalling/17899b18-eba4-4779-b361-f95638baf358/call-DragenHardFilterVcf/shard-41/execution/script

# get the return code (working even if the container was detached)
rc=$(docker wait [38;5;5mcat /mnt/nas1/projects/lasr/blendseq/warp-pipelines/warp-gatk-germline-single-sample-pipeline-master/cromwell-executions1/WholeGenomeGermlineSingleSample/d3b27253-def8-4fcc-8159-f1f8d49265cf/call-BamToGvcf/VariantCalling/17899b18-eba4-4779-b361-f95638baf358/call-DragenHardFilterVcf/shard-41/execution/docker_cid[0m)

# remove the container after waiting
docker rm [38;5;5mcat /mnt/nas1/projects/lasr/blendseq/warp-pipelines/warp-gatk-germline-single-sample-pipeline-master/cromwell-executions1/WholeGenomeGermlineSingleSample/d3b27253-def8-4fcc-8159-f1f8d49265cf/call-BamToGvcf/VariantCalling/17899b18-eba4-4779-b361-f95638baf358/call-DragenHardFilterVcf/shard-41/execution/docker_cid[0m

# return exit code
exit $rc
[2026-04-09 21:09:31,06] [info] BackgroundConfigAsyncJobExecutionActor [[38;5;2m17899b18[0mVariantCalling.DragenHardFilterVcf:41:1]: job id: 797470
[2026-04-09 21:09:31,07] [info] BackgroundConfigAsyncJobExecutionActor [[38;5;2m17899b18[0mVariantCalling.DragenHardFilterVcf:41:1]: Status change from - to WaitingForReturnCode
[2026-04-09 21:10:08,35] [info] BackgroundConfigAsyncJobExecutionActor [[38;5;2m17899b18[0mVariantCalling.DragenHardFilterVcf:41:1]: Status change from WaitingForReturnCode to Done
[2026-04-09 21:10:16,18] [info] Assigned new job execution tokens to the following groups: d3b27253: 1
[2026-04-09 21:10:16,19] [[38;5;220mwarn[0m] BackgroundConfigAsyncJobExecutionActor [[38;5;2m17899b18[0mVariantCalling.DragenHardFilterVcf:37:1]: Unrecognized runtime attribute keys: preemptible, bootDiskSizeGb, disks, memory
[2026-04-09 21:10:16,39] [info] BackgroundConfigAsyncJobExecutionActor [[38;5;2m17899b18[0mVariantCalling.DragenHardFilterVcf:37:1]: [38;5;5mgatk --java-options "-Xms300g -Xmx300g" \
 VariantFiltration \
 -V /cromwell-executions1/WholeGenomeGermlineSingleSample/d3b27253-def8-4fcc-8159-f1f8d49265cf/call-BamToGvcf/VariantCalling/17899b18-eba4-4779-b361-f95638baf358/call-DragenHardFilterVcf/shard-37/inputs/-2052711708/ERR3684866_ILMN.g.vcf.gz \
 --filter-expression "QUAL < 10.4139" \
 --filter-name "DRAGENHardQUAL" \
 -O ERR3684866_ILMN.hard-filtered.g.vcf.gz[0m
[2026-04-09 21:10:16,40] [info] BackgroundConfigAsyncJobExecutionActor [[38;5;2m17899b18[0mVariantCalling.DragenHardFilterVcf:37:1]: executing: # make sure there is no preexisting Docker CID file
rm -f /mnt/nas1/projects/lasr/blendseq/warp-pipelines/warp-gatk-germline-single-sample-pipeline-master/cromwell-executions1/WholeGenomeGermlineSingleSample/d3b27253-def8-4fcc-8159-f1f8d49265cf/call-BamToGvcf/VariantCalling/17899b18-eba4-4779-b361-f95638baf358/call-DragenHardFilterVcf/shard-37/execution/docker_cid
# run as in the original configuration without --rm flag (will remove later)
docker run \
  --cidfile /mnt/nas1/projects/lasr/blendseq/warp-pipelines/warp-gatk-germline-single-sample-pipeline-master/cromwell-executions1/WholeGenomeGermlineSingleSample/d3b27253-def8-4fcc-8159-f1f8d49265cf/call-BamToGvcf/VariantCalling/17899b18-eba4-4779-b361-f95638baf358/call-DragenHardFilterVcf/shard-37/execution/docker_cid \
  -i \
  --user 1027:1028 \
  --cpus="64" \
  --memory="409600m" \
  --entrypoint /bin/bash \
  -v /mnt/nas1/projects/lasr/blendseq/warp-pipelines/warp-gatk-germline-single-sample-pipeline-master/cromwell-executions1/WholeGenomeGermlineSingleSample/d3b27253-def8-4fcc-8159-f1f8d49265cf/call-BamToGvcf/VariantCalling/17899b18-eba4-4779-b361-f95638baf358/call-DragenHardFilterVcf/shard-37:/cromwell-executions1/WholeGenomeGermlineSingleSample/d3b27253-def8-4fcc-8159-f1f8d49265cf/call-BamToGvcf/VariantCalling/17899b18-eba4-4779-b361-f95638baf358/call-DragenHardFilterVcf/shard-37 \
  -v /mnt/nas1/projects/lasr/blendseq:/mnt/nas1/projects/lasr/blendseq \
  us.gcr.io/broad-gatk/gatk@sha256:c88912855b845bd40c6b4bc8f3dd1d4b333ed2549cd3e8386987ee7c0c284f5a /cromwell-executions1/WholeGenomeGermlineSingleSample/d3b27253-def8-4fcc-8159-f1f8d49265cf/call-BamToGvcf/VariantCalling/17899b18-eba4-4779-b361-f95638baf358/call-DragenHardFilterVcf/shard-37/execution/script

# get the return code (working even if the container was detached)
rc=$(docker wait [38;5;5mcat /mnt/nas1/projects/lasr/blendseq/warp-pipelines/warp-gatk-germline-single-sample-pipeline-master/cromwell-executions1/WholeGenomeGermlineSingleSample/d3b27253-def8-4fcc-8159-f1f8d49265cf/call-BamToGvcf/VariantCalling/17899b18-eba4-4779-b361-f95638baf358/call-DragenHardFilterVcf/shard-37/execution/docker_cid[0m)

# remove the container after waiting
docker rm [38;5;5mcat /mnt/nas1/projects/lasr/blendseq/warp-pipelines/warp-gatk-germline-single-sample-pipeline-master/cromwell-executions1/WholeGenomeGermlineSingleSample/d3b27253-def8-4fcc-8159-f1f8d49265cf/call-BamToGvcf/VariantCalling/17899b18-eba4-4779-b361-f95638baf358/call-DragenHardFilterVcf/shard-37/execution/docker_cid[0m

# return exit code
exit $rc
[2026-04-09 21:10:21,07] [info] BackgroundConfigAsyncJobExecutionActor [[38;5;2m17899b18[0mVariantCalling.DragenHardFilterVcf:37:1]: job id: 797872
[2026-04-09 21:10:21,07] [info] BackgroundConfigAsyncJobExecutionActor [[38;5;2m17899b18[0mVariantCalling.DragenHardFilterVcf:37:1]: Status change from - to WaitingForReturnCode
[2026-04-09 21:10:32,52] [info] BackgroundConfigAsyncJobExecutionActor [[38;5;2m17899b18[0mVariantCalling.DragenHardFilterVcf:37:1]: Status change from WaitingForReturnCode to Done
[2026-04-09 21:10:36,18] [info] Assigned new job execution tokens to the following groups: d3b27253: 1
[2026-04-09 21:10:36,19] [[38;5;220mwarn[0m] BackgroundConfigAsyncJobExecutionActor [[38;5;2m17899b18[0mVariantCalling.DragenHardFilterVcf:34:1]: Unrecognized runtime attribute keys: preemptible, bootDiskSizeGb, disks, memory
[2026-04-09 21:10:36,42] [info] BackgroundConfigAsyncJobExecutionActor [[38;5;2m17899b18[0mVariantCalling.DragenHardFilterVcf:34:1]: [38;5;5mgatk --java-options "-Xms300g -Xmx300g" \
 VariantFiltration \
 -V /cromwell-executions1/WholeGenomeGermlineSingleSample/d3b27253-def8-4fcc-8159-f1f8d49265cf/call-BamToGvcf/VariantCalling/17899b18-eba4-4779-b361-f95638baf358/call-DragenHardFilterVcf/shard-34/inputs/-956824927/ERR3684866_ILMN.g.vcf.gz \
 --filter-expression "QUAL < 10.4139" \
 --filter-name "DRAGENHardQUAL" \
 -O ERR3684866_ILMN.hard-filtered.g.vcf.gz[0m
[2026-04-09 21:10:36,43] [info] BackgroundConfigAsyncJobExecutionActor [[38;5;2m17899b18[0mVariantCalling.DragenHardFilterVcf:34:1]: executing: # make sure there is no preexisting Docker CID file
rm -f /mnt/nas1/projects/lasr/blendseq/warp-pipelines/warp-gatk-germline-single-sample-pipeline-master/cromwell-executions1/WholeGenomeGermlineSingleSample/d3b27253-def8-4fcc-8159-f1f8d49265cf/call-BamToGvcf/VariantCalling/17899b18-eba4-4779-b361-f95638baf358/call-DragenHardFilterVcf/shard-34/execution/docker_cid
# run as in the original configuration without --rm flag (will remove later)
docker run \
  --cidfile /mnt/nas1/projects/lasr/blendseq/warp-pipelines/warp-gatk-germline-single-sample-pipeline-master/cromwell-executions1/WholeGenomeGermlineSingleSample/d3b27253-def8-4fcc-8159-f1f8d49265cf/call-BamToGvcf/VariantCalling/17899b18-eba4-4779-b361-f95638baf358/call-DragenHardFilterVcf/shard-34/execution/docker_cid \
  -i \
  --user 1027:1028 \
  --cpus="64" \
  --memory="409600m" \
  --entrypoint /bin/bash \
  -v /mnt/nas1/projects/lasr/blendseq/warp-pipelines/warp-gatk-germline-single-sample-pipeline-master/cromwell-executions1/WholeGenomeGermlineSingleSample/d3b27253-def8-4fcc-8159-f1f8d49265cf/call-BamToGvcf/VariantCalling/17899b18-eba4-4779-b361-f95638baf358/call-DragenHardFilterVcf/shard-34:/cromwell-executions1/WholeGenomeGermlineSingleSample/d3b27253-def8-4fcc-8159-f1f8d49265cf/call-BamToGvcf/VariantCalling/17899b18-eba4-4779-b361-f95638baf358/call-DragenHardFilterVcf/shard-34 \
  -v /mnt/nas1/projects/lasr/blendseq:/mnt/nas1/projects/lasr/blendseq \
  us.gcr.io/broad-gatk/gatk@sha256:c88912855b845bd40c6b4bc8f3dd1d4b333ed2549cd3e8386987ee7c0c284f5a /cromwell-executions1/WholeGenomeGermlineSingleSample/d3b27253-def8-4fcc-8159-f1f8d49265cf/call-BamToGvcf/VariantCalling/17899b18-eba4-4779-b361-f95638baf358/call-DragenHardFilterVcf/shard-34/execution/script

# get the return code (working even if the container was detached)
rc=$(docker wait [38;5;5mcat /mnt/nas1/projects/lasr/blendseq/warp-pipelines/warp-gatk-germline-single-sample-pipeline-master/cromwell-executions1/WholeGenomeGermlineSingleSample/d3b27253-def8-4fcc-8159-f1f8d49265cf/call-BamToGvcf/VariantCalling/17899b18-eba4-4779-b361-f95638baf358/call-DragenHardFilterVcf/shard-34/execution/docker_cid[0m)

# remove the container after waiting
docker rm [38;5;5mcat /mnt/nas1/projects/lasr/blendseq/warp-pipelines/warp-gatk-germline-single-sample-pipeline-master/cromwell-executions1/WholeGenomeGermlineSingleSample/d3b27253-def8-4fcc-8159-f1f8d49265cf/call-BamToGvcf/VariantCalling/17899b18-eba4-4779-b361-f95638baf358/call-DragenHardFilterVcf/shard-34/execution/docker_cid[0m

# return exit code
exit $rc
[2026-04-09 21:10:41,06] [info] BackgroundConfigAsyncJobExecutionActor [[38;5;2m17899b18[0mVariantCalling.DragenHardFilterVcf:34:1]: job id: 798247
[2026-04-09 21:10:41,07] [info] BackgroundConfigAsyncJobExecutionActor [[38;5;2m17899b18[0mVariantCalling.DragenHardFilterVcf:34:1]: Status change from - to WaitingForReturnCode
[2026-04-09 21:10:55,71] [info] BackgroundConfigAsyncJobExecutionActor [[38;5;2m17899b18[0mVariantCalling.DragenHardFilterVcf:34:1]: Status change from WaitingForReturnCode to Done
[2026-04-09 21:10:56,18] [info] Assigned new job execution tokens to the following groups: d3b27253: 1
[2026-04-09 21:10:56,19] [[38;5;220mwarn[0m] BackgroundConfigAsyncJobExecutionActor [[38;5;2m17899b18[0mVariantCalling.DragenHardFilterVcf:6:1]: Unrecognized runtime attribute keys: preemptible, bootDiskSizeGb, disks, memory
[2026-04-09 21:10:56,38] [info] BackgroundConfigAsyncJobExecutionActor [[38;5;2m17899b18[0mVariantCalling.DragenHardFilterVcf:6:1]: [38;5;5mgatk --java-options "-Xms300g -Xmx300g" \
 VariantFiltration \
 -V /cromwell-executions1/WholeGenomeGermlineSingleSample/d3b27253-def8-4fcc-8159-f1f8d49265cf/call-BamToGvcf/VariantCalling/17899b18-eba4-4779-b361-f95638baf358/call-DragenHardFilterVcf/shard-6/inputs/899088360/ERR3684866_ILMN.g.vcf.gz \
 --filter-expression "QUAL < 10.4139" \
 --filter-name "DRAGENHardQUAL" \
 -O ERR3684866_ILMN.hard-filtered.g.vcf.gz[0m
[2026-04-09 21:10:56,39] [info] BackgroundConfigAsyncJobExecutionActor [[38;5;2m17899b18[0mVariantCalling.DragenHardFilterVcf:6:1]: executing: # make sure there is no preexisting Docker CID file
rm -f /mnt/nas1/projects/lasr/blendseq/warp-pipelines/warp-gatk-germline-single-sample-pipeline-master/cromwell-executions1/WholeGenomeGermlineSingleSample/d3b27253-def8-4fcc-8159-f1f8d49265cf/call-BamToGvcf/VariantCalling/17899b18-eba4-4779-b361-f95638baf358/call-DragenHardFilterVcf/shard-6/execution/docker_cid
# run as in the original configuration without --rm flag (will remove later)
docker run \
  --cidfile /mnt/nas1/projects/lasr/blendseq/warp-pipelines/warp-gatk-germline-single-sample-pipeline-master/cromwell-executions1/WholeGenomeGermlineSingleSample/d3b27253-def8-4fcc-8159-f1f8d49265cf/call-BamToGvcf/VariantCalling/17899b18-eba4-4779-b361-f95638baf358/call-DragenHardFilterVcf/shard-6/execution/docker_cid \
  -i \
  --user 1027:1028 \
  --cpus="64" \
  --memory="409600m" \
  --entrypoint /bin/bash \
  -v /mnt/nas1/projects/lasr/blendseq/warp-pipelines/warp-gatk-germline-single-sample-pipeline-master/cromwell-executions1/WholeGenomeGermlineSingleSample/d3b27253-def8-4fcc-8159-f1f8d49265cf/call-BamToGvcf/VariantCalling/17899b18-eba4-4779-b361-f95638baf358/call-DragenHardFilterVcf/shard-6:/cromwell-executions1/WholeGenomeGermlineSingleSample/d3b27253-def8-4fcc-8159-f1f8d49265cf/call-BamToGvcf/VariantCalling/17899b18-eba4-4779-b361-f95638baf358/call-DragenHardFilterVcf/shard-6 \
  -v /mnt/nas1/projects/lasr/blendseq:/mnt/nas1/projects/lasr/blendseq \
  us.gcr.io/broad-gatk/gatk@sha256:c88912855b845bd40c6b4bc8f3dd1d4b333ed2549cd3e8386987ee7c0c284f5a /cromwell-executions1/WholeGenomeGermlineSingleSample/d3b27253-def8-4fcc-8159-f1f8d49265cf/call-BamToGvcf/VariantCalling/17899b18-eba4-4779-b361-f95638baf358/call-DragenHardFilterVcf/shard-6/execution/script

# get the return code (working even if the container was detached)
rc=$(docker wait [38;5;5mcat /mnt/nas1/projects/lasr/blendseq/warp-pipelines/warp-gatk-germline-single-sample-pipeline-master/cromwell-executions1/WholeGenomeGermlineSingleSample/d3b27253-def8-4fcc-8159-f1f8d49265cf/call-BamToGvcf/VariantCalling/17899b18-eba4-4779-b361-f95638baf358/call-DragenHardFilterVcf/shard-6/execution/docker_cid[0m)

# remove the container after waiting
docker rm [38;5;5mcat /mnt/nas1/projects/lasr/blendseq/warp-pipelines/warp-gatk-germline-single-sample-pipeline-master/cromwell-executions1/WholeGenomeGermlineSingleSample/d3b27253-def8-4fcc-8159-f1f8d49265cf/call-BamToGvcf/VariantCalling/17899b18-eba4-4779-b361-f95638baf358/call-DragenHardFilterVcf/shard-6/execution/docker_cid[0m

# return exit code
exit $rc
[2026-04-09 21:11:01,06] [info] BackgroundConfigAsyncJobExecutionActor [[38;5;2m17899b18[0mVariantCalling.DragenHardFilterVcf:6:1]: job id: 798622
[2026-04-09 21:11:01,06] [info] BackgroundConfigAsyncJobExecutionActor [[38;5;2m17899b18[0mVariantCalling.DragenHardFilterVcf:6:1]: Status change from - to WaitingForReturnCode
[2026-04-09 21:11:08,89] [info] BackgroundConfigAsyncJobExecutionActor [[38;5;2m17899b18[0mVariantCalling.DragenHardFilterVcf:6:1]: Status change from WaitingForReturnCode to Done
[2026-04-09 21:11:16,18] [info] Assigned new job execution tokens to the following groups: d3b27253: 1
[2026-04-09 21:11:16,19] [[38;5;220mwarn[0m] BackgroundConfigAsyncJobExecutionActor [[38;5;2m17899b18[0mVariantCalling.DragenHardFilterVcf:15:1]: Unrecognized runtime attribute keys: preemptible, bootDiskSizeGb, disks, memory
[2026-04-09 21:11:16,40] [info] BackgroundConfigAsyncJobExecutionActor [[38;5;2m17899b18[0mVariantCalling.DragenHardFilterVcf:15:1]: [38;5;5mgatk --java-options "-Xms300g -Xmx300g" \
 VariantFiltration \
 -V /cromwell-executions1/WholeGenomeGermlineSingleSample/d3b27253-def8-4fcc-8159-f1f8d49265cf/call-BamToGvcf/VariantCalling/17899b18-eba4-4779-b361-f95638baf358/call-DragenHardFilterVcf/shard-15/inputs/1283025572/ERR3684866_ILMN.g.vcf.gz \
 --filter-expression "QUAL < 10.4139" \
 --filter-name "DRAGENHardQUAL" \
 -O ERR3684866_ILMN.hard-filtered.g.vcf.gz[0m
[2026-04-09 21:11:16,40] [info] BackgroundConfigAsyncJobExecutionActor [[38;5;2m17899b18[0mVariantCalling.DragenHardFilterVcf:15:1]: executing: # make sure there is no preexisting Docker CID file
rm -f /mnt/nas1/projects/lasr/blendseq/warp-pipelines/warp-gatk-germline-single-sample-pipeline-master/cromwell-executions1/WholeGenomeGermlineSingleSample/d3b27253-def8-4fcc-8159-f1f8d49265cf/call-BamToGvcf/VariantCalling/17899b18-eba4-4779-b361-f95638baf358/call-DragenHardFilterVcf/shard-15/execution/docker_cid
# run as in the original configuration without --rm flag (will remove later)
docker run \
  --cidfile /mnt/nas1/projects/lasr/blendseq/warp-pipelines/warp-gatk-germline-single-sample-pipeline-master/cromwell-executions1/WholeGenomeGermlineSingleSample/d3b27253-def8-4fcc-8159-f1f8d49265cf/call-BamToGvcf/VariantCalling/17899b18-eba4-4779-b361-f95638baf358/call-DragenHardFilterVcf/shard-15/execution/docker_cid \
  -i \
  --user 1027:1028 \
  --cpus="64" \
  --memory="409600m" \
  --entrypoint /bin/bash \
  -v /mnt/nas1/projects/lasr/blendseq/warp-pipelines/warp-gatk-germline-single-sample-pipeline-master/cromwell-executions1/WholeGenomeGermlineSingleSample/d3b27253-def8-4fcc-8159-f1f8d49265cf/call-BamToGvcf/VariantCalling/17899b18-eba4-4779-b361-f95638baf358/call-DragenHardFilterVcf/shard-15:/cromwell-executions1/WholeGenomeGermlineSingleSample/d3b27253-def8-4fcc-8159-f1f8d49265cf/call-BamToGvcf/VariantCalling/17899b18-eba4-4779-b361-f95638baf358/call-DragenHardFilterVcf/shard-15 \
  -v /mnt/nas1/projects/lasr/blendseq:/mnt/nas1/projects/lasr/blendseq \
  us.gcr.io/broad-gatk/gatk@sha256:c88912855b845bd40c6b4bc8f3dd1d4b333ed2549cd3e8386987ee7c0c284f5a /cromwell-executions1/WholeGenomeGermlineSingleSample/d3b27253-def8-4fcc-8159-f1f8d49265cf/call-BamToGvcf/VariantCalling/17899b18-eba4-4779-b361-f95638baf358/call-DragenHardFilterVcf/shard-15/execution/script

# get the return code (working even if the container was detached)
rc=$(docker wait [38;5;5mcat /mnt/nas1/projects/lasr/blendseq/warp-pipelines/warp-gatk-germline-single-sample-pipeline-master/cromwell-executions1/WholeGenomeGermlineSingleSample/d3b27253-def8-4fcc-8159-f1f8d49265cf/call-BamToGvcf/VariantCalling/17899b18-eba4-4779-b361-f95638baf358/call-DragenHardFilterVcf/shard-15/execution/docker_cid[0m)

# remove the container after waiting
docker rm [38;5;5mcat /mnt/nas1/projects/lasr/blendseq/warp-pipelines/warp-gatk-germline-single-sample-pipeline-master/cromwell-executions1/WholeGenomeGermlineSingleSample/d3b27253-def8-4fcc-8159-f1f8d49265cf/call-BamToGvcf/VariantCalling/17899b18-eba4-4779-b361-f95638baf358/call-DragenHardFilterVcf/shard-15/execution/docker_cid[0m

# return exit code
exit $rc
[2026-04-09 21:11:21,07] [info] BackgroundConfigAsyncJobExecutionActor [[38;5;2m17899b18[0mVariantCalling.DragenHardFilterVcf:15:1]: job id: 798984
[2026-04-09 21:11:21,07] [info] BackgroundConfigAsyncJobExecutionActor [[38;5;2m17899b18[0mVariantCalling.DragenHardFilterVcf:15:1]: Status change from - to WaitingForReturnCode
[2026-04-09 21:11:30,55] [info] BackgroundConfigAsyncJobExecutionActor [[38;5;2m17899b18[0mVariantCalling.DragenHardFilterVcf:15:1]: Status change from WaitingForReturnCode to Done
[2026-04-09 21:11:36,18] [info] Assigned new job execution tokens to the following groups: d3b27253: 1
[2026-04-09 21:11:36,19] [[38;5;220mwarn[0m] BackgroundConfigAsyncJobExecutionActor [[38;5;2m17899b18[0mVariantCalling.DragenHardFilterVcf:10:1]: Unrecognized runtime attribute keys: preemptible, bootDiskSizeGb, disks, memory
[2026-04-09 21:11:36,40] [info] BackgroundConfigAsyncJobExecutionActor [[38;5;2m17899b18[0mVariantCalling.DragenHardFilterVcf:10:1]: [38;5;5mgatk --java-options "-Xms300g -Xmx300g" \
 VariantFiltration \
 -V /cromwell-executions1/WholeGenomeGermlineSingleSample/d3b27253-def8-4fcc-8159-f1f8d49265cf/call-BamToGvcf/VariantCalling/17899b18-eba4-4779-b361-f95638baf358/call-DragenHardFilterVcf/shard-10/inputs/1677847775/ERR3684866_ILMN.g.vcf.gz \
 --filter-expression "QUAL < 10.4139" \
 --filter-name "DRAGENHardQUAL" \
 -O ERR3684866_ILMN.hard-filtered.g.vcf.gz[0m
[2026-04-09 21:11:36,41] [info] BackgroundConfigAsyncJobExecutionActor [[38;5;2m17899b18[0mVariantCalling.DragenHardFilterVcf:10:1]: executing: # make sure there is no preexisting Docker CID file
rm -f /mnt/nas1/projects/lasr/blendseq/warp-pipelines/warp-gatk-germline-single-sample-pipeline-master/cromwell-executions1/WholeGenomeGermlineSingleSample/d3b27253-def8-4fcc-8159-f1f8d49265cf/call-BamToGvcf/VariantCalling/17899b18-eba4-4779-b361-f95638baf358/call-DragenHardFilterVcf/shard-10/execution/docker_cid
# run as in the original configuration without --rm flag (will remove later)
docker run \
  --cidfile /mnt/nas1/projects/lasr/blendseq/warp-pipelines/warp-gatk-germline-single-sample-pipeline-master/cromwell-executions1/WholeGenomeGermlineSingleSample/d3b27253-def8-4fcc-8159-f1f8d49265cf/call-BamToGvcf/VariantCalling/17899b18-eba4-4779-b361-f95638baf358/call-DragenHardFilterVcf/shard-10/execution/docker_cid \
  -i \
  --user 1027:1028 \
  --cpus="64" \
  --memory="409600m" \
  --entrypoint /bin/bash \
  -v /mnt/nas1/projects/lasr/blendseq/warp-pipelines/warp-gatk-germline-single-sample-pipeline-master/cromwell-executions1/WholeGenomeGermlineSingleSample/d3b27253-def8-4fcc-8159-f1f8d49265cf/call-BamToGvcf/VariantCalling/17899b18-eba4-4779-b361-f95638baf358/call-DragenHardFilterVcf/shard-10:/cromwell-executions1/WholeGenomeGermlineSingleSample/d3b27253-def8-4fcc-8159-f1f8d49265cf/call-BamToGvcf/VariantCalling/17899b18-eba4-4779-b361-f95638baf358/call-DragenHardFilterVcf/shard-10 \
  -v /mnt/nas1/projects/lasr/blendseq:/mnt/nas1/projects/lasr/blendseq \
  us.gcr.io/broad-gatk/gatk@sha256:c88912855b845bd40c6b4bc8f3dd1d4b333ed2549cd3e8386987ee7c0c284f5a /cromwell-executions1/WholeGenomeGermlineSingleSample/d3b27253-def8-4fcc-8159-f1f8d49265cf/call-BamToGvcf/VariantCalling/17899b18-eba4-4779-b361-f95638baf358/call-DragenHardFilterVcf/shard-10/execution/script

# get the return code (working even if the container was detached)
rc=$(docker wait [38;5;5mcat /mnt/nas1/projects/lasr/blendseq/warp-pipelines/warp-gatk-germline-single-sample-pipeline-master/cromwell-executions1/WholeGenomeGermlineSingleSample/d3b27253-def8-4fcc-8159-f1f8d49265cf/call-BamToGvcf/VariantCalling/17899b18-eba4-4779-b361-f95638baf358/call-DragenHardFilterVcf/shard-10/execution/docker_cid[0m)

# remove the container after waiting
docker rm [38;5;5mcat /mnt/nas1/projects/lasr/blendseq/warp-pipelines/warp-gatk-germline-single-sample-pipeline-master/cromwell-executions1/WholeGenomeGermlineSingleSample/d3b27253-def8-4fcc-8159-f1f8d49265cf/call-BamToGvcf/VariantCalling/17899b18-eba4-4779-b361-f95638baf358/call-DragenHardFilterVcf/shard-10/execution/docker_cid[0m

# return exit code
exit $rc
[2026-04-09 21:11:41,06] [info] BackgroundConfigAsyncJobExecutionActor [[38;5;2m17899b18[0mVariantCalling.DragenHardFilterVcf:10:1]: job id: 799360
[2026-04-09 21:11:41,07] [info] BackgroundConfigAsyncJobExecutionActor [[38;5;2m17899b18[0mVariantCalling.DragenHardFilterVcf:10:1]: Status change from - to WaitingForReturnCode
[2026-04-09 21:11:52,60] [info] BackgroundConfigAsyncJobExecutionActor [[38;5;2m17899b18[0mVariantCalling.DragenHardFilterVcf:10:1]: Status change from WaitingForReturnCode to Done
[2026-04-09 21:11:56,18] [info] Assigned new job execution tokens to the following groups: d3b27253: 1
[2026-04-09 21:11:56,19] [[38;5;220mwarn[0m] BackgroundConfigAsyncJobExecutionActor [[38;5;2m17899b18[0mVariantCalling.DragenHardFilterVcf:11:1]: Unrecognized runtime attribute keys: preemptible, bootDiskSizeGb, disks, memory
[2026-04-09 21:11:56,37] [info] BackgroundConfigAsyncJobExecutionActor [[38;5;2m17899b18[0mVariantCalling.DragenHardFilterVcf:11:1]: [38;5;5mgatk --java-options "-Xms300g -Xmx300g" \
 VariantFiltration \
 -V /cromwell-executions1/WholeGenomeGermlineSingleSample/d3b27253-def8-4fcc-8159-f1f8d49265cf/call-BamToGvcf/VariantCalling/17899b18-eba4-4779-b361-f95638baf358/call-DragenHardFilterVcf/shard-11/inputs/-119103584/ERR3684866_ILMN.g.vcf.gz \
 --filter-expression "QUAL < 10.4139" \
 --filter-name "DRAGENHardQUAL" \
 -O ERR3684866_ILMN.hard-filtered.g.vcf.gz[0m
[2026-04-09 21:11:56,38] [info] BackgroundConfigAsyncJobExecutionActor [[38;5;2m17899b18[0mVariantCalling.DragenHardFilterVcf:11:1]: executing: # make sure there is no preexisting Docker CID file
rm -f /mnt/nas1/projects/lasr/blendseq/warp-pipelines/warp-gatk-germline-single-sample-pipeline-master/cromwell-executions1/WholeGenomeGermlineSingleSample/d3b27253-def8-4fcc-8159-f1f8d49265cf/call-BamToGvcf/VariantCalling/17899b18-eba4-4779-b361-f95638baf358/call-DragenHardFilterVcf/shard-11/execution/docker_cid
# run as in the original configuration without --rm flag (will remove later)
docker run \
  --cidfile /mnt/nas1/projects/lasr/blendseq/warp-pipelines/warp-gatk-germline-single-sample-pipeline-master/cromwell-executions1/WholeGenomeGermlineSingleSample/d3b27253-def8-4fcc-8159-f1f8d49265cf/call-BamToGvcf/VariantCalling/17899b18-eba4-4779-b361-f95638baf358/call-DragenHardFilterVcf/shard-11/execution/docker_cid \
  -i \
  --user 1027:1028 \
  --cpus="64" \
  --memory="409600m" \
  --entrypoint /bin/bash \
  -v /mnt/nas1/projects/lasr/blendseq/warp-pipelines/warp-gatk-germline-single-sample-pipeline-master/cromwell-executions1/WholeGenomeGermlineSingleSample/d3b27253-def8-4fcc-8159-f1f8d49265cf/call-BamToGvcf/VariantCalling/17899b18-eba4-4779-b361-f95638baf358/call-DragenHardFilterVcf/shard-11:/cromwell-executions1/WholeGenomeGermlineSingleSample/d3b27253-def8-4fcc-8159-f1f8d49265cf/call-BamToGvcf/VariantCalling/17899b18-eba4-4779-b361-f95638baf358/call-DragenHardFilterVcf/shard-11 \
  -v /mnt/nas1/projects/lasr/blendseq:/mnt/nas1/projects/lasr/blendseq \
  us.gcr.io/broad-gatk/gatk@sha256:c88912855b845bd40c6b4bc8f3dd1d4b333ed2549cd3e8386987ee7c0c284f5a /cromwell-executions1/WholeGenomeGermlineSingleSample/d3b27253-def8-4fcc-8159-f1f8d49265cf/call-BamToGvcf/VariantCalling/17899b18-eba4-4779-b361-f95638baf358/call-DragenHardFilterVcf/shard-11/execution/script

# get the return code (working even if the container was detached)
rc=$(docker wait [38;5;5mcat /mnt/nas1/projects/lasr/blendseq/warp-pipelines/warp-gatk-germline-single-sample-pipeline-master/cromwell-executions1/WholeGenomeGermlineSingleSample/d3b27253-def8-4fcc-8159-f1f8d49265cf/call-BamToGvcf/VariantCalling/17899b18-eba4-4779-b361-f95638baf358/call-DragenHardFilterVcf/shard-11/execution/docker_cid[0m)

# remove the container after waiting
docker rm [38;5;5mcat /mnt/nas1/projects/lasr/blendseq/warp-pipelines/warp-gatk-germline-single-sample-pipeline-master/cromwell-executions1/WholeGenomeGermlineSingleSample/d3b27253-def8-4fcc-8159-f1f8d49265cf/call-BamToGvcf/VariantCalling/17899b18-eba4-4779-b361-f95638baf358/call-DragenHardFilterVcf/shard-11/execution/docker_cid[0m

# return exit code
exit $rc
[2026-04-09 21:12:01,07] [info] BackgroundConfigAsyncJobExecutionActor [[38;5;2m17899b18[0mVariantCalling.DragenHardFilterVcf:11:1]: job id: 799728
[2026-04-09 21:12:01,07] [info] BackgroundConfigAsyncJobExecutionActor [[38;5;2m17899b18[0mVariantCalling.DragenHardFilterVcf:11:1]: Status change from - to WaitingForReturnCode
[2026-04-09 21:12:10,00] [info] BackgroundConfigAsyncJobExecutionActor [[38;5;2m17899b18[0mVariantCalling.DragenHardFilterVcf:11:1]: Status change from WaitingForReturnCode to Done
[2026-04-09 21:12:16,18] [info] Assigned new job execution tokens to the following groups: d3b27253: 1
[2026-04-09 21:12:16,19] [[38;5;220mwarn[0m] BackgroundConfigAsyncJobExecutionActor [[38;5;2m17899b18[0mVariantCalling.DragenHardFilterVcf:47:1]: Unrecognized runtime attribute keys: preemptible, bootDiskSizeGb, disks, memory
[2026-04-09 21:12:16,36] [info] BackgroundConfigAsyncJobExecutionActor [[38;5;2m17899b18[0mVariantCalling.DragenHardFilterVcf:47:1]: [38;5;5mgatk --java-options "-Xms300g -Xmx300g" \
 VariantFiltration \
 -V /cromwell-executions1/WholeGenomeGermlineSingleSample/d3b27253-def8-4fcc-8159-f1f8d49265cf/call-BamToGvcf/VariantCalling/17899b18-eba4-4779-b361-f95638baf358/call-DragenHardFilterVcf/shard-47/inputs/-1923628989/ERR3684866_ILMN.g.vcf.gz \
 --filter-expression "QUAL < 10.4139" \
 --filter-name "DRAGENHardQUAL" \
 -O ERR3684866_ILMN.hard-filtered.g.vcf.gz[0m
[2026-04-09 21:12:16,37] [info] BackgroundConfigAsyncJobExecutionActor [[38;5;2m17899b18[0mVariantCalling.DragenHardFilterVcf:47:1]: executing: # make sure there is no preexisting Docker CID file
rm -f /mnt/nas1/projects/lasr/blendseq/warp-pipelines/warp-gatk-germline-single-sample-pipeline-master/cromwell-executions1/WholeGenomeGermlineSingleSample/d3b27253-def8-4fcc-8159-f1f8d49265cf/call-BamToGvcf/VariantCalling/17899b18-eba4-4779-b361-f95638baf358/call-DragenHardFilterVcf/shard-47/execution/docker_cid
# run as in the original configuration without --rm flag (will remove later)
docker run \
  --cidfile /mnt/nas1/projects/lasr/blendseq/warp-pipelines/warp-gatk-germline-single-sample-pipeline-master/cromwell-executions1/WholeGenomeGermlineSingleSample/d3b27253-def8-4fcc-8159-f1f8d49265cf/call-BamToGvcf/VariantCalling/17899b18-eba4-4779-b361-f95638baf358/call-DragenHardFilterVcf/shard-47/execution/docker_cid \
  -i \
  --user 1027:1028 \
  --cpus="64" \
  --memory="409600m" \
  --entrypoint /bin/bash \
  -v /mnt/nas1/projects/lasr/blendseq/warp-pipelines/warp-gatk-germline-single-sample-pipeline-master/cromwell-executions1/WholeGenomeGermlineSingleSample/d3b27253-def8-4fcc-8159-f1f8d49265cf/call-BamToGvcf/VariantCalling/17899b18-eba4-4779-b361-f95638baf358/call-DragenHardFilterVcf/shard-47:/cromwell-executions1/WholeGenomeGermlineSingleSample/d3b27253-def8-4fcc-8159-f1f8d49265cf/call-BamToGvcf/VariantCalling/17899b18-eba4-4779-b361-f95638baf358/call-DragenHardFilterVcf/shard-47 \
  -v /mnt/nas1/projects/lasr/blendseq:/mnt/nas1/projects/lasr/blendseq \
  us.gcr.io/broad-gatk/gatk@sha256:c88912855b845bd40c6b4bc8f3dd1d4b333ed2549cd3e8386987ee7c0c284f5a /cromwell-executions1/WholeGenomeGermlineSingleSample/d3b27253-def8-4fcc-8159-f1f8d49265cf/call-BamToGvcf/VariantCalling/17899b18-eba4-4779-b361-f95638baf358/call-DragenHardFilterVcf/shard-47/execution/script

# get the return code (working even if the container was detached)
rc=$(docker wait [38;5;5mcat /mnt/nas1/projects/lasr/blendseq/warp-pipelines/warp-gatk-germline-single-sample-pipeline-master/cromwell-executions1/WholeGenomeGermlineSingleSample/d3b27253-def8-4fcc-8159-f1f8d49265cf/call-BamToGvcf/VariantCalling/17899b18-eba4-4779-b361-f95638baf358/call-DragenHardFilterVcf/shard-47/execution/docker_cid[0m)

# remove the container after waiting
docker rm [38;5;5mcat /mnt/nas1/projects/lasr/blendseq/warp-pipelines/warp-gatk-germline-single-sample-pipeline-master/cromwell-executions1/WholeGenomeGermlineSingleSample/d3b27253-def8-4fcc-8159-f1f8d49265cf/call-BamToGvcf/VariantCalling/17899b18-eba4-4779-b361-f95638baf358/call-DragenHardFilterVcf/shard-47/execution/docker_cid[0m

# return exit code
exit $rc
[2026-04-09 21:12:21,06] [info] BackgroundConfigAsyncJobExecutionActor [[38;5;2m17899b18[0mVariantCalling.DragenHardFilterVcf:47:1]: job id: 800093
[2026-04-09 21:12:21,07] [info] BackgroundConfigAsyncJobExecutionActor [[38;5;2m17899b18[0mVariantCalling.DragenHardFilterVcf:47:1]: Status change from - to WaitingForReturnCode
[2026-04-09 21:12:31,30] [info] BackgroundConfigAsyncJobExecutionActor [[38;5;2m17899b18[0mVariantCalling.DragenHardFilterVcf:47:1]: Status change from WaitingForReturnCode to Done
[2026-04-09 21:12:36,18] [info] Assigned new job execution tokens to the following groups: d3b27253: 1
[2026-04-09 21:12:36,19] [[38;5;220mwarn[0m] BackgroundConfigAsyncJobExecutionActor [[38;5;2m17899b18[0mVariantCalling.DragenHardFilterVcf:12:1]: Unrecognized runtime attribute keys: preemptible, bootDiskSizeGb, disks, memory
[2026-04-09 21:12:36,38] [info] BackgroundConfigAsyncJobExecutionActor [[38;5;2m17899b18[0mVariantCalling.DragenHardFilterVcf:12:1]: [38;5;5mgatk --java-options "-Xms300g -Xmx300g" \
 VariantFiltration \
 -V /cromwell-executions1/WholeGenomeGermlineSingleSample/d3b27253-def8-4fcc-8159-f1f8d49265cf/call-BamToGvcf/VariantCalling/17899b18-eba4-4779-b361-f95638baf358/call-DragenHardFilterVcf/shard-12/inputs/-1916054943/ERR3684866_ILMN.g.vcf.gz \
 --filter-expression "QUAL < 10.4139" \
 --filter-name "DRAGENHardQUAL" \
 -O ERR3684866_ILMN.hard-filtered.g.vcf.gz[0m
[2026-04-09 21:12:36,38] [info] BackgroundConfigAsyncJobExecutionActor [[38;5;2m17899b18[0mVariantCalling.DragenHardFilterVcf:12:1]: executing: # make sure there is no preexisting Docker CID file
rm -f /mnt/nas1/projects/lasr/blendseq/warp-pipelines/warp-gatk-germline-single-sample-pipeline-master/cromwell-executions1/WholeGenomeGermlineSingleSample/d3b27253-def8-4fcc-8159-f1f8d49265cf/call-BamToGvcf/VariantCalling/17899b18-eba4-4779-b361-f95638baf358/call-DragenHardFilterVcf/shard-12/execution/docker_cid
# run as in the original configuration without --rm flag (will remove later)
docker run \
  --cidfile /mnt/nas1/projects/lasr/blendseq/warp-pipelines/warp-gatk-germline-single-sample-pipeline-master/cromwell-executions1/WholeGenomeGermlineSingleSample/d3b27253-def8-4fcc-8159-f1f8d49265cf/call-BamToGvcf/VariantCalling/17899b18-eba4-4779-b361-f95638baf358/call-DragenHardFilterVcf/shard-12/execution/docker_cid \
  -i \
  --user 1027:1028 \
  --cpus="64" \
  --memory="409600m" \
  --entrypoint /bin/bash \
  -v /mnt/nas1/projects/lasr/blendseq/warp-pipelines/warp-gatk-germline-single-sample-pipeline-master/cromwell-executions1/WholeGenomeGermlineSingleSample/d3b27253-def8-4fcc-8159-f1f8d49265cf/call-BamToGvcf/VariantCalling/17899b18-eba4-4779-b361-f95638baf358/call-DragenHardFilterVcf/shard-12:/cromwell-executions1/WholeGenomeGermlineSingleSample/d3b27253-def8-4fcc-8159-f1f8d49265cf/call-BamToGvcf/VariantCalling/17899b18-eba4-4779-b361-f95638baf358/call-DragenHardFilterVcf/shard-12 \
  -v /mnt/nas1/projects/lasr/blendseq:/mnt/nas1/projects/lasr/blendseq \
  us.gcr.io/broad-gatk/gatk@sha256:c88912855b845bd40c6b4bc8f3dd1d4b333ed2549cd3e8386987ee7c0c284f5a /cromwell-executions1/WholeGenomeGermlineSingleSample/d3b27253-def8-4fcc-8159-f1f8d49265cf/call-BamToGvcf/VariantCalling/17899b18-eba4-4779-b361-f95638baf358/call-DragenHardFilterVcf/shard-12/execution/script

# get the return code (working even if the container was detached)
rc=$(docker wait [38;5;5mcat /mnt/nas1/projects/lasr/blendseq/warp-pipelines/warp-gatk-germline-single-sample-pipeline-master/cromwell-executions1/WholeGenomeGermlineSingleSample/d3b27253-def8-4fcc-8159-f1f8d49265cf/call-BamToGvcf/VariantCalling/17899b18-eba4-4779-b361-f95638baf358/call-DragenHardFilterVcf/shard-12/execution/docker_cid[0m)

# remove the container after waiting
docker rm [38;5;5mcat /mnt/nas1/projects/lasr/blendseq/warp-pipelines/warp-gatk-germline-single-sample-pipeline-master/cromwell-executions1/WholeGenomeGermlineSingleSample/d3b27253-def8-4fcc-8159-f1f8d49265cf/call-BamToGvcf/VariantCalling/17899b18-eba4-4779-b361-f95638baf358/call-DragenHardFilterVcf/shard-12/execution/docker_cid[0m

# return exit code
exit $rc
[2026-04-09 21:12:41,06] [info] BackgroundConfigAsyncJobExecutionActor [[38;5;2m17899b18[0mVariantCalling.DragenHardFilterVcf:12:1]: job id: 800479
[2026-04-09 21:12:41,07] [info] BackgroundConfigAsyncJobExecutionActor [[38;5;2m17899b18[0mVariantCalling.DragenHardFilterVcf:12:1]: Status change from - to WaitingForReturnCode
[2026-04-09 21:12:51,39] [info] BackgroundConfigAsyncJobExecutionActor [[38;5;2m17899b18[0mVariantCalling.DragenHardFilterVcf:12:1]: Status change from WaitingForReturnCode to Done
[2026-04-09 21:12:56,99] [info] 17899b18-eba4-4779-b361-f95638baf358-SubWorkflowActor-SubWorkflow-BamToGvcf:-1:1 [[38;5;2m17899b18[0m]: Starting VariantCalling.MergeVCFs
[2026-04-09 21:13:06,18] [info] Assigned new job execution tokens to the following groups: d3b27253: 1
[2026-04-09 21:13:06,20] [[38;5;220mwarn[0m] BackgroundConfigAsyncJobExecutionActor [[38;5;2m17899b18[0mVariantCalling.MergeVCFs:NA:1]: Unrecognized runtime attribute keys: preemptible, disks, memory
[2026-04-09 21:13:16,33] [info] BackgroundConfigAsyncJobExecutionActor [[38;5;2m17899b18[0mVariantCalling.MergeVCFs:NA:1]: [38;5;5mjava -Xms300g -Xmx300g -jar /usr/picard/picard.jar \
  MergeVcfs \
  INPUT=/cromwell-executions1/WholeGenomeGermlineSingleSample/d3b27253-def8-4fcc-8159-f1f8d49265cf/call-BamToGvcf/VariantCalling/17899b18-eba4-4779-b361-f95638baf358/call-MergeVCFs/inputs/-1394974383/ERR3684866_ILMN.hard-filtered.g.vcf.gz INPUT=/cromwell-executions1/WholeGenomeGermlineSingleSample/d3b27253-def8-4fcc-8159-f1f8d49265cf/call-BamToGvcf/VariantCalling/17899b18-eba4-4779-b361-f95638baf358/call-MergeVCFs/inputs/1103041554/ERR3684866_ILMN.hard-filtered.g.vcf.gz INPUT=/cromwell-executions1/WholeGenomeGermlineSingleSample/d3b27253-def8-4fcc-8159-f1f8d49265cf/call-BamToGvcf/VariantCalling/17899b18-eba4-4779-b361-f95638baf358/call-MergeVCFs/inputs/-693909805/ERR3684866_ILMN.hard-filtered.g.vcf.gz INPUT=/cromwell-executions1/WholeGenomeGermlineSingleSample/d3b27253-def8-4fcc-8159-f1f8d49265cf/call-BamToGvcf/VariantCalling/17899b18-eba4-4779-b361-f95638baf358/call-MergeVCFs/inputs/1804106132/ERR3684866_ILMN.hard-filtered.g.vcf.gz INPUT=/cromwell-executions1/WholeGenomeGermlineSingleSample/d3b27253-def8-4fcc-8159-f1f8d49265cf/call-BamToGvcf/VariantCalling/17899b18-eba4-4779-b361-f95638baf358/call-MergeVCFs/inputs/7154773/ERR3684866_ILMN.hard-filtered.g.vcf.gz INPUT=/cromwell-executions1/WholeGenomeGermlineSingleSample/d3b27253-def8-4fcc-8159-f1f8d49265cf/call-BamToGvcf/VariantCalling/17899b18-eba4-4779-b361-f95638baf358/call-MergeVCFs/inputs/-1789796586/ERR3684866_ILMN.hard-filtered.g.vcf.gz INPUT=/cromwell-executions1/WholeGenomeGermlineSingleSample/d3b27253-def8-4fcc-8159-f1f8d49265cf/call-BamToGvcf/VariantCalling/17899b18-eba4-4779-b361-f95638baf358/call-MergeVCFs/inputs/708219351/ERR3684866_ILMN.hard-filtered.g.vcf.gz INPUT=/cromwell-executions1/WholeGenomeGermlineSingleSample/d3b27253-def8-4fcc-8159-f1f8d49265cf/call-BamToGvcf/VariantCalling/17899b18-eba4-4779-b361-f95638baf358/call-MergeVCFs/inputs/-1088732008/ERR3684866_ILMN.hard-filtered.g.vcf.gz INPUT=/cromwell-executions1/WholeGenomeGermlineSingleSample/d3b27253-def8-4fcc-8159-f1f8d49265cf/call-BamToGvcf/VariantCalling/17899b18-eba4-4779-b361-f95638baf358/call-MergeVCFs/inputs/1409283929/ERR3684866_ILMN.hard-filtered.g.vcf.gz INPUT=/cromwell-executions1/WholeGenomeGermlineSingleSample/d3b27253-def8-4fcc-8159-f1f8d49265cf/call-BamToGvcf/VariantCalling/17899b18-eba4-4779-b361-f95638baf358/call-MergeVCFs/inputs/-387667430/ERR3684866_ILMN.hard-filtered.g.vcf.gz INPUT=/cromwell-executions1/WholeGenomeGermlineSingleSample/d3b27253-def8-4fcc-8159-f1f8d49265cf/call-BamToGvcf/VariantCalling/17899b18-eba4-4779-b361-f95638baf358/call-MergeVCFs/inputs/55875792/ERR3684866_ILMN.hard-filtered.g.vcf.gz INPUT=/cromwell-executions1/WholeGenomeGermlineSingleSample/d3b27253-def8-4fcc-8159-f1f8d49265cf/call-BamToGvcf/VariantCalling/17899b18-eba4-4779-b361-f95638baf358/call-MergeVCFs/inputs/-1741075567/ERR3684866_ILMN.hard-filtered.g.vcf.gz INPUT=/cromwell-executions1/WholeGenomeGermlineSingleSample/d3b27253-def8-4fcc-8159-f1f8d49265cf/call-BamToGvcf/VariantCalling/17899b18-eba4-4779-b361-f95638baf358/call-MergeVCFs/inputs/756940370/ERR3684866_ILMN.hard-filtered.g.vcf.gz INPUT=/cromwell-executions1/WholeGenomeGermlineSingleSample/d3b27253-def8-4fcc-8159-f1f8d49265cf/call-BamToGvcf/VariantCalling/17899b18-eba4-4779-b361-f95638baf358/call-MergeVCFs/inputs/-1040010989/ERR3684866_ILMN.hard-filtered.g.vcf.gz INPUT=/cromwell-executions1/WholeGenomeGermlineSingleSample/d3b27253-def8-4fcc-8159-f1f8d49265cf/call-BamToGvcf/VariantCalling/17899b18-eba4-4779-b361-f95638baf358/call-MergeVCFs/inputs/1458004948/ERR3684866_ILMN.hard-filtered.g.vcf.gz INPUT=/cromwell-executions1/WholeGenomeGermlineSingleSample/d3b27253-def8-4fcc-8159-f1f8d49265cf/call-BamToGvcf/VariantCalling/17899b18-eba4-4779-b361-f95638baf358/call-MergeVCFs/inputs/-338946411/ERR3684866_ILMN.hard-filtered.g.vcf.gz INPUT=/cromwell-executions1/WholeGenomeGermlineSingleSample/d3b27253-def8-4fcc-8159-f1f8d49265cf/call-BamToGvcf/VariantCalling/17899b18-eba4-4779-b361-f95638baf358/call-MergeVCFs/inputs/-2135897770/ERR3684866_ILMN.hard-filtered.g.vcf.gz INPUT=/cromwell-executions1/WholeGenomeGermlineSingleSample/d3b27253-def8-4fcc-8159-f1f8d49265cf/call-BamToGvcf/VariantCalling/17899b18-eba4-4779-b361-f95638baf358/call-MergeVCFs/inputs/362118167/ERR3684866_ILMN.hard-filtered.g.vcf.gz INPUT=/cromwell-executions1/WholeGenomeGermlineSingleSample/d3b27253-def8-4fcc-8159-f1f8d49265cf/call-BamToGvcf/VariantCalling/17899b18-eba4-4779-b361-f95638baf358/call-MergeVCFs/inputs/-1434833192/ERR3684866_ILMN.hard-filtered.g.vcf.gz INPUT=/cromwell-executions1/WholeGenomeGermlineSingleSample/d3b27253-def8-4fcc-8159-f1f8d49265cf/call-BamToGvcf/VariantCalling/17899b18-eba4-4779-b361-f95638baf358/call-MergeVCFs/inputs/1063182745/ERR3684866_ILMN.hard-filtered.g.vcf.gz INPUT=/cromwell-executions1/WholeGenomeGermlineSingleSample/d3b27253-def8-4fcc-8159-f1f8d49265cf/call-BamToGvcf/VariantCalling/17899b18-eba4-4779-b361-f95638baf358/call-MergeVCFs/inputs/184958511/ERR3684866_ILMN.hard-filtered.g.vcf.gz INPUT=/cromwell-executions1/WholeGenomeGermlineSingleSample/d3b27253-def8-4fcc-8159-f1f8d49265cf/call-BamToGvcf/VariantCalling/17899b18-eba4-4779-b361-f95638baf358/call-MergeVCFs/inputs/-1611992848/ERR3684866_ILMN.hard-filtered.g.vcf.gz INPUT=/cromwell-executions1/WholeGenomeGermlineSingleSample/d3b27253-def8-4fcc-8159-f1f8d49265cf/call-BamToGvcf/VariantCalling/17899b18-eba4-4779-b361-f95638baf358/call-MergeVCFs/inputs/886023089/ERR3684866_ILMN.hard-filtered.g.vcf.gz INPUT=/cromwell-executions1/WholeGenomeGermlineSingleSample/d3b27253-def8-4fcc-8159-f1f8d49265cf/call-BamToGvcf/VariantCalling/17899b18-eba4-4779-b361-f95638baf358/call-MergeVCFs/inputs/-910928270/ERR3684866_ILMN.hard-filtered.g.vcf.gz INPUT=/cromwell-executions1/WholeGenomeGermlineSingleSample/d3b27253-def8-4fcc-8159-f1f8d49265cf/call-BamToGvcf/VariantCalling/17899b18-eba4-4779-b361-f95638baf358/call-MergeVCFs/inputs/1587087667/ERR3684866_ILMN.hard-filtered.g.vcf.gz INPUT=/cromwell-executions1/WholeGenomeGermlineSingleSample/d3b27253-def8-4fcc-8159-f1f8d49265cf/call-BamToGvcf/VariantCalling/17899b18-eba4-4779-b361-f95638baf358/call-MergeVCFs/inputs/-209863692/ERR3684866_ILMN.hard-filtered.g.vcf.gz INPUT=/cromwell-executions1/WholeGenomeGermlineSingleSample/d3b27253-def8-4fcc-8159-f1f8d49265cf/call-BamToGvcf/VariantCalling/17899b18-eba4-4779-b361-f95638baf358/call-MergeVCFs/inputs/-2006815051/ERR3684866_ILMN.hard-filtered.g.vcf.gz INPUT=/cromwell-executions1/WholeGenomeGermlineSingleSample/d3b27253-def8-4fcc-8159-f1f8d49265cf/call-BamToGvcf/VariantCalling/17899b18-eba4-4779-b361-f95638baf358/call-MergeVCFs/inputs/491200886/ERR3684866_ILMN.hard-filtered.g.vcf.gz INPUT=/cromwell-executions1/WholeGenomeGermlineSingleSample/d3b27253-def8-4fcc-8159-f1f8d49265cf/call-BamToGvcf/VariantCalling/17899b18-eba4-4779-b361-f95638baf358/call-MergeVCFs/inputs/-1305750473/ERR3684866_ILMN.hard-filtered.g.vcf.gz INPUT=/cromwell-executions1/WholeGenomeGermlineSingleSample/d3b27253-def8-4fcc-8159-f1f8d49265cf/call-BamToGvcf/VariantCalling/17899b18-eba4-4779-b361-f95638baf358/call-MergeVCFs/inputs/1192265464/ERR3684866_ILMN.hard-filtered.g.vcf.gz INPUT=/cromwell-executions1/WholeGenomeGermlineSingleSample/d3b27253-def8-4fcc-8159-f1f8d49265cf/call-BamToGvcf/VariantCalling/17899b18-eba4-4779-b361-f95638baf358/call-MergeVCFs/inputs/314041230/ERR3684866_ILMN.hard-filtered.g.vcf.gz INPUT=/cromwell-executions1/WholeGenomeGermlineSingleSample/d3b27253-def8-4fcc-8159-f1f8d49265cf/call-BamToGvcf/VariantCalling/17899b18-eba4-4779-b361-f95638baf358/call-MergeVCFs/inputs/-1482910129/ERR3684866_ILMN.hard-filtered.g.vcf.gz INPUT=/cromwell-executions1/WholeGenomeGermlineSingleSample/d3b27253-def8-4fcc-8159-f1f8d49265cf/call-BamToGvcf/VariantCalling/17899b18-eba4-4779-b361-f95638baf358/call-MergeVCFs/inputs/1015105808/ERR3684866_ILMN.hard-filtered.g.vcf.gz INPUT=/cromwell-executions1/WholeGenomeGermlineSingleSample/d3b27253-def8-4fcc-8159-f1f8d49265cf/call-BamToGvcf/VariantCalling/17899b18-eba4-4779-b361-f95638baf358/call-MergeVCFs/inputs/-781845551/ERR3684866_ILMN.hard-filtered.g.vcf.gz INPUT=/cromwell-executions1/WholeGenomeGermlineSingleSample/d3b27253-def8-4fcc-8159-f1f8d49265cf/call-BamToGvcf/VariantCalling/17899b18-eba4-4779-b361-f95638baf358/call-MergeVCFs/inputs/1716170386/ERR3684866_ILMN.hard-filtered.g.vcf.gz INPUT=/cromwell-executions1/WholeGenomeGermlineSingleSample/d3b27253-def8-4fcc-8159-f1f8d49265cf/call-BamToGvcf/VariantCalling/17899b18-eba4-4779-b361-f95638baf358/call-MergeVCFs/inputs/-80780973/ERR3684866_ILMN.hard-filtered.g.vcf.gz INPUT=/cromwell-executions1/WholeGenomeGermlineSingleSample/d3b27253-def8-4fcc-8159-f1f8d49265cf/call-BamToGvcf/VariantCalling/17899b18-eba4-4779-b361-f95638baf358/call-MergeVCFs/inputs/-1877732332/ERR3684866_ILMN.hard-filtered.g.vcf.gz INPUT=/cromwell-executions1/WholeGenomeGermlineSingleSample/d3b27253-def8-4fcc-8159-f1f8d49265cf/call-BamToGvcf/VariantCalling/17899b18-eba4-4779-b361-f95638baf358/call-MergeVCFs/inputs/620283605/ERR3684866_ILMN.hard-filtered.g.vcf.gz INPUT=/cromwell-executions1/WholeGenomeGermlineSingleSample/d3b27253-def8-4fcc-8159-f1f8d49265cf/call-BamToGvcf/VariantCalling/17899b18-eba4-4779-b361-f95638baf358/call-MergeVCFs/inputs/-1176667754/ERR3684866_ILMN.hard-filtered.g.vcf.gz INPUT=/cromwell-executions1/WholeGenomeGermlineSingleSample/d3b27253-def8-4fcc-8159-f1f8d49265cf/call-BamToGvcf/VariantCalling/17899b18-eba4-4779-b361-f95638baf358/call-MergeVCFs/inputs/1321348183/ERR3684866_ILMN.hard-filtered.g.vcf.gz INPUT=/cromwell-executions1/WholeGenomeGermlineSingleSample/d3b27253-def8-4fcc-8159-f1f8d49265cf/call-BamToGvcf/VariantCalling/17899b18-eba4-4779-b361-f95638baf358/call-MergeVCFs/inputs/443123949/ERR3684866_ILMN.hard-filtered.g.vcf.gz INPUT=/cromwell-executions1/WholeGenomeGermlineSingleSample/d3b27253-def8-4fcc-8159-f1f8d49265cf/call-BamToGvcf/VariantCalling/17899b18-eba4-4779-b361-f95638baf358/call-MergeVCFs/inputs/-1353827410/ERR3684866_ILMN.hard-filtered.g.vcf.gz INPUT=/cromwell-executions1/WholeGenomeGermlineSingleSample/d3b27253-def8-4fcc-8159-f1f8d49265cf/call-BamToGvcf/VariantCalling/17899b18-eba4-4779-b361-f95638baf358/call-MergeVCFs/inputs/1144188527/ERR3684866_ILMN.hard-filtered.g.vcf.gz INPUT=/cromwell-executions1/WholeGenomeGermlineSingleSample/d3b27253-def8-4fcc-8159-f1f8d49265cf/call-BamToGvcf/VariantCalling/17899b18-eba4-4779-b361-f95638baf358/call-MergeVCFs/inputs/-652762832/ERR3684866_ILMN.hard-filtered.g.vcf.gz INPUT=/cromwell-executions1/WholeGenomeGermlineSingleSample/d3b27253-def8-4fcc-8159-f1f8d49265cf/call-BamToGvcf/VariantCalling/17899b18-eba4-4779-b361-f95638baf358/call-MergeVCFs/inputs/1845253105/ERR3684866_ILMN.hard-filtered.g.vcf.gz INPUT=/cromwell-executions1/WholeGenomeGermlineSingleSample/d3b27253-def8-4fcc-8159-f1f8d49265cf/call-BamToGvcf/VariantCalling/17899b18-eba4-4779-b361-f95638baf358/call-MergeVCFs/inputs/48301746/ERR3684866_ILMN.hard-filtered.g.vcf.gz INPUT=/cromwell-executions1/WholeGenomeGermlineSingleSample/d3b27253-def8-4fcc-8159-f1f8d49265cf/call-BamToGvcf/VariantCalling/17899b18-eba4-4779-b361-f95638baf358/call-MergeVCFs/inputs/-1748649613/ERR3684866_ILMN.hard-filtered.g.vcf.gz INPUT=/cromwell-executions1/WholeGenomeGermlineSingleSample/d3b27253-def8-4fcc-8159-f1f8d49265cf/call-BamToGvcf/VariantCalling/17899b18-eba4-4779-b361-f95638baf358/call-MergeVCFs/inputs/749366324/ERR3684866_ILMN.hard-filtered.g.vcf.gz INPUT=/cromwell-executions1/WholeGenomeGermlineSingleSample/d3b27253-def8-4fcc-8159-f1f8d49265cf/call-BamToGvcf/VariantCalling/17899b18-eba4-4779-b361-f95638baf358/call-MergeVCFs/inputs/-1047585035/ERR3684866_ILMN.hard-filtered.g.vcf.gz INPUT=/cromwell-executions1/WholeGenomeGermlineSingleSample/d3b27253-def8-4fcc-8159-f1f8d49265cf/call-BamToGvcf/VariantCalling/17899b18-eba4-4779-b361-f95638baf358/call-MergeVCFs/inputs/1450430902/ERR3684866_ILMN.hard-filtered.g.vcf.gz \
  OUTPUT=ERR3684866_ILMN_gvcf_run23.hard-filtered.g.vcf.gz[0m
[2026-04-09 21:13:16,34] [info] BackgroundConfigAsyncJobExecutionActor [[38;5;2m17899b18[0mVariantCalling.MergeVCFs:NA:1]: executing: # make sure there is no preexisting Docker CID file
rm -f /mnt/nas1/projects/lasr/blendseq/warp-pipelines/warp-gatk-germline-single-sample-pipeline-master/cromwell-executions1/WholeGenomeGermlineSingleSample/d3b27253-def8-4fcc-8159-f1f8d49265cf/call-BamToGvcf/VariantCalling/17899b18-eba4-4779-b361-f95638baf358/call-MergeVCFs/execution/docker_cid
# run as in the original configuration without --rm flag (will remove later)
docker run \
  --cidfile /mnt/nas1/projects/lasr/blendseq/warp-pipelines/warp-gatk-germline-single-sample-pipeline-master/cromwell-executions1/WholeGenomeGermlineSingleSample/d3b27253-def8-4fcc-8159-f1f8d49265cf/call-BamToGvcf/VariantCalling/17899b18-eba4-4779-b361-f95638baf358/call-MergeVCFs/execution/docker_cid \
  -i \
  --user 1027:1028 \
  --cpus="64" \
  --memory="409600m" \
  --entrypoint /bin/bash \
  -v /mnt/nas1/projects/lasr/blendseq/warp-pipelines/warp-gatk-germline-single-sample-pipeline-master/cromwell-executions1/WholeGenomeGermlineSingleSample/d3b27253-def8-4fcc-8159-f1f8d49265cf/call-BamToGvcf/VariantCalling/17899b18-eba4-4779-b361-f95638baf358/call-MergeVCFs:/cromwell-executions1/WholeGenomeGermlineSingleSample/d3b27253-def8-4fcc-8159-f1f8d49265cf/call-BamToGvcf/VariantCalling/17899b18-eba4-4779-b361-f95638baf358/call-MergeVCFs \
  -v /mnt/nas1/projects/lasr/blendseq:/mnt/nas1/projects/lasr/blendseq \
  us.gcr.io/broad-gotc-prod/picard-cloud@sha256:e5ad5339080c3107c04e4a4d000b8ab06f472b77019debc3ff75499d28995b0c /cromwell-executions1/WholeGenomeGermlineSingleSample/d3b27253-def8-4fcc-8159-f1f8d49265cf/call-BamToGvcf/VariantCalling/17899b18-eba4-4779-b361-f95638baf358/call-MergeVCFs/execution/script

# get the return code (working even if the container was detached)
rc=$(docker wait [38;5;5mcat /mnt/nas1/projects/lasr/blendseq/warp-pipelines/warp-gatk-germline-single-sample-pipeline-master/cromwell-executions1/WholeGenomeGermlineSingleSample/d3b27253-def8-4fcc-8159-f1f8d49265cf/call-BamToGvcf/VariantCalling/17899b18-eba4-4779-b361-f95638baf358/call-MergeVCFs/execution/docker_cid[0m)

# remove the container after waiting
docker rm [38;5;5mcat /mnt/nas1/projects/lasr/blendseq/warp-pipelines/warp-gatk-germline-single-sample-pipeline-master/cromwell-executions1/WholeGenomeGermlineSingleSample/d3b27253-def8-4fcc-8159-f1f8d49265cf/call-BamToGvcf/VariantCalling/17899b18-eba4-4779-b361-f95638baf358/call-MergeVCFs/execution/docker_cid[0m

# return exit code
exit $rc
[2026-04-09 21:13:21,07] [info] BackgroundConfigAsyncJobExecutionActor [[38;5;2m17899b18[0mVariantCalling.MergeVCFs:NA:1]: job id: 800858
[2026-04-09 21:13:21,07] [info] BackgroundConfigAsyncJobExecutionActor [[38;5;2m17899b18[0mVariantCalling.MergeVCFs:NA:1]: Status change from - to WaitingForReturnCode
[2026-04-09 21:22:18,79] [info] BackgroundConfigAsyncJobExecutionActor [[38;5;2m17899b18[0mVariantCalling.MergeVCFs:NA:1]: Status change from WaitingForReturnCode to Done
[2026-04-09 21:22:20,05] [info] 17899b18-eba4-4779-b361-f95638baf358-SubWorkflowActor-SubWorkflow-BamToGvcf:-1:1 [[38;5;2m17899b18[0m]: Starting VariantCalling.Reblock
[2026-04-09 21:22:26,18] [info] Assigned new job execution tokens to the following groups: d3b27253: 1
[2026-04-09 21:22:26,19] [[38;5;220mwarn[0m] BackgroundConfigAsyncJobExecutionActor [[38;5;2m17899b18[0mVariantCalling.Reblock:NA:1]: Unrecognized runtime attribute keys: preemptible, bootDiskSizeGb, disks, memory
[2026-04-09 21:22:30,66] [info] BackgroundConfigAsyncJobExecutionActor [[38;5;2m17899b18[0mVariantCalling.Reblock:NA:1]: [38;5;5mset -e 

# We can't always assume the index was located with the gvcf, so make a link so that the paths look the same
# Use bash basename instead of WDL to support DRS: https://support.terra.bio/hc/en-us/community/posts/4405396480027
ln -s /cromwell-executions1/WholeGenomeGermlineSingleSample/d3b27253-def8-4fcc-8159-f1f8d49265cf/call-BamToGvcf/VariantCalling/17899b18-eba4-4779-b361-f95638baf358/call-Reblock/inputs/253721144/ERR3684866_ILMN_gvcf_run23.hard-filtered.g.vcf.gz $(basename /cromwell-executions1/WholeGenomeGermlineSingleSample/d3b27253-def8-4fcc-8159-f1f8d49265cf/call-BamToGvcf/VariantCalling/17899b18-eba4-4779-b361-f95638baf358/call-Reblock/inputs/253721144/ERR3684866_ILMN_gvcf_run23.hard-filtered.g.vcf.gz)
ln -s /cromwell-executions1/WholeGenomeGermlineSingleSample/d3b27253-def8-4fcc-8159-f1f8d49265cf/call-BamToGvcf/VariantCalling/17899b18-eba4-4779-b361-f95638baf358/call-Reblock/inputs/253721144/ERR3684866_ILMN_gvcf_run23.hard-filtered.g.vcf.gz.tbi $(basename /cromwell-executions1/WholeGenomeGermlineSingleSample/d3b27253-def8-4fcc-8159-f1f8d49265cf/call-BamToGvcf/VariantCalling/17899b18-eba4-4779-b361-f95638baf358/call-Reblock/inputs/253721144/ERR3684866_ILMN_gvcf_run23.hard-filtered.g.vcf.gz.tbi)

gatk --java-options "-Xms300g -Xmx300g" \
  ReblockGVCF \
  -R /cromwell-executions1/WholeGenomeGermlineSingleSample/d3b27253-def8-4fcc-8159-f1f8d49265cf/call-BamToGvcf/VariantCalling/17899b18-eba4-4779-b361-f95638baf358/call-Reblock/inputs/-1569105944/Homo_sapiens_assembly38_masked.fasta \
  -V $(basename /cromwell-executions1/WholeGenomeGermlineSingleSample/d3b27253-def8-4fcc-8159-f1f8d49265cf/call-BamToGvcf/VariantCalling/17899b18-eba4-4779-b361-f95638baf358/call-Reblock/inputs/253721144/ERR3684866_ILMN_gvcf_run23.hard-filtered.g.vcf.gz) \
  -do-qual-approx \
  --floor-blocks -GQB 20 -GQB 30 -GQB 40 \
   \
   \
   \
   \
  -O ERR3684866_ILMN_gvcf_run23.hard-filtered.rb.g.vcf.gz[0m
[2026-04-09 21:22:30,70] [info] BackgroundConfigAsyncJobExecutionActor [[38;5;2m17899b18[0mVariantCalling.Reblock:NA:1]: executing: # make sure there is no preexisting Docker CID file
rm -f /mnt/nas1/projects/lasr/blendseq/warp-pipelines/warp-gatk-germline-single-sample-pipeline-master/cromwell-executions1/WholeGenomeGermlineSingleSample/d3b27253-def8-4fcc-8159-f1f8d49265cf/call-BamToGvcf/VariantCalling/17899b18-eba4-4779-b361-f95638baf358/call-Reblock/execution/docker_cid
# run as in the original configuration without --rm flag (will remove later)
docker run \
  --cidfile /mnt/nas1/projects/lasr/blendseq/warp-pipelines/warp-gatk-germline-single-sample-pipeline-master/cromwell-executions1/WholeGenomeGermlineSingleSample/d3b27253-def8-4fcc-8159-f1f8d49265cf/call-BamToGvcf/VariantCalling/17899b18-eba4-4779-b361-f95638baf358/call-Reblock/execution/docker_cid \
  -i \
  --user 1027:1028 \
  --cpus="64" \
  --memory="409600m" \
  --entrypoint /bin/bash \
  -v /mnt/nas1/projects/lasr/blendseq/warp-pipelines/warp-gatk-germline-single-sample-pipeline-master/cromwell-executions1/WholeGenomeGermlineSingleSample/d3b27253-def8-4fcc-8159-f1f8d49265cf/call-BamToGvcf/VariantCalling/17899b18-eba4-4779-b361-f95638baf358/call-Reblock:/cromwell-executions1/WholeGenomeGermlineSingleSample/d3b27253-def8-4fcc-8159-f1f8d49265cf/call-BamToGvcf/VariantCalling/17899b18-eba4-4779-b361-f95638baf358/call-Reblock \
  -v /mnt/nas1/projects/lasr/blendseq:/mnt/nas1/projects/lasr/blendseq \
  us.gcr.io/broad-gatk/gatk@sha256:c88912855b845bd40c6b4bc8f3dd1d4b333ed2549cd3e8386987ee7c0c284f5a /cromwell-executions1/WholeGenomeGermlineSingleSample/d3b27253-def8-4fcc-8159-f1f8d49265cf/call-BamToGvcf/VariantCalling/17899b18-eba4-4779-b361-f95638baf358/call-Reblock/execution/script

# get the return code (working even if the container was detached)
rc=$(docker wait [38;5;5mcat /mnt/nas1/projects/lasr/blendseq/warp-pipelines/warp-gatk-germline-single-sample-pipeline-master/cromwell-executions1/WholeGenomeGermlineSingleSample/d3b27253-def8-4fcc-8159-f1f8d49265cf/call-BamToGvcf/VariantCalling/17899b18-eba4-4779-b361-f95638baf358/call-Reblock/execution/docker_cid[0m)

# remove the container after waiting
docker rm [38;5;5mcat /mnt/nas1/projects/lasr/blendseq/warp-pipelines/warp-gatk-germline-single-sample-pipeline-master/cromwell-executions1/WholeGenomeGermlineSingleSample/d3b27253-def8-4fcc-8159-f1f8d49265cf/call-BamToGvcf/VariantCalling/17899b18-eba4-4779-b361-f95638baf358/call-Reblock/execution/docker_cid[0m

# return exit code
exit $rc
[2026-04-09 21:22:31,06] [info] BackgroundConfigAsyncJobExecutionActor [[38;5;2m17899b18[0mVariantCalling.Reblock:NA:1]: job id: 801322
[2026-04-09 21:22:31,07] [info] BackgroundConfigAsyncJobExecutionActor [[38;5;2m17899b18[0mVariantCalling.Reblock:NA:1]: Status change from - to WaitingForReturnCode
[2026-04-09 21:41:26,01] [info] BackgroundConfigAsyncJobExecutionActor [[38;5;2m17899b18[0mVariantCalling.Reblock:NA:1]: Status change from WaitingForReturnCode to Done
[2026-04-09 21:41:28,60] [info] 17899b18-eba4-4779-b361-f95638baf358-SubWorkflowActor-SubWorkflow-BamToGvcf:-1:1 [[38;5;2m17899b18[0m]: Starting VariantCalling.CollectVariantCallingMetrics, VariantCalling.ValidateVCF
[2026-04-09 21:41:36,18] [info] Assigned new job execution tokens to the following groups: d3b27253: 1
[2026-04-09 21:41:36,20] [[38;5;220mwarn[0m] BackgroundConfigAsyncJobExecutionActor [[38;5;2m17899b18[0mVariantCalling.CollectVariantCallingMetrics:NA:1]: Unrecognized runtime attribute keys: preemptible, disks, memory
[2026-04-09 21:41:38,59] [info] BackgroundConfigAsyncJobExecutionActor [[38;5;2m17899b18[0mVariantCalling.CollectVariantCallingMetrics:NA:1]: [38;5;5mjava -Xms2000m -Xmx2500m -jar /usr/picard/picard.jar \
  CollectVariantCallingMetrics \
  INPUT=/cromwell-executions1/WholeGenomeGermlineSingleSample/d3b27253-def8-4fcc-8159-f1f8d49265cf/call-BamToGvcf/VariantCalling/17899b18-eba4-4779-b361-f95638baf358/call-CollectVariantCallingMetrics/inputs/-1236159200/ERR3684866_ILMN_gvcf_run23.hard-filtered.rb.g.vcf.gz \
  OUTPUT=ERR3684866_ILMN_gvcf_run23 \
  DBSNP=/cromwell-executions1/WholeGenomeGermlineSingleSample/d3b27253-def8-4fcc-8159-f1f8d49265cf/call-BamToGvcf/VariantCalling/17899b18-eba4-4779-b361-f95638baf358/call-CollectVariantCallingMetrics/inputs/-1696015072/Homo_sapiens_assembly38.dbsnp138.vcf \
  SEQUENCE_DICTIONARY=/cromwell-executions1/WholeGenomeGermlineSingleSample/d3b27253-def8-4fcc-8159-f1f8d49265cf/call-BamToGvcf/VariantCalling/17899b18-eba4-4779-b361-f95638baf358/call-CollectVariantCallingMetrics/inputs/-1569105944/Homo_sapiens_assembly38_masked.dict \
  TARGET_INTERVALS=/cromwell-executions1/WholeGenomeGermlineSingleSample/d3b27253-def8-4fcc-8159-f1f8d49265cf/call-BamToGvcf/VariantCalling/17899b18-eba4-4779-b361-f95638baf358/call-CollectVariantCallingMetrics/inputs/-790663736/wgs_evaluation_regions.hg38.interval_list \
  GVCF_INPUT=true[0m
[2026-04-09 21:41:38,60] [info] BackgroundConfigAsyncJobExecutionActor [[38;5;2m17899b18[0mVariantCalling.CollectVariantCallingMetrics:NA:1]: executing: # make sure there is no preexisting Docker CID file
rm -f /mnt/nas1/projects/lasr/blendseq/warp-pipelines/warp-gatk-germline-single-sample-pipeline-master/cromwell-executions1/WholeGenomeGermlineSingleSample/d3b27253-def8-4fcc-8159-f1f8d49265cf/call-BamToGvcf/VariantCalling/17899b18-eba4-4779-b361-f95638baf358/call-CollectVariantCallingMetrics/execution/docker_cid
# run as in the original configuration without --rm flag (will remove later)
docker run \
  --cidfile /mnt/nas1/projects/lasr/blendseq/warp-pipelines/warp-gatk-germline-single-sample-pipeline-master/cromwell-executions1/WholeGenomeGermlineSingleSample/d3b27253-def8-4fcc-8159-f1f8d49265cf/call-BamToGvcf/VariantCalling/17899b18-eba4-4779-b361-f95638baf358/call-CollectVariantCallingMetrics/execution/docker_cid \
  -i \
  --user 1027:1028 \
  --cpus="64" \
  --memory="409600m" \
  --entrypoint /bin/bash \
  -v /mnt/nas1/projects/lasr/blendseq/warp-pipelines/warp-gatk-germline-single-sample-pipeline-master/cromwell-executions1/WholeGenomeGermlineSingleSample/d3b27253-def8-4fcc-8159-f1f8d49265cf/call-BamToGvcf/VariantCalling/17899b18-eba4-4779-b361-f95638baf358/call-CollectVariantCallingMetrics:/cromwell-executions1/WholeGenomeGermlineSingleSample/d3b27253-def8-4fcc-8159-f1f8d49265cf/call-BamToGvcf/VariantCalling/17899b18-eba4-4779-b361-f95638baf358/call-CollectVariantCallingMetrics \
  -v /mnt/nas1/projects/lasr/blendseq:/mnt/nas1/projects/lasr/blendseq \
  us.gcr.io/broad-gotc-prod/picard-cloud@sha256:e5ad5339080c3107c04e4a4d000b8ab06f472b77019debc3ff75499d28995b0c /cromwell-executions1/WholeGenomeGermlineSingleSample/d3b27253-def8-4fcc-8159-f1f8d49265cf/call-BamToGvcf/VariantCalling/17899b18-eba4-4779-b361-f95638baf358/call-CollectVariantCallingMetrics/execution/script

# get the return code (working even if the container was detached)
rc=$(docker wait [38;5;5mcat /mnt/nas1/projects/lasr/blendseq/warp-pipelines/warp-gatk-germline-single-sample-pipeline-master/cromwell-executions1/WholeGenomeGermlineSingleSample/d3b27253-def8-4fcc-8159-f1f8d49265cf/call-BamToGvcf/VariantCalling/17899b18-eba4-4779-b361-f95638baf358/call-CollectVariantCallingMetrics/execution/docker_cid[0m)

# remove the container after waiting
docker rm [38;5;5mcat /mnt/nas1/projects/lasr/blendseq/warp-pipelines/warp-gatk-germline-single-sample-pipeline-master/cromwell-executions1/WholeGenomeGermlineSingleSample/d3b27253-def8-4fcc-8159-f1f8d49265cf/call-BamToGvcf/VariantCalling/17899b18-eba4-4779-b361-f95638baf358/call-CollectVariantCallingMetrics/execution/docker_cid[0m

# return exit code
exit $rc
[2026-04-09 21:41:41,06] [info] BackgroundConfigAsyncJobExecutionActor [[38;5;2m17899b18[0mVariantCalling.CollectVariantCallingMetrics:NA:1]: job id: 801950
[2026-04-09 21:41:41,07] [info] BackgroundConfigAsyncJobExecutionActor [[38;5;2m17899b18[0mVariantCalling.CollectVariantCallingMetrics:NA:1]: Status change from - to WaitingForReturnCode
[2026-04-09 21:50:00,47] [info] BackgroundConfigAsyncJobExecutionActor [[38;5;2m17899b18[0mVariantCalling.CollectVariantCallingMetrics:NA:1]: Status change from WaitingForReturnCode to Done
[2026-04-09 21:50:06,18] [info] Assigned new job execution tokens to the following groups: d3b27253: 1
[2026-04-09 21:50:06,21] [[38;5;220mwarn[0m] BackgroundConfigAsyncJobExecutionActor [[38;5;2m17899b18[0mVariantCalling.ValidateVCF:NA:1]: Unrecognized runtime attribute keys: preemptible, bootDiskSizeGb, disks, memory
[2026-04-09 21:50:06,31] [info] BackgroundConfigAsyncJobExecutionActor [[38;5;2m17899b18[0mVariantCalling.ValidateVCF:NA:1]: [38;5;5mset -e

if [ true == "false" ]; then
  # We can't always assume the index was located with the vcf, so make a link so that the paths look the same
  # Use bash basename instead of WDL to support DRS: https://support.terra.bio/hc/en-us/community/posts/4405396480027
  ln -s /cromwell-executions1/WholeGenomeGermlineSingleSample/d3b27253-def8-4fcc-8159-f1f8d49265cf/call-BamToGvcf/VariantCalling/17899b18-eba4-4779-b361-f95638baf358/call-ValidateVCF/inputs/-790663736/wgs_calling_regions.hg38.interval_list $(basename /cromwell-executions1/WholeGenomeGermlineSingleSample/d3b27253-def8-4fcc-8159-f1f8d49265cf/call-BamToGvcf/VariantCalling/17899b18-eba4-4779-b361-f95638baf358/call-ValidateVCF/inputs/-790663736/wgs_calling_regions.hg38.interval_list)
  ln -s  $(basename )
  gatk --java-options "-Xms5000m -Xmx5000m" \
    VcfToIntervalList -I $(basename /cromwell-executions1/WholeGenomeGermlineSingleSample/d3b27253-def8-4fcc-8159-f1f8d49265cf/call-BamToGvcf/VariantCalling/17899b18-eba4-4779-b361-f95638baf358/call-ValidateVCF/inputs/-790663736/wgs_calling_regions.hg38.interval_list) -O intervals_from_gvcf.interval_list --VARIANT_ID_METHOD USE_FIRST
  INTERVALS="intervals_from_gvcf.interval_list"
else
  INTERVALS="/cromwell-executions1/WholeGenomeGermlineSingleSample/d3b27253-def8-4fcc-8159-f1f8d49265cf/call-BamToGvcf/VariantCalling/17899b18-eba4-4779-b361-f95638baf358/call-ValidateVCF/inputs/-790663736/wgs_calling_regions.hg38.interval_list"
fi

gatk --java-options "-Xms5000m -Xmx5000m" \
  ValidateVariants \
  -V /cromwell-executions1/WholeGenomeGermlineSingleSample/d3b27253-def8-4fcc-8159-f1f8d49265cf/call-BamToGvcf/VariantCalling/17899b18-eba4-4779-b361-f95638baf358/call-ValidateVCF/inputs/-1236159200/ERR3684866_ILMN_gvcf_run23.hard-filtered.rb.g.vcf.gz \
  -R /cromwell-executions1/WholeGenomeGermlineSingleSample/d3b27253-def8-4fcc-8159-f1f8d49265cf/call-BamToGvcf/VariantCalling/17899b18-eba4-4779-b361-f95638baf358/call-ValidateVCF/inputs/-1569105944/Homo_sapiens_assembly38_masked.fasta \
  -L $INTERVALS \
  -gvcf \
  --validation-type-to-exclude ALLELES \
  --dbsnp /cromwell-executions1/WholeGenomeGermlineSingleSample/d3b27253-def8-4fcc-8159-f1f8d49265cf/call-BamToGvcf/VariantCalling/17899b18-eba4-4779-b361-f95638baf358/call-ValidateVCF/inputs/-1696015072/Homo_sapiens_assembly38.dbsnp138.vcf \
  --no-overlaps[0m
[2026-04-09 21:50:06,32] [info] BackgroundConfigAsyncJobExecutionActor [[38;5;2m17899b18[0mVariantCalling.ValidateVCF:NA:1]: executing: # make sure there is no preexisting Docker CID file
rm -f /mnt/nas1/projects/lasr/blendseq/warp-pipelines/warp-gatk-germline-single-sample-pipeline-master/cromwell-executions1/WholeGenomeGermlineSingleSample/d3b27253-def8-4fcc-8159-f1f8d49265cf/call-BamToGvcf/VariantCalling/17899b18-eba4-4779-b361-f95638baf358/call-ValidateVCF/execution/docker_cid
# run as in the original configuration without --rm flag (will remove later)
docker run \
  --cidfile /mnt/nas1/projects/lasr/blendseq/warp-pipelines/warp-gatk-germline-single-sample-pipeline-master/cromwell-executions1/WholeGenomeGermlineSingleSample/d3b27253-def8-4fcc-8159-f1f8d49265cf/call-BamToGvcf/VariantCalling/17899b18-eba4-4779-b361-f95638baf358/call-ValidateVCF/execution/docker_cid \
  -i \
  --user 1027:1028 \
  --cpus="64" \
  --memory="409600m" \
  --entrypoint /bin/bash \
  -v /mnt/nas1/projects/lasr/blendseq/warp-pipelines/warp-gatk-germline-single-sample-pipeline-master/cromwell-executions1/WholeGenomeGermlineSingleSample/d3b27253-def8-4fcc-8159-f1f8d49265cf/call-BamToGvcf/VariantCalling/17899b18-eba4-4779-b361-f95638baf358/call-ValidateVCF:/cromwell-executions1/WholeGenomeGermlineSingleSample/d3b27253-def8-4fcc-8159-f1f8d49265cf/call-BamToGvcf/VariantCalling/17899b18-eba4-4779-b361-f95638baf358/call-ValidateVCF \
  -v /mnt/nas1/projects/lasr/blendseq:/mnt/nas1/projects/lasr/blendseq \
  us.gcr.io/broad-gatk/gatk@sha256:c88912855b845bd40c6b4bc8f3dd1d4b333ed2549cd3e8386987ee7c0c284f5a /cromwell-executions1/WholeGenomeGermlineSingleSample/d3b27253-def8-4fcc-8159-f1f8d49265cf/call-BamToGvcf/VariantCalling/17899b18-eba4-4779-b361-f95638baf358/call-ValidateVCF/execution/script

# get the return code (working even if the container was detached)
rc=$(docker wait [38;5;5mcat /mnt/nas1/projects/lasr/blendseq/warp-pipelines/warp-gatk-germline-single-sample-pipeline-master/cromwell-executions1/WholeGenomeGermlineSingleSample/d3b27253-def8-4fcc-8159-f1f8d49265cf/call-BamToGvcf/VariantCalling/17899b18-eba4-4779-b361-f95638baf358/call-ValidateVCF/execution/docker_cid[0m)

# remove the container after waiting
docker rm [38;5;5mcat /mnt/nas1/projects/lasr/blendseq/warp-pipelines/warp-gatk-germline-single-sample-pipeline-master/cromwell-executions1/WholeGenomeGermlineSingleSample/d3b27253-def8-4fcc-8159-f1f8d49265cf/call-BamToGvcf/VariantCalling/17899b18-eba4-4779-b361-f95638baf358/call-ValidateVCF/execution/docker_cid[0m

# return exit code
exit $rc
[2026-04-09 21:50:11,06] [info] BackgroundConfigAsyncJobExecutionActor [[38;5;2m17899b18[0mVariantCalling.ValidateVCF:NA:1]: job id: 802375
[2026-04-09 21:50:11,07] [info] BackgroundConfigAsyncJobExecutionActor [[38;5;2m17899b18[0mVariantCalling.ValidateVCF:NA:1]: Status change from - to WaitingForReturnCode
[2026-04-09 21:56:52,02] [info] BackgroundConfigAsyncJobExecutionActor [[38;5;2m17899b18[0mVariantCalling.ValidateVCF:NA:1]: Status change from WaitingForReturnCode to Done
[2026-04-09 21:56:52,74] [info] 17899b18-eba4-4779-b361-f95638baf358-SubWorkflowActor-SubWorkflow-BamToGvcf:-1:1 [[38;5;2m17899b18[0m]: Workflow VariantCalling complete. Final Outputs:
{
  "VariantCalling.output_vcf": "/mnt/nas1/projects/lasr/blendseq/warp-pipelines/warp-gatk-germline-single-sample-pipeline-master/cromwell-executions1/WholeGenomeGermlineSingleSample/d3b27253-def8-4fcc-8159-f1f8d49265cf/call-BamToGvcf/VariantCalling/17899b18-eba4-4779-b361-f95638baf358/call-Reblock/execution/ERR3684866_ILMN_gvcf_run23.hard-filtered.rb.g.vcf.gz",
  "VariantCalling.vcf_summary_metrics": "/mnt/nas1/projects/lasr/blendseq/warp-pipelines/warp-gatk-germline-single-sample-pipeline-master/cromwell-executions1/WholeGenomeGermlineSingleSample/d3b27253-def8-4fcc-8159-f1f8d49265cf/call-BamToGvcf/VariantCalling/17899b18-eba4-4779-b361-f95638baf358/call-CollectVariantCallingMetrics/execution/ERR3684866_ILMN_gvcf_run23.variant_calling_summary_metrics",
  "VariantCalling.bamout_index": null,
  "VariantCalling.bamout": null,
  "VariantCalling.vcf_detail_metrics": "/mnt/nas1/projects/lasr/blendseq/warp-pipelines/warp-gatk-germline-single-sample-pipeline-master/cromwell-executions1/WholeGenomeGermlineSingleSample/d3b27253-def8-4fcc-8159-f1f8d49265cf/call-BamToGvcf/VariantCalling/17899b18-eba4-4779-b361-f95638baf358/call-CollectVariantCallingMetrics/execution/ERR3684866_ILMN_gvcf_run23.variant_calling_detail_metrics",
  "VariantCalling.output_vcf_index": "/mnt/nas1/projects/lasr/blendseq/warp-pipelines/warp-gatk-germline-single-sample-pipeline-master/cromwell-executions1/WholeGenomeGermlineSingleSample/d3b27253-def8-4fcc-8159-f1f8d49265cf/call-BamToGvcf/VariantCalling/17899b18-eba4-4779-b361-f95638baf358/call-Reblock/execution/ERR3684866_ILMN_gvcf_run23.hard-filtered.rb.g.vcf.gz.tbi"
}
[2026-04-09 21:56:57,69] [info] WorkflowExecutionActor-d3b27253-def8-4fcc-8159-f1f8d49265cf [[38;5;2md3b27253[0m]: Workflow WholeGenomeGermlineSingleSample complete. Final Outputs:
{
  "WholeGenomeGermlineSingleSample.unsorted_read_group_quality_by_cycle_metrics": ["/mnt/nas1/projects/lasr/blendseq/warp-pipelines/warp-gatk-germline-single-sample-pipeline-master/cromwell-executions1/WholeGenomeGermlineSingleSample/d3b27253-def8-4fcc-8159-f1f8d49265cf/call-UnmappedBamToAlignedBam/UnmappedBamToAlignedBam/3102800d-c908-42dc-bfb2-6f5ddbcd42a0/call-CollectUnsortedReadgroupBamQualityMetrics/shard-0/execution/ERR3684866_ILMN.readgroup.quality_by_cycle_metrics"],
  "WholeGenomeGermlineSingleSample.agg_alignment_summary_metrics": "/mnt/nas1/projects/lasr/blendseq/warp-pipelines/warp-gatk-germline-single-sample-pipeline-master/cromwell-executions1/WholeGenomeGermlineSingleSample/d3b27253-def8-4fcc-8159-f1f8d49265cf/call-AggregatedBamQC/AggregatedBamQC/46c0031a-e190-4d8c-9670-6d79b5fa4ca3/call-CollectAggregationMetrics/execution/ERR3684866_ILMN.alignment_summary_metrics",
  "WholeGenomeGermlineSingleSample.agg_error_summary_metrics": "/mnt/nas1/projects/lasr/blendseq/warp-pipelines/warp-gatk-germline-single-sample-pipeline-master/cromwell-executions1/WholeGenomeGermlineSingleSample/d3b27253-def8-4fcc-8159-f1f8d49265cf/call-AggregatedBamQC/AggregatedBamQC/46c0031a-e190-4d8c-9670-6d79b5fa4ca3/call-CollectAggregationMetrics/execution/ERR3684866_ILMN.error_summary_metrics",
  "WholeGenomeGermlineSingleSample.unsorted_read_group_quality_distribution_metrics": ["/mnt/nas1/projects/lasr/blendseq/warp-pipelines/warp-gatk-germline-single-sample-pipeline-master/cromwell-executions1/WholeGenomeGermlineSingleSample/d3b27253-def8-4fcc-8159-f1f8d49265cf/call-UnmappedBamToAlignedBam/UnmappedBamToAlignedBam/3102800d-c908-42dc-bfb2-6f5ddbcd42a0/call-CollectUnsortedReadgroupBamQualityMetrics/shard-0/execution/ERR3684866_ILMN.readgroup.quality_distribution_metrics"],
  "WholeGenomeGermlineSingleSample.output_bam_index": "/mnt/nas1/projects/lasr/blendseq/warp-pipelines/warp-gatk-germline-single-sample-pipeline-master/cromwell-executions1/WholeGenomeGermlineSingleSample/d3b27253-def8-4fcc-8159-f1f8d49265cf/call-UnmappedBamToAlignedBam/UnmappedBamToAlignedBam/3102800d-c908-42dc-bfb2-6f5ddbcd42a0/call-GatherBamFiles/execution/ERR3684866_ILMN.bai",
  "WholeGenomeGermlineSingleSample.agg_gc_bias_detail_metrics": "/mnt/nas1/projects/lasr/blendseq/warp-pipelines/warp-gatk-germline-single-sample-pipeline-master/cromwell-executions1/WholeGenomeGermlineSingleSample/d3b27253-def8-4fcc-8159-f1f8d49265cf/call-AggregatedBamQC/AggregatedBamQC/46c0031a-e190-4d8c-9670-6d79b5fa4ca3/call-CollectAggregationMetrics/execution/ERR3684866_ILMN.gc_bias.detail_metrics",
  "WholeGenomeGermlineSingleSample.agg_gc_bias_pdf": "/mnt/nas1/projects/lasr/blendseq/warp-pipelines/warp-gatk-germline-single-sample-pipeline-master/cromwell-executions1/WholeGenomeGermlineSingleSample/d3b27253-def8-4fcc-8159-f1f8d49265cf/call-AggregatedBamQC/AggregatedBamQC/46c0031a-e190-4d8c-9670-6d79b5fa4ca3/call-CollectAggregationMetrics/execution/ERR3684866_ILMN.gc_bias.pdf",
  "WholeGenomeGermlineSingleSample.output_vcf_index": "/mnt/nas1/projects/lasr/blendseq/warp-pipelines/warp-gatk-germline-single-sample-pipeline-master/cromwell-executions1/WholeGenomeGermlineSingleSample/d3b27253-def8-4fcc-8159-f1f8d49265cf/call-BamToGvcf/VariantCalling/17899b18-eba4-4779-b361-f95638baf358/call-Reblock/execution/ERR3684866_ILMN_gvcf_run23.hard-filtered.rb.g.vcf.gz.tbi",
  "WholeGenomeGermlineSingleSample.agg_gc_bias_summary_metrics": "/mnt/nas1/projects/lasr/blendseq/warp-pipelines/warp-gatk-germline-single-sample-pipeline-master/cromwell-executions1/WholeGenomeGermlineSingleSample/d3b27253-def8-4fcc-8159-f1f8d49265cf/call-AggregatedBamQC/AggregatedBamQC/46c0031a-e190-4d8c-9670-6d79b5fa4ca3/call-CollectAggregationMetrics/execution/ERR3684866_ILMN.gc_bias.summary_metrics",
  "WholeGenomeGermlineSingleSample.unsorted_read_group_quality_distribution_pdf": ["/mnt/nas1/projects/lasr/blendseq/warp-pipelines/warp-gatk-germline-single-sample-pipeline-master/cromwell-executions1/WholeGenomeGermlineSingleSample/d3b27253-def8-4fcc-8159-f1f8d49265cf/call-UnmappedBamToAlignedBam/UnmappedBamToAlignedBam/3102800d-c908-42dc-bfb2-6f5ddbcd42a0/call-CollectUnsortedReadgroupBamQualityMetrics/shard-0/execution/ERR3684866_ILMN.readgroup.quality_distribution.pdf"],
  "WholeGenomeGermlineSingleSample.agg_pre_adapter_detail_metrics": "/mnt/nas1/projects/lasr/blendseq/warp-pipelines/warp-gatk-germline-single-sample-pipeline-master/cromwell-executions1/WholeGenomeGermlineSingleSample/d3b27253-def8-4fcc-8159-f1f8d49265cf/call-AggregatedBamQC/AggregatedBamQC/46c0031a-e190-4d8c-9670-6d79b5fa4ca3/call-CollectAggregationMetrics/execution/ERR3684866_ILMN.pre_adapter_detail_metrics",
  "WholeGenomeGermlineSingleSample.agg_insert_size_metrics": "/mnt/nas1/projects/lasr/blendseq/warp-pipelines/warp-gatk-germline-single-sample-pipeline-master/cromwell-executions1/WholeGenomeGermlineSingleSample/d3b27253-def8-4fcc-8159-f1f8d49265cf/call-AggregatedBamQC/AggregatedBamQC/46c0031a-e190-4d8c-9670-6d79b5fa4ca3/call-CollectAggregationMetrics/execution/ERR3684866_ILMN.insert_size_metrics",
  "WholeGenomeGermlineSingleSample.read_group_alignment_summary_metrics": "/mnt/nas1/projects/lasr/blendseq/warp-pipelines/warp-gatk-germline-single-sample-pipeline-master/cromwell-executions1/WholeGenomeGermlineSingleSample/d3b27253-def8-4fcc-8159-f1f8d49265cf/call-AggregatedBamQC/AggregatedBamQC/46c0031a-e190-4d8c-9670-6d79b5fa4ca3/call-CollectReadgroupBamQualityMetrics/execution/ERR3684866_ILMN.readgroup.alignment_summary_metrics",
  "WholeGenomeGermlineSingleSample.unsorted_read_group_insert_size_metrics": ["/mnt/nas1/projects/lasr/blendseq/warp-pipelines/warp-gatk-germline-single-sample-pipeline-master/cromwell-executions1/WholeGenomeGermlineSingleSample/d3b27253-def8-4fcc-8159-f1f8d49265cf/call-UnmappedBamToAlignedBam/UnmappedBamToAlignedBam/3102800d-c908-42dc-bfb2-6f5ddbcd42a0/call-CollectUnsortedReadgroupBamQualityMetrics/shard-0/execution/ERR3684866_ILMN.readgroup.insert_size_metrics"],
  "WholeGenomeGermlineSingleSample.output_cram_md5": "/mnt/nas1/projects/lasr/blendseq/warp-pipelines/warp-gatk-germline-single-sample-pipeline-master/cromwell-executions1/WholeGenomeGermlineSingleSample/d3b27253-def8-4fcc-8159-f1f8d49265cf/call-BamToCram/BamToCram/a3f933c1-d441-488a-bc39-55bdf42dd18f/call-ConvertToCram/execution/ERR3684866_ILMN.cram.md5",
  "WholeGenomeGermlineSingleSample.cross_check_fingerprints_metrics": "/mnt/nas1/projects/lasr/blendseq/warp-pipelines/warp-gatk-germline-single-sample-pipeline-master/cromwell-executions1/WholeGenomeGermlineSingleSample/d3b27253-def8-4fcc-8159-f1f8d49265cf/call-UnmappedBamToAlignedBam/UnmappedBamToAlignedBam/3102800d-c908-42dc-bfb2-6f5ddbcd42a0/call-CrossCheckFingerprints/execution/ERR3684866_ILMN.crosscheck",
  "WholeGenomeGermlineSingleSample.duplicate_metrics": "/mnt/nas1/projects/lasr/blendseq/warp-pipelines/warp-gatk-germline-single-sample-pipeline-master/cromwell-executions1/WholeGenomeGermlineSingleSample/d3b27253-def8-4fcc-8159-f1f8d49265cf/call-UnmappedBamToAlignedBam/UnmappedBamToAlignedBam/3102800d-c908-42dc-bfb2-6f5ddbcd42a0/call-MarkDuplicates/execution/ERR3684866_ILMN.duplicate_metrics",
  "WholeGenomeGermlineSingleSample.unsorted_read_group_base_distribution_by_cycle_metrics": ["/mnt/nas1/projects/lasr/blendseq/warp-pipelines/warp-gatk-germline-single-sample-pipeline-master/cromwell-executions1/WholeGenomeGermlineSingleSample/d3b27253-def8-4fcc-8159-f1f8d49265cf/call-UnmappedBamToAlignedBam/UnmappedBamToAlignedBam/3102800d-c908-42dc-bfb2-6f5ddbcd42a0/call-CollectUnsortedReadgroupBamQualityMetrics/shard-0/execution/ERR3684866_ILMN.readgroup.base_distribution_by_cycle_metrics"],
  "WholeGenomeGermlineSingleSample.contamination": 0.000019022666666666667,
  "WholeGenomeGermlineSingleSample.read_group_gc_bias_pdf": "/mnt/nas1/projects/lasr/blendseq/warp-pipelines/warp-gatk-germline-single-sample-pipeline-master/cromwell-executions1/WholeGenomeGermlineSingleSample/d3b27253-def8-4fcc-8159-f1f8d49265cf/call-AggregatedBamQC/AggregatedBamQC/46c0031a-e190-4d8c-9670-6d79b5fa4ca3/call-CollectReadgroupBamQualityMetrics/execution/ERR3684866_ILMN.readgroup.gc_bias.pdf",
  "WholeGenomeGermlineSingleSample.gvcf_summary_metrics": "/mnt/nas1/projects/lasr/blendseq/warp-pipelines/warp-gatk-germline-single-sample-pipeline-master/cromwell-executions1/WholeGenomeGermlineSingleSample/d3b27253-def8-4fcc-8159-f1f8d49265cf/call-BamToGvcf/VariantCalling/17899b18-eba4-4779-b361-f95638baf358/call-CollectVariantCallingMetrics/execution/ERR3684866_ILMN_gvcf_run23.variant_calling_summary_metrics",
  "WholeGenomeGermlineSingleSample.raw_wgs_metrics": "/mnt/nas1/projects/lasr/blendseq/warp-pipelines/warp-gatk-germline-single-sample-pipeline-master/cromwell-executions1/WholeGenomeGermlineSingleSample/d3b27253-def8-4fcc-8159-f1f8d49265cf/call-CollectRawWgsMetrics/execution/ERR3684866_ILMN.raw_wgs_metrics",
  "WholeGenomeGermlineSingleSample.output_bam": "/mnt/nas1/projects/lasr/blendseq/warp-pipelines/warp-gatk-germline-single-sample-pipeline-master/cromwell-executions1/WholeGenomeGermlineSingleSample/d3b27253-def8-4fcc-8159-f1f8d49265cf/call-UnmappedBamToAlignedBam/UnmappedBamToAlignedBam/3102800d-c908-42dc-bfb2-6f5ddbcd42a0/call-GatherBamFiles/execution/ERR3684866_ILMN.bam",
  "WholeGenomeGermlineSingleSample.agg_quality_distribution_pdf": "/mnt/nas1/projects/lasr/blendseq/warp-pipelines/warp-gatk-germline-single-sample-pipeline-master/cromwell-executions1/WholeGenomeGermlineSingleSample/d3b27253-def8-4fcc-8159-f1f8d49265cf/call-AggregatedBamQC/AggregatedBamQC/46c0031a-e190-4d8c-9670-6d79b5fa4ca3/call-CollectAggregationMetrics/execution/ERR3684866_ILMN.quality_distribution.pdf",
  "WholeGenomeGermlineSingleSample.output_cram": "/mnt/nas1/projects/lasr/blendseq/warp-pipelines/warp-gatk-germline-single-sample-pipeline-master/cromwell-executions1/WholeGenomeGermlineSingleSample/d3b27253-def8-4fcc-8159-f1f8d49265cf/call-BamToCram/BamToCram/a3f933c1-d441-488a-bc39-55bdf42dd18f/call-ConvertToCram/execution/ERR3684866_ILMN.cram",
  "WholeGenomeGermlineSingleSample.fingerprint_summary_metrics": null,
  "WholeGenomeGermlineSingleSample.agg_pre_adapter_summary_metrics": "/mnt/nas1/projects/lasr/blendseq/warp-pipelines/warp-gatk-germline-single-sample-pipeline-master/cromwell-executions1/WholeGenomeGermlineSingleSample/d3b27253-def8-4fcc-8159-f1f8d49265cf/call-AggregatedBamQC/AggregatedBamQC/46c0031a-e190-4d8c-9670-6d79b5fa4ca3/call-CollectAggregationMetrics/execution/ERR3684866_ILMN.pre_adapter_summary_metrics",
  "WholeGenomeGermlineSingleSample.output_vcf": "/mnt/nas1/projects/lasr/blendseq/warp-pipelines/warp-gatk-germline-single-sample-pipeline-master/cromwell-executions1/WholeGenomeGermlineSingleSample/d3b27253-def8-4fcc-8159-f1f8d49265cf/call-BamToGvcf/VariantCalling/17899b18-eba4-4779-b361-f95638baf358/call-Reblock/execution/ERR3684866_ILMN_gvcf_run23.hard-filtered.rb.g.vcf.gz",
  "WholeGenomeGermlineSingleSample.unsorted_read_group_base_distribution_by_cycle_pdf": ["/mnt/nas1/projects/lasr/blendseq/warp-pipelines/warp-gatk-germline-single-sample-pipeline-master/cromwell-executions1/WholeGenomeGermlineSingleSample/d3b27253-def8-4fcc-8159-f1f8d49265cf/call-UnmappedBamToAlignedBam/UnmappedBamToAlignedBam/3102800d-c908-42dc-bfb2-6f5ddbcd42a0/call-CollectUnsortedReadgroupBamQualityMetrics/shard-0/execution/ERR3684866_ILMN.readgroup.base_distribution_by_cycle.pdf"],
  "WholeGenomeGermlineSingleSample.output_cram_index": "/mnt/nas1/projects/lasr/blendseq/warp-pipelines/warp-gatk-germline-single-sample-pipeline-master/cromwell-executions1/WholeGenomeGermlineSingleSample/d3b27253-def8-4fcc-8159-f1f8d49265cf/call-BamToCram/BamToCram/a3f933c1-d441-488a-bc39-55bdf42dd18f/call-ConvertToCram/execution/ERR3684866_ILMN.cram.crai",
  "WholeGenomeGermlineSingleSample.gvcf_detail_metrics": "/mnt/nas1/projects/lasr/blendseq/warp-pipelines/warp-gatk-germline-single-sample-pipeline-master/cromwell-executions1/WholeGenomeGermlineSingleSample/d3b27253-def8-4fcc-8159-f1f8d49265cf/call-BamToGvcf/VariantCalling/17899b18-eba4-4779-b361-f95638baf358/call-CollectVariantCallingMetrics/execution/ERR3684866_ILMN_gvcf_run23.variant_calling_detail_metrics",
  "WholeGenomeGermlineSingleSample.calculate_read_group_checksum_md5": "/mnt/nas1/projects/lasr/blendseq/warp-pipelines/warp-gatk-germline-single-sample-pipeline-master/cromwell-executions1/WholeGenomeGermlineSingleSample/d3b27253-def8-4fcc-8159-f1f8d49265cf/call-AggregatedBamQC/AggregatedBamQC/46c0031a-e190-4d8c-9670-6d79b5fa4ca3/call-CalculateReadGroupChecksum/execution/ERR3684866_ILMN.aligned.duplicates_marked.recalibrated.bam.read_group_md5",
  "WholeGenomeGermlineSingleSample.read_group_gc_bias_detail_metrics": "/mnt/nas1/projects/lasr/blendseq/warp-pipelines/warp-gatk-germline-single-sample-pipeline-master/cromwell-executions1/WholeGenomeGermlineSingleSample/d3b27253-def8-4fcc-8159-f1f8d49265cf/call-AggregatedBamQC/AggregatedBamQC/46c0031a-e190-4d8c-9670-6d79b5fa4ca3/call-CollectReadgroupBamQualityMetrics/execution/ERR3684866_ILMN.readgroup.gc_bias.detail_metrics",
  "WholeGenomeGermlineSingleSample.selfSM": "/mnt/nas1/projects/lasr/blendseq/warp-pipelines/warp-gatk-germline-single-sample-pipeline-master/cromwell-executions1/WholeGenomeGermlineSingleSample/d3b27253-def8-4fcc-8159-f1f8d49265cf/call-UnmappedBamToAlignedBam/UnmappedBamToAlignedBam/3102800d-c908-42dc-bfb2-6f5ddbcd42a0/call-CheckContamination/execution/ERR3684866_ILMN.preBqsr.selfSM",
  "WholeGenomeGermlineSingleSample.validate_cram_file_report": "/mnt/nas1/projects/lasr/blendseq/warp-pipelines/warp-gatk-germline-single-sample-pipeline-master/cromwell-executions1/WholeGenomeGermlineSingleSample/d3b27253-def8-4fcc-8159-f1f8d49265cf/call-BamToCram/BamToCram/a3f933c1-d441-488a-bc39-55bdf42dd18f/call-ValidateCram/execution/ERR3684866_ILMN.cram.validation_report",
  "WholeGenomeGermlineSingleSample.unsorted_read_group_insert_size_histogram_pdf": ["/mnt/nas1/projects/lasr/blendseq/warp-pipelines/warp-gatk-germline-single-sample-pipeline-master/cromwell-executions1/WholeGenomeGermlineSingleSample/d3b27253-def8-4fcc-8159-f1f8d49265cf/call-UnmappedBamToAlignedBam/UnmappedBamToAlignedBam/3102800d-c908-42dc-bfb2-6f5ddbcd42a0/call-CollectUnsortedReadgroupBamQualityMetrics/shard-0/execution/ERR3684866_ILMN.readgroup.insert_size_histogram.pdf"],
  "WholeGenomeGermlineSingleSample.wgs_metrics": "/mnt/nas1/projects/lasr/blendseq/warp-pipelines/warp-gatk-germline-single-sample-pipeline-master/cromwell-executions1/WholeGenomeGermlineSingleSample/d3b27253-def8-4fcc-8159-f1f8d49265cf/call-CollectWgsMetrics/execution/ERR3684866_ILMN.wgs_metrics",
  "WholeGenomeGermlineSingleSample.agg_quality_distribution_metrics": "/mnt/nas1/projects/lasr/blendseq/warp-pipelines/warp-gatk-germline-single-sample-pipeline-master/cromwell-executions1/WholeGenomeGermlineSingleSample/d3b27253-def8-4fcc-8159-f1f8d49265cf/call-AggregatedBamQC/AggregatedBamQC/46c0031a-e190-4d8c-9670-6d79b5fa4ca3/call-CollectAggregationMetrics/execution/ERR3684866_ILMN.quality_distribution_metrics",
  "WholeGenomeGermlineSingleSample.agg_bait_bias_summary_metrics": "/mnt/nas1/projects/lasr/blendseq/warp-pipelines/warp-gatk-germline-single-sample-pipeline-master/cromwell-executions1/WholeGenomeGermlineSingleSample/d3b27253-def8-4fcc-8159-f1f8d49265cf/call-AggregatedBamQC/AggregatedBamQC/46c0031a-e190-4d8c-9670-6d79b5fa4ca3/call-CollectAggregationMetrics/execution/ERR3684866_ILMN.bait_bias_summary_metrics",
  "WholeGenomeGermlineSingleSample.read_group_gc_bias_summary_metrics": "/mnt/nas1/projects/lasr/blendseq/warp-pipelines/warp-gatk-germline-single-sample-pipeline-master/cromwell-executions1/WholeGenomeGermlineSingleSample/d3b27253-def8-4fcc-8159-f1f8d49265cf/call-AggregatedBamQC/AggregatedBamQC/46c0031a-e190-4d8c-9670-6d79b5fa4ca3/call-CollectReadgroupBamQualityMetrics/execution/ERR3684866_ILMN.readgroup.gc_bias.summary_metrics",
  "WholeGenomeGermlineSingleSample.agg_insert_size_histogram_pdf": "/mnt/nas1/projects/lasr/blendseq/warp-pipelines/warp-gatk-germline-single-sample-pipeline-master/cromwell-executions1/WholeGenomeGermlineSingleSample/d3b27253-def8-4fcc-8159-f1f8d49265cf/call-AggregatedBamQC/AggregatedBamQC/46c0031a-e190-4d8c-9670-6d79b5fa4ca3/call-CollectAggregationMetrics/execution/ERR3684866_ILMN.insert_size_histogram.pdf",
  "WholeGenomeGermlineSingleSample.agg_bait_bias_detail_metrics": "/mnt/nas1/projects/lasr/blendseq/warp-pipelines/warp-gatk-germline-single-sample-pipeline-master/cromwell-executions1/WholeGenomeGermlineSingleSample/d3b27253-def8-4fcc-8159-f1f8d49265cf/call-AggregatedBamQC/AggregatedBamQC/46c0031a-e190-4d8c-9670-6d79b5fa4ca3/call-CollectAggregationMetrics/execution/ERR3684866_ILMN.bait_bias_detail_metrics",
  "WholeGenomeGermlineSingleSample.fingerprint_detail_metrics": null,
  "WholeGenomeGermlineSingleSample.unsorted_read_group_quality_by_cycle_pdf": ["/mnt/nas1/projects/lasr/blendseq/warp-pipelines/warp-gatk-germline-single-sample-pipeline-master/cromwell-executions1/WholeGenomeGermlineSingleSample/d3b27253-def8-4fcc-8159-f1f8d49265cf/call-UnmappedBamToAlignedBam/UnmappedBamToAlignedBam/3102800d-c908-42dc-bfb2-6f5ddbcd42a0/call-CollectUnsortedReadgroupBamQualityMetrics/shard-0/execution/ERR3684866_ILMN.readgroup.quality_by_cycle.pdf"],
  "WholeGenomeGermlineSingleSample.output_bqsr_reports": null,
  "WholeGenomeGermlineSingleSample.quality_yield_metrics": ["/mnt/nas1/projects/lasr/blendseq/warp-pipelines/warp-gatk-germline-single-sample-pipeline-master/cromwell-executions1/WholeGenomeGermlineSingleSample/d3b27253-def8-4fcc-8159-f1f8d49265cf/call-UnmappedBamToAlignedBam/UnmappedBamToAlignedBam/3102800d-c908-42dc-bfb2-6f5ddbcd42a0/call-CollectQualityYieldMetrics/shard-0/execution/ERR3684866_ILMN.unmapped.quality_yield_metrics"]
}
[2026-04-09 22:07:28,16] [info] (IO-d90034d3-7ce3-4039-bd06-6c3c80c8962f) 'IOCommand.success '()'' is over 5 minutes. It was running for 630.356 seconds. IO command description: 'DefaultIoCopyCommand source '/mnt/nas1/projects/lasr/blendseq/warp-pipelines/warp-gatk-germline-single-sample-pipeline-master/cromwell-executions1/WholeGenomeGermlineSingleSample/d3b27253-def8-4fcc-8159-f1f8d49265cf/call-UnmappedBamToAlignedBam/UnmappedBamToAlignedBam/3102800d-c908-42dc-bfb2-6f5ddbcd42a0/call-GatherBamFiles/execution/ERR3684866_ILMN.bam' destination '/mnt/nas1/projects/lasr/blendseq/warp-pipelines/data/run-results/ERR3684866_ILMN.bam''
[2026-04-09 22:07:28,17] [info] $a [[38;5;2md3b27253[0m]: Copying workflow logs from /mnt/nas1/projects/lasr/blendseq/warp-pipelines/warp-gatk-germline-single-sample-pipeline-master/cromwell-executions1/cromwell-workflow-logs/workflow.d3b27253-def8-4fcc-8159-f1f8d49265cf.log to /mnt/nas1/projects/lasr/blendseq/warp-pipelines/data/run-logs/workflow.d3b27253-def8-4fcc-8159-f1f8d49265cf.log
[2026-04-09 22:07:31,07] [info] WorkflowManagerActor: Workflow actor for d3b27253-def8-4fcc-8159-f1f8d49265cf completed with status 'Succeeded'. The workflow will be removed from the workflow store.
[2026-04-09 22:07:57,08] [info] SingleWorkflowRunnerActor workflow finished with status 'Succeeded'.
{
  "outputs": {
    "WholeGenomeGermlineSingleSample.unsorted_read_group_quality_by_cycle_metrics": ["/mnt/nas1/projects/lasr/blendseq/warp-pipelines/warp-gatk-germline-single-sample-pipeline-master/cromwell-executions1/WholeGenomeGermlineSingleSample/d3b27253-def8-4fcc-8159-f1f8d49265cf/call-UnmappedBamToAlignedBam/UnmappedBamToAlignedBam/3102800d-c908-42dc-bfb2-6f5ddbcd42a0/call-CollectUnsortedReadgroupBamQualityMetrics/shard-0/execution/ERR3684866_ILMN.readgroup.quality_by_cycle_metrics"],
    "WholeGenomeGermlineSingleSample.agg_alignment_summary_metrics": "/mnt/nas1/projects/lasr/blendseq/warp-pipelines/warp-gatk-germline-single-sample-pipeline-master/cromwell-executions1/WholeGenomeGermlineSingleSample/d3b27253-def8-4fcc-8159-f1f8d49265cf/call-AggregatedBamQC/AggregatedBamQC/46c0031a-e190-4d8c-9670-6d79b5fa4ca3/call-CollectAggregationMetrics/execution/ERR3684866_ILMN.alignment_summary_metrics",
    "WholeGenomeGermlineSingleSample.agg_error_summary_metrics": "/mnt/nas1/projects/lasr/blendseq/warp-pipelines/warp-gatk-germline-single-sample-pipeline-master/cromwell-executions1/WholeGenomeGermlineSingleSample/d3b27253-def8-4fcc-8159-f1f8d49265cf/call-AggregatedBamQC/AggregatedBamQC/46c0031a-e190-4d8c-9670-6d79b5fa4ca3/call-CollectAggregationMetrics/execution/ERR3684866_ILMN.error_summary_metrics",
    "WholeGenomeGermlineSingleSample.unsorted_read_group_quality_distribution_metrics": ["/mnt/nas1/projects/lasr/blendseq/warp-pipelines/warp-gatk-germline-single-sample-pipeline-master/cromwell-executions1/WholeGenomeGermlineSingleSample/d3b27253-def8-4fcc-8159-f1f8d49265cf/call-UnmappedBamToAlignedBam/UnmappedBamToAlignedBam/3102800d-c908-42dc-bfb2-6f5ddbcd42a0/call-CollectUnsortedReadgroupBamQualityMetrics/shard-0/execution/ERR3684866_ILMN.readgroup.quality_distribution_metrics"],
    "WholeGenomeGermlineSingleSample.output_bam_index": "/mnt/nas1/projects/lasr/blendseq/warp-pipelines/warp-gatk-germline-single-sample-pipeline-master/cromwell-executions1/WholeGenomeGermlineSingleSample/d3b27253-def8-4fcc-8159-f1f8d49265cf/call-UnmappedBamToAlignedBam/UnmappedBamToAlignedBam/3102800d-c908-42dc-bfb2-6f5ddbcd42a0/call-GatherBamFiles/execution/ERR3684866_ILMN.bai",
    "WholeGenomeGermlineSingleSample.agg_gc_bias_detail_metrics": "/mnt/nas1/projects/lasr/blendseq/warp-pipelines/warp-gatk-germline-single-sample-pipeline-master/cromwell-executions1/WholeGenomeGermlineSingleSample/d3b27253-def8-4fcc-8159-f1f8d49265cf/call-AggregatedBamQC/AggregatedBamQC/46c0031a-e190-4d8c-9670-6d79b5fa4ca3/call-CollectAggregationMetrics/execution/ERR3684866_ILMN.gc_bias.detail_metrics",
    "WholeGenomeGermlineSingleSample.agg_gc_bias_pdf": "/mnt/nas1/projects/lasr/blendseq/warp-pipelines/warp-gatk-germline-single-sample-pipeline-master/cromwell-executions1/WholeGenomeGermlineSingleSample/d3b27253-def8-4fcc-8159-f1f8d49265cf/call-AggregatedBamQC/AggregatedBamQC/46c0031a-e190-4d8c-9670-6d79b5fa4ca3/call-CollectAggregationMetrics/execution/ERR3684866_ILMN.gc_bias.pdf",
    "WholeGenomeGermlineSingleSample.output_vcf_index": "/mnt/nas1/projects/lasr/blendseq/warp-pipelines/warp-gatk-germline-single-sample-pipeline-master/cromwell-executions1/WholeGenomeGermlineSingleSample/d3b27253-def8-4fcc-8159-f1f8d49265cf/call-BamToGvcf/VariantCalling/17899b18-eba4-4779-b361-f95638baf358/call-Reblock/execution/ERR3684866_ILMN_gvcf_run23.hard-filtered.rb.g.vcf.gz.tbi",
    "WholeGenomeGermlineSingleSample.agg_gc_bias_summary_metrics": "/mnt/nas1/projects/lasr/blendseq/warp-pipelines/warp-gatk-germline-single-sample-pipeline-master/cromwell-executions1/WholeGenomeGermlineSingleSample/d3b27253-def8-4fcc-8159-f1f8d49265cf/call-AggregatedBamQC/AggregatedBamQC/46c0031a-e190-4d8c-9670-6d79b5fa4ca3/call-CollectAggregationMetrics/execution/ERR3684866_ILMN.gc_bias.summary_metrics",
    "WholeGenomeGermlineSingleSample.unsorted_read_group_quality_distribution_pdf": ["/mnt/nas1/projects/lasr/blendseq/warp-pipelines/warp-gatk-germline-single-sample-pipeline-master/cromwell-executions1/WholeGenomeGermlineSingleSample/d3b27253-def8-4fcc-8159-f1f8d49265cf/call-UnmappedBamToAlignedBam/UnmappedBamToAlignedBam/3102800d-c908-42dc-bfb2-6f5ddbcd42a0/call-CollectUnsortedReadgroupBamQualityMetrics/shard-0/execution/ERR3684866_ILMN.readgroup.quality_distribution.pdf"],
    "WholeGenomeGermlineSingleSample.agg_pre_adapter_detail_metrics": "/mnt/nas1/projects/lasr/blendseq/warp-pipelines/warp-gatk-germline-single-sample-pipeline-master/cromwell-executions1/WholeGenomeGermlineSingleSample/d3b27253-def8-4fcc-8159-f1f8d49265cf/call-AggregatedBamQC/AggregatedBamQC/46c0031a-e190-4d8c-9670-6d79b5fa4ca3/call-CollectAggregationMetrics/execution/ERR3684866_ILMN.pre_adapter_detail_metrics",
    "WholeGenomeGermlineSingleSample.agg_insert_size_metrics": "/mnt/nas1/projects/lasr/blendseq/warp-pipelines/warp-gatk-germline-single-sample-pipeline-master/cromwell-executions1/WholeGenomeGermlineSingleSample/d3b27253-def8-4fcc-8159-f1f8d49265cf/call-AggregatedBamQC/AggregatedBamQC/46c0031a-e190-4d8c-9670-6d79b5fa4ca3/call-CollectAggregationMetrics/execution/ERR3684866_ILMN.insert_size_metrics",
    "WholeGenomeGermlineSingleSample.read_group_alignment_summary_metrics": "/mnt/nas1/projects/lasr/blendseq/warp-pipelines/warp-gatk-germline-single-sample-pipeline-master/cromwell-executions1/WholeGenomeGermlineSingleSample/d3b27253-def8-4fcc-8159-f1f8d49265cf/call-AggregatedBamQC/AggregatedBamQC/46c0031a-e190-4d8c-9670-6d79b5fa4ca3/call-CollectReadgroupBamQualityMetrics/execution/ERR3684866_ILMN.readgroup.alignment_summary_metrics",
    "WholeGenomeGermlineSingleSample.unsorted_read_group_insert_size_metrics": ["/mnt/nas1/projects/lasr/blendseq/warp-pipelines/warp-gatk-germline-single-sample-pipeline-master/cromwell-executions1/WholeGenomeGermlineSingleSample/d3b27253-def8-4fcc-8159-f1f8d49265cf/call-UnmappedBamToAlignedBam/UnmappedBamToAlignedBam/3102800d-c908-42dc-bfb2-6f5ddbcd42a0/call-CollectUnsortedReadgroupBamQualityMetrics/shard-0/execution/ERR3684866_ILMN.readgroup.insert_size_metrics"],
    "WholeGenomeGermlineSingleSample.output_cram_md5": "/mnt/nas1/projects/lasr/blendseq/warp-pipelines/warp-gatk-germline-single-sample-pipeline-master/cromwell-executions1/WholeGenomeGermlineSingleSample/d3b27253-def8-4fcc-8159-f1f8d49265cf/call-BamToCram/BamToCram/a3f933c1-d441-488a-bc39-55bdf42dd18f/call-ConvertToCram/execution/ERR3684866_ILMN.cram.md5",
    "WholeGenomeGermlineSingleSample.cross_check_fingerprints_metrics": "/mnt/nas1/projects/lasr/blendseq/warp-pipelines/warp-gatk-germline-single-sample-pipeline-master/cromwell-executions1/WholeGenomeGermlineSingleSample/d3b27253-def8-4fcc-8159-f1f8d49265cf/call-UnmappedBamToAlignedBam/UnmappedBamToAlignedBam/3102800d-c908-42dc-bfb2-6f5ddbcd42a0/call-CrossCheckFingerprints/execution/ERR3684866_ILMN.crosscheck",
    "WholeGenomeGermlineSingleSample.duplicate_metrics": "/mnt/nas1/projects/lasr/blendseq/warp-pipelines/warp-gatk-germline-single-sample-pipeline-master/cromwell-executions1/WholeGenomeGermlineSingleSample/d3b27253-def8-4fcc-8159-f1f8d49265cf/call-UnmappedBamToAlignedBam/UnmappedBamToAlignedBam/3102800d-c908-42dc-bfb2-6f5ddbcd42a0/call-MarkDuplicates/execution/ERR3684866_ILMN.duplicate_metrics",
    "WholeGenomeGermlineSingleSample.unsorted_read_group_base_distribution_by_cycle_metrics": ["/mnt/nas1/projects/lasr/blendseq/warp-pipelines/warp-gatk-germline-single-sample-pipeline-master/cromwell-executions1/WholeGenomeGermlineSingleSample/d3b27253-def8-4fcc-8159-f1f8d49265cf/call-UnmappedBamToAlignedBam/UnmappedBamToAlignedBam/3102800d-c908-42dc-bfb2-6f5ddbcd42a0/call-CollectUnsortedReadgroupBamQualityMetrics/shard-0/execution/ERR3684866_ILMN.readgroup.base_distribution_by_cycle_metrics"],
    "WholeGenomeGermlineSingleSample.contamination": 0.000019022666666666667,
    "WholeGenomeGermlineSingleSample.read_group_gc_bias_pdf": "/mnt/nas1/projects/lasr/blendseq/warp-pipelines/warp-gatk-germline-single-sample-pipeline-master/cromwell-executions1/WholeGenomeGermlineSingleSample/d3b27253-def8-4fcc-8159-f1f8d49265cf/call-AggregatedBamQC/AggregatedBamQC/46c0031a-e190-4d8c-9670-6d79b5fa4ca3/call-CollectReadgroupBamQualityMetrics/execution/ERR3684866_ILMN.readgroup.gc_bias.pdf",
    "WholeGenomeGermlineSingleSample.gvcf_summary_metrics": "/mnt/nas1/projects/lasr/blendseq/warp-pipelines/warp-gatk-germline-single-sample-pipeline-master/cromwell-executions1/WholeGenomeGermlineSingleSample/d3b27253-def8-4fcc-8159-f1f8d49265cf/call-BamToGvcf/VariantCalling/17899b18-eba4-4779-b361-f95638baf358/call-CollectVariantCallingMetrics/execution/ERR3684866_ILMN_gvcf_run23.variant_calling_summary_metrics",
    "WholeGenomeGermlineSingleSample.raw_wgs_metrics": "/mnt/nas1/projects/lasr/blendseq/warp-pipelines/warp-gatk-germline-single-sample-pipeline-master/cromwell-executions1/WholeGenomeGermlineSingleSample/d3b27253-def8-4fcc-8159-f1f8d49265cf/call-CollectRawWgsMetrics/execution/ERR3684866_ILMN.raw_wgs_metrics",
    "WholeGenomeGermlineSingleSample.output_bam": "/mnt/nas1/projects/lasr/blendseq/warp-pipelines/warp-gatk-germline-single-sample-pipeline-master/cromwell-executions1/WholeGenomeGermlineSingleSample/d3b27253-def8-4fcc-8159-f1f8d49265cf/call-UnmappedBamToAlignedBam/UnmappedBamToAlignedBam/3102800d-c908-42dc-bfb2-6f5ddbcd42a0/call-GatherBamFiles/execution/ERR3684866_ILMN.bam",
    "WholeGenomeGermlineSingleSample.agg_quality_distribution_pdf": "/mnt/nas1/projects/lasr/blendseq/warp-pipelines/warp-gatk-germline-single-sample-pipeline-master/cromwell-executions1/WholeGenomeGermlineSingleSample/d3b27253-def8-4fcc-8159-f1f8d49265cf/call-AggregatedBamQC/AggregatedBamQC/46c0031a-e190-4d8c-9670-6d79b5fa4ca3/call-CollectAggregationMetrics/execution/ERR3684866_ILMN.quality_distribution.pdf",
    "WholeGenomeGermlineSingleSample.output_cram": "/mnt/nas1/projects/lasr/blendseq/warp-pipelines/warp-gatk-germline-single-sample-pipeline-master/cromwell-executions1/WholeGenomeGermlineSingleSample/d3b27253-def8-4fcc-8159-f1f8d49265cf/call-BamToCram/BamToCram/a3f933c1-d441-488a-bc39-55bdf42dd18f/call-ConvertToCram/execution/ERR3684866_ILMN.cram",
    "WholeGenomeGermlineSingleSample.fingerprint_summary_metrics": null,
    "WholeGenomeGermlineSingleSample.agg_pre_adapter_summary_metrics": "/mnt/nas1/projects/lasr/blendseq/warp-pipelines/warp-gatk-germline-single-sample-pipeline-master/cromwell-executions1/WholeGenomeGermlineSingleSample/d3b27253-def8-4fcc-8159-f1f8d49265cf/call-AggregatedBamQC/AggregatedBamQC/46c0031a-e190-4d8c-9670-6d79b5fa4ca3/call-CollectAggregationMetrics/execution/ERR3684866_ILMN.pre_adapter_summary_metrics",
    "WholeGenomeGermlineSingleSample.output_vcf": "/mnt/nas1/projects/lasr/blendseq/warp-pipelines/warp-gatk-germline-single-sample-pipeline-master/cromwell-executions1/WholeGenomeGermlineSingleSample/d3b27253-def8-4fcc-8159-f1f8d49265cf/call-BamToGvcf/VariantCalling/17899b18-eba4-4779-b361-f95638baf358/call-Reblock/execution/ERR3684866_ILMN_gvcf_run23.hard-filtered.rb.g.vcf.gz",
    "WholeGenomeGermlineSingleSample.unsorted_read_group_base_distribution_by_cycle_pdf": ["/mnt/nas1/projects/lasr/blendseq/warp-pipelines/warp-gatk-germline-single-sample-pipeline-master/cromwell-executions1/WholeGenomeGermlineSingleSample/d3b27253-def8-4fcc-8159-f1f8d49265cf/call-UnmappedBamToAlignedBam/UnmappedBamToAlignedBam/3102800d-c908-42dc-bfb2-6f5ddbcd42a0/call-CollectUnsortedReadgroupBamQualityMetrics/shard-0/execution/ERR3684866_ILMN.readgroup.base_distribution_by_cycle.pdf"],
    "WholeGenomeGermlineSingleSample.output_cram_index": "/mnt/nas1/projects/lasr/blendseq/warp-pipelines/warp-gatk-germline-single-sample-pipeline-master/cromwell-executions1/WholeGenomeGermlineSingleSample/d3b27253-def8-4fcc-8159-f1f8d49265cf/call-BamToCram/BamToCram/a3f933c1-d441-488a-bc39-55bdf42dd18f/call-ConvertToCram/execution/ERR3684866_ILMN.cram.crai",
    "WholeGenomeGermlineSingleSample.gvcf_detail_metrics": "/mnt/nas1/projects/lasr/blendseq/warp-pipelines/warp-gatk-germline-single-sample-pipeline-master/cromwell-executions1/WholeGenomeGermlineSingleSample/d3b27253-def8-4fcc-8159-f1f8d49265cf/call-BamToGvcf/VariantCalling/17899b18-eba4-4779-b361-f95638baf358/call-CollectVariantCallingMetrics/execution/ERR3684866_ILMN_gvcf_run23.variant_calling_detail_metrics",
    "WholeGenomeGermlineSingleSample.calculate_read_group_checksum_md5": "/mnt/nas1/projects/lasr/blendseq/warp-pipelines/warp-gatk-germline-single-sample-pipeline-master/cromwell-executions1/WholeGenomeGermlineSingleSample/d3b27253-def8-4fcc-8159-f1f8d49265cf/call-AggregatedBamQC/AggregatedBamQC/46c0031a-e190-4d8c-9670-6d79b5fa4ca3/call-CalculateReadGroupChecksum/execution/ERR3684866_ILMN.aligned.duplicates_marked.recalibrated.bam.read_group_md5",
    "WholeGenomeGermlineSingleSample.read_group_gc_bias_detail_metrics": "/mnt/nas1/projects/lasr/blendseq/warp-pipelines/warp-gatk-germline-single-sample-pipeline-master/cromwell-executions1/WholeGenomeGermlineSingleSample/d3b27253-def8-4fcc-8159-f1f8d49265cf/call-AggregatedBamQC/AggregatedBamQC/46c0031a-e190-4d8c-9670-6d79b5fa4ca3/call-CollectReadgroupBamQualityMetrics/execution/ERR3684866_ILMN.readgroup.gc_bias.detail_metrics",
    "WholeGenomeGermlineSingleSample.selfSM": "/mnt/nas1/projects/lasr/blendseq/warp-pipelines/warp-gatk-germline-single-sample-pipeline-master/cromwell-executions1/WholeGenomeGermlineSingleSample/d3b27253-def8-4fcc-8159-f1f8d49265cf/call-UnmappedBamToAlignedBam/UnmappedBamToAlignedBam/3102800d-c908-42dc-bfb2-6f5ddbcd42a0/call-CheckContamination/execution/ERR3684866_ILMN.preBqsr.selfSM",
    "WholeGenomeGermlineSingleSample.validate_cram_file_report": "/mnt/nas1/projects/lasr/blendseq/warp-pipelines/warp-gatk-germline-single-sample-pipeline-master/cromwell-executions1/WholeGenomeGermlineSingleSample/d3b27253-def8-4fcc-8159-f1f8d49265cf/call-BamToCram/BamToCram/a3f933c1-d441-488a-bc39-55bdf42dd18f/call-ValidateCram/execution/ERR3684866_ILMN.cram.validation_report",
    "WholeGenomeGermlineSingleSample.unsorted_read_group_insert_size_histogram_pdf": ["/mnt/nas1/projects/lasr/blendseq/warp-pipelines/warp-gatk-germline-single-sample-pipeline-master/cromwell-executions1/WholeGenomeGermlineSingleSample/d3b27253-def8-4fcc-8159-f1f8d49265cf/call-UnmappedBamToAlignedBam/UnmappedBamToAlignedBam/3102800d-c908-42dc-bfb2-6f5ddbcd42a0/call-CollectUnsortedReadgroupBamQualityMetrics/shard-0/execution/ERR3684866_ILMN.readgroup.insert_size_histogram.pdf"],
    "WholeGenomeGermlineSingleSample.wgs_metrics": "/mnt/nas1/projects/lasr/blendseq/warp-pipelines/warp-gatk-germline-single-sample-pipeline-master/cromwell-executions1/WholeGenomeGermlineSingleSample/d3b27253-def8-4fcc-8159-f1f8d49265cf/call-CollectWgsMetrics/execution/ERR3684866_ILMN.wgs_metrics",
    "WholeGenomeGermlineSingleSample.agg_quality_distribution_metrics": "/mnt/nas1/projects/lasr/blendseq/warp-pipelines/warp-gatk-germline-single-sample-pipeline-master/cromwell-executions1/WholeGenomeGermlineSingleSample/d3b27253-def8-4fcc-8159-f1f8d49265cf/call-AggregatedBamQC/AggregatedBamQC/46c0031a-e190-4d8c-9670-6d79b5fa4ca3/call-CollectAggregationMetrics/execution/ERR3684866_ILMN.quality_distribution_metrics",
    "WholeGenomeGermlineSingleSample.agg_bait_bias_summary_metrics": "/mnt/nas1/projects/lasr/blendseq/warp-pipelines/warp-gatk-germline-single-sample-pipeline-master/cromwell-executions1/WholeGenomeGermlineSingleSample/d3b27253-def8-4fcc-8159-f1f8d49265cf/call-AggregatedBamQC/AggregatedBamQC/46c0031a-e190-4d8c-9670-6d79b5fa4ca3/call-CollectAggregationMetrics/execution/ERR3684866_ILMN.bait_bias_summary_metrics",
    "WholeGenomeGermlineSingleSample.read_group_gc_bias_summary_metrics": "/mnt/nas1/projects/lasr/blendseq/warp-pipelines/warp-gatk-germline-single-sample-pipeline-master/cromwell-executions1/WholeGenomeGermlineSingleSample/d3b27253-def8-4fcc-8159-f1f8d49265cf/call-AggregatedBamQC/AggregatedBamQC/46c0031a-e190-4d8c-9670-6d79b5fa4ca3/call-CollectReadgroupBamQualityMetrics/execution/ERR3684866_ILMN.readgroup.gc_bias.summary_metrics",
    "WholeGenomeGermlineSingleSample.agg_insert_size_histogram_pdf": "/mnt/nas1/projects/lasr/blendseq/warp-pipelines/warp-gatk-germline-single-sample-pipeline-master/cromwell-executions1/WholeGenomeGermlineSingleSample/d3b27253-def8-4fcc-8159-f1f8d49265cf/call-AggregatedBamQC/AggregatedBamQC/46c0031a-e190-4d8c-9670-6d79b5fa4ca3/call-CollectAggregationMetrics/execution/ERR3684866_ILMN.insert_size_histogram.pdf",
    "WholeGenomeGermlineSingleSample.agg_bait_bias_detail_metrics": "/mnt/nas1/projects/lasr/blendseq/warp-pipelines/warp-gatk-germline-single-sample-pipeline-master/cromwell-executions1/WholeGenomeGermlineSingleSample/d3b27253-def8-4fcc-8159-f1f8d49265cf/call-AggregatedBamQC/AggregatedBamQC/46c0031a-e190-4d8c-9670-6d79b5fa4ca3/call-CollectAggregationMetrics/execution/ERR3684866_ILMN.bait_bias_detail_metrics",
    "WholeGenomeGermlineSingleSample.fingerprint_detail_metrics": null,
    "WholeGenomeGermlineSingleSample.unsorted_read_group_quality_by_cycle_pdf": ["/mnt/nas1/projects/lasr/blendseq/warp-pipelines/warp-gatk-germline-single-sample-pipeline-master/cromwell-executions1/WholeGenomeGermlineSingleSample/d3b27253-def8-4fcc-8159-f1f8d49265cf/call-UnmappedBamToAlignedBam/UnmappedBamToAlignedBam/3102800d-c908-42dc-bfb2-6f5ddbcd42a0/call-CollectUnsortedReadgroupBamQualityMetrics/shard-0/execution/ERR3684866_ILMN.readgroup.quality_by_cycle.pdf"],
    "WholeGenomeGermlineSingleSample.output_bqsr_reports": null,
    "WholeGenomeGermlineSingleSample.quality_yield_metrics": ["/mnt/nas1/projects/lasr/blendseq/warp-pipelines/warp-gatk-germline-single-sample-pipeline-master/cromwell-executions1/WholeGenomeGermlineSingleSample/d3b27253-def8-4fcc-8159-f1f8d49265cf/call-UnmappedBamToAlignedBam/UnmappedBamToAlignedBam/3102800d-c908-42dc-bfb2-6f5ddbcd42a0/call-CollectQualityYieldMetrics/shard-0/execution/ERR3684866_ILMN.unmapped.quality_yield_metrics"]
  },
  "id": "d3b27253-def8-4fcc-8159-f1f8d49265cf"
}
[2026-04-09 22:08:01,13] [info] Workflow polling stopped
[2026-04-09 22:08:01,15] [info] 0 workflows released by cromid-e5cb535
[2026-04-09 22:08:01,16] [info] Shutting down WorkflowStoreActor - Timeout = 5 seconds
[2026-04-09 22:08:01,16] [info] Shutting down WorkflowLogCopyRouter - Timeout = 5 seconds
[2026-04-09 22:08:01,16] [info] Shutting down JobExecutionTokenDispenser - Timeout = 5 seconds
[2026-04-09 22:08:01,16] [info] JobExecutionTokenDispenser stopped
[2026-04-09 22:08:01,17] [info] Aborting all running workflows.
[2026-04-09 22:08:01,17] [info] WorkflowStoreActor stopped
[2026-04-09 22:08:01,17] [info] WorkflowLogCopyRouter stopped
[2026-04-09 22:08:01,17] [info] Shutting down WorkflowManagerActor - Timeout = 3600 seconds
[2026-04-09 22:08:01,17] [info] WorkflowManagerActor: All workflows finished
[2026-04-09 22:08:01,17] [info] WorkflowManagerActor stopped
[2026-04-09 22:08:01,31] [info] Connection pools shut down
[2026-04-09 22:08:01,32] [info] Shutting down SubWorkflowStoreActor - Timeout = 1800 seconds
[2026-04-09 22:08:01,32] [info] Shutting down JobStoreActor - Timeout = 1800 seconds
[2026-04-09 22:08:01,32] [info] Shutting down CallCacheWriteActor - Timeout = 1800 seconds
[2026-04-09 22:08:01,32] [info] Shutting down ServiceRegistryActor - Timeout = 1800 seconds
[2026-04-09 22:08:01,32] [info] Shutting down DockerHashActor - Timeout = 1800 seconds
[2026-04-09 22:08:01,32] [info] Shutting down IoProxy - Timeout = 1800 seconds
[2026-04-09 22:08:01,32] [info] SubWorkflowStoreActor stopped
[2026-04-09 22:08:01,32] [info] JobStoreActor stopped
[2026-04-09 22:08:01,32] [info] DockerHashActor stopped
[2026-04-09 22:08:01,32] [info] IoProxy stopped
[2026-04-09 22:08:01,32] [info] KvWriteActor Shutting down: 0 queued messages to process
[2026-04-09 22:08:01,32] [info] CallCacheWriteActor Shutting down: 0 queued messages to process
[2026-04-09 22:08:01,32] [info] WriteMetadataActor Shutting down: 0 queued messages to process
[2026-04-09 22:08:01,32] [info] CallCacheWriteActor stopped
[2026-04-09 22:08:01,33] [info] ServiceRegistryActor stopped
[2026-04-09 22:08:01,33] [info] Shutting down connection pool: curAllocated=1 idleQueues.size=1 waitQueue.size=0 maxWaitQueueLimit=256 closed=false
[2026-04-09 22:08:01,33] [info] Shutting down connection pool: curAllocated=0 idleQueues.size=0 waitQueue.size=0 maxWaitQueueLimit=256 closed=false
[2026-04-09 22:08:01,33] [info] Shutting down connection pool: curAllocated=0 idleQueues.size=0 waitQueue.size=0 maxWaitQueueLimit=256 closed=false
[2026-04-09 22:08:01,34] [info] Database closed
[2026-04-09 22:08:01,34] [info] Stream materializer shut down
[2026-04-09 22:08:01,34] [info] WDL HTTP import resolver closed
