[2026-03-26 15:42:37,92] [info] Running with database db.url = jdbc:hsqldb:mem:4a945177-67af-4f39-8fb5-8584cec7bcb6;shutdown=false;hsqldb.tx=mvcc
[2026-03-26 15:42:40,43] [info] Running migration RenameWorkflowOptionsInMetadata with a read batch size of 100000 and a write batch size of 100000
[2026-03-26 15:42:40,44] [info] [RenameWorkflowOptionsInMetadata] 100%
[2026-03-26 15:42:40,71] [info] Running with database db.url = jdbc:hsqldb:mem:2d1d91d8-d7c4-488e-a5bc-ac6cc396b0bb;shutdown=false;hsqldb.tx=mvcc
[2026-03-26 15:42:41,19] [info] Slf4jLogger started
[2026-03-26 15:42:41,37] [info] Workflow heartbeat configuration:
{
  "cromwellId" : "cromid-97d0016",
  "heartbeatInterval" : "2 minutes",
  "ttl" : "10 minutes",
  "failureShutdownDuration" : "5 minutes",
  "writeBatchSize" : 10000,
  "writeThreshold" : 10000
}
[2026-03-26 15:42:41,44] [info] Metadata summary refreshing every 1 second.
[2026-03-26 15:42:41,44] [info] No metadata archiver defined in config
[2026-03-26 15:42:41,44] [info] No metadata deleter defined in config
[2026-03-26 15:42:41,45] [info] CallCacheWriteActor configured to flush with batch size 100 and process rate 3 seconds.
[2026-03-26 15:42:41,45] [info] KvWriteActor configured to flush with batch size 200 and process rate 5 seconds.
[2026-03-26 15:42:41,46] [info] WriteMetadataActor configured to flush with batch size 200 and process rate 5 seconds.
[2026-03-26 15:42:41,54] [info] JobRestartCheckTokenDispenser - Distribution rate: 50 per 1 seconds.
[2026-03-26 15:42:41,55] [info] JobExecutionTokenDispenser - Distribution rate: 20 per 10 seconds.
[2026-03-26 15:42:41,58] [info] GroupMetricsActor configured to log groups experiencing quota exhaustion at interval of 5 minutes.
[2026-03-26 15:42:41,63] [info] SingleWorkflowRunnerActor: Version 91
[2026-03-26 15:42:41,64] [info] SingleWorkflowRunnerActor: Submitting workflow
[2026-03-26 15:42:41,70] [info] Unspecified type (Unspecified version) workflow e1bc4c5d-f439-4a4a-8850-28087bc544a9 submitted
[2026-03-26 15:42:41,73] [info] SingleWorkflowRunnerActor: Workflow submitted [38;5;2me1bc4c5d-f439-4a4a-8850-28087bc544a9[0m
[2026-03-26 15:42:41,74] [info] 1 new workflows fetched by cromid-97d0016: e1bc4c5d-f439-4a4a-8850-28087bc544a9
[2026-03-26 15:42:41,75] [info] WorkflowManagerActor: Starting workflow [38;5;2me1bc4c5d-f439-4a4a-8850-28087bc544a9[0m
[2026-03-26 15:42:41,76] [info] WorkflowManagerActor: Successfully started WorkflowActor-e1bc4c5d-f439-4a4a-8850-28087bc544a9
[2026-03-26 15:42:41,76] [info] Retrieved 1 workflows from the WorkflowStoreActor
[2026-03-26 15:42:41,79] [info] WorkflowStoreHeartbeatWriteActor configured to flush with batch size 10000 and process rate 2 minutes.
[2026-03-26 15:42:41,90] [info] MaterializeWorkflowDescriptorActor [[38;5;2me1bc4c5d[0m]: Parsing workflow as WDL 1.0
[2026-03-26 15:42:43,64] [info] MaterializeWorkflowDescriptorActor [[38;5;2me1bc4c5d[0m]: Call-to-Backend assignments: UnmappedBamToAlignedBam.SamToFastqAndBwaMemAndMba -> Docker, SplitLargeReadGroup.SamSplitter -> Docker, VariantCalling.ValidateVCF -> Docker, AggregatedBamQC.CalculateReadGroupChecksum -> Docker, BamToCram.ValidateCram -> Docker, VariantCalling.CollectVariantCallingMetrics -> Docker, WholeGenomeGermlineSingleSample.DragenModeVariantCallingAndGATK3Error -> Docker, AggregatedBamQC.CollectReadgroupBamQualityMetrics -> Docker, UnmappedBamToAlignedBam.BaseRecalibrator -> Docker, UnmappedBamToAlignedBam.CreateSequenceGroupingTSV -> Docker, VariantCalling.HaplotypeCallerGATK3 -> Docker, VariantCalling.MergeBamouts -> Docker, AggregatedBamQC.CheckFingerprintTask -> Docker, SplitLargeReadGroup.SamToFastqAndBwaMemAndMba -> Docker, VariantCalling.DragenHardFilterVcf -> Docker, WholeGenomeGermlineSingleSample.PresetArgumentsError -> Docker, UnmappedBamToAlignedBam.GatherBamFiles -> Docker, VariantCalling.ScatterIntervalList -> Docker, UnmappedBamToAlignedBam.CheckContamination -> Docker, VariantCalling.HaplotypeCallerGATK4 -> Docker, VariantCalling.MergeVCFs -> Docker, UnmappedBamToAlignedBam.GatherBqsrReports -> Docker, UnmappedBamToAlignedBam.SortSampleBam -> Docker, VariantCalling.SortBamout -> Docker, UnmappedBamToAlignedBam.CrossCheckFingerprints -> Docker, WholeGenomeGermlineSingleSample.CollectWgsMetrics -> Docker, UnmappedBamToAlignedBam.CollectUnsortedReadgroupBamQualityMetrics -> Docker, VariantCalling.DragstrAutoCalibration -> Docker, UnmappedBamToAlignedBam.ApplyBQSR -> Docker, UnmappedBamToAlignedBam.SamToFastqAndDragmapAndMba -> Docker, UnmappedBamToAlignedBam.MarkDuplicates -> Docker, WholeGenomeGermlineSingleSample.CollectRawWgsMetrics -> Docker, VariantCalling.ErrorMessageIncorrectInput -> Docker, AggregatedBamQC.CollectAggregationMetrics -> Docker, BamToCram.ConvertToCram -> Docker, SplitLargeReadGroup.SamToFastqAndDragmapAndMba -> Docker, BamToCram.CheckPreValidation -> Docker, SplitLargeReadGroup.GatherMonolithicBamFile -> Docker, UnmappedBamToAlignedBam.CollectQualityYieldMetrics -> Docker, VariantCalling.Reblock -> Docker
[2026-03-26 15:42:43,80] [[38;5;220mwarn[0m] Docker [[38;5;2me1bc4c5d[0m]: Key/s [preemptible, disks, cpu, memory] is/are not supported by backend. Unsupported attributes will not be part of job executions.
[2026-03-26 15:42:43,80] [[38;5;220mwarn[0m] Docker [[38;5;2me1bc4c5d[0m]: Key/s [preemptible, memory, disks] is/are not supported by backend. Unsupported attributes will not be part of job executions.
[2026-03-26 15:42:43,81] [[38;5;220mwarn[0m] Docker [[38;5;2me1bc4c5d[0m]: Key/s [preemptible, bootDiskSizeGb, disks, memory] is/are not supported by backend. Unsupported attributes will not be part of job executions.
[2026-03-26 15:42:43,81] [[38;5;220mwarn[0m] Docker [[38;5;2me1bc4c5d[0m]: Key/s [preemptible, memory, disks] is/are not supported by backend. Unsupported attributes will not be part of job executions.
[2026-03-26 15:42:43,81] [[38;5;220mwarn[0m] Docker [[38;5;2me1bc4c5d[0m]: Key/s [preemptible, memory, disks] is/are not supported by backend. Unsupported attributes will not be part of job executions.
[2026-03-26 15:42:43,81] [[38;5;220mwarn[0m] Docker [[38;5;2me1bc4c5d[0m]: Key/s [preemptible, memory, disks] is/are not supported by backend. Unsupported attributes will not be part of job executions.
[2026-03-26 15:42:43,81] [[38;5;220mwarn[0m] Docker [[38;5;2me1bc4c5d[0m]: Key/s [memory, disks, preemptible] is/are not supported by backend. Unsupported attributes will not be part of job executions.
[2026-03-26 15:42:43,81] [[38;5;220mwarn[0m] Docker [[38;5;2me1bc4c5d[0m]: Key/s [preemptible, bootDiskSizeGb, disks, memory] is/are not supported by backend. Unsupported attributes will not be part of job executions.
[2026-03-26 15:42:43,81] [[38;5;220mwarn[0m] Docker [[38;5;2me1bc4c5d[0m]: Key/s [preemptible, memory] is/are not supported by backend. Unsupported attributes will not be part of job executions.
[2026-03-26 15:42:43,81] [[38;5;220mwarn[0m] Docker [[38;5;2me1bc4c5d[0m]: Key/s [preemptible, disks, cpu, memory] is/are not supported by backend. Unsupported attributes will not be part of job executions.
[2026-03-26 15:42:43,81] [[38;5;220mwarn[0m] Docker [[38;5;2me1bc4c5d[0m]: Key/s [preemptible, disks, cpu, memory] is/are not supported by backend. Unsupported attributes will not be part of job executions.
[2026-03-26 15:42:43,81] [[38;5;220mwarn[0m] Docker [[38;5;2me1bc4c5d[0m]: Key/s [disks, memory, preemptible] is/are not supported by backend. Unsupported attributes will not be part of job executions.
[2026-03-26 15:42:43,81] [[38;5;220mwarn[0m] Docker [[38;5;2me1bc4c5d[0m]: Key/s [preemptible, disks, cpu, memory] is/are not supported by backend. Unsupported attributes will not be part of job executions.
[2026-03-26 15:42:43,81] [[38;5;220mwarn[0m] Docker [[38;5;2me1bc4c5d[0m]: Key/s [preemptible, bootDiskSizeGb, disks, memory] is/are not supported by backend. Unsupported attributes will not be part of job executions.
[2026-03-26 15:42:43,81] [[38;5;220mwarn[0m] Docker [[38;5;2me1bc4c5d[0m]: Key/s [preemptible, memory, disks] is/are not supported by backend. Unsupported attributes will not be part of job executions.
[2026-03-26 15:42:43,81] [[38;5;220mwarn[0m] Docker [[38;5;2me1bc4c5d[0m]: Key/s [memory] is/are not supported by backend. Unsupported attributes will not be part of job executions.
[2026-03-26 15:42:43,81] [[38;5;220mwarn[0m] Docker [[38;5;2me1bc4c5d[0m]: Key/s [preemptible, disks, cpu, memory] is/are not supported by backend. Unsupported attributes will not be part of job executions.
[2026-03-26 15:42:43,81] [[38;5;220mwarn[0m] Docker [[38;5;2me1bc4c5d[0m]: Key/s [preemptible, bootDiskSizeGb, disks, cpu, memory] is/are not supported by backend. Unsupported attributes will not be part of job executions.
[2026-03-26 15:42:43,81] [[38;5;220mwarn[0m] Docker [[38;5;2me1bc4c5d[0m]: Key/s [preemptible, memory, disks] is/are not supported by backend. Unsupported attributes will not be part of job executions.
[2026-03-26 15:42:43,81] [[38;5;220mwarn[0m] Docker [[38;5;2me1bc4c5d[0m]: Key/s [preemptible, bootDiskSizeGb, disks, memory] is/are not supported by backend. Unsupported attributes will not be part of job executions.
[2026-03-26 15:42:43,81] [[38;5;220mwarn[0m] Docker [[38;5;2me1bc4c5d[0m]: Key/s [preemptible, disks, cpu, memory] is/are not supported by backend. Unsupported attributes will not be part of job executions.
[2026-03-26 15:42:43,81] [[38;5;220mwarn[0m] Docker [[38;5;2me1bc4c5d[0m]: Key/s [preemptible, disks, cpu, memory] is/are not supported by backend. Unsupported attributes will not be part of job executions.
[2026-03-26 15:42:43,81] [[38;5;220mwarn[0m] Docker [[38;5;2me1bc4c5d[0m]: Key/s [preemptible, memory, disks] is/are not supported by backend. Unsupported attributes will not be part of job executions.
[2026-03-26 15:42:43,81] [[38;5;220mwarn[0m] Docker [[38;5;2me1bc4c5d[0m]: Key/s [preemptible, memory, disks] is/are not supported by backend. Unsupported attributes will not be part of job executions.
[2026-03-26 15:42:43,82] [[38;5;220mwarn[0m] Docker [[38;5;2me1bc4c5d[0m]: Key/s [memory, disks, preemptible] is/are not supported by backend. Unsupported attributes will not be part of job executions.
[2026-03-26 15:42:43,82] [[38;5;220mwarn[0m] Docker [[38;5;2me1bc4c5d[0m]: Key/s [preemptible, disks, cpu, memory] is/are not supported by backend. Unsupported attributes will not be part of job executions.
[2026-03-26 15:42:43,82] [[38;5;220mwarn[0m] Docker [[38;5;2me1bc4c5d[0m]: Key/s [preemptible, bootDiskSizeGb, disks, memory] is/are not supported by backend. Unsupported attributes will not be part of job executions.
[2026-03-26 15:42:43,82] [[38;5;220mwarn[0m] Docker [[38;5;2me1bc4c5d[0m]: Key/s [preemptible, disks, cpu, memory] is/are not supported by backend. Unsupported attributes will not be part of job executions.
[2026-03-26 15:42:43,82] [[38;5;220mwarn[0m] Docker [[38;5;2me1bc4c5d[0m]: Key/s [preemptible, memory, disks] is/are not supported by backend. Unsupported attributes will not be part of job executions.
[2026-03-26 15:42:43,82] [[38;5;220mwarn[0m] Docker [[38;5;2me1bc4c5d[0m]: Key/s [preemptible, memory, disks] is/are not supported by backend. Unsupported attributes will not be part of job executions.
[2026-03-26 15:42:43,82] [[38;5;220mwarn[0m] Docker [[38;5;2me1bc4c5d[0m]: Key/s [memory, disks, preemptible] is/are not supported by backend. Unsupported attributes will not be part of job executions.
[2026-03-26 15:42:43,82] [[38;5;220mwarn[0m] Docker [[38;5;2me1bc4c5d[0m]: Key/s [preemptible, disks, cpu, memory] is/are not supported by backend. Unsupported attributes will not be part of job executions.
[2026-03-26 15:42:43,82] [[38;5;220mwarn[0m] Docker [[38;5;2me1bc4c5d[0m]: Key/s [preemptible, disks, cpu, memory] is/are not supported by backend. Unsupported attributes will not be part of job executions.
[2026-03-26 15:42:43,82] [[38;5;220mwarn[0m] Docker [[38;5;2me1bc4c5d[0m]: Key/s [preemptible, memory] is/are not supported by backend. Unsupported attributes will not be part of job executions.
[2026-03-26 15:42:43,82] [[38;5;220mwarn[0m] Docker [[38;5;2me1bc4c5d[0m]: Key/s [preemptible, memory, disks] is/are not supported by backend. Unsupported attributes will not be part of job executions.
[2026-03-26 15:42:43,82] [[38;5;220mwarn[0m] Docker [[38;5;2me1bc4c5d[0m]: Key/s [disks, memory, preemptible] is/are not supported by backend. Unsupported attributes will not be part of job executions.
[2026-03-26 15:42:43,82] [[38;5;220mwarn[0m] Docker [[38;5;2me1bc4c5d[0m]: Key/s [preemptible, bootDiskSizeGb, disks, memory] is/are not supported by backend. Unsupported attributes will not be part of job executions.
[2026-03-26 15:42:46,56] [info] Not triggering log of restart checking token queue status. Effective log interval = None
[2026-03-26 15:42:46,56] [info] Not triggering log of execution token queue status. Effective log interval = None
[2026-03-26 15:42:47,08] [info] e1bc4c5d-f439-4a4a-8850-28087bc544a9-SubWorkflowExecutionActor-SubWorkflow-UnmappedBamToAlignedBam:-1:1 [[38;5;2me1bc4c5d[0mSubWorkflow-UnmappedBamToAlignedBam:-1:1]: Running subworkflow: 988a0a52-89a4-4590-b810-0197d5b56440, root: e1bc4c5d-f439-4a4a-8850-28087bc544a9
[2026-03-26 15:42:49,13] [info] 988a0a52-89a4-4590-b810-0197d5b56440-SubWorkflowActor-SubWorkflow-UnmappedBamToAlignedBam:-1:1 [[38;5;2m988a0a52[0m]: Starting UnmappedBamToAlignedBam.CreateSequenceGroupingTSV
[2026-03-26 15:42:51,58] [info] Assigned new job execution tokens to the following groups: e1bc4c5d: 1
[2026-03-26 15:42:52,30] [info] 988a0a52-89a4-4590-b810-0197d5b56440-SubWorkflowActor-SubWorkflow-UnmappedBamToAlignedBam:-1:1 [[38;5;2m988a0a52[0m]: Starting UnmappedBamToAlignedBam.CollectQualityYieldMetrics
[2026-03-26 15:42:52,96] [[38;5;220mwarn[0m] BackgroundConfigAsyncJobExecutionActor [[38;5;2m988a0a52[0mUnmappedBamToAlignedBam.CreateSequenceGroupingTSV:NA:1]: Unrecognized runtime attribute keys: preemptible, memory
[2026-03-26 15:42:53,05] [info] BackgroundConfigAsyncJobExecutionActor [[38;5;2m988a0a52[0mUnmappedBamToAlignedBam.CreateSequenceGroupingTSV:NA:1]: [38;5;5mpython3 <<CODE
with open("/cromwell-executions1/WholeGenomeGermlineSingleSample/e1bc4c5d-f439-4a4a-8850-28087bc544a9/call-UnmappedBamToAlignedBam/UnmappedBamToAlignedBam/988a0a52-89a4-4590-b810-0197d5b56440/call-CreateSequenceGroupingTSV/inputs/-1569105944/Homo_sapiens_assembly38_masked.dict", "r") as ref_dict_file:
    sequence_tuple_list = []
    longest_sequence = 0
    for line in ref_dict_file:
        if line.startswith("@SQ"):
            line_split = line.split("\t")
            # (Sequence_Name, Sequence_Length)
            sequence_tuple_list.append((line_split[1].split("SN:")[1], int(line_split[2].split("LN:")[1])))
    longest_sequence = sorted(sequence_tuple_list, key=lambda x: x[1], reverse=True)[0][1]
# We are adding this to the intervals because hg38 has contigs named with embedded colons and a bug in GATK strips off
# the last element after a :, so we add this as a sacrificial element.
hg38_protection_tag = ":1+"
# initialize the tsv string with the first sequence
tsv_string = sequence_tuple_list[0][0] + hg38_protection_tag
temp_size = sequence_tuple_list[0][1]
for sequence_tuple in sequence_tuple_list[1:]:
    if temp_size + sequence_tuple[1] <= longest_sequence:
        temp_size += sequence_tuple[1]
        tsv_string += "\t" + sequence_tuple[0] + hg38_protection_tag
    else:
        tsv_string += "\n" + sequence_tuple[0] + hg38_protection_tag
        temp_size = sequence_tuple[1]
# add the unmapped sequences as a separate line to ensure that they are recalibrated as well
with open("sequence_grouping.txt","w") as tsv_file:
  tsv_file.write(tsv_string)
  tsv_file.close()

tsv_string += '\n' + "unmapped"

with open("sequence_grouping_with_unmapped.txt","w") as tsv_file_with_unmapped:
  tsv_file_with_unmapped.write(tsv_string)
  tsv_file_with_unmapped.close()
CODE[0m
[2026-03-26 15:42:53,17] [info] BackgroundConfigAsyncJobExecutionActor [[38;5;2m988a0a52[0mUnmappedBamToAlignedBam.CreateSequenceGroupingTSV:NA:1]: executing: # make sure there is no preexisting Docker CID file
rm -f /home/darja/workflow/cromwell-executions1/WholeGenomeGermlineSingleSample/e1bc4c5d-f439-4a4a-8850-28087bc544a9/call-UnmappedBamToAlignedBam/UnmappedBamToAlignedBam/988a0a52-89a4-4590-b810-0197d5b56440/call-CreateSequenceGroupingTSV/execution/docker_cid
# run as in the original configuration without --rm flag (will remove later)
docker run \
  --cidfile /home/darja/workflow/cromwell-executions1/WholeGenomeGermlineSingleSample/e1bc4c5d-f439-4a4a-8850-28087bc544a9/call-UnmappedBamToAlignedBam/UnmappedBamToAlignedBam/988a0a52-89a4-4590-b810-0197d5b56440/call-CreateSequenceGroupingTSV/execution/docker_cid \
  -i \
  --user 1027:1028 \
  --cpus="64" \
  --memory="409600m" \
  --entrypoint /bin/bash \
  -v /home/darja/workflow/cromwell-executions1/WholeGenomeGermlineSingleSample/e1bc4c5d-f439-4a4a-8850-28087bc544a9/call-UnmappedBamToAlignedBam/UnmappedBamToAlignedBam/988a0a52-89a4-4590-b810-0197d5b56440/call-CreateSequenceGroupingTSV:/cromwell-executions1/WholeGenomeGermlineSingleSample/e1bc4c5d-f439-4a4a-8850-28087bc544a9/call-UnmappedBamToAlignedBam/UnmappedBamToAlignedBam/988a0a52-89a4-4590-b810-0197d5b56440/call-CreateSequenceGroupingTSV \
  -v /mnt/nas1/projects/lasr/blendseq:/mnt/nas1/projects/lasr/blendseq \
  us.gcr.io/broad-dsp-gcr-public/base/python@sha256:af87295ec55957b9997a20803e5e612fe819e39be40a6cd817d696f6b758ad1a /cromwell-executions1/WholeGenomeGermlineSingleSample/e1bc4c5d-f439-4a4a-8850-28087bc544a9/call-UnmappedBamToAlignedBam/UnmappedBamToAlignedBam/988a0a52-89a4-4590-b810-0197d5b56440/call-CreateSequenceGroupingTSV/execution/script

# get the return code (working even if the container was detached)
rc=$(docker wait [38;5;5mcat /home/darja/workflow/cromwell-executions1/WholeGenomeGermlineSingleSample/e1bc4c5d-f439-4a4a-8850-28087bc544a9/call-UnmappedBamToAlignedBam/UnmappedBamToAlignedBam/988a0a52-89a4-4590-b810-0197d5b56440/call-CreateSequenceGroupingTSV/execution/docker_cid[0m)

# remove the container after waiting
docker rm [38;5;5mcat /home/darja/workflow/cromwell-executions1/WholeGenomeGermlineSingleSample/e1bc4c5d-f439-4a4a-8850-28087bc544a9/call-UnmappedBamToAlignedBam/UnmappedBamToAlignedBam/988a0a52-89a4-4590-b810-0197d5b56440/call-CreateSequenceGroupingTSV/execution/docker_cid[0m

# return exit code
exit $rc
[2026-03-26 15:42:54,35] [info] 988a0a52-89a4-4590-b810-0197d5b56440-SubWorkflowExecutionActor-SubWorkflow-SplitRG:0:1 [[38;5;2m988a0a52[0mSubWorkflow-SplitRG:0:1]: Running subworkflow: 4fb0aa59-4201-4280-ada9-e038759d61c4, root: e1bc4c5d-f439-4a4a-8850-28087bc544a9
[2026-03-26 15:42:56,39] [info] 4fb0aa59-4201-4280-ada9-e038759d61c4-SubWorkflowActor-SubWorkflow-SplitRG:0:1 [[38;5;2m4fb0aa59[0m]: Starting SplitLargeReadGroup.SamSplitter
[2026-03-26 15:42:56,49] [info] BackgroundConfigAsyncJobExecutionActor [[38;5;2m988a0a52[0mUnmappedBamToAlignedBam.CreateSequenceGroupingTSV:NA:1]: job id: 483082
[2026-03-26 15:42:56,50] [info] BackgroundConfigAsyncJobExecutionActor [[38;5;2m988a0a52[0mUnmappedBamToAlignedBam.CreateSequenceGroupingTSV:NA:1]: Status change from - to Done
[2026-03-26 15:43:01,57] [info] Assigned new job execution tokens to the following groups: e1bc4c5d: 1
[2026-03-26 15:43:02,18] [[38;5;220mwarn[0m] BackgroundConfigAsyncJobExecutionActor [[38;5;2m988a0a52[0mUnmappedBamToAlignedBam.CollectQualityYieldMetrics:0:1]: Unrecognized runtime attribute keys: preemptible, disks, memory
[2026-03-26 15:43:02,19] [info] BackgroundConfigAsyncJobExecutionActor [[38;5;2m988a0a52[0mUnmappedBamToAlignedBam.CollectQualityYieldMetrics:0:1]: [38;5;5mjava -Xms300g -Xmx300g -jar /usr/picard/picard.jar \
  CollectQualityYieldMetrics \
  INPUT=/cromwell-executions1/WholeGenomeGermlineSingleSample/e1bc4c5d-f439-4a4a-8850-28087bc544a9/call-UnmappedBamToAlignedBam/UnmappedBamToAlignedBam/988a0a52-89a4-4590-b810-0197d5b56440/call-CollectQualityYieldMetrics/shard-0/inputs/1329413647/ERR3684866_ILMN.unmapped.bam \
  OQ=true \
  OUTPUT=ERR3684866_ILMN.unmapped.quality_yield_metrics[0m
[2026-03-26 15:43:02,20] [info] BackgroundConfigAsyncJobExecutionActor [[38;5;2m988a0a52[0mUnmappedBamToAlignedBam.CollectQualityYieldMetrics:0:1]: executing: # make sure there is no preexisting Docker CID file
rm -f /home/darja/workflow/cromwell-executions1/WholeGenomeGermlineSingleSample/e1bc4c5d-f439-4a4a-8850-28087bc544a9/call-UnmappedBamToAlignedBam/UnmappedBamToAlignedBam/988a0a52-89a4-4590-b810-0197d5b56440/call-CollectQualityYieldMetrics/shard-0/execution/docker_cid
# run as in the original configuration without --rm flag (will remove later)
docker run \
  --cidfile /home/darja/workflow/cromwell-executions1/WholeGenomeGermlineSingleSample/e1bc4c5d-f439-4a4a-8850-28087bc544a9/call-UnmappedBamToAlignedBam/UnmappedBamToAlignedBam/988a0a52-89a4-4590-b810-0197d5b56440/call-CollectQualityYieldMetrics/shard-0/execution/docker_cid \
  -i \
  --user 1027:1028 \
  --cpus="64" \
  --memory="409600m" \
  --entrypoint /bin/bash \
  -v /home/darja/workflow/cromwell-executions1/WholeGenomeGermlineSingleSample/e1bc4c5d-f439-4a4a-8850-28087bc544a9/call-UnmappedBamToAlignedBam/UnmappedBamToAlignedBam/988a0a52-89a4-4590-b810-0197d5b56440/call-CollectQualityYieldMetrics/shard-0:/cromwell-executions1/WholeGenomeGermlineSingleSample/e1bc4c5d-f439-4a4a-8850-28087bc544a9/call-UnmappedBamToAlignedBam/UnmappedBamToAlignedBam/988a0a52-89a4-4590-b810-0197d5b56440/call-CollectQualityYieldMetrics/shard-0 \
  -v /mnt/nas1/projects/lasr/blendseq:/mnt/nas1/projects/lasr/blendseq \
  us.gcr.io/broad-gotc-prod/picard-cloud@sha256:e5ad5339080c3107c04e4a4d000b8ab06f472b77019debc3ff75499d28995b0c /cromwell-executions1/WholeGenomeGermlineSingleSample/e1bc4c5d-f439-4a4a-8850-28087bc544a9/call-UnmappedBamToAlignedBam/UnmappedBamToAlignedBam/988a0a52-89a4-4590-b810-0197d5b56440/call-CollectQualityYieldMetrics/shard-0/execution/script

# get the return code (working even if the container was detached)
rc=$(docker wait [38;5;5mcat /home/darja/workflow/cromwell-executions1/WholeGenomeGermlineSingleSample/e1bc4c5d-f439-4a4a-8850-28087bc544a9/call-UnmappedBamToAlignedBam/UnmappedBamToAlignedBam/988a0a52-89a4-4590-b810-0197d5b56440/call-CollectQualityYieldMetrics/shard-0/execution/docker_cid[0m)

# remove the container after waiting
docker rm [38;5;5mcat /home/darja/workflow/cromwell-executions1/WholeGenomeGermlineSingleSample/e1bc4c5d-f439-4a4a-8850-28087bc544a9/call-UnmappedBamToAlignedBam/UnmappedBamToAlignedBam/988a0a52-89a4-4590-b810-0197d5b56440/call-CollectQualityYieldMetrics/shard-0/execution/docker_cid[0m

# return exit code
exit $rc
[2026-03-26 15:43:06,47] [info] BackgroundConfigAsyncJobExecutionActor [[38;5;2m988a0a52[0mUnmappedBamToAlignedBam.CollectQualityYieldMetrics:0:1]: job id: 483397
[2026-03-26 15:43:06,47] [info] BackgroundConfigAsyncJobExecutionActor [[38;5;2m988a0a52[0mUnmappedBamToAlignedBam.CollectQualityYieldMetrics:0:1]: Status change from - to WaitingForReturnCode
[2026-03-26 16:31:04,47] [info] BackgroundConfigAsyncJobExecutionActor [[38;5;2m988a0a52[0mUnmappedBamToAlignedBam.CollectQualityYieldMetrics:0:1]: Status change from WaitingForReturnCode to Done
[2026-03-26 16:31:11,56] [info] Assigned new job execution tokens to the following groups: e1bc4c5d: 1
[2026-03-26 16:31:12,36] [[38;5;220mwarn[0m] BackgroundConfigAsyncJobExecutionActor [[38;5;2m4fb0aa59[0mSplitLargeReadGroup.SamSplitter:NA:1]: Unrecognized runtime attribute keys: preemptible, disks, memory
[2026-03-26 16:31:12,37] [info] BackgroundConfigAsyncJobExecutionActor [[38;5;2m4fb0aa59[0mSplitLargeReadGroup.SamSplitter:NA:1]: [38;5;5mset -e
mkdir output_dir

total_reads=$(samtools view -c /cromwell-executions1/WholeGenomeGermlineSingleSample/e1bc4c5d-f439-4a4a-8850-28087bc544a9/call-UnmappedBamToAlignedBam/UnmappedBamToAlignedBam/988a0a52-89a4-4590-b810-0197d5b56440/call-SplitRG/shard-0/SplitLargeReadGroup/4fb0aa59-4201-4280-ada9-e038759d61c4/call-SamSplitter/inputs/1329413647/ERR3684866_ILMN.unmapped.bam)

java -Dsamjdk.compression_level=2 -Xms300g -Xmx300g -jar /usr/gitc/picard.jar SplitSamByNumberOfReads \
  INPUT=/cromwell-executions1/WholeGenomeGermlineSingleSample/e1bc4c5d-f439-4a4a-8850-28087bc544a9/call-UnmappedBamToAlignedBam/UnmappedBamToAlignedBam/988a0a52-89a4-4590-b810-0197d5b56440/call-SplitRG/shard-0/SplitLargeReadGroup/4fb0aa59-4201-4280-ada9-e038759d61c4/call-SamSplitter/inputs/1329413647/ERR3684866_ILMN.unmapped.bam \
  OUTPUT=output_dir \
  SPLIT_TO_N_READS=48000000 \
  TOTAL_READS_IN_INPUT=$total_reads[0m
[2026-03-26 16:31:12,38] [info] BackgroundConfigAsyncJobExecutionActor [[38;5;2m4fb0aa59[0mSplitLargeReadGroup.SamSplitter:NA:1]: executing: # make sure there is no preexisting Docker CID file
rm -f /home/darja/workflow/cromwell-executions1/WholeGenomeGermlineSingleSample/e1bc4c5d-f439-4a4a-8850-28087bc544a9/call-UnmappedBamToAlignedBam/UnmappedBamToAlignedBam/988a0a52-89a4-4590-b810-0197d5b56440/call-SplitRG/shard-0/SplitLargeReadGroup/4fb0aa59-4201-4280-ada9-e038759d61c4/call-SamSplitter/execution/docker_cid
# run as in the original configuration without --rm flag (will remove later)
docker run \
  --cidfile /home/darja/workflow/cromwell-executions1/WholeGenomeGermlineSingleSample/e1bc4c5d-f439-4a4a-8850-28087bc544a9/call-UnmappedBamToAlignedBam/UnmappedBamToAlignedBam/988a0a52-89a4-4590-b810-0197d5b56440/call-SplitRG/shard-0/SplitLargeReadGroup/4fb0aa59-4201-4280-ada9-e038759d61c4/call-SamSplitter/execution/docker_cid \
  -i \
  --user 1027:1028 \
  --cpus="64" \
  --memory="409600m" \
  --entrypoint /bin/bash \
  -v /home/darja/workflow/cromwell-executions1/WholeGenomeGermlineSingleSample/e1bc4c5d-f439-4a4a-8850-28087bc544a9/call-UnmappedBamToAlignedBam/UnmappedBamToAlignedBam/988a0a52-89a4-4590-b810-0197d5b56440/call-SplitRG/shard-0/SplitLargeReadGroup/4fb0aa59-4201-4280-ada9-e038759d61c4/call-SamSplitter:/cromwell-executions1/WholeGenomeGermlineSingleSample/e1bc4c5d-f439-4a4a-8850-28087bc544a9/call-UnmappedBamToAlignedBam/UnmappedBamToAlignedBam/988a0a52-89a4-4590-b810-0197d5b56440/call-SplitRG/shard-0/SplitLargeReadGroup/4fb0aa59-4201-4280-ada9-e038759d61c4/call-SamSplitter \
  -v /mnt/nas1/projects/lasr/blendseq:/mnt/nas1/projects/lasr/blendseq \
  us.gcr.io/broad-gotc-prod/samtools-picard-bwa@sha256:68eae459869592a095b75598039a65e02dede4f6e89cb1452a6a9e673cc10fa9 /cromwell-executions1/WholeGenomeGermlineSingleSample/e1bc4c5d-f439-4a4a-8850-28087bc544a9/call-UnmappedBamToAlignedBam/UnmappedBamToAlignedBam/988a0a52-89a4-4590-b810-0197d5b56440/call-SplitRG/shard-0/SplitLargeReadGroup/4fb0aa59-4201-4280-ada9-e038759d61c4/call-SamSplitter/execution/script

# get the return code (working even if the container was detached)
rc=$(docker wait [38;5;5mcat /home/darja/workflow/cromwell-executions1/WholeGenomeGermlineSingleSample/e1bc4c5d-f439-4a4a-8850-28087bc544a9/call-UnmappedBamToAlignedBam/UnmappedBamToAlignedBam/988a0a52-89a4-4590-b810-0197d5b56440/call-SplitRG/shard-0/SplitLargeReadGroup/4fb0aa59-4201-4280-ada9-e038759d61c4/call-SamSplitter/execution/docker_cid[0m)

# remove the container after waiting
docker rm [38;5;5mcat /home/darja/workflow/cromwell-executions1/WholeGenomeGermlineSingleSample/e1bc4c5d-f439-4a4a-8850-28087bc544a9/call-UnmappedBamToAlignedBam/UnmappedBamToAlignedBam/988a0a52-89a4-4590-b810-0197d5b56440/call-SplitRG/shard-0/SplitLargeReadGroup/4fb0aa59-4201-4280-ada9-e038759d61c4/call-SamSplitter/execution/docker_cid[0m

# return exit code
exit $rc
[2026-03-26 16:31:16,47] [info] BackgroundConfigAsyncJobExecutionActor [[38;5;2m4fb0aa59[0mSplitLargeReadGroup.SamSplitter:NA:1]: job id: 484420
[2026-03-26 16:31:16,47] [info] BackgroundConfigAsyncJobExecutionActor [[38;5;2m4fb0aa59[0mSplitLargeReadGroup.SamSplitter:NA:1]: Status change from - to WaitingForReturnCode
[2026-03-26 17:53:05,35] [info] BackgroundConfigAsyncJobExecutionActor [[38;5;2m4fb0aa59[0mSplitLargeReadGroup.SamSplitter:NA:1]: Status change from WaitingForReturnCode to Done
[2026-03-26 17:53:10,79] [info] 4fb0aa59-4201-4280-ada9-e038759d61c4-SubWorkflowActor-SubWorkflow-SplitRG:0:1 [[38;5;2m4fb0aa59[0m]: Starting SplitLargeReadGroup.SamToFastqAndDragmapAndMba (33 shards)
[2026-03-26 17:53:11,56] [info] Assigned new job execution tokens to the following groups: e1bc4c5d: 1
[2026-03-26 17:53:12,40] [[38;5;220mwarn[0m] BackgroundConfigAsyncJobExecutionActor [[38;5;2m4fb0aa59[0mSplitLargeReadGroup.SamToFastqAndDragmapAndMba:17:1]: Unrecognized runtime attribute keys: preemptible, disks, cpu, memory
[2026-03-26 17:53:14,52] [info] BackgroundConfigAsyncJobExecutionActor [[38;5;2m4fb0aa59[0mSplitLargeReadGroup.SamToFastqAndDragmapAndMba:17:1]: [38;5;5mset -euxo pipefail

DRAGMAP_VERSION=$(dragen-os --version)

if [ -z ${DRAGMAP_VERSION} ]; then
    exit 1;
fi

mkdir dragen_reference
mv /cromwell-executions1/WholeGenomeGermlineSingleSample/e1bc4c5d-f439-4a4a-8850-28087bc544a9/call-UnmappedBamToAlignedBam/UnmappedBamToAlignedBam/988a0a52-89a4-4590-b810-0197d5b56440/call-SplitRG/shard-0/SplitLargeReadGroup/4fb0aa59-4201-4280-ada9-e038759d61c4/call-SamToFastqAndDragmapAndMba/shard-17/inputs/-1290198700/reference.bin /cromwell-executions1/WholeGenomeGermlineSingleSample/e1bc4c5d-f439-4a4a-8850-28087bc544a9/call-UnmappedBamToAlignedBam/UnmappedBamToAlignedBam/988a0a52-89a4-4590-b810-0197d5b56440/call-SplitRG/shard-0/SplitLargeReadGroup/4fb0aa59-4201-4280-ada9-e038759d61c4/call-SamToFastqAndDragmapAndMba/shard-17/inputs/-1290198700/hash_table.cfg.bin /cromwell-executions1/WholeGenomeGermlineSingleSample/e1bc4c5d-f439-4a4a-8850-28087bc544a9/call-UnmappedBamToAlignedBam/UnmappedBamToAlignedBam/988a0a52-89a4-4590-b810-0197d5b56440/call-SplitRG/shard-0/SplitLargeReadGroup/4fb0aa59-4201-4280-ada9-e038759d61c4/call-SamToFastqAndDragmapAndMba/shard-17/inputs/-1290198700/hash_table.cmp dragen_reference

dragen-os -b /cromwell-executions1/WholeGenomeGermlineSingleSample/e1bc4c5d-f439-4a4a-8850-28087bc544a9/call-UnmappedBamToAlignedBam/UnmappedBamToAlignedBam/988a0a52-89a4-4590-b810-0197d5b56440/call-SplitRG/shard-0/SplitLargeReadGroup/4fb0aa59-4201-4280-ada9-e038759d61c4/call-SamToFastqAndDragmapAndMba/shard-17/inputs/358000914/shard_0018.bam -r dragen_reference --interleaved=1 --preserve-map-align-order true 2> >(tee shard_0018.dragmap.stderr.log >&2) | samtools view -h -O BAM - > aligned.bam
java -Dsamjdk.compression_level=2 -Xms300g -Xmx300g -jar /picard/picard.jar \
  MergeBamAlignment \
  VALIDATION_STRINGENCY=SILENT \
  EXPECTED_ORIENTATIONS=FR \
  ATTRIBUTES_TO_RETAIN=X0 \
  ATTRIBUTES_TO_REMOVE=RG \
  ATTRIBUTES_TO_REMOVE=NM \
  ATTRIBUTES_TO_REMOVE=MD \
  ALIGNED_BAM=aligned.bam \
  UNMAPPED_BAM=/cromwell-executions1/WholeGenomeGermlineSingleSample/e1bc4c5d-f439-4a4a-8850-28087bc544a9/call-UnmappedBamToAlignedBam/UnmappedBamToAlignedBam/988a0a52-89a4-4590-b810-0197d5b56440/call-SplitRG/shard-0/SplitLargeReadGroup/4fb0aa59-4201-4280-ada9-e038759d61c4/call-SamToFastqAndDragmapAndMba/shard-17/inputs/358000914/shard_0018.bam \
  OUTPUT=shard_0018.bam \
  REFERENCE_SEQUENCE=/cromwell-executions1/WholeGenomeGermlineSingleSample/e1bc4c5d-f439-4a4a-8850-28087bc544a9/call-UnmappedBamToAlignedBam/UnmappedBamToAlignedBam/988a0a52-89a4-4590-b810-0197d5b56440/call-SplitRG/shard-0/SplitLargeReadGroup/4fb0aa59-4201-4280-ada9-e038759d61c4/call-SamToFastqAndDragmapAndMba/shard-17/inputs/-1569105944/Homo_sapiens_assembly38_masked.fasta \
  PAIRED_RUN=true \
  SORT_ORDER="unsorted" \
  IS_BISULFITE_SEQUENCE=false \
  ALIGNED_READS_ONLY=false \
  CLIP_ADAPTERS=false \
   \
   \
  MAX_RECORDS_IN_RAM=2000000 \
  ADD_MATE_CIGAR=true \
  MAX_INSERTIONS_OR_DELETIONS=-1 \
  PRIMARY_ALIGNMENT_STRATEGY=MostDistant \
  PROGRAM_RECORD_ID="dragen-os" \
  PROGRAM_GROUP_VERSION="${DRAGMAP_VERSION}" \
  PROGRAM_GROUP_COMMAND_LINE="dragen-os -b /cromwell-executions1/WholeGenomeGermlineSingleSample/e1bc4c5d-f439-4a4a-8850-28087bc544a9/call-UnmappedBamToAlignedBam/UnmappedBamToAlignedBam/988a0a52-89a4-4590-b810-0197d5b56440/call-SplitRG/shard-0/SplitLargeReadGroup/4fb0aa59-4201-4280-ada9-e038759d61c4/call-SamToFastqAndDragmapAndMba/shard-17/inputs/358000914/shard_0018.bam -r dragen_reference --interleaved=1" \
  PROGRAM_GROUP_NAME="dragen-os" \
  UNMAPPED_READ_STRATEGY=COPY_TO_TAG \
  ALIGNER_PROPER_PAIR_FLAGS=true \
  UNMAP_CONTAMINANT_READS=true \
  ADD_PG_TAG_TO_READS=false[0m
[2026-03-26 17:53:14,52] [info] BackgroundConfigAsyncJobExecutionActor [[38;5;2m4fb0aa59[0mSplitLargeReadGroup.SamToFastqAndDragmapAndMba:17:1]: executing: # make sure there is no preexisting Docker CID file
rm -f /home/darja/workflow/cromwell-executions1/WholeGenomeGermlineSingleSample/e1bc4c5d-f439-4a4a-8850-28087bc544a9/call-UnmappedBamToAlignedBam/UnmappedBamToAlignedBam/988a0a52-89a4-4590-b810-0197d5b56440/call-SplitRG/shard-0/SplitLargeReadGroup/4fb0aa59-4201-4280-ada9-e038759d61c4/call-SamToFastqAndDragmapAndMba/shard-17/execution/docker_cid
# run as in the original configuration without --rm flag (will remove later)
docker run \
  --cidfile /home/darja/workflow/cromwell-executions1/WholeGenomeGermlineSingleSample/e1bc4c5d-f439-4a4a-8850-28087bc544a9/call-UnmappedBamToAlignedBam/UnmappedBamToAlignedBam/988a0a52-89a4-4590-b810-0197d5b56440/call-SplitRG/shard-0/SplitLargeReadGroup/4fb0aa59-4201-4280-ada9-e038759d61c4/call-SamToFastqAndDragmapAndMba/shard-17/execution/docker_cid \
  -i \
  --user 1027:1028 \
  --cpus="64" \
  --memory="409600m" \
  --entrypoint /bin/bash \
  -v /home/darja/workflow/cromwell-executions1/WholeGenomeGermlineSingleSample/e1bc4c5d-f439-4a4a-8850-28087bc544a9/call-UnmappedBamToAlignedBam/UnmappedBamToAlignedBam/988a0a52-89a4-4590-b810-0197d5b56440/call-SplitRG/shard-0/SplitLargeReadGroup/4fb0aa59-4201-4280-ada9-e038759d61c4/call-SamToFastqAndDragmapAndMba/shard-17:/cromwell-executions1/WholeGenomeGermlineSingleSample/e1bc4c5d-f439-4a4a-8850-28087bc544a9/call-UnmappedBamToAlignedBam/UnmappedBamToAlignedBam/988a0a52-89a4-4590-b810-0197d5b56440/call-SplitRG/shard-0/SplitLargeReadGroup/4fb0aa59-4201-4280-ada9-e038759d61c4/call-SamToFastqAndDragmapAndMba/shard-17 \
  -v /mnt/nas1/projects/lasr/blendseq:/mnt/nas1/projects/lasr/blendseq \
  us.gcr.io/broad-gotc-prod/dragmap@sha256:5964afca3e4173c33b11100f68c1a44642e0ff2ee4de5a49d8cd446fef308b23 /cromwell-executions1/WholeGenomeGermlineSingleSample/e1bc4c5d-f439-4a4a-8850-28087bc544a9/call-UnmappedBamToAlignedBam/UnmappedBamToAlignedBam/988a0a52-89a4-4590-b810-0197d5b56440/call-SplitRG/shard-0/SplitLargeReadGroup/4fb0aa59-4201-4280-ada9-e038759d61c4/call-SamToFastqAndDragmapAndMba/shard-17/execution/script

# get the return code (working even if the container was detached)
rc=$(docker wait [38;5;5mcat /home/darja/workflow/cromwell-executions1/WholeGenomeGermlineSingleSample/e1bc4c5d-f439-4a4a-8850-28087bc544a9/call-UnmappedBamToAlignedBam/UnmappedBamToAlignedBam/988a0a52-89a4-4590-b810-0197d5b56440/call-SplitRG/shard-0/SplitLargeReadGroup/4fb0aa59-4201-4280-ada9-e038759d61c4/call-SamToFastqAndDragmapAndMba/shard-17/execution/docker_cid[0m)

# remove the container after waiting
docker rm [38;5;5mcat /home/darja/workflow/cromwell-executions1/WholeGenomeGermlineSingleSample/e1bc4c5d-f439-4a4a-8850-28087bc544a9/call-UnmappedBamToAlignedBam/UnmappedBamToAlignedBam/988a0a52-89a4-4590-b810-0197d5b56440/call-SplitRG/shard-0/SplitLargeReadGroup/4fb0aa59-4201-4280-ada9-e038759d61c4/call-SamToFastqAndDragmapAndMba/shard-17/execution/docker_cid[0m

# return exit code
exit $rc
[2026-03-26 17:53:16,47] [info] BackgroundConfigAsyncJobExecutionActor [[38;5;2m4fb0aa59[0mSplitLargeReadGroup.SamToFastqAndDragmapAndMba:17:1]: job id: 485479
[2026-03-26 17:53:16,47] [info] BackgroundConfigAsyncJobExecutionActor [[38;5;2m4fb0aa59[0mSplitLargeReadGroup.SamToFastqAndDragmapAndMba:17:1]: Status change from - to WaitingForReturnCode
[2026-03-26 18:26:11,88] [info] BackgroundConfigAsyncJobExecutionActor [[38;5;2m4fb0aa59[0mSplitLargeReadGroup.SamToFastqAndDragmapAndMba:17:1]: Status change from WaitingForReturnCode to Done
[2026-03-26 18:26:21,56] [info] Assigned new job execution tokens to the following groups: e1bc4c5d: 1
[2026-03-26 18:26:21,61] [[38;5;220mwarn[0m] BackgroundConfigAsyncJobExecutionActor [[38;5;2m4fb0aa59[0mSplitLargeReadGroup.SamToFastqAndDragmapAndMba:12:1]: Unrecognized runtime attribute keys: preemptible, disks, cpu, memory
[2026-03-26 18:26:23,71] [info] BackgroundConfigAsyncJobExecutionActor [[38;5;2m4fb0aa59[0mSplitLargeReadGroup.SamToFastqAndDragmapAndMba:12:1]: [38;5;5mset -euxo pipefail

DRAGMAP_VERSION=$(dragen-os --version)

if [ -z ${DRAGMAP_VERSION} ]; then
    exit 1;
fi

mkdir dragen_reference
mv /cromwell-executions1/WholeGenomeGermlineSingleSample/e1bc4c5d-f439-4a4a-8850-28087bc544a9/call-UnmappedBamToAlignedBam/UnmappedBamToAlignedBam/988a0a52-89a4-4590-b810-0197d5b56440/call-SplitRG/shard-0/SplitLargeReadGroup/4fb0aa59-4201-4280-ada9-e038759d61c4/call-SamToFastqAndDragmapAndMba/shard-12/inputs/-1290198700/reference.bin /cromwell-executions1/WholeGenomeGermlineSingleSample/e1bc4c5d-f439-4a4a-8850-28087bc544a9/call-UnmappedBamToAlignedBam/UnmappedBamToAlignedBam/988a0a52-89a4-4590-b810-0197d5b56440/call-SplitRG/shard-0/SplitLargeReadGroup/4fb0aa59-4201-4280-ada9-e038759d61c4/call-SamToFastqAndDragmapAndMba/shard-12/inputs/-1290198700/hash_table.cfg.bin /cromwell-executions1/WholeGenomeGermlineSingleSample/e1bc4c5d-f439-4a4a-8850-28087bc544a9/call-UnmappedBamToAlignedBam/UnmappedBamToAlignedBam/988a0a52-89a4-4590-b810-0197d5b56440/call-SplitRG/shard-0/SplitLargeReadGroup/4fb0aa59-4201-4280-ada9-e038759d61c4/call-SamToFastqAndDragmapAndMba/shard-12/inputs/-1290198700/hash_table.cmp dragen_reference

dragen-os -b /cromwell-executions1/WholeGenomeGermlineSingleSample/e1bc4c5d-f439-4a4a-8850-28087bc544a9/call-UnmappedBamToAlignedBam/UnmappedBamToAlignedBam/988a0a52-89a4-4590-b810-0197d5b56440/call-SplitRG/shard-0/SplitLargeReadGroup/4fb0aa59-4201-4280-ada9-e038759d61c4/call-SamToFastqAndDragmapAndMba/shard-12/inputs/358000914/shard_0013.bam -r dragen_reference --interleaved=1 --preserve-map-align-order true 2> >(tee shard_0013.dragmap.stderr.log >&2) | samtools view -h -O BAM - > aligned.bam
java -Dsamjdk.compression_level=2 -Xms300g -Xmx300g -jar /picard/picard.jar \
  MergeBamAlignment \
  VALIDATION_STRINGENCY=SILENT \
  EXPECTED_ORIENTATIONS=FR \
  ATTRIBUTES_TO_RETAIN=X0 \
  ATTRIBUTES_TO_REMOVE=RG \
  ATTRIBUTES_TO_REMOVE=NM \
  ATTRIBUTES_TO_REMOVE=MD \
  ALIGNED_BAM=aligned.bam \
  UNMAPPED_BAM=/cromwell-executions1/WholeGenomeGermlineSingleSample/e1bc4c5d-f439-4a4a-8850-28087bc544a9/call-UnmappedBamToAlignedBam/UnmappedBamToAlignedBam/988a0a52-89a4-4590-b810-0197d5b56440/call-SplitRG/shard-0/SplitLargeReadGroup/4fb0aa59-4201-4280-ada9-e038759d61c4/call-SamToFastqAndDragmapAndMba/shard-12/inputs/358000914/shard_0013.bam \
  OUTPUT=shard_0013.bam \
  REFERENCE_SEQUENCE=/cromwell-executions1/WholeGenomeGermlineSingleSample/e1bc4c5d-f439-4a4a-8850-28087bc544a9/call-UnmappedBamToAlignedBam/UnmappedBamToAlignedBam/988a0a52-89a4-4590-b810-0197d5b56440/call-SplitRG/shard-0/SplitLargeReadGroup/4fb0aa59-4201-4280-ada9-e038759d61c4/call-SamToFastqAndDragmapAndMba/shard-12/inputs/-1569105944/Homo_sapiens_assembly38_masked.fasta \
  PAIRED_RUN=true \
  SORT_ORDER="unsorted" \
  IS_BISULFITE_SEQUENCE=false \
  ALIGNED_READS_ONLY=false \
  CLIP_ADAPTERS=false \
   \
   \
  MAX_RECORDS_IN_RAM=2000000 \
  ADD_MATE_CIGAR=true \
  MAX_INSERTIONS_OR_DELETIONS=-1 \
  PRIMARY_ALIGNMENT_STRATEGY=MostDistant \
  PROGRAM_RECORD_ID="dragen-os" \
  PROGRAM_GROUP_VERSION="${DRAGMAP_VERSION}" \
  PROGRAM_GROUP_COMMAND_LINE="dragen-os -b /cromwell-executions1/WholeGenomeGermlineSingleSample/e1bc4c5d-f439-4a4a-8850-28087bc544a9/call-UnmappedBamToAlignedBam/UnmappedBamToAlignedBam/988a0a52-89a4-4590-b810-0197d5b56440/call-SplitRG/shard-0/SplitLargeReadGroup/4fb0aa59-4201-4280-ada9-e038759d61c4/call-SamToFastqAndDragmapAndMba/shard-12/inputs/358000914/shard_0013.bam -r dragen_reference --interleaved=1" \
  PROGRAM_GROUP_NAME="dragen-os" \
  UNMAPPED_READ_STRATEGY=COPY_TO_TAG \
  ALIGNER_PROPER_PAIR_FLAGS=true \
  UNMAP_CONTAMINANT_READS=true \
  ADD_PG_TAG_TO_READS=false[0m
[2026-03-26 18:26:23,71] [info] BackgroundConfigAsyncJobExecutionActor [[38;5;2m4fb0aa59[0mSplitLargeReadGroup.SamToFastqAndDragmapAndMba:12:1]: executing: # make sure there is no preexisting Docker CID file
rm -f /home/darja/workflow/cromwell-executions1/WholeGenomeGermlineSingleSample/e1bc4c5d-f439-4a4a-8850-28087bc544a9/call-UnmappedBamToAlignedBam/UnmappedBamToAlignedBam/988a0a52-89a4-4590-b810-0197d5b56440/call-SplitRG/shard-0/SplitLargeReadGroup/4fb0aa59-4201-4280-ada9-e038759d61c4/call-SamToFastqAndDragmapAndMba/shard-12/execution/docker_cid
# run as in the original configuration without --rm flag (will remove later)
docker run \
  --cidfile /home/darja/workflow/cromwell-executions1/WholeGenomeGermlineSingleSample/e1bc4c5d-f439-4a4a-8850-28087bc544a9/call-UnmappedBamToAlignedBam/UnmappedBamToAlignedBam/988a0a52-89a4-4590-b810-0197d5b56440/call-SplitRG/shard-0/SplitLargeReadGroup/4fb0aa59-4201-4280-ada9-e038759d61c4/call-SamToFastqAndDragmapAndMba/shard-12/execution/docker_cid \
  -i \
  --user 1027:1028 \
  --cpus="64" \
  --memory="409600m" \
  --entrypoint /bin/bash \
  -v /home/darja/workflow/cromwell-executions1/WholeGenomeGermlineSingleSample/e1bc4c5d-f439-4a4a-8850-28087bc544a9/call-UnmappedBamToAlignedBam/UnmappedBamToAlignedBam/988a0a52-89a4-4590-b810-0197d5b56440/call-SplitRG/shard-0/SplitLargeReadGroup/4fb0aa59-4201-4280-ada9-e038759d61c4/call-SamToFastqAndDragmapAndMba/shard-12:/cromwell-executions1/WholeGenomeGermlineSingleSample/e1bc4c5d-f439-4a4a-8850-28087bc544a9/call-UnmappedBamToAlignedBam/UnmappedBamToAlignedBam/988a0a52-89a4-4590-b810-0197d5b56440/call-SplitRG/shard-0/SplitLargeReadGroup/4fb0aa59-4201-4280-ada9-e038759d61c4/call-SamToFastqAndDragmapAndMba/shard-12 \
  -v /mnt/nas1/projects/lasr/blendseq:/mnt/nas1/projects/lasr/blendseq \
  us.gcr.io/broad-gotc-prod/dragmap@sha256:5964afca3e4173c33b11100f68c1a44642e0ff2ee4de5a49d8cd446fef308b23 /cromwell-executions1/WholeGenomeGermlineSingleSample/e1bc4c5d-f439-4a4a-8850-28087bc544a9/call-UnmappedBamToAlignedBam/UnmappedBamToAlignedBam/988a0a52-89a4-4590-b810-0197d5b56440/call-SplitRG/shard-0/SplitLargeReadGroup/4fb0aa59-4201-4280-ada9-e038759d61c4/call-SamToFastqAndDragmapAndMba/shard-12/execution/script

# get the return code (working even if the container was detached)
rc=$(docker wait [38;5;5mcat /home/darja/workflow/cromwell-executions1/WholeGenomeGermlineSingleSample/e1bc4c5d-f439-4a4a-8850-28087bc544a9/call-UnmappedBamToAlignedBam/UnmappedBamToAlignedBam/988a0a52-89a4-4590-b810-0197d5b56440/call-SplitRG/shard-0/SplitLargeReadGroup/4fb0aa59-4201-4280-ada9-e038759d61c4/call-SamToFastqAndDragmapAndMba/shard-12/execution/docker_cid[0m)

# remove the container after waiting
docker rm [38;5;5mcat /home/darja/workflow/cromwell-executions1/WholeGenomeGermlineSingleSample/e1bc4c5d-f439-4a4a-8850-28087bc544a9/call-UnmappedBamToAlignedBam/UnmappedBamToAlignedBam/988a0a52-89a4-4590-b810-0197d5b56440/call-SplitRG/shard-0/SplitLargeReadGroup/4fb0aa59-4201-4280-ada9-e038759d61c4/call-SamToFastqAndDragmapAndMba/shard-12/execution/docker_cid[0m

# return exit code
exit $rc
[2026-03-26 18:26:26,47] [info] BackgroundConfigAsyncJobExecutionActor [[38;5;2m4fb0aa59[0mSplitLargeReadGroup.SamToFastqAndDragmapAndMba:12:1]: job id: 486544
[2026-03-26 18:26:26,47] [info] BackgroundConfigAsyncJobExecutionActor [[38;5;2m4fb0aa59[0mSplitLargeReadGroup.SamToFastqAndDragmapAndMba:12:1]: Status change from - to WaitingForReturnCode
[2026-03-26 19:01:56,14] [info] BackgroundConfigAsyncJobExecutionActor [[38;5;2m4fb0aa59[0mSplitLargeReadGroup.SamToFastqAndDragmapAndMba:12:1]: Status change from WaitingForReturnCode to Done
[2026-03-26 19:02:01,56] [info] Assigned new job execution tokens to the following groups: e1bc4c5d: 1
[2026-03-26 19:02:01,61] [[38;5;220mwarn[0m] BackgroundConfigAsyncJobExecutionActor [[38;5;2m4fb0aa59[0mSplitLargeReadGroup.SamToFastqAndDragmapAndMba:0:1]: Unrecognized runtime attribute keys: preemptible, disks, cpu, memory
[2026-03-26 19:02:03,61] [info] BackgroundConfigAsyncJobExecutionActor [[38;5;2m4fb0aa59[0mSplitLargeReadGroup.SamToFastqAndDragmapAndMba:0:1]: [38;5;5mset -euxo pipefail

DRAGMAP_VERSION=$(dragen-os --version)

if [ -z ${DRAGMAP_VERSION} ]; then
    exit 1;
fi

mkdir dragen_reference
mv /cromwell-executions1/WholeGenomeGermlineSingleSample/e1bc4c5d-f439-4a4a-8850-28087bc544a9/call-UnmappedBamToAlignedBam/UnmappedBamToAlignedBam/988a0a52-89a4-4590-b810-0197d5b56440/call-SplitRG/shard-0/SplitLargeReadGroup/4fb0aa59-4201-4280-ada9-e038759d61c4/call-SamToFastqAndDragmapAndMba/shard-0/inputs/-1290198700/reference.bin /cromwell-executions1/WholeGenomeGermlineSingleSample/e1bc4c5d-f439-4a4a-8850-28087bc544a9/call-UnmappedBamToAlignedBam/UnmappedBamToAlignedBam/988a0a52-89a4-4590-b810-0197d5b56440/call-SplitRG/shard-0/SplitLargeReadGroup/4fb0aa59-4201-4280-ada9-e038759d61c4/call-SamToFastqAndDragmapAndMba/shard-0/inputs/-1290198700/hash_table.cfg.bin /cromwell-executions1/WholeGenomeGermlineSingleSample/e1bc4c5d-f439-4a4a-8850-28087bc544a9/call-UnmappedBamToAlignedBam/UnmappedBamToAlignedBam/988a0a52-89a4-4590-b810-0197d5b56440/call-SplitRG/shard-0/SplitLargeReadGroup/4fb0aa59-4201-4280-ada9-e038759d61c4/call-SamToFastqAndDragmapAndMba/shard-0/inputs/-1290198700/hash_table.cmp dragen_reference

dragen-os -b /cromwell-executions1/WholeGenomeGermlineSingleSample/e1bc4c5d-f439-4a4a-8850-28087bc544a9/call-UnmappedBamToAlignedBam/UnmappedBamToAlignedBam/988a0a52-89a4-4590-b810-0197d5b56440/call-SplitRG/shard-0/SplitLargeReadGroup/4fb0aa59-4201-4280-ada9-e038759d61c4/call-SamToFastqAndDragmapAndMba/shard-0/inputs/358000914/shard_0001.bam -r dragen_reference --interleaved=1 --preserve-map-align-order true 2> >(tee shard_0001.dragmap.stderr.log >&2) | samtools view -h -O BAM - > aligned.bam
java -Dsamjdk.compression_level=2 -Xms300g -Xmx300g -jar /picard/picard.jar \
  MergeBamAlignment \
  VALIDATION_STRINGENCY=SILENT \
  EXPECTED_ORIENTATIONS=FR \
  ATTRIBUTES_TO_RETAIN=X0 \
  ATTRIBUTES_TO_REMOVE=RG \
  ATTRIBUTES_TO_REMOVE=NM \
  ATTRIBUTES_TO_REMOVE=MD \
  ALIGNED_BAM=aligned.bam \
  UNMAPPED_BAM=/cromwell-executions1/WholeGenomeGermlineSingleSample/e1bc4c5d-f439-4a4a-8850-28087bc544a9/call-UnmappedBamToAlignedBam/UnmappedBamToAlignedBam/988a0a52-89a4-4590-b810-0197d5b56440/call-SplitRG/shard-0/SplitLargeReadGroup/4fb0aa59-4201-4280-ada9-e038759d61c4/call-SamToFastqAndDragmapAndMba/shard-0/inputs/358000914/shard_0001.bam \
  OUTPUT=shard_0001.bam \
  REFERENCE_SEQUENCE=/cromwell-executions1/WholeGenomeGermlineSingleSample/e1bc4c5d-f439-4a4a-8850-28087bc544a9/call-UnmappedBamToAlignedBam/UnmappedBamToAlignedBam/988a0a52-89a4-4590-b810-0197d5b56440/call-SplitRG/shard-0/SplitLargeReadGroup/4fb0aa59-4201-4280-ada9-e038759d61c4/call-SamToFastqAndDragmapAndMba/shard-0/inputs/-1569105944/Homo_sapiens_assembly38_masked.fasta \
  PAIRED_RUN=true \
  SORT_ORDER="unsorted" \
  IS_BISULFITE_SEQUENCE=false \
  ALIGNED_READS_ONLY=false \
  CLIP_ADAPTERS=false \
   \
   \
  MAX_RECORDS_IN_RAM=2000000 \
  ADD_MATE_CIGAR=true \
  MAX_INSERTIONS_OR_DELETIONS=-1 \
  PRIMARY_ALIGNMENT_STRATEGY=MostDistant \
  PROGRAM_RECORD_ID="dragen-os" \
  PROGRAM_GROUP_VERSION="${DRAGMAP_VERSION}" \
  PROGRAM_GROUP_COMMAND_LINE="dragen-os -b /cromwell-executions1/WholeGenomeGermlineSingleSample/e1bc4c5d-f439-4a4a-8850-28087bc544a9/call-UnmappedBamToAlignedBam/UnmappedBamToAlignedBam/988a0a52-89a4-4590-b810-0197d5b56440/call-SplitRG/shard-0/SplitLargeReadGroup/4fb0aa59-4201-4280-ada9-e038759d61c4/call-SamToFastqAndDragmapAndMba/shard-0/inputs/358000914/shard_0001.bam -r dragen_reference --interleaved=1" \
  PROGRAM_GROUP_NAME="dragen-os" \
  UNMAPPED_READ_STRATEGY=COPY_TO_TAG \
  ALIGNER_PROPER_PAIR_FLAGS=true \
  UNMAP_CONTAMINANT_READS=true \
  ADD_PG_TAG_TO_READS=false[0m
[2026-03-26 19:02:03,61] [info] BackgroundConfigAsyncJobExecutionActor [[38;5;2m4fb0aa59[0mSplitLargeReadGroup.SamToFastqAndDragmapAndMba:0:1]: executing: # make sure there is no preexisting Docker CID file
rm -f /home/darja/workflow/cromwell-executions1/WholeGenomeGermlineSingleSample/e1bc4c5d-f439-4a4a-8850-28087bc544a9/call-UnmappedBamToAlignedBam/UnmappedBamToAlignedBam/988a0a52-89a4-4590-b810-0197d5b56440/call-SplitRG/shard-0/SplitLargeReadGroup/4fb0aa59-4201-4280-ada9-e038759d61c4/call-SamToFastqAndDragmapAndMba/shard-0/execution/docker_cid
# run as in the original configuration without --rm flag (will remove later)
docker run \
  --cidfile /home/darja/workflow/cromwell-executions1/WholeGenomeGermlineSingleSample/e1bc4c5d-f439-4a4a-8850-28087bc544a9/call-UnmappedBamToAlignedBam/UnmappedBamToAlignedBam/988a0a52-89a4-4590-b810-0197d5b56440/call-SplitRG/shard-0/SplitLargeReadGroup/4fb0aa59-4201-4280-ada9-e038759d61c4/call-SamToFastqAndDragmapAndMba/shard-0/execution/docker_cid \
  -i \
  --user 1027:1028 \
  --cpus="64" \
  --memory="409600m" \
  --entrypoint /bin/bash \
  -v /home/darja/workflow/cromwell-executions1/WholeGenomeGermlineSingleSample/e1bc4c5d-f439-4a4a-8850-28087bc544a9/call-UnmappedBamToAlignedBam/UnmappedBamToAlignedBam/988a0a52-89a4-4590-b810-0197d5b56440/call-SplitRG/shard-0/SplitLargeReadGroup/4fb0aa59-4201-4280-ada9-e038759d61c4/call-SamToFastqAndDragmapAndMba/shard-0:/cromwell-executions1/WholeGenomeGermlineSingleSample/e1bc4c5d-f439-4a4a-8850-28087bc544a9/call-UnmappedBamToAlignedBam/UnmappedBamToAlignedBam/988a0a52-89a4-4590-b810-0197d5b56440/call-SplitRG/shard-0/SplitLargeReadGroup/4fb0aa59-4201-4280-ada9-e038759d61c4/call-SamToFastqAndDragmapAndMba/shard-0 \
  -v /mnt/nas1/projects/lasr/blendseq:/mnt/nas1/projects/lasr/blendseq \
  us.gcr.io/broad-gotc-prod/dragmap@sha256:5964afca3e4173c33b11100f68c1a44642e0ff2ee4de5a49d8cd446fef308b23 /cromwell-executions1/WholeGenomeGermlineSingleSample/e1bc4c5d-f439-4a4a-8850-28087bc544a9/call-UnmappedBamToAlignedBam/UnmappedBamToAlignedBam/988a0a52-89a4-4590-b810-0197d5b56440/call-SplitRG/shard-0/SplitLargeReadGroup/4fb0aa59-4201-4280-ada9-e038759d61c4/call-SamToFastqAndDragmapAndMba/shard-0/execution/script

# get the return code (working even if the container was detached)
rc=$(docker wait [38;5;5mcat /home/darja/workflow/cromwell-executions1/WholeGenomeGermlineSingleSample/e1bc4c5d-f439-4a4a-8850-28087bc544a9/call-UnmappedBamToAlignedBam/UnmappedBamToAlignedBam/988a0a52-89a4-4590-b810-0197d5b56440/call-SplitRG/shard-0/SplitLargeReadGroup/4fb0aa59-4201-4280-ada9-e038759d61c4/call-SamToFastqAndDragmapAndMba/shard-0/execution/docker_cid[0m)

# remove the container after waiting
docker rm [38;5;5mcat /home/darja/workflow/cromwell-executions1/WholeGenomeGermlineSingleSample/e1bc4c5d-f439-4a4a-8850-28087bc544a9/call-UnmappedBamToAlignedBam/UnmappedBamToAlignedBam/988a0a52-89a4-4590-b810-0197d5b56440/call-SplitRG/shard-0/SplitLargeReadGroup/4fb0aa59-4201-4280-ada9-e038759d61c4/call-SamToFastqAndDragmapAndMba/shard-0/execution/docker_cid[0m

# return exit code
exit $rc
[2026-03-26 19:02:06,47] [info] BackgroundConfigAsyncJobExecutionActor [[38;5;2m4fb0aa59[0mSplitLargeReadGroup.SamToFastqAndDragmapAndMba:0:1]: job id: 487556
[2026-03-26 19:02:06,47] [info] BackgroundConfigAsyncJobExecutionActor [[38;5;2m4fb0aa59[0mSplitLargeReadGroup.SamToFastqAndDragmapAndMba:0:1]: Status change from - to WaitingForReturnCode
[2026-03-26 19:37:26,53] [info] BackgroundConfigAsyncJobExecutionActor [[38;5;2m4fb0aa59[0mSplitLargeReadGroup.SamToFastqAndDragmapAndMba:0:1]: Status change from WaitingForReturnCode to Done
[2026-03-26 19:37:31,56] [info] Assigned new job execution tokens to the following groups: e1bc4c5d: 1
[2026-03-26 19:37:31,61] [[38;5;220mwarn[0m] BackgroundConfigAsyncJobExecutionActor [[38;5;2m4fb0aa59[0mSplitLargeReadGroup.SamToFastqAndDragmapAndMba:19:1]: Unrecognized runtime attribute keys: preemptible, disks, cpu, memory
[2026-03-26 19:37:33,67] [info] BackgroundConfigAsyncJobExecutionActor [[38;5;2m4fb0aa59[0mSplitLargeReadGroup.SamToFastqAndDragmapAndMba:19:1]: [38;5;5mset -euxo pipefail

DRAGMAP_VERSION=$(dragen-os --version)

if [ -z ${DRAGMAP_VERSION} ]; then
    exit 1;
fi

mkdir dragen_reference
mv /cromwell-executions1/WholeGenomeGermlineSingleSample/e1bc4c5d-f439-4a4a-8850-28087bc544a9/call-UnmappedBamToAlignedBam/UnmappedBamToAlignedBam/988a0a52-89a4-4590-b810-0197d5b56440/call-SplitRG/shard-0/SplitLargeReadGroup/4fb0aa59-4201-4280-ada9-e038759d61c4/call-SamToFastqAndDragmapAndMba/shard-19/inputs/-1290198700/reference.bin /cromwell-executions1/WholeGenomeGermlineSingleSample/e1bc4c5d-f439-4a4a-8850-28087bc544a9/call-UnmappedBamToAlignedBam/UnmappedBamToAlignedBam/988a0a52-89a4-4590-b810-0197d5b56440/call-SplitRG/shard-0/SplitLargeReadGroup/4fb0aa59-4201-4280-ada9-e038759d61c4/call-SamToFastqAndDragmapAndMba/shard-19/inputs/-1290198700/hash_table.cfg.bin /cromwell-executions1/WholeGenomeGermlineSingleSample/e1bc4c5d-f439-4a4a-8850-28087bc544a9/call-UnmappedBamToAlignedBam/UnmappedBamToAlignedBam/988a0a52-89a4-4590-b810-0197d5b56440/call-SplitRG/shard-0/SplitLargeReadGroup/4fb0aa59-4201-4280-ada9-e038759d61c4/call-SamToFastqAndDragmapAndMba/shard-19/inputs/-1290198700/hash_table.cmp dragen_reference

dragen-os -b /cromwell-executions1/WholeGenomeGermlineSingleSample/e1bc4c5d-f439-4a4a-8850-28087bc544a9/call-UnmappedBamToAlignedBam/UnmappedBamToAlignedBam/988a0a52-89a4-4590-b810-0197d5b56440/call-SplitRG/shard-0/SplitLargeReadGroup/4fb0aa59-4201-4280-ada9-e038759d61c4/call-SamToFastqAndDragmapAndMba/shard-19/inputs/358000914/shard_0020.bam -r dragen_reference --interleaved=1 --preserve-map-align-order true 2> >(tee shard_0020.dragmap.stderr.log >&2) | samtools view -h -O BAM - > aligned.bam
java -Dsamjdk.compression_level=2 -Xms300g -Xmx300g -jar /picard/picard.jar \
  MergeBamAlignment \
  VALIDATION_STRINGENCY=SILENT \
  EXPECTED_ORIENTATIONS=FR \
  ATTRIBUTES_TO_RETAIN=X0 \
  ATTRIBUTES_TO_REMOVE=RG \
  ATTRIBUTES_TO_REMOVE=NM \
  ATTRIBUTES_TO_REMOVE=MD \
  ALIGNED_BAM=aligned.bam \
  UNMAPPED_BAM=/cromwell-executions1/WholeGenomeGermlineSingleSample/e1bc4c5d-f439-4a4a-8850-28087bc544a9/call-UnmappedBamToAlignedBam/UnmappedBamToAlignedBam/988a0a52-89a4-4590-b810-0197d5b56440/call-SplitRG/shard-0/SplitLargeReadGroup/4fb0aa59-4201-4280-ada9-e038759d61c4/call-SamToFastqAndDragmapAndMba/shard-19/inputs/358000914/shard_0020.bam \
  OUTPUT=shard_0020.bam \
  REFERENCE_SEQUENCE=/cromwell-executions1/WholeGenomeGermlineSingleSample/e1bc4c5d-f439-4a4a-8850-28087bc544a9/call-UnmappedBamToAlignedBam/UnmappedBamToAlignedBam/988a0a52-89a4-4590-b810-0197d5b56440/call-SplitRG/shard-0/SplitLargeReadGroup/4fb0aa59-4201-4280-ada9-e038759d61c4/call-SamToFastqAndDragmapAndMba/shard-19/inputs/-1569105944/Homo_sapiens_assembly38_masked.fasta \
  PAIRED_RUN=true \
  SORT_ORDER="unsorted" \
  IS_BISULFITE_SEQUENCE=false \
  ALIGNED_READS_ONLY=false \
  CLIP_ADAPTERS=false \
   \
   \
  MAX_RECORDS_IN_RAM=2000000 \
  ADD_MATE_CIGAR=true \
  MAX_INSERTIONS_OR_DELETIONS=-1 \
  PRIMARY_ALIGNMENT_STRATEGY=MostDistant \
  PROGRAM_RECORD_ID="dragen-os" \
  PROGRAM_GROUP_VERSION="${DRAGMAP_VERSION}" \
  PROGRAM_GROUP_COMMAND_LINE="dragen-os -b /cromwell-executions1/WholeGenomeGermlineSingleSample/e1bc4c5d-f439-4a4a-8850-28087bc544a9/call-UnmappedBamToAlignedBam/UnmappedBamToAlignedBam/988a0a52-89a4-4590-b810-0197d5b56440/call-SplitRG/shard-0/SplitLargeReadGroup/4fb0aa59-4201-4280-ada9-e038759d61c4/call-SamToFastqAndDragmapAndMba/shard-19/inputs/358000914/shard_0020.bam -r dragen_reference --interleaved=1" \
  PROGRAM_GROUP_NAME="dragen-os" \
  UNMAPPED_READ_STRATEGY=COPY_TO_TAG \
  ALIGNER_PROPER_PAIR_FLAGS=true \
  UNMAP_CONTAMINANT_READS=true \
  ADD_PG_TAG_TO_READS=false[0m
[2026-03-26 19:37:33,67] [info] BackgroundConfigAsyncJobExecutionActor [[38;5;2m4fb0aa59[0mSplitLargeReadGroup.SamToFastqAndDragmapAndMba:19:1]: executing: # make sure there is no preexisting Docker CID file
rm -f /home/darja/workflow/cromwell-executions1/WholeGenomeGermlineSingleSample/e1bc4c5d-f439-4a4a-8850-28087bc544a9/call-UnmappedBamToAlignedBam/UnmappedBamToAlignedBam/988a0a52-89a4-4590-b810-0197d5b56440/call-SplitRG/shard-0/SplitLargeReadGroup/4fb0aa59-4201-4280-ada9-e038759d61c4/call-SamToFastqAndDragmapAndMba/shard-19/execution/docker_cid
# run as in the original configuration without --rm flag (will remove later)
docker run \
  --cidfile /home/darja/workflow/cromwell-executions1/WholeGenomeGermlineSingleSample/e1bc4c5d-f439-4a4a-8850-28087bc544a9/call-UnmappedBamToAlignedBam/UnmappedBamToAlignedBam/988a0a52-89a4-4590-b810-0197d5b56440/call-SplitRG/shard-0/SplitLargeReadGroup/4fb0aa59-4201-4280-ada9-e038759d61c4/call-SamToFastqAndDragmapAndMba/shard-19/execution/docker_cid \
  -i \
  --user 1027:1028 \
  --cpus="64" \
  --memory="409600m" \
  --entrypoint /bin/bash \
  -v /home/darja/workflow/cromwell-executions1/WholeGenomeGermlineSingleSample/e1bc4c5d-f439-4a4a-8850-28087bc544a9/call-UnmappedBamToAlignedBam/UnmappedBamToAlignedBam/988a0a52-89a4-4590-b810-0197d5b56440/call-SplitRG/shard-0/SplitLargeReadGroup/4fb0aa59-4201-4280-ada9-e038759d61c4/call-SamToFastqAndDragmapAndMba/shard-19:/cromwell-executions1/WholeGenomeGermlineSingleSample/e1bc4c5d-f439-4a4a-8850-28087bc544a9/call-UnmappedBamToAlignedBam/UnmappedBamToAlignedBam/988a0a52-89a4-4590-b810-0197d5b56440/call-SplitRG/shard-0/SplitLargeReadGroup/4fb0aa59-4201-4280-ada9-e038759d61c4/call-SamToFastqAndDragmapAndMba/shard-19 \
  -v /mnt/nas1/projects/lasr/blendseq:/mnt/nas1/projects/lasr/blendseq \
  us.gcr.io/broad-gotc-prod/dragmap@sha256:5964afca3e4173c33b11100f68c1a44642e0ff2ee4de5a49d8cd446fef308b23 /cromwell-executions1/WholeGenomeGermlineSingleSample/e1bc4c5d-f439-4a4a-8850-28087bc544a9/call-UnmappedBamToAlignedBam/UnmappedBamToAlignedBam/988a0a52-89a4-4590-b810-0197d5b56440/call-SplitRG/shard-0/SplitLargeReadGroup/4fb0aa59-4201-4280-ada9-e038759d61c4/call-SamToFastqAndDragmapAndMba/shard-19/execution/script

# get the return code (working even if the container was detached)
rc=$(docker wait [38;5;5mcat /home/darja/workflow/cromwell-executions1/WholeGenomeGermlineSingleSample/e1bc4c5d-f439-4a4a-8850-28087bc544a9/call-UnmappedBamToAlignedBam/UnmappedBamToAlignedBam/988a0a52-89a4-4590-b810-0197d5b56440/call-SplitRG/shard-0/SplitLargeReadGroup/4fb0aa59-4201-4280-ada9-e038759d61c4/call-SamToFastqAndDragmapAndMba/shard-19/execution/docker_cid[0m)

# remove the container after waiting
docker rm [38;5;5mcat /home/darja/workflow/cromwell-executions1/WholeGenomeGermlineSingleSample/e1bc4c5d-f439-4a4a-8850-28087bc544a9/call-UnmappedBamToAlignedBam/UnmappedBamToAlignedBam/988a0a52-89a4-4590-b810-0197d5b56440/call-SplitRG/shard-0/SplitLargeReadGroup/4fb0aa59-4201-4280-ada9-e038759d61c4/call-SamToFastqAndDragmapAndMba/shard-19/execution/docker_cid[0m

# return exit code
exit $rc
[2026-03-26 19:37:36,47] [info] BackgroundConfigAsyncJobExecutionActor [[38;5;2m4fb0aa59[0mSplitLargeReadGroup.SamToFastqAndDragmapAndMba:19:1]: job id: 488565
[2026-03-26 19:37:36,47] [info] BackgroundConfigAsyncJobExecutionActor [[38;5;2m4fb0aa59[0mSplitLargeReadGroup.SamToFastqAndDragmapAndMba:19:1]: Status change from - to WaitingForReturnCode
[2026-03-26 20:09:20,15] [info] BackgroundConfigAsyncJobExecutionActor [[38;5;2m4fb0aa59[0mSplitLargeReadGroup.SamToFastqAndDragmapAndMba:19:1]: Status change from WaitingForReturnCode to Done
[2026-03-26 20:09:21,56] [info] Assigned new job execution tokens to the following groups: e1bc4c5d: 1
[2026-03-26 20:09:21,61] [[38;5;220mwarn[0m] BackgroundConfigAsyncJobExecutionActor [[38;5;2m4fb0aa59[0mSplitLargeReadGroup.SamToFastqAndDragmapAndMba:3:1]: Unrecognized runtime attribute keys: preemptible, disks, cpu, memory
[2026-03-26 20:09:25,29] [info] BackgroundConfigAsyncJobExecutionActor [[38;5;2m4fb0aa59[0mSplitLargeReadGroup.SamToFastqAndDragmapAndMba:3:1]: [38;5;5mset -euxo pipefail

DRAGMAP_VERSION=$(dragen-os --version)

if [ -z ${DRAGMAP_VERSION} ]; then
    exit 1;
fi

mkdir dragen_reference
mv /cromwell-executions1/WholeGenomeGermlineSingleSample/e1bc4c5d-f439-4a4a-8850-28087bc544a9/call-UnmappedBamToAlignedBam/UnmappedBamToAlignedBam/988a0a52-89a4-4590-b810-0197d5b56440/call-SplitRG/shard-0/SplitLargeReadGroup/4fb0aa59-4201-4280-ada9-e038759d61c4/call-SamToFastqAndDragmapAndMba/shard-3/inputs/-1290198700/reference.bin /cromwell-executions1/WholeGenomeGermlineSingleSample/e1bc4c5d-f439-4a4a-8850-28087bc544a9/call-UnmappedBamToAlignedBam/UnmappedBamToAlignedBam/988a0a52-89a4-4590-b810-0197d5b56440/call-SplitRG/shard-0/SplitLargeReadGroup/4fb0aa59-4201-4280-ada9-e038759d61c4/call-SamToFastqAndDragmapAndMba/shard-3/inputs/-1290198700/hash_table.cfg.bin /cromwell-executions1/WholeGenomeGermlineSingleSample/e1bc4c5d-f439-4a4a-8850-28087bc544a9/call-UnmappedBamToAlignedBam/UnmappedBamToAlignedBam/988a0a52-89a4-4590-b810-0197d5b56440/call-SplitRG/shard-0/SplitLargeReadGroup/4fb0aa59-4201-4280-ada9-e038759d61c4/call-SamToFastqAndDragmapAndMba/shard-3/inputs/-1290198700/hash_table.cmp dragen_reference

dragen-os -b /cromwell-executions1/WholeGenomeGermlineSingleSample/e1bc4c5d-f439-4a4a-8850-28087bc544a9/call-UnmappedBamToAlignedBam/UnmappedBamToAlignedBam/988a0a52-89a4-4590-b810-0197d5b56440/call-SplitRG/shard-0/SplitLargeReadGroup/4fb0aa59-4201-4280-ada9-e038759d61c4/call-SamToFastqAndDragmapAndMba/shard-3/inputs/358000914/shard_0004.bam -r dragen_reference --interleaved=1 --preserve-map-align-order true 2> >(tee shard_0004.dragmap.stderr.log >&2) | samtools view -h -O BAM - > aligned.bam
java -Dsamjdk.compression_level=2 -Xms300g -Xmx300g -jar /picard/picard.jar \
  MergeBamAlignment \
  VALIDATION_STRINGENCY=SILENT \
  EXPECTED_ORIENTATIONS=FR \
  ATTRIBUTES_TO_RETAIN=X0 \
  ATTRIBUTES_TO_REMOVE=RG \
  ATTRIBUTES_TO_REMOVE=NM \
  ATTRIBUTES_TO_REMOVE=MD \
  ALIGNED_BAM=aligned.bam \
  UNMAPPED_BAM=/cromwell-executions1/WholeGenomeGermlineSingleSample/e1bc4c5d-f439-4a4a-8850-28087bc544a9/call-UnmappedBamToAlignedBam/UnmappedBamToAlignedBam/988a0a52-89a4-4590-b810-0197d5b56440/call-SplitRG/shard-0/SplitLargeReadGroup/4fb0aa59-4201-4280-ada9-e038759d61c4/call-SamToFastqAndDragmapAndMba/shard-3/inputs/358000914/shard_0004.bam \
  OUTPUT=shard_0004.bam \
  REFERENCE_SEQUENCE=/cromwell-executions1/WholeGenomeGermlineSingleSample/e1bc4c5d-f439-4a4a-8850-28087bc544a9/call-UnmappedBamToAlignedBam/UnmappedBamToAlignedBam/988a0a52-89a4-4590-b810-0197d5b56440/call-SplitRG/shard-0/SplitLargeReadGroup/4fb0aa59-4201-4280-ada9-e038759d61c4/call-SamToFastqAndDragmapAndMba/shard-3/inputs/-1569105944/Homo_sapiens_assembly38_masked.fasta \
  PAIRED_RUN=true \
  SORT_ORDER="unsorted" \
  IS_BISULFITE_SEQUENCE=false \
  ALIGNED_READS_ONLY=false \
  CLIP_ADAPTERS=false \
   \
   \
  MAX_RECORDS_IN_RAM=2000000 \
  ADD_MATE_CIGAR=true \
  MAX_INSERTIONS_OR_DELETIONS=-1 \
  PRIMARY_ALIGNMENT_STRATEGY=MostDistant \
  PROGRAM_RECORD_ID="dragen-os" \
  PROGRAM_GROUP_VERSION="${DRAGMAP_VERSION}" \
  PROGRAM_GROUP_COMMAND_LINE="dragen-os -b /cromwell-executions1/WholeGenomeGermlineSingleSample/e1bc4c5d-f439-4a4a-8850-28087bc544a9/call-UnmappedBamToAlignedBam/UnmappedBamToAlignedBam/988a0a52-89a4-4590-b810-0197d5b56440/call-SplitRG/shard-0/SplitLargeReadGroup/4fb0aa59-4201-4280-ada9-e038759d61c4/call-SamToFastqAndDragmapAndMba/shard-3/inputs/358000914/shard_0004.bam -r dragen_reference --interleaved=1" \
  PROGRAM_GROUP_NAME="dragen-os" \
  UNMAPPED_READ_STRATEGY=COPY_TO_TAG \
  ALIGNER_PROPER_PAIR_FLAGS=true \
  UNMAP_CONTAMINANT_READS=true \
  ADD_PG_TAG_TO_READS=false[0m
[2026-03-26 20:09:25,29] [info] BackgroundConfigAsyncJobExecutionActor [[38;5;2m4fb0aa59[0mSplitLargeReadGroup.SamToFastqAndDragmapAndMba:3:1]: executing: # make sure there is no preexisting Docker CID file
rm -f /home/darja/workflow/cromwell-executions1/WholeGenomeGermlineSingleSample/e1bc4c5d-f439-4a4a-8850-28087bc544a9/call-UnmappedBamToAlignedBam/UnmappedBamToAlignedBam/988a0a52-89a4-4590-b810-0197d5b56440/call-SplitRG/shard-0/SplitLargeReadGroup/4fb0aa59-4201-4280-ada9-e038759d61c4/call-SamToFastqAndDragmapAndMba/shard-3/execution/docker_cid
# run as in the original configuration without --rm flag (will remove later)
docker run \
  --cidfile /home/darja/workflow/cromwell-executions1/WholeGenomeGermlineSingleSample/e1bc4c5d-f439-4a4a-8850-28087bc544a9/call-UnmappedBamToAlignedBam/UnmappedBamToAlignedBam/988a0a52-89a4-4590-b810-0197d5b56440/call-SplitRG/shard-0/SplitLargeReadGroup/4fb0aa59-4201-4280-ada9-e038759d61c4/call-SamToFastqAndDragmapAndMba/shard-3/execution/docker_cid \
  -i \
  --user 1027:1028 \
  --cpus="64" \
  --memory="409600m" \
  --entrypoint /bin/bash \
  -v /home/darja/workflow/cromwell-executions1/WholeGenomeGermlineSingleSample/e1bc4c5d-f439-4a4a-8850-28087bc544a9/call-UnmappedBamToAlignedBam/UnmappedBamToAlignedBam/988a0a52-89a4-4590-b810-0197d5b56440/call-SplitRG/shard-0/SplitLargeReadGroup/4fb0aa59-4201-4280-ada9-e038759d61c4/call-SamToFastqAndDragmapAndMba/shard-3:/cromwell-executions1/WholeGenomeGermlineSingleSample/e1bc4c5d-f439-4a4a-8850-28087bc544a9/call-UnmappedBamToAlignedBam/UnmappedBamToAlignedBam/988a0a52-89a4-4590-b810-0197d5b56440/call-SplitRG/shard-0/SplitLargeReadGroup/4fb0aa59-4201-4280-ada9-e038759d61c4/call-SamToFastqAndDragmapAndMba/shard-3 \
  -v /mnt/nas1/projects/lasr/blendseq:/mnt/nas1/projects/lasr/blendseq \
  us.gcr.io/broad-gotc-prod/dragmap@sha256:5964afca3e4173c33b11100f68c1a44642e0ff2ee4de5a49d8cd446fef308b23 /cromwell-executions1/WholeGenomeGermlineSingleSample/e1bc4c5d-f439-4a4a-8850-28087bc544a9/call-UnmappedBamToAlignedBam/UnmappedBamToAlignedBam/988a0a52-89a4-4590-b810-0197d5b56440/call-SplitRG/shard-0/SplitLargeReadGroup/4fb0aa59-4201-4280-ada9-e038759d61c4/call-SamToFastqAndDragmapAndMba/shard-3/execution/script

# get the return code (working even if the container was detached)
rc=$(docker wait [38;5;5mcat /home/darja/workflow/cromwell-executions1/WholeGenomeGermlineSingleSample/e1bc4c5d-f439-4a4a-8850-28087bc544a9/call-UnmappedBamToAlignedBam/UnmappedBamToAlignedBam/988a0a52-89a4-4590-b810-0197d5b56440/call-SplitRG/shard-0/SplitLargeReadGroup/4fb0aa59-4201-4280-ada9-e038759d61c4/call-SamToFastqAndDragmapAndMba/shard-3/execution/docker_cid[0m)

# remove the container after waiting
docker rm [38;5;5mcat /home/darja/workflow/cromwell-executions1/WholeGenomeGermlineSingleSample/e1bc4c5d-f439-4a4a-8850-28087bc544a9/call-UnmappedBamToAlignedBam/UnmappedBamToAlignedBam/988a0a52-89a4-4590-b810-0197d5b56440/call-SplitRG/shard-0/SplitLargeReadGroup/4fb0aa59-4201-4280-ada9-e038759d61c4/call-SamToFastqAndDragmapAndMba/shard-3/execution/docker_cid[0m

# return exit code
exit $rc
[2026-03-26 20:09:26,47] [info] BackgroundConfigAsyncJobExecutionActor [[38;5;2m4fb0aa59[0mSplitLargeReadGroup.SamToFastqAndDragmapAndMba:3:1]: job id: 489556
[2026-03-26 20:09:26,47] [info] BackgroundConfigAsyncJobExecutionActor [[38;5;2m4fb0aa59[0mSplitLargeReadGroup.SamToFastqAndDragmapAndMba:3:1]: Status change from - to WaitingForReturnCode
[2026-03-26 20:43:49,78] [info] BackgroundConfigAsyncJobExecutionActor [[38;5;2m4fb0aa59[0mSplitLargeReadGroup.SamToFastqAndDragmapAndMba:3:1]: Status change from WaitingForReturnCode to Done
[2026-03-26 20:43:51,56] [info] Assigned new job execution tokens to the following groups: e1bc4c5d: 1
[2026-03-26 20:43:51,61] [[38;5;220mwarn[0m] BackgroundConfigAsyncJobExecutionActor [[38;5;2m4fb0aa59[0mSplitLargeReadGroup.SamToFastqAndDragmapAndMba:22:1]: Unrecognized runtime attribute keys: preemptible, disks, cpu, memory
[2026-03-26 20:43:53,71] [info] BackgroundConfigAsyncJobExecutionActor [[38;5;2m4fb0aa59[0mSplitLargeReadGroup.SamToFastqAndDragmapAndMba:22:1]: [38;5;5mset -euxo pipefail

DRAGMAP_VERSION=$(dragen-os --version)

if [ -z ${DRAGMAP_VERSION} ]; then
    exit 1;
fi

mkdir dragen_reference
mv /cromwell-executions1/WholeGenomeGermlineSingleSample/e1bc4c5d-f439-4a4a-8850-28087bc544a9/call-UnmappedBamToAlignedBam/UnmappedBamToAlignedBam/988a0a52-89a4-4590-b810-0197d5b56440/call-SplitRG/shard-0/SplitLargeReadGroup/4fb0aa59-4201-4280-ada9-e038759d61c4/call-SamToFastqAndDragmapAndMba/shard-22/inputs/-1290198700/reference.bin /cromwell-executions1/WholeGenomeGermlineSingleSample/e1bc4c5d-f439-4a4a-8850-28087bc544a9/call-UnmappedBamToAlignedBam/UnmappedBamToAlignedBam/988a0a52-89a4-4590-b810-0197d5b56440/call-SplitRG/shard-0/SplitLargeReadGroup/4fb0aa59-4201-4280-ada9-e038759d61c4/call-SamToFastqAndDragmapAndMba/shard-22/inputs/-1290198700/hash_table.cfg.bin /cromwell-executions1/WholeGenomeGermlineSingleSample/e1bc4c5d-f439-4a4a-8850-28087bc544a9/call-UnmappedBamToAlignedBam/UnmappedBamToAlignedBam/988a0a52-89a4-4590-b810-0197d5b56440/call-SplitRG/shard-0/SplitLargeReadGroup/4fb0aa59-4201-4280-ada9-e038759d61c4/call-SamToFastqAndDragmapAndMba/shard-22/inputs/-1290198700/hash_table.cmp dragen_reference

dragen-os -b /cromwell-executions1/WholeGenomeGermlineSingleSample/e1bc4c5d-f439-4a4a-8850-28087bc544a9/call-UnmappedBamToAlignedBam/UnmappedBamToAlignedBam/988a0a52-89a4-4590-b810-0197d5b56440/call-SplitRG/shard-0/SplitLargeReadGroup/4fb0aa59-4201-4280-ada9-e038759d61c4/call-SamToFastqAndDragmapAndMba/shard-22/inputs/358000914/shard_0023.bam -r dragen_reference --interleaved=1 --preserve-map-align-order true 2> >(tee shard_0023.dragmap.stderr.log >&2) | samtools view -h -O BAM - > aligned.bam
java -Dsamjdk.compression_level=2 -Xms300g -Xmx300g -jar /picard/picard.jar \
  MergeBamAlignment \
  VALIDATION_STRINGENCY=SILENT \
  EXPECTED_ORIENTATIONS=FR \
  ATTRIBUTES_TO_RETAIN=X0 \
  ATTRIBUTES_TO_REMOVE=RG \
  ATTRIBUTES_TO_REMOVE=NM \
  ATTRIBUTES_TO_REMOVE=MD \
  ALIGNED_BAM=aligned.bam \
  UNMAPPED_BAM=/cromwell-executions1/WholeGenomeGermlineSingleSample/e1bc4c5d-f439-4a4a-8850-28087bc544a9/call-UnmappedBamToAlignedBam/UnmappedBamToAlignedBam/988a0a52-89a4-4590-b810-0197d5b56440/call-SplitRG/shard-0/SplitLargeReadGroup/4fb0aa59-4201-4280-ada9-e038759d61c4/call-SamToFastqAndDragmapAndMba/shard-22/inputs/358000914/shard_0023.bam \
  OUTPUT=shard_0023.bam \
  REFERENCE_SEQUENCE=/cromwell-executions1/WholeGenomeGermlineSingleSample/e1bc4c5d-f439-4a4a-8850-28087bc544a9/call-UnmappedBamToAlignedBam/UnmappedBamToAlignedBam/988a0a52-89a4-4590-b810-0197d5b56440/call-SplitRG/shard-0/SplitLargeReadGroup/4fb0aa59-4201-4280-ada9-e038759d61c4/call-SamToFastqAndDragmapAndMba/shard-22/inputs/-1569105944/Homo_sapiens_assembly38_masked.fasta \
  PAIRED_RUN=true \
  SORT_ORDER="unsorted" \
  IS_BISULFITE_SEQUENCE=false \
  ALIGNED_READS_ONLY=false \
  CLIP_ADAPTERS=false \
   \
   \
  MAX_RECORDS_IN_RAM=2000000 \
  ADD_MATE_CIGAR=true \
  MAX_INSERTIONS_OR_DELETIONS=-1 \
  PRIMARY_ALIGNMENT_STRATEGY=MostDistant \
  PROGRAM_RECORD_ID="dragen-os" \
  PROGRAM_GROUP_VERSION="${DRAGMAP_VERSION}" \
  PROGRAM_GROUP_COMMAND_LINE="dragen-os -b /cromwell-executions1/WholeGenomeGermlineSingleSample/e1bc4c5d-f439-4a4a-8850-28087bc544a9/call-UnmappedBamToAlignedBam/UnmappedBamToAlignedBam/988a0a52-89a4-4590-b810-0197d5b56440/call-SplitRG/shard-0/SplitLargeReadGroup/4fb0aa59-4201-4280-ada9-e038759d61c4/call-SamToFastqAndDragmapAndMba/shard-22/inputs/358000914/shard_0023.bam -r dragen_reference --interleaved=1" \
  PROGRAM_GROUP_NAME="dragen-os" \
  UNMAPPED_READ_STRATEGY=COPY_TO_TAG \
  ALIGNER_PROPER_PAIR_FLAGS=true \
  UNMAP_CONTAMINANT_READS=true \
  ADD_PG_TAG_TO_READS=false[0m
[2026-03-26 20:43:53,71] [info] BackgroundConfigAsyncJobExecutionActor [[38;5;2m4fb0aa59[0mSplitLargeReadGroup.SamToFastqAndDragmapAndMba:22:1]: executing: # make sure there is no preexisting Docker CID file
rm -f /home/darja/workflow/cromwell-executions1/WholeGenomeGermlineSingleSample/e1bc4c5d-f439-4a4a-8850-28087bc544a9/call-UnmappedBamToAlignedBam/UnmappedBamToAlignedBam/988a0a52-89a4-4590-b810-0197d5b56440/call-SplitRG/shard-0/SplitLargeReadGroup/4fb0aa59-4201-4280-ada9-e038759d61c4/call-SamToFastqAndDragmapAndMba/shard-22/execution/docker_cid
# run as in the original configuration without --rm flag (will remove later)
docker run \
  --cidfile /home/darja/workflow/cromwell-executions1/WholeGenomeGermlineSingleSample/e1bc4c5d-f439-4a4a-8850-28087bc544a9/call-UnmappedBamToAlignedBam/UnmappedBamToAlignedBam/988a0a52-89a4-4590-b810-0197d5b56440/call-SplitRG/shard-0/SplitLargeReadGroup/4fb0aa59-4201-4280-ada9-e038759d61c4/call-SamToFastqAndDragmapAndMba/shard-22/execution/docker_cid \
  -i \
  --user 1027:1028 \
  --cpus="64" \
  --memory="409600m" \
  --entrypoint /bin/bash \
  -v /home/darja/workflow/cromwell-executions1/WholeGenomeGermlineSingleSample/e1bc4c5d-f439-4a4a-8850-28087bc544a9/call-UnmappedBamToAlignedBam/UnmappedBamToAlignedBam/988a0a52-89a4-4590-b810-0197d5b56440/call-SplitRG/shard-0/SplitLargeReadGroup/4fb0aa59-4201-4280-ada9-e038759d61c4/call-SamToFastqAndDragmapAndMba/shard-22:/cromwell-executions1/WholeGenomeGermlineSingleSample/e1bc4c5d-f439-4a4a-8850-28087bc544a9/call-UnmappedBamToAlignedBam/UnmappedBamToAlignedBam/988a0a52-89a4-4590-b810-0197d5b56440/call-SplitRG/shard-0/SplitLargeReadGroup/4fb0aa59-4201-4280-ada9-e038759d61c4/call-SamToFastqAndDragmapAndMba/shard-22 \
  -v /mnt/nas1/projects/lasr/blendseq:/mnt/nas1/projects/lasr/blendseq \
  us.gcr.io/broad-gotc-prod/dragmap@sha256:5964afca3e4173c33b11100f68c1a44642e0ff2ee4de5a49d8cd446fef308b23 /cromwell-executions1/WholeGenomeGermlineSingleSample/e1bc4c5d-f439-4a4a-8850-28087bc544a9/call-UnmappedBamToAlignedBam/UnmappedBamToAlignedBam/988a0a52-89a4-4590-b810-0197d5b56440/call-SplitRG/shard-0/SplitLargeReadGroup/4fb0aa59-4201-4280-ada9-e038759d61c4/call-SamToFastqAndDragmapAndMba/shard-22/execution/script

# get the return code (working even if the container was detached)
rc=$(docker wait [38;5;5mcat /home/darja/workflow/cromwell-executions1/WholeGenomeGermlineSingleSample/e1bc4c5d-f439-4a4a-8850-28087bc544a9/call-UnmappedBamToAlignedBam/UnmappedBamToAlignedBam/988a0a52-89a4-4590-b810-0197d5b56440/call-SplitRG/shard-0/SplitLargeReadGroup/4fb0aa59-4201-4280-ada9-e038759d61c4/call-SamToFastqAndDragmapAndMba/shard-22/execution/docker_cid[0m)

# remove the container after waiting
docker rm [38;5;5mcat /home/darja/workflow/cromwell-executions1/WholeGenomeGermlineSingleSample/e1bc4c5d-f439-4a4a-8850-28087bc544a9/call-UnmappedBamToAlignedBam/UnmappedBamToAlignedBam/988a0a52-89a4-4590-b810-0197d5b56440/call-SplitRG/shard-0/SplitLargeReadGroup/4fb0aa59-4201-4280-ada9-e038759d61c4/call-SamToFastqAndDragmapAndMba/shard-22/execution/docker_cid[0m

# return exit code
exit $rc
[2026-03-26 20:43:56,47] [info] BackgroundConfigAsyncJobExecutionActor [[38;5;2m4fb0aa59[0mSplitLargeReadGroup.SamToFastqAndDragmapAndMba:22:1]: job id: 490577
[2026-03-26 20:43:56,47] [info] BackgroundConfigAsyncJobExecutionActor [[38;5;2m4fb0aa59[0mSplitLargeReadGroup.SamToFastqAndDragmapAndMba:22:1]: Status change from - to WaitingForReturnCode
[2026-03-26 21:14:25,70] [info] BackgroundConfigAsyncJobExecutionActor [[38;5;2m4fb0aa59[0mSplitLargeReadGroup.SamToFastqAndDragmapAndMba:22:1]: Status change from WaitingForReturnCode to Done
[2026-03-26 21:14:31,56] [info] Assigned new job execution tokens to the following groups: e1bc4c5d: 1
[2026-03-26 21:14:31,61] [[38;5;220mwarn[0m] BackgroundConfigAsyncJobExecutionActor [[38;5;2m4fb0aa59[0mSplitLargeReadGroup.SamToFastqAndDragmapAndMba:25:1]: Unrecognized runtime attribute keys: preemptible, disks, cpu, memory
[2026-03-26 21:14:33,68] [info] BackgroundConfigAsyncJobExecutionActor [[38;5;2m4fb0aa59[0mSplitLargeReadGroup.SamToFastqAndDragmapAndMba:25:1]: [38;5;5mset -euxo pipefail

DRAGMAP_VERSION=$(dragen-os --version)

if [ -z ${DRAGMAP_VERSION} ]; then
    exit 1;
fi

mkdir dragen_reference
mv /cromwell-executions1/WholeGenomeGermlineSingleSample/e1bc4c5d-f439-4a4a-8850-28087bc544a9/call-UnmappedBamToAlignedBam/UnmappedBamToAlignedBam/988a0a52-89a4-4590-b810-0197d5b56440/call-SplitRG/shard-0/SplitLargeReadGroup/4fb0aa59-4201-4280-ada9-e038759d61c4/call-SamToFastqAndDragmapAndMba/shard-25/inputs/-1290198700/reference.bin /cromwell-executions1/WholeGenomeGermlineSingleSample/e1bc4c5d-f439-4a4a-8850-28087bc544a9/call-UnmappedBamToAlignedBam/UnmappedBamToAlignedBam/988a0a52-89a4-4590-b810-0197d5b56440/call-SplitRG/shard-0/SplitLargeReadGroup/4fb0aa59-4201-4280-ada9-e038759d61c4/call-SamToFastqAndDragmapAndMba/shard-25/inputs/-1290198700/hash_table.cfg.bin /cromwell-executions1/WholeGenomeGermlineSingleSample/e1bc4c5d-f439-4a4a-8850-28087bc544a9/call-UnmappedBamToAlignedBam/UnmappedBamToAlignedBam/988a0a52-89a4-4590-b810-0197d5b56440/call-SplitRG/shard-0/SplitLargeReadGroup/4fb0aa59-4201-4280-ada9-e038759d61c4/call-SamToFastqAndDragmapAndMba/shard-25/inputs/-1290198700/hash_table.cmp dragen_reference

dragen-os -b /cromwell-executions1/WholeGenomeGermlineSingleSample/e1bc4c5d-f439-4a4a-8850-28087bc544a9/call-UnmappedBamToAlignedBam/UnmappedBamToAlignedBam/988a0a52-89a4-4590-b810-0197d5b56440/call-SplitRG/shard-0/SplitLargeReadGroup/4fb0aa59-4201-4280-ada9-e038759d61c4/call-SamToFastqAndDragmapAndMba/shard-25/inputs/358000914/shard_0026.bam -r dragen_reference --interleaved=1 --preserve-map-align-order true 2> >(tee shard_0026.dragmap.stderr.log >&2) | samtools view -h -O BAM - > aligned.bam
java -Dsamjdk.compression_level=2 -Xms300g -Xmx300g -jar /picard/picard.jar \
  MergeBamAlignment \
  VALIDATION_STRINGENCY=SILENT \
  EXPECTED_ORIENTATIONS=FR \
  ATTRIBUTES_TO_RETAIN=X0 \
  ATTRIBUTES_TO_REMOVE=RG \
  ATTRIBUTES_TO_REMOVE=NM \
  ATTRIBUTES_TO_REMOVE=MD \
  ALIGNED_BAM=aligned.bam \
  UNMAPPED_BAM=/cromwell-executions1/WholeGenomeGermlineSingleSample/e1bc4c5d-f439-4a4a-8850-28087bc544a9/call-UnmappedBamToAlignedBam/UnmappedBamToAlignedBam/988a0a52-89a4-4590-b810-0197d5b56440/call-SplitRG/shard-0/SplitLargeReadGroup/4fb0aa59-4201-4280-ada9-e038759d61c4/call-SamToFastqAndDragmapAndMba/shard-25/inputs/358000914/shard_0026.bam \
  OUTPUT=shard_0026.bam \
  REFERENCE_SEQUENCE=/cromwell-executions1/WholeGenomeGermlineSingleSample/e1bc4c5d-f439-4a4a-8850-28087bc544a9/call-UnmappedBamToAlignedBam/UnmappedBamToAlignedBam/988a0a52-89a4-4590-b810-0197d5b56440/call-SplitRG/shard-0/SplitLargeReadGroup/4fb0aa59-4201-4280-ada9-e038759d61c4/call-SamToFastqAndDragmapAndMba/shard-25/inputs/-1569105944/Homo_sapiens_assembly38_masked.fasta \
  PAIRED_RUN=true \
  SORT_ORDER="unsorted" \
  IS_BISULFITE_SEQUENCE=false \
  ALIGNED_READS_ONLY=false \
  CLIP_ADAPTERS=false \
   \
   \
  MAX_RECORDS_IN_RAM=2000000 \
  ADD_MATE_CIGAR=true \
  MAX_INSERTIONS_OR_DELETIONS=-1 \
  PRIMARY_ALIGNMENT_STRATEGY=MostDistant \
  PROGRAM_RECORD_ID="dragen-os" \
  PROGRAM_GROUP_VERSION="${DRAGMAP_VERSION}" \
  PROGRAM_GROUP_COMMAND_LINE="dragen-os -b /cromwell-executions1/WholeGenomeGermlineSingleSample/e1bc4c5d-f439-4a4a-8850-28087bc544a9/call-UnmappedBamToAlignedBam/UnmappedBamToAlignedBam/988a0a52-89a4-4590-b810-0197d5b56440/call-SplitRG/shard-0/SplitLargeReadGroup/4fb0aa59-4201-4280-ada9-e038759d61c4/call-SamToFastqAndDragmapAndMba/shard-25/inputs/358000914/shard_0026.bam -r dragen_reference --interleaved=1" \
  PROGRAM_GROUP_NAME="dragen-os" \
  UNMAPPED_READ_STRATEGY=COPY_TO_TAG \
  ALIGNER_PROPER_PAIR_FLAGS=true \
  UNMAP_CONTAMINANT_READS=true \
  ADD_PG_TAG_TO_READS=false[0m
[2026-03-26 21:14:33,68] [info] BackgroundConfigAsyncJobExecutionActor [[38;5;2m4fb0aa59[0mSplitLargeReadGroup.SamToFastqAndDragmapAndMba:25:1]: executing: # make sure there is no preexisting Docker CID file
rm -f /home/darja/workflow/cromwell-executions1/WholeGenomeGermlineSingleSample/e1bc4c5d-f439-4a4a-8850-28087bc544a9/call-UnmappedBamToAlignedBam/UnmappedBamToAlignedBam/988a0a52-89a4-4590-b810-0197d5b56440/call-SplitRG/shard-0/SplitLargeReadGroup/4fb0aa59-4201-4280-ada9-e038759d61c4/call-SamToFastqAndDragmapAndMba/shard-25/execution/docker_cid
# run as in the original configuration without --rm flag (will remove later)
docker run \
  --cidfile /home/darja/workflow/cromwell-executions1/WholeGenomeGermlineSingleSample/e1bc4c5d-f439-4a4a-8850-28087bc544a9/call-UnmappedBamToAlignedBam/UnmappedBamToAlignedBam/988a0a52-89a4-4590-b810-0197d5b56440/call-SplitRG/shard-0/SplitLargeReadGroup/4fb0aa59-4201-4280-ada9-e038759d61c4/call-SamToFastqAndDragmapAndMba/shard-25/execution/docker_cid \
  -i \
  --user 1027:1028 \
  --cpus="64" \
  --memory="409600m" \
  --entrypoint /bin/bash \
  -v /home/darja/workflow/cromwell-executions1/WholeGenomeGermlineSingleSample/e1bc4c5d-f439-4a4a-8850-28087bc544a9/call-UnmappedBamToAlignedBam/UnmappedBamToAlignedBam/988a0a52-89a4-4590-b810-0197d5b56440/call-SplitRG/shard-0/SplitLargeReadGroup/4fb0aa59-4201-4280-ada9-e038759d61c4/call-SamToFastqAndDragmapAndMba/shard-25:/cromwell-executions1/WholeGenomeGermlineSingleSample/e1bc4c5d-f439-4a4a-8850-28087bc544a9/call-UnmappedBamToAlignedBam/UnmappedBamToAlignedBam/988a0a52-89a4-4590-b810-0197d5b56440/call-SplitRG/shard-0/SplitLargeReadGroup/4fb0aa59-4201-4280-ada9-e038759d61c4/call-SamToFastqAndDragmapAndMba/shard-25 \
  -v /mnt/nas1/projects/lasr/blendseq:/mnt/nas1/projects/lasr/blendseq \
  us.gcr.io/broad-gotc-prod/dragmap@sha256:5964afca3e4173c33b11100f68c1a44642e0ff2ee4de5a49d8cd446fef308b23 /cromwell-executions1/WholeGenomeGermlineSingleSample/e1bc4c5d-f439-4a4a-8850-28087bc544a9/call-UnmappedBamToAlignedBam/UnmappedBamToAlignedBam/988a0a52-89a4-4590-b810-0197d5b56440/call-SplitRG/shard-0/SplitLargeReadGroup/4fb0aa59-4201-4280-ada9-e038759d61c4/call-SamToFastqAndDragmapAndMba/shard-25/execution/script

# get the return code (working even if the container was detached)
rc=$(docker wait [38;5;5mcat /home/darja/workflow/cromwell-executions1/WholeGenomeGermlineSingleSample/e1bc4c5d-f439-4a4a-8850-28087bc544a9/call-UnmappedBamToAlignedBam/UnmappedBamToAlignedBam/988a0a52-89a4-4590-b810-0197d5b56440/call-SplitRG/shard-0/SplitLargeReadGroup/4fb0aa59-4201-4280-ada9-e038759d61c4/call-SamToFastqAndDragmapAndMba/shard-25/execution/docker_cid[0m)

# remove the container after waiting
docker rm [38;5;5mcat /home/darja/workflow/cromwell-executions1/WholeGenomeGermlineSingleSample/e1bc4c5d-f439-4a4a-8850-28087bc544a9/call-UnmappedBamToAlignedBam/UnmappedBamToAlignedBam/988a0a52-89a4-4590-b810-0197d5b56440/call-SplitRG/shard-0/SplitLargeReadGroup/4fb0aa59-4201-4280-ada9-e038759d61c4/call-SamToFastqAndDragmapAndMba/shard-25/execution/docker_cid[0m

# return exit code
exit $rc
[2026-03-26 21:14:36,47] [info] BackgroundConfigAsyncJobExecutionActor [[38;5;2m4fb0aa59[0mSplitLargeReadGroup.SamToFastqAndDragmapAndMba:25:1]: job id: 491527
[2026-03-26 21:14:36,47] [info] BackgroundConfigAsyncJobExecutionActor [[38;5;2m4fb0aa59[0mSplitLargeReadGroup.SamToFastqAndDragmapAndMba:25:1]: Status change from - to WaitingForReturnCode
[2026-03-26 21:46:57,86] [info] BackgroundConfigAsyncJobExecutionActor [[38;5;2m4fb0aa59[0mSplitLargeReadGroup.SamToFastqAndDragmapAndMba:25:1]: Status change from WaitingForReturnCode to Done
[2026-03-26 21:47:01,56] [info] Assigned new job execution tokens to the following groups: e1bc4c5d: 1
[2026-03-26 21:47:01,61] [[38;5;220mwarn[0m] BackgroundConfigAsyncJobExecutionActor [[38;5;2m4fb0aa59[0mSplitLargeReadGroup.SamToFastqAndDragmapAndMba:29:1]: Unrecognized runtime attribute keys: preemptible, disks, cpu, memory
[2026-03-26 21:47:03,71] [info] BackgroundConfigAsyncJobExecutionActor [[38;5;2m4fb0aa59[0mSplitLargeReadGroup.SamToFastqAndDragmapAndMba:29:1]: [38;5;5mset -euxo pipefail

DRAGMAP_VERSION=$(dragen-os --version)

if [ -z ${DRAGMAP_VERSION} ]; then
    exit 1;
fi

mkdir dragen_reference
mv /cromwell-executions1/WholeGenomeGermlineSingleSample/e1bc4c5d-f439-4a4a-8850-28087bc544a9/call-UnmappedBamToAlignedBam/UnmappedBamToAlignedBam/988a0a52-89a4-4590-b810-0197d5b56440/call-SplitRG/shard-0/SplitLargeReadGroup/4fb0aa59-4201-4280-ada9-e038759d61c4/call-SamToFastqAndDragmapAndMba/shard-29/inputs/-1290198700/reference.bin /cromwell-executions1/WholeGenomeGermlineSingleSample/e1bc4c5d-f439-4a4a-8850-28087bc544a9/call-UnmappedBamToAlignedBam/UnmappedBamToAlignedBam/988a0a52-89a4-4590-b810-0197d5b56440/call-SplitRG/shard-0/SplitLargeReadGroup/4fb0aa59-4201-4280-ada9-e038759d61c4/call-SamToFastqAndDragmapAndMba/shard-29/inputs/-1290198700/hash_table.cfg.bin /cromwell-executions1/WholeGenomeGermlineSingleSample/e1bc4c5d-f439-4a4a-8850-28087bc544a9/call-UnmappedBamToAlignedBam/UnmappedBamToAlignedBam/988a0a52-89a4-4590-b810-0197d5b56440/call-SplitRG/shard-0/SplitLargeReadGroup/4fb0aa59-4201-4280-ada9-e038759d61c4/call-SamToFastqAndDragmapAndMba/shard-29/inputs/-1290198700/hash_table.cmp dragen_reference

dragen-os -b /cromwell-executions1/WholeGenomeGermlineSingleSample/e1bc4c5d-f439-4a4a-8850-28087bc544a9/call-UnmappedBamToAlignedBam/UnmappedBamToAlignedBam/988a0a52-89a4-4590-b810-0197d5b56440/call-SplitRG/shard-0/SplitLargeReadGroup/4fb0aa59-4201-4280-ada9-e038759d61c4/call-SamToFastqAndDragmapAndMba/shard-29/inputs/358000914/shard_0030.bam -r dragen_reference --interleaved=1 --preserve-map-align-order true 2> >(tee shard_0030.dragmap.stderr.log >&2) | samtools view -h -O BAM - > aligned.bam
java -Dsamjdk.compression_level=2 -Xms300g -Xmx300g -jar /picard/picard.jar \
  MergeBamAlignment \
  VALIDATION_STRINGENCY=SILENT \
  EXPECTED_ORIENTATIONS=FR \
  ATTRIBUTES_TO_RETAIN=X0 \
  ATTRIBUTES_TO_REMOVE=RG \
  ATTRIBUTES_TO_REMOVE=NM \
  ATTRIBUTES_TO_REMOVE=MD \
  ALIGNED_BAM=aligned.bam \
  UNMAPPED_BAM=/cromwell-executions1/WholeGenomeGermlineSingleSample/e1bc4c5d-f439-4a4a-8850-28087bc544a9/call-UnmappedBamToAlignedBam/UnmappedBamToAlignedBam/988a0a52-89a4-4590-b810-0197d5b56440/call-SplitRG/shard-0/SplitLargeReadGroup/4fb0aa59-4201-4280-ada9-e038759d61c4/call-SamToFastqAndDragmapAndMba/shard-29/inputs/358000914/shard_0030.bam \
  OUTPUT=shard_0030.bam \
  REFERENCE_SEQUENCE=/cromwell-executions1/WholeGenomeGermlineSingleSample/e1bc4c5d-f439-4a4a-8850-28087bc544a9/call-UnmappedBamToAlignedBam/UnmappedBamToAlignedBam/988a0a52-89a4-4590-b810-0197d5b56440/call-SplitRG/shard-0/SplitLargeReadGroup/4fb0aa59-4201-4280-ada9-e038759d61c4/call-SamToFastqAndDragmapAndMba/shard-29/inputs/-1569105944/Homo_sapiens_assembly38_masked.fasta \
  PAIRED_RUN=true \
  SORT_ORDER="unsorted" \
  IS_BISULFITE_SEQUENCE=false \
  ALIGNED_READS_ONLY=false \
  CLIP_ADAPTERS=false \
   \
   \
  MAX_RECORDS_IN_RAM=2000000 \
  ADD_MATE_CIGAR=true \
  MAX_INSERTIONS_OR_DELETIONS=-1 \
  PRIMARY_ALIGNMENT_STRATEGY=MostDistant \
  PROGRAM_RECORD_ID="dragen-os" \
  PROGRAM_GROUP_VERSION="${DRAGMAP_VERSION}" \
  PROGRAM_GROUP_COMMAND_LINE="dragen-os -b /cromwell-executions1/WholeGenomeGermlineSingleSample/e1bc4c5d-f439-4a4a-8850-28087bc544a9/call-UnmappedBamToAlignedBam/UnmappedBamToAlignedBam/988a0a52-89a4-4590-b810-0197d5b56440/call-SplitRG/shard-0/SplitLargeReadGroup/4fb0aa59-4201-4280-ada9-e038759d61c4/call-SamToFastqAndDragmapAndMba/shard-29/inputs/358000914/shard_0030.bam -r dragen_reference --interleaved=1" \
  PROGRAM_GROUP_NAME="dragen-os" \
  UNMAPPED_READ_STRATEGY=COPY_TO_TAG \
  ALIGNER_PROPER_PAIR_FLAGS=true \
  UNMAP_CONTAMINANT_READS=true \
  ADD_PG_TAG_TO_READS=false[0m
[2026-03-26 21:47:03,72] [info] BackgroundConfigAsyncJobExecutionActor [[38;5;2m4fb0aa59[0mSplitLargeReadGroup.SamToFastqAndDragmapAndMba:29:1]: executing: # make sure there is no preexisting Docker CID file
rm -f /home/darja/workflow/cromwell-executions1/WholeGenomeGermlineSingleSample/e1bc4c5d-f439-4a4a-8850-28087bc544a9/call-UnmappedBamToAlignedBam/UnmappedBamToAlignedBam/988a0a52-89a4-4590-b810-0197d5b56440/call-SplitRG/shard-0/SplitLargeReadGroup/4fb0aa59-4201-4280-ada9-e038759d61c4/call-SamToFastqAndDragmapAndMba/shard-29/execution/docker_cid
# run as in the original configuration without --rm flag (will remove later)
docker run \
  --cidfile /home/darja/workflow/cromwell-executions1/WholeGenomeGermlineSingleSample/e1bc4c5d-f439-4a4a-8850-28087bc544a9/call-UnmappedBamToAlignedBam/UnmappedBamToAlignedBam/988a0a52-89a4-4590-b810-0197d5b56440/call-SplitRG/shard-0/SplitLargeReadGroup/4fb0aa59-4201-4280-ada9-e038759d61c4/call-SamToFastqAndDragmapAndMba/shard-29/execution/docker_cid \
  -i \
  --user 1027:1028 \
  --cpus="64" \
  --memory="409600m" \
  --entrypoint /bin/bash \
  -v /home/darja/workflow/cromwell-executions1/WholeGenomeGermlineSingleSample/e1bc4c5d-f439-4a4a-8850-28087bc544a9/call-UnmappedBamToAlignedBam/UnmappedBamToAlignedBam/988a0a52-89a4-4590-b810-0197d5b56440/call-SplitRG/shard-0/SplitLargeReadGroup/4fb0aa59-4201-4280-ada9-e038759d61c4/call-SamToFastqAndDragmapAndMba/shard-29:/cromwell-executions1/WholeGenomeGermlineSingleSample/e1bc4c5d-f439-4a4a-8850-28087bc544a9/call-UnmappedBamToAlignedBam/UnmappedBamToAlignedBam/988a0a52-89a4-4590-b810-0197d5b56440/call-SplitRG/shard-0/SplitLargeReadGroup/4fb0aa59-4201-4280-ada9-e038759d61c4/call-SamToFastqAndDragmapAndMba/shard-29 \
  -v /mnt/nas1/projects/lasr/blendseq:/mnt/nas1/projects/lasr/blendseq \
  us.gcr.io/broad-gotc-prod/dragmap@sha256:5964afca3e4173c33b11100f68c1a44642e0ff2ee4de5a49d8cd446fef308b23 /cromwell-executions1/WholeGenomeGermlineSingleSample/e1bc4c5d-f439-4a4a-8850-28087bc544a9/call-UnmappedBamToAlignedBam/UnmappedBamToAlignedBam/988a0a52-89a4-4590-b810-0197d5b56440/call-SplitRG/shard-0/SplitLargeReadGroup/4fb0aa59-4201-4280-ada9-e038759d61c4/call-SamToFastqAndDragmapAndMba/shard-29/execution/script

# get the return code (working even if the container was detached)
rc=$(docker wait [38;5;5mcat /home/darja/workflow/cromwell-executions1/WholeGenomeGermlineSingleSample/e1bc4c5d-f439-4a4a-8850-28087bc544a9/call-UnmappedBamToAlignedBam/UnmappedBamToAlignedBam/988a0a52-89a4-4590-b810-0197d5b56440/call-SplitRG/shard-0/SplitLargeReadGroup/4fb0aa59-4201-4280-ada9-e038759d61c4/call-SamToFastqAndDragmapAndMba/shard-29/execution/docker_cid[0m)

# remove the container after waiting
docker rm [38;5;5mcat /home/darja/workflow/cromwell-executions1/WholeGenomeGermlineSingleSample/e1bc4c5d-f439-4a4a-8850-28087bc544a9/call-UnmappedBamToAlignedBam/UnmappedBamToAlignedBam/988a0a52-89a4-4590-b810-0197d5b56440/call-SplitRG/shard-0/SplitLargeReadGroup/4fb0aa59-4201-4280-ada9-e038759d61c4/call-SamToFastqAndDragmapAndMba/shard-29/execution/docker_cid[0m

# return exit code
exit $rc
[2026-03-26 21:47:06,47] [info] BackgroundConfigAsyncJobExecutionActor [[38;5;2m4fb0aa59[0mSplitLargeReadGroup.SamToFastqAndDragmapAndMba:29:1]: job id: 492516
[2026-03-26 21:47:06,47] [info] BackgroundConfigAsyncJobExecutionActor [[38;5;2m4fb0aa59[0mSplitLargeReadGroup.SamToFastqAndDragmapAndMba:29:1]: Status change from - to WaitingForReturnCode
[2026-03-26 22:23:36,22] [info] BackgroundConfigAsyncJobExecutionActor [[38;5;2m4fb0aa59[0mSplitLargeReadGroup.SamToFastqAndDragmapAndMba:29:1]: Status change from WaitingForReturnCode to Done
[2026-03-26 22:23:41,56] [info] Assigned new job execution tokens to the following groups: e1bc4c5d: 1
[2026-03-26 22:23:41,61] [[38;5;220mwarn[0m] BackgroundConfigAsyncJobExecutionActor [[38;5;2m4fb0aa59[0mSplitLargeReadGroup.SamToFastqAndDragmapAndMba:28:1]: Unrecognized runtime attribute keys: preemptible, disks, cpu, memory
[2026-03-26 22:23:43,73] [info] BackgroundConfigAsyncJobExecutionActor [[38;5;2m4fb0aa59[0mSplitLargeReadGroup.SamToFastqAndDragmapAndMba:28:1]: [38;5;5mset -euxo pipefail

DRAGMAP_VERSION=$(dragen-os --version)

if [ -z ${DRAGMAP_VERSION} ]; then
    exit 1;
fi

mkdir dragen_reference
mv /cromwell-executions1/WholeGenomeGermlineSingleSample/e1bc4c5d-f439-4a4a-8850-28087bc544a9/call-UnmappedBamToAlignedBam/UnmappedBamToAlignedBam/988a0a52-89a4-4590-b810-0197d5b56440/call-SplitRG/shard-0/SplitLargeReadGroup/4fb0aa59-4201-4280-ada9-e038759d61c4/call-SamToFastqAndDragmapAndMba/shard-28/inputs/-1290198700/reference.bin /cromwell-executions1/WholeGenomeGermlineSingleSample/e1bc4c5d-f439-4a4a-8850-28087bc544a9/call-UnmappedBamToAlignedBam/UnmappedBamToAlignedBam/988a0a52-89a4-4590-b810-0197d5b56440/call-SplitRG/shard-0/SplitLargeReadGroup/4fb0aa59-4201-4280-ada9-e038759d61c4/call-SamToFastqAndDragmapAndMba/shard-28/inputs/-1290198700/hash_table.cfg.bin /cromwell-executions1/WholeGenomeGermlineSingleSample/e1bc4c5d-f439-4a4a-8850-28087bc544a9/call-UnmappedBamToAlignedBam/UnmappedBamToAlignedBam/988a0a52-89a4-4590-b810-0197d5b56440/call-SplitRG/shard-0/SplitLargeReadGroup/4fb0aa59-4201-4280-ada9-e038759d61c4/call-SamToFastqAndDragmapAndMba/shard-28/inputs/-1290198700/hash_table.cmp dragen_reference

dragen-os -b /cromwell-executions1/WholeGenomeGermlineSingleSample/e1bc4c5d-f439-4a4a-8850-28087bc544a9/call-UnmappedBamToAlignedBam/UnmappedBamToAlignedBam/988a0a52-89a4-4590-b810-0197d5b56440/call-SplitRG/shard-0/SplitLargeReadGroup/4fb0aa59-4201-4280-ada9-e038759d61c4/call-SamToFastqAndDragmapAndMba/shard-28/inputs/358000914/shard_0029.bam -r dragen_reference --interleaved=1 --preserve-map-align-order true 2> >(tee shard_0029.dragmap.stderr.log >&2) | samtools view -h -O BAM - > aligned.bam
java -Dsamjdk.compression_level=2 -Xms300g -Xmx300g -jar /picard/picard.jar \
  MergeBamAlignment \
  VALIDATION_STRINGENCY=SILENT \
  EXPECTED_ORIENTATIONS=FR \
  ATTRIBUTES_TO_RETAIN=X0 \
  ATTRIBUTES_TO_REMOVE=RG \
  ATTRIBUTES_TO_REMOVE=NM \
  ATTRIBUTES_TO_REMOVE=MD \
  ALIGNED_BAM=aligned.bam \
  UNMAPPED_BAM=/cromwell-executions1/WholeGenomeGermlineSingleSample/e1bc4c5d-f439-4a4a-8850-28087bc544a9/call-UnmappedBamToAlignedBam/UnmappedBamToAlignedBam/988a0a52-89a4-4590-b810-0197d5b56440/call-SplitRG/shard-0/SplitLargeReadGroup/4fb0aa59-4201-4280-ada9-e038759d61c4/call-SamToFastqAndDragmapAndMba/shard-28/inputs/358000914/shard_0029.bam \
  OUTPUT=shard_0029.bam \
  REFERENCE_SEQUENCE=/cromwell-executions1/WholeGenomeGermlineSingleSample/e1bc4c5d-f439-4a4a-8850-28087bc544a9/call-UnmappedBamToAlignedBam/UnmappedBamToAlignedBam/988a0a52-89a4-4590-b810-0197d5b56440/call-SplitRG/shard-0/SplitLargeReadGroup/4fb0aa59-4201-4280-ada9-e038759d61c4/call-SamToFastqAndDragmapAndMba/shard-28/inputs/-1569105944/Homo_sapiens_assembly38_masked.fasta \
  PAIRED_RUN=true \
  SORT_ORDER="unsorted" \
  IS_BISULFITE_SEQUENCE=false \
  ALIGNED_READS_ONLY=false \
  CLIP_ADAPTERS=false \
   \
   \
  MAX_RECORDS_IN_RAM=2000000 \
  ADD_MATE_CIGAR=true \
  MAX_INSERTIONS_OR_DELETIONS=-1 \
  PRIMARY_ALIGNMENT_STRATEGY=MostDistant \
  PROGRAM_RECORD_ID="dragen-os" \
  PROGRAM_GROUP_VERSION="${DRAGMAP_VERSION}" \
  PROGRAM_GROUP_COMMAND_LINE="dragen-os -b /cromwell-executions1/WholeGenomeGermlineSingleSample/e1bc4c5d-f439-4a4a-8850-28087bc544a9/call-UnmappedBamToAlignedBam/UnmappedBamToAlignedBam/988a0a52-89a4-4590-b810-0197d5b56440/call-SplitRG/shard-0/SplitLargeReadGroup/4fb0aa59-4201-4280-ada9-e038759d61c4/call-SamToFastqAndDragmapAndMba/shard-28/inputs/358000914/shard_0029.bam -r dragen_reference --interleaved=1" \
  PROGRAM_GROUP_NAME="dragen-os" \
  UNMAPPED_READ_STRATEGY=COPY_TO_TAG \
  ALIGNER_PROPER_PAIR_FLAGS=true \
  UNMAP_CONTAMINANT_READS=true \
  ADD_PG_TAG_TO_READS=false[0m
[2026-03-26 22:23:43,73] [info] BackgroundConfigAsyncJobExecutionActor [[38;5;2m4fb0aa59[0mSplitLargeReadGroup.SamToFastqAndDragmapAndMba:28:1]: executing: # make sure there is no preexisting Docker CID file
rm -f /home/darja/workflow/cromwell-executions1/WholeGenomeGermlineSingleSample/e1bc4c5d-f439-4a4a-8850-28087bc544a9/call-UnmappedBamToAlignedBam/UnmappedBamToAlignedBam/988a0a52-89a4-4590-b810-0197d5b56440/call-SplitRG/shard-0/SplitLargeReadGroup/4fb0aa59-4201-4280-ada9-e038759d61c4/call-SamToFastqAndDragmapAndMba/shard-28/execution/docker_cid
# run as in the original configuration without --rm flag (will remove later)
docker run \
  --cidfile /home/darja/workflow/cromwell-executions1/WholeGenomeGermlineSingleSample/e1bc4c5d-f439-4a4a-8850-28087bc544a9/call-UnmappedBamToAlignedBam/UnmappedBamToAlignedBam/988a0a52-89a4-4590-b810-0197d5b56440/call-SplitRG/shard-0/SplitLargeReadGroup/4fb0aa59-4201-4280-ada9-e038759d61c4/call-SamToFastqAndDragmapAndMba/shard-28/execution/docker_cid \
  -i \
  --user 1027:1028 \
  --cpus="64" \
  --memory="409600m" \
  --entrypoint /bin/bash \
  -v /home/darja/workflow/cromwell-executions1/WholeGenomeGermlineSingleSample/e1bc4c5d-f439-4a4a-8850-28087bc544a9/call-UnmappedBamToAlignedBam/UnmappedBamToAlignedBam/988a0a52-89a4-4590-b810-0197d5b56440/call-SplitRG/shard-0/SplitLargeReadGroup/4fb0aa59-4201-4280-ada9-e038759d61c4/call-SamToFastqAndDragmapAndMba/shard-28:/cromwell-executions1/WholeGenomeGermlineSingleSample/e1bc4c5d-f439-4a4a-8850-28087bc544a9/call-UnmappedBamToAlignedBam/UnmappedBamToAlignedBam/988a0a52-89a4-4590-b810-0197d5b56440/call-SplitRG/shard-0/SplitLargeReadGroup/4fb0aa59-4201-4280-ada9-e038759d61c4/call-SamToFastqAndDragmapAndMba/shard-28 \
  -v /mnt/nas1/projects/lasr/blendseq:/mnt/nas1/projects/lasr/blendseq \
  us.gcr.io/broad-gotc-prod/dragmap@sha256:5964afca3e4173c33b11100f68c1a44642e0ff2ee4de5a49d8cd446fef308b23 /cromwell-executions1/WholeGenomeGermlineSingleSample/e1bc4c5d-f439-4a4a-8850-28087bc544a9/call-UnmappedBamToAlignedBam/UnmappedBamToAlignedBam/988a0a52-89a4-4590-b810-0197d5b56440/call-SplitRG/shard-0/SplitLargeReadGroup/4fb0aa59-4201-4280-ada9-e038759d61c4/call-SamToFastqAndDragmapAndMba/shard-28/execution/script

# get the return code (working even if the container was detached)
rc=$(docker wait [38;5;5mcat /home/darja/workflow/cromwell-executions1/WholeGenomeGermlineSingleSample/e1bc4c5d-f439-4a4a-8850-28087bc544a9/call-UnmappedBamToAlignedBam/UnmappedBamToAlignedBam/988a0a52-89a4-4590-b810-0197d5b56440/call-SplitRG/shard-0/SplitLargeReadGroup/4fb0aa59-4201-4280-ada9-e038759d61c4/call-SamToFastqAndDragmapAndMba/shard-28/execution/docker_cid[0m)

# remove the container after waiting
docker rm [38;5;5mcat /home/darja/workflow/cromwell-executions1/WholeGenomeGermlineSingleSample/e1bc4c5d-f439-4a4a-8850-28087bc544a9/call-UnmappedBamToAlignedBam/UnmappedBamToAlignedBam/988a0a52-89a4-4590-b810-0197d5b56440/call-SplitRG/shard-0/SplitLargeReadGroup/4fb0aa59-4201-4280-ada9-e038759d61c4/call-SamToFastqAndDragmapAndMba/shard-28/execution/docker_cid[0m

# return exit code
exit $rc
[2026-03-26 22:23:46,47] [info] BackgroundConfigAsyncJobExecutionActor [[38;5;2m4fb0aa59[0mSplitLargeReadGroup.SamToFastqAndDragmapAndMba:28:1]: job id: 493577
[2026-03-26 22:23:46,47] [info] BackgroundConfigAsyncJobExecutionActor [[38;5;2m4fb0aa59[0mSplitLargeReadGroup.SamToFastqAndDragmapAndMba:28:1]: Status change from - to WaitingForReturnCode
[2026-03-26 22:52:17,26] [info] BackgroundConfigAsyncJobExecutionActor [[38;5;2m4fb0aa59[0mSplitLargeReadGroup.SamToFastqAndDragmapAndMba:28:1]: Status change from WaitingForReturnCode to Done
[2026-03-26 22:52:21,56] [info] Assigned new job execution tokens to the following groups: e1bc4c5d: 1
[2026-03-26 22:52:21,60] [[38;5;220mwarn[0m] BackgroundConfigAsyncJobExecutionActor [[38;5;2m4fb0aa59[0mSplitLargeReadGroup.SamToFastqAndDragmapAndMba:15:1]: Unrecognized runtime attribute keys: preemptible, disks, cpu, memory
[2026-03-26 22:52:23,87] [info] BackgroundConfigAsyncJobExecutionActor [[38;5;2m4fb0aa59[0mSplitLargeReadGroup.SamToFastqAndDragmapAndMba:15:1]: [38;5;5mset -euxo pipefail

DRAGMAP_VERSION=$(dragen-os --version)

if [ -z ${DRAGMAP_VERSION} ]; then
    exit 1;
fi

mkdir dragen_reference
mv /cromwell-executions1/WholeGenomeGermlineSingleSample/e1bc4c5d-f439-4a4a-8850-28087bc544a9/call-UnmappedBamToAlignedBam/UnmappedBamToAlignedBam/988a0a52-89a4-4590-b810-0197d5b56440/call-SplitRG/shard-0/SplitLargeReadGroup/4fb0aa59-4201-4280-ada9-e038759d61c4/call-SamToFastqAndDragmapAndMba/shard-15/inputs/-1290198700/reference.bin /cromwell-executions1/WholeGenomeGermlineSingleSample/e1bc4c5d-f439-4a4a-8850-28087bc544a9/call-UnmappedBamToAlignedBam/UnmappedBamToAlignedBam/988a0a52-89a4-4590-b810-0197d5b56440/call-SplitRG/shard-0/SplitLargeReadGroup/4fb0aa59-4201-4280-ada9-e038759d61c4/call-SamToFastqAndDragmapAndMba/shard-15/inputs/-1290198700/hash_table.cfg.bin /cromwell-executions1/WholeGenomeGermlineSingleSample/e1bc4c5d-f439-4a4a-8850-28087bc544a9/call-UnmappedBamToAlignedBam/UnmappedBamToAlignedBam/988a0a52-89a4-4590-b810-0197d5b56440/call-SplitRG/shard-0/SplitLargeReadGroup/4fb0aa59-4201-4280-ada9-e038759d61c4/call-SamToFastqAndDragmapAndMba/shard-15/inputs/-1290198700/hash_table.cmp dragen_reference

dragen-os -b /cromwell-executions1/WholeGenomeGermlineSingleSample/e1bc4c5d-f439-4a4a-8850-28087bc544a9/call-UnmappedBamToAlignedBam/UnmappedBamToAlignedBam/988a0a52-89a4-4590-b810-0197d5b56440/call-SplitRG/shard-0/SplitLargeReadGroup/4fb0aa59-4201-4280-ada9-e038759d61c4/call-SamToFastqAndDragmapAndMba/shard-15/inputs/358000914/shard_0016.bam -r dragen_reference --interleaved=1 --preserve-map-align-order true 2> >(tee shard_0016.dragmap.stderr.log >&2) | samtools view -h -O BAM - > aligned.bam
java -Dsamjdk.compression_level=2 -Xms300g -Xmx300g -jar /picard/picard.jar \
  MergeBamAlignment \
  VALIDATION_STRINGENCY=SILENT \
  EXPECTED_ORIENTATIONS=FR \
  ATTRIBUTES_TO_RETAIN=X0 \
  ATTRIBUTES_TO_REMOVE=RG \
  ATTRIBUTES_TO_REMOVE=NM \
  ATTRIBUTES_TO_REMOVE=MD \
  ALIGNED_BAM=aligned.bam \
  UNMAPPED_BAM=/cromwell-executions1/WholeGenomeGermlineSingleSample/e1bc4c5d-f439-4a4a-8850-28087bc544a9/call-UnmappedBamToAlignedBam/UnmappedBamToAlignedBam/988a0a52-89a4-4590-b810-0197d5b56440/call-SplitRG/shard-0/SplitLargeReadGroup/4fb0aa59-4201-4280-ada9-e038759d61c4/call-SamToFastqAndDragmapAndMba/shard-15/inputs/358000914/shard_0016.bam \
  OUTPUT=shard_0016.bam \
  REFERENCE_SEQUENCE=/cromwell-executions1/WholeGenomeGermlineSingleSample/e1bc4c5d-f439-4a4a-8850-28087bc544a9/call-UnmappedBamToAlignedBam/UnmappedBamToAlignedBam/988a0a52-89a4-4590-b810-0197d5b56440/call-SplitRG/shard-0/SplitLargeReadGroup/4fb0aa59-4201-4280-ada9-e038759d61c4/call-SamToFastqAndDragmapAndMba/shard-15/inputs/-1569105944/Homo_sapiens_assembly38_masked.fasta \
  PAIRED_RUN=true \
  SORT_ORDER="unsorted" \
  IS_BISULFITE_SEQUENCE=false \
  ALIGNED_READS_ONLY=false \
  CLIP_ADAPTERS=false \
   \
   \
  MAX_RECORDS_IN_RAM=2000000 \
  ADD_MATE_CIGAR=true \
  MAX_INSERTIONS_OR_DELETIONS=-1 \
  PRIMARY_ALIGNMENT_STRATEGY=MostDistant \
  PROGRAM_RECORD_ID="dragen-os" \
  PROGRAM_GROUP_VERSION="${DRAGMAP_VERSION}" \
  PROGRAM_GROUP_COMMAND_LINE="dragen-os -b /cromwell-executions1/WholeGenomeGermlineSingleSample/e1bc4c5d-f439-4a4a-8850-28087bc544a9/call-UnmappedBamToAlignedBam/UnmappedBamToAlignedBam/988a0a52-89a4-4590-b810-0197d5b56440/call-SplitRG/shard-0/SplitLargeReadGroup/4fb0aa59-4201-4280-ada9-e038759d61c4/call-SamToFastqAndDragmapAndMba/shard-15/inputs/358000914/shard_0016.bam -r dragen_reference --interleaved=1" \
  PROGRAM_GROUP_NAME="dragen-os" \
  UNMAPPED_READ_STRATEGY=COPY_TO_TAG \
  ALIGNER_PROPER_PAIR_FLAGS=true \
  UNMAP_CONTAMINANT_READS=true \
  ADD_PG_TAG_TO_READS=false[0m
[2026-03-26 22:52:23,87] [info] BackgroundConfigAsyncJobExecutionActor [[38;5;2m4fb0aa59[0mSplitLargeReadGroup.SamToFastqAndDragmapAndMba:15:1]: executing: # make sure there is no preexisting Docker CID file
rm -f /home/darja/workflow/cromwell-executions1/WholeGenomeGermlineSingleSample/e1bc4c5d-f439-4a4a-8850-28087bc544a9/call-UnmappedBamToAlignedBam/UnmappedBamToAlignedBam/988a0a52-89a4-4590-b810-0197d5b56440/call-SplitRG/shard-0/SplitLargeReadGroup/4fb0aa59-4201-4280-ada9-e038759d61c4/call-SamToFastqAndDragmapAndMba/shard-15/execution/docker_cid
# run as in the original configuration without --rm flag (will remove later)
docker run \
  --cidfile /home/darja/workflow/cromwell-executions1/WholeGenomeGermlineSingleSample/e1bc4c5d-f439-4a4a-8850-28087bc544a9/call-UnmappedBamToAlignedBam/UnmappedBamToAlignedBam/988a0a52-89a4-4590-b810-0197d5b56440/call-SplitRG/shard-0/SplitLargeReadGroup/4fb0aa59-4201-4280-ada9-e038759d61c4/call-SamToFastqAndDragmapAndMba/shard-15/execution/docker_cid \
  -i \
  --user 1027:1028 \
  --cpus="64" \
  --memory="409600m" \
  --entrypoint /bin/bash \
  -v /home/darja/workflow/cromwell-executions1/WholeGenomeGermlineSingleSample/e1bc4c5d-f439-4a4a-8850-28087bc544a9/call-UnmappedBamToAlignedBam/UnmappedBamToAlignedBam/988a0a52-89a4-4590-b810-0197d5b56440/call-SplitRG/shard-0/SplitLargeReadGroup/4fb0aa59-4201-4280-ada9-e038759d61c4/call-SamToFastqAndDragmapAndMba/shard-15:/cromwell-executions1/WholeGenomeGermlineSingleSample/e1bc4c5d-f439-4a4a-8850-28087bc544a9/call-UnmappedBamToAlignedBam/UnmappedBamToAlignedBam/988a0a52-89a4-4590-b810-0197d5b56440/call-SplitRG/shard-0/SplitLargeReadGroup/4fb0aa59-4201-4280-ada9-e038759d61c4/call-SamToFastqAndDragmapAndMba/shard-15 \
  -v /mnt/nas1/projects/lasr/blendseq:/mnt/nas1/projects/lasr/blendseq \
  us.gcr.io/broad-gotc-prod/dragmap@sha256:5964afca3e4173c33b11100f68c1a44642e0ff2ee4de5a49d8cd446fef308b23 /cromwell-executions1/WholeGenomeGermlineSingleSample/e1bc4c5d-f439-4a4a-8850-28087bc544a9/call-UnmappedBamToAlignedBam/UnmappedBamToAlignedBam/988a0a52-89a4-4590-b810-0197d5b56440/call-SplitRG/shard-0/SplitLargeReadGroup/4fb0aa59-4201-4280-ada9-e038759d61c4/call-SamToFastqAndDragmapAndMba/shard-15/execution/script

# get the return code (working even if the container was detached)
rc=$(docker wait [38;5;5mcat /home/darja/workflow/cromwell-executions1/WholeGenomeGermlineSingleSample/e1bc4c5d-f439-4a4a-8850-28087bc544a9/call-UnmappedBamToAlignedBam/UnmappedBamToAlignedBam/988a0a52-89a4-4590-b810-0197d5b56440/call-SplitRG/shard-0/SplitLargeReadGroup/4fb0aa59-4201-4280-ada9-e038759d61c4/call-SamToFastqAndDragmapAndMba/shard-15/execution/docker_cid[0m)

# remove the container after waiting
docker rm [38;5;5mcat /home/darja/workflow/cromwell-executions1/WholeGenomeGermlineSingleSample/e1bc4c5d-f439-4a4a-8850-28087bc544a9/call-UnmappedBamToAlignedBam/UnmappedBamToAlignedBam/988a0a52-89a4-4590-b810-0197d5b56440/call-SplitRG/shard-0/SplitLargeReadGroup/4fb0aa59-4201-4280-ada9-e038759d61c4/call-SamToFastqAndDragmapAndMba/shard-15/execution/docker_cid[0m

# return exit code
exit $rc
[2026-03-26 22:52:26,47] [info] BackgroundConfigAsyncJobExecutionActor [[38;5;2m4fb0aa59[0mSplitLargeReadGroup.SamToFastqAndDragmapAndMba:15:1]: job id: 494544
[2026-03-26 22:52:26,47] [info] BackgroundConfigAsyncJobExecutionActor [[38;5;2m4fb0aa59[0mSplitLargeReadGroup.SamToFastqAndDragmapAndMba:15:1]: Status change from - to WaitingForReturnCode
[2026-03-26 23:26:09,27] [info] BackgroundConfigAsyncJobExecutionActor [[38;5;2m4fb0aa59[0mSplitLargeReadGroup.SamToFastqAndDragmapAndMba:15:1]: Status change from WaitingForReturnCode to Done
[2026-03-26 23:26:11,56] [info] Assigned new job execution tokens to the following groups: e1bc4c5d: 1
[2026-03-26 23:26:11,61] [[38;5;220mwarn[0m] BackgroundConfigAsyncJobExecutionActor [[38;5;2m4fb0aa59[0mSplitLargeReadGroup.SamToFastqAndDragmapAndMba:8:1]: Unrecognized runtime attribute keys: preemptible, disks, cpu, memory
[2026-03-26 23:26:13,59] [info] BackgroundConfigAsyncJobExecutionActor [[38;5;2m4fb0aa59[0mSplitLargeReadGroup.SamToFastqAndDragmapAndMba:8:1]: [38;5;5mset -euxo pipefail

DRAGMAP_VERSION=$(dragen-os --version)

if [ -z ${DRAGMAP_VERSION} ]; then
    exit 1;
fi

mkdir dragen_reference
mv /cromwell-executions1/WholeGenomeGermlineSingleSample/e1bc4c5d-f439-4a4a-8850-28087bc544a9/call-UnmappedBamToAlignedBam/UnmappedBamToAlignedBam/988a0a52-89a4-4590-b810-0197d5b56440/call-SplitRG/shard-0/SplitLargeReadGroup/4fb0aa59-4201-4280-ada9-e038759d61c4/call-SamToFastqAndDragmapAndMba/shard-8/inputs/-1290198700/reference.bin /cromwell-executions1/WholeGenomeGermlineSingleSample/e1bc4c5d-f439-4a4a-8850-28087bc544a9/call-UnmappedBamToAlignedBam/UnmappedBamToAlignedBam/988a0a52-89a4-4590-b810-0197d5b56440/call-SplitRG/shard-0/SplitLargeReadGroup/4fb0aa59-4201-4280-ada9-e038759d61c4/call-SamToFastqAndDragmapAndMba/shard-8/inputs/-1290198700/hash_table.cfg.bin /cromwell-executions1/WholeGenomeGermlineSingleSample/e1bc4c5d-f439-4a4a-8850-28087bc544a9/call-UnmappedBamToAlignedBam/UnmappedBamToAlignedBam/988a0a52-89a4-4590-b810-0197d5b56440/call-SplitRG/shard-0/SplitLargeReadGroup/4fb0aa59-4201-4280-ada9-e038759d61c4/call-SamToFastqAndDragmapAndMba/shard-8/inputs/-1290198700/hash_table.cmp dragen_reference

dragen-os -b /cromwell-executions1/WholeGenomeGermlineSingleSample/e1bc4c5d-f439-4a4a-8850-28087bc544a9/call-UnmappedBamToAlignedBam/UnmappedBamToAlignedBam/988a0a52-89a4-4590-b810-0197d5b56440/call-SplitRG/shard-0/SplitLargeReadGroup/4fb0aa59-4201-4280-ada9-e038759d61c4/call-SamToFastqAndDragmapAndMba/shard-8/inputs/358000914/shard_0009.bam -r dragen_reference --interleaved=1 --preserve-map-align-order true 2> >(tee shard_0009.dragmap.stderr.log >&2) | samtools view -h -O BAM - > aligned.bam
java -Dsamjdk.compression_level=2 -Xms300g -Xmx300g -jar /picard/picard.jar \
  MergeBamAlignment \
  VALIDATION_STRINGENCY=SILENT \
  EXPECTED_ORIENTATIONS=FR \
  ATTRIBUTES_TO_RETAIN=X0 \
  ATTRIBUTES_TO_REMOVE=RG \
  ATTRIBUTES_TO_REMOVE=NM \
  ATTRIBUTES_TO_REMOVE=MD \
  ALIGNED_BAM=aligned.bam \
  UNMAPPED_BAM=/cromwell-executions1/WholeGenomeGermlineSingleSample/e1bc4c5d-f439-4a4a-8850-28087bc544a9/call-UnmappedBamToAlignedBam/UnmappedBamToAlignedBam/988a0a52-89a4-4590-b810-0197d5b56440/call-SplitRG/shard-0/SplitLargeReadGroup/4fb0aa59-4201-4280-ada9-e038759d61c4/call-SamToFastqAndDragmapAndMba/shard-8/inputs/358000914/shard_0009.bam \
  OUTPUT=shard_0009.bam \
  REFERENCE_SEQUENCE=/cromwell-executions1/WholeGenomeGermlineSingleSample/e1bc4c5d-f439-4a4a-8850-28087bc544a9/call-UnmappedBamToAlignedBam/UnmappedBamToAlignedBam/988a0a52-89a4-4590-b810-0197d5b56440/call-SplitRG/shard-0/SplitLargeReadGroup/4fb0aa59-4201-4280-ada9-e038759d61c4/call-SamToFastqAndDragmapAndMba/shard-8/inputs/-1569105944/Homo_sapiens_assembly38_masked.fasta \
  PAIRED_RUN=true \
  SORT_ORDER="unsorted" \
  IS_BISULFITE_SEQUENCE=false \
  ALIGNED_READS_ONLY=false \
  CLIP_ADAPTERS=false \
   \
   \
  MAX_RECORDS_IN_RAM=2000000 \
  ADD_MATE_CIGAR=true \
  MAX_INSERTIONS_OR_DELETIONS=-1 \
  PRIMARY_ALIGNMENT_STRATEGY=MostDistant \
  PROGRAM_RECORD_ID="dragen-os" \
  PROGRAM_GROUP_VERSION="${DRAGMAP_VERSION}" \
  PROGRAM_GROUP_COMMAND_LINE="dragen-os -b /cromwell-executions1/WholeGenomeGermlineSingleSample/e1bc4c5d-f439-4a4a-8850-28087bc544a9/call-UnmappedBamToAlignedBam/UnmappedBamToAlignedBam/988a0a52-89a4-4590-b810-0197d5b56440/call-SplitRG/shard-0/SplitLargeReadGroup/4fb0aa59-4201-4280-ada9-e038759d61c4/call-SamToFastqAndDragmapAndMba/shard-8/inputs/358000914/shard_0009.bam -r dragen_reference --interleaved=1" \
  PROGRAM_GROUP_NAME="dragen-os" \
  UNMAPPED_READ_STRATEGY=COPY_TO_TAG \
  ALIGNER_PROPER_PAIR_FLAGS=true \
  UNMAP_CONTAMINANT_READS=true \
  ADD_PG_TAG_TO_READS=false[0m
[2026-03-26 23:26:13,59] [info] BackgroundConfigAsyncJobExecutionActor [[38;5;2m4fb0aa59[0mSplitLargeReadGroup.SamToFastqAndDragmapAndMba:8:1]: executing: # make sure there is no preexisting Docker CID file
rm -f /home/darja/workflow/cromwell-executions1/WholeGenomeGermlineSingleSample/e1bc4c5d-f439-4a4a-8850-28087bc544a9/call-UnmappedBamToAlignedBam/UnmappedBamToAlignedBam/988a0a52-89a4-4590-b810-0197d5b56440/call-SplitRG/shard-0/SplitLargeReadGroup/4fb0aa59-4201-4280-ada9-e038759d61c4/call-SamToFastqAndDragmapAndMba/shard-8/execution/docker_cid
# run as in the original configuration without --rm flag (will remove later)
docker run \
  --cidfile /home/darja/workflow/cromwell-executions1/WholeGenomeGermlineSingleSample/e1bc4c5d-f439-4a4a-8850-28087bc544a9/call-UnmappedBamToAlignedBam/UnmappedBamToAlignedBam/988a0a52-89a4-4590-b810-0197d5b56440/call-SplitRG/shard-0/SplitLargeReadGroup/4fb0aa59-4201-4280-ada9-e038759d61c4/call-SamToFastqAndDragmapAndMba/shard-8/execution/docker_cid \
  -i \
  --user 1027:1028 \
  --cpus="64" \
  --memory="409600m" \
  --entrypoint /bin/bash \
  -v /home/darja/workflow/cromwell-executions1/WholeGenomeGermlineSingleSample/e1bc4c5d-f439-4a4a-8850-28087bc544a9/call-UnmappedBamToAlignedBam/UnmappedBamToAlignedBam/988a0a52-89a4-4590-b810-0197d5b56440/call-SplitRG/shard-0/SplitLargeReadGroup/4fb0aa59-4201-4280-ada9-e038759d61c4/call-SamToFastqAndDragmapAndMba/shard-8:/cromwell-executions1/WholeGenomeGermlineSingleSample/e1bc4c5d-f439-4a4a-8850-28087bc544a9/call-UnmappedBamToAlignedBam/UnmappedBamToAlignedBam/988a0a52-89a4-4590-b810-0197d5b56440/call-SplitRG/shard-0/SplitLargeReadGroup/4fb0aa59-4201-4280-ada9-e038759d61c4/call-SamToFastqAndDragmapAndMba/shard-8 \
  -v /mnt/nas1/projects/lasr/blendseq:/mnt/nas1/projects/lasr/blendseq \
  us.gcr.io/broad-gotc-prod/dragmap@sha256:5964afca3e4173c33b11100f68c1a44642e0ff2ee4de5a49d8cd446fef308b23 /cromwell-executions1/WholeGenomeGermlineSingleSample/e1bc4c5d-f439-4a4a-8850-28087bc544a9/call-UnmappedBamToAlignedBam/UnmappedBamToAlignedBam/988a0a52-89a4-4590-b810-0197d5b56440/call-SplitRG/shard-0/SplitLargeReadGroup/4fb0aa59-4201-4280-ada9-e038759d61c4/call-SamToFastqAndDragmapAndMba/shard-8/execution/script

# get the return code (working even if the container was detached)
rc=$(docker wait [38;5;5mcat /home/darja/workflow/cromwell-executions1/WholeGenomeGermlineSingleSample/e1bc4c5d-f439-4a4a-8850-28087bc544a9/call-UnmappedBamToAlignedBam/UnmappedBamToAlignedBam/988a0a52-89a4-4590-b810-0197d5b56440/call-SplitRG/shard-0/SplitLargeReadGroup/4fb0aa59-4201-4280-ada9-e038759d61c4/call-SamToFastqAndDragmapAndMba/shard-8/execution/docker_cid[0m)

# remove the container after waiting
docker rm [38;5;5mcat /home/darja/workflow/cromwell-executions1/WholeGenomeGermlineSingleSample/e1bc4c5d-f439-4a4a-8850-28087bc544a9/call-UnmappedBamToAlignedBam/UnmappedBamToAlignedBam/988a0a52-89a4-4590-b810-0197d5b56440/call-SplitRG/shard-0/SplitLargeReadGroup/4fb0aa59-4201-4280-ada9-e038759d61c4/call-SamToFastqAndDragmapAndMba/shard-8/execution/docker_cid[0m

# return exit code
exit $rc
[2026-03-26 23:26:16,47] [info] BackgroundConfigAsyncJobExecutionActor [[38;5;2m4fb0aa59[0mSplitLargeReadGroup.SamToFastqAndDragmapAndMba:8:1]: job id: 495543
[2026-03-26 23:26:16,47] [info] BackgroundConfigAsyncJobExecutionActor [[38;5;2m4fb0aa59[0mSplitLargeReadGroup.SamToFastqAndDragmapAndMba:8:1]: Status change from - to WaitingForReturnCode
[2026-03-27 00:00:14,21] [info] BackgroundConfigAsyncJobExecutionActor [[38;5;2m4fb0aa59[0mSplitLargeReadGroup.SamToFastqAndDragmapAndMba:8:1]: Status change from WaitingForReturnCode to Done
[2026-03-27 00:00:21,56] [info] Assigned new job execution tokens to the following groups: e1bc4c5d: 1
[2026-03-27 00:00:21,61] [[38;5;220mwarn[0m] BackgroundConfigAsyncJobExecutionActor [[38;5;2m4fb0aa59[0mSplitLargeReadGroup.SamToFastqAndDragmapAndMba:30:1]: Unrecognized runtime attribute keys: preemptible, disks, cpu, memory
[2026-03-27 00:00:23,83] [info] BackgroundConfigAsyncJobExecutionActor [[38;5;2m4fb0aa59[0mSplitLargeReadGroup.SamToFastqAndDragmapAndMba:30:1]: [38;5;5mset -euxo pipefail

DRAGMAP_VERSION=$(dragen-os --version)

if [ -z ${DRAGMAP_VERSION} ]; then
    exit 1;
fi

mkdir dragen_reference
mv /cromwell-executions1/WholeGenomeGermlineSingleSample/e1bc4c5d-f439-4a4a-8850-28087bc544a9/call-UnmappedBamToAlignedBam/UnmappedBamToAlignedBam/988a0a52-89a4-4590-b810-0197d5b56440/call-SplitRG/shard-0/SplitLargeReadGroup/4fb0aa59-4201-4280-ada9-e038759d61c4/call-SamToFastqAndDragmapAndMba/shard-30/inputs/-1290198700/reference.bin /cromwell-executions1/WholeGenomeGermlineSingleSample/e1bc4c5d-f439-4a4a-8850-28087bc544a9/call-UnmappedBamToAlignedBam/UnmappedBamToAlignedBam/988a0a52-89a4-4590-b810-0197d5b56440/call-SplitRG/shard-0/SplitLargeReadGroup/4fb0aa59-4201-4280-ada9-e038759d61c4/call-SamToFastqAndDragmapAndMba/shard-30/inputs/-1290198700/hash_table.cfg.bin /cromwell-executions1/WholeGenomeGermlineSingleSample/e1bc4c5d-f439-4a4a-8850-28087bc544a9/call-UnmappedBamToAlignedBam/UnmappedBamToAlignedBam/988a0a52-89a4-4590-b810-0197d5b56440/call-SplitRG/shard-0/SplitLargeReadGroup/4fb0aa59-4201-4280-ada9-e038759d61c4/call-SamToFastqAndDragmapAndMba/shard-30/inputs/-1290198700/hash_table.cmp dragen_reference

dragen-os -b /cromwell-executions1/WholeGenomeGermlineSingleSample/e1bc4c5d-f439-4a4a-8850-28087bc544a9/call-UnmappedBamToAlignedBam/UnmappedBamToAlignedBam/988a0a52-89a4-4590-b810-0197d5b56440/call-SplitRG/shard-0/SplitLargeReadGroup/4fb0aa59-4201-4280-ada9-e038759d61c4/call-SamToFastqAndDragmapAndMba/shard-30/inputs/358000914/shard_0031.bam -r dragen_reference --interleaved=1 --preserve-map-align-order true 2> >(tee shard_0031.dragmap.stderr.log >&2) | samtools view -h -O BAM - > aligned.bam
java -Dsamjdk.compression_level=2 -Xms300g -Xmx300g -jar /picard/picard.jar \
  MergeBamAlignment \
  VALIDATION_STRINGENCY=SILENT \
  EXPECTED_ORIENTATIONS=FR \
  ATTRIBUTES_TO_RETAIN=X0 \
  ATTRIBUTES_TO_REMOVE=RG \
  ATTRIBUTES_TO_REMOVE=NM \
  ATTRIBUTES_TO_REMOVE=MD \
  ALIGNED_BAM=aligned.bam \
  UNMAPPED_BAM=/cromwell-executions1/WholeGenomeGermlineSingleSample/e1bc4c5d-f439-4a4a-8850-28087bc544a9/call-UnmappedBamToAlignedBam/UnmappedBamToAlignedBam/988a0a52-89a4-4590-b810-0197d5b56440/call-SplitRG/shard-0/SplitLargeReadGroup/4fb0aa59-4201-4280-ada9-e038759d61c4/call-SamToFastqAndDragmapAndMba/shard-30/inputs/358000914/shard_0031.bam \
  OUTPUT=shard_0031.bam \
  REFERENCE_SEQUENCE=/cromwell-executions1/WholeGenomeGermlineSingleSample/e1bc4c5d-f439-4a4a-8850-28087bc544a9/call-UnmappedBamToAlignedBam/UnmappedBamToAlignedBam/988a0a52-89a4-4590-b810-0197d5b56440/call-SplitRG/shard-0/SplitLargeReadGroup/4fb0aa59-4201-4280-ada9-e038759d61c4/call-SamToFastqAndDragmapAndMba/shard-30/inputs/-1569105944/Homo_sapiens_assembly38_masked.fasta \
  PAIRED_RUN=true \
  SORT_ORDER="unsorted" \
  IS_BISULFITE_SEQUENCE=false \
  ALIGNED_READS_ONLY=false \
  CLIP_ADAPTERS=false \
   \
   \
  MAX_RECORDS_IN_RAM=2000000 \
  ADD_MATE_CIGAR=true \
  MAX_INSERTIONS_OR_DELETIONS=-1 \
  PRIMARY_ALIGNMENT_STRATEGY=MostDistant \
  PROGRAM_RECORD_ID="dragen-os" \
  PROGRAM_GROUP_VERSION="${DRAGMAP_VERSION}" \
  PROGRAM_GROUP_COMMAND_LINE="dragen-os -b /cromwell-executions1/WholeGenomeGermlineSingleSample/e1bc4c5d-f439-4a4a-8850-28087bc544a9/call-UnmappedBamToAlignedBam/UnmappedBamToAlignedBam/988a0a52-89a4-4590-b810-0197d5b56440/call-SplitRG/shard-0/SplitLargeReadGroup/4fb0aa59-4201-4280-ada9-e038759d61c4/call-SamToFastqAndDragmapAndMba/shard-30/inputs/358000914/shard_0031.bam -r dragen_reference --interleaved=1" \
  PROGRAM_GROUP_NAME="dragen-os" \
  UNMAPPED_READ_STRATEGY=COPY_TO_TAG \
  ALIGNER_PROPER_PAIR_FLAGS=true \
  UNMAP_CONTAMINANT_READS=true \
  ADD_PG_TAG_TO_READS=false[0m
[2026-03-27 00:00:23,83] [info] BackgroundConfigAsyncJobExecutionActor [[38;5;2m4fb0aa59[0mSplitLargeReadGroup.SamToFastqAndDragmapAndMba:30:1]: executing: # make sure there is no preexisting Docker CID file
rm -f /home/darja/workflow/cromwell-executions1/WholeGenomeGermlineSingleSample/e1bc4c5d-f439-4a4a-8850-28087bc544a9/call-UnmappedBamToAlignedBam/UnmappedBamToAlignedBam/988a0a52-89a4-4590-b810-0197d5b56440/call-SplitRG/shard-0/SplitLargeReadGroup/4fb0aa59-4201-4280-ada9-e038759d61c4/call-SamToFastqAndDragmapAndMba/shard-30/execution/docker_cid
# run as in the original configuration without --rm flag (will remove later)
docker run \
  --cidfile /home/darja/workflow/cromwell-executions1/WholeGenomeGermlineSingleSample/e1bc4c5d-f439-4a4a-8850-28087bc544a9/call-UnmappedBamToAlignedBam/UnmappedBamToAlignedBam/988a0a52-89a4-4590-b810-0197d5b56440/call-SplitRG/shard-0/SplitLargeReadGroup/4fb0aa59-4201-4280-ada9-e038759d61c4/call-SamToFastqAndDragmapAndMba/shard-30/execution/docker_cid \
  -i \
  --user 1027:1028 \
  --cpus="64" \
  --memory="409600m" \
  --entrypoint /bin/bash \
  -v /home/darja/workflow/cromwell-executions1/WholeGenomeGermlineSingleSample/e1bc4c5d-f439-4a4a-8850-28087bc544a9/call-UnmappedBamToAlignedBam/UnmappedBamToAlignedBam/988a0a52-89a4-4590-b810-0197d5b56440/call-SplitRG/shard-0/SplitLargeReadGroup/4fb0aa59-4201-4280-ada9-e038759d61c4/call-SamToFastqAndDragmapAndMba/shard-30:/cromwell-executions1/WholeGenomeGermlineSingleSample/e1bc4c5d-f439-4a4a-8850-28087bc544a9/call-UnmappedBamToAlignedBam/UnmappedBamToAlignedBam/988a0a52-89a4-4590-b810-0197d5b56440/call-SplitRG/shard-0/SplitLargeReadGroup/4fb0aa59-4201-4280-ada9-e038759d61c4/call-SamToFastqAndDragmapAndMba/shard-30 \
  -v /mnt/nas1/projects/lasr/blendseq:/mnt/nas1/projects/lasr/blendseq \
  us.gcr.io/broad-gotc-prod/dragmap@sha256:5964afca3e4173c33b11100f68c1a44642e0ff2ee4de5a49d8cd446fef308b23 /cromwell-executions1/WholeGenomeGermlineSingleSample/e1bc4c5d-f439-4a4a-8850-28087bc544a9/call-UnmappedBamToAlignedBam/UnmappedBamToAlignedBam/988a0a52-89a4-4590-b810-0197d5b56440/call-SplitRG/shard-0/SplitLargeReadGroup/4fb0aa59-4201-4280-ada9-e038759d61c4/call-SamToFastqAndDragmapAndMba/shard-30/execution/script

# get the return code (working even if the container was detached)
rc=$(docker wait [38;5;5mcat /home/darja/workflow/cromwell-executions1/WholeGenomeGermlineSingleSample/e1bc4c5d-f439-4a4a-8850-28087bc544a9/call-UnmappedBamToAlignedBam/UnmappedBamToAlignedBam/988a0a52-89a4-4590-b810-0197d5b56440/call-SplitRG/shard-0/SplitLargeReadGroup/4fb0aa59-4201-4280-ada9-e038759d61c4/call-SamToFastqAndDragmapAndMba/shard-30/execution/docker_cid[0m)

# remove the container after waiting
docker rm [38;5;5mcat /home/darja/workflow/cromwell-executions1/WholeGenomeGermlineSingleSample/e1bc4c5d-f439-4a4a-8850-28087bc544a9/call-UnmappedBamToAlignedBam/UnmappedBamToAlignedBam/988a0a52-89a4-4590-b810-0197d5b56440/call-SplitRG/shard-0/SplitLargeReadGroup/4fb0aa59-4201-4280-ada9-e038759d61c4/call-SamToFastqAndDragmapAndMba/shard-30/execution/docker_cid[0m

# return exit code
exit $rc
[2026-03-27 00:00:26,47] [info] BackgroundConfigAsyncJobExecutionActor [[38;5;2m4fb0aa59[0mSplitLargeReadGroup.SamToFastqAndDragmapAndMba:30:1]: job id: 496613
[2026-03-27 00:00:26,47] [info] BackgroundConfigAsyncJobExecutionActor [[38;5;2m4fb0aa59[0mSplitLargeReadGroup.SamToFastqAndDragmapAndMba:30:1]: Status change from - to WaitingForReturnCode
[2026-03-27 00:38:42,45] [info] BackgroundConfigAsyncJobExecutionActor [[38;5;2m4fb0aa59[0mSplitLargeReadGroup.SamToFastqAndDragmapAndMba:30:1]: Status change from WaitingForReturnCode to Done
[2026-03-27 00:38:51,56] [info] Assigned new job execution tokens to the following groups: e1bc4c5d: 1
[2026-03-27 00:38:51,61] [[38;5;220mwarn[0m] BackgroundConfigAsyncJobExecutionActor [[38;5;2m4fb0aa59[0mSplitLargeReadGroup.SamToFastqAndDragmapAndMba:7:1]: Unrecognized runtime attribute keys: preemptible, disks, cpu, memory
[2026-03-27 00:38:54,52] [info] BackgroundConfigAsyncJobExecutionActor [[38;5;2m4fb0aa59[0mSplitLargeReadGroup.SamToFastqAndDragmapAndMba:7:1]: [38;5;5mset -euxo pipefail

DRAGMAP_VERSION=$(dragen-os --version)

if [ -z ${DRAGMAP_VERSION} ]; then
    exit 1;
fi

mkdir dragen_reference
mv /cromwell-executions1/WholeGenomeGermlineSingleSample/e1bc4c5d-f439-4a4a-8850-28087bc544a9/call-UnmappedBamToAlignedBam/UnmappedBamToAlignedBam/988a0a52-89a4-4590-b810-0197d5b56440/call-SplitRG/shard-0/SplitLargeReadGroup/4fb0aa59-4201-4280-ada9-e038759d61c4/call-SamToFastqAndDragmapAndMba/shard-7/inputs/-1290198700/reference.bin /cromwell-executions1/WholeGenomeGermlineSingleSample/e1bc4c5d-f439-4a4a-8850-28087bc544a9/call-UnmappedBamToAlignedBam/UnmappedBamToAlignedBam/988a0a52-89a4-4590-b810-0197d5b56440/call-SplitRG/shard-0/SplitLargeReadGroup/4fb0aa59-4201-4280-ada9-e038759d61c4/call-SamToFastqAndDragmapAndMba/shard-7/inputs/-1290198700/hash_table.cfg.bin /cromwell-executions1/WholeGenomeGermlineSingleSample/e1bc4c5d-f439-4a4a-8850-28087bc544a9/call-UnmappedBamToAlignedBam/UnmappedBamToAlignedBam/988a0a52-89a4-4590-b810-0197d5b56440/call-SplitRG/shard-0/SplitLargeReadGroup/4fb0aa59-4201-4280-ada9-e038759d61c4/call-SamToFastqAndDragmapAndMba/shard-7/inputs/-1290198700/hash_table.cmp dragen_reference

dragen-os -b /cromwell-executions1/WholeGenomeGermlineSingleSample/e1bc4c5d-f439-4a4a-8850-28087bc544a9/call-UnmappedBamToAlignedBam/UnmappedBamToAlignedBam/988a0a52-89a4-4590-b810-0197d5b56440/call-SplitRG/shard-0/SplitLargeReadGroup/4fb0aa59-4201-4280-ada9-e038759d61c4/call-SamToFastqAndDragmapAndMba/shard-7/inputs/358000914/shard_0008.bam -r dragen_reference --interleaved=1 --preserve-map-align-order true 2> >(tee shard_0008.dragmap.stderr.log >&2) | samtools view -h -O BAM - > aligned.bam
java -Dsamjdk.compression_level=2 -Xms300g -Xmx300g -jar /picard/picard.jar \
  MergeBamAlignment \
  VALIDATION_STRINGENCY=SILENT \
  EXPECTED_ORIENTATIONS=FR \
  ATTRIBUTES_TO_RETAIN=X0 \
  ATTRIBUTES_TO_REMOVE=RG \
  ATTRIBUTES_TO_REMOVE=NM \
  ATTRIBUTES_TO_REMOVE=MD \
  ALIGNED_BAM=aligned.bam \
  UNMAPPED_BAM=/cromwell-executions1/WholeGenomeGermlineSingleSample/e1bc4c5d-f439-4a4a-8850-28087bc544a9/call-UnmappedBamToAlignedBam/UnmappedBamToAlignedBam/988a0a52-89a4-4590-b810-0197d5b56440/call-SplitRG/shard-0/SplitLargeReadGroup/4fb0aa59-4201-4280-ada9-e038759d61c4/call-SamToFastqAndDragmapAndMba/shard-7/inputs/358000914/shard_0008.bam \
  OUTPUT=shard_0008.bam \
  REFERENCE_SEQUENCE=/cromwell-executions1/WholeGenomeGermlineSingleSample/e1bc4c5d-f439-4a4a-8850-28087bc544a9/call-UnmappedBamToAlignedBam/UnmappedBamToAlignedBam/988a0a52-89a4-4590-b810-0197d5b56440/call-SplitRG/shard-0/SplitLargeReadGroup/4fb0aa59-4201-4280-ada9-e038759d61c4/call-SamToFastqAndDragmapAndMba/shard-7/inputs/-1569105944/Homo_sapiens_assembly38_masked.fasta \
  PAIRED_RUN=true \
  SORT_ORDER="unsorted" \
  IS_BISULFITE_SEQUENCE=false \
  ALIGNED_READS_ONLY=false \
  CLIP_ADAPTERS=false \
   \
   \
  MAX_RECORDS_IN_RAM=2000000 \
  ADD_MATE_CIGAR=true \
  MAX_INSERTIONS_OR_DELETIONS=-1 \
  PRIMARY_ALIGNMENT_STRATEGY=MostDistant \
  PROGRAM_RECORD_ID="dragen-os" \
  PROGRAM_GROUP_VERSION="${DRAGMAP_VERSION}" \
  PROGRAM_GROUP_COMMAND_LINE="dragen-os -b /cromwell-executions1/WholeGenomeGermlineSingleSample/e1bc4c5d-f439-4a4a-8850-28087bc544a9/call-UnmappedBamToAlignedBam/UnmappedBamToAlignedBam/988a0a52-89a4-4590-b810-0197d5b56440/call-SplitRG/shard-0/SplitLargeReadGroup/4fb0aa59-4201-4280-ada9-e038759d61c4/call-SamToFastqAndDragmapAndMba/shard-7/inputs/358000914/shard_0008.bam -r dragen_reference --interleaved=1" \
  PROGRAM_GROUP_NAME="dragen-os" \
  UNMAPPED_READ_STRATEGY=COPY_TO_TAG \
  ALIGNER_PROPER_PAIR_FLAGS=true \
  UNMAP_CONTAMINANT_READS=true \
  ADD_PG_TAG_TO_READS=false[0m
[2026-03-27 00:38:54,52] [info] BackgroundConfigAsyncJobExecutionActor [[38;5;2m4fb0aa59[0mSplitLargeReadGroup.SamToFastqAndDragmapAndMba:7:1]: executing: # make sure there is no preexisting Docker CID file
rm -f /home/darja/workflow/cromwell-executions1/WholeGenomeGermlineSingleSample/e1bc4c5d-f439-4a4a-8850-28087bc544a9/call-UnmappedBamToAlignedBam/UnmappedBamToAlignedBam/988a0a52-89a4-4590-b810-0197d5b56440/call-SplitRG/shard-0/SplitLargeReadGroup/4fb0aa59-4201-4280-ada9-e038759d61c4/call-SamToFastqAndDragmapAndMba/shard-7/execution/docker_cid
# run as in the original configuration without --rm flag (will remove later)
docker run \
  --cidfile /home/darja/workflow/cromwell-executions1/WholeGenomeGermlineSingleSample/e1bc4c5d-f439-4a4a-8850-28087bc544a9/call-UnmappedBamToAlignedBam/UnmappedBamToAlignedBam/988a0a52-89a4-4590-b810-0197d5b56440/call-SplitRG/shard-0/SplitLargeReadGroup/4fb0aa59-4201-4280-ada9-e038759d61c4/call-SamToFastqAndDragmapAndMba/shard-7/execution/docker_cid \
  -i \
  --user 1027:1028 \
  --cpus="64" \
  --memory="409600m" \
  --entrypoint /bin/bash \
  -v /home/darja/workflow/cromwell-executions1/WholeGenomeGermlineSingleSample/e1bc4c5d-f439-4a4a-8850-28087bc544a9/call-UnmappedBamToAlignedBam/UnmappedBamToAlignedBam/988a0a52-89a4-4590-b810-0197d5b56440/call-SplitRG/shard-0/SplitLargeReadGroup/4fb0aa59-4201-4280-ada9-e038759d61c4/call-SamToFastqAndDragmapAndMba/shard-7:/cromwell-executions1/WholeGenomeGermlineSingleSample/e1bc4c5d-f439-4a4a-8850-28087bc544a9/call-UnmappedBamToAlignedBam/UnmappedBamToAlignedBam/988a0a52-89a4-4590-b810-0197d5b56440/call-SplitRG/shard-0/SplitLargeReadGroup/4fb0aa59-4201-4280-ada9-e038759d61c4/call-SamToFastqAndDragmapAndMba/shard-7 \
  -v /mnt/nas1/projects/lasr/blendseq:/mnt/nas1/projects/lasr/blendseq \
  us.gcr.io/broad-gotc-prod/dragmap@sha256:5964afca3e4173c33b11100f68c1a44642e0ff2ee4de5a49d8cd446fef308b23 /cromwell-executions1/WholeGenomeGermlineSingleSample/e1bc4c5d-f439-4a4a-8850-28087bc544a9/call-UnmappedBamToAlignedBam/UnmappedBamToAlignedBam/988a0a52-89a4-4590-b810-0197d5b56440/call-SplitRG/shard-0/SplitLargeReadGroup/4fb0aa59-4201-4280-ada9-e038759d61c4/call-SamToFastqAndDragmapAndMba/shard-7/execution/script

# get the return code (working even if the container was detached)
rc=$(docker wait [38;5;5mcat /home/darja/workflow/cromwell-executions1/WholeGenomeGermlineSingleSample/e1bc4c5d-f439-4a4a-8850-28087bc544a9/call-UnmappedBamToAlignedBam/UnmappedBamToAlignedBam/988a0a52-89a4-4590-b810-0197d5b56440/call-SplitRG/shard-0/SplitLargeReadGroup/4fb0aa59-4201-4280-ada9-e038759d61c4/call-SamToFastqAndDragmapAndMba/shard-7/execution/docker_cid[0m)

# remove the container after waiting
docker rm [38;5;5mcat /home/darja/workflow/cromwell-executions1/WholeGenomeGermlineSingleSample/e1bc4c5d-f439-4a4a-8850-28087bc544a9/call-UnmappedBamToAlignedBam/UnmappedBamToAlignedBam/988a0a52-89a4-4590-b810-0197d5b56440/call-SplitRG/shard-0/SplitLargeReadGroup/4fb0aa59-4201-4280-ada9-e038759d61c4/call-SamToFastqAndDragmapAndMba/shard-7/execution/docker_cid[0m

# return exit code
exit $rc
[2026-03-27 00:38:56,47] [info] BackgroundConfigAsyncJobExecutionActor [[38;5;2m4fb0aa59[0mSplitLargeReadGroup.SamToFastqAndDragmapAndMba:7:1]: job id: 497710
[2026-03-27 00:38:56,47] [info] BackgroundConfigAsyncJobExecutionActor [[38;5;2m4fb0aa59[0mSplitLargeReadGroup.SamToFastqAndDragmapAndMba:7:1]: Status change from - to WaitingForReturnCode
[2026-03-27 01:16:10,56] [info] BackgroundConfigAsyncJobExecutionActor [[38;5;2m4fb0aa59[0mSplitLargeReadGroup.SamToFastqAndDragmapAndMba:7:1]: Status change from WaitingForReturnCode to Done
[2026-03-27 01:16:11,56] [info] Assigned new job execution tokens to the following groups: e1bc4c5d: 1
[2026-03-27 01:16:11,61] [[38;5;220mwarn[0m] BackgroundConfigAsyncJobExecutionActor [[38;5;2m4fb0aa59[0mSplitLargeReadGroup.SamToFastqAndDragmapAndMba:10:1]: Unrecognized runtime attribute keys: preemptible, disks, cpu, memory
[2026-03-27 01:16:13,71] [info] BackgroundConfigAsyncJobExecutionActor [[38;5;2m4fb0aa59[0mSplitLargeReadGroup.SamToFastqAndDragmapAndMba:10:1]: [38;5;5mset -euxo pipefail

DRAGMAP_VERSION=$(dragen-os --version)

if [ -z ${DRAGMAP_VERSION} ]; then
    exit 1;
fi

mkdir dragen_reference
mv /cromwell-executions1/WholeGenomeGermlineSingleSample/e1bc4c5d-f439-4a4a-8850-28087bc544a9/call-UnmappedBamToAlignedBam/UnmappedBamToAlignedBam/988a0a52-89a4-4590-b810-0197d5b56440/call-SplitRG/shard-0/SplitLargeReadGroup/4fb0aa59-4201-4280-ada9-e038759d61c4/call-SamToFastqAndDragmapAndMba/shard-10/inputs/-1290198700/reference.bin /cromwell-executions1/WholeGenomeGermlineSingleSample/e1bc4c5d-f439-4a4a-8850-28087bc544a9/call-UnmappedBamToAlignedBam/UnmappedBamToAlignedBam/988a0a52-89a4-4590-b810-0197d5b56440/call-SplitRG/shard-0/SplitLargeReadGroup/4fb0aa59-4201-4280-ada9-e038759d61c4/call-SamToFastqAndDragmapAndMba/shard-10/inputs/-1290198700/hash_table.cfg.bin /cromwell-executions1/WholeGenomeGermlineSingleSample/e1bc4c5d-f439-4a4a-8850-28087bc544a9/call-UnmappedBamToAlignedBam/UnmappedBamToAlignedBam/988a0a52-89a4-4590-b810-0197d5b56440/call-SplitRG/shard-0/SplitLargeReadGroup/4fb0aa59-4201-4280-ada9-e038759d61c4/call-SamToFastqAndDragmapAndMba/shard-10/inputs/-1290198700/hash_table.cmp dragen_reference

dragen-os -b /cromwell-executions1/WholeGenomeGermlineSingleSample/e1bc4c5d-f439-4a4a-8850-28087bc544a9/call-UnmappedBamToAlignedBam/UnmappedBamToAlignedBam/988a0a52-89a4-4590-b810-0197d5b56440/call-SplitRG/shard-0/SplitLargeReadGroup/4fb0aa59-4201-4280-ada9-e038759d61c4/call-SamToFastqAndDragmapAndMba/shard-10/inputs/358000914/shard_0011.bam -r dragen_reference --interleaved=1 --preserve-map-align-order true 2> >(tee shard_0011.dragmap.stderr.log >&2) | samtools view -h -O BAM - > aligned.bam
java -Dsamjdk.compression_level=2 -Xms300g -Xmx300g -jar /picard/picard.jar \
  MergeBamAlignment \
  VALIDATION_STRINGENCY=SILENT \
  EXPECTED_ORIENTATIONS=FR \
  ATTRIBUTES_TO_RETAIN=X0 \
  ATTRIBUTES_TO_REMOVE=RG \
  ATTRIBUTES_TO_REMOVE=NM \
  ATTRIBUTES_TO_REMOVE=MD \
  ALIGNED_BAM=aligned.bam \
  UNMAPPED_BAM=/cromwell-executions1/WholeGenomeGermlineSingleSample/e1bc4c5d-f439-4a4a-8850-28087bc544a9/call-UnmappedBamToAlignedBam/UnmappedBamToAlignedBam/988a0a52-89a4-4590-b810-0197d5b56440/call-SplitRG/shard-0/SplitLargeReadGroup/4fb0aa59-4201-4280-ada9-e038759d61c4/call-SamToFastqAndDragmapAndMba/shard-10/inputs/358000914/shard_0011.bam \
  OUTPUT=shard_0011.bam \
  REFERENCE_SEQUENCE=/cromwell-executions1/WholeGenomeGermlineSingleSample/e1bc4c5d-f439-4a4a-8850-28087bc544a9/call-UnmappedBamToAlignedBam/UnmappedBamToAlignedBam/988a0a52-89a4-4590-b810-0197d5b56440/call-SplitRG/shard-0/SplitLargeReadGroup/4fb0aa59-4201-4280-ada9-e038759d61c4/call-SamToFastqAndDragmapAndMba/shard-10/inputs/-1569105944/Homo_sapiens_assembly38_masked.fasta \
  PAIRED_RUN=true \
  SORT_ORDER="unsorted" \
  IS_BISULFITE_SEQUENCE=false \
  ALIGNED_READS_ONLY=false \
  CLIP_ADAPTERS=false \
   \
   \
  MAX_RECORDS_IN_RAM=2000000 \
  ADD_MATE_CIGAR=true \
  MAX_INSERTIONS_OR_DELETIONS=-1 \
  PRIMARY_ALIGNMENT_STRATEGY=MostDistant \
  PROGRAM_RECORD_ID="dragen-os" \
  PROGRAM_GROUP_VERSION="${DRAGMAP_VERSION}" \
  PROGRAM_GROUP_COMMAND_LINE="dragen-os -b /cromwell-executions1/WholeGenomeGermlineSingleSample/e1bc4c5d-f439-4a4a-8850-28087bc544a9/call-UnmappedBamToAlignedBam/UnmappedBamToAlignedBam/988a0a52-89a4-4590-b810-0197d5b56440/call-SplitRG/shard-0/SplitLargeReadGroup/4fb0aa59-4201-4280-ada9-e038759d61c4/call-SamToFastqAndDragmapAndMba/shard-10/inputs/358000914/shard_0011.bam -r dragen_reference --interleaved=1" \
  PROGRAM_GROUP_NAME="dragen-os" \
  UNMAPPED_READ_STRATEGY=COPY_TO_TAG \
  ALIGNER_PROPER_PAIR_FLAGS=true \
  UNMAP_CONTAMINANT_READS=true \
  ADD_PG_TAG_TO_READS=false[0m
[2026-03-27 01:16:13,71] [info] BackgroundConfigAsyncJobExecutionActor [[38;5;2m4fb0aa59[0mSplitLargeReadGroup.SamToFastqAndDragmapAndMba:10:1]: executing: # make sure there is no preexisting Docker CID file
rm -f /home/darja/workflow/cromwell-executions1/WholeGenomeGermlineSingleSample/e1bc4c5d-f439-4a4a-8850-28087bc544a9/call-UnmappedBamToAlignedBam/UnmappedBamToAlignedBam/988a0a52-89a4-4590-b810-0197d5b56440/call-SplitRG/shard-0/SplitLargeReadGroup/4fb0aa59-4201-4280-ada9-e038759d61c4/call-SamToFastqAndDragmapAndMba/shard-10/execution/docker_cid
# run as in the original configuration without --rm flag (will remove later)
docker run \
  --cidfile /home/darja/workflow/cromwell-executions1/WholeGenomeGermlineSingleSample/e1bc4c5d-f439-4a4a-8850-28087bc544a9/call-UnmappedBamToAlignedBam/UnmappedBamToAlignedBam/988a0a52-89a4-4590-b810-0197d5b56440/call-SplitRG/shard-0/SplitLargeReadGroup/4fb0aa59-4201-4280-ada9-e038759d61c4/call-SamToFastqAndDragmapAndMba/shard-10/execution/docker_cid \
  -i \
  --user 1027:1028 \
  --cpus="64" \
  --memory="409600m" \
  --entrypoint /bin/bash \
  -v /home/darja/workflow/cromwell-executions1/WholeGenomeGermlineSingleSample/e1bc4c5d-f439-4a4a-8850-28087bc544a9/call-UnmappedBamToAlignedBam/UnmappedBamToAlignedBam/988a0a52-89a4-4590-b810-0197d5b56440/call-SplitRG/shard-0/SplitLargeReadGroup/4fb0aa59-4201-4280-ada9-e038759d61c4/call-SamToFastqAndDragmapAndMba/shard-10:/cromwell-executions1/WholeGenomeGermlineSingleSample/e1bc4c5d-f439-4a4a-8850-28087bc544a9/call-UnmappedBamToAlignedBam/UnmappedBamToAlignedBam/988a0a52-89a4-4590-b810-0197d5b56440/call-SplitRG/shard-0/SplitLargeReadGroup/4fb0aa59-4201-4280-ada9-e038759d61c4/call-SamToFastqAndDragmapAndMba/shard-10 \
  -v /mnt/nas1/projects/lasr/blendseq:/mnt/nas1/projects/lasr/blendseq \
  us.gcr.io/broad-gotc-prod/dragmap@sha256:5964afca3e4173c33b11100f68c1a44642e0ff2ee4de5a49d8cd446fef308b23 /cromwell-executions1/WholeGenomeGermlineSingleSample/e1bc4c5d-f439-4a4a-8850-28087bc544a9/call-UnmappedBamToAlignedBam/UnmappedBamToAlignedBam/988a0a52-89a4-4590-b810-0197d5b56440/call-SplitRG/shard-0/SplitLargeReadGroup/4fb0aa59-4201-4280-ada9-e038759d61c4/call-SamToFastqAndDragmapAndMba/shard-10/execution/script

# get the return code (working even if the container was detached)
rc=$(docker wait [38;5;5mcat /home/darja/workflow/cromwell-executions1/WholeGenomeGermlineSingleSample/e1bc4c5d-f439-4a4a-8850-28087bc544a9/call-UnmappedBamToAlignedBam/UnmappedBamToAlignedBam/988a0a52-89a4-4590-b810-0197d5b56440/call-SplitRG/shard-0/SplitLargeReadGroup/4fb0aa59-4201-4280-ada9-e038759d61c4/call-SamToFastqAndDragmapAndMba/shard-10/execution/docker_cid[0m)

# remove the container after waiting
docker rm [38;5;5mcat /home/darja/workflow/cromwell-executions1/WholeGenomeGermlineSingleSample/e1bc4c5d-f439-4a4a-8850-28087bc544a9/call-UnmappedBamToAlignedBam/UnmappedBamToAlignedBam/988a0a52-89a4-4590-b810-0197d5b56440/call-SplitRG/shard-0/SplitLargeReadGroup/4fb0aa59-4201-4280-ada9-e038759d61c4/call-SamToFastqAndDragmapAndMba/shard-10/execution/docker_cid[0m

# return exit code
exit $rc
[2026-03-27 01:16:16,47] [info] BackgroundConfigAsyncJobExecutionActor [[38;5;2m4fb0aa59[0mSplitLargeReadGroup.SamToFastqAndDragmapAndMba:10:1]: job id: 498724
[2026-03-27 01:16:16,47] [info] BackgroundConfigAsyncJobExecutionActor [[38;5;2m4fb0aa59[0mSplitLargeReadGroup.SamToFastqAndDragmapAndMba:10:1]: Status change from - to WaitingForReturnCode
[2026-03-27 01:48:06,68] [info] BackgroundConfigAsyncJobExecutionActor [[38;5;2m4fb0aa59[0mSplitLargeReadGroup.SamToFastqAndDragmapAndMba:10:1]: Status change from WaitingForReturnCode to Done
[2026-03-27 01:48:11,56] [info] Assigned new job execution tokens to the following groups: e1bc4c5d: 1
[2026-03-27 01:48:11,61] [[38;5;220mwarn[0m] BackgroundConfigAsyncJobExecutionActor [[38;5;2m4fb0aa59[0mSplitLargeReadGroup.SamToFastqAndDragmapAndMba:2:1]: Unrecognized runtime attribute keys: preemptible, disks, cpu, memory
[2026-03-27 01:48:14,26] [info] BackgroundConfigAsyncJobExecutionActor [[38;5;2m4fb0aa59[0mSplitLargeReadGroup.SamToFastqAndDragmapAndMba:2:1]: [38;5;5mset -euxo pipefail

DRAGMAP_VERSION=$(dragen-os --version)

if [ -z ${DRAGMAP_VERSION} ]; then
    exit 1;
fi

mkdir dragen_reference
mv /cromwell-executions1/WholeGenomeGermlineSingleSample/e1bc4c5d-f439-4a4a-8850-28087bc544a9/call-UnmappedBamToAlignedBam/UnmappedBamToAlignedBam/988a0a52-89a4-4590-b810-0197d5b56440/call-SplitRG/shard-0/SplitLargeReadGroup/4fb0aa59-4201-4280-ada9-e038759d61c4/call-SamToFastqAndDragmapAndMba/shard-2/inputs/-1290198700/reference.bin /cromwell-executions1/WholeGenomeGermlineSingleSample/e1bc4c5d-f439-4a4a-8850-28087bc544a9/call-UnmappedBamToAlignedBam/UnmappedBamToAlignedBam/988a0a52-89a4-4590-b810-0197d5b56440/call-SplitRG/shard-0/SplitLargeReadGroup/4fb0aa59-4201-4280-ada9-e038759d61c4/call-SamToFastqAndDragmapAndMba/shard-2/inputs/-1290198700/hash_table.cfg.bin /cromwell-executions1/WholeGenomeGermlineSingleSample/e1bc4c5d-f439-4a4a-8850-28087bc544a9/call-UnmappedBamToAlignedBam/UnmappedBamToAlignedBam/988a0a52-89a4-4590-b810-0197d5b56440/call-SplitRG/shard-0/SplitLargeReadGroup/4fb0aa59-4201-4280-ada9-e038759d61c4/call-SamToFastqAndDragmapAndMba/shard-2/inputs/-1290198700/hash_table.cmp dragen_reference

dragen-os -b /cromwell-executions1/WholeGenomeGermlineSingleSample/e1bc4c5d-f439-4a4a-8850-28087bc544a9/call-UnmappedBamToAlignedBam/UnmappedBamToAlignedBam/988a0a52-89a4-4590-b810-0197d5b56440/call-SplitRG/shard-0/SplitLargeReadGroup/4fb0aa59-4201-4280-ada9-e038759d61c4/call-SamToFastqAndDragmapAndMba/shard-2/inputs/358000914/shard_0003.bam -r dragen_reference --interleaved=1 --preserve-map-align-order true 2> >(tee shard_0003.dragmap.stderr.log >&2) | samtools view -h -O BAM - > aligned.bam
java -Dsamjdk.compression_level=2 -Xms300g -Xmx300g -jar /picard/picard.jar \
  MergeBamAlignment \
  VALIDATION_STRINGENCY=SILENT \
  EXPECTED_ORIENTATIONS=FR \
  ATTRIBUTES_TO_RETAIN=X0 \
  ATTRIBUTES_TO_REMOVE=RG \
  ATTRIBUTES_TO_REMOVE=NM \
  ATTRIBUTES_TO_REMOVE=MD \
  ALIGNED_BAM=aligned.bam \
  UNMAPPED_BAM=/cromwell-executions1/WholeGenomeGermlineSingleSample/e1bc4c5d-f439-4a4a-8850-28087bc544a9/call-UnmappedBamToAlignedBam/UnmappedBamToAlignedBam/988a0a52-89a4-4590-b810-0197d5b56440/call-SplitRG/shard-0/SplitLargeReadGroup/4fb0aa59-4201-4280-ada9-e038759d61c4/call-SamToFastqAndDragmapAndMba/shard-2/inputs/358000914/shard_0003.bam \
  OUTPUT=shard_0003.bam \
  REFERENCE_SEQUENCE=/cromwell-executions1/WholeGenomeGermlineSingleSample/e1bc4c5d-f439-4a4a-8850-28087bc544a9/call-UnmappedBamToAlignedBam/UnmappedBamToAlignedBam/988a0a52-89a4-4590-b810-0197d5b56440/call-SplitRG/shard-0/SplitLargeReadGroup/4fb0aa59-4201-4280-ada9-e038759d61c4/call-SamToFastqAndDragmapAndMba/shard-2/inputs/-1569105944/Homo_sapiens_assembly38_masked.fasta \
  PAIRED_RUN=true \
  SORT_ORDER="unsorted" \
  IS_BISULFITE_SEQUENCE=false \
  ALIGNED_READS_ONLY=false \
  CLIP_ADAPTERS=false \
   \
   \
  MAX_RECORDS_IN_RAM=2000000 \
  ADD_MATE_CIGAR=true \
  MAX_INSERTIONS_OR_DELETIONS=-1 \
  PRIMARY_ALIGNMENT_STRATEGY=MostDistant \
  PROGRAM_RECORD_ID="dragen-os" \
  PROGRAM_GROUP_VERSION="${DRAGMAP_VERSION}" \
  PROGRAM_GROUP_COMMAND_LINE="dragen-os -b /cromwell-executions1/WholeGenomeGermlineSingleSample/e1bc4c5d-f439-4a4a-8850-28087bc544a9/call-UnmappedBamToAlignedBam/UnmappedBamToAlignedBam/988a0a52-89a4-4590-b810-0197d5b56440/call-SplitRG/shard-0/SplitLargeReadGroup/4fb0aa59-4201-4280-ada9-e038759d61c4/call-SamToFastqAndDragmapAndMba/shard-2/inputs/358000914/shard_0003.bam -r dragen_reference --interleaved=1" \
  PROGRAM_GROUP_NAME="dragen-os" \
  UNMAPPED_READ_STRATEGY=COPY_TO_TAG \
  ALIGNER_PROPER_PAIR_FLAGS=true \
  UNMAP_CONTAMINANT_READS=true \
  ADD_PG_TAG_TO_READS=false[0m
[2026-03-27 01:48:14,27] [info] BackgroundConfigAsyncJobExecutionActor [[38;5;2m4fb0aa59[0mSplitLargeReadGroup.SamToFastqAndDragmapAndMba:2:1]: executing: # make sure there is no preexisting Docker CID file
rm -f /home/darja/workflow/cromwell-executions1/WholeGenomeGermlineSingleSample/e1bc4c5d-f439-4a4a-8850-28087bc544a9/call-UnmappedBamToAlignedBam/UnmappedBamToAlignedBam/988a0a52-89a4-4590-b810-0197d5b56440/call-SplitRG/shard-0/SplitLargeReadGroup/4fb0aa59-4201-4280-ada9-e038759d61c4/call-SamToFastqAndDragmapAndMba/shard-2/execution/docker_cid
# run as in the original configuration without --rm flag (will remove later)
docker run \
  --cidfile /home/darja/workflow/cromwell-executions1/WholeGenomeGermlineSingleSample/e1bc4c5d-f439-4a4a-8850-28087bc544a9/call-UnmappedBamToAlignedBam/UnmappedBamToAlignedBam/988a0a52-89a4-4590-b810-0197d5b56440/call-SplitRG/shard-0/SplitLargeReadGroup/4fb0aa59-4201-4280-ada9-e038759d61c4/call-SamToFastqAndDragmapAndMba/shard-2/execution/docker_cid \
  -i \
  --user 1027:1028 \
  --cpus="64" \
  --memory="409600m" \
  --entrypoint /bin/bash \
  -v /home/darja/workflow/cromwell-executions1/WholeGenomeGermlineSingleSample/e1bc4c5d-f439-4a4a-8850-28087bc544a9/call-UnmappedBamToAlignedBam/UnmappedBamToAlignedBam/988a0a52-89a4-4590-b810-0197d5b56440/call-SplitRG/shard-0/SplitLargeReadGroup/4fb0aa59-4201-4280-ada9-e038759d61c4/call-SamToFastqAndDragmapAndMba/shard-2:/cromwell-executions1/WholeGenomeGermlineSingleSample/e1bc4c5d-f439-4a4a-8850-28087bc544a9/call-UnmappedBamToAlignedBam/UnmappedBamToAlignedBam/988a0a52-89a4-4590-b810-0197d5b56440/call-SplitRG/shard-0/SplitLargeReadGroup/4fb0aa59-4201-4280-ada9-e038759d61c4/call-SamToFastqAndDragmapAndMba/shard-2 \
  -v /mnt/nas1/projects/lasr/blendseq:/mnt/nas1/projects/lasr/blendseq \
  us.gcr.io/broad-gotc-prod/dragmap@sha256:5964afca3e4173c33b11100f68c1a44642e0ff2ee4de5a49d8cd446fef308b23 /cromwell-executions1/WholeGenomeGermlineSingleSample/e1bc4c5d-f439-4a4a-8850-28087bc544a9/call-UnmappedBamToAlignedBam/UnmappedBamToAlignedBam/988a0a52-89a4-4590-b810-0197d5b56440/call-SplitRG/shard-0/SplitLargeReadGroup/4fb0aa59-4201-4280-ada9-e038759d61c4/call-SamToFastqAndDragmapAndMba/shard-2/execution/script

# get the return code (working even if the container was detached)
rc=$(docker wait [38;5;5mcat /home/darja/workflow/cromwell-executions1/WholeGenomeGermlineSingleSample/e1bc4c5d-f439-4a4a-8850-28087bc544a9/call-UnmappedBamToAlignedBam/UnmappedBamToAlignedBam/988a0a52-89a4-4590-b810-0197d5b56440/call-SplitRG/shard-0/SplitLargeReadGroup/4fb0aa59-4201-4280-ada9-e038759d61c4/call-SamToFastqAndDragmapAndMba/shard-2/execution/docker_cid[0m)

# remove the container after waiting
docker rm [38;5;5mcat /home/darja/workflow/cromwell-executions1/WholeGenomeGermlineSingleSample/e1bc4c5d-f439-4a4a-8850-28087bc544a9/call-UnmappedBamToAlignedBam/UnmappedBamToAlignedBam/988a0a52-89a4-4590-b810-0197d5b56440/call-SplitRG/shard-0/SplitLargeReadGroup/4fb0aa59-4201-4280-ada9-e038759d61c4/call-SamToFastqAndDragmapAndMba/shard-2/execution/docker_cid[0m

# return exit code
exit $rc
[2026-03-27 01:48:16,47] [info] BackgroundConfigAsyncJobExecutionActor [[38;5;2m4fb0aa59[0mSplitLargeReadGroup.SamToFastqAndDragmapAndMba:2:1]: job id: 499696
[2026-03-27 01:48:16,47] [info] BackgroundConfigAsyncJobExecutionActor [[38;5;2m4fb0aa59[0mSplitLargeReadGroup.SamToFastqAndDragmapAndMba:2:1]: Status change from - to WaitingForReturnCode
[2026-03-27 02:25:47,20] [info] BackgroundConfigAsyncJobExecutionActor [[38;5;2m4fb0aa59[0mSplitLargeReadGroup.SamToFastqAndDragmapAndMba:2:1]: Status change from WaitingForReturnCode to Done
[2026-03-27 02:25:51,56] [info] Assigned new job execution tokens to the following groups: e1bc4c5d: 1
[2026-03-27 02:25:51,60] [[38;5;220mwarn[0m] BackgroundConfigAsyncJobExecutionActor [[38;5;2m4fb0aa59[0mSplitLargeReadGroup.SamToFastqAndDragmapAndMba:1:1]: Unrecognized runtime attribute keys: preemptible, disks, cpu, memory
[2026-03-27 02:25:55,37] [info] BackgroundConfigAsyncJobExecutionActor [[38;5;2m4fb0aa59[0mSplitLargeReadGroup.SamToFastqAndDragmapAndMba:1:1]: [38;5;5mset -euxo pipefail

DRAGMAP_VERSION=$(dragen-os --version)

if [ -z ${DRAGMAP_VERSION} ]; then
    exit 1;
fi

mkdir dragen_reference
mv /cromwell-executions1/WholeGenomeGermlineSingleSample/e1bc4c5d-f439-4a4a-8850-28087bc544a9/call-UnmappedBamToAlignedBam/UnmappedBamToAlignedBam/988a0a52-89a4-4590-b810-0197d5b56440/call-SplitRG/shard-0/SplitLargeReadGroup/4fb0aa59-4201-4280-ada9-e038759d61c4/call-SamToFastqAndDragmapAndMba/shard-1/inputs/-1290198700/reference.bin /cromwell-executions1/WholeGenomeGermlineSingleSample/e1bc4c5d-f439-4a4a-8850-28087bc544a9/call-UnmappedBamToAlignedBam/UnmappedBamToAlignedBam/988a0a52-89a4-4590-b810-0197d5b56440/call-SplitRG/shard-0/SplitLargeReadGroup/4fb0aa59-4201-4280-ada9-e038759d61c4/call-SamToFastqAndDragmapAndMba/shard-1/inputs/-1290198700/hash_table.cfg.bin /cromwell-executions1/WholeGenomeGermlineSingleSample/e1bc4c5d-f439-4a4a-8850-28087bc544a9/call-UnmappedBamToAlignedBam/UnmappedBamToAlignedBam/988a0a52-89a4-4590-b810-0197d5b56440/call-SplitRG/shard-0/SplitLargeReadGroup/4fb0aa59-4201-4280-ada9-e038759d61c4/call-SamToFastqAndDragmapAndMba/shard-1/inputs/-1290198700/hash_table.cmp dragen_reference

dragen-os -b /cromwell-executions1/WholeGenomeGermlineSingleSample/e1bc4c5d-f439-4a4a-8850-28087bc544a9/call-UnmappedBamToAlignedBam/UnmappedBamToAlignedBam/988a0a52-89a4-4590-b810-0197d5b56440/call-SplitRG/shard-0/SplitLargeReadGroup/4fb0aa59-4201-4280-ada9-e038759d61c4/call-SamToFastqAndDragmapAndMba/shard-1/inputs/358000914/shard_0002.bam -r dragen_reference --interleaved=1 --preserve-map-align-order true 2> >(tee shard_0002.dragmap.stderr.log >&2) | samtools view -h -O BAM - > aligned.bam
java -Dsamjdk.compression_level=2 -Xms300g -Xmx300g -jar /picard/picard.jar \
  MergeBamAlignment \
  VALIDATION_STRINGENCY=SILENT \
  EXPECTED_ORIENTATIONS=FR \
  ATTRIBUTES_TO_RETAIN=X0 \
  ATTRIBUTES_TO_REMOVE=RG \
  ATTRIBUTES_TO_REMOVE=NM \
  ATTRIBUTES_TO_REMOVE=MD \
  ALIGNED_BAM=aligned.bam \
  UNMAPPED_BAM=/cromwell-executions1/WholeGenomeGermlineSingleSample/e1bc4c5d-f439-4a4a-8850-28087bc544a9/call-UnmappedBamToAlignedBam/UnmappedBamToAlignedBam/988a0a52-89a4-4590-b810-0197d5b56440/call-SplitRG/shard-0/SplitLargeReadGroup/4fb0aa59-4201-4280-ada9-e038759d61c4/call-SamToFastqAndDragmapAndMba/shard-1/inputs/358000914/shard_0002.bam \
  OUTPUT=shard_0002.bam \
  REFERENCE_SEQUENCE=/cromwell-executions1/WholeGenomeGermlineSingleSample/e1bc4c5d-f439-4a4a-8850-28087bc544a9/call-UnmappedBamToAlignedBam/UnmappedBamToAlignedBam/988a0a52-89a4-4590-b810-0197d5b56440/call-SplitRG/shard-0/SplitLargeReadGroup/4fb0aa59-4201-4280-ada9-e038759d61c4/call-SamToFastqAndDragmapAndMba/shard-1/inputs/-1569105944/Homo_sapiens_assembly38_masked.fasta \
  PAIRED_RUN=true \
  SORT_ORDER="unsorted" \
  IS_BISULFITE_SEQUENCE=false \
  ALIGNED_READS_ONLY=false \
  CLIP_ADAPTERS=false \
   \
   \
  MAX_RECORDS_IN_RAM=2000000 \
  ADD_MATE_CIGAR=true \
  MAX_INSERTIONS_OR_DELETIONS=-1 \
  PRIMARY_ALIGNMENT_STRATEGY=MostDistant \
  PROGRAM_RECORD_ID="dragen-os" \
  PROGRAM_GROUP_VERSION="${DRAGMAP_VERSION}" \
  PROGRAM_GROUP_COMMAND_LINE="dragen-os -b /cromwell-executions1/WholeGenomeGermlineSingleSample/e1bc4c5d-f439-4a4a-8850-28087bc544a9/call-UnmappedBamToAlignedBam/UnmappedBamToAlignedBam/988a0a52-89a4-4590-b810-0197d5b56440/call-SplitRG/shard-0/SplitLargeReadGroup/4fb0aa59-4201-4280-ada9-e038759d61c4/call-SamToFastqAndDragmapAndMba/shard-1/inputs/358000914/shard_0002.bam -r dragen_reference --interleaved=1" \
  PROGRAM_GROUP_NAME="dragen-os" \
  UNMAPPED_READ_STRATEGY=COPY_TO_TAG \
  ALIGNER_PROPER_PAIR_FLAGS=true \
  UNMAP_CONTAMINANT_READS=true \
  ADD_PG_TAG_TO_READS=false[0m
[2026-03-27 02:25:55,37] [info] BackgroundConfigAsyncJobExecutionActor [[38;5;2m4fb0aa59[0mSplitLargeReadGroup.SamToFastqAndDragmapAndMba:1:1]: executing: # make sure there is no preexisting Docker CID file
rm -f /home/darja/workflow/cromwell-executions1/WholeGenomeGermlineSingleSample/e1bc4c5d-f439-4a4a-8850-28087bc544a9/call-UnmappedBamToAlignedBam/UnmappedBamToAlignedBam/988a0a52-89a4-4590-b810-0197d5b56440/call-SplitRG/shard-0/SplitLargeReadGroup/4fb0aa59-4201-4280-ada9-e038759d61c4/call-SamToFastqAndDragmapAndMba/shard-1/execution/docker_cid
# run as in the original configuration without --rm flag (will remove later)
docker run \
  --cidfile /home/darja/workflow/cromwell-executions1/WholeGenomeGermlineSingleSample/e1bc4c5d-f439-4a4a-8850-28087bc544a9/call-UnmappedBamToAlignedBam/UnmappedBamToAlignedBam/988a0a52-89a4-4590-b810-0197d5b56440/call-SplitRG/shard-0/SplitLargeReadGroup/4fb0aa59-4201-4280-ada9-e038759d61c4/call-SamToFastqAndDragmapAndMba/shard-1/execution/docker_cid \
  -i \
  --user 1027:1028 \
  --cpus="64" \
  --memory="409600m" \
  --entrypoint /bin/bash \
  -v /home/darja/workflow/cromwell-executions1/WholeGenomeGermlineSingleSample/e1bc4c5d-f439-4a4a-8850-28087bc544a9/call-UnmappedBamToAlignedBam/UnmappedBamToAlignedBam/988a0a52-89a4-4590-b810-0197d5b56440/call-SplitRG/shard-0/SplitLargeReadGroup/4fb0aa59-4201-4280-ada9-e038759d61c4/call-SamToFastqAndDragmapAndMba/shard-1:/cromwell-executions1/WholeGenomeGermlineSingleSample/e1bc4c5d-f439-4a4a-8850-28087bc544a9/call-UnmappedBamToAlignedBam/UnmappedBamToAlignedBam/988a0a52-89a4-4590-b810-0197d5b56440/call-SplitRG/shard-0/SplitLargeReadGroup/4fb0aa59-4201-4280-ada9-e038759d61c4/call-SamToFastqAndDragmapAndMba/shard-1 \
  -v /mnt/nas1/projects/lasr/blendseq:/mnt/nas1/projects/lasr/blendseq \
  us.gcr.io/broad-gotc-prod/dragmap@sha256:5964afca3e4173c33b11100f68c1a44642e0ff2ee4de5a49d8cd446fef308b23 /cromwell-executions1/WholeGenomeGermlineSingleSample/e1bc4c5d-f439-4a4a-8850-28087bc544a9/call-UnmappedBamToAlignedBam/UnmappedBamToAlignedBam/988a0a52-89a4-4590-b810-0197d5b56440/call-SplitRG/shard-0/SplitLargeReadGroup/4fb0aa59-4201-4280-ada9-e038759d61c4/call-SamToFastqAndDragmapAndMba/shard-1/execution/script

# get the return code (working even if the container was detached)
rc=$(docker wait [38;5;5mcat /home/darja/workflow/cromwell-executions1/WholeGenomeGermlineSingleSample/e1bc4c5d-f439-4a4a-8850-28087bc544a9/call-UnmappedBamToAlignedBam/UnmappedBamToAlignedBam/988a0a52-89a4-4590-b810-0197d5b56440/call-SplitRG/shard-0/SplitLargeReadGroup/4fb0aa59-4201-4280-ada9-e038759d61c4/call-SamToFastqAndDragmapAndMba/shard-1/execution/docker_cid[0m)

# remove the container after waiting
docker rm [38;5;5mcat /home/darja/workflow/cromwell-executions1/WholeGenomeGermlineSingleSample/e1bc4c5d-f439-4a4a-8850-28087bc544a9/call-UnmappedBamToAlignedBam/UnmappedBamToAlignedBam/988a0a52-89a4-4590-b810-0197d5b56440/call-SplitRG/shard-0/SplitLargeReadGroup/4fb0aa59-4201-4280-ada9-e038759d61c4/call-SamToFastqAndDragmapAndMba/shard-1/execution/docker_cid[0m

# return exit code
exit $rc
[2026-03-27 02:25:56,47] [info] BackgroundConfigAsyncJobExecutionActor [[38;5;2m4fb0aa59[0mSplitLargeReadGroup.SamToFastqAndDragmapAndMba:1:1]: job id: 500741
[2026-03-27 02:25:56,47] [info] BackgroundConfigAsyncJobExecutionActor [[38;5;2m4fb0aa59[0mSplitLargeReadGroup.SamToFastqAndDragmapAndMba:1:1]: Status change from - to WaitingForReturnCode
[2026-03-27 02:59:03,77] [info] BackgroundConfigAsyncJobExecutionActor [[38;5;2m4fb0aa59[0mSplitLargeReadGroup.SamToFastqAndDragmapAndMba:1:1]: Status change from WaitingForReturnCode to Done
[2026-03-27 02:59:11,56] [info] Assigned new job execution tokens to the following groups: e1bc4c5d: 1
[2026-03-27 02:59:11,61] [[38;5;220mwarn[0m] BackgroundConfigAsyncJobExecutionActor [[38;5;2m4fb0aa59[0mSplitLargeReadGroup.SamToFastqAndDragmapAndMba:18:1]: Unrecognized runtime attribute keys: preemptible, disks, cpu, memory
[2026-03-27 02:59:13,71] [info] BackgroundConfigAsyncJobExecutionActor [[38;5;2m4fb0aa59[0mSplitLargeReadGroup.SamToFastqAndDragmapAndMba:18:1]: [38;5;5mset -euxo pipefail

DRAGMAP_VERSION=$(dragen-os --version)

if [ -z ${DRAGMAP_VERSION} ]; then
    exit 1;
fi

mkdir dragen_reference
mv /cromwell-executions1/WholeGenomeGermlineSingleSample/e1bc4c5d-f439-4a4a-8850-28087bc544a9/call-UnmappedBamToAlignedBam/UnmappedBamToAlignedBam/988a0a52-89a4-4590-b810-0197d5b56440/call-SplitRG/shard-0/SplitLargeReadGroup/4fb0aa59-4201-4280-ada9-e038759d61c4/call-SamToFastqAndDragmapAndMba/shard-18/inputs/-1290198700/reference.bin /cromwell-executions1/WholeGenomeGermlineSingleSample/e1bc4c5d-f439-4a4a-8850-28087bc544a9/call-UnmappedBamToAlignedBam/UnmappedBamToAlignedBam/988a0a52-89a4-4590-b810-0197d5b56440/call-SplitRG/shard-0/SplitLargeReadGroup/4fb0aa59-4201-4280-ada9-e038759d61c4/call-SamToFastqAndDragmapAndMba/shard-18/inputs/-1290198700/hash_table.cfg.bin /cromwell-executions1/WholeGenomeGermlineSingleSample/e1bc4c5d-f439-4a4a-8850-28087bc544a9/call-UnmappedBamToAlignedBam/UnmappedBamToAlignedBam/988a0a52-89a4-4590-b810-0197d5b56440/call-SplitRG/shard-0/SplitLargeReadGroup/4fb0aa59-4201-4280-ada9-e038759d61c4/call-SamToFastqAndDragmapAndMba/shard-18/inputs/-1290198700/hash_table.cmp dragen_reference

dragen-os -b /cromwell-executions1/WholeGenomeGermlineSingleSample/e1bc4c5d-f439-4a4a-8850-28087bc544a9/call-UnmappedBamToAlignedBam/UnmappedBamToAlignedBam/988a0a52-89a4-4590-b810-0197d5b56440/call-SplitRG/shard-0/SplitLargeReadGroup/4fb0aa59-4201-4280-ada9-e038759d61c4/call-SamToFastqAndDragmapAndMba/shard-18/inputs/358000914/shard_0019.bam -r dragen_reference --interleaved=1 --preserve-map-align-order true 2> >(tee shard_0019.dragmap.stderr.log >&2) | samtools view -h -O BAM - > aligned.bam
java -Dsamjdk.compression_level=2 -Xms300g -Xmx300g -jar /picard/picard.jar \
  MergeBamAlignment \
  VALIDATION_STRINGENCY=SILENT \
  EXPECTED_ORIENTATIONS=FR \
  ATTRIBUTES_TO_RETAIN=X0 \
  ATTRIBUTES_TO_REMOVE=RG \
  ATTRIBUTES_TO_REMOVE=NM \
  ATTRIBUTES_TO_REMOVE=MD \
  ALIGNED_BAM=aligned.bam \
  UNMAPPED_BAM=/cromwell-executions1/WholeGenomeGermlineSingleSample/e1bc4c5d-f439-4a4a-8850-28087bc544a9/call-UnmappedBamToAlignedBam/UnmappedBamToAlignedBam/988a0a52-89a4-4590-b810-0197d5b56440/call-SplitRG/shard-0/SplitLargeReadGroup/4fb0aa59-4201-4280-ada9-e038759d61c4/call-SamToFastqAndDragmapAndMba/shard-18/inputs/358000914/shard_0019.bam \
  OUTPUT=shard_0019.bam \
  REFERENCE_SEQUENCE=/cromwell-executions1/WholeGenomeGermlineSingleSample/e1bc4c5d-f439-4a4a-8850-28087bc544a9/call-UnmappedBamToAlignedBam/UnmappedBamToAlignedBam/988a0a52-89a4-4590-b810-0197d5b56440/call-SplitRG/shard-0/SplitLargeReadGroup/4fb0aa59-4201-4280-ada9-e038759d61c4/call-SamToFastqAndDragmapAndMba/shard-18/inputs/-1569105944/Homo_sapiens_assembly38_masked.fasta \
  PAIRED_RUN=true \
  SORT_ORDER="unsorted" \
  IS_BISULFITE_SEQUENCE=false \
  ALIGNED_READS_ONLY=false \
  CLIP_ADAPTERS=false \
   \
   \
  MAX_RECORDS_IN_RAM=2000000 \
  ADD_MATE_CIGAR=true \
  MAX_INSERTIONS_OR_DELETIONS=-1 \
  PRIMARY_ALIGNMENT_STRATEGY=MostDistant \
  PROGRAM_RECORD_ID="dragen-os" \
  PROGRAM_GROUP_VERSION="${DRAGMAP_VERSION}" \
  PROGRAM_GROUP_COMMAND_LINE="dragen-os -b /cromwell-executions1/WholeGenomeGermlineSingleSample/e1bc4c5d-f439-4a4a-8850-28087bc544a9/call-UnmappedBamToAlignedBam/UnmappedBamToAlignedBam/988a0a52-89a4-4590-b810-0197d5b56440/call-SplitRG/shard-0/SplitLargeReadGroup/4fb0aa59-4201-4280-ada9-e038759d61c4/call-SamToFastqAndDragmapAndMba/shard-18/inputs/358000914/shard_0019.bam -r dragen_reference --interleaved=1" \
  PROGRAM_GROUP_NAME="dragen-os" \
  UNMAPPED_READ_STRATEGY=COPY_TO_TAG \
  ALIGNER_PROPER_PAIR_FLAGS=true \
  UNMAP_CONTAMINANT_READS=true \
  ADD_PG_TAG_TO_READS=false[0m
[2026-03-27 02:59:13,71] [info] BackgroundConfigAsyncJobExecutionActor [[38;5;2m4fb0aa59[0mSplitLargeReadGroup.SamToFastqAndDragmapAndMba:18:1]: executing: # make sure there is no preexisting Docker CID file
rm -f /home/darja/workflow/cromwell-executions1/WholeGenomeGermlineSingleSample/e1bc4c5d-f439-4a4a-8850-28087bc544a9/call-UnmappedBamToAlignedBam/UnmappedBamToAlignedBam/988a0a52-89a4-4590-b810-0197d5b56440/call-SplitRG/shard-0/SplitLargeReadGroup/4fb0aa59-4201-4280-ada9-e038759d61c4/call-SamToFastqAndDragmapAndMba/shard-18/execution/docker_cid
# run as in the original configuration without --rm flag (will remove later)
docker run \
  --cidfile /home/darja/workflow/cromwell-executions1/WholeGenomeGermlineSingleSample/e1bc4c5d-f439-4a4a-8850-28087bc544a9/call-UnmappedBamToAlignedBam/UnmappedBamToAlignedBam/988a0a52-89a4-4590-b810-0197d5b56440/call-SplitRG/shard-0/SplitLargeReadGroup/4fb0aa59-4201-4280-ada9-e038759d61c4/call-SamToFastqAndDragmapAndMba/shard-18/execution/docker_cid \
  -i \
  --user 1027:1028 \
  --cpus="64" \
  --memory="409600m" \
  --entrypoint /bin/bash \
  -v /home/darja/workflow/cromwell-executions1/WholeGenomeGermlineSingleSample/e1bc4c5d-f439-4a4a-8850-28087bc544a9/call-UnmappedBamToAlignedBam/UnmappedBamToAlignedBam/988a0a52-89a4-4590-b810-0197d5b56440/call-SplitRG/shard-0/SplitLargeReadGroup/4fb0aa59-4201-4280-ada9-e038759d61c4/call-SamToFastqAndDragmapAndMba/shard-18:/cromwell-executions1/WholeGenomeGermlineSingleSample/e1bc4c5d-f439-4a4a-8850-28087bc544a9/call-UnmappedBamToAlignedBam/UnmappedBamToAlignedBam/988a0a52-89a4-4590-b810-0197d5b56440/call-SplitRG/shard-0/SplitLargeReadGroup/4fb0aa59-4201-4280-ada9-e038759d61c4/call-SamToFastqAndDragmapAndMba/shard-18 \
  -v /mnt/nas1/projects/lasr/blendseq:/mnt/nas1/projects/lasr/blendseq \
  us.gcr.io/broad-gotc-prod/dragmap@sha256:5964afca3e4173c33b11100f68c1a44642e0ff2ee4de5a49d8cd446fef308b23 /cromwell-executions1/WholeGenomeGermlineSingleSample/e1bc4c5d-f439-4a4a-8850-28087bc544a9/call-UnmappedBamToAlignedBam/UnmappedBamToAlignedBam/988a0a52-89a4-4590-b810-0197d5b56440/call-SplitRG/shard-0/SplitLargeReadGroup/4fb0aa59-4201-4280-ada9-e038759d61c4/call-SamToFastqAndDragmapAndMba/shard-18/execution/script

# get the return code (working even if the container was detached)
rc=$(docker wait [38;5;5mcat /home/darja/workflow/cromwell-executions1/WholeGenomeGermlineSingleSample/e1bc4c5d-f439-4a4a-8850-28087bc544a9/call-UnmappedBamToAlignedBam/UnmappedBamToAlignedBam/988a0a52-89a4-4590-b810-0197d5b56440/call-SplitRG/shard-0/SplitLargeReadGroup/4fb0aa59-4201-4280-ada9-e038759d61c4/call-SamToFastqAndDragmapAndMba/shard-18/execution/docker_cid[0m)

# remove the container after waiting
docker rm [38;5;5mcat /home/darja/workflow/cromwell-executions1/WholeGenomeGermlineSingleSample/e1bc4c5d-f439-4a4a-8850-28087bc544a9/call-UnmappedBamToAlignedBam/UnmappedBamToAlignedBam/988a0a52-89a4-4590-b810-0197d5b56440/call-SplitRG/shard-0/SplitLargeReadGroup/4fb0aa59-4201-4280-ada9-e038759d61c4/call-SamToFastqAndDragmapAndMba/shard-18/execution/docker_cid[0m

# return exit code
exit $rc
[2026-03-27 02:59:16,47] [info] BackgroundConfigAsyncJobExecutionActor [[38;5;2m4fb0aa59[0mSplitLargeReadGroup.SamToFastqAndDragmapAndMba:18:1]: job id: 501728
[2026-03-27 02:59:16,47] [info] BackgroundConfigAsyncJobExecutionActor [[38;5;2m4fb0aa59[0mSplitLargeReadGroup.SamToFastqAndDragmapAndMba:18:1]: Status change from - to WaitingForReturnCode
[2026-03-27 03:29:38,46] [info] BackgroundConfigAsyncJobExecutionActor [[38;5;2m4fb0aa59[0mSplitLargeReadGroup.SamToFastqAndDragmapAndMba:18:1]: Status change from WaitingForReturnCode to Done
[2026-03-27 03:29:41,56] [info] Assigned new job execution tokens to the following groups: e1bc4c5d: 1
[2026-03-27 03:29:41,60] [[38;5;220mwarn[0m] BackgroundConfigAsyncJobExecutionActor [[38;5;2m4fb0aa59[0mSplitLargeReadGroup.SamToFastqAndDragmapAndMba:21:1]: Unrecognized runtime attribute keys: preemptible, disks, cpu, memory
[2026-03-27 03:29:43,84] [info] BackgroundConfigAsyncJobExecutionActor [[38;5;2m4fb0aa59[0mSplitLargeReadGroup.SamToFastqAndDragmapAndMba:21:1]: [38;5;5mset -euxo pipefail

DRAGMAP_VERSION=$(dragen-os --version)

if [ -z ${DRAGMAP_VERSION} ]; then
    exit 1;
fi

mkdir dragen_reference
mv /cromwell-executions1/WholeGenomeGermlineSingleSample/e1bc4c5d-f439-4a4a-8850-28087bc544a9/call-UnmappedBamToAlignedBam/UnmappedBamToAlignedBam/988a0a52-89a4-4590-b810-0197d5b56440/call-SplitRG/shard-0/SplitLargeReadGroup/4fb0aa59-4201-4280-ada9-e038759d61c4/call-SamToFastqAndDragmapAndMba/shard-21/inputs/-1290198700/reference.bin /cromwell-executions1/WholeGenomeGermlineSingleSample/e1bc4c5d-f439-4a4a-8850-28087bc544a9/call-UnmappedBamToAlignedBam/UnmappedBamToAlignedBam/988a0a52-89a4-4590-b810-0197d5b56440/call-SplitRG/shard-0/SplitLargeReadGroup/4fb0aa59-4201-4280-ada9-e038759d61c4/call-SamToFastqAndDragmapAndMba/shard-21/inputs/-1290198700/hash_table.cfg.bin /cromwell-executions1/WholeGenomeGermlineSingleSample/e1bc4c5d-f439-4a4a-8850-28087bc544a9/call-UnmappedBamToAlignedBam/UnmappedBamToAlignedBam/988a0a52-89a4-4590-b810-0197d5b56440/call-SplitRG/shard-0/SplitLargeReadGroup/4fb0aa59-4201-4280-ada9-e038759d61c4/call-SamToFastqAndDragmapAndMba/shard-21/inputs/-1290198700/hash_table.cmp dragen_reference

dragen-os -b /cromwell-executions1/WholeGenomeGermlineSingleSample/e1bc4c5d-f439-4a4a-8850-28087bc544a9/call-UnmappedBamToAlignedBam/UnmappedBamToAlignedBam/988a0a52-89a4-4590-b810-0197d5b56440/call-SplitRG/shard-0/SplitLargeReadGroup/4fb0aa59-4201-4280-ada9-e038759d61c4/call-SamToFastqAndDragmapAndMba/shard-21/inputs/358000914/shard_0022.bam -r dragen_reference --interleaved=1 --preserve-map-align-order true 2> >(tee shard_0022.dragmap.stderr.log >&2) | samtools view -h -O BAM - > aligned.bam
java -Dsamjdk.compression_level=2 -Xms300g -Xmx300g -jar /picard/picard.jar \
  MergeBamAlignment \
  VALIDATION_STRINGENCY=SILENT \
  EXPECTED_ORIENTATIONS=FR \
  ATTRIBUTES_TO_RETAIN=X0 \
  ATTRIBUTES_TO_REMOVE=RG \
  ATTRIBUTES_TO_REMOVE=NM \
  ATTRIBUTES_TO_REMOVE=MD \
  ALIGNED_BAM=aligned.bam \
  UNMAPPED_BAM=/cromwell-executions1/WholeGenomeGermlineSingleSample/e1bc4c5d-f439-4a4a-8850-28087bc544a9/call-UnmappedBamToAlignedBam/UnmappedBamToAlignedBam/988a0a52-89a4-4590-b810-0197d5b56440/call-SplitRG/shard-0/SplitLargeReadGroup/4fb0aa59-4201-4280-ada9-e038759d61c4/call-SamToFastqAndDragmapAndMba/shard-21/inputs/358000914/shard_0022.bam \
  OUTPUT=shard_0022.bam \
  REFERENCE_SEQUENCE=/cromwell-executions1/WholeGenomeGermlineSingleSample/e1bc4c5d-f439-4a4a-8850-28087bc544a9/call-UnmappedBamToAlignedBam/UnmappedBamToAlignedBam/988a0a52-89a4-4590-b810-0197d5b56440/call-SplitRG/shard-0/SplitLargeReadGroup/4fb0aa59-4201-4280-ada9-e038759d61c4/call-SamToFastqAndDragmapAndMba/shard-21/inputs/-1569105944/Homo_sapiens_assembly38_masked.fasta \
  PAIRED_RUN=true \
  SORT_ORDER="unsorted" \
  IS_BISULFITE_SEQUENCE=false \
  ALIGNED_READS_ONLY=false \
  CLIP_ADAPTERS=false \
   \
   \
  MAX_RECORDS_IN_RAM=2000000 \
  ADD_MATE_CIGAR=true \
  MAX_INSERTIONS_OR_DELETIONS=-1 \
  PRIMARY_ALIGNMENT_STRATEGY=MostDistant \
  PROGRAM_RECORD_ID="dragen-os" \
  PROGRAM_GROUP_VERSION="${DRAGMAP_VERSION}" \
  PROGRAM_GROUP_COMMAND_LINE="dragen-os -b /cromwell-executions1/WholeGenomeGermlineSingleSample/e1bc4c5d-f439-4a4a-8850-28087bc544a9/call-UnmappedBamToAlignedBam/UnmappedBamToAlignedBam/988a0a52-89a4-4590-b810-0197d5b56440/call-SplitRG/shard-0/SplitLargeReadGroup/4fb0aa59-4201-4280-ada9-e038759d61c4/call-SamToFastqAndDragmapAndMba/shard-21/inputs/358000914/shard_0022.bam -r dragen_reference --interleaved=1" \
  PROGRAM_GROUP_NAME="dragen-os" \
  UNMAPPED_READ_STRATEGY=COPY_TO_TAG \
  ALIGNER_PROPER_PAIR_FLAGS=true \
  UNMAP_CONTAMINANT_READS=true \
  ADD_PG_TAG_TO_READS=false[0m
[2026-03-27 03:29:43,84] [info] BackgroundConfigAsyncJobExecutionActor [[38;5;2m4fb0aa59[0mSplitLargeReadGroup.SamToFastqAndDragmapAndMba:21:1]: executing: # make sure there is no preexisting Docker CID file
rm -f /home/darja/workflow/cromwell-executions1/WholeGenomeGermlineSingleSample/e1bc4c5d-f439-4a4a-8850-28087bc544a9/call-UnmappedBamToAlignedBam/UnmappedBamToAlignedBam/988a0a52-89a4-4590-b810-0197d5b56440/call-SplitRG/shard-0/SplitLargeReadGroup/4fb0aa59-4201-4280-ada9-e038759d61c4/call-SamToFastqAndDragmapAndMba/shard-21/execution/docker_cid
# run as in the original configuration without --rm flag (will remove later)
docker run \
  --cidfile /home/darja/workflow/cromwell-executions1/WholeGenomeGermlineSingleSample/e1bc4c5d-f439-4a4a-8850-28087bc544a9/call-UnmappedBamToAlignedBam/UnmappedBamToAlignedBam/988a0a52-89a4-4590-b810-0197d5b56440/call-SplitRG/shard-0/SplitLargeReadGroup/4fb0aa59-4201-4280-ada9-e038759d61c4/call-SamToFastqAndDragmapAndMba/shard-21/execution/docker_cid \
  -i \
  --user 1027:1028 \
  --cpus="64" \
  --memory="409600m" \
  --entrypoint /bin/bash \
  -v /home/darja/workflow/cromwell-executions1/WholeGenomeGermlineSingleSample/e1bc4c5d-f439-4a4a-8850-28087bc544a9/call-UnmappedBamToAlignedBam/UnmappedBamToAlignedBam/988a0a52-89a4-4590-b810-0197d5b56440/call-SplitRG/shard-0/SplitLargeReadGroup/4fb0aa59-4201-4280-ada9-e038759d61c4/call-SamToFastqAndDragmapAndMba/shard-21:/cromwell-executions1/WholeGenomeGermlineSingleSample/e1bc4c5d-f439-4a4a-8850-28087bc544a9/call-UnmappedBamToAlignedBam/UnmappedBamToAlignedBam/988a0a52-89a4-4590-b810-0197d5b56440/call-SplitRG/shard-0/SplitLargeReadGroup/4fb0aa59-4201-4280-ada9-e038759d61c4/call-SamToFastqAndDragmapAndMba/shard-21 \
  -v /mnt/nas1/projects/lasr/blendseq:/mnt/nas1/projects/lasr/blendseq \
  us.gcr.io/broad-gotc-prod/dragmap@sha256:5964afca3e4173c33b11100f68c1a44642e0ff2ee4de5a49d8cd446fef308b23 /cromwell-executions1/WholeGenomeGermlineSingleSample/e1bc4c5d-f439-4a4a-8850-28087bc544a9/call-UnmappedBamToAlignedBam/UnmappedBamToAlignedBam/988a0a52-89a4-4590-b810-0197d5b56440/call-SplitRG/shard-0/SplitLargeReadGroup/4fb0aa59-4201-4280-ada9-e038759d61c4/call-SamToFastqAndDragmapAndMba/shard-21/execution/script

# get the return code (working even if the container was detached)
rc=$(docker wait [38;5;5mcat /home/darja/workflow/cromwell-executions1/WholeGenomeGermlineSingleSample/e1bc4c5d-f439-4a4a-8850-28087bc544a9/call-UnmappedBamToAlignedBam/UnmappedBamToAlignedBam/988a0a52-89a4-4590-b810-0197d5b56440/call-SplitRG/shard-0/SplitLargeReadGroup/4fb0aa59-4201-4280-ada9-e038759d61c4/call-SamToFastqAndDragmapAndMba/shard-21/execution/docker_cid[0m)

# remove the container after waiting
docker rm [38;5;5mcat /home/darja/workflow/cromwell-executions1/WholeGenomeGermlineSingleSample/e1bc4c5d-f439-4a4a-8850-28087bc544a9/call-UnmappedBamToAlignedBam/UnmappedBamToAlignedBam/988a0a52-89a4-4590-b810-0197d5b56440/call-SplitRG/shard-0/SplitLargeReadGroup/4fb0aa59-4201-4280-ada9-e038759d61c4/call-SamToFastqAndDragmapAndMba/shard-21/execution/docker_cid[0m

# return exit code
exit $rc
[2026-03-27 03:29:46,47] [info] BackgroundConfigAsyncJobExecutionActor [[38;5;2m4fb0aa59[0mSplitLargeReadGroup.SamToFastqAndDragmapAndMba:21:1]: job id: 502705
[2026-03-27 03:29:46,47] [info] BackgroundConfigAsyncJobExecutionActor [[38;5;2m4fb0aa59[0mSplitLargeReadGroup.SamToFastqAndDragmapAndMba:21:1]: Status change from - to WaitingForReturnCode
[2026-03-27 04:03:46,56] [info] BackgroundConfigAsyncJobExecutionActor [[38;5;2m4fb0aa59[0mSplitLargeReadGroup.SamToFastqAndDragmapAndMba:21:1]: Status change from WaitingForReturnCode to Done
[2026-03-27 04:03:51,56] [info] Assigned new job execution tokens to the following groups: e1bc4c5d: 1
[2026-03-27 04:03:51,61] [[38;5;220mwarn[0m] BackgroundConfigAsyncJobExecutionActor [[38;5;2m4fb0aa59[0mSplitLargeReadGroup.SamToFastqAndDragmapAndMba:32:1]: Unrecognized runtime attribute keys: preemptible, disks, cpu, memory
[2026-03-27 04:03:53,67] [info] BackgroundConfigAsyncJobExecutionActor [[38;5;2m4fb0aa59[0mSplitLargeReadGroup.SamToFastqAndDragmapAndMba:32:1]: [38;5;5mset -euxo pipefail

DRAGMAP_VERSION=$(dragen-os --version)

if [ -z ${DRAGMAP_VERSION} ]; then
    exit 1;
fi

mkdir dragen_reference
mv /cromwell-executions1/WholeGenomeGermlineSingleSample/e1bc4c5d-f439-4a4a-8850-28087bc544a9/call-UnmappedBamToAlignedBam/UnmappedBamToAlignedBam/988a0a52-89a4-4590-b810-0197d5b56440/call-SplitRG/shard-0/SplitLargeReadGroup/4fb0aa59-4201-4280-ada9-e038759d61c4/call-SamToFastqAndDragmapAndMba/shard-32/inputs/-1290198700/reference.bin /cromwell-executions1/WholeGenomeGermlineSingleSample/e1bc4c5d-f439-4a4a-8850-28087bc544a9/call-UnmappedBamToAlignedBam/UnmappedBamToAlignedBam/988a0a52-89a4-4590-b810-0197d5b56440/call-SplitRG/shard-0/SplitLargeReadGroup/4fb0aa59-4201-4280-ada9-e038759d61c4/call-SamToFastqAndDragmapAndMba/shard-32/inputs/-1290198700/hash_table.cfg.bin /cromwell-executions1/WholeGenomeGermlineSingleSample/e1bc4c5d-f439-4a4a-8850-28087bc544a9/call-UnmappedBamToAlignedBam/UnmappedBamToAlignedBam/988a0a52-89a4-4590-b810-0197d5b56440/call-SplitRG/shard-0/SplitLargeReadGroup/4fb0aa59-4201-4280-ada9-e038759d61c4/call-SamToFastqAndDragmapAndMba/shard-32/inputs/-1290198700/hash_table.cmp dragen_reference

dragen-os -b /cromwell-executions1/WholeGenomeGermlineSingleSample/e1bc4c5d-f439-4a4a-8850-28087bc544a9/call-UnmappedBamToAlignedBam/UnmappedBamToAlignedBam/988a0a52-89a4-4590-b810-0197d5b56440/call-SplitRG/shard-0/SplitLargeReadGroup/4fb0aa59-4201-4280-ada9-e038759d61c4/call-SamToFastqAndDragmapAndMba/shard-32/inputs/358000914/shard_0033.bam -r dragen_reference --interleaved=1 --preserve-map-align-order true 2> >(tee shard_0033.dragmap.stderr.log >&2) | samtools view -h -O BAM - > aligned.bam
java -Dsamjdk.compression_level=2 -Xms300g -Xmx300g -jar /picard/picard.jar \
  MergeBamAlignment \
  VALIDATION_STRINGENCY=SILENT \
  EXPECTED_ORIENTATIONS=FR \
  ATTRIBUTES_TO_RETAIN=X0 \
  ATTRIBUTES_TO_REMOVE=RG \
  ATTRIBUTES_TO_REMOVE=NM \
  ATTRIBUTES_TO_REMOVE=MD \
  ALIGNED_BAM=aligned.bam \
  UNMAPPED_BAM=/cromwell-executions1/WholeGenomeGermlineSingleSample/e1bc4c5d-f439-4a4a-8850-28087bc544a9/call-UnmappedBamToAlignedBam/UnmappedBamToAlignedBam/988a0a52-89a4-4590-b810-0197d5b56440/call-SplitRG/shard-0/SplitLargeReadGroup/4fb0aa59-4201-4280-ada9-e038759d61c4/call-SamToFastqAndDragmapAndMba/shard-32/inputs/358000914/shard_0033.bam \
  OUTPUT=shard_0033.bam \
  REFERENCE_SEQUENCE=/cromwell-executions1/WholeGenomeGermlineSingleSample/e1bc4c5d-f439-4a4a-8850-28087bc544a9/call-UnmappedBamToAlignedBam/UnmappedBamToAlignedBam/988a0a52-89a4-4590-b810-0197d5b56440/call-SplitRG/shard-0/SplitLargeReadGroup/4fb0aa59-4201-4280-ada9-e038759d61c4/call-SamToFastqAndDragmapAndMba/shard-32/inputs/-1569105944/Homo_sapiens_assembly38_masked.fasta \
  PAIRED_RUN=true \
  SORT_ORDER="unsorted" \
  IS_BISULFITE_SEQUENCE=false \
  ALIGNED_READS_ONLY=false \
  CLIP_ADAPTERS=false \
   \
   \
  MAX_RECORDS_IN_RAM=2000000 \
  ADD_MATE_CIGAR=true \
  MAX_INSERTIONS_OR_DELETIONS=-1 \
  PRIMARY_ALIGNMENT_STRATEGY=MostDistant \
  PROGRAM_RECORD_ID="dragen-os" \
  PROGRAM_GROUP_VERSION="${DRAGMAP_VERSION}" \
  PROGRAM_GROUP_COMMAND_LINE="dragen-os -b /cromwell-executions1/WholeGenomeGermlineSingleSample/e1bc4c5d-f439-4a4a-8850-28087bc544a9/call-UnmappedBamToAlignedBam/UnmappedBamToAlignedBam/988a0a52-89a4-4590-b810-0197d5b56440/call-SplitRG/shard-0/SplitLargeReadGroup/4fb0aa59-4201-4280-ada9-e038759d61c4/call-SamToFastqAndDragmapAndMba/shard-32/inputs/358000914/shard_0033.bam -r dragen_reference --interleaved=1" \
  PROGRAM_GROUP_NAME="dragen-os" \
  UNMAPPED_READ_STRATEGY=COPY_TO_TAG \
  ALIGNER_PROPER_PAIR_FLAGS=true \
  UNMAP_CONTAMINANT_READS=true \
  ADD_PG_TAG_TO_READS=false[0m
[2026-03-27 04:03:53,67] [info] BackgroundConfigAsyncJobExecutionActor [[38;5;2m4fb0aa59[0mSplitLargeReadGroup.SamToFastqAndDragmapAndMba:32:1]: executing: # make sure there is no preexisting Docker CID file
rm -f /home/darja/workflow/cromwell-executions1/WholeGenomeGermlineSingleSample/e1bc4c5d-f439-4a4a-8850-28087bc544a9/call-UnmappedBamToAlignedBam/UnmappedBamToAlignedBam/988a0a52-89a4-4590-b810-0197d5b56440/call-SplitRG/shard-0/SplitLargeReadGroup/4fb0aa59-4201-4280-ada9-e038759d61c4/call-SamToFastqAndDragmapAndMba/shard-32/execution/docker_cid
# run as in the original configuration without --rm flag (will remove later)
docker run \
  --cidfile /home/darja/workflow/cromwell-executions1/WholeGenomeGermlineSingleSample/e1bc4c5d-f439-4a4a-8850-28087bc544a9/call-UnmappedBamToAlignedBam/UnmappedBamToAlignedBam/988a0a52-89a4-4590-b810-0197d5b56440/call-SplitRG/shard-0/SplitLargeReadGroup/4fb0aa59-4201-4280-ada9-e038759d61c4/call-SamToFastqAndDragmapAndMba/shard-32/execution/docker_cid \
  -i \
  --user 1027:1028 \
  --cpus="64" \
  --memory="409600m" \
  --entrypoint /bin/bash \
  -v /home/darja/workflow/cromwell-executions1/WholeGenomeGermlineSingleSample/e1bc4c5d-f439-4a4a-8850-28087bc544a9/call-UnmappedBamToAlignedBam/UnmappedBamToAlignedBam/988a0a52-89a4-4590-b810-0197d5b56440/call-SplitRG/shard-0/SplitLargeReadGroup/4fb0aa59-4201-4280-ada9-e038759d61c4/call-SamToFastqAndDragmapAndMba/shard-32:/cromwell-executions1/WholeGenomeGermlineSingleSample/e1bc4c5d-f439-4a4a-8850-28087bc544a9/call-UnmappedBamToAlignedBam/UnmappedBamToAlignedBam/988a0a52-89a4-4590-b810-0197d5b56440/call-SplitRG/shard-0/SplitLargeReadGroup/4fb0aa59-4201-4280-ada9-e038759d61c4/call-SamToFastqAndDragmapAndMba/shard-32 \
  -v /mnt/nas1/projects/lasr/blendseq:/mnt/nas1/projects/lasr/blendseq \
  us.gcr.io/broad-gotc-prod/dragmap@sha256:5964afca3e4173c33b11100f68c1a44642e0ff2ee4de5a49d8cd446fef308b23 /cromwell-executions1/WholeGenomeGermlineSingleSample/e1bc4c5d-f439-4a4a-8850-28087bc544a9/call-UnmappedBamToAlignedBam/UnmappedBamToAlignedBam/988a0a52-89a4-4590-b810-0197d5b56440/call-SplitRG/shard-0/SplitLargeReadGroup/4fb0aa59-4201-4280-ada9-e038759d61c4/call-SamToFastqAndDragmapAndMba/shard-32/execution/script

# get the return code (working even if the container was detached)
rc=$(docker wait [38;5;5mcat /home/darja/workflow/cromwell-executions1/WholeGenomeGermlineSingleSample/e1bc4c5d-f439-4a4a-8850-28087bc544a9/call-UnmappedBamToAlignedBam/UnmappedBamToAlignedBam/988a0a52-89a4-4590-b810-0197d5b56440/call-SplitRG/shard-0/SplitLargeReadGroup/4fb0aa59-4201-4280-ada9-e038759d61c4/call-SamToFastqAndDragmapAndMba/shard-32/execution/docker_cid[0m)

# remove the container after waiting
docker rm [38;5;5mcat /home/darja/workflow/cromwell-executions1/WholeGenomeGermlineSingleSample/e1bc4c5d-f439-4a4a-8850-28087bc544a9/call-UnmappedBamToAlignedBam/UnmappedBamToAlignedBam/988a0a52-89a4-4590-b810-0197d5b56440/call-SplitRG/shard-0/SplitLargeReadGroup/4fb0aa59-4201-4280-ada9-e038759d61c4/call-SamToFastqAndDragmapAndMba/shard-32/execution/docker_cid[0m

# return exit code
exit $rc
[2026-03-27 04:03:56,47] [info] BackgroundConfigAsyncJobExecutionActor [[38;5;2m4fb0aa59[0mSplitLargeReadGroup.SamToFastqAndDragmapAndMba:32:1]: job id: 503746
[2026-03-27 04:03:56,47] [info] BackgroundConfigAsyncJobExecutionActor [[38;5;2m4fb0aa59[0mSplitLargeReadGroup.SamToFastqAndDragmapAndMba:32:1]: Status change from - to WaitingForReturnCode
[2026-03-27 04:38:21,42] [info] BackgroundConfigAsyncJobExecutionActor [[38;5;2m4fb0aa59[0mSplitLargeReadGroup.SamToFastqAndDragmapAndMba:32:1]: Status change from WaitingForReturnCode to Done
[2026-03-27 04:38:21,56] [info] Assigned new job execution tokens to the following groups: e1bc4c5d: 1
[2026-03-27 04:38:21,61] [[38;5;220mwarn[0m] BackgroundConfigAsyncJobExecutionActor [[38;5;2m4fb0aa59[0mSplitLargeReadGroup.SamToFastqAndDragmapAndMba:14:1]: Unrecognized runtime attribute keys: preemptible, disks, cpu, memory
[2026-03-27 04:38:23,72] [info] BackgroundConfigAsyncJobExecutionActor [[38;5;2m4fb0aa59[0mSplitLargeReadGroup.SamToFastqAndDragmapAndMba:14:1]: [38;5;5mset -euxo pipefail

DRAGMAP_VERSION=$(dragen-os --version)

if [ -z ${DRAGMAP_VERSION} ]; then
    exit 1;
fi

mkdir dragen_reference
mv /cromwell-executions1/WholeGenomeGermlineSingleSample/e1bc4c5d-f439-4a4a-8850-28087bc544a9/call-UnmappedBamToAlignedBam/UnmappedBamToAlignedBam/988a0a52-89a4-4590-b810-0197d5b56440/call-SplitRG/shard-0/SplitLargeReadGroup/4fb0aa59-4201-4280-ada9-e038759d61c4/call-SamToFastqAndDragmapAndMba/shard-14/inputs/-1290198700/reference.bin /cromwell-executions1/WholeGenomeGermlineSingleSample/e1bc4c5d-f439-4a4a-8850-28087bc544a9/call-UnmappedBamToAlignedBam/UnmappedBamToAlignedBam/988a0a52-89a4-4590-b810-0197d5b56440/call-SplitRG/shard-0/SplitLargeReadGroup/4fb0aa59-4201-4280-ada9-e038759d61c4/call-SamToFastqAndDragmapAndMba/shard-14/inputs/-1290198700/hash_table.cfg.bin /cromwell-executions1/WholeGenomeGermlineSingleSample/e1bc4c5d-f439-4a4a-8850-28087bc544a9/call-UnmappedBamToAlignedBam/UnmappedBamToAlignedBam/988a0a52-89a4-4590-b810-0197d5b56440/call-SplitRG/shard-0/SplitLargeReadGroup/4fb0aa59-4201-4280-ada9-e038759d61c4/call-SamToFastqAndDragmapAndMba/shard-14/inputs/-1290198700/hash_table.cmp dragen_reference

dragen-os -b /cromwell-executions1/WholeGenomeGermlineSingleSample/e1bc4c5d-f439-4a4a-8850-28087bc544a9/call-UnmappedBamToAlignedBam/UnmappedBamToAlignedBam/988a0a52-89a4-4590-b810-0197d5b56440/call-SplitRG/shard-0/SplitLargeReadGroup/4fb0aa59-4201-4280-ada9-e038759d61c4/call-SamToFastqAndDragmapAndMba/shard-14/inputs/358000914/shard_0015.bam -r dragen_reference --interleaved=1 --preserve-map-align-order true 2> >(tee shard_0015.dragmap.stderr.log >&2) | samtools view -h -O BAM - > aligned.bam
java -Dsamjdk.compression_level=2 -Xms300g -Xmx300g -jar /picard/picard.jar \
  MergeBamAlignment \
  VALIDATION_STRINGENCY=SILENT \
  EXPECTED_ORIENTATIONS=FR \
  ATTRIBUTES_TO_RETAIN=X0 \
  ATTRIBUTES_TO_REMOVE=RG \
  ATTRIBUTES_TO_REMOVE=NM \
  ATTRIBUTES_TO_REMOVE=MD \
  ALIGNED_BAM=aligned.bam \
  UNMAPPED_BAM=/cromwell-executions1/WholeGenomeGermlineSingleSample/e1bc4c5d-f439-4a4a-8850-28087bc544a9/call-UnmappedBamToAlignedBam/UnmappedBamToAlignedBam/988a0a52-89a4-4590-b810-0197d5b56440/call-SplitRG/shard-0/SplitLargeReadGroup/4fb0aa59-4201-4280-ada9-e038759d61c4/call-SamToFastqAndDragmapAndMba/shard-14/inputs/358000914/shard_0015.bam \
  OUTPUT=shard_0015.bam \
  REFERENCE_SEQUENCE=/cromwell-executions1/WholeGenomeGermlineSingleSample/e1bc4c5d-f439-4a4a-8850-28087bc544a9/call-UnmappedBamToAlignedBam/UnmappedBamToAlignedBam/988a0a52-89a4-4590-b810-0197d5b56440/call-SplitRG/shard-0/SplitLargeReadGroup/4fb0aa59-4201-4280-ada9-e038759d61c4/call-SamToFastqAndDragmapAndMba/shard-14/inputs/-1569105944/Homo_sapiens_assembly38_masked.fasta \
  PAIRED_RUN=true \
  SORT_ORDER="unsorted" \
  IS_BISULFITE_SEQUENCE=false \
  ALIGNED_READS_ONLY=false \
  CLIP_ADAPTERS=false \
   \
   \
  MAX_RECORDS_IN_RAM=2000000 \
  ADD_MATE_CIGAR=true \
  MAX_INSERTIONS_OR_DELETIONS=-1 \
  PRIMARY_ALIGNMENT_STRATEGY=MostDistant \
  PROGRAM_RECORD_ID="dragen-os" \
  PROGRAM_GROUP_VERSION="${DRAGMAP_VERSION}" \
  PROGRAM_GROUP_COMMAND_LINE="dragen-os -b /cromwell-executions1/WholeGenomeGermlineSingleSample/e1bc4c5d-f439-4a4a-8850-28087bc544a9/call-UnmappedBamToAlignedBam/UnmappedBamToAlignedBam/988a0a52-89a4-4590-b810-0197d5b56440/call-SplitRG/shard-0/SplitLargeReadGroup/4fb0aa59-4201-4280-ada9-e038759d61c4/call-SamToFastqAndDragmapAndMba/shard-14/inputs/358000914/shard_0015.bam -r dragen_reference --interleaved=1" \
  PROGRAM_GROUP_NAME="dragen-os" \
  UNMAPPED_READ_STRATEGY=COPY_TO_TAG \
  ALIGNER_PROPER_PAIR_FLAGS=true \
  UNMAP_CONTAMINANT_READS=true \
  ADD_PG_TAG_TO_READS=false[0m
[2026-03-27 04:38:23,72] [info] BackgroundConfigAsyncJobExecutionActor [[38;5;2m4fb0aa59[0mSplitLargeReadGroup.SamToFastqAndDragmapAndMba:14:1]: executing: # make sure there is no preexisting Docker CID file
rm -f /home/darja/workflow/cromwell-executions1/WholeGenomeGermlineSingleSample/e1bc4c5d-f439-4a4a-8850-28087bc544a9/call-UnmappedBamToAlignedBam/UnmappedBamToAlignedBam/988a0a52-89a4-4590-b810-0197d5b56440/call-SplitRG/shard-0/SplitLargeReadGroup/4fb0aa59-4201-4280-ada9-e038759d61c4/call-SamToFastqAndDragmapAndMba/shard-14/execution/docker_cid
# run as in the original configuration without --rm flag (will remove later)
docker run \
  --cidfile /home/darja/workflow/cromwell-executions1/WholeGenomeGermlineSingleSample/e1bc4c5d-f439-4a4a-8850-28087bc544a9/call-UnmappedBamToAlignedBam/UnmappedBamToAlignedBam/988a0a52-89a4-4590-b810-0197d5b56440/call-SplitRG/shard-0/SplitLargeReadGroup/4fb0aa59-4201-4280-ada9-e038759d61c4/call-SamToFastqAndDragmapAndMba/shard-14/execution/docker_cid \
  -i \
  --user 1027:1028 \
  --cpus="64" \
  --memory="409600m" \
  --entrypoint /bin/bash \
  -v /home/darja/workflow/cromwell-executions1/WholeGenomeGermlineSingleSample/e1bc4c5d-f439-4a4a-8850-28087bc544a9/call-UnmappedBamToAlignedBam/UnmappedBamToAlignedBam/988a0a52-89a4-4590-b810-0197d5b56440/call-SplitRG/shard-0/SplitLargeReadGroup/4fb0aa59-4201-4280-ada9-e038759d61c4/call-SamToFastqAndDragmapAndMba/shard-14:/cromwell-executions1/WholeGenomeGermlineSingleSample/e1bc4c5d-f439-4a4a-8850-28087bc544a9/call-UnmappedBamToAlignedBam/UnmappedBamToAlignedBam/988a0a52-89a4-4590-b810-0197d5b56440/call-SplitRG/shard-0/SplitLargeReadGroup/4fb0aa59-4201-4280-ada9-e038759d61c4/call-SamToFastqAndDragmapAndMba/shard-14 \
  -v /mnt/nas1/projects/lasr/blendseq:/mnt/nas1/projects/lasr/blendseq \
  us.gcr.io/broad-gotc-prod/dragmap@sha256:5964afca3e4173c33b11100f68c1a44642e0ff2ee4de5a49d8cd446fef308b23 /cromwell-executions1/WholeGenomeGermlineSingleSample/e1bc4c5d-f439-4a4a-8850-28087bc544a9/call-UnmappedBamToAlignedBam/UnmappedBamToAlignedBam/988a0a52-89a4-4590-b810-0197d5b56440/call-SplitRG/shard-0/SplitLargeReadGroup/4fb0aa59-4201-4280-ada9-e038759d61c4/call-SamToFastqAndDragmapAndMba/shard-14/execution/script

# get the return code (working even if the container was detached)
rc=$(docker wait [38;5;5mcat /home/darja/workflow/cromwell-executions1/WholeGenomeGermlineSingleSample/e1bc4c5d-f439-4a4a-8850-28087bc544a9/call-UnmappedBamToAlignedBam/UnmappedBamToAlignedBam/988a0a52-89a4-4590-b810-0197d5b56440/call-SplitRG/shard-0/SplitLargeReadGroup/4fb0aa59-4201-4280-ada9-e038759d61c4/call-SamToFastqAndDragmapAndMba/shard-14/execution/docker_cid[0m)

# remove the container after waiting
docker rm [38;5;5mcat /home/darja/workflow/cromwell-executions1/WholeGenomeGermlineSingleSample/e1bc4c5d-f439-4a4a-8850-28087bc544a9/call-UnmappedBamToAlignedBam/UnmappedBamToAlignedBam/988a0a52-89a4-4590-b810-0197d5b56440/call-SplitRG/shard-0/SplitLargeReadGroup/4fb0aa59-4201-4280-ada9-e038759d61c4/call-SamToFastqAndDragmapAndMba/shard-14/execution/docker_cid[0m

# return exit code
exit $rc
[2026-03-27 04:38:26,47] [info] BackgroundConfigAsyncJobExecutionActor [[38;5;2m4fb0aa59[0mSplitLargeReadGroup.SamToFastqAndDragmapAndMba:14:1]: job id: 504780
[2026-03-27 04:38:26,47] [info] BackgroundConfigAsyncJobExecutionActor [[38;5;2m4fb0aa59[0mSplitLargeReadGroup.SamToFastqAndDragmapAndMba:14:1]: Status change from - to WaitingForReturnCode
[2026-03-27 05:10:57,61] [info] BackgroundConfigAsyncJobExecutionActor [[38;5;2m4fb0aa59[0mSplitLargeReadGroup.SamToFastqAndDragmapAndMba:14:1]: Status change from WaitingForReturnCode to Done
[2026-03-27 05:11:01,56] [info] Assigned new job execution tokens to the following groups: e1bc4c5d: 1
[2026-03-27 05:11:01,60] [[38;5;220mwarn[0m] BackgroundConfigAsyncJobExecutionActor [[38;5;2m4fb0aa59[0mSplitLargeReadGroup.SamToFastqAndDragmapAndMba:23:1]: Unrecognized runtime attribute keys: preemptible, disks, cpu, memory
[2026-03-27 05:11:03,72] [info] BackgroundConfigAsyncJobExecutionActor [[38;5;2m4fb0aa59[0mSplitLargeReadGroup.SamToFastqAndDragmapAndMba:23:1]: [38;5;5mset -euxo pipefail

DRAGMAP_VERSION=$(dragen-os --version)

if [ -z ${DRAGMAP_VERSION} ]; then
    exit 1;
fi

mkdir dragen_reference
mv /cromwell-executions1/WholeGenomeGermlineSingleSample/e1bc4c5d-f439-4a4a-8850-28087bc544a9/call-UnmappedBamToAlignedBam/UnmappedBamToAlignedBam/988a0a52-89a4-4590-b810-0197d5b56440/call-SplitRG/shard-0/SplitLargeReadGroup/4fb0aa59-4201-4280-ada9-e038759d61c4/call-SamToFastqAndDragmapAndMba/shard-23/inputs/-1290198700/reference.bin /cromwell-executions1/WholeGenomeGermlineSingleSample/e1bc4c5d-f439-4a4a-8850-28087bc544a9/call-UnmappedBamToAlignedBam/UnmappedBamToAlignedBam/988a0a52-89a4-4590-b810-0197d5b56440/call-SplitRG/shard-0/SplitLargeReadGroup/4fb0aa59-4201-4280-ada9-e038759d61c4/call-SamToFastqAndDragmapAndMba/shard-23/inputs/-1290198700/hash_table.cfg.bin /cromwell-executions1/WholeGenomeGermlineSingleSample/e1bc4c5d-f439-4a4a-8850-28087bc544a9/call-UnmappedBamToAlignedBam/UnmappedBamToAlignedBam/988a0a52-89a4-4590-b810-0197d5b56440/call-SplitRG/shard-0/SplitLargeReadGroup/4fb0aa59-4201-4280-ada9-e038759d61c4/call-SamToFastqAndDragmapAndMba/shard-23/inputs/-1290198700/hash_table.cmp dragen_reference

dragen-os -b /cromwell-executions1/WholeGenomeGermlineSingleSample/e1bc4c5d-f439-4a4a-8850-28087bc544a9/call-UnmappedBamToAlignedBam/UnmappedBamToAlignedBam/988a0a52-89a4-4590-b810-0197d5b56440/call-SplitRG/shard-0/SplitLargeReadGroup/4fb0aa59-4201-4280-ada9-e038759d61c4/call-SamToFastqAndDragmapAndMba/shard-23/inputs/358000914/shard_0024.bam -r dragen_reference --interleaved=1 --preserve-map-align-order true 2> >(tee shard_0024.dragmap.stderr.log >&2) | samtools view -h -O BAM - > aligned.bam
java -Dsamjdk.compression_level=2 -Xms300g -Xmx300g -jar /picard/picard.jar \
  MergeBamAlignment \
  VALIDATION_STRINGENCY=SILENT \
  EXPECTED_ORIENTATIONS=FR \
  ATTRIBUTES_TO_RETAIN=X0 \
  ATTRIBUTES_TO_REMOVE=RG \
  ATTRIBUTES_TO_REMOVE=NM \
  ATTRIBUTES_TO_REMOVE=MD \
  ALIGNED_BAM=aligned.bam \
  UNMAPPED_BAM=/cromwell-executions1/WholeGenomeGermlineSingleSample/e1bc4c5d-f439-4a4a-8850-28087bc544a9/call-UnmappedBamToAlignedBam/UnmappedBamToAlignedBam/988a0a52-89a4-4590-b810-0197d5b56440/call-SplitRG/shard-0/SplitLargeReadGroup/4fb0aa59-4201-4280-ada9-e038759d61c4/call-SamToFastqAndDragmapAndMba/shard-23/inputs/358000914/shard_0024.bam \
  OUTPUT=shard_0024.bam \
  REFERENCE_SEQUENCE=/cromwell-executions1/WholeGenomeGermlineSingleSample/e1bc4c5d-f439-4a4a-8850-28087bc544a9/call-UnmappedBamToAlignedBam/UnmappedBamToAlignedBam/988a0a52-89a4-4590-b810-0197d5b56440/call-SplitRG/shard-0/SplitLargeReadGroup/4fb0aa59-4201-4280-ada9-e038759d61c4/call-SamToFastqAndDragmapAndMba/shard-23/inputs/-1569105944/Homo_sapiens_assembly38_masked.fasta \
  PAIRED_RUN=true \
  SORT_ORDER="unsorted" \
  IS_BISULFITE_SEQUENCE=false \
  ALIGNED_READS_ONLY=false \
  CLIP_ADAPTERS=false \
   \
   \
  MAX_RECORDS_IN_RAM=2000000 \
  ADD_MATE_CIGAR=true \
  MAX_INSERTIONS_OR_DELETIONS=-1 \
  PRIMARY_ALIGNMENT_STRATEGY=MostDistant \
  PROGRAM_RECORD_ID="dragen-os" \
  PROGRAM_GROUP_VERSION="${DRAGMAP_VERSION}" \
  PROGRAM_GROUP_COMMAND_LINE="dragen-os -b /cromwell-executions1/WholeGenomeGermlineSingleSample/e1bc4c5d-f439-4a4a-8850-28087bc544a9/call-UnmappedBamToAlignedBam/UnmappedBamToAlignedBam/988a0a52-89a4-4590-b810-0197d5b56440/call-SplitRG/shard-0/SplitLargeReadGroup/4fb0aa59-4201-4280-ada9-e038759d61c4/call-SamToFastqAndDragmapAndMba/shard-23/inputs/358000914/shard_0024.bam -r dragen_reference --interleaved=1" \
  PROGRAM_GROUP_NAME="dragen-os" \
  UNMAPPED_READ_STRATEGY=COPY_TO_TAG \
  ALIGNER_PROPER_PAIR_FLAGS=true \
  UNMAP_CONTAMINANT_READS=true \
  ADD_PG_TAG_TO_READS=false[0m
[2026-03-27 05:11:03,73] [info] BackgroundConfigAsyncJobExecutionActor [[38;5;2m4fb0aa59[0mSplitLargeReadGroup.SamToFastqAndDragmapAndMba:23:1]: executing: # make sure there is no preexisting Docker CID file
rm -f /home/darja/workflow/cromwell-executions1/WholeGenomeGermlineSingleSample/e1bc4c5d-f439-4a4a-8850-28087bc544a9/call-UnmappedBamToAlignedBam/UnmappedBamToAlignedBam/988a0a52-89a4-4590-b810-0197d5b56440/call-SplitRG/shard-0/SplitLargeReadGroup/4fb0aa59-4201-4280-ada9-e038759d61c4/call-SamToFastqAndDragmapAndMba/shard-23/execution/docker_cid
# run as in the original configuration without --rm flag (will remove later)
docker run \
  --cidfile /home/darja/workflow/cromwell-executions1/WholeGenomeGermlineSingleSample/e1bc4c5d-f439-4a4a-8850-28087bc544a9/call-UnmappedBamToAlignedBam/UnmappedBamToAlignedBam/988a0a52-89a4-4590-b810-0197d5b56440/call-SplitRG/shard-0/SplitLargeReadGroup/4fb0aa59-4201-4280-ada9-e038759d61c4/call-SamToFastqAndDragmapAndMba/shard-23/execution/docker_cid \
  -i \
  --user 1027:1028 \
  --cpus="64" \
  --memory="409600m" \
  --entrypoint /bin/bash \
  -v /home/darja/workflow/cromwell-executions1/WholeGenomeGermlineSingleSample/e1bc4c5d-f439-4a4a-8850-28087bc544a9/call-UnmappedBamToAlignedBam/UnmappedBamToAlignedBam/988a0a52-89a4-4590-b810-0197d5b56440/call-SplitRG/shard-0/SplitLargeReadGroup/4fb0aa59-4201-4280-ada9-e038759d61c4/call-SamToFastqAndDragmapAndMba/shard-23:/cromwell-executions1/WholeGenomeGermlineSingleSample/e1bc4c5d-f439-4a4a-8850-28087bc544a9/call-UnmappedBamToAlignedBam/UnmappedBamToAlignedBam/988a0a52-89a4-4590-b810-0197d5b56440/call-SplitRG/shard-0/SplitLargeReadGroup/4fb0aa59-4201-4280-ada9-e038759d61c4/call-SamToFastqAndDragmapAndMba/shard-23 \
  -v /mnt/nas1/projects/lasr/blendseq:/mnt/nas1/projects/lasr/blendseq \
  us.gcr.io/broad-gotc-prod/dragmap@sha256:5964afca3e4173c33b11100f68c1a44642e0ff2ee4de5a49d8cd446fef308b23 /cromwell-executions1/WholeGenomeGermlineSingleSample/e1bc4c5d-f439-4a4a-8850-28087bc544a9/call-UnmappedBamToAlignedBam/UnmappedBamToAlignedBam/988a0a52-89a4-4590-b810-0197d5b56440/call-SplitRG/shard-0/SplitLargeReadGroup/4fb0aa59-4201-4280-ada9-e038759d61c4/call-SamToFastqAndDragmapAndMba/shard-23/execution/script

# get the return code (working even if the container was detached)
rc=$(docker wait [38;5;5mcat /home/darja/workflow/cromwell-executions1/WholeGenomeGermlineSingleSample/e1bc4c5d-f439-4a4a-8850-28087bc544a9/call-UnmappedBamToAlignedBam/UnmappedBamToAlignedBam/988a0a52-89a4-4590-b810-0197d5b56440/call-SplitRG/shard-0/SplitLargeReadGroup/4fb0aa59-4201-4280-ada9-e038759d61c4/call-SamToFastqAndDragmapAndMba/shard-23/execution/docker_cid[0m)

# remove the container after waiting
docker rm [38;5;5mcat /home/darja/workflow/cromwell-executions1/WholeGenomeGermlineSingleSample/e1bc4c5d-f439-4a4a-8850-28087bc544a9/call-UnmappedBamToAlignedBam/UnmappedBamToAlignedBam/988a0a52-89a4-4590-b810-0197d5b56440/call-SplitRG/shard-0/SplitLargeReadGroup/4fb0aa59-4201-4280-ada9-e038759d61c4/call-SamToFastqAndDragmapAndMba/shard-23/execution/docker_cid[0m

# return exit code
exit $rc
[2026-03-27 05:11:06,47] [info] BackgroundConfigAsyncJobExecutionActor [[38;5;2m4fb0aa59[0mSplitLargeReadGroup.SamToFastqAndDragmapAndMba:23:1]: job id: 505768
[2026-03-27 05:11:06,47] [info] BackgroundConfigAsyncJobExecutionActor [[38;5;2m4fb0aa59[0mSplitLargeReadGroup.SamToFastqAndDragmapAndMba:23:1]: Status change from - to WaitingForReturnCode
[2026-03-27 05:44:29,88] [info] BackgroundConfigAsyncJobExecutionActor [[38;5;2m4fb0aa59[0mSplitLargeReadGroup.SamToFastqAndDragmapAndMba:23:1]: Status change from WaitingForReturnCode to Done
[2026-03-27 05:44:31,56] [info] Assigned new job execution tokens to the following groups: e1bc4c5d: 1
[2026-03-27 05:44:31,60] [[38;5;220mwarn[0m] BackgroundConfigAsyncJobExecutionActor [[38;5;2m4fb0aa59[0mSplitLargeReadGroup.SamToFastqAndDragmapAndMba:6:1]: Unrecognized runtime attribute keys: preemptible, disks, cpu, memory
[2026-03-27 05:44:34,49] [info] BackgroundConfigAsyncJobExecutionActor [[38;5;2m4fb0aa59[0mSplitLargeReadGroup.SamToFastqAndDragmapAndMba:6:1]: [38;5;5mset -euxo pipefail

DRAGMAP_VERSION=$(dragen-os --version)

if [ -z ${DRAGMAP_VERSION} ]; then
    exit 1;
fi

mkdir dragen_reference
mv /cromwell-executions1/WholeGenomeGermlineSingleSample/e1bc4c5d-f439-4a4a-8850-28087bc544a9/call-UnmappedBamToAlignedBam/UnmappedBamToAlignedBam/988a0a52-89a4-4590-b810-0197d5b56440/call-SplitRG/shard-0/SplitLargeReadGroup/4fb0aa59-4201-4280-ada9-e038759d61c4/call-SamToFastqAndDragmapAndMba/shard-6/inputs/-1290198700/reference.bin /cromwell-executions1/WholeGenomeGermlineSingleSample/e1bc4c5d-f439-4a4a-8850-28087bc544a9/call-UnmappedBamToAlignedBam/UnmappedBamToAlignedBam/988a0a52-89a4-4590-b810-0197d5b56440/call-SplitRG/shard-0/SplitLargeReadGroup/4fb0aa59-4201-4280-ada9-e038759d61c4/call-SamToFastqAndDragmapAndMba/shard-6/inputs/-1290198700/hash_table.cfg.bin /cromwell-executions1/WholeGenomeGermlineSingleSample/e1bc4c5d-f439-4a4a-8850-28087bc544a9/call-UnmappedBamToAlignedBam/UnmappedBamToAlignedBam/988a0a52-89a4-4590-b810-0197d5b56440/call-SplitRG/shard-0/SplitLargeReadGroup/4fb0aa59-4201-4280-ada9-e038759d61c4/call-SamToFastqAndDragmapAndMba/shard-6/inputs/-1290198700/hash_table.cmp dragen_reference

dragen-os -b /cromwell-executions1/WholeGenomeGermlineSingleSample/e1bc4c5d-f439-4a4a-8850-28087bc544a9/call-UnmappedBamToAlignedBam/UnmappedBamToAlignedBam/988a0a52-89a4-4590-b810-0197d5b56440/call-SplitRG/shard-0/SplitLargeReadGroup/4fb0aa59-4201-4280-ada9-e038759d61c4/call-SamToFastqAndDragmapAndMba/shard-6/inputs/358000914/shard_0007.bam -r dragen_reference --interleaved=1 --preserve-map-align-order true 2> >(tee shard_0007.dragmap.stderr.log >&2) | samtools view -h -O BAM - > aligned.bam
java -Dsamjdk.compression_level=2 -Xms300g -Xmx300g -jar /picard/picard.jar \
  MergeBamAlignment \
  VALIDATION_STRINGENCY=SILENT \
  EXPECTED_ORIENTATIONS=FR \
  ATTRIBUTES_TO_RETAIN=X0 \
  ATTRIBUTES_TO_REMOVE=RG \
  ATTRIBUTES_TO_REMOVE=NM \
  ATTRIBUTES_TO_REMOVE=MD \
  ALIGNED_BAM=aligned.bam \
  UNMAPPED_BAM=/cromwell-executions1/WholeGenomeGermlineSingleSample/e1bc4c5d-f439-4a4a-8850-28087bc544a9/call-UnmappedBamToAlignedBam/UnmappedBamToAlignedBam/988a0a52-89a4-4590-b810-0197d5b56440/call-SplitRG/shard-0/SplitLargeReadGroup/4fb0aa59-4201-4280-ada9-e038759d61c4/call-SamToFastqAndDragmapAndMba/shard-6/inputs/358000914/shard_0007.bam \
  OUTPUT=shard_0007.bam \
  REFERENCE_SEQUENCE=/cromwell-executions1/WholeGenomeGermlineSingleSample/e1bc4c5d-f439-4a4a-8850-28087bc544a9/call-UnmappedBamToAlignedBam/UnmappedBamToAlignedBam/988a0a52-89a4-4590-b810-0197d5b56440/call-SplitRG/shard-0/SplitLargeReadGroup/4fb0aa59-4201-4280-ada9-e038759d61c4/call-SamToFastqAndDragmapAndMba/shard-6/inputs/-1569105944/Homo_sapiens_assembly38_masked.fasta \
  PAIRED_RUN=true \
  SORT_ORDER="unsorted" \
  IS_BISULFITE_SEQUENCE=false \
  ALIGNED_READS_ONLY=false \
  CLIP_ADAPTERS=false \
   \
   \
  MAX_RECORDS_IN_RAM=2000000 \
  ADD_MATE_CIGAR=true \
  MAX_INSERTIONS_OR_DELETIONS=-1 \
  PRIMARY_ALIGNMENT_STRATEGY=MostDistant \
  PROGRAM_RECORD_ID="dragen-os" \
  PROGRAM_GROUP_VERSION="${DRAGMAP_VERSION}" \
  PROGRAM_GROUP_COMMAND_LINE="dragen-os -b /cromwell-executions1/WholeGenomeGermlineSingleSample/e1bc4c5d-f439-4a4a-8850-28087bc544a9/call-UnmappedBamToAlignedBam/UnmappedBamToAlignedBam/988a0a52-89a4-4590-b810-0197d5b56440/call-SplitRG/shard-0/SplitLargeReadGroup/4fb0aa59-4201-4280-ada9-e038759d61c4/call-SamToFastqAndDragmapAndMba/shard-6/inputs/358000914/shard_0007.bam -r dragen_reference --interleaved=1" \
  PROGRAM_GROUP_NAME="dragen-os" \
  UNMAPPED_READ_STRATEGY=COPY_TO_TAG \
  ALIGNER_PROPER_PAIR_FLAGS=true \
  UNMAP_CONTAMINANT_READS=true \
  ADD_PG_TAG_TO_READS=false[0m
[2026-03-27 05:44:34,49] [info] BackgroundConfigAsyncJobExecutionActor [[38;5;2m4fb0aa59[0mSplitLargeReadGroup.SamToFastqAndDragmapAndMba:6:1]: executing: # make sure there is no preexisting Docker CID file
rm -f /home/darja/workflow/cromwell-executions1/WholeGenomeGermlineSingleSample/e1bc4c5d-f439-4a4a-8850-28087bc544a9/call-UnmappedBamToAlignedBam/UnmappedBamToAlignedBam/988a0a52-89a4-4590-b810-0197d5b56440/call-SplitRG/shard-0/SplitLargeReadGroup/4fb0aa59-4201-4280-ada9-e038759d61c4/call-SamToFastqAndDragmapAndMba/shard-6/execution/docker_cid
# run as in the original configuration without --rm flag (will remove later)
docker run \
  --cidfile /home/darja/workflow/cromwell-executions1/WholeGenomeGermlineSingleSample/e1bc4c5d-f439-4a4a-8850-28087bc544a9/call-UnmappedBamToAlignedBam/UnmappedBamToAlignedBam/988a0a52-89a4-4590-b810-0197d5b56440/call-SplitRG/shard-0/SplitLargeReadGroup/4fb0aa59-4201-4280-ada9-e038759d61c4/call-SamToFastqAndDragmapAndMba/shard-6/execution/docker_cid \
  -i \
  --user 1027:1028 \
  --cpus="64" \
  --memory="409600m" \
  --entrypoint /bin/bash \
  -v /home/darja/workflow/cromwell-executions1/WholeGenomeGermlineSingleSample/e1bc4c5d-f439-4a4a-8850-28087bc544a9/call-UnmappedBamToAlignedBam/UnmappedBamToAlignedBam/988a0a52-89a4-4590-b810-0197d5b56440/call-SplitRG/shard-0/SplitLargeReadGroup/4fb0aa59-4201-4280-ada9-e038759d61c4/call-SamToFastqAndDragmapAndMba/shard-6:/cromwell-executions1/WholeGenomeGermlineSingleSample/e1bc4c5d-f439-4a4a-8850-28087bc544a9/call-UnmappedBamToAlignedBam/UnmappedBamToAlignedBam/988a0a52-89a4-4590-b810-0197d5b56440/call-SplitRG/shard-0/SplitLargeReadGroup/4fb0aa59-4201-4280-ada9-e038759d61c4/call-SamToFastqAndDragmapAndMba/shard-6 \
  -v /mnt/nas1/projects/lasr/blendseq:/mnt/nas1/projects/lasr/blendseq \
  us.gcr.io/broad-gotc-prod/dragmap@sha256:5964afca3e4173c33b11100f68c1a44642e0ff2ee4de5a49d8cd446fef308b23 /cromwell-executions1/WholeGenomeGermlineSingleSample/e1bc4c5d-f439-4a4a-8850-28087bc544a9/call-UnmappedBamToAlignedBam/UnmappedBamToAlignedBam/988a0a52-89a4-4590-b810-0197d5b56440/call-SplitRG/shard-0/SplitLargeReadGroup/4fb0aa59-4201-4280-ada9-e038759d61c4/call-SamToFastqAndDragmapAndMba/shard-6/execution/script

# get the return code (working even if the container was detached)
rc=$(docker wait [38;5;5mcat /home/darja/workflow/cromwell-executions1/WholeGenomeGermlineSingleSample/e1bc4c5d-f439-4a4a-8850-28087bc544a9/call-UnmappedBamToAlignedBam/UnmappedBamToAlignedBam/988a0a52-89a4-4590-b810-0197d5b56440/call-SplitRG/shard-0/SplitLargeReadGroup/4fb0aa59-4201-4280-ada9-e038759d61c4/call-SamToFastqAndDragmapAndMba/shard-6/execution/docker_cid[0m)

# remove the container after waiting
docker rm [38;5;5mcat /home/darja/workflow/cromwell-executions1/WholeGenomeGermlineSingleSample/e1bc4c5d-f439-4a4a-8850-28087bc544a9/call-UnmappedBamToAlignedBam/UnmappedBamToAlignedBam/988a0a52-89a4-4590-b810-0197d5b56440/call-SplitRG/shard-0/SplitLargeReadGroup/4fb0aa59-4201-4280-ada9-e038759d61c4/call-SamToFastqAndDragmapAndMba/shard-6/execution/docker_cid[0m

# return exit code
exit $rc
[2026-03-27 05:44:36,47] [info] BackgroundConfigAsyncJobExecutionActor [[38;5;2m4fb0aa59[0mSplitLargeReadGroup.SamToFastqAndDragmapAndMba:6:1]: job id: 506751
[2026-03-27 05:44:36,47] [info] BackgroundConfigAsyncJobExecutionActor [[38;5;2m4fb0aa59[0mSplitLargeReadGroup.SamToFastqAndDragmapAndMba:6:1]: Status change from - to WaitingForReturnCode
[2026-03-27 06:18:12,12] [info] BackgroundConfigAsyncJobExecutionActor [[38;5;2m4fb0aa59[0mSplitLargeReadGroup.SamToFastqAndDragmapAndMba:6:1]: Status change from WaitingForReturnCode to Done
[2026-03-27 06:18:21,56] [info] Assigned new job execution tokens to the following groups: e1bc4c5d: 1
[2026-03-27 06:18:21,61] [[38;5;220mwarn[0m] BackgroundConfigAsyncJobExecutionActor [[38;5;2m4fb0aa59[0mSplitLargeReadGroup.SamToFastqAndDragmapAndMba:24:1]: Unrecognized runtime attribute keys: preemptible, disks, cpu, memory
[2026-03-27 06:18:23,70] [info] BackgroundConfigAsyncJobExecutionActor [[38;5;2m4fb0aa59[0mSplitLargeReadGroup.SamToFastqAndDragmapAndMba:24:1]: [38;5;5mset -euxo pipefail

DRAGMAP_VERSION=$(dragen-os --version)

if [ -z ${DRAGMAP_VERSION} ]; then
    exit 1;
fi

mkdir dragen_reference
mv /cromwell-executions1/WholeGenomeGermlineSingleSample/e1bc4c5d-f439-4a4a-8850-28087bc544a9/call-UnmappedBamToAlignedBam/UnmappedBamToAlignedBam/988a0a52-89a4-4590-b810-0197d5b56440/call-SplitRG/shard-0/SplitLargeReadGroup/4fb0aa59-4201-4280-ada9-e038759d61c4/call-SamToFastqAndDragmapAndMba/shard-24/inputs/-1290198700/reference.bin /cromwell-executions1/WholeGenomeGermlineSingleSample/e1bc4c5d-f439-4a4a-8850-28087bc544a9/call-UnmappedBamToAlignedBam/UnmappedBamToAlignedBam/988a0a52-89a4-4590-b810-0197d5b56440/call-SplitRG/shard-0/SplitLargeReadGroup/4fb0aa59-4201-4280-ada9-e038759d61c4/call-SamToFastqAndDragmapAndMba/shard-24/inputs/-1290198700/hash_table.cfg.bin /cromwell-executions1/WholeGenomeGermlineSingleSample/e1bc4c5d-f439-4a4a-8850-28087bc544a9/call-UnmappedBamToAlignedBam/UnmappedBamToAlignedBam/988a0a52-89a4-4590-b810-0197d5b56440/call-SplitRG/shard-0/SplitLargeReadGroup/4fb0aa59-4201-4280-ada9-e038759d61c4/call-SamToFastqAndDragmapAndMba/shard-24/inputs/-1290198700/hash_table.cmp dragen_reference

dragen-os -b /cromwell-executions1/WholeGenomeGermlineSingleSample/e1bc4c5d-f439-4a4a-8850-28087bc544a9/call-UnmappedBamToAlignedBam/UnmappedBamToAlignedBam/988a0a52-89a4-4590-b810-0197d5b56440/call-SplitRG/shard-0/SplitLargeReadGroup/4fb0aa59-4201-4280-ada9-e038759d61c4/call-SamToFastqAndDragmapAndMba/shard-24/inputs/358000914/shard_0025.bam -r dragen_reference --interleaved=1 --preserve-map-align-order true 2> >(tee shard_0025.dragmap.stderr.log >&2) | samtools view -h -O BAM - > aligned.bam
java -Dsamjdk.compression_level=2 -Xms300g -Xmx300g -jar /picard/picard.jar \
  MergeBamAlignment \
  VALIDATION_STRINGENCY=SILENT \
  EXPECTED_ORIENTATIONS=FR \
  ATTRIBUTES_TO_RETAIN=X0 \
  ATTRIBUTES_TO_REMOVE=RG \
  ATTRIBUTES_TO_REMOVE=NM \
  ATTRIBUTES_TO_REMOVE=MD \
  ALIGNED_BAM=aligned.bam \
  UNMAPPED_BAM=/cromwell-executions1/WholeGenomeGermlineSingleSample/e1bc4c5d-f439-4a4a-8850-28087bc544a9/call-UnmappedBamToAlignedBam/UnmappedBamToAlignedBam/988a0a52-89a4-4590-b810-0197d5b56440/call-SplitRG/shard-0/SplitLargeReadGroup/4fb0aa59-4201-4280-ada9-e038759d61c4/call-SamToFastqAndDragmapAndMba/shard-24/inputs/358000914/shard_0025.bam \
  OUTPUT=shard_0025.bam \
  REFERENCE_SEQUENCE=/cromwell-executions1/WholeGenomeGermlineSingleSample/e1bc4c5d-f439-4a4a-8850-28087bc544a9/call-UnmappedBamToAlignedBam/UnmappedBamToAlignedBam/988a0a52-89a4-4590-b810-0197d5b56440/call-SplitRG/shard-0/SplitLargeReadGroup/4fb0aa59-4201-4280-ada9-e038759d61c4/call-SamToFastqAndDragmapAndMba/shard-24/inputs/-1569105944/Homo_sapiens_assembly38_masked.fasta \
  PAIRED_RUN=true \
  SORT_ORDER="unsorted" \
  IS_BISULFITE_SEQUENCE=false \
  ALIGNED_READS_ONLY=false \
  CLIP_ADAPTERS=false \
   \
   \
  MAX_RECORDS_IN_RAM=2000000 \
  ADD_MATE_CIGAR=true \
  MAX_INSERTIONS_OR_DELETIONS=-1 \
  PRIMARY_ALIGNMENT_STRATEGY=MostDistant \
  PROGRAM_RECORD_ID="dragen-os" \
  PROGRAM_GROUP_VERSION="${DRAGMAP_VERSION}" \
  PROGRAM_GROUP_COMMAND_LINE="dragen-os -b /cromwell-executions1/WholeGenomeGermlineSingleSample/e1bc4c5d-f439-4a4a-8850-28087bc544a9/call-UnmappedBamToAlignedBam/UnmappedBamToAlignedBam/988a0a52-89a4-4590-b810-0197d5b56440/call-SplitRG/shard-0/SplitLargeReadGroup/4fb0aa59-4201-4280-ada9-e038759d61c4/call-SamToFastqAndDragmapAndMba/shard-24/inputs/358000914/shard_0025.bam -r dragen_reference --interleaved=1" \
  PROGRAM_GROUP_NAME="dragen-os" \
  UNMAPPED_READ_STRATEGY=COPY_TO_TAG \
  ALIGNER_PROPER_PAIR_FLAGS=true \
  UNMAP_CONTAMINANT_READS=true \
  ADD_PG_TAG_TO_READS=false[0m
[2026-03-27 06:18:23,70] [info] BackgroundConfigAsyncJobExecutionActor [[38;5;2m4fb0aa59[0mSplitLargeReadGroup.SamToFastqAndDragmapAndMba:24:1]: executing: # make sure there is no preexisting Docker CID file
rm -f /home/darja/workflow/cromwell-executions1/WholeGenomeGermlineSingleSample/e1bc4c5d-f439-4a4a-8850-28087bc544a9/call-UnmappedBamToAlignedBam/UnmappedBamToAlignedBam/988a0a52-89a4-4590-b810-0197d5b56440/call-SplitRG/shard-0/SplitLargeReadGroup/4fb0aa59-4201-4280-ada9-e038759d61c4/call-SamToFastqAndDragmapAndMba/shard-24/execution/docker_cid
# run as in the original configuration without --rm flag (will remove later)
docker run \
  --cidfile /home/darja/workflow/cromwell-executions1/WholeGenomeGermlineSingleSample/e1bc4c5d-f439-4a4a-8850-28087bc544a9/call-UnmappedBamToAlignedBam/UnmappedBamToAlignedBam/988a0a52-89a4-4590-b810-0197d5b56440/call-SplitRG/shard-0/SplitLargeReadGroup/4fb0aa59-4201-4280-ada9-e038759d61c4/call-SamToFastqAndDragmapAndMba/shard-24/execution/docker_cid \
  -i \
  --user 1027:1028 \
  --cpus="64" \
  --memory="409600m" \
  --entrypoint /bin/bash \
  -v /home/darja/workflow/cromwell-executions1/WholeGenomeGermlineSingleSample/e1bc4c5d-f439-4a4a-8850-28087bc544a9/call-UnmappedBamToAlignedBam/UnmappedBamToAlignedBam/988a0a52-89a4-4590-b810-0197d5b56440/call-SplitRG/shard-0/SplitLargeReadGroup/4fb0aa59-4201-4280-ada9-e038759d61c4/call-SamToFastqAndDragmapAndMba/shard-24:/cromwell-executions1/WholeGenomeGermlineSingleSample/e1bc4c5d-f439-4a4a-8850-28087bc544a9/call-UnmappedBamToAlignedBam/UnmappedBamToAlignedBam/988a0a52-89a4-4590-b810-0197d5b56440/call-SplitRG/shard-0/SplitLargeReadGroup/4fb0aa59-4201-4280-ada9-e038759d61c4/call-SamToFastqAndDragmapAndMba/shard-24 \
  -v /mnt/nas1/projects/lasr/blendseq:/mnt/nas1/projects/lasr/blendseq \
  us.gcr.io/broad-gotc-prod/dragmap@sha256:5964afca3e4173c33b11100f68c1a44642e0ff2ee4de5a49d8cd446fef308b23 /cromwell-executions1/WholeGenomeGermlineSingleSample/e1bc4c5d-f439-4a4a-8850-28087bc544a9/call-UnmappedBamToAlignedBam/UnmappedBamToAlignedBam/988a0a52-89a4-4590-b810-0197d5b56440/call-SplitRG/shard-0/SplitLargeReadGroup/4fb0aa59-4201-4280-ada9-e038759d61c4/call-SamToFastqAndDragmapAndMba/shard-24/execution/script

# get the return code (working even if the container was detached)
rc=$(docker wait [38;5;5mcat /home/darja/workflow/cromwell-executions1/WholeGenomeGermlineSingleSample/e1bc4c5d-f439-4a4a-8850-28087bc544a9/call-UnmappedBamToAlignedBam/UnmappedBamToAlignedBam/988a0a52-89a4-4590-b810-0197d5b56440/call-SplitRG/shard-0/SplitLargeReadGroup/4fb0aa59-4201-4280-ada9-e038759d61c4/call-SamToFastqAndDragmapAndMba/shard-24/execution/docker_cid[0m)

# remove the container after waiting
docker rm [38;5;5mcat /home/darja/workflow/cromwell-executions1/WholeGenomeGermlineSingleSample/e1bc4c5d-f439-4a4a-8850-28087bc544a9/call-UnmappedBamToAlignedBam/UnmappedBamToAlignedBam/988a0a52-89a4-4590-b810-0197d5b56440/call-SplitRG/shard-0/SplitLargeReadGroup/4fb0aa59-4201-4280-ada9-e038759d61c4/call-SamToFastqAndDragmapAndMba/shard-24/execution/docker_cid[0m

# return exit code
exit $rc
[2026-03-27 06:18:26,47] [info] BackgroundConfigAsyncJobExecutionActor [[38;5;2m4fb0aa59[0mSplitLargeReadGroup.SamToFastqAndDragmapAndMba:24:1]: job id: 507809
[2026-03-27 06:18:26,47] [info] BackgroundConfigAsyncJobExecutionActor [[38;5;2m4fb0aa59[0mSplitLargeReadGroup.SamToFastqAndDragmapAndMba:24:1]: Status change from - to WaitingForReturnCode
[2026-03-27 06:49:08,36] [info] BackgroundConfigAsyncJobExecutionActor [[38;5;2m4fb0aa59[0mSplitLargeReadGroup.SamToFastqAndDragmapAndMba:24:1]: Status change from WaitingForReturnCode to Done
[2026-03-27 06:49:11,56] [info] Assigned new job execution tokens to the following groups: e1bc4c5d: 1
[2026-03-27 06:49:11,60] [[38;5;220mwarn[0m] BackgroundConfigAsyncJobExecutionActor [[38;5;2m4fb0aa59[0mSplitLargeReadGroup.SamToFastqAndDragmapAndMba:11:1]: Unrecognized runtime attribute keys: preemptible, disks, cpu, memory
[2026-03-27 06:49:13,76] [info] BackgroundConfigAsyncJobExecutionActor [[38;5;2m4fb0aa59[0mSplitLargeReadGroup.SamToFastqAndDragmapAndMba:11:1]: [38;5;5mset -euxo pipefail

DRAGMAP_VERSION=$(dragen-os --version)

if [ -z ${DRAGMAP_VERSION} ]; then
    exit 1;
fi

mkdir dragen_reference
mv /cromwell-executions1/WholeGenomeGermlineSingleSample/e1bc4c5d-f439-4a4a-8850-28087bc544a9/call-UnmappedBamToAlignedBam/UnmappedBamToAlignedBam/988a0a52-89a4-4590-b810-0197d5b56440/call-SplitRG/shard-0/SplitLargeReadGroup/4fb0aa59-4201-4280-ada9-e038759d61c4/call-SamToFastqAndDragmapAndMba/shard-11/inputs/-1290198700/reference.bin /cromwell-executions1/WholeGenomeGermlineSingleSample/e1bc4c5d-f439-4a4a-8850-28087bc544a9/call-UnmappedBamToAlignedBam/UnmappedBamToAlignedBam/988a0a52-89a4-4590-b810-0197d5b56440/call-SplitRG/shard-0/SplitLargeReadGroup/4fb0aa59-4201-4280-ada9-e038759d61c4/call-SamToFastqAndDragmapAndMba/shard-11/inputs/-1290198700/hash_table.cfg.bin /cromwell-executions1/WholeGenomeGermlineSingleSample/e1bc4c5d-f439-4a4a-8850-28087bc544a9/call-UnmappedBamToAlignedBam/UnmappedBamToAlignedBam/988a0a52-89a4-4590-b810-0197d5b56440/call-SplitRG/shard-0/SplitLargeReadGroup/4fb0aa59-4201-4280-ada9-e038759d61c4/call-SamToFastqAndDragmapAndMba/shard-11/inputs/-1290198700/hash_table.cmp dragen_reference

dragen-os -b /cromwell-executions1/WholeGenomeGermlineSingleSample/e1bc4c5d-f439-4a4a-8850-28087bc544a9/call-UnmappedBamToAlignedBam/UnmappedBamToAlignedBam/988a0a52-89a4-4590-b810-0197d5b56440/call-SplitRG/shard-0/SplitLargeReadGroup/4fb0aa59-4201-4280-ada9-e038759d61c4/call-SamToFastqAndDragmapAndMba/shard-11/inputs/358000914/shard_0012.bam -r dragen_reference --interleaved=1 --preserve-map-align-order true 2> >(tee shard_0012.dragmap.stderr.log >&2) | samtools view -h -O BAM - > aligned.bam
java -Dsamjdk.compression_level=2 -Xms300g -Xmx300g -jar /picard/picard.jar \
  MergeBamAlignment \
  VALIDATION_STRINGENCY=SILENT \
  EXPECTED_ORIENTATIONS=FR \
  ATTRIBUTES_TO_RETAIN=X0 \
  ATTRIBUTES_TO_REMOVE=RG \
  ATTRIBUTES_TO_REMOVE=NM \
  ATTRIBUTES_TO_REMOVE=MD \
  ALIGNED_BAM=aligned.bam \
  UNMAPPED_BAM=/cromwell-executions1/WholeGenomeGermlineSingleSample/e1bc4c5d-f439-4a4a-8850-28087bc544a9/call-UnmappedBamToAlignedBam/UnmappedBamToAlignedBam/988a0a52-89a4-4590-b810-0197d5b56440/call-SplitRG/shard-0/SplitLargeReadGroup/4fb0aa59-4201-4280-ada9-e038759d61c4/call-SamToFastqAndDragmapAndMba/shard-11/inputs/358000914/shard_0012.bam \
  OUTPUT=shard_0012.bam \
  REFERENCE_SEQUENCE=/cromwell-executions1/WholeGenomeGermlineSingleSample/e1bc4c5d-f439-4a4a-8850-28087bc544a9/call-UnmappedBamToAlignedBam/UnmappedBamToAlignedBam/988a0a52-89a4-4590-b810-0197d5b56440/call-SplitRG/shard-0/SplitLargeReadGroup/4fb0aa59-4201-4280-ada9-e038759d61c4/call-SamToFastqAndDragmapAndMba/shard-11/inputs/-1569105944/Homo_sapiens_assembly38_masked.fasta \
  PAIRED_RUN=true \
  SORT_ORDER="unsorted" \
  IS_BISULFITE_SEQUENCE=false \
  ALIGNED_READS_ONLY=false \
  CLIP_ADAPTERS=false \
   \
   \
  MAX_RECORDS_IN_RAM=2000000 \
  ADD_MATE_CIGAR=true \
  MAX_INSERTIONS_OR_DELETIONS=-1 \
  PRIMARY_ALIGNMENT_STRATEGY=MostDistant \
  PROGRAM_RECORD_ID="dragen-os" \
  PROGRAM_GROUP_VERSION="${DRAGMAP_VERSION}" \
  PROGRAM_GROUP_COMMAND_LINE="dragen-os -b /cromwell-executions1/WholeGenomeGermlineSingleSample/e1bc4c5d-f439-4a4a-8850-28087bc544a9/call-UnmappedBamToAlignedBam/UnmappedBamToAlignedBam/988a0a52-89a4-4590-b810-0197d5b56440/call-SplitRG/shard-0/SplitLargeReadGroup/4fb0aa59-4201-4280-ada9-e038759d61c4/call-SamToFastqAndDragmapAndMba/shard-11/inputs/358000914/shard_0012.bam -r dragen_reference --interleaved=1" \
  PROGRAM_GROUP_NAME="dragen-os" \
  UNMAPPED_READ_STRATEGY=COPY_TO_TAG \
  ALIGNER_PROPER_PAIR_FLAGS=true \
  UNMAP_CONTAMINANT_READS=true \
  ADD_PG_TAG_TO_READS=false[0m
[2026-03-27 06:49:13,76] [info] BackgroundConfigAsyncJobExecutionActor [[38;5;2m4fb0aa59[0mSplitLargeReadGroup.SamToFastqAndDragmapAndMba:11:1]: executing: # make sure there is no preexisting Docker CID file
rm -f /home/darja/workflow/cromwell-executions1/WholeGenomeGermlineSingleSample/e1bc4c5d-f439-4a4a-8850-28087bc544a9/call-UnmappedBamToAlignedBam/UnmappedBamToAlignedBam/988a0a52-89a4-4590-b810-0197d5b56440/call-SplitRG/shard-0/SplitLargeReadGroup/4fb0aa59-4201-4280-ada9-e038759d61c4/call-SamToFastqAndDragmapAndMba/shard-11/execution/docker_cid
# run as in the original configuration without --rm flag (will remove later)
docker run \
  --cidfile /home/darja/workflow/cromwell-executions1/WholeGenomeGermlineSingleSample/e1bc4c5d-f439-4a4a-8850-28087bc544a9/call-UnmappedBamToAlignedBam/UnmappedBamToAlignedBam/988a0a52-89a4-4590-b810-0197d5b56440/call-SplitRG/shard-0/SplitLargeReadGroup/4fb0aa59-4201-4280-ada9-e038759d61c4/call-SamToFastqAndDragmapAndMba/shard-11/execution/docker_cid \
  -i \
  --user 1027:1028 \
  --cpus="64" \
  --memory="409600m" \
  --entrypoint /bin/bash \
  -v /home/darja/workflow/cromwell-executions1/WholeGenomeGermlineSingleSample/e1bc4c5d-f439-4a4a-8850-28087bc544a9/call-UnmappedBamToAlignedBam/UnmappedBamToAlignedBam/988a0a52-89a4-4590-b810-0197d5b56440/call-SplitRG/shard-0/SplitLargeReadGroup/4fb0aa59-4201-4280-ada9-e038759d61c4/call-SamToFastqAndDragmapAndMba/shard-11:/cromwell-executions1/WholeGenomeGermlineSingleSample/e1bc4c5d-f439-4a4a-8850-28087bc544a9/call-UnmappedBamToAlignedBam/UnmappedBamToAlignedBam/988a0a52-89a4-4590-b810-0197d5b56440/call-SplitRG/shard-0/SplitLargeReadGroup/4fb0aa59-4201-4280-ada9-e038759d61c4/call-SamToFastqAndDragmapAndMba/shard-11 \
  -v /mnt/nas1/projects/lasr/blendseq:/mnt/nas1/projects/lasr/blendseq \
  us.gcr.io/broad-gotc-prod/dragmap@sha256:5964afca3e4173c33b11100f68c1a44642e0ff2ee4de5a49d8cd446fef308b23 /cromwell-executions1/WholeGenomeGermlineSingleSample/e1bc4c5d-f439-4a4a-8850-28087bc544a9/call-UnmappedBamToAlignedBam/UnmappedBamToAlignedBam/988a0a52-89a4-4590-b810-0197d5b56440/call-SplitRG/shard-0/SplitLargeReadGroup/4fb0aa59-4201-4280-ada9-e038759d61c4/call-SamToFastqAndDragmapAndMba/shard-11/execution/script

# get the return code (working even if the container was detached)
rc=$(docker wait [38;5;5mcat /home/darja/workflow/cromwell-executions1/WholeGenomeGermlineSingleSample/e1bc4c5d-f439-4a4a-8850-28087bc544a9/call-UnmappedBamToAlignedBam/UnmappedBamToAlignedBam/988a0a52-89a4-4590-b810-0197d5b56440/call-SplitRG/shard-0/SplitLargeReadGroup/4fb0aa59-4201-4280-ada9-e038759d61c4/call-SamToFastqAndDragmapAndMba/shard-11/execution/docker_cid[0m)

# remove the container after waiting
docker rm [38;5;5mcat /home/darja/workflow/cromwell-executions1/WholeGenomeGermlineSingleSample/e1bc4c5d-f439-4a4a-8850-28087bc544a9/call-UnmappedBamToAlignedBam/UnmappedBamToAlignedBam/988a0a52-89a4-4590-b810-0197d5b56440/call-SplitRG/shard-0/SplitLargeReadGroup/4fb0aa59-4201-4280-ada9-e038759d61c4/call-SamToFastqAndDragmapAndMba/shard-11/execution/docker_cid[0m

# return exit code
exit $rc
[2026-03-27 06:49:16,47] [info] BackgroundConfigAsyncJobExecutionActor [[38;5;2m4fb0aa59[0mSplitLargeReadGroup.SamToFastqAndDragmapAndMba:11:1]: job id: 508957
[2026-03-27 06:49:16,47] [info] BackgroundConfigAsyncJobExecutionActor [[38;5;2m4fb0aa59[0mSplitLargeReadGroup.SamToFastqAndDragmapAndMba:11:1]: Status change from - to WaitingForReturnCode
[2026-03-27 07:23:35,54] [info] BackgroundConfigAsyncJobExecutionActor [[38;5;2m4fb0aa59[0mSplitLargeReadGroup.SamToFastqAndDragmapAndMba:11:1]: Status change from WaitingForReturnCode to Done
[2026-03-27 07:23:41,56] [info] Assigned new job execution tokens to the following groups: e1bc4c5d: 1
[2026-03-27 07:23:41,60] [[38;5;220mwarn[0m] BackgroundConfigAsyncJobExecutionActor [[38;5;2m4fb0aa59[0mSplitLargeReadGroup.SamToFastqAndDragmapAndMba:9:1]: Unrecognized runtime attribute keys: preemptible, disks, cpu, memory
[2026-03-27 07:23:43,67] [info] BackgroundConfigAsyncJobExecutionActor [[38;5;2m4fb0aa59[0mSplitLargeReadGroup.SamToFastqAndDragmapAndMba:9:1]: [38;5;5mset -euxo pipefail

DRAGMAP_VERSION=$(dragen-os --version)

if [ -z ${DRAGMAP_VERSION} ]; then
    exit 1;
fi

mkdir dragen_reference
mv /cromwell-executions1/WholeGenomeGermlineSingleSample/e1bc4c5d-f439-4a4a-8850-28087bc544a9/call-UnmappedBamToAlignedBam/UnmappedBamToAlignedBam/988a0a52-89a4-4590-b810-0197d5b56440/call-SplitRG/shard-0/SplitLargeReadGroup/4fb0aa59-4201-4280-ada9-e038759d61c4/call-SamToFastqAndDragmapAndMba/shard-9/inputs/-1290198700/reference.bin /cromwell-executions1/WholeGenomeGermlineSingleSample/e1bc4c5d-f439-4a4a-8850-28087bc544a9/call-UnmappedBamToAlignedBam/UnmappedBamToAlignedBam/988a0a52-89a4-4590-b810-0197d5b56440/call-SplitRG/shard-0/SplitLargeReadGroup/4fb0aa59-4201-4280-ada9-e038759d61c4/call-SamToFastqAndDragmapAndMba/shard-9/inputs/-1290198700/hash_table.cfg.bin /cromwell-executions1/WholeGenomeGermlineSingleSample/e1bc4c5d-f439-4a4a-8850-28087bc544a9/call-UnmappedBamToAlignedBam/UnmappedBamToAlignedBam/988a0a52-89a4-4590-b810-0197d5b56440/call-SplitRG/shard-0/SplitLargeReadGroup/4fb0aa59-4201-4280-ada9-e038759d61c4/call-SamToFastqAndDragmapAndMba/shard-9/inputs/-1290198700/hash_table.cmp dragen_reference

dragen-os -b /cromwell-executions1/WholeGenomeGermlineSingleSample/e1bc4c5d-f439-4a4a-8850-28087bc544a9/call-UnmappedBamToAlignedBam/UnmappedBamToAlignedBam/988a0a52-89a4-4590-b810-0197d5b56440/call-SplitRG/shard-0/SplitLargeReadGroup/4fb0aa59-4201-4280-ada9-e038759d61c4/call-SamToFastqAndDragmapAndMba/shard-9/inputs/358000914/shard_0010.bam -r dragen_reference --interleaved=1 --preserve-map-align-order true 2> >(tee shard_0010.dragmap.stderr.log >&2) | samtools view -h -O BAM - > aligned.bam
java -Dsamjdk.compression_level=2 -Xms300g -Xmx300g -jar /picard/picard.jar \
  MergeBamAlignment \
  VALIDATION_STRINGENCY=SILENT \
  EXPECTED_ORIENTATIONS=FR \
  ATTRIBUTES_TO_RETAIN=X0 \
  ATTRIBUTES_TO_REMOVE=RG \
  ATTRIBUTES_TO_REMOVE=NM \
  ATTRIBUTES_TO_REMOVE=MD \
  ALIGNED_BAM=aligned.bam \
  UNMAPPED_BAM=/cromwell-executions1/WholeGenomeGermlineSingleSample/e1bc4c5d-f439-4a4a-8850-28087bc544a9/call-UnmappedBamToAlignedBam/UnmappedBamToAlignedBam/988a0a52-89a4-4590-b810-0197d5b56440/call-SplitRG/shard-0/SplitLargeReadGroup/4fb0aa59-4201-4280-ada9-e038759d61c4/call-SamToFastqAndDragmapAndMba/shard-9/inputs/358000914/shard_0010.bam \
  OUTPUT=shard_0010.bam \
  REFERENCE_SEQUENCE=/cromwell-executions1/WholeGenomeGermlineSingleSample/e1bc4c5d-f439-4a4a-8850-28087bc544a9/call-UnmappedBamToAlignedBam/UnmappedBamToAlignedBam/988a0a52-89a4-4590-b810-0197d5b56440/call-SplitRG/shard-0/SplitLargeReadGroup/4fb0aa59-4201-4280-ada9-e038759d61c4/call-SamToFastqAndDragmapAndMba/shard-9/inputs/-1569105944/Homo_sapiens_assembly38_masked.fasta \
  PAIRED_RUN=true \
  SORT_ORDER="unsorted" \
  IS_BISULFITE_SEQUENCE=false \
  ALIGNED_READS_ONLY=false \
  CLIP_ADAPTERS=false \
   \
   \
  MAX_RECORDS_IN_RAM=2000000 \
  ADD_MATE_CIGAR=true \
  MAX_INSERTIONS_OR_DELETIONS=-1 \
  PRIMARY_ALIGNMENT_STRATEGY=MostDistant \
  PROGRAM_RECORD_ID="dragen-os" \
  PROGRAM_GROUP_VERSION="${DRAGMAP_VERSION}" \
  PROGRAM_GROUP_COMMAND_LINE="dragen-os -b /cromwell-executions1/WholeGenomeGermlineSingleSample/e1bc4c5d-f439-4a4a-8850-28087bc544a9/call-UnmappedBamToAlignedBam/UnmappedBamToAlignedBam/988a0a52-89a4-4590-b810-0197d5b56440/call-SplitRG/shard-0/SplitLargeReadGroup/4fb0aa59-4201-4280-ada9-e038759d61c4/call-SamToFastqAndDragmapAndMba/shard-9/inputs/358000914/shard_0010.bam -r dragen_reference --interleaved=1" \
  PROGRAM_GROUP_NAME="dragen-os" \
  UNMAPPED_READ_STRATEGY=COPY_TO_TAG \
  ALIGNER_PROPER_PAIR_FLAGS=true \
  UNMAP_CONTAMINANT_READS=true \
  ADD_PG_TAG_TO_READS=false[0m
[2026-03-27 07:23:43,67] [info] BackgroundConfigAsyncJobExecutionActor [[38;5;2m4fb0aa59[0mSplitLargeReadGroup.SamToFastqAndDragmapAndMba:9:1]: executing: # make sure there is no preexisting Docker CID file
rm -f /home/darja/workflow/cromwell-executions1/WholeGenomeGermlineSingleSample/e1bc4c5d-f439-4a4a-8850-28087bc544a9/call-UnmappedBamToAlignedBam/UnmappedBamToAlignedBam/988a0a52-89a4-4590-b810-0197d5b56440/call-SplitRG/shard-0/SplitLargeReadGroup/4fb0aa59-4201-4280-ada9-e038759d61c4/call-SamToFastqAndDragmapAndMba/shard-9/execution/docker_cid
# run as in the original configuration without --rm flag (will remove later)
docker run \
  --cidfile /home/darja/workflow/cromwell-executions1/WholeGenomeGermlineSingleSample/e1bc4c5d-f439-4a4a-8850-28087bc544a9/call-UnmappedBamToAlignedBam/UnmappedBamToAlignedBam/988a0a52-89a4-4590-b810-0197d5b56440/call-SplitRG/shard-0/SplitLargeReadGroup/4fb0aa59-4201-4280-ada9-e038759d61c4/call-SamToFastqAndDragmapAndMba/shard-9/execution/docker_cid \
  -i \
  --user 1027:1028 \
  --cpus="64" \
  --memory="409600m" \
  --entrypoint /bin/bash \
  -v /home/darja/workflow/cromwell-executions1/WholeGenomeGermlineSingleSample/e1bc4c5d-f439-4a4a-8850-28087bc544a9/call-UnmappedBamToAlignedBam/UnmappedBamToAlignedBam/988a0a52-89a4-4590-b810-0197d5b56440/call-SplitRG/shard-0/SplitLargeReadGroup/4fb0aa59-4201-4280-ada9-e038759d61c4/call-SamToFastqAndDragmapAndMba/shard-9:/cromwell-executions1/WholeGenomeGermlineSingleSample/e1bc4c5d-f439-4a4a-8850-28087bc544a9/call-UnmappedBamToAlignedBam/UnmappedBamToAlignedBam/988a0a52-89a4-4590-b810-0197d5b56440/call-SplitRG/shard-0/SplitLargeReadGroup/4fb0aa59-4201-4280-ada9-e038759d61c4/call-SamToFastqAndDragmapAndMba/shard-9 \
  -v /mnt/nas1/projects/lasr/blendseq:/mnt/nas1/projects/lasr/blendseq \
  us.gcr.io/broad-gotc-prod/dragmap@sha256:5964afca3e4173c33b11100f68c1a44642e0ff2ee4de5a49d8cd446fef308b23 /cromwell-executions1/WholeGenomeGermlineSingleSample/e1bc4c5d-f439-4a4a-8850-28087bc544a9/call-UnmappedBamToAlignedBam/UnmappedBamToAlignedBam/988a0a52-89a4-4590-b810-0197d5b56440/call-SplitRG/shard-0/SplitLargeReadGroup/4fb0aa59-4201-4280-ada9-e038759d61c4/call-SamToFastqAndDragmapAndMba/shard-9/execution/script

# get the return code (working even if the container was detached)
rc=$(docker wait [38;5;5mcat /home/darja/workflow/cromwell-executions1/WholeGenomeGermlineSingleSample/e1bc4c5d-f439-4a4a-8850-28087bc544a9/call-UnmappedBamToAlignedBam/UnmappedBamToAlignedBam/988a0a52-89a4-4590-b810-0197d5b56440/call-SplitRG/shard-0/SplitLargeReadGroup/4fb0aa59-4201-4280-ada9-e038759d61c4/call-SamToFastqAndDragmapAndMba/shard-9/execution/docker_cid[0m)

# remove the container after waiting
docker rm [38;5;5mcat /home/darja/workflow/cromwell-executions1/WholeGenomeGermlineSingleSample/e1bc4c5d-f439-4a4a-8850-28087bc544a9/call-UnmappedBamToAlignedBam/UnmappedBamToAlignedBam/988a0a52-89a4-4590-b810-0197d5b56440/call-SplitRG/shard-0/SplitLargeReadGroup/4fb0aa59-4201-4280-ada9-e038759d61c4/call-SamToFastqAndDragmapAndMba/shard-9/execution/docker_cid[0m

# return exit code
exit $rc
[2026-03-27 07:23:46,47] [info] BackgroundConfigAsyncJobExecutionActor [[38;5;2m4fb0aa59[0mSplitLargeReadGroup.SamToFastqAndDragmapAndMba:9:1]: job id: 509971
[2026-03-27 07:23:46,47] [info] BackgroundConfigAsyncJobExecutionActor [[38;5;2m4fb0aa59[0mSplitLargeReadGroup.SamToFastqAndDragmapAndMba:9:1]: Status change from - to WaitingForReturnCode
[2026-03-27 07:57:08,12] [info] BackgroundConfigAsyncJobExecutionActor [[38;5;2m4fb0aa59[0mSplitLargeReadGroup.SamToFastqAndDragmapAndMba:9:1]: Status change from WaitingForReturnCode to Done
[2026-03-27 07:57:11,56] [info] Assigned new job execution tokens to the following groups: e1bc4c5d: 1
[2026-03-27 07:57:11,60] [[38;5;220mwarn[0m] BackgroundConfigAsyncJobExecutionActor [[38;5;2m4fb0aa59[0mSplitLargeReadGroup.SamToFastqAndDragmapAndMba:13:1]: Unrecognized runtime attribute keys: preemptible, disks, cpu, memory
[2026-03-27 07:57:13,83] [info] BackgroundConfigAsyncJobExecutionActor [[38;5;2m4fb0aa59[0mSplitLargeReadGroup.SamToFastqAndDragmapAndMba:13:1]: [38;5;5mset -euxo pipefail

DRAGMAP_VERSION=$(dragen-os --version)

if [ -z ${DRAGMAP_VERSION} ]; then
    exit 1;
fi

mkdir dragen_reference
mv /cromwell-executions1/WholeGenomeGermlineSingleSample/e1bc4c5d-f439-4a4a-8850-28087bc544a9/call-UnmappedBamToAlignedBam/UnmappedBamToAlignedBam/988a0a52-89a4-4590-b810-0197d5b56440/call-SplitRG/shard-0/SplitLargeReadGroup/4fb0aa59-4201-4280-ada9-e038759d61c4/call-SamToFastqAndDragmapAndMba/shard-13/inputs/-1290198700/reference.bin /cromwell-executions1/WholeGenomeGermlineSingleSample/e1bc4c5d-f439-4a4a-8850-28087bc544a9/call-UnmappedBamToAlignedBam/UnmappedBamToAlignedBam/988a0a52-89a4-4590-b810-0197d5b56440/call-SplitRG/shard-0/SplitLargeReadGroup/4fb0aa59-4201-4280-ada9-e038759d61c4/call-SamToFastqAndDragmapAndMba/shard-13/inputs/-1290198700/hash_table.cfg.bin /cromwell-executions1/WholeGenomeGermlineSingleSample/e1bc4c5d-f439-4a4a-8850-28087bc544a9/call-UnmappedBamToAlignedBam/UnmappedBamToAlignedBam/988a0a52-89a4-4590-b810-0197d5b56440/call-SplitRG/shard-0/SplitLargeReadGroup/4fb0aa59-4201-4280-ada9-e038759d61c4/call-SamToFastqAndDragmapAndMba/shard-13/inputs/-1290198700/hash_table.cmp dragen_reference

dragen-os -b /cromwell-executions1/WholeGenomeGermlineSingleSample/e1bc4c5d-f439-4a4a-8850-28087bc544a9/call-UnmappedBamToAlignedBam/UnmappedBamToAlignedBam/988a0a52-89a4-4590-b810-0197d5b56440/call-SplitRG/shard-0/SplitLargeReadGroup/4fb0aa59-4201-4280-ada9-e038759d61c4/call-SamToFastqAndDragmapAndMba/shard-13/inputs/358000914/shard_0014.bam -r dragen_reference --interleaved=1 --preserve-map-align-order true 2> >(tee shard_0014.dragmap.stderr.log >&2) | samtools view -h -O BAM - > aligned.bam
java -Dsamjdk.compression_level=2 -Xms300g -Xmx300g -jar /picard/picard.jar \
  MergeBamAlignment \
  VALIDATION_STRINGENCY=SILENT \
  EXPECTED_ORIENTATIONS=FR \
  ATTRIBUTES_TO_RETAIN=X0 \
  ATTRIBUTES_TO_REMOVE=RG \
  ATTRIBUTES_TO_REMOVE=NM \
  ATTRIBUTES_TO_REMOVE=MD \
  ALIGNED_BAM=aligned.bam \
  UNMAPPED_BAM=/cromwell-executions1/WholeGenomeGermlineSingleSample/e1bc4c5d-f439-4a4a-8850-28087bc544a9/call-UnmappedBamToAlignedBam/UnmappedBamToAlignedBam/988a0a52-89a4-4590-b810-0197d5b56440/call-SplitRG/shard-0/SplitLargeReadGroup/4fb0aa59-4201-4280-ada9-e038759d61c4/call-SamToFastqAndDragmapAndMba/shard-13/inputs/358000914/shard_0014.bam \
  OUTPUT=shard_0014.bam \
  REFERENCE_SEQUENCE=/cromwell-executions1/WholeGenomeGermlineSingleSample/e1bc4c5d-f439-4a4a-8850-28087bc544a9/call-UnmappedBamToAlignedBam/UnmappedBamToAlignedBam/988a0a52-89a4-4590-b810-0197d5b56440/call-SplitRG/shard-0/SplitLargeReadGroup/4fb0aa59-4201-4280-ada9-e038759d61c4/call-SamToFastqAndDragmapAndMba/shard-13/inputs/-1569105944/Homo_sapiens_assembly38_masked.fasta \
  PAIRED_RUN=true \
  SORT_ORDER="unsorted" \
  IS_BISULFITE_SEQUENCE=false \
  ALIGNED_READS_ONLY=false \
  CLIP_ADAPTERS=false \
   \
   \
  MAX_RECORDS_IN_RAM=2000000 \
  ADD_MATE_CIGAR=true \
  MAX_INSERTIONS_OR_DELETIONS=-1 \
  PRIMARY_ALIGNMENT_STRATEGY=MostDistant \
  PROGRAM_RECORD_ID="dragen-os" \
  PROGRAM_GROUP_VERSION="${DRAGMAP_VERSION}" \
  PROGRAM_GROUP_COMMAND_LINE="dragen-os -b /cromwell-executions1/WholeGenomeGermlineSingleSample/e1bc4c5d-f439-4a4a-8850-28087bc544a9/call-UnmappedBamToAlignedBam/UnmappedBamToAlignedBam/988a0a52-89a4-4590-b810-0197d5b56440/call-SplitRG/shard-0/SplitLargeReadGroup/4fb0aa59-4201-4280-ada9-e038759d61c4/call-SamToFastqAndDragmapAndMba/shard-13/inputs/358000914/shard_0014.bam -r dragen_reference --interleaved=1" \
  PROGRAM_GROUP_NAME="dragen-os" \
  UNMAPPED_READ_STRATEGY=COPY_TO_TAG \
  ALIGNER_PROPER_PAIR_FLAGS=true \
  UNMAP_CONTAMINANT_READS=true \
  ADD_PG_TAG_TO_READS=false[0m
[2026-03-27 07:57:13,83] [info] BackgroundConfigAsyncJobExecutionActor [[38;5;2m4fb0aa59[0mSplitLargeReadGroup.SamToFastqAndDragmapAndMba:13:1]: executing: # make sure there is no preexisting Docker CID file
rm -f /home/darja/workflow/cromwell-executions1/WholeGenomeGermlineSingleSample/e1bc4c5d-f439-4a4a-8850-28087bc544a9/call-UnmappedBamToAlignedBam/UnmappedBamToAlignedBam/988a0a52-89a4-4590-b810-0197d5b56440/call-SplitRG/shard-0/SplitLargeReadGroup/4fb0aa59-4201-4280-ada9-e038759d61c4/call-SamToFastqAndDragmapAndMba/shard-13/execution/docker_cid
# run as in the original configuration without --rm flag (will remove later)
docker run \
  --cidfile /home/darja/workflow/cromwell-executions1/WholeGenomeGermlineSingleSample/e1bc4c5d-f439-4a4a-8850-28087bc544a9/call-UnmappedBamToAlignedBam/UnmappedBamToAlignedBam/988a0a52-89a4-4590-b810-0197d5b56440/call-SplitRG/shard-0/SplitLargeReadGroup/4fb0aa59-4201-4280-ada9-e038759d61c4/call-SamToFastqAndDragmapAndMba/shard-13/execution/docker_cid \
  -i \
  --user 1027:1028 \
  --cpus="64" \
  --memory="409600m" \
  --entrypoint /bin/bash \
  -v /home/darja/workflow/cromwell-executions1/WholeGenomeGermlineSingleSample/e1bc4c5d-f439-4a4a-8850-28087bc544a9/call-UnmappedBamToAlignedBam/UnmappedBamToAlignedBam/988a0a52-89a4-4590-b810-0197d5b56440/call-SplitRG/shard-0/SplitLargeReadGroup/4fb0aa59-4201-4280-ada9-e038759d61c4/call-SamToFastqAndDragmapAndMba/shard-13:/cromwell-executions1/WholeGenomeGermlineSingleSample/e1bc4c5d-f439-4a4a-8850-28087bc544a9/call-UnmappedBamToAlignedBam/UnmappedBamToAlignedBam/988a0a52-89a4-4590-b810-0197d5b56440/call-SplitRG/shard-0/SplitLargeReadGroup/4fb0aa59-4201-4280-ada9-e038759d61c4/call-SamToFastqAndDragmapAndMba/shard-13 \
  -v /mnt/nas1/projects/lasr/blendseq:/mnt/nas1/projects/lasr/blendseq \
  us.gcr.io/broad-gotc-prod/dragmap@sha256:5964afca3e4173c33b11100f68c1a44642e0ff2ee4de5a49d8cd446fef308b23 /cromwell-executions1/WholeGenomeGermlineSingleSample/e1bc4c5d-f439-4a4a-8850-28087bc544a9/call-UnmappedBamToAlignedBam/UnmappedBamToAlignedBam/988a0a52-89a4-4590-b810-0197d5b56440/call-SplitRG/shard-0/SplitLargeReadGroup/4fb0aa59-4201-4280-ada9-e038759d61c4/call-SamToFastqAndDragmapAndMba/shard-13/execution/script

# get the return code (working even if the container was detached)
rc=$(docker wait [38;5;5mcat /home/darja/workflow/cromwell-executions1/WholeGenomeGermlineSingleSample/e1bc4c5d-f439-4a4a-8850-28087bc544a9/call-UnmappedBamToAlignedBam/UnmappedBamToAlignedBam/988a0a52-89a4-4590-b810-0197d5b56440/call-SplitRG/shard-0/SplitLargeReadGroup/4fb0aa59-4201-4280-ada9-e038759d61c4/call-SamToFastqAndDragmapAndMba/shard-13/execution/docker_cid[0m)

# remove the container after waiting
docker rm [38;5;5mcat /home/darja/workflow/cromwell-executions1/WholeGenomeGermlineSingleSample/e1bc4c5d-f439-4a4a-8850-28087bc544a9/call-UnmappedBamToAlignedBam/UnmappedBamToAlignedBam/988a0a52-89a4-4590-b810-0197d5b56440/call-SplitRG/shard-0/SplitLargeReadGroup/4fb0aa59-4201-4280-ada9-e038759d61c4/call-SamToFastqAndDragmapAndMba/shard-13/execution/docker_cid[0m

# return exit code
exit $rc
[2026-03-27 07:57:16,47] [info] BackgroundConfigAsyncJobExecutionActor [[38;5;2m4fb0aa59[0mSplitLargeReadGroup.SamToFastqAndDragmapAndMba:13:1]: job id: 510965
[2026-03-27 07:57:16,47] [info] BackgroundConfigAsyncJobExecutionActor [[38;5;2m4fb0aa59[0mSplitLargeReadGroup.SamToFastqAndDragmapAndMba:13:1]: Status change from - to WaitingForReturnCode
[2026-03-27 08:29:56,34] [info] BackgroundConfigAsyncJobExecutionActor [[38;5;2m4fb0aa59[0mSplitLargeReadGroup.SamToFastqAndDragmapAndMba:13:1]: Status change from WaitingForReturnCode to Done
[2026-03-27 08:30:01,56] [info] Assigned new job execution tokens to the following groups: e1bc4c5d: 1
[2026-03-27 08:30:01,60] [[38;5;220mwarn[0m] BackgroundConfigAsyncJobExecutionActor [[38;5;2m4fb0aa59[0mSplitLargeReadGroup.SamToFastqAndDragmapAndMba:5:1]: Unrecognized runtime attribute keys: preemptible, disks, cpu, memory
[2026-03-27 08:30:04,29] [info] BackgroundConfigAsyncJobExecutionActor [[38;5;2m4fb0aa59[0mSplitLargeReadGroup.SamToFastqAndDragmapAndMba:5:1]: [38;5;5mset -euxo pipefail

DRAGMAP_VERSION=$(dragen-os --version)

if [ -z ${DRAGMAP_VERSION} ]; then
    exit 1;
fi

mkdir dragen_reference
mv /cromwell-executions1/WholeGenomeGermlineSingleSample/e1bc4c5d-f439-4a4a-8850-28087bc544a9/call-UnmappedBamToAlignedBam/UnmappedBamToAlignedBam/988a0a52-89a4-4590-b810-0197d5b56440/call-SplitRG/shard-0/SplitLargeReadGroup/4fb0aa59-4201-4280-ada9-e038759d61c4/call-SamToFastqAndDragmapAndMba/shard-5/inputs/-1290198700/reference.bin /cromwell-executions1/WholeGenomeGermlineSingleSample/e1bc4c5d-f439-4a4a-8850-28087bc544a9/call-UnmappedBamToAlignedBam/UnmappedBamToAlignedBam/988a0a52-89a4-4590-b810-0197d5b56440/call-SplitRG/shard-0/SplitLargeReadGroup/4fb0aa59-4201-4280-ada9-e038759d61c4/call-SamToFastqAndDragmapAndMba/shard-5/inputs/-1290198700/hash_table.cfg.bin /cromwell-executions1/WholeGenomeGermlineSingleSample/e1bc4c5d-f439-4a4a-8850-28087bc544a9/call-UnmappedBamToAlignedBam/UnmappedBamToAlignedBam/988a0a52-89a4-4590-b810-0197d5b56440/call-SplitRG/shard-0/SplitLargeReadGroup/4fb0aa59-4201-4280-ada9-e038759d61c4/call-SamToFastqAndDragmapAndMba/shard-5/inputs/-1290198700/hash_table.cmp dragen_reference

dragen-os -b /cromwell-executions1/WholeGenomeGermlineSingleSample/e1bc4c5d-f439-4a4a-8850-28087bc544a9/call-UnmappedBamToAlignedBam/UnmappedBamToAlignedBam/988a0a52-89a4-4590-b810-0197d5b56440/call-SplitRG/shard-0/SplitLargeReadGroup/4fb0aa59-4201-4280-ada9-e038759d61c4/call-SamToFastqAndDragmapAndMba/shard-5/inputs/358000914/shard_0006.bam -r dragen_reference --interleaved=1 --preserve-map-align-order true 2> >(tee shard_0006.dragmap.stderr.log >&2) | samtools view -h -O BAM - > aligned.bam
java -Dsamjdk.compression_level=2 -Xms300g -Xmx300g -jar /picard/picard.jar \
  MergeBamAlignment \
  VALIDATION_STRINGENCY=SILENT \
  EXPECTED_ORIENTATIONS=FR \
  ATTRIBUTES_TO_RETAIN=X0 \
  ATTRIBUTES_TO_REMOVE=RG \
  ATTRIBUTES_TO_REMOVE=NM \
  ATTRIBUTES_TO_REMOVE=MD \
  ALIGNED_BAM=aligned.bam \
  UNMAPPED_BAM=/cromwell-executions1/WholeGenomeGermlineSingleSample/e1bc4c5d-f439-4a4a-8850-28087bc544a9/call-UnmappedBamToAlignedBam/UnmappedBamToAlignedBam/988a0a52-89a4-4590-b810-0197d5b56440/call-SplitRG/shard-0/SplitLargeReadGroup/4fb0aa59-4201-4280-ada9-e038759d61c4/call-SamToFastqAndDragmapAndMba/shard-5/inputs/358000914/shard_0006.bam \
  OUTPUT=shard_0006.bam \
  REFERENCE_SEQUENCE=/cromwell-executions1/WholeGenomeGermlineSingleSample/e1bc4c5d-f439-4a4a-8850-28087bc544a9/call-UnmappedBamToAlignedBam/UnmappedBamToAlignedBam/988a0a52-89a4-4590-b810-0197d5b56440/call-SplitRG/shard-0/SplitLargeReadGroup/4fb0aa59-4201-4280-ada9-e038759d61c4/call-SamToFastqAndDragmapAndMba/shard-5/inputs/-1569105944/Homo_sapiens_assembly38_masked.fasta \
  PAIRED_RUN=true \
  SORT_ORDER="unsorted" \
  IS_BISULFITE_SEQUENCE=false \
  ALIGNED_READS_ONLY=false \
  CLIP_ADAPTERS=false \
   \
   \
  MAX_RECORDS_IN_RAM=2000000 \
  ADD_MATE_CIGAR=true \
  MAX_INSERTIONS_OR_DELETIONS=-1 \
  PRIMARY_ALIGNMENT_STRATEGY=MostDistant \
  PROGRAM_RECORD_ID="dragen-os" \
  PROGRAM_GROUP_VERSION="${DRAGMAP_VERSION}" \
  PROGRAM_GROUP_COMMAND_LINE="dragen-os -b /cromwell-executions1/WholeGenomeGermlineSingleSample/e1bc4c5d-f439-4a4a-8850-28087bc544a9/call-UnmappedBamToAlignedBam/UnmappedBamToAlignedBam/988a0a52-89a4-4590-b810-0197d5b56440/call-SplitRG/shard-0/SplitLargeReadGroup/4fb0aa59-4201-4280-ada9-e038759d61c4/call-SamToFastqAndDragmapAndMba/shard-5/inputs/358000914/shard_0006.bam -r dragen_reference --interleaved=1" \
  PROGRAM_GROUP_NAME="dragen-os" \
  UNMAPPED_READ_STRATEGY=COPY_TO_TAG \
  ALIGNER_PROPER_PAIR_FLAGS=true \
  UNMAP_CONTAMINANT_READS=true \
  ADD_PG_TAG_TO_READS=false[0m
[2026-03-27 08:30:04,29] [info] BackgroundConfigAsyncJobExecutionActor [[38;5;2m4fb0aa59[0mSplitLargeReadGroup.SamToFastqAndDragmapAndMba:5:1]: executing: # make sure there is no preexisting Docker CID file
rm -f /home/darja/workflow/cromwell-executions1/WholeGenomeGermlineSingleSample/e1bc4c5d-f439-4a4a-8850-28087bc544a9/call-UnmappedBamToAlignedBam/UnmappedBamToAlignedBam/988a0a52-89a4-4590-b810-0197d5b56440/call-SplitRG/shard-0/SplitLargeReadGroup/4fb0aa59-4201-4280-ada9-e038759d61c4/call-SamToFastqAndDragmapAndMba/shard-5/execution/docker_cid
# run as in the original configuration without --rm flag (will remove later)
docker run \
  --cidfile /home/darja/workflow/cromwell-executions1/WholeGenomeGermlineSingleSample/e1bc4c5d-f439-4a4a-8850-28087bc544a9/call-UnmappedBamToAlignedBam/UnmappedBamToAlignedBam/988a0a52-89a4-4590-b810-0197d5b56440/call-SplitRG/shard-0/SplitLargeReadGroup/4fb0aa59-4201-4280-ada9-e038759d61c4/call-SamToFastqAndDragmapAndMba/shard-5/execution/docker_cid \
  -i \
  --user 1027:1028 \
  --cpus="64" \
  --memory="409600m" \
  --entrypoint /bin/bash \
  -v /home/darja/workflow/cromwell-executions1/WholeGenomeGermlineSingleSample/e1bc4c5d-f439-4a4a-8850-28087bc544a9/call-UnmappedBamToAlignedBam/UnmappedBamToAlignedBam/988a0a52-89a4-4590-b810-0197d5b56440/call-SplitRG/shard-0/SplitLargeReadGroup/4fb0aa59-4201-4280-ada9-e038759d61c4/call-SamToFastqAndDragmapAndMba/shard-5:/cromwell-executions1/WholeGenomeGermlineSingleSample/e1bc4c5d-f439-4a4a-8850-28087bc544a9/call-UnmappedBamToAlignedBam/UnmappedBamToAlignedBam/988a0a52-89a4-4590-b810-0197d5b56440/call-SplitRG/shard-0/SplitLargeReadGroup/4fb0aa59-4201-4280-ada9-e038759d61c4/call-SamToFastqAndDragmapAndMba/shard-5 \
  -v /mnt/nas1/projects/lasr/blendseq:/mnt/nas1/projects/lasr/blendseq \
  us.gcr.io/broad-gotc-prod/dragmap@sha256:5964afca3e4173c33b11100f68c1a44642e0ff2ee4de5a49d8cd446fef308b23 /cromwell-executions1/WholeGenomeGermlineSingleSample/e1bc4c5d-f439-4a4a-8850-28087bc544a9/call-UnmappedBamToAlignedBam/UnmappedBamToAlignedBam/988a0a52-89a4-4590-b810-0197d5b56440/call-SplitRG/shard-0/SplitLargeReadGroup/4fb0aa59-4201-4280-ada9-e038759d61c4/call-SamToFastqAndDragmapAndMba/shard-5/execution/script

# get the return code (working even if the container was detached)
rc=$(docker wait [38;5;5mcat /home/darja/workflow/cromwell-executions1/WholeGenomeGermlineSingleSample/e1bc4c5d-f439-4a4a-8850-28087bc544a9/call-UnmappedBamToAlignedBam/UnmappedBamToAlignedBam/988a0a52-89a4-4590-b810-0197d5b56440/call-SplitRG/shard-0/SplitLargeReadGroup/4fb0aa59-4201-4280-ada9-e038759d61c4/call-SamToFastqAndDragmapAndMba/shard-5/execution/docker_cid[0m)

# remove the container after waiting
docker rm [38;5;5mcat /home/darja/workflow/cromwell-executions1/WholeGenomeGermlineSingleSample/e1bc4c5d-f439-4a4a-8850-28087bc544a9/call-UnmappedBamToAlignedBam/UnmappedBamToAlignedBam/988a0a52-89a4-4590-b810-0197d5b56440/call-SplitRG/shard-0/SplitLargeReadGroup/4fb0aa59-4201-4280-ada9-e038759d61c4/call-SamToFastqAndDragmapAndMba/shard-5/execution/docker_cid[0m

# return exit code
exit $rc
[2026-03-27 08:30:06,47] [info] BackgroundConfigAsyncJobExecutionActor [[38;5;2m4fb0aa59[0mSplitLargeReadGroup.SamToFastqAndDragmapAndMba:5:1]: job id: 511991
[2026-03-27 08:30:06,47] [info] BackgroundConfigAsyncJobExecutionActor [[38;5;2m4fb0aa59[0mSplitLargeReadGroup.SamToFastqAndDragmapAndMba:5:1]: Status change from - to WaitingForReturnCode
[2026-03-27 09:02:29,08] [info] BackgroundConfigAsyncJobExecutionActor [[38;5;2m4fb0aa59[0mSplitLargeReadGroup.SamToFastqAndDragmapAndMba:5:1]: Status change from WaitingForReturnCode to Done
[2026-03-27 09:02:31,56] [info] Assigned new job execution tokens to the following groups: e1bc4c5d: 1
[2026-03-27 09:02:31,60] [[38;5;220mwarn[0m] BackgroundConfigAsyncJobExecutionActor [[38;5;2m4fb0aa59[0mSplitLargeReadGroup.SamToFastqAndDragmapAndMba:20:1]: Unrecognized runtime attribute keys: preemptible, disks, cpu, memory
[2026-03-27 09:02:33,66] [info] BackgroundConfigAsyncJobExecutionActor [[38;5;2m4fb0aa59[0mSplitLargeReadGroup.SamToFastqAndDragmapAndMba:20:1]: [38;5;5mset -euxo pipefail

DRAGMAP_VERSION=$(dragen-os --version)

if [ -z ${DRAGMAP_VERSION} ]; then
    exit 1;
fi

mkdir dragen_reference
mv /cromwell-executions1/WholeGenomeGermlineSingleSample/e1bc4c5d-f439-4a4a-8850-28087bc544a9/call-UnmappedBamToAlignedBam/UnmappedBamToAlignedBam/988a0a52-89a4-4590-b810-0197d5b56440/call-SplitRG/shard-0/SplitLargeReadGroup/4fb0aa59-4201-4280-ada9-e038759d61c4/call-SamToFastqAndDragmapAndMba/shard-20/inputs/-1290198700/reference.bin /cromwell-executions1/WholeGenomeGermlineSingleSample/e1bc4c5d-f439-4a4a-8850-28087bc544a9/call-UnmappedBamToAlignedBam/UnmappedBamToAlignedBam/988a0a52-89a4-4590-b810-0197d5b56440/call-SplitRG/shard-0/SplitLargeReadGroup/4fb0aa59-4201-4280-ada9-e038759d61c4/call-SamToFastqAndDragmapAndMba/shard-20/inputs/-1290198700/hash_table.cfg.bin /cromwell-executions1/WholeGenomeGermlineSingleSample/e1bc4c5d-f439-4a4a-8850-28087bc544a9/call-UnmappedBamToAlignedBam/UnmappedBamToAlignedBam/988a0a52-89a4-4590-b810-0197d5b56440/call-SplitRG/shard-0/SplitLargeReadGroup/4fb0aa59-4201-4280-ada9-e038759d61c4/call-SamToFastqAndDragmapAndMba/shard-20/inputs/-1290198700/hash_table.cmp dragen_reference

dragen-os -b /cromwell-executions1/WholeGenomeGermlineSingleSample/e1bc4c5d-f439-4a4a-8850-28087bc544a9/call-UnmappedBamToAlignedBam/UnmappedBamToAlignedBam/988a0a52-89a4-4590-b810-0197d5b56440/call-SplitRG/shard-0/SplitLargeReadGroup/4fb0aa59-4201-4280-ada9-e038759d61c4/call-SamToFastqAndDragmapAndMba/shard-20/inputs/358000914/shard_0021.bam -r dragen_reference --interleaved=1 --preserve-map-align-order true 2> >(tee shard_0021.dragmap.stderr.log >&2) | samtools view -h -O BAM - > aligned.bam
java -Dsamjdk.compression_level=2 -Xms300g -Xmx300g -jar /picard/picard.jar \
  MergeBamAlignment \
  VALIDATION_STRINGENCY=SILENT \
  EXPECTED_ORIENTATIONS=FR \
  ATTRIBUTES_TO_RETAIN=X0 \
  ATTRIBUTES_TO_REMOVE=RG \
  ATTRIBUTES_TO_REMOVE=NM \
  ATTRIBUTES_TO_REMOVE=MD \
  ALIGNED_BAM=aligned.bam \
  UNMAPPED_BAM=/cromwell-executions1/WholeGenomeGermlineSingleSample/e1bc4c5d-f439-4a4a-8850-28087bc544a9/call-UnmappedBamToAlignedBam/UnmappedBamToAlignedBam/988a0a52-89a4-4590-b810-0197d5b56440/call-SplitRG/shard-0/SplitLargeReadGroup/4fb0aa59-4201-4280-ada9-e038759d61c4/call-SamToFastqAndDragmapAndMba/shard-20/inputs/358000914/shard_0021.bam \
  OUTPUT=shard_0021.bam \
  REFERENCE_SEQUENCE=/cromwell-executions1/WholeGenomeGermlineSingleSample/e1bc4c5d-f439-4a4a-8850-28087bc544a9/call-UnmappedBamToAlignedBam/UnmappedBamToAlignedBam/988a0a52-89a4-4590-b810-0197d5b56440/call-SplitRG/shard-0/SplitLargeReadGroup/4fb0aa59-4201-4280-ada9-e038759d61c4/call-SamToFastqAndDragmapAndMba/shard-20/inputs/-1569105944/Homo_sapiens_assembly38_masked.fasta \
  PAIRED_RUN=true \
  SORT_ORDER="unsorted" \
  IS_BISULFITE_SEQUENCE=false \
  ALIGNED_READS_ONLY=false \
  CLIP_ADAPTERS=false \
   \
   \
  MAX_RECORDS_IN_RAM=2000000 \
  ADD_MATE_CIGAR=true \
  MAX_INSERTIONS_OR_DELETIONS=-1 \
  PRIMARY_ALIGNMENT_STRATEGY=MostDistant \
  PROGRAM_RECORD_ID="dragen-os" \
  PROGRAM_GROUP_VERSION="${DRAGMAP_VERSION}" \
  PROGRAM_GROUP_COMMAND_LINE="dragen-os -b /cromwell-executions1/WholeGenomeGermlineSingleSample/e1bc4c5d-f439-4a4a-8850-28087bc544a9/call-UnmappedBamToAlignedBam/UnmappedBamToAlignedBam/988a0a52-89a4-4590-b810-0197d5b56440/call-SplitRG/shard-0/SplitLargeReadGroup/4fb0aa59-4201-4280-ada9-e038759d61c4/call-SamToFastqAndDragmapAndMba/shard-20/inputs/358000914/shard_0021.bam -r dragen_reference --interleaved=1" \
  PROGRAM_GROUP_NAME="dragen-os" \
  UNMAPPED_READ_STRATEGY=COPY_TO_TAG \
  ALIGNER_PROPER_PAIR_FLAGS=true \
  UNMAP_CONTAMINANT_READS=true \
  ADD_PG_TAG_TO_READS=false[0m
[2026-03-27 09:02:33,66] [info] BackgroundConfigAsyncJobExecutionActor [[38;5;2m4fb0aa59[0mSplitLargeReadGroup.SamToFastqAndDragmapAndMba:20:1]: executing: # make sure there is no preexisting Docker CID file
rm -f /home/darja/workflow/cromwell-executions1/WholeGenomeGermlineSingleSample/e1bc4c5d-f439-4a4a-8850-28087bc544a9/call-UnmappedBamToAlignedBam/UnmappedBamToAlignedBam/988a0a52-89a4-4590-b810-0197d5b56440/call-SplitRG/shard-0/SplitLargeReadGroup/4fb0aa59-4201-4280-ada9-e038759d61c4/call-SamToFastqAndDragmapAndMba/shard-20/execution/docker_cid
# run as in the original configuration without --rm flag (will remove later)
docker run \
  --cidfile /home/darja/workflow/cromwell-executions1/WholeGenomeGermlineSingleSample/e1bc4c5d-f439-4a4a-8850-28087bc544a9/call-UnmappedBamToAlignedBam/UnmappedBamToAlignedBam/988a0a52-89a4-4590-b810-0197d5b56440/call-SplitRG/shard-0/SplitLargeReadGroup/4fb0aa59-4201-4280-ada9-e038759d61c4/call-SamToFastqAndDragmapAndMba/shard-20/execution/docker_cid \
  -i \
  --user 1027:1028 \
  --cpus="64" \
  --memory="409600m" \
  --entrypoint /bin/bash \
  -v /home/darja/workflow/cromwell-executions1/WholeGenomeGermlineSingleSample/e1bc4c5d-f439-4a4a-8850-28087bc544a9/call-UnmappedBamToAlignedBam/UnmappedBamToAlignedBam/988a0a52-89a4-4590-b810-0197d5b56440/call-SplitRG/shard-0/SplitLargeReadGroup/4fb0aa59-4201-4280-ada9-e038759d61c4/call-SamToFastqAndDragmapAndMba/shard-20:/cromwell-executions1/WholeGenomeGermlineSingleSample/e1bc4c5d-f439-4a4a-8850-28087bc544a9/call-UnmappedBamToAlignedBam/UnmappedBamToAlignedBam/988a0a52-89a4-4590-b810-0197d5b56440/call-SplitRG/shard-0/SplitLargeReadGroup/4fb0aa59-4201-4280-ada9-e038759d61c4/call-SamToFastqAndDragmapAndMba/shard-20 \
  -v /mnt/nas1/projects/lasr/blendseq:/mnt/nas1/projects/lasr/blendseq \
  us.gcr.io/broad-gotc-prod/dragmap@sha256:5964afca3e4173c33b11100f68c1a44642e0ff2ee4de5a49d8cd446fef308b23 /cromwell-executions1/WholeGenomeGermlineSingleSample/e1bc4c5d-f439-4a4a-8850-28087bc544a9/call-UnmappedBamToAlignedBam/UnmappedBamToAlignedBam/988a0a52-89a4-4590-b810-0197d5b56440/call-SplitRG/shard-0/SplitLargeReadGroup/4fb0aa59-4201-4280-ada9-e038759d61c4/call-SamToFastqAndDragmapAndMba/shard-20/execution/script

# get the return code (working even if the container was detached)
rc=$(docker wait [38;5;5mcat /home/darja/workflow/cromwell-executions1/WholeGenomeGermlineSingleSample/e1bc4c5d-f439-4a4a-8850-28087bc544a9/call-UnmappedBamToAlignedBam/UnmappedBamToAlignedBam/988a0a52-89a4-4590-b810-0197d5b56440/call-SplitRG/shard-0/SplitLargeReadGroup/4fb0aa59-4201-4280-ada9-e038759d61c4/call-SamToFastqAndDragmapAndMba/shard-20/execution/docker_cid[0m)

# remove the container after waiting
docker rm [38;5;5mcat /home/darja/workflow/cromwell-executions1/WholeGenomeGermlineSingleSample/e1bc4c5d-f439-4a4a-8850-28087bc544a9/call-UnmappedBamToAlignedBam/UnmappedBamToAlignedBam/988a0a52-89a4-4590-b810-0197d5b56440/call-SplitRG/shard-0/SplitLargeReadGroup/4fb0aa59-4201-4280-ada9-e038759d61c4/call-SamToFastqAndDragmapAndMba/shard-20/execution/docker_cid[0m

# return exit code
exit $rc
[2026-03-27 09:02:36,47] [info] BackgroundConfigAsyncJobExecutionActor [[38;5;2m4fb0aa59[0mSplitLargeReadGroup.SamToFastqAndDragmapAndMba:20:1]: job id: 513015
[2026-03-27 09:02:36,47] [info] BackgroundConfigAsyncJobExecutionActor [[38;5;2m4fb0aa59[0mSplitLargeReadGroup.SamToFastqAndDragmapAndMba:20:1]: Status change from - to WaitingForReturnCode
[2026-03-27 09:37:41,70] [info] BackgroundConfigAsyncJobExecutionActor [[38;5;2m4fb0aa59[0mSplitLargeReadGroup.SamToFastqAndDragmapAndMba:20:1]: Status change from WaitingForReturnCode to Done
[2026-03-27 09:37:51,56] [info] Assigned new job execution tokens to the following groups: e1bc4c5d: 1
[2026-03-27 09:37:51,60] [[38;5;220mwarn[0m] BackgroundConfigAsyncJobExecutionActor [[38;5;2m4fb0aa59[0mSplitLargeReadGroup.SamToFastqAndDragmapAndMba:26:1]: Unrecognized runtime attribute keys: preemptible, disks, cpu, memory
[2026-03-27 09:37:53,71] [info] BackgroundConfigAsyncJobExecutionActor [[38;5;2m4fb0aa59[0mSplitLargeReadGroup.SamToFastqAndDragmapAndMba:26:1]: [38;5;5mset -euxo pipefail

DRAGMAP_VERSION=$(dragen-os --version)

if [ -z ${DRAGMAP_VERSION} ]; then
    exit 1;
fi

mkdir dragen_reference
mv /cromwell-executions1/WholeGenomeGermlineSingleSample/e1bc4c5d-f439-4a4a-8850-28087bc544a9/call-UnmappedBamToAlignedBam/UnmappedBamToAlignedBam/988a0a52-89a4-4590-b810-0197d5b56440/call-SplitRG/shard-0/SplitLargeReadGroup/4fb0aa59-4201-4280-ada9-e038759d61c4/call-SamToFastqAndDragmapAndMba/shard-26/inputs/-1290198700/reference.bin /cromwell-executions1/WholeGenomeGermlineSingleSample/e1bc4c5d-f439-4a4a-8850-28087bc544a9/call-UnmappedBamToAlignedBam/UnmappedBamToAlignedBam/988a0a52-89a4-4590-b810-0197d5b56440/call-SplitRG/shard-0/SplitLargeReadGroup/4fb0aa59-4201-4280-ada9-e038759d61c4/call-SamToFastqAndDragmapAndMba/shard-26/inputs/-1290198700/hash_table.cfg.bin /cromwell-executions1/WholeGenomeGermlineSingleSample/e1bc4c5d-f439-4a4a-8850-28087bc544a9/call-UnmappedBamToAlignedBam/UnmappedBamToAlignedBam/988a0a52-89a4-4590-b810-0197d5b56440/call-SplitRG/shard-0/SplitLargeReadGroup/4fb0aa59-4201-4280-ada9-e038759d61c4/call-SamToFastqAndDragmapAndMba/shard-26/inputs/-1290198700/hash_table.cmp dragen_reference

dragen-os -b /cromwell-executions1/WholeGenomeGermlineSingleSample/e1bc4c5d-f439-4a4a-8850-28087bc544a9/call-UnmappedBamToAlignedBam/UnmappedBamToAlignedBam/988a0a52-89a4-4590-b810-0197d5b56440/call-SplitRG/shard-0/SplitLargeReadGroup/4fb0aa59-4201-4280-ada9-e038759d61c4/call-SamToFastqAndDragmapAndMba/shard-26/inputs/358000914/shard_0027.bam -r dragen_reference --interleaved=1 --preserve-map-align-order true 2> >(tee shard_0027.dragmap.stderr.log >&2) | samtools view -h -O BAM - > aligned.bam
java -Dsamjdk.compression_level=2 -Xms300g -Xmx300g -jar /picard/picard.jar \
  MergeBamAlignment \
  VALIDATION_STRINGENCY=SILENT \
  EXPECTED_ORIENTATIONS=FR \
  ATTRIBUTES_TO_RETAIN=X0 \
  ATTRIBUTES_TO_REMOVE=RG \
  ATTRIBUTES_TO_REMOVE=NM \
  ATTRIBUTES_TO_REMOVE=MD \
  ALIGNED_BAM=aligned.bam \
  UNMAPPED_BAM=/cromwell-executions1/WholeGenomeGermlineSingleSample/e1bc4c5d-f439-4a4a-8850-28087bc544a9/call-UnmappedBamToAlignedBam/UnmappedBamToAlignedBam/988a0a52-89a4-4590-b810-0197d5b56440/call-SplitRG/shard-0/SplitLargeReadGroup/4fb0aa59-4201-4280-ada9-e038759d61c4/call-SamToFastqAndDragmapAndMba/shard-26/inputs/358000914/shard_0027.bam \
  OUTPUT=shard_0027.bam \
  REFERENCE_SEQUENCE=/cromwell-executions1/WholeGenomeGermlineSingleSample/e1bc4c5d-f439-4a4a-8850-28087bc544a9/call-UnmappedBamToAlignedBam/UnmappedBamToAlignedBam/988a0a52-89a4-4590-b810-0197d5b56440/call-SplitRG/shard-0/SplitLargeReadGroup/4fb0aa59-4201-4280-ada9-e038759d61c4/call-SamToFastqAndDragmapAndMba/shard-26/inputs/-1569105944/Homo_sapiens_assembly38_masked.fasta \
  PAIRED_RUN=true \
  SORT_ORDER="unsorted" \
  IS_BISULFITE_SEQUENCE=false \
  ALIGNED_READS_ONLY=false \
  CLIP_ADAPTERS=false \
   \
   \
  MAX_RECORDS_IN_RAM=2000000 \
  ADD_MATE_CIGAR=true \
  MAX_INSERTIONS_OR_DELETIONS=-1 \
  PRIMARY_ALIGNMENT_STRATEGY=MostDistant \
  PROGRAM_RECORD_ID="dragen-os" \
  PROGRAM_GROUP_VERSION="${DRAGMAP_VERSION}" \
  PROGRAM_GROUP_COMMAND_LINE="dragen-os -b /cromwell-executions1/WholeGenomeGermlineSingleSample/e1bc4c5d-f439-4a4a-8850-28087bc544a9/call-UnmappedBamToAlignedBam/UnmappedBamToAlignedBam/988a0a52-89a4-4590-b810-0197d5b56440/call-SplitRG/shard-0/SplitLargeReadGroup/4fb0aa59-4201-4280-ada9-e038759d61c4/call-SamToFastqAndDragmapAndMba/shard-26/inputs/358000914/shard_0027.bam -r dragen_reference --interleaved=1" \
  PROGRAM_GROUP_NAME="dragen-os" \
  UNMAPPED_READ_STRATEGY=COPY_TO_TAG \
  ALIGNER_PROPER_PAIR_FLAGS=true \
  UNMAP_CONTAMINANT_READS=true \
  ADD_PG_TAG_TO_READS=false[0m
[2026-03-27 09:37:53,71] [info] BackgroundConfigAsyncJobExecutionActor [[38;5;2m4fb0aa59[0mSplitLargeReadGroup.SamToFastqAndDragmapAndMba:26:1]: executing: # make sure there is no preexisting Docker CID file
rm -f /home/darja/workflow/cromwell-executions1/WholeGenomeGermlineSingleSample/e1bc4c5d-f439-4a4a-8850-28087bc544a9/call-UnmappedBamToAlignedBam/UnmappedBamToAlignedBam/988a0a52-89a4-4590-b810-0197d5b56440/call-SplitRG/shard-0/SplitLargeReadGroup/4fb0aa59-4201-4280-ada9-e038759d61c4/call-SamToFastqAndDragmapAndMba/shard-26/execution/docker_cid
# run as in the original configuration without --rm flag (will remove later)
docker run \
  --cidfile /home/darja/workflow/cromwell-executions1/WholeGenomeGermlineSingleSample/e1bc4c5d-f439-4a4a-8850-28087bc544a9/call-UnmappedBamToAlignedBam/UnmappedBamToAlignedBam/988a0a52-89a4-4590-b810-0197d5b56440/call-SplitRG/shard-0/SplitLargeReadGroup/4fb0aa59-4201-4280-ada9-e038759d61c4/call-SamToFastqAndDragmapAndMba/shard-26/execution/docker_cid \
  -i \
  --user 1027:1028 \
  --cpus="64" \
  --memory="409600m" \
  --entrypoint /bin/bash \
  -v /home/darja/workflow/cromwell-executions1/WholeGenomeGermlineSingleSample/e1bc4c5d-f439-4a4a-8850-28087bc544a9/call-UnmappedBamToAlignedBam/UnmappedBamToAlignedBam/988a0a52-89a4-4590-b810-0197d5b56440/call-SplitRG/shard-0/SplitLargeReadGroup/4fb0aa59-4201-4280-ada9-e038759d61c4/call-SamToFastqAndDragmapAndMba/shard-26:/cromwell-executions1/WholeGenomeGermlineSingleSample/e1bc4c5d-f439-4a4a-8850-28087bc544a9/call-UnmappedBamToAlignedBam/UnmappedBamToAlignedBam/988a0a52-89a4-4590-b810-0197d5b56440/call-SplitRG/shard-0/SplitLargeReadGroup/4fb0aa59-4201-4280-ada9-e038759d61c4/call-SamToFastqAndDragmapAndMba/shard-26 \
  -v /mnt/nas1/projects/lasr/blendseq:/mnt/nas1/projects/lasr/blendseq \
  us.gcr.io/broad-gotc-prod/dragmap@sha256:5964afca3e4173c33b11100f68c1a44642e0ff2ee4de5a49d8cd446fef308b23 /cromwell-executions1/WholeGenomeGermlineSingleSample/e1bc4c5d-f439-4a4a-8850-28087bc544a9/call-UnmappedBamToAlignedBam/UnmappedBamToAlignedBam/988a0a52-89a4-4590-b810-0197d5b56440/call-SplitRG/shard-0/SplitLargeReadGroup/4fb0aa59-4201-4280-ada9-e038759d61c4/call-SamToFastqAndDragmapAndMba/shard-26/execution/script

# get the return code (working even if the container was detached)
rc=$(docker wait [38;5;5mcat /home/darja/workflow/cromwell-executions1/WholeGenomeGermlineSingleSample/e1bc4c5d-f439-4a4a-8850-28087bc544a9/call-UnmappedBamToAlignedBam/UnmappedBamToAlignedBam/988a0a52-89a4-4590-b810-0197d5b56440/call-SplitRG/shard-0/SplitLargeReadGroup/4fb0aa59-4201-4280-ada9-e038759d61c4/call-SamToFastqAndDragmapAndMba/shard-26/execution/docker_cid[0m)

# remove the container after waiting
docker rm [38;5;5mcat /home/darja/workflow/cromwell-executions1/WholeGenomeGermlineSingleSample/e1bc4c5d-f439-4a4a-8850-28087bc544a9/call-UnmappedBamToAlignedBam/UnmappedBamToAlignedBam/988a0a52-89a4-4590-b810-0197d5b56440/call-SplitRG/shard-0/SplitLargeReadGroup/4fb0aa59-4201-4280-ada9-e038759d61c4/call-SamToFastqAndDragmapAndMba/shard-26/execution/docker_cid[0m

# return exit code
exit $rc
[2026-03-27 09:37:56,47] [info] BackgroundConfigAsyncJobExecutionActor [[38;5;2m4fb0aa59[0mSplitLargeReadGroup.SamToFastqAndDragmapAndMba:26:1]: job id: 514024
[2026-03-27 09:37:56,47] [info] BackgroundConfigAsyncJobExecutionActor [[38;5;2m4fb0aa59[0mSplitLargeReadGroup.SamToFastqAndDragmapAndMba:26:1]: Status change from - to WaitingForReturnCode
[2026-03-27 10:08:42,02] [info] BackgroundConfigAsyncJobExecutionActor [[38;5;2m4fb0aa59[0mSplitLargeReadGroup.SamToFastqAndDragmapAndMba:26:1]: Status change from WaitingForReturnCode to Done
[2026-03-27 10:08:51,56] [info] Assigned new job execution tokens to the following groups: e1bc4c5d: 1
[2026-03-27 10:08:51,60] [[38;5;220mwarn[0m] BackgroundConfigAsyncJobExecutionActor [[38;5;2m4fb0aa59[0mSplitLargeReadGroup.SamToFastqAndDragmapAndMba:27:1]: Unrecognized runtime attribute keys: preemptible, disks, cpu, memory
[2026-03-27 10:08:53,70] [info] BackgroundConfigAsyncJobExecutionActor [[38;5;2m4fb0aa59[0mSplitLargeReadGroup.SamToFastqAndDragmapAndMba:27:1]: [38;5;5mset -euxo pipefail

DRAGMAP_VERSION=$(dragen-os --version)

if [ -z ${DRAGMAP_VERSION} ]; then
    exit 1;
fi

mkdir dragen_reference
mv /cromwell-executions1/WholeGenomeGermlineSingleSample/e1bc4c5d-f439-4a4a-8850-28087bc544a9/call-UnmappedBamToAlignedBam/UnmappedBamToAlignedBam/988a0a52-89a4-4590-b810-0197d5b56440/call-SplitRG/shard-0/SplitLargeReadGroup/4fb0aa59-4201-4280-ada9-e038759d61c4/call-SamToFastqAndDragmapAndMba/shard-27/inputs/-1290198700/reference.bin /cromwell-executions1/WholeGenomeGermlineSingleSample/e1bc4c5d-f439-4a4a-8850-28087bc544a9/call-UnmappedBamToAlignedBam/UnmappedBamToAlignedBam/988a0a52-89a4-4590-b810-0197d5b56440/call-SplitRG/shard-0/SplitLargeReadGroup/4fb0aa59-4201-4280-ada9-e038759d61c4/call-SamToFastqAndDragmapAndMba/shard-27/inputs/-1290198700/hash_table.cfg.bin /cromwell-executions1/WholeGenomeGermlineSingleSample/e1bc4c5d-f439-4a4a-8850-28087bc544a9/call-UnmappedBamToAlignedBam/UnmappedBamToAlignedBam/988a0a52-89a4-4590-b810-0197d5b56440/call-SplitRG/shard-0/SplitLargeReadGroup/4fb0aa59-4201-4280-ada9-e038759d61c4/call-SamToFastqAndDragmapAndMba/shard-27/inputs/-1290198700/hash_table.cmp dragen_reference

dragen-os -b /cromwell-executions1/WholeGenomeGermlineSingleSample/e1bc4c5d-f439-4a4a-8850-28087bc544a9/call-UnmappedBamToAlignedBam/UnmappedBamToAlignedBam/988a0a52-89a4-4590-b810-0197d5b56440/call-SplitRG/shard-0/SplitLargeReadGroup/4fb0aa59-4201-4280-ada9-e038759d61c4/call-SamToFastqAndDragmapAndMba/shard-27/inputs/358000914/shard_0028.bam -r dragen_reference --interleaved=1 --preserve-map-align-order true 2> >(tee shard_0028.dragmap.stderr.log >&2) | samtools view -h -O BAM - > aligned.bam
java -Dsamjdk.compression_level=2 -Xms300g -Xmx300g -jar /picard/picard.jar \
  MergeBamAlignment \
  VALIDATION_STRINGENCY=SILENT \
  EXPECTED_ORIENTATIONS=FR \
  ATTRIBUTES_TO_RETAIN=X0 \
  ATTRIBUTES_TO_REMOVE=RG \
  ATTRIBUTES_TO_REMOVE=NM \
  ATTRIBUTES_TO_REMOVE=MD \
  ALIGNED_BAM=aligned.bam \
  UNMAPPED_BAM=/cromwell-executions1/WholeGenomeGermlineSingleSample/e1bc4c5d-f439-4a4a-8850-28087bc544a9/call-UnmappedBamToAlignedBam/UnmappedBamToAlignedBam/988a0a52-89a4-4590-b810-0197d5b56440/call-SplitRG/shard-0/SplitLargeReadGroup/4fb0aa59-4201-4280-ada9-e038759d61c4/call-SamToFastqAndDragmapAndMba/shard-27/inputs/358000914/shard_0028.bam \
  OUTPUT=shard_0028.bam \
  REFERENCE_SEQUENCE=/cromwell-executions1/WholeGenomeGermlineSingleSample/e1bc4c5d-f439-4a4a-8850-28087bc544a9/call-UnmappedBamToAlignedBam/UnmappedBamToAlignedBam/988a0a52-89a4-4590-b810-0197d5b56440/call-SplitRG/shard-0/SplitLargeReadGroup/4fb0aa59-4201-4280-ada9-e038759d61c4/call-SamToFastqAndDragmapAndMba/shard-27/inputs/-1569105944/Homo_sapiens_assembly38_masked.fasta \
  PAIRED_RUN=true \
  SORT_ORDER="unsorted" \
  IS_BISULFITE_SEQUENCE=false \
  ALIGNED_READS_ONLY=false \
  CLIP_ADAPTERS=false \
   \
   \
  MAX_RECORDS_IN_RAM=2000000 \
  ADD_MATE_CIGAR=true \
  MAX_INSERTIONS_OR_DELETIONS=-1 \
  PRIMARY_ALIGNMENT_STRATEGY=MostDistant \
  PROGRAM_RECORD_ID="dragen-os" \
  PROGRAM_GROUP_VERSION="${DRAGMAP_VERSION}" \
  PROGRAM_GROUP_COMMAND_LINE="dragen-os -b /cromwell-executions1/WholeGenomeGermlineSingleSample/e1bc4c5d-f439-4a4a-8850-28087bc544a9/call-UnmappedBamToAlignedBam/UnmappedBamToAlignedBam/988a0a52-89a4-4590-b810-0197d5b56440/call-SplitRG/shard-0/SplitLargeReadGroup/4fb0aa59-4201-4280-ada9-e038759d61c4/call-SamToFastqAndDragmapAndMba/shard-27/inputs/358000914/shard_0028.bam -r dragen_reference --interleaved=1" \
  PROGRAM_GROUP_NAME="dragen-os" \
  UNMAPPED_READ_STRATEGY=COPY_TO_TAG \
  ALIGNER_PROPER_PAIR_FLAGS=true \
  UNMAP_CONTAMINANT_READS=true \
  ADD_PG_TAG_TO_READS=false[0m
[2026-03-27 10:08:53,70] [info] BackgroundConfigAsyncJobExecutionActor [[38;5;2m4fb0aa59[0mSplitLargeReadGroup.SamToFastqAndDragmapAndMba:27:1]: executing: # make sure there is no preexisting Docker CID file
rm -f /home/darja/workflow/cromwell-executions1/WholeGenomeGermlineSingleSample/e1bc4c5d-f439-4a4a-8850-28087bc544a9/call-UnmappedBamToAlignedBam/UnmappedBamToAlignedBam/988a0a52-89a4-4590-b810-0197d5b56440/call-SplitRG/shard-0/SplitLargeReadGroup/4fb0aa59-4201-4280-ada9-e038759d61c4/call-SamToFastqAndDragmapAndMba/shard-27/execution/docker_cid
# run as in the original configuration without --rm flag (will remove later)
docker run \
  --cidfile /home/darja/workflow/cromwell-executions1/WholeGenomeGermlineSingleSample/e1bc4c5d-f439-4a4a-8850-28087bc544a9/call-UnmappedBamToAlignedBam/UnmappedBamToAlignedBam/988a0a52-89a4-4590-b810-0197d5b56440/call-SplitRG/shard-0/SplitLargeReadGroup/4fb0aa59-4201-4280-ada9-e038759d61c4/call-SamToFastqAndDragmapAndMba/shard-27/execution/docker_cid \
  -i \
  --user 1027:1028 \
  --cpus="64" \
  --memory="409600m" \
  --entrypoint /bin/bash \
  -v /home/darja/workflow/cromwell-executions1/WholeGenomeGermlineSingleSample/e1bc4c5d-f439-4a4a-8850-28087bc544a9/call-UnmappedBamToAlignedBam/UnmappedBamToAlignedBam/988a0a52-89a4-4590-b810-0197d5b56440/call-SplitRG/shard-0/SplitLargeReadGroup/4fb0aa59-4201-4280-ada9-e038759d61c4/call-SamToFastqAndDragmapAndMba/shard-27:/cromwell-executions1/WholeGenomeGermlineSingleSample/e1bc4c5d-f439-4a4a-8850-28087bc544a9/call-UnmappedBamToAlignedBam/UnmappedBamToAlignedBam/988a0a52-89a4-4590-b810-0197d5b56440/call-SplitRG/shard-0/SplitLargeReadGroup/4fb0aa59-4201-4280-ada9-e038759d61c4/call-SamToFastqAndDragmapAndMba/shard-27 \
  -v /mnt/nas1/projects/lasr/blendseq:/mnt/nas1/projects/lasr/blendseq \
  us.gcr.io/broad-gotc-prod/dragmap@sha256:5964afca3e4173c33b11100f68c1a44642e0ff2ee4de5a49d8cd446fef308b23 /cromwell-executions1/WholeGenomeGermlineSingleSample/e1bc4c5d-f439-4a4a-8850-28087bc544a9/call-UnmappedBamToAlignedBam/UnmappedBamToAlignedBam/988a0a52-89a4-4590-b810-0197d5b56440/call-SplitRG/shard-0/SplitLargeReadGroup/4fb0aa59-4201-4280-ada9-e038759d61c4/call-SamToFastqAndDragmapAndMba/shard-27/execution/script

# get the return code (working even if the container was detached)
rc=$(docker wait [38;5;5mcat /home/darja/workflow/cromwell-executions1/WholeGenomeGermlineSingleSample/e1bc4c5d-f439-4a4a-8850-28087bc544a9/call-UnmappedBamToAlignedBam/UnmappedBamToAlignedBam/988a0a52-89a4-4590-b810-0197d5b56440/call-SplitRG/shard-0/SplitLargeReadGroup/4fb0aa59-4201-4280-ada9-e038759d61c4/call-SamToFastqAndDragmapAndMba/shard-27/execution/docker_cid[0m)

# remove the container after waiting
docker rm [38;5;5mcat /home/darja/workflow/cromwell-executions1/WholeGenomeGermlineSingleSample/e1bc4c5d-f439-4a4a-8850-28087bc544a9/call-UnmappedBamToAlignedBam/UnmappedBamToAlignedBam/988a0a52-89a4-4590-b810-0197d5b56440/call-SplitRG/shard-0/SplitLargeReadGroup/4fb0aa59-4201-4280-ada9-e038759d61c4/call-SamToFastqAndDragmapAndMba/shard-27/execution/docker_cid[0m

# return exit code
exit $rc
[2026-03-27 10:08:56,47] [info] BackgroundConfigAsyncJobExecutionActor [[38;5;2m4fb0aa59[0mSplitLargeReadGroup.SamToFastqAndDragmapAndMba:27:1]: job id: 514973
[2026-03-27 10:08:56,47] [info] BackgroundConfigAsyncJobExecutionActor [[38;5;2m4fb0aa59[0mSplitLargeReadGroup.SamToFastqAndDragmapAndMba:27:1]: Status change from - to WaitingForReturnCode
[2026-03-27 10:40:29,54] [info] BackgroundConfigAsyncJobExecutionActor [[38;5;2m4fb0aa59[0mSplitLargeReadGroup.SamToFastqAndDragmapAndMba:27:1]: Status change from WaitingForReturnCode to Done
[2026-03-27 10:40:31,56] [info] Assigned new job execution tokens to the following groups: e1bc4c5d: 1
[2026-03-27 10:40:31,60] [[38;5;220mwarn[0m] BackgroundConfigAsyncJobExecutionActor [[38;5;2m4fb0aa59[0mSplitLargeReadGroup.SamToFastqAndDragmapAndMba:4:1]: Unrecognized runtime attribute keys: preemptible, disks, cpu, memory
[2026-03-27 10:40:35,34] [info] BackgroundConfigAsyncJobExecutionActor [[38;5;2m4fb0aa59[0mSplitLargeReadGroup.SamToFastqAndDragmapAndMba:4:1]: [38;5;5mset -euxo pipefail

DRAGMAP_VERSION=$(dragen-os --version)

if [ -z ${DRAGMAP_VERSION} ]; then
    exit 1;
fi

mkdir dragen_reference
mv /cromwell-executions1/WholeGenomeGermlineSingleSample/e1bc4c5d-f439-4a4a-8850-28087bc544a9/call-UnmappedBamToAlignedBam/UnmappedBamToAlignedBam/988a0a52-89a4-4590-b810-0197d5b56440/call-SplitRG/shard-0/SplitLargeReadGroup/4fb0aa59-4201-4280-ada9-e038759d61c4/call-SamToFastqAndDragmapAndMba/shard-4/inputs/-1290198700/reference.bin /cromwell-executions1/WholeGenomeGermlineSingleSample/e1bc4c5d-f439-4a4a-8850-28087bc544a9/call-UnmappedBamToAlignedBam/UnmappedBamToAlignedBam/988a0a52-89a4-4590-b810-0197d5b56440/call-SplitRG/shard-0/SplitLargeReadGroup/4fb0aa59-4201-4280-ada9-e038759d61c4/call-SamToFastqAndDragmapAndMba/shard-4/inputs/-1290198700/hash_table.cfg.bin /cromwell-executions1/WholeGenomeGermlineSingleSample/e1bc4c5d-f439-4a4a-8850-28087bc544a9/call-UnmappedBamToAlignedBam/UnmappedBamToAlignedBam/988a0a52-89a4-4590-b810-0197d5b56440/call-SplitRG/shard-0/SplitLargeReadGroup/4fb0aa59-4201-4280-ada9-e038759d61c4/call-SamToFastqAndDragmapAndMba/shard-4/inputs/-1290198700/hash_table.cmp dragen_reference

dragen-os -b /cromwell-executions1/WholeGenomeGermlineSingleSample/e1bc4c5d-f439-4a4a-8850-28087bc544a9/call-UnmappedBamToAlignedBam/UnmappedBamToAlignedBam/988a0a52-89a4-4590-b810-0197d5b56440/call-SplitRG/shard-0/SplitLargeReadGroup/4fb0aa59-4201-4280-ada9-e038759d61c4/call-SamToFastqAndDragmapAndMba/shard-4/inputs/358000914/shard_0005.bam -r dragen_reference --interleaved=1 --preserve-map-align-order true 2> >(tee shard_0005.dragmap.stderr.log >&2) | samtools view -h -O BAM - > aligned.bam
java -Dsamjdk.compression_level=2 -Xms300g -Xmx300g -jar /picard/picard.jar \
  MergeBamAlignment \
  VALIDATION_STRINGENCY=SILENT \
  EXPECTED_ORIENTATIONS=FR \
  ATTRIBUTES_TO_RETAIN=X0 \
  ATTRIBUTES_TO_REMOVE=RG \
  ATTRIBUTES_TO_REMOVE=NM \
  ATTRIBUTES_TO_REMOVE=MD \
  ALIGNED_BAM=aligned.bam \
  UNMAPPED_BAM=/cromwell-executions1/WholeGenomeGermlineSingleSample/e1bc4c5d-f439-4a4a-8850-28087bc544a9/call-UnmappedBamToAlignedBam/UnmappedBamToAlignedBam/988a0a52-89a4-4590-b810-0197d5b56440/call-SplitRG/shard-0/SplitLargeReadGroup/4fb0aa59-4201-4280-ada9-e038759d61c4/call-SamToFastqAndDragmapAndMba/shard-4/inputs/358000914/shard_0005.bam \
  OUTPUT=shard_0005.bam \
  REFERENCE_SEQUENCE=/cromwell-executions1/WholeGenomeGermlineSingleSample/e1bc4c5d-f439-4a4a-8850-28087bc544a9/call-UnmappedBamToAlignedBam/UnmappedBamToAlignedBam/988a0a52-89a4-4590-b810-0197d5b56440/call-SplitRG/shard-0/SplitLargeReadGroup/4fb0aa59-4201-4280-ada9-e038759d61c4/call-SamToFastqAndDragmapAndMba/shard-4/inputs/-1569105944/Homo_sapiens_assembly38_masked.fasta \
  PAIRED_RUN=true \
  SORT_ORDER="unsorted" \
  IS_BISULFITE_SEQUENCE=false \
  ALIGNED_READS_ONLY=false \
  CLIP_ADAPTERS=false \
   \
   \
  MAX_RECORDS_IN_RAM=2000000 \
  ADD_MATE_CIGAR=true \
  MAX_INSERTIONS_OR_DELETIONS=-1 \
  PRIMARY_ALIGNMENT_STRATEGY=MostDistant \
  PROGRAM_RECORD_ID="dragen-os" \
  PROGRAM_GROUP_VERSION="${DRAGMAP_VERSION}" \
  PROGRAM_GROUP_COMMAND_LINE="dragen-os -b /cromwell-executions1/WholeGenomeGermlineSingleSample/e1bc4c5d-f439-4a4a-8850-28087bc544a9/call-UnmappedBamToAlignedBam/UnmappedBamToAlignedBam/988a0a52-89a4-4590-b810-0197d5b56440/call-SplitRG/shard-0/SplitLargeReadGroup/4fb0aa59-4201-4280-ada9-e038759d61c4/call-SamToFastqAndDragmapAndMba/shard-4/inputs/358000914/shard_0005.bam -r dragen_reference --interleaved=1" \
  PROGRAM_GROUP_NAME="dragen-os" \
  UNMAPPED_READ_STRATEGY=COPY_TO_TAG \
  ALIGNER_PROPER_PAIR_FLAGS=true \
  UNMAP_CONTAMINANT_READS=true \
  ADD_PG_TAG_TO_READS=false[0m
[2026-03-27 10:40:35,34] [info] BackgroundConfigAsyncJobExecutionActor [[38;5;2m4fb0aa59[0mSplitLargeReadGroup.SamToFastqAndDragmapAndMba:4:1]: executing: # make sure there is no preexisting Docker CID file
rm -f /home/darja/workflow/cromwell-executions1/WholeGenomeGermlineSingleSample/e1bc4c5d-f439-4a4a-8850-28087bc544a9/call-UnmappedBamToAlignedBam/UnmappedBamToAlignedBam/988a0a52-89a4-4590-b810-0197d5b56440/call-SplitRG/shard-0/SplitLargeReadGroup/4fb0aa59-4201-4280-ada9-e038759d61c4/call-SamToFastqAndDragmapAndMba/shard-4/execution/docker_cid
# run as in the original configuration without --rm flag (will remove later)
docker run \
  --cidfile /home/darja/workflow/cromwell-executions1/WholeGenomeGermlineSingleSample/e1bc4c5d-f439-4a4a-8850-28087bc544a9/call-UnmappedBamToAlignedBam/UnmappedBamToAlignedBam/988a0a52-89a4-4590-b810-0197d5b56440/call-SplitRG/shard-0/SplitLargeReadGroup/4fb0aa59-4201-4280-ada9-e038759d61c4/call-SamToFastqAndDragmapAndMba/shard-4/execution/docker_cid \
  -i \
  --user 1027:1028 \
  --cpus="64" \
  --memory="409600m" \
  --entrypoint /bin/bash \
  -v /home/darja/workflow/cromwell-executions1/WholeGenomeGermlineSingleSample/e1bc4c5d-f439-4a4a-8850-28087bc544a9/call-UnmappedBamToAlignedBam/UnmappedBamToAlignedBam/988a0a52-89a4-4590-b810-0197d5b56440/call-SplitRG/shard-0/SplitLargeReadGroup/4fb0aa59-4201-4280-ada9-e038759d61c4/call-SamToFastqAndDragmapAndMba/shard-4:/cromwell-executions1/WholeGenomeGermlineSingleSample/e1bc4c5d-f439-4a4a-8850-28087bc544a9/call-UnmappedBamToAlignedBam/UnmappedBamToAlignedBam/988a0a52-89a4-4590-b810-0197d5b56440/call-SplitRG/shard-0/SplitLargeReadGroup/4fb0aa59-4201-4280-ada9-e038759d61c4/call-SamToFastqAndDragmapAndMba/shard-4 \
  -v /mnt/nas1/projects/lasr/blendseq:/mnt/nas1/projects/lasr/blendseq \
  us.gcr.io/broad-gotc-prod/dragmap@sha256:5964afca3e4173c33b11100f68c1a44642e0ff2ee4de5a49d8cd446fef308b23 /cromwell-executions1/WholeGenomeGermlineSingleSample/e1bc4c5d-f439-4a4a-8850-28087bc544a9/call-UnmappedBamToAlignedBam/UnmappedBamToAlignedBam/988a0a52-89a4-4590-b810-0197d5b56440/call-SplitRG/shard-0/SplitLargeReadGroup/4fb0aa59-4201-4280-ada9-e038759d61c4/call-SamToFastqAndDragmapAndMba/shard-4/execution/script

# get the return code (working even if the container was detached)
rc=$(docker wait [38;5;5mcat /home/darja/workflow/cromwell-executions1/WholeGenomeGermlineSingleSample/e1bc4c5d-f439-4a4a-8850-28087bc544a9/call-UnmappedBamToAlignedBam/UnmappedBamToAlignedBam/988a0a52-89a4-4590-b810-0197d5b56440/call-SplitRG/shard-0/SplitLargeReadGroup/4fb0aa59-4201-4280-ada9-e038759d61c4/call-SamToFastqAndDragmapAndMba/shard-4/execution/docker_cid[0m)

# remove the container after waiting
docker rm [38;5;5mcat /home/darja/workflow/cromwell-executions1/WholeGenomeGermlineSingleSample/e1bc4c5d-f439-4a4a-8850-28087bc544a9/call-UnmappedBamToAlignedBam/UnmappedBamToAlignedBam/988a0a52-89a4-4590-b810-0197d5b56440/call-SplitRG/shard-0/SplitLargeReadGroup/4fb0aa59-4201-4280-ada9-e038759d61c4/call-SamToFastqAndDragmapAndMba/shard-4/execution/docker_cid[0m

# return exit code
exit $rc
[2026-03-27 10:40:36,47] [info] BackgroundConfigAsyncJobExecutionActor [[38;5;2m4fb0aa59[0mSplitLargeReadGroup.SamToFastqAndDragmapAndMba:4:1]: job id: 515994
[2026-03-27 10:40:36,47] [info] BackgroundConfigAsyncJobExecutionActor [[38;5;2m4fb0aa59[0mSplitLargeReadGroup.SamToFastqAndDragmapAndMba:4:1]: Status change from - to WaitingForReturnCode
[2026-03-27 11:15:57,29] [info] BackgroundConfigAsyncJobExecutionActor [[38;5;2m4fb0aa59[0mSplitLargeReadGroup.SamToFastqAndDragmapAndMba:4:1]: Status change from WaitingForReturnCode to Done
[2026-03-27 11:16:01,56] [info] Assigned new job execution tokens to the following groups: e1bc4c5d: 1
[2026-03-27 11:16:01,60] [[38;5;220mwarn[0m] BackgroundConfigAsyncJobExecutionActor [[38;5;2m4fb0aa59[0mSplitLargeReadGroup.SamToFastqAndDragmapAndMba:16:1]: Unrecognized runtime attribute keys: preemptible, disks, cpu, memory
[2026-03-27 11:16:03,86] [info] BackgroundConfigAsyncJobExecutionActor [[38;5;2m4fb0aa59[0mSplitLargeReadGroup.SamToFastqAndDragmapAndMba:16:1]: [38;5;5mset -euxo pipefail

DRAGMAP_VERSION=$(dragen-os --version)

if [ -z ${DRAGMAP_VERSION} ]; then
    exit 1;
fi

mkdir dragen_reference
mv /cromwell-executions1/WholeGenomeGermlineSingleSample/e1bc4c5d-f439-4a4a-8850-28087bc544a9/call-UnmappedBamToAlignedBam/UnmappedBamToAlignedBam/988a0a52-89a4-4590-b810-0197d5b56440/call-SplitRG/shard-0/SplitLargeReadGroup/4fb0aa59-4201-4280-ada9-e038759d61c4/call-SamToFastqAndDragmapAndMba/shard-16/inputs/-1290198700/reference.bin /cromwell-executions1/WholeGenomeGermlineSingleSample/e1bc4c5d-f439-4a4a-8850-28087bc544a9/call-UnmappedBamToAlignedBam/UnmappedBamToAlignedBam/988a0a52-89a4-4590-b810-0197d5b56440/call-SplitRG/shard-0/SplitLargeReadGroup/4fb0aa59-4201-4280-ada9-e038759d61c4/call-SamToFastqAndDragmapAndMba/shard-16/inputs/-1290198700/hash_table.cfg.bin /cromwell-executions1/WholeGenomeGermlineSingleSample/e1bc4c5d-f439-4a4a-8850-28087bc544a9/call-UnmappedBamToAlignedBam/UnmappedBamToAlignedBam/988a0a52-89a4-4590-b810-0197d5b56440/call-SplitRG/shard-0/SplitLargeReadGroup/4fb0aa59-4201-4280-ada9-e038759d61c4/call-SamToFastqAndDragmapAndMba/shard-16/inputs/-1290198700/hash_table.cmp dragen_reference

dragen-os -b /cromwell-executions1/WholeGenomeGermlineSingleSample/e1bc4c5d-f439-4a4a-8850-28087bc544a9/call-UnmappedBamToAlignedBam/UnmappedBamToAlignedBam/988a0a52-89a4-4590-b810-0197d5b56440/call-SplitRG/shard-0/SplitLargeReadGroup/4fb0aa59-4201-4280-ada9-e038759d61c4/call-SamToFastqAndDragmapAndMba/shard-16/inputs/358000914/shard_0017.bam -r dragen_reference --interleaved=1 --preserve-map-align-order true 2> >(tee shard_0017.dragmap.stderr.log >&2) | samtools view -h -O BAM - > aligned.bam
java -Dsamjdk.compression_level=2 -Xms300g -Xmx300g -jar /picard/picard.jar \
  MergeBamAlignment \
  VALIDATION_STRINGENCY=SILENT \
  EXPECTED_ORIENTATIONS=FR \
  ATTRIBUTES_TO_RETAIN=X0 \
  ATTRIBUTES_TO_REMOVE=RG \
  ATTRIBUTES_TO_REMOVE=NM \
  ATTRIBUTES_TO_REMOVE=MD \
  ALIGNED_BAM=aligned.bam \
  UNMAPPED_BAM=/cromwell-executions1/WholeGenomeGermlineSingleSample/e1bc4c5d-f439-4a4a-8850-28087bc544a9/call-UnmappedBamToAlignedBam/UnmappedBamToAlignedBam/988a0a52-89a4-4590-b810-0197d5b56440/call-SplitRG/shard-0/SplitLargeReadGroup/4fb0aa59-4201-4280-ada9-e038759d61c4/call-SamToFastqAndDragmapAndMba/shard-16/inputs/358000914/shard_0017.bam \
  OUTPUT=shard_0017.bam \
  REFERENCE_SEQUENCE=/cromwell-executions1/WholeGenomeGermlineSingleSample/e1bc4c5d-f439-4a4a-8850-28087bc544a9/call-UnmappedBamToAlignedBam/UnmappedBamToAlignedBam/988a0a52-89a4-4590-b810-0197d5b56440/call-SplitRG/shard-0/SplitLargeReadGroup/4fb0aa59-4201-4280-ada9-e038759d61c4/call-SamToFastqAndDragmapAndMba/shard-16/inputs/-1569105944/Homo_sapiens_assembly38_masked.fasta \
  PAIRED_RUN=true \
  SORT_ORDER="unsorted" \
  IS_BISULFITE_SEQUENCE=false \
  ALIGNED_READS_ONLY=false \
  CLIP_ADAPTERS=false \
   \
   \
  MAX_RECORDS_IN_RAM=2000000 \
  ADD_MATE_CIGAR=true \
  MAX_INSERTIONS_OR_DELETIONS=-1 \
  PRIMARY_ALIGNMENT_STRATEGY=MostDistant \
  PROGRAM_RECORD_ID="dragen-os" \
  PROGRAM_GROUP_VERSION="${DRAGMAP_VERSION}" \
  PROGRAM_GROUP_COMMAND_LINE="dragen-os -b /cromwell-executions1/WholeGenomeGermlineSingleSample/e1bc4c5d-f439-4a4a-8850-28087bc544a9/call-UnmappedBamToAlignedBam/UnmappedBamToAlignedBam/988a0a52-89a4-4590-b810-0197d5b56440/call-SplitRG/shard-0/SplitLargeReadGroup/4fb0aa59-4201-4280-ada9-e038759d61c4/call-SamToFastqAndDragmapAndMba/shard-16/inputs/358000914/shard_0017.bam -r dragen_reference --interleaved=1" \
  PROGRAM_GROUP_NAME="dragen-os" \
  UNMAPPED_READ_STRATEGY=COPY_TO_TAG \
  ALIGNER_PROPER_PAIR_FLAGS=true \
  UNMAP_CONTAMINANT_READS=true \
  ADD_PG_TAG_TO_READS=false[0m
[2026-03-27 11:16:03,86] [info] BackgroundConfigAsyncJobExecutionActor [[38;5;2m4fb0aa59[0mSplitLargeReadGroup.SamToFastqAndDragmapAndMba:16:1]: executing: # make sure there is no preexisting Docker CID file
rm -f /home/darja/workflow/cromwell-executions1/WholeGenomeGermlineSingleSample/e1bc4c5d-f439-4a4a-8850-28087bc544a9/call-UnmappedBamToAlignedBam/UnmappedBamToAlignedBam/988a0a52-89a4-4590-b810-0197d5b56440/call-SplitRG/shard-0/SplitLargeReadGroup/4fb0aa59-4201-4280-ada9-e038759d61c4/call-SamToFastqAndDragmapAndMba/shard-16/execution/docker_cid
# run as in the original configuration without --rm flag (will remove later)
docker run \
  --cidfile /home/darja/workflow/cromwell-executions1/WholeGenomeGermlineSingleSample/e1bc4c5d-f439-4a4a-8850-28087bc544a9/call-UnmappedBamToAlignedBam/UnmappedBamToAlignedBam/988a0a52-89a4-4590-b810-0197d5b56440/call-SplitRG/shard-0/SplitLargeReadGroup/4fb0aa59-4201-4280-ada9-e038759d61c4/call-SamToFastqAndDragmapAndMba/shard-16/execution/docker_cid \
  -i \
  --user 1027:1028 \
  --cpus="64" \
  --memory="409600m" \
  --entrypoint /bin/bash \
  -v /home/darja/workflow/cromwell-executions1/WholeGenomeGermlineSingleSample/e1bc4c5d-f439-4a4a-8850-28087bc544a9/call-UnmappedBamToAlignedBam/UnmappedBamToAlignedBam/988a0a52-89a4-4590-b810-0197d5b56440/call-SplitRG/shard-0/SplitLargeReadGroup/4fb0aa59-4201-4280-ada9-e038759d61c4/call-SamToFastqAndDragmapAndMba/shard-16:/cromwell-executions1/WholeGenomeGermlineSingleSample/e1bc4c5d-f439-4a4a-8850-28087bc544a9/call-UnmappedBamToAlignedBam/UnmappedBamToAlignedBam/988a0a52-89a4-4590-b810-0197d5b56440/call-SplitRG/shard-0/SplitLargeReadGroup/4fb0aa59-4201-4280-ada9-e038759d61c4/call-SamToFastqAndDragmapAndMba/shard-16 \
  -v /mnt/nas1/projects/lasr/blendseq:/mnt/nas1/projects/lasr/blendseq \
  us.gcr.io/broad-gotc-prod/dragmap@sha256:5964afca3e4173c33b11100f68c1a44642e0ff2ee4de5a49d8cd446fef308b23 /cromwell-executions1/WholeGenomeGermlineSingleSample/e1bc4c5d-f439-4a4a-8850-28087bc544a9/call-UnmappedBamToAlignedBam/UnmappedBamToAlignedBam/988a0a52-89a4-4590-b810-0197d5b56440/call-SplitRG/shard-0/SplitLargeReadGroup/4fb0aa59-4201-4280-ada9-e038759d61c4/call-SamToFastqAndDragmapAndMba/shard-16/execution/script

# get the return code (working even if the container was detached)
rc=$(docker wait [38;5;5mcat /home/darja/workflow/cromwell-executions1/WholeGenomeGermlineSingleSample/e1bc4c5d-f439-4a4a-8850-28087bc544a9/call-UnmappedBamToAlignedBam/UnmappedBamToAlignedBam/988a0a52-89a4-4590-b810-0197d5b56440/call-SplitRG/shard-0/SplitLargeReadGroup/4fb0aa59-4201-4280-ada9-e038759d61c4/call-SamToFastqAndDragmapAndMba/shard-16/execution/docker_cid[0m)

# remove the container after waiting
docker rm [38;5;5mcat /home/darja/workflow/cromwell-executions1/WholeGenomeGermlineSingleSample/e1bc4c5d-f439-4a4a-8850-28087bc544a9/call-UnmappedBamToAlignedBam/UnmappedBamToAlignedBam/988a0a52-89a4-4590-b810-0197d5b56440/call-SplitRG/shard-0/SplitLargeReadGroup/4fb0aa59-4201-4280-ada9-e038759d61c4/call-SamToFastqAndDragmapAndMba/shard-16/execution/docker_cid[0m

# return exit code
exit $rc
[2026-03-27 11:16:06,47] [info] BackgroundConfigAsyncJobExecutionActor [[38;5;2m4fb0aa59[0mSplitLargeReadGroup.SamToFastqAndDragmapAndMba:16:1]: job id: 517113
[2026-03-27 11:16:06,47] [info] BackgroundConfigAsyncJobExecutionActor [[38;5;2m4fb0aa59[0mSplitLargeReadGroup.SamToFastqAndDragmapAndMba:16:1]: Status change from - to WaitingForReturnCode
[2026-03-27 11:49:31,34] [info] BackgroundConfigAsyncJobExecutionActor [[38;5;2m4fb0aa59[0mSplitLargeReadGroup.SamToFastqAndDragmapAndMba:16:1]: Status change from WaitingForReturnCode to Done
[2026-03-27 11:49:31,56] [info] Assigned new job execution tokens to the following groups: e1bc4c5d: 1
[2026-03-27 11:49:31,60] [[38;5;220mwarn[0m] BackgroundConfigAsyncJobExecutionActor [[38;5;2m4fb0aa59[0mSplitLargeReadGroup.SamToFastqAndDragmapAndMba:31:1]: Unrecognized runtime attribute keys: preemptible, disks, cpu, memory
[2026-03-27 11:49:34,36] [info] BackgroundConfigAsyncJobExecutionActor [[38;5;2m4fb0aa59[0mSplitLargeReadGroup.SamToFastqAndDragmapAndMba:31:1]: [38;5;5mset -euxo pipefail

DRAGMAP_VERSION=$(dragen-os --version)

if [ -z ${DRAGMAP_VERSION} ]; then
    exit 1;
fi

mkdir dragen_reference
mv /cromwell-executions1/WholeGenomeGermlineSingleSample/e1bc4c5d-f439-4a4a-8850-28087bc544a9/call-UnmappedBamToAlignedBam/UnmappedBamToAlignedBam/988a0a52-89a4-4590-b810-0197d5b56440/call-SplitRG/shard-0/SplitLargeReadGroup/4fb0aa59-4201-4280-ada9-e038759d61c4/call-SamToFastqAndDragmapAndMba/shard-31/inputs/-1290198700/reference.bin /cromwell-executions1/WholeGenomeGermlineSingleSample/e1bc4c5d-f439-4a4a-8850-28087bc544a9/call-UnmappedBamToAlignedBam/UnmappedBamToAlignedBam/988a0a52-89a4-4590-b810-0197d5b56440/call-SplitRG/shard-0/SplitLargeReadGroup/4fb0aa59-4201-4280-ada9-e038759d61c4/call-SamToFastqAndDragmapAndMba/shard-31/inputs/-1290198700/hash_table.cfg.bin /cromwell-executions1/WholeGenomeGermlineSingleSample/e1bc4c5d-f439-4a4a-8850-28087bc544a9/call-UnmappedBamToAlignedBam/UnmappedBamToAlignedBam/988a0a52-89a4-4590-b810-0197d5b56440/call-SplitRG/shard-0/SplitLargeReadGroup/4fb0aa59-4201-4280-ada9-e038759d61c4/call-SamToFastqAndDragmapAndMba/shard-31/inputs/-1290198700/hash_table.cmp dragen_reference

dragen-os -b /cromwell-executions1/WholeGenomeGermlineSingleSample/e1bc4c5d-f439-4a4a-8850-28087bc544a9/call-UnmappedBamToAlignedBam/UnmappedBamToAlignedBam/988a0a52-89a4-4590-b810-0197d5b56440/call-SplitRG/shard-0/SplitLargeReadGroup/4fb0aa59-4201-4280-ada9-e038759d61c4/call-SamToFastqAndDragmapAndMba/shard-31/inputs/358000914/shard_0032.bam -r dragen_reference --interleaved=1 --preserve-map-align-order true 2> >(tee shard_0032.dragmap.stderr.log >&2) | samtools view -h -O BAM - > aligned.bam
java -Dsamjdk.compression_level=2 -Xms300g -Xmx300g -jar /picard/picard.jar \
  MergeBamAlignment \
  VALIDATION_STRINGENCY=SILENT \
  EXPECTED_ORIENTATIONS=FR \
  ATTRIBUTES_TO_RETAIN=X0 \
  ATTRIBUTES_TO_REMOVE=RG \
  ATTRIBUTES_TO_REMOVE=NM \
  ATTRIBUTES_TO_REMOVE=MD \
  ALIGNED_BAM=aligned.bam \
  UNMAPPED_BAM=/cromwell-executions1/WholeGenomeGermlineSingleSample/e1bc4c5d-f439-4a4a-8850-28087bc544a9/call-UnmappedBamToAlignedBam/UnmappedBamToAlignedBam/988a0a52-89a4-4590-b810-0197d5b56440/call-SplitRG/shard-0/SplitLargeReadGroup/4fb0aa59-4201-4280-ada9-e038759d61c4/call-SamToFastqAndDragmapAndMba/shard-31/inputs/358000914/shard_0032.bam \
  OUTPUT=shard_0032.bam \
  REFERENCE_SEQUENCE=/cromwell-executions1/WholeGenomeGermlineSingleSample/e1bc4c5d-f439-4a4a-8850-28087bc544a9/call-UnmappedBamToAlignedBam/UnmappedBamToAlignedBam/988a0a52-89a4-4590-b810-0197d5b56440/call-SplitRG/shard-0/SplitLargeReadGroup/4fb0aa59-4201-4280-ada9-e038759d61c4/call-SamToFastqAndDragmapAndMba/shard-31/inputs/-1569105944/Homo_sapiens_assembly38_masked.fasta \
  PAIRED_RUN=true \
  SORT_ORDER="unsorted" \
  IS_BISULFITE_SEQUENCE=false \
  ALIGNED_READS_ONLY=false \
  CLIP_ADAPTERS=false \
   \
   \
  MAX_RECORDS_IN_RAM=2000000 \
  ADD_MATE_CIGAR=true \
  MAX_INSERTIONS_OR_DELETIONS=-1 \
  PRIMARY_ALIGNMENT_STRATEGY=MostDistant \
  PROGRAM_RECORD_ID="dragen-os" \
  PROGRAM_GROUP_VERSION="${DRAGMAP_VERSION}" \
  PROGRAM_GROUP_COMMAND_LINE="dragen-os -b /cromwell-executions1/WholeGenomeGermlineSingleSample/e1bc4c5d-f439-4a4a-8850-28087bc544a9/call-UnmappedBamToAlignedBam/UnmappedBamToAlignedBam/988a0a52-89a4-4590-b810-0197d5b56440/call-SplitRG/shard-0/SplitLargeReadGroup/4fb0aa59-4201-4280-ada9-e038759d61c4/call-SamToFastqAndDragmapAndMba/shard-31/inputs/358000914/shard_0032.bam -r dragen_reference --interleaved=1" \
  PROGRAM_GROUP_NAME="dragen-os" \
  UNMAPPED_READ_STRATEGY=COPY_TO_TAG \
  ALIGNER_PROPER_PAIR_FLAGS=true \
  UNMAP_CONTAMINANT_READS=true \
  ADD_PG_TAG_TO_READS=false[0m
[2026-03-27 11:49:34,36] [info] BackgroundConfigAsyncJobExecutionActor [[38;5;2m4fb0aa59[0mSplitLargeReadGroup.SamToFastqAndDragmapAndMba:31:1]: executing: # make sure there is no preexisting Docker CID file
rm -f /home/darja/workflow/cromwell-executions1/WholeGenomeGermlineSingleSample/e1bc4c5d-f439-4a4a-8850-28087bc544a9/call-UnmappedBamToAlignedBam/UnmappedBamToAlignedBam/988a0a52-89a4-4590-b810-0197d5b56440/call-SplitRG/shard-0/SplitLargeReadGroup/4fb0aa59-4201-4280-ada9-e038759d61c4/call-SamToFastqAndDragmapAndMba/shard-31/execution/docker_cid
# run as in the original configuration without --rm flag (will remove later)
docker run \
  --cidfile /home/darja/workflow/cromwell-executions1/WholeGenomeGermlineSingleSample/e1bc4c5d-f439-4a4a-8850-28087bc544a9/call-UnmappedBamToAlignedBam/UnmappedBamToAlignedBam/988a0a52-89a4-4590-b810-0197d5b56440/call-SplitRG/shard-0/SplitLargeReadGroup/4fb0aa59-4201-4280-ada9-e038759d61c4/call-SamToFastqAndDragmapAndMba/shard-31/execution/docker_cid \
  -i \
  --user 1027:1028 \
  --cpus="64" \
  --memory="409600m" \
  --entrypoint /bin/bash \
  -v /home/darja/workflow/cromwell-executions1/WholeGenomeGermlineSingleSample/e1bc4c5d-f439-4a4a-8850-28087bc544a9/call-UnmappedBamToAlignedBam/UnmappedBamToAlignedBam/988a0a52-89a4-4590-b810-0197d5b56440/call-SplitRG/shard-0/SplitLargeReadGroup/4fb0aa59-4201-4280-ada9-e038759d61c4/call-SamToFastqAndDragmapAndMba/shard-31:/cromwell-executions1/WholeGenomeGermlineSingleSample/e1bc4c5d-f439-4a4a-8850-28087bc544a9/call-UnmappedBamToAlignedBam/UnmappedBamToAlignedBam/988a0a52-89a4-4590-b810-0197d5b56440/call-SplitRG/shard-0/SplitLargeReadGroup/4fb0aa59-4201-4280-ada9-e038759d61c4/call-SamToFastqAndDragmapAndMba/shard-31 \
  -v /mnt/nas1/projects/lasr/blendseq:/mnt/nas1/projects/lasr/blendseq \
  us.gcr.io/broad-gotc-prod/dragmap@sha256:5964afca3e4173c33b11100f68c1a44642e0ff2ee4de5a49d8cd446fef308b23 /cromwell-executions1/WholeGenomeGermlineSingleSample/e1bc4c5d-f439-4a4a-8850-28087bc544a9/call-UnmappedBamToAlignedBam/UnmappedBamToAlignedBam/988a0a52-89a4-4590-b810-0197d5b56440/call-SplitRG/shard-0/SplitLargeReadGroup/4fb0aa59-4201-4280-ada9-e038759d61c4/call-SamToFastqAndDragmapAndMba/shard-31/execution/script

# get the return code (working even if the container was detached)
rc=$(docker wait [38;5;5mcat /home/darja/workflow/cromwell-executions1/WholeGenomeGermlineSingleSample/e1bc4c5d-f439-4a4a-8850-28087bc544a9/call-UnmappedBamToAlignedBam/UnmappedBamToAlignedBam/988a0a52-89a4-4590-b810-0197d5b56440/call-SplitRG/shard-0/SplitLargeReadGroup/4fb0aa59-4201-4280-ada9-e038759d61c4/call-SamToFastqAndDragmapAndMba/shard-31/execution/docker_cid[0m)

# remove the container after waiting
docker rm [38;5;5mcat /home/darja/workflow/cromwell-executions1/WholeGenomeGermlineSingleSample/e1bc4c5d-f439-4a4a-8850-28087bc544a9/call-UnmappedBamToAlignedBam/UnmappedBamToAlignedBam/988a0a52-89a4-4590-b810-0197d5b56440/call-SplitRG/shard-0/SplitLargeReadGroup/4fb0aa59-4201-4280-ada9-e038759d61c4/call-SamToFastqAndDragmapAndMba/shard-31/execution/docker_cid[0m

# return exit code
exit $rc
[2026-03-27 11:49:36,47] [info] BackgroundConfigAsyncJobExecutionActor [[38;5;2m4fb0aa59[0mSplitLargeReadGroup.SamToFastqAndDragmapAndMba:31:1]: job id: 518109
[2026-03-27 11:49:36,47] [info] BackgroundConfigAsyncJobExecutionActor [[38;5;2m4fb0aa59[0mSplitLargeReadGroup.SamToFastqAndDragmapAndMba:31:1]: Status change from - to WaitingForReturnCode
[2026-03-27 12:30:25,69] [info] BackgroundConfigAsyncJobExecutionActor [[38;5;2m4fb0aa59[0mSplitLargeReadGroup.SamToFastqAndDragmapAndMba:31:1]: Status change from WaitingForReturnCode to Done
[2026-03-27 12:30:30,22] [info] 4fb0aa59-4201-4280-ada9-e038759d61c4-SubWorkflowActor-SubWorkflow-SplitRG:0:1 [[38;5;2m4fb0aa59[0m]: Starting SplitLargeReadGroup.GatherMonolithicBamFile
[2026-03-27 12:30:31,56] [info] Assigned new job execution tokens to the following groups: e1bc4c5d: 1
[2026-03-27 12:30:31,57] [[38;5;220mwarn[0m] BackgroundConfigAsyncJobExecutionActor [[38;5;2m4fb0aa59[0mSplitLargeReadGroup.GatherMonolithicBamFile:NA:1]: Unrecognized runtime attribute keys: preemptible, disks, memory
[2026-03-27 12:33:36,03] [info] BackgroundConfigAsyncJobExecutionActor [[38;5;2m4fb0aa59[0mSplitLargeReadGroup.GatherMonolithicBamFile:NA:1]: [38;5;5mjava -Dsamjdk.compression_level=2 -Xms300g -Xmx300g -jar /usr/picard/picard.jar \
  GatherBamFiles \
  INPUT=/cromwell-executions1/WholeGenomeGermlineSingleSample/e1bc4c5d-f439-4a4a-8850-28087bc544a9/call-UnmappedBamToAlignedBam/UnmappedBamToAlignedBam/988a0a52-89a4-4590-b810-0197d5b56440/call-SplitRG/shard-0/SplitLargeReadGroup/4fb0aa59-4201-4280-ada9-e038759d61c4/call-GatherMonolithicBamFile/inputs/-508224862/shard_0001.bam INPUT=/cromwell-executions1/WholeGenomeGermlineSingleSample/e1bc4c5d-f439-4a4a-8850-28087bc544a9/call-UnmappedBamToAlignedBam/UnmappedBamToAlignedBam/988a0a52-89a4-4590-b810-0197d5b56440/call-SplitRG/shard-0/SplitLargeReadGroup/4fb0aa59-4201-4280-ada9-e038759d61c4/call-GatherMonolithicBamFile/inputs/1989791075/shard_0002.bam INPUT=/cromwell-executions1/WholeGenomeGermlineSingleSample/e1bc4c5d-f439-4a4a-8850-28087bc544a9/call-UnmappedBamToAlignedBam/UnmappedBamToAlignedBam/988a0a52-89a4-4590-b810-0197d5b56440/call-SplitRG/shard-0/SplitLargeReadGroup/4fb0aa59-4201-4280-ada9-e038759d61c4/call-GatherMonolithicBamFile/inputs/192839716/shard_0003.bam INPUT=/cromwell-executions1/WholeGenomeGermlineSingleSample/e1bc4c5d-f439-4a4a-8850-28087bc544a9/call-UnmappedBamToAlignedBam/UnmappedBamToAlignedBam/988a0a52-89a4-4590-b810-0197d5b56440/call-SplitRG/shard-0/SplitLargeReadGroup/4fb0aa59-4201-4280-ada9-e038759d61c4/call-GatherMonolithicBamFile/inputs/-1604111643/shard_0004.bam INPUT=/cromwell-executions1/WholeGenomeGermlineSingleSample/e1bc4c5d-f439-4a4a-8850-28087bc544a9/call-UnmappedBamToAlignedBam/UnmappedBamToAlignedBam/988a0a52-89a4-4590-b810-0197d5b56440/call-SplitRG/shard-0/SplitLargeReadGroup/4fb0aa59-4201-4280-ada9-e038759d61c4/call-GatherMonolithicBamFile/inputs/893904294/shard_0005.bam INPUT=/cromwell-executions1/WholeGenomeGermlineSingleSample/e1bc4c5d-f439-4a4a-8850-28087bc544a9/call-UnmappedBamToAlignedBam/UnmappedBamToAlignedBam/988a0a52-89a4-4590-b810-0197d5b56440/call-SplitRG/shard-0/SplitLargeReadGroup/4fb0aa59-4201-4280-ada9-e038759d61c4/call-GatherMonolithicBamFile/inputs/-903047065/shard_0006.bam INPUT=/cromwell-executions1/WholeGenomeGermlineSingleSample/e1bc4c5d-f439-4a4a-8850-28087bc544a9/call-UnmappedBamToAlignedBam/UnmappedBamToAlignedBam/988a0a52-89a4-4590-b810-0197d5b56440/call-SplitRG/shard-0/SplitLargeReadGroup/4fb0aa59-4201-4280-ada9-e038759d61c4/call-GatherMonolithicBamFile/inputs/1594968872/shard_0007.bam INPUT=/cromwell-executions1/WholeGenomeGermlineSingleSample/e1bc4c5d-f439-4a4a-8850-28087bc544a9/call-UnmappedBamToAlignedBam/UnmappedBamToAlignedBam/988a0a52-89a4-4590-b810-0197d5b56440/call-SplitRG/shard-0/SplitLargeReadGroup/4fb0aa59-4201-4280-ada9-e038759d61c4/call-GatherMonolithicBamFile/inputs/-201982487/shard_0008.bam INPUT=/cromwell-executions1/WholeGenomeGermlineSingleSample/e1bc4c5d-f439-4a4a-8850-28087bc544a9/call-UnmappedBamToAlignedBam/UnmappedBamToAlignedBam/988a0a52-89a4-4590-b810-0197d5b56440/call-SplitRG/shard-0/SplitLargeReadGroup/4fb0aa59-4201-4280-ada9-e038759d61c4/call-GatherMonolithicBamFile/inputs/-1998933846/shard_0009.bam INPUT=/cromwell-executions1/WholeGenomeGermlineSingleSample/e1bc4c5d-f439-4a4a-8850-28087bc544a9/call-UnmappedBamToAlignedBam/UnmappedBamToAlignedBam/988a0a52-89a4-4590-b810-0197d5b56440/call-SplitRG/shard-0/SplitLargeReadGroup/4fb0aa59-4201-4280-ada9-e038759d61c4/call-GatherMonolithicBamFile/inputs/499082091/shard_0010.bam INPUT=/cromwell-executions1/WholeGenomeGermlineSingleSample/e1bc4c5d-f439-4a4a-8850-28087bc544a9/call-UnmappedBamToAlignedBam/UnmappedBamToAlignedBam/988a0a52-89a4-4590-b810-0197d5b56440/call-SplitRG/shard-0/SplitLargeReadGroup/4fb0aa59-4201-4280-ada9-e038759d61c4/call-GatherMonolithicBamFile/inputs/1775307167/shard_0011.bam INPUT=/cromwell-executions1/WholeGenomeGermlineSingleSample/e1bc4c5d-f439-4a4a-8850-28087bc544a9/call-UnmappedBamToAlignedBam/UnmappedBamToAlignedBam/988a0a52-89a4-4590-b810-0197d5b56440/call-SplitRG/shard-0/SplitLargeReadGroup/4fb0aa59-4201-4280-ada9-e038759d61c4/call-GatherMonolithicBamFile/inputs/-21644192/shard_0012.bam INPUT=/cromwell-executions1/WholeGenomeGermlineSingleSample/e1bc4c5d-f439-4a4a-8850-28087bc544a9/call-UnmappedBamToAlignedBam/UnmappedBamToAlignedBam/988a0a52-89a4-4590-b810-0197d5b56440/call-SplitRG/shard-0/SplitLargeReadGroup/4fb0aa59-4201-4280-ada9-e038759d61c4/call-GatherMonolithicBamFile/inputs/-1818595551/shard_0013.bam INPUT=/cromwell-executions1/WholeGenomeGermlineSingleSample/e1bc4c5d-f439-4a4a-8850-28087bc544a9/call-UnmappedBamToAlignedBam/UnmappedBamToAlignedBam/988a0a52-89a4-4590-b810-0197d5b56440/call-SplitRG/shard-0/SplitLargeReadGroup/4fb0aa59-4201-4280-ada9-e038759d61c4/call-GatherMonolithicBamFile/inputs/679420386/shard_0014.bam INPUT=/cromwell-executions1/WholeGenomeGermlineSingleSample/e1bc4c5d-f439-4a4a-8850-28087bc544a9/call-UnmappedBamToAlignedBam/UnmappedBamToAlignedBam/988a0a52-89a4-4590-b810-0197d5b56440/call-SplitRG/shard-0/SplitLargeReadGroup/4fb0aa59-4201-4280-ada9-e038759d61c4/call-GatherMonolithicBamFile/inputs/-1117530973/shard_0015.bam INPUT=/cromwell-executions1/WholeGenomeGermlineSingleSample/e1bc4c5d-f439-4a4a-8850-28087bc544a9/call-UnmappedBamToAlignedBam/UnmappedBamToAlignedBam/988a0a52-89a4-4590-b810-0197d5b56440/call-SplitRG/shard-0/SplitLargeReadGroup/4fb0aa59-4201-4280-ada9-e038759d61c4/call-GatherMonolithicBamFile/inputs/1380484964/shard_0016.bam INPUT=/cromwell-executions1/WholeGenomeGermlineSingleSample/e1bc4c5d-f439-4a4a-8850-28087bc544a9/call-UnmappedBamToAlignedBam/UnmappedBamToAlignedBam/988a0a52-89a4-4590-b810-0197d5b56440/call-SplitRG/shard-0/SplitLargeReadGroup/4fb0aa59-4201-4280-ada9-e038759d61c4/call-GatherMonolithicBamFile/inputs/-416466395/shard_0017.bam INPUT=/cromwell-executions1/WholeGenomeGermlineSingleSample/e1bc4c5d-f439-4a4a-8850-28087bc544a9/call-UnmappedBamToAlignedBam/UnmappedBamToAlignedBam/988a0a52-89a4-4590-b810-0197d5b56440/call-SplitRG/shard-0/SplitLargeReadGroup/4fb0aa59-4201-4280-ada9-e038759d61c4/call-GatherMonolithicBamFile/inputs/2081549542/shard_0018.bam INPUT=/cromwell-executions1/WholeGenomeGermlineSingleSample/e1bc4c5d-f439-4a4a-8850-28087bc544a9/call-UnmappedBamToAlignedBam/UnmappedBamToAlignedBam/988a0a52-89a4-4590-b810-0197d5b56440/call-SplitRG/shard-0/SplitLargeReadGroup/4fb0aa59-4201-4280-ada9-e038759d61c4/call-GatherMonolithicBamFile/inputs/284598183/shard_0019.bam INPUT=/cromwell-executions1/WholeGenomeGermlineSingleSample/e1bc4c5d-f439-4a4a-8850-28087bc544a9/call-UnmappedBamToAlignedBam/UnmappedBamToAlignedBam/988a0a52-89a4-4590-b810-0197d5b56440/call-SplitRG/shard-0/SplitLargeReadGroup/4fb0aa59-4201-4280-ada9-e038759d61c4/call-GatherMonolithicBamFile/inputs/-1512353176/shard_0020.bam INPUT=/cromwell-executions1/WholeGenomeGermlineSingleSample/e1bc4c5d-f439-4a4a-8850-28087bc544a9/call-UnmappedBamToAlignedBam/UnmappedBamToAlignedBam/988a0a52-89a4-4590-b810-0197d5b56440/call-SplitRG/shard-0/SplitLargeReadGroup/4fb0aa59-4201-4280-ada9-e038759d61c4/call-GatherMonolithicBamFile/inputs/1904389886/shard_0021.bam INPUT=/cromwell-executions1/WholeGenomeGermlineSingleSample/e1bc4c5d-f439-4a4a-8850-28087bc544a9/call-UnmappedBamToAlignedBam/UnmappedBamToAlignedBam/988a0a52-89a4-4590-b810-0197d5b56440/call-SplitRG/shard-0/SplitLargeReadGroup/4fb0aa59-4201-4280-ada9-e038759d61c4/call-GatherMonolithicBamFile/inputs/107438527/shard_0022.bam INPUT=/cromwell-executions1/WholeGenomeGermlineSingleSample/e1bc4c5d-f439-4a4a-8850-28087bc544a9/call-UnmappedBamToAlignedBam/UnmappedBamToAlignedBam/988a0a52-89a4-4590-b810-0197d5b56440/call-SplitRG/shard-0/SplitLargeReadGroup/4fb0aa59-4201-4280-ada9-e038759d61c4/call-GatherMonolithicBamFile/inputs/-1689512832/shard_0023.bam INPUT=/cromwell-executions1/WholeGenomeGermlineSingleSample/e1bc4c5d-f439-4a4a-8850-28087bc544a9/call-UnmappedBamToAlignedBam/UnmappedBamToAlignedBam/988a0a52-89a4-4590-b810-0197d5b56440/call-SplitRG/shard-0/SplitLargeReadGroup/4fb0aa59-4201-4280-ada9-e038759d61c4/call-GatherMonolithicBamFile/inputs/808503105/shard_0024.bam INPUT=/cromwell-executions1/WholeGenomeGermlineSingleSample/e1bc4c5d-f439-4a4a-8850-28087bc544a9/call-UnmappedBamToAlignedBam/UnmappedBamToAlignedBam/988a0a52-89a4-4590-b810-0197d5b56440/call-SplitRG/shard-0/SplitLargeReadGroup/4fb0aa59-4201-4280-ada9-e038759d61c4/call-GatherMonolithicBamFile/inputs/-988448254/shard_0025.bam INPUT=/cromwell-executions1/WholeGenomeGermlineSingleSample/e1bc4c5d-f439-4a4a-8850-28087bc544a9/call-UnmappedBamToAlignedBam/UnmappedBamToAlignedBam/988a0a52-89a4-4590-b810-0197d5b56440/call-SplitRG/shard-0/SplitLargeReadGroup/4fb0aa59-4201-4280-ada9-e038759d61c4/call-GatherMonolithicBamFile/inputs/1509567683/shard_0026.bam INPUT=/cromwell-executions1/WholeGenomeGermlineSingleSample/e1bc4c5d-f439-4a4a-8850-28087bc544a9/call-UnmappedBamToAlignedBam/UnmappedBamToAlignedBam/988a0a52-89a4-4590-b810-0197d5b56440/call-SplitRG/shard-0/SplitLargeReadGroup/4fb0aa59-4201-4280-ada9-e038759d61c4/call-GatherMonolithicBamFile/inputs/-287383676/shard_0027.bam INPUT=/cromwell-executions1/WholeGenomeGermlineSingleSample/e1bc4c5d-f439-4a4a-8850-28087bc544a9/call-UnmappedBamToAlignedBam/UnmappedBamToAlignedBam/988a0a52-89a4-4590-b810-0197d5b56440/call-SplitRG/shard-0/SplitLargeReadGroup/4fb0aa59-4201-4280-ada9-e038759d61c4/call-GatherMonolithicBamFile/inputs/-2084335035/shard_0028.bam INPUT=/cromwell-executions1/WholeGenomeGermlineSingleSample/e1bc4c5d-f439-4a4a-8850-28087bc544a9/call-UnmappedBamToAlignedBam/UnmappedBamToAlignedBam/988a0a52-89a4-4590-b810-0197d5b56440/call-SplitRG/shard-0/SplitLargeReadGroup/4fb0aa59-4201-4280-ada9-e038759d61c4/call-GatherMonolithicBamFile/inputs/413680902/shard_0029.bam INPUT=/cromwell-executions1/WholeGenomeGermlineSingleSample/e1bc4c5d-f439-4a4a-8850-28087bc544a9/call-UnmappedBamToAlignedBam/UnmappedBamToAlignedBam/988a0a52-89a4-4590-b810-0197d5b56440/call-SplitRG/shard-0/SplitLargeReadGroup/4fb0aa59-4201-4280-ada9-e038759d61c4/call-GatherMonolithicBamFile/inputs/-1383270457/shard_0030.bam INPUT=/cromwell-executions1/WholeGenomeGermlineSingleSample/e1bc4c5d-f439-4a4a-8850-28087bc544a9/call-UnmappedBamToAlignedBam/UnmappedBamToAlignedBam/988a0a52-89a4-4590-b810-0197d5b56440/call-SplitRG/shard-0/SplitLargeReadGroup/4fb0aa59-4201-4280-ada9-e038759d61c4/call-GatherMonolithicBamFile/inputs/2033472605/shard_0031.bam INPUT=/cromwell-executions1/WholeGenomeGermlineSingleSample/e1bc4c5d-f439-4a4a-8850-28087bc544a9/call-UnmappedBamToAlignedBam/UnmappedBamToAlignedBam/988a0a52-89a4-4590-b810-0197d5b56440/call-SplitRG/shard-0/SplitLargeReadGroup/4fb0aa59-4201-4280-ada9-e038759d61c4/call-GatherMonolithicBamFile/inputs/236521246/shard_0032.bam INPUT=/cromwell-executions1/WholeGenomeGermlineSingleSample/e1bc4c5d-f439-4a4a-8850-28087bc544a9/call-UnmappedBamToAlignedBam/UnmappedBamToAlignedBam/988a0a52-89a4-4590-b810-0197d5b56440/call-SplitRG/shard-0/SplitLargeReadGroup/4fb0aa59-4201-4280-ada9-e038759d61c4/call-GatherMonolithicBamFile/inputs/-1560430113/shard_0033.bam \
  OUTPUT=ERR3684866_ILMN.aligned.unsorted.bam \
  CREATE_INDEX=false \
  CREATE_MD5_FILE=false[0m
[2026-03-27 12:33:36,03] [info] BackgroundConfigAsyncJobExecutionActor [[38;5;2m4fb0aa59[0mSplitLargeReadGroup.GatherMonolithicBamFile:NA:1]: executing: # make sure there is no preexisting Docker CID file
rm -f /home/darja/workflow/cromwell-executions1/WholeGenomeGermlineSingleSample/e1bc4c5d-f439-4a4a-8850-28087bc544a9/call-UnmappedBamToAlignedBam/UnmappedBamToAlignedBam/988a0a52-89a4-4590-b810-0197d5b56440/call-SplitRG/shard-0/SplitLargeReadGroup/4fb0aa59-4201-4280-ada9-e038759d61c4/call-GatherMonolithicBamFile/execution/docker_cid
# run as in the original configuration without --rm flag (will remove later)
docker run \
  --cidfile /home/darja/workflow/cromwell-executions1/WholeGenomeGermlineSingleSample/e1bc4c5d-f439-4a4a-8850-28087bc544a9/call-UnmappedBamToAlignedBam/UnmappedBamToAlignedBam/988a0a52-89a4-4590-b810-0197d5b56440/call-SplitRG/shard-0/SplitLargeReadGroup/4fb0aa59-4201-4280-ada9-e038759d61c4/call-GatherMonolithicBamFile/execution/docker_cid \
  -i \
  --user 1027:1028 \
  --cpus="64" \
  --memory="409600m" \
  --entrypoint /bin/bash \
  -v /home/darja/workflow/cromwell-executions1/WholeGenomeGermlineSingleSample/e1bc4c5d-f439-4a4a-8850-28087bc544a9/call-UnmappedBamToAlignedBam/UnmappedBamToAlignedBam/988a0a52-89a4-4590-b810-0197d5b56440/call-SplitRG/shard-0/SplitLargeReadGroup/4fb0aa59-4201-4280-ada9-e038759d61c4/call-GatherMonolithicBamFile:/cromwell-executions1/WholeGenomeGermlineSingleSample/e1bc4c5d-f439-4a4a-8850-28087bc544a9/call-UnmappedBamToAlignedBam/UnmappedBamToAlignedBam/988a0a52-89a4-4590-b810-0197d5b56440/call-SplitRG/shard-0/SplitLargeReadGroup/4fb0aa59-4201-4280-ada9-e038759d61c4/call-GatherMonolithicBamFile \
  -v /mnt/nas1/projects/lasr/blendseq:/mnt/nas1/projects/lasr/blendseq \
  us.gcr.io/broad-gotc-prod/picard-cloud@sha256:e5ad5339080c3107c04e4a4d000b8ab06f472b77019debc3ff75499d28995b0c /cromwell-executions1/WholeGenomeGermlineSingleSample/e1bc4c5d-f439-4a4a-8850-28087bc544a9/call-UnmappedBamToAlignedBam/UnmappedBamToAlignedBam/988a0a52-89a4-4590-b810-0197d5b56440/call-SplitRG/shard-0/SplitLargeReadGroup/4fb0aa59-4201-4280-ada9-e038759d61c4/call-GatherMonolithicBamFile/execution/script

# get the return code (working even if the container was detached)
rc=$(docker wait [38;5;5mcat /home/darja/workflow/cromwell-executions1/WholeGenomeGermlineSingleSample/e1bc4c5d-f439-4a4a-8850-28087bc544a9/call-UnmappedBamToAlignedBam/UnmappedBamToAlignedBam/988a0a52-89a4-4590-b810-0197d5b56440/call-SplitRG/shard-0/SplitLargeReadGroup/4fb0aa59-4201-4280-ada9-e038759d61c4/call-GatherMonolithicBamFile/execution/docker_cid[0m)

# remove the container after waiting
docker rm [38;5;5mcat /home/darja/workflow/cromwell-executions1/WholeGenomeGermlineSingleSample/e1bc4c5d-f439-4a4a-8850-28087bc544a9/call-UnmappedBamToAlignedBam/UnmappedBamToAlignedBam/988a0a52-89a4-4590-b810-0197d5b56440/call-SplitRG/shard-0/SplitLargeReadGroup/4fb0aa59-4201-4280-ada9-e038759d61c4/call-GatherMonolithicBamFile/execution/docker_cid[0m

# return exit code
exit $rc
[2026-03-27 12:33:36,47] [info] BackgroundConfigAsyncJobExecutionActor [[38;5;2m4fb0aa59[0mSplitLargeReadGroup.GatherMonolithicBamFile:NA:1]: job id: 519212
[2026-03-27 12:33:36,47] [info] BackgroundConfigAsyncJobExecutionActor [[38;5;2m4fb0aa59[0mSplitLargeReadGroup.GatherMonolithicBamFile:NA:1]: Status change from - to WaitingForReturnCode
[2026-03-27 12:36:11,13] [info] BackgroundConfigAsyncJobExecutionActor [[38;5;2m4fb0aa59[0mSplitLargeReadGroup.GatherMonolithicBamFile:NA:1]: Status change from WaitingForReturnCode to Done
[2026-03-27 12:36:12,96] [info] 4fb0aa59-4201-4280-ada9-e038759d61c4-SubWorkflowActor-SubWorkflow-SplitRG:0:1 [[38;5;2m4fb0aa59[0m]: Workflow SplitLargeReadGroup complete. Final Outputs:
{
  "SplitLargeReadGroup.aligned_bam": "/home/darja/workflow/cromwell-executions1/WholeGenomeGermlineSingleSample/e1bc4c5d-f439-4a4a-8850-28087bc544a9/call-UnmappedBamToAlignedBam/UnmappedBamToAlignedBam/988a0a52-89a4-4590-b810-0197d5b56440/call-SplitRG/shard-0/SplitLargeReadGroup/4fb0aa59-4201-4280-ada9-e038759d61c4/call-GatherMonolithicBamFile/execution/ERR3684866_ILMN.aligned.unsorted.bam"
}
[2026-03-27 12:36:20,10] [info] 988a0a52-89a4-4590-b810-0197d5b56440-SubWorkflowActor-SubWorkflow-UnmappedBamToAlignedBam:-1:1 [[38;5;2m988a0a52[0m]: Starting UnmappedBamToAlignedBam.CollectUnsortedReadgroupBamQualityMetrics
[2026-03-27 12:36:21,56] [info] Assigned new job execution tokens to the following groups: e1bc4c5d: 1
[2026-03-27 12:36:21,57] [[38;5;220mwarn[0m] BackgroundConfigAsyncJobExecutionActor [[38;5;2m988a0a52[0mUnmappedBamToAlignedBam.CollectUnsortedReadgroupBamQualityMetrics:0:1]: Unrecognized runtime attribute keys: preemptible, disks, memory
[2026-03-27 12:36:22,14] [info] 988a0a52-89a4-4590-b810-0197d5b56440-SubWorkflowActor-SubWorkflow-UnmappedBamToAlignedBam:-1:1 [[38;5;2m988a0a52[0m]: Starting UnmappedBamToAlignedBam.MarkDuplicates
[2026-03-27 12:39:19,66] [info] BackgroundConfigAsyncJobExecutionActor [[38;5;2m988a0a52[0mUnmappedBamToAlignedBam.CollectUnsortedReadgroupBamQualityMetrics:0:1]: [38;5;5mjava -Xms5000m -Xmx6500m -jar /usr/picard/picard.jar \
  CollectMultipleMetrics \
  INPUT=/cromwell-executions1/WholeGenomeGermlineSingleSample/e1bc4c5d-f439-4a4a-8850-28087bc544a9/call-UnmappedBamToAlignedBam/UnmappedBamToAlignedBam/988a0a52-89a4-4590-b810-0197d5b56440/call-CollectUnsortedReadgroupBamQualityMetrics/shard-0/inputs/985934308/ERR3684866_ILMN.aligned.unsorted.bam \
  OUTPUT=ERR3684866_ILMN.readgroup \
  ASSUME_SORTED=true \
  PROGRAM=null \
  PROGRAM=CollectBaseDistributionByCycle \
  PROGRAM=CollectInsertSizeMetrics \
  PROGRAM=MeanQualityByCycle \
  PROGRAM=QualityScoreDistribution \
  METRIC_ACCUMULATION_LEVEL=null \
  METRIC_ACCUMULATION_LEVEL=ALL_READS

touch ERR3684866_ILMN.readgroup.insert_size_metrics
touch ERR3684866_ILMN.readgroup.insert_size_histogram.pdf[0m
[2026-03-27 12:39:19,66] [info] BackgroundConfigAsyncJobExecutionActor [[38;5;2m988a0a52[0mUnmappedBamToAlignedBam.CollectUnsortedReadgroupBamQualityMetrics:0:1]: executing: # make sure there is no preexisting Docker CID file
rm -f /home/darja/workflow/cromwell-executions1/WholeGenomeGermlineSingleSample/e1bc4c5d-f439-4a4a-8850-28087bc544a9/call-UnmappedBamToAlignedBam/UnmappedBamToAlignedBam/988a0a52-89a4-4590-b810-0197d5b56440/call-CollectUnsortedReadgroupBamQualityMetrics/shard-0/execution/docker_cid
# run as in the original configuration without --rm flag (will remove later)
docker run \
  --cidfile /home/darja/workflow/cromwell-executions1/WholeGenomeGermlineSingleSample/e1bc4c5d-f439-4a4a-8850-28087bc544a9/call-UnmappedBamToAlignedBam/UnmappedBamToAlignedBam/988a0a52-89a4-4590-b810-0197d5b56440/call-CollectUnsortedReadgroupBamQualityMetrics/shard-0/execution/docker_cid \
  -i \
  --user 1027:1028 \
  --cpus="64" \
  --memory="409600m" \
  --entrypoint /bin/bash \
  -v /home/darja/workflow/cromwell-executions1/WholeGenomeGermlineSingleSample/e1bc4c5d-f439-4a4a-8850-28087bc544a9/call-UnmappedBamToAlignedBam/UnmappedBamToAlignedBam/988a0a52-89a4-4590-b810-0197d5b56440/call-CollectUnsortedReadgroupBamQualityMetrics/shard-0:/cromwell-executions1/WholeGenomeGermlineSingleSample/e1bc4c5d-f439-4a4a-8850-28087bc544a9/call-UnmappedBamToAlignedBam/UnmappedBamToAlignedBam/988a0a52-89a4-4590-b810-0197d5b56440/call-CollectUnsortedReadgroupBamQualityMetrics/shard-0 \
  -v /mnt/nas1/projects/lasr/blendseq:/mnt/nas1/projects/lasr/blendseq \
  us.gcr.io/broad-gotc-prod/picard-cloud@sha256:e5ad5339080c3107c04e4a4d000b8ab06f472b77019debc3ff75499d28995b0c /cromwell-executions1/WholeGenomeGermlineSingleSample/e1bc4c5d-f439-4a4a-8850-28087bc544a9/call-UnmappedBamToAlignedBam/UnmappedBamToAlignedBam/988a0a52-89a4-4590-b810-0197d5b56440/call-CollectUnsortedReadgroupBamQualityMetrics/shard-0/execution/script

# get the return code (working even if the container was detached)
rc=$(docker wait [38;5;5mcat /home/darja/workflow/cromwell-executions1/WholeGenomeGermlineSingleSample/e1bc4c5d-f439-4a4a-8850-28087bc544a9/call-UnmappedBamToAlignedBam/UnmappedBamToAlignedBam/988a0a52-89a4-4590-b810-0197d5b56440/call-CollectUnsortedReadgroupBamQualityMetrics/shard-0/execution/docker_cid[0m)

# remove the container after waiting
docker rm [38;5;5mcat /home/darja/workflow/cromwell-executions1/WholeGenomeGermlineSingleSample/e1bc4c5d-f439-4a4a-8850-28087bc544a9/call-UnmappedBamToAlignedBam/UnmappedBamToAlignedBam/988a0a52-89a4-4590-b810-0197d5b56440/call-CollectUnsortedReadgroupBamQualityMetrics/shard-0/execution/docker_cid[0m

# return exit code
exit $rc
[2026-03-27 12:39:21,47] [info] BackgroundConfigAsyncJobExecutionActor [[38;5;2m988a0a52[0mUnmappedBamToAlignedBam.CollectUnsortedReadgroupBamQualityMetrics:0:1]: job id: 520224
[2026-03-27 12:39:21,47] [info] BackgroundConfigAsyncJobExecutionActor [[38;5;2m988a0a52[0mUnmappedBamToAlignedBam.CollectUnsortedReadgroupBamQualityMetrics:0:1]: Status change from - to WaitingForReturnCode
[2026-03-27 14:10:31,24] [info] BackgroundConfigAsyncJobExecutionActor [[38;5;2m988a0a52[0mUnmappedBamToAlignedBam.CollectUnsortedReadgroupBamQualityMetrics:0:1]: Status change from WaitingForReturnCode to Done
[2026-03-27 14:10:31,56] [info] Assigned new job execution tokens to the following groups: e1bc4c5d: 1
[2026-03-27 14:10:31,57] [[38;5;220mwarn[0m] BackgroundConfigAsyncJobExecutionActor [[38;5;2m988a0a52[0mUnmappedBamToAlignedBam.MarkDuplicates:NA:1]: Unrecognized runtime attribute keys: preemptible, disks, memory
[2026-03-27 14:10:31,58] [info] BackgroundConfigAsyncJobExecutionActor [[38;5;2m988a0a52[0mUnmappedBamToAlignedBam.MarkDuplicates:NA:1]: [38;5;5mjava -Dsamjdk.compression_level=2 -Xms300g -jar /usr/picard/picard.jar \
  MarkDuplicates \
  INPUT=/cromwell-executions1/WholeGenomeGermlineSingleSample/e1bc4c5d-f439-4a4a-8850-28087bc544a9/call-UnmappedBamToAlignedBam/UnmappedBamToAlignedBam/988a0a52-89a4-4590-b810-0197d5b56440/call-MarkDuplicates/inputs/985934308/ERR3684866_ILMN.aligned.unsorted.bam \
  OUTPUT=ERR3684866_ILMN.aligned.unsorted.duplicates_marked.bam \
  METRICS_FILE=ERR3684866_ILMN.duplicate_metrics \
  VALIDATION_STRINGENCY=SILENT \
   \
   \
  OPTICAL_DUPLICATE_PIXEL_DISTANCE=2500 \
  ASSUME_SORT_ORDER="queryname" \
  CLEAR_DT="false" \
  ADD_PG_TAG_TO_READS=false[0m
[2026-03-27 14:10:31,58] [info] BackgroundConfigAsyncJobExecutionActor [[38;5;2m988a0a52[0mUnmappedBamToAlignedBam.MarkDuplicates:NA:1]: executing: # make sure there is no preexisting Docker CID file
rm -f /home/darja/workflow/cromwell-executions1/WholeGenomeGermlineSingleSample/e1bc4c5d-f439-4a4a-8850-28087bc544a9/call-UnmappedBamToAlignedBam/UnmappedBamToAlignedBam/988a0a52-89a4-4590-b810-0197d5b56440/call-MarkDuplicates/execution/docker_cid
# run as in the original configuration without --rm flag (will remove later)
docker run \
  --cidfile /home/darja/workflow/cromwell-executions1/WholeGenomeGermlineSingleSample/e1bc4c5d-f439-4a4a-8850-28087bc544a9/call-UnmappedBamToAlignedBam/UnmappedBamToAlignedBam/988a0a52-89a4-4590-b810-0197d5b56440/call-MarkDuplicates/execution/docker_cid \
  -i \
  --user 1027:1028 \
  --cpus="64" \
  --memory="409600m" \
  --entrypoint /bin/bash \
  -v /home/darja/workflow/cromwell-executions1/WholeGenomeGermlineSingleSample/e1bc4c5d-f439-4a4a-8850-28087bc544a9/call-UnmappedBamToAlignedBam/UnmappedBamToAlignedBam/988a0a52-89a4-4590-b810-0197d5b56440/call-MarkDuplicates:/cromwell-executions1/WholeGenomeGermlineSingleSample/e1bc4c5d-f439-4a4a-8850-28087bc544a9/call-UnmappedBamToAlignedBam/UnmappedBamToAlignedBam/988a0a52-89a4-4590-b810-0197d5b56440/call-MarkDuplicates \
  -v /mnt/nas1/projects/lasr/blendseq:/mnt/nas1/projects/lasr/blendseq \
  us.gcr.io/broad-gotc-prod/picard-cloud@sha256:e5ad5339080c3107c04e4a4d000b8ab06f472b77019debc3ff75499d28995b0c /cromwell-executions1/WholeGenomeGermlineSingleSample/e1bc4c5d-f439-4a4a-8850-28087bc544a9/call-UnmappedBamToAlignedBam/UnmappedBamToAlignedBam/988a0a52-89a4-4590-b810-0197d5b56440/call-MarkDuplicates/execution/script

# get the return code (working even if the container was detached)
rc=$(docker wait [38;5;5mcat /home/darja/workflow/cromwell-executions1/WholeGenomeGermlineSingleSample/e1bc4c5d-f439-4a4a-8850-28087bc544a9/call-UnmappedBamToAlignedBam/UnmappedBamToAlignedBam/988a0a52-89a4-4590-b810-0197d5b56440/call-MarkDuplicates/execution/docker_cid[0m)

# remove the container after waiting
docker rm [38;5;5mcat /home/darja/workflow/cromwell-executions1/WholeGenomeGermlineSingleSample/e1bc4c5d-f439-4a4a-8850-28087bc544a9/call-UnmappedBamToAlignedBam/UnmappedBamToAlignedBam/988a0a52-89a4-4590-b810-0197d5b56440/call-MarkDuplicates/execution/docker_cid[0m

# return exit code
exit $rc
[2026-03-27 14:10:36,47] [info] BackgroundConfigAsyncJobExecutionActor [[38;5;2m988a0a52[0mUnmappedBamToAlignedBam.MarkDuplicates:NA:1]: job id: 521518
[2026-03-27 14:10:36,47] [info] BackgroundConfigAsyncJobExecutionActor [[38;5;2m988a0a52[0mUnmappedBamToAlignedBam.MarkDuplicates:NA:1]: Status change from - to WaitingForReturnCode
[2026-03-27 16:59:22,95] [info] BackgroundConfigAsyncJobExecutionActor [[38;5;2m988a0a52[0mUnmappedBamToAlignedBam.MarkDuplicates:NA:1]: Status change from WaitingForReturnCode to Done
[2026-03-27 16:59:28,52] [info] WorkflowManagerActor: Workflow e1bc4c5d-f439-4a4a-8850-28087bc544a9 failed (during ExecutingWorkflowState): Job UnmappedBamToAlignedBam.MarkDuplicates:NA:1 exited with return code 1 which has not been declared as a valid return code. See 'continueOnReturnCode' runtime attribute for more details.
Check the content of stderr for potential additional information: /home/darja/workflow/cromwell-executions1/WholeGenomeGermlineSingleSample/e1bc4c5d-f439-4a4a-8850-28087bc544a9/call-UnmappedBamToAlignedBam/UnmappedBamToAlignedBam/988a0a52-89a4-4590-b810-0197d5b56440/call-MarkDuplicates/execution/stderr.
 [First 3000 bytes]:Picked up _JAVA_OPTIONS: -Djava.io.tmpdir=/cromwell-executions1/WholeGenomeGermlineSingleSample/e1bc4c5d-f439-4a4a-8850-28087bc544a9/call-UnmappedBamToAlignedBam/UnmappedBamToAlignedBam/988a0a52-89a4-4590-b810-0197d5b56440/call-MarkDuplicates/execution/tmp1
INFO	2026-03-27 14:10:33	MarkDuplicates	

********** NOTE: Picard's command line syntax is changing.
**********
********** For more information, please see:
********** https://github.com/broadinstitute/picard/wiki/Command-Line-Syntax-Transition-For-Users-(Pre-Transition)
**********
********** The command line looks like this in the new syntax:
**********
**********    MarkDuplicates -INPUT /cromwell-executions1/WholeGenomeGermlineSingleSample/e1bc4c5d-f439-4a4a-8850-28087bc544a9/call-UnmappedBamToAlignedBam/UnmappedBamToAlignedBam/988a0a52-89a4-4590-b810-0197d5b56440/call-MarkDuplicates/inputs/985934308/ERR3684866_ILMN.aligned.unsorted.bam -OUTPUT ERR3684866_ILMN.aligned.unsorted.duplicates_marked.bam -METRICS_FILE ERR3684866_ILMN.duplicate_metrics -VALIDATION_STRINGENCY SILENT -OPTICAL_DUPLICATE_PIXEL_DISTANCE 2500 -ASSUME_SORT_ORDER queryname -CLEAR_DT false -ADD_PG_TAG_TO_READS false
**********


14:10:33.426 INFO  NativeLibraryLoader - Loading libgkl_compression.so from jar:file:/usr/picard/picard.jar!/com/intel/gkl/native/libgkl_compression.so
[Fri Mar 27 14:10:33 GMT 2026] MarkDuplicates CLEAR_DT=false ADD_PG_TAG_TO_READS=false INPUT=[/cromwell-executions1/WholeGenomeGermlineSingleSample/e1bc4c5d-f439-4a4a-8850-28087bc544a9/call-UnmappedBamToAlignedBam/UnmappedBamToAlignedBam/988a0a52-89a4-4590-b810-0197d5b56440/call-MarkDuplicates/inputs/985934308/ERR3684866_ILMN.aligned.unsorted.bam] OUTPUT=ERR3684866_ILMN.aligned.unsorted.duplicates_marked.bam METRICS_FILE=ERR3684866_ILMN.duplicate_metrics ASSUME_SORT_ORDER=queryname OPTICAL_DUPLICATE_PIXEL_DISTANCE=2500 VALIDATION_STRINGENCY=SILENT    MAX_SEQUENCES_FOR_DISK_READ_ENDS_MAP=50000 MAX_FILE_HANDLES_FOR_READ_ENDS_MAP=8000 SORTING_COLLECTION_SIZE_RATIO=0.25 TAG_DUPLICATE_SET_MEMBERS=false REMOVE_SEQUENCING_DUPLICATES=false TAGGING_POLICY=DontTag DUPLEX_UMI=false REMOVE_DUPLICATES=false ASSUME_SORTED=false DUPLICATE_SCORING_STRATEGY=SUM_OF_BASE_QUALITIES PROGRAM_RECORD_ID=MarkDuplicates PROGRAM_GROUP_NAME=MarkDuplicates READ_NAME_REGEX=<optimized capture of last three ':' separated fields as numeric values> MAX_OPTICAL_DUPLICATE_SET_SIZE=300000 VERBOSITY=INFO QUIET=false COMPRESSION_LEVEL=2 MAX_RECORDS_IN_RAM=500000 CREATE_INDEX=false CREATE_MD5_FILE=false GA4GH_CLIENT_SECRETS=client_secrets.json USE_JDK_DEFLATER=false USE_JDK_INFLATER=false
Mar 27, 2026 2:10:33 PM shaded.cloud_nio.com.google.auth.oauth2.ComputeEngineCredentials runningOnComputeEngine
INFO: Failed to detect whether we are running on Google Compute Engine.
[Fri Mar 27 14:10:33 GMT 2026] Executing as ?@414db34aea12 on Linux 6.8.0-100-generic amd64; OpenJDK 64-Bit Server VM 1.8.0_292-b10; Deflater: Intel; Inflater: Intel; Provider GCS is available; Picard version: 2.26.10-SNAPS
[2026-03-27 16:59:28,52] [info] $a [[38;5;2me1bc4c5d[0m]: Copying workflow logs from /home/darja/workflow/cromwell-workflow-logs/workflow.e1bc4c5d-f439-4a4a-8850-28087bc544a9.log to /mnt/nas1/projects/lasr/blendseq/warp-pipelines/data/run-logs/workflow.e1bc4c5d-f439-4a4a-8850-28087bc544a9.log
[2026-03-27 16:59:31,47] [info] WorkflowManagerActor: Workflow actor for e1bc4c5d-f439-4a4a-8850-28087bc544a9 completed with status 'Failed'. The workflow will be removed from the workflow store.
[2026-03-27 16:59:57,28] [info] SingleWorkflowRunnerActor workflow finished with status 'Failed'.
[2026-03-27 17:00:01,48] [info] Workflow polling stopped
[2026-03-27 17:00:01,49] [info] 0 workflows released by cromid-97d0016
[2026-03-27 17:00:01,50] [info] Shutting down WorkflowStoreActor - Timeout = 5 seconds
[2026-03-27 17:00:01,50] [info] Shutting down WorkflowLogCopyRouter - Timeout = 5 seconds
[2026-03-27 17:00:01,50] [info] Shutting down JobExecutionTokenDispenser - Timeout = 5 seconds
[2026-03-27 17:00:01,50] [info] JobExecutionTokenDispenser stopped
[2026-03-27 17:00:01,50] [info] Aborting all running workflows.
[2026-03-27 17:00:01,50] [info] WorkflowStoreActor stopped
[2026-03-27 17:00:01,51] [info] WorkflowLogCopyRouter stopped
[2026-03-27 17:00:01,51] [info] Shutting down WorkflowManagerActor - Timeout = 3600 seconds
[2026-03-27 17:00:01,51] [info] WorkflowManagerActor: All workflows finished
[2026-03-27 17:00:01,51] [info] WorkflowManagerActor stopped
[2026-03-27 17:00:01,66] [info] Connection pools shut down
[2026-03-27 17:00:01,66] [info] Shutting down SubWorkflowStoreActor - Timeout = 1800 seconds
[2026-03-27 17:00:01,66] [info] Shutting down JobStoreActor - Timeout = 1800 seconds
[2026-03-27 17:00:01,66] [info] Shutting down CallCacheWriteActor - Timeout = 1800 seconds
[2026-03-27 17:00:01,66] [info] Shutting down ServiceRegistryActor - Timeout = 1800 seconds
[2026-03-27 17:00:01,66] [info] Shutting down DockerHashActor - Timeout = 1800 seconds
[2026-03-27 17:00:01,66] [info] Shutting down IoProxy - Timeout = 1800 seconds
[2026-03-27 17:00:01,66] [info] SubWorkflowStoreActor stopped
[2026-03-27 17:00:01,66] [info] CallCacheWriteActor Shutting down: 0 queued messages to process
[2026-03-27 17:00:01,66] [info] CallCacheWriteActor stopped
[2026-03-27 17:00:01,66] [info] JobStoreActor stopped
[2026-03-27 17:00:01,66] [info] WriteMetadataActor Shutting down: 0 queued messages to process
[2026-03-27 17:00:01,66] [info] IoProxy stopped
[2026-03-27 17:00:01,66] [info] KvWriteActor Shutting down: 0 queued messages to process
[2026-03-27 17:00:01,66] [info] DockerHashActor stopped
[2026-03-27 17:00:01,67] [info] ServiceRegistryActor stopped
[2026-03-27 17:00:01,68] [info] Shutting down connection pool: curAllocated=1 idleQueues.size=1 waitQueue.size=0 maxWaitQueueLimit=256 closed=false
[2026-03-27 17:00:01,68] [info] Shutting down connection pool: curAllocated=0 idleQueues.size=0 waitQueue.size=0 maxWaitQueueLimit=256 closed=false
[2026-03-27 17:00:01,68] [info] Shutting down connection pool: curAllocated=0 idleQueues.size=0 waitQueue.size=0 maxWaitQueueLimit=256 closed=false
[2026-03-27 17:00:01,68] [info] Database closed
[2026-03-27 17:00:01,69] [info] Stream materializer shut down
[2026-03-27 17:00:01,69] [info] WDL HTTP import resolver closed
Workflow e1bc4c5d-f439-4a4a-8850-28087bc544a9 transitioned to state Failed
