[2026-02-23 13:59:15,25] [info] Running with database db.url = jdbc:hsqldb:mem:f1c8801b-5cb2-41f2-bbc4-d9f909e1cf6b;shutdown=false;hsqldb.tx=mvcc
[2026-02-23 13:59:17,80] [info] Running migration RenameWorkflowOptionsInMetadata with a read batch size of 100000 and a write batch size of 100000
[2026-02-23 13:59:17,81] [info] [RenameWorkflowOptionsInMetadata] 100%
[2026-02-23 13:59:18,08] [info] Running with database db.url = jdbc:hsqldb:mem:1e7db11b-26c0-4877-a902-9195cc30b431;shutdown=false;hsqldb.tx=mvcc
[2026-02-23 13:59:18,58] [info] Slf4jLogger started
[2026-02-23 13:59:18,77] [info] Workflow heartbeat configuration:
{
  "cromwellId" : "cromid-73ec819",
  "heartbeatInterval" : "2 minutes",
  "ttl" : "10 minutes",
  "failureShutdownDuration" : "5 minutes",
  "writeBatchSize" : 10000,
  "writeThreshold" : 10000
}
[2026-02-23 13:59:18,84] [info] Metadata summary refreshing every 1 second.
[2026-02-23 13:59:18,84] [info] No metadata archiver defined in config
[2026-02-23 13:59:18,84] [info] No metadata deleter defined in config
[2026-02-23 13:59:18,85] [info] CallCacheWriteActor configured to flush with batch size 100 and process rate 3 seconds.
[2026-02-23 13:59:18,85] [info] KvWriteActor configured to flush with batch size 200 and process rate 5 seconds.
[2026-02-23 13:59:18,85] [info] WriteMetadataActor configured to flush with batch size 200 and process rate 5 seconds.
[2026-02-23 13:59:18,93] [info] JobRestartCheckTokenDispenser - Distribution rate: 50 per 1 seconds.
[2026-02-23 13:59:18,95] [info] JobExecutionTokenDispenser - Distribution rate: 20 per 10 seconds.
[2026-02-23 13:59:18,97] [info] GroupMetricsActor configured to log groups experiencing quota exhaustion at interval of 5 minutes.
[2026-02-23 13:59:19,03] [info] SingleWorkflowRunnerActor: Version 91
[2026-02-23 13:59:19,03] [info] SingleWorkflowRunnerActor: Submitting workflow
[2026-02-23 13:59:19,09] [info] Unspecified type (Unspecified version) workflow 65770c70-ea3c-408d-89af-64bb732a3e17 submitted
[2026-02-23 13:59:19,12] [info] SingleWorkflowRunnerActor: Workflow submitted [38;5;2m65770c70-ea3c-408d-89af-64bb732a3e17[0m
[2026-02-23 13:59:19,13] [info] 1 new workflows fetched by cromid-73ec819: 65770c70-ea3c-408d-89af-64bb732a3e17
[2026-02-23 13:59:19,14] [info] WorkflowManagerActor: Starting workflow [38;5;2m65770c70-ea3c-408d-89af-64bb732a3e17[0m
[2026-02-23 13:59:19,15] [info] WorkflowManagerActor: Successfully started WorkflowActor-65770c70-ea3c-408d-89af-64bb732a3e17
[2026-02-23 13:59:19,15] [info] Retrieved 1 workflows from the WorkflowStoreActor
[2026-02-23 13:59:19,18] [info] WorkflowStoreHeartbeatWriteActor configured to flush with batch size 10000 and process rate 2 minutes.
[2026-02-23 13:59:19,30] [info] MaterializeWorkflowDescriptorActor [[38;5;2m65770c70[0m]: Parsing workflow as WDL 1.0
[2026-02-23 13:59:21,10] [info] MaterializeWorkflowDescriptorActor [[38;5;2m65770c70[0m]: Call-to-Backend assignments: SplitLargeReadGroup.GatherMonolithicBamFile -> LocalWithDocker, SplitLargeReadGroup.SamSplitter -> LocalWithDocker, AggregatedBamQC.CollectReadgroupBamQualityMetrics -> LocalWithDocker, VariantCalling.MergeVCFs -> LocalWithDocker, UnmappedBamToAlignedBam.SamToFastqAndDragmapAndMba -> LocalWithDocker, AggregatedBamQC.CalculateReadGroupChecksum -> LocalWithDocker, UnmappedBamToAlignedBam.SortSampleBam -> LocalWithDocker, VariantCalling.Reblock -> LocalWithDocker, WholeGenomeGermlineSingleSample.PresetArgumentsError -> LocalWithDocker, VariantCalling.HaplotypeCallerGATK4 -> LocalWithDocker, VariantCalling.CollectVariantCallingMetrics -> LocalWithDocker, VariantCalling.DragenHardFilterVcf -> LocalWithDocker, VariantCalling.HaplotypeCallerGATK3 -> LocalWithDocker, VariantCalling.DragstrAutoCalibration -> LocalWithDocker, AggregatedBamQC.CheckFingerprintTask -> LocalWithDocker, UnmappedBamToAlignedBam.MarkDuplicates -> LocalWithDocker, UnmappedBamToAlignedBam.GatherBqsrReports -> LocalWithDocker, UnmappedBamToAlignedBam.ApplyBQSR -> LocalWithDocker, VariantCalling.ScatterIntervalList -> LocalWithDocker, UnmappedBamToAlignedBam.CreateSequenceGroupingTSV -> LocalWithDocker, UnmappedBamToAlignedBam.CheckContamination -> LocalWithDocker, BamToCram.ConvertToCram -> LocalWithDocker, WholeGenomeGermlineSingleSample.DragenModeVariantCallingAndGATK3Error -> LocalWithDocker, AggregatedBamQC.CollectAggregationMetrics -> LocalWithDocker, SplitLargeReadGroup.SamToFastqAndDragmapAndMba -> LocalWithDocker, SplitLargeReadGroup.SamToFastqAndBwaMemAndMba -> LocalWithDocker, WholeGenomeGermlineSingleSample.CollectRawWgsMetrics -> LocalWithDocker, VariantCalling.SortBamout -> LocalWithDocker, UnmappedBamToAlignedBam.CollectQualityYieldMetrics -> LocalWithDocker, BamToCram.CheckPreValidation -> LocalWithDocker, UnmappedBamToAlignedBam.CollectUnsortedReadgroupBamQualityMetrics -> LocalWithDocker, VariantCalling.ErrorMessageIncorrectInput -> LocalWithDocker, VariantCalling.MergeBamouts -> LocalWithDocker, VariantCalling.ValidateVCF -> LocalWithDocker, UnmappedBamToAlignedBam.BaseRecalibrator -> LocalWithDocker, UnmappedBamToAlignedBam.SamToFastqAndBwaMemAndMba -> LocalWithDocker, WholeGenomeGermlineSingleSample.CollectWgsMetrics -> LocalWithDocker, UnmappedBamToAlignedBam.GatherBamFiles -> LocalWithDocker, UnmappedBamToAlignedBam.CrossCheckFingerprints -> LocalWithDocker, BamToCram.ValidateCram -> LocalWithDocker
[2026-02-23 13:59:21,26] [[38;5;220mwarn[0m] LocalWithDocker [[38;5;2m65770c70[0m]: Key/s [preemptible, memory, disks] is/are not supported by backend. Unsupported attributes will not be part of job executions.
[2026-02-23 13:59:21,26] [[38;5;220mwarn[0m] LocalWithDocker [[38;5;2m65770c70[0m]: Key/s [preemptible, memory, disks] is/are not supported by backend. Unsupported attributes will not be part of job executions.
[2026-02-23 13:59:21,26] [[38;5;220mwarn[0m] LocalWithDocker [[38;5;2m65770c70[0m]: Key/s [memory, disks, preemptible] is/are not supported by backend. Unsupported attributes will not be part of job executions.
[2026-02-23 13:59:21,26] [[38;5;220mwarn[0m] LocalWithDocker [[38;5;2m65770c70[0m]: Key/s [preemptible, memory, disks] is/are not supported by backend. Unsupported attributes will not be part of job executions.
[2026-02-23 13:59:21,26] [[38;5;220mwarn[0m] LocalWithDocker [[38;5;2m65770c70[0m]: Key/s [preemptible, disks, cpu, memory] is/are not supported by backend. Unsupported attributes will not be part of job executions.
[2026-02-23 13:59:21,26] [[38;5;220mwarn[0m] LocalWithDocker [[38;5;2m65770c70[0m]: Key/s [preemptible, memory, disks] is/are not supported by backend. Unsupported attributes will not be part of job executions.
[2026-02-23 13:59:21,26] [[38;5;220mwarn[0m] LocalWithDocker [[38;5;2m65770c70[0m]: Key/s [preemptible, disks, cpu, memory] is/are not supported by backend. Unsupported attributes will not be part of job executions.
[2026-02-23 13:59:21,26] [[38;5;220mwarn[0m] LocalWithDocker [[38;5;2m65770c70[0m]: Key/s [preemptible, bootDiskSizeGb, disks, memory] is/are not supported by backend. Unsupported attributes will not be part of job executions.
[2026-02-23 13:59:21,26] [[38;5;220mwarn[0m] LocalWithDocker [[38;5;2m65770c70[0m]: Key/s [preemptible, bootDiskSizeGb, disks, cpu, memory] is/are not supported by backend. Unsupported attributes will not be part of job executions.
[2026-02-23 13:59:21,26] [[38;5;220mwarn[0m] LocalWithDocker [[38;5;2m65770c70[0m]: Key/s [preemptible, memory, disks] is/are not supported by backend. Unsupported attributes will not be part of job executions.
[2026-02-23 13:59:21,26] [[38;5;220mwarn[0m] LocalWithDocker [[38;5;2m65770c70[0m]: Key/s [preemptible, bootDiskSizeGb, disks, memory] is/are not supported by backend. Unsupported attributes will not be part of job executions.
[2026-02-23 13:59:21,26] [[38;5;220mwarn[0m] LocalWithDocker [[38;5;2m65770c70[0m]: Key/s [preemptible, disks, cpu, memory] is/are not supported by backend. Unsupported attributes will not be part of job executions.
[2026-02-23 13:59:21,26] [[38;5;220mwarn[0m] LocalWithDocker [[38;5;2m65770c70[0m]: Key/s [preemptible, disks, cpu, memory] is/are not supported by backend. Unsupported attributes will not be part of job executions.
[2026-02-23 13:59:21,26] [[38;5;220mwarn[0m] LocalWithDocker [[38;5;2m65770c70[0m]: Key/s [disks, memory, preemptible] is/are not supported by backend. Unsupported attributes will not be part of job executions.
[2026-02-23 13:59:21,26] [[38;5;220mwarn[0m] LocalWithDocker [[38;5;2m65770c70[0m]: Key/s [preemptible, memory, disks] is/are not supported by backend. Unsupported attributes will not be part of job executions.
[2026-02-23 13:59:21,26] [[38;5;220mwarn[0m] LocalWithDocker [[38;5;2m65770c70[0m]: Key/s [preemptible, bootDiskSizeGb, disks, memory] is/are not supported by backend. Unsupported attributes will not be part of job executions.
[2026-02-23 13:59:21,26] [[38;5;220mwarn[0m] LocalWithDocker [[38;5;2m65770c70[0m]: Key/s [preemptible, bootDiskSizeGb, disks, memory] is/are not supported by backend. Unsupported attributes will not be part of job executions.
[2026-02-23 13:59:21,27] [[38;5;220mwarn[0m] LocalWithDocker [[38;5;2m65770c70[0m]: Key/s [memory] is/are not supported by backend. Unsupported attributes will not be part of job executions.
[2026-02-23 13:59:21,27] [[38;5;220mwarn[0m] LocalWithDocker [[38;5;2m65770c70[0m]: Key/s [preemptible, memory] is/are not supported by backend. Unsupported attributes will not be part of job executions.
[2026-02-23 13:59:21,27] [[38;5;220mwarn[0m] LocalWithDocker [[38;5;2m65770c70[0m]: Key/s [preemptible, disks, cpu, memory] is/are not supported by backend. Unsupported attributes will not be part of job executions.
[2026-02-23 13:59:21,27] [[38;5;220mwarn[0m] LocalWithDocker [[38;5;2m65770c70[0m]: Key/s [preemptible, disks, cpu, memory] is/are not supported by backend. Unsupported attributes will not be part of job executions.
[2026-02-23 13:59:21,27] [[38;5;220mwarn[0m] LocalWithDocker [[38;5;2m65770c70[0m]: Key/s [memory, disks, preemptible] is/are not supported by backend. Unsupported attributes will not be part of job executions.
[2026-02-23 13:59:21,27] [[38;5;220mwarn[0m] LocalWithDocker [[38;5;2m65770c70[0m]: Key/s [preemptible, disks, cpu, memory] is/are not supported by backend. Unsupported attributes will not be part of job executions.
[2026-02-23 13:59:21,27] [[38;5;220mwarn[0m] LocalWithDocker [[38;5;2m65770c70[0m]: Key/s [preemptible, disks, cpu, memory] is/are not supported by backend. Unsupported attributes will not be part of job executions.
[2026-02-23 13:59:21,27] [[38;5;220mwarn[0m] LocalWithDocker [[38;5;2m65770c70[0m]: Key/s [preemptible, memory, disks] is/are not supported by backend. Unsupported attributes will not be part of job executions.
[2026-02-23 13:59:21,27] [[38;5;220mwarn[0m] LocalWithDocker [[38;5;2m65770c70[0m]: Key/s [preemptible, disks, cpu, memory] is/are not supported by backend. Unsupported attributes will not be part of job executions.
[2026-02-23 13:59:21,27] [[38;5;220mwarn[0m] LocalWithDocker [[38;5;2m65770c70[0m]: Key/s [disks, memory, preemptible] is/are not supported by backend. Unsupported attributes will not be part of job executions.
[2026-02-23 13:59:21,27] [[38;5;220mwarn[0m] LocalWithDocker [[38;5;2m65770c70[0m]: Key/s [preemptible, memory] is/are not supported by backend. Unsupported attributes will not be part of job executions.
[2026-02-23 13:59:21,27] [[38;5;220mwarn[0m] LocalWithDocker [[38;5;2m65770c70[0m]: Key/s [memory, disks, preemptible] is/are not supported by backend. Unsupported attributes will not be part of job executions.
[2026-02-23 13:59:21,27] [[38;5;220mwarn[0m] LocalWithDocker [[38;5;2m65770c70[0m]: Key/s [preemptible, disks, cpu, memory] is/are not supported by backend. Unsupported attributes will not be part of job executions.
[2026-02-23 13:59:21,27] [[38;5;220mwarn[0m] LocalWithDocker [[38;5;2m65770c70[0m]: Key/s [preemptible, bootDiskSizeGb, disks, memory] is/are not supported by backend. Unsupported attributes will not be part of job executions.
[2026-02-23 13:59:21,27] [[38;5;220mwarn[0m] LocalWithDocker [[38;5;2m65770c70[0m]: Key/s [preemptible, bootDiskSizeGb, disks, memory] is/are not supported by backend. Unsupported attributes will not be part of job executions.
[2026-02-23 13:59:21,27] [[38;5;220mwarn[0m] LocalWithDocker [[38;5;2m65770c70[0m]: Key/s [preemptible, disks, cpu, memory] is/are not supported by backend. Unsupported attributes will not be part of job executions.
[2026-02-23 13:59:21,27] [[38;5;220mwarn[0m] LocalWithDocker [[38;5;2m65770c70[0m]: Key/s [preemptible, memory, disks] is/are not supported by backend. Unsupported attributes will not be part of job executions.
[2026-02-23 13:59:21,27] [[38;5;220mwarn[0m] LocalWithDocker [[38;5;2m65770c70[0m]: Key/s [preemptible, memory, disks] is/are not supported by backend. Unsupported attributes will not be part of job executions.
[2026-02-23 13:59:21,27] [[38;5;220mwarn[0m] LocalWithDocker [[38;5;2m65770c70[0m]: Key/s [preemptible, memory, disks] is/are not supported by backend. Unsupported attributes will not be part of job executions.
[2026-02-23 13:59:21,27] [[38;5;220mwarn[0m] LocalWithDocker [[38;5;2m65770c70[0m]: Key/s [preemptible, memory, disks] is/are not supported by backend. Unsupported attributes will not be part of job executions.
[2026-02-23 13:59:23,93] [info] Not triggering log of restart checking token queue status. Effective log interval = None
[2026-02-23 13:59:23,97] [info] Not triggering log of execution token queue status. Effective log interval = None
[2026-02-23 13:59:24,54] [info] 65770c70-ea3c-408d-89af-64bb732a3e17-SubWorkflowExecutionActor-SubWorkflow-UnmappedBamToAlignedBam:-1:1 [[38;5;2m65770c70[0mSubWorkflow-UnmappedBamToAlignedBam:-1:1]: Running subworkflow: 88f7677e-709b-4272-b457-7b49bce16cb7, root: 65770c70-ea3c-408d-89af-64bb732a3e17
[2026-02-23 13:59:26,59] [info] 88f7677e-709b-4272-b457-7b49bce16cb7-SubWorkflowActor-SubWorkflow-UnmappedBamToAlignedBam:-1:1 [[38;5;2m88f7677e[0m]: Starting UnmappedBamToAlignedBam.CreateSequenceGroupingTSV
[2026-02-23 13:59:28,97] [info] Assigned new job execution tokens to the following groups: 65770c70: 1
[2026-02-23 13:59:29,76] [info] 88f7677e-709b-4272-b457-7b49bce16cb7-SubWorkflowActor-SubWorkflow-UnmappedBamToAlignedBam:-1:1 [[38;5;2m88f7677e[0m]: Starting UnmappedBamToAlignedBam.CollectQualityYieldMetrics
[2026-02-23 13:59:30,38] [[38;5;220mwarn[0m] BackgroundConfigAsyncJobExecutionActor [[38;5;2m88f7677e[0mUnmappedBamToAlignedBam.CreateSequenceGroupingTSV:NA:1]: Unrecognized runtime attribute keys: preemptible, memory
[2026-02-23 13:59:30,46] [info] BackgroundConfigAsyncJobExecutionActor [[38;5;2m88f7677e[0mUnmappedBamToAlignedBam.CreateSequenceGroupingTSV:NA:1]: [38;5;5mpython3 <<CODE
with open("/cromwell-executions1/WholeGenomeGermlineSingleSample/65770c70-ea3c-408d-89af-64bb732a3e17/call-UnmappedBamToAlignedBam/UnmappedBamToAlignedBam/88f7677e-709b-4272-b457-7b49bce16cb7/call-CreateSequenceGroupingTSV/inputs/-1569105944/Homo_sapiens_assembly38_masked.dict", "r") as ref_dict_file:
    sequence_tuple_list = []
    longest_sequence = 0
    for line in ref_dict_file:
        if line.startswith("@SQ"):
            line_split = line.split("\t")
            # (Sequence_Name, Sequence_Length)
            sequence_tuple_list.append((line_split[1].split("SN:")[1], int(line_split[2].split("LN:")[1])))
    longest_sequence = sorted(sequence_tuple_list, key=lambda x: x[1], reverse=True)[0][1]
# We are adding this to the intervals because hg38 has contigs named with embedded colons and a bug in GATK strips off
# the last element after a :, so we add this as a sacrificial element.
hg38_protection_tag = ":1+"
# initialize the tsv string with the first sequence
tsv_string = sequence_tuple_list[0][0] + hg38_protection_tag
temp_size = sequence_tuple_list[0][1]
for sequence_tuple in sequence_tuple_list[1:]:
    if temp_size + sequence_tuple[1] <= longest_sequence:
        temp_size += sequence_tuple[1]
        tsv_string += "\t" + sequence_tuple[0] + hg38_protection_tag
    else:
        tsv_string += "\n" + sequence_tuple[0] + hg38_protection_tag
        temp_size = sequence_tuple[1]
# add the unmapped sequences as a separate line to ensure that they are recalibrated as well
with open("sequence_grouping.txt","w") as tsv_file:
  tsv_file.write(tsv_string)
  tsv_file.close()

tsv_string += '\n' + "unmapped"

with open("sequence_grouping_with_unmapped.txt","w") as tsv_file_with_unmapped:
  tsv_file_with_unmapped.write(tsv_string)
  tsv_file_with_unmapped.close()
CODE[0m
[2026-02-23 13:59:30,57] [info] BackgroundConfigAsyncJobExecutionActor [[38;5;2m88f7677e[0mUnmappedBamToAlignedBam.CreateSequenceGroupingTSV:NA:1]: executing: # make sure there is no preexisting Docker CID file
rm -f /home/darja/workflow/cromwell-executions1/WholeGenomeGermlineSingleSample/65770c70-ea3c-408d-89af-64bb732a3e17/call-UnmappedBamToAlignedBam/UnmappedBamToAlignedBam/88f7677e-709b-4272-b457-7b49bce16cb7/call-CreateSequenceGroupingTSV/execution/docker_cid
# run as in the original configuration without --rm flag (will remove later)
docker run \
  --cidfile /home/darja/workflow/cromwell-executions1/WholeGenomeGermlineSingleSample/65770c70-ea3c-408d-89af-64bb732a3e17/call-UnmappedBamToAlignedBam/UnmappedBamToAlignedBam/88f7677e-709b-4272-b457-7b49bce16cb7/call-CreateSequenceGroupingTSV/execution/docker_cid \
  -i \
  --user 1027:1028 \
  --cpus="64" \
  --memory="350G" \
  --entrypoint /bin/bash \
  -v /home/darja/workflow/cromwell-executions1/WholeGenomeGermlineSingleSample/65770c70-ea3c-408d-89af-64bb732a3e17/call-UnmappedBamToAlignedBam/UnmappedBamToAlignedBam/88f7677e-709b-4272-b457-7b49bce16cb7/call-CreateSequenceGroupingTSV:/cromwell-executions1/WholeGenomeGermlineSingleSample/65770c70-ea3c-408d-89af-64bb732a3e17/call-UnmappedBamToAlignedBam/UnmappedBamToAlignedBam/88f7677e-709b-4272-b457-7b49bce16cb7/call-CreateSequenceGroupingTSV \
  -v /mnt/nas1/projects/lasr/blendseq:/mnt/nas1/projects/lasr/blendseq \
  us.gcr.io/broad-dsp-gcr-public/base/python@sha256:af87295ec55957b9997a20803e5e612fe819e39be40a6cd817d696f6b758ad1a /cromwell-executions1/WholeGenomeGermlineSingleSample/65770c70-ea3c-408d-89af-64bb732a3e17/call-UnmappedBamToAlignedBam/UnmappedBamToAlignedBam/88f7677e-709b-4272-b457-7b49bce16cb7/call-CreateSequenceGroupingTSV/execution/script

# get the return code (working even if the container was detached)
rc=$(docker wait [38;5;5mcat /home/darja/workflow/cromwell-executions1/WholeGenomeGermlineSingleSample/65770c70-ea3c-408d-89af-64bb732a3e17/call-UnmappedBamToAlignedBam/UnmappedBamToAlignedBam/88f7677e-709b-4272-b457-7b49bce16cb7/call-CreateSequenceGroupingTSV/execution/docker_cid[0m)

# remove the container after waiting
docker rm [38;5;5mcat /home/darja/workflow/cromwell-executions1/WholeGenomeGermlineSingleSample/65770c70-ea3c-408d-89af-64bb732a3e17/call-UnmappedBamToAlignedBam/UnmappedBamToAlignedBam/88f7677e-709b-4272-b457-7b49bce16cb7/call-CreateSequenceGroupingTSV/execution/docker_cid[0m

# return exit code
exit $rc
[2026-02-23 13:59:31,81] [info] 88f7677e-709b-4272-b457-7b49bce16cb7-SubWorkflowExecutionActor-SubWorkflow-SplitRG:0:1 [[38;5;2m88f7677e[0mSubWorkflow-SplitRG:0:1]: Running subworkflow: 65a0817c-b7bd-41d3-bacb-fe4a53dd1d0c, root: 65770c70-ea3c-408d-89af-64bb732a3e17
[2026-02-23 13:59:33,85] [info] 65a0817c-b7bd-41d3-bacb-fe4a53dd1d0c-SubWorkflowActor-SubWorkflow-SplitRG:0:1 [[38;5;2m65a0817c[0m]: Starting SplitLargeReadGroup.SamSplitter
[2026-02-23 13:59:33,90] [info] BackgroundConfigAsyncJobExecutionActor [[38;5;2m88f7677e[0mUnmappedBamToAlignedBam.CreateSequenceGroupingTSV:NA:1]: job id: 46167
[2026-02-23 13:59:33,90] [info] BackgroundConfigAsyncJobExecutionActor [[38;5;2m88f7677e[0mUnmappedBamToAlignedBam.CreateSequenceGroupingTSV:NA:1]: Status change from - to Done
[2026-02-23 13:59:38,97] [info] Assigned new job execution tokens to the following groups: 65770c70: 1
[2026-02-23 13:59:39,55] [[38;5;220mwarn[0m] BackgroundConfigAsyncJobExecutionActor [[38;5;2m88f7677e[0mUnmappedBamToAlignedBam.CollectQualityYieldMetrics:0:1]: Unrecognized runtime attribute keys: preemptible, disks, memory
[2026-02-23 13:59:39,56] [info] BackgroundConfigAsyncJobExecutionActor [[38;5;2m88f7677e[0mUnmappedBamToAlignedBam.CollectQualityYieldMetrics:0:1]: [38;5;5mjava -Xms2000m -Xmx3000m -jar /usr/picard/picard.jar \
  CollectQualityYieldMetrics \
  INPUT=/cromwell-executions1/WholeGenomeGermlineSingleSample/65770c70-ea3c-408d-89af-64bb732a3e17/call-UnmappedBamToAlignedBam/UnmappedBamToAlignedBam/88f7677e-709b-4272-b457-7b49bce16cb7/call-CollectQualityYieldMetrics/shard-0/inputs/1329413647/ERR3687419_ILMN.unmapped.bam \
  OQ=true \
  OUTPUT=ERR3687419_ILMN.unmapped.quality_yield_metrics[0m
[2026-02-23 13:59:39,57] [info] BackgroundConfigAsyncJobExecutionActor [[38;5;2m88f7677e[0mUnmappedBamToAlignedBam.CollectQualityYieldMetrics:0:1]: executing: # make sure there is no preexisting Docker CID file
rm -f /home/darja/workflow/cromwell-executions1/WholeGenomeGermlineSingleSample/65770c70-ea3c-408d-89af-64bb732a3e17/call-UnmappedBamToAlignedBam/UnmappedBamToAlignedBam/88f7677e-709b-4272-b457-7b49bce16cb7/call-CollectQualityYieldMetrics/shard-0/execution/docker_cid
# run as in the original configuration without --rm flag (will remove later)
docker run \
  --cidfile /home/darja/workflow/cromwell-executions1/WholeGenomeGermlineSingleSample/65770c70-ea3c-408d-89af-64bb732a3e17/call-UnmappedBamToAlignedBam/UnmappedBamToAlignedBam/88f7677e-709b-4272-b457-7b49bce16cb7/call-CollectQualityYieldMetrics/shard-0/execution/docker_cid \
  -i \
  --user 1027:1028 \
  --cpus="64" \
  --memory="350G" \
  --entrypoint /bin/bash \
  -v /home/darja/workflow/cromwell-executions1/WholeGenomeGermlineSingleSample/65770c70-ea3c-408d-89af-64bb732a3e17/call-UnmappedBamToAlignedBam/UnmappedBamToAlignedBam/88f7677e-709b-4272-b457-7b49bce16cb7/call-CollectQualityYieldMetrics/shard-0:/cromwell-executions1/WholeGenomeGermlineSingleSample/65770c70-ea3c-408d-89af-64bb732a3e17/call-UnmappedBamToAlignedBam/UnmappedBamToAlignedBam/88f7677e-709b-4272-b457-7b49bce16cb7/call-CollectQualityYieldMetrics/shard-0 \
  -v /mnt/nas1/projects/lasr/blendseq:/mnt/nas1/projects/lasr/blendseq \
  us.gcr.io/broad-gotc-prod/picard-cloud@sha256:e5ad5339080c3107c04e4a4d000b8ab06f472b77019debc3ff75499d28995b0c /cromwell-executions1/WholeGenomeGermlineSingleSample/65770c70-ea3c-408d-89af-64bb732a3e17/call-UnmappedBamToAlignedBam/UnmappedBamToAlignedBam/88f7677e-709b-4272-b457-7b49bce16cb7/call-CollectQualityYieldMetrics/shard-0/execution/script

# get the return code (working even if the container was detached)
rc=$(docker wait [38;5;5mcat /home/darja/workflow/cromwell-executions1/WholeGenomeGermlineSingleSample/65770c70-ea3c-408d-89af-64bb732a3e17/call-UnmappedBamToAlignedBam/UnmappedBamToAlignedBam/88f7677e-709b-4272-b457-7b49bce16cb7/call-CollectQualityYieldMetrics/shard-0/execution/docker_cid[0m)

# remove the container after waiting
docker rm [38;5;5mcat /home/darja/workflow/cromwell-executions1/WholeGenomeGermlineSingleSample/65770c70-ea3c-408d-89af-64bb732a3e17/call-UnmappedBamToAlignedBam/UnmappedBamToAlignedBam/88f7677e-709b-4272-b457-7b49bce16cb7/call-CollectQualityYieldMetrics/shard-0/execution/docker_cid[0m

# return exit code
exit $rc
[2026-02-23 13:59:43,88] [info] BackgroundConfigAsyncJobExecutionActor [[38;5;2m88f7677e[0mUnmappedBamToAlignedBam.CollectQualityYieldMetrics:0:1]: job id: 46485
[2026-02-23 13:59:43,88] [info] BackgroundConfigAsyncJobExecutionActor [[38;5;2m88f7677e[0mUnmappedBamToAlignedBam.CollectQualityYieldMetrics:0:1]: Status change from - to WaitingForReturnCode
[2026-02-23 14:21:18,90] [info] BackgroundConfigAsyncJobExecutionActor [[38;5;2m88f7677e[0mUnmappedBamToAlignedBam.CollectQualityYieldMetrics:0:1]: Status change from WaitingForReturnCode to Done
[2026-02-23 14:21:18,97] [info] Assigned new job execution tokens to the following groups: 65770c70: 1
[2026-02-23 14:21:19,73] [[38;5;220mwarn[0m] BackgroundConfigAsyncJobExecutionActor [[38;5;2m65a0817c[0mSplitLargeReadGroup.SamSplitter:NA:1]: Unrecognized runtime attribute keys: preemptible, disks, memory
[2026-02-23 14:21:19,75] [info] BackgroundConfigAsyncJobExecutionActor [[38;5;2m65a0817c[0mSplitLargeReadGroup.SamSplitter:NA:1]: [38;5;5mset -e
mkdir output_dir

total_reads=$(samtools view -c /cromwell-executions1/WholeGenomeGermlineSingleSample/65770c70-ea3c-408d-89af-64bb732a3e17/call-UnmappedBamToAlignedBam/UnmappedBamToAlignedBam/88f7677e-709b-4272-b457-7b49bce16cb7/call-SplitRG/shard-0/SplitLargeReadGroup/65a0817c-b7bd-41d3-bacb-fe4a53dd1d0c/call-SamSplitter/inputs/1329413647/ERR3687419_ILMN.unmapped.bam)

java -Dsamjdk.compression_level=2 -Xms3000m -Xmx3600m -jar /usr/gitc/picard.jar SplitSamByNumberOfReads \
  INPUT=/cromwell-executions1/WholeGenomeGermlineSingleSample/65770c70-ea3c-408d-89af-64bb732a3e17/call-UnmappedBamToAlignedBam/UnmappedBamToAlignedBam/88f7677e-709b-4272-b457-7b49bce16cb7/call-SplitRG/shard-0/SplitLargeReadGroup/65a0817c-b7bd-41d3-bacb-fe4a53dd1d0c/call-SamSplitter/inputs/1329413647/ERR3687419_ILMN.unmapped.bam \
  OUTPUT=output_dir \
  SPLIT_TO_N_READS=48000000 \
  TOTAL_READS_IN_INPUT=$total_reads[0m
[2026-02-23 14:21:19,76] [info] BackgroundConfigAsyncJobExecutionActor [[38;5;2m65a0817c[0mSplitLargeReadGroup.SamSplitter:NA:1]: executing: # make sure there is no preexisting Docker CID file
rm -f /home/darja/workflow/cromwell-executions1/WholeGenomeGermlineSingleSample/65770c70-ea3c-408d-89af-64bb732a3e17/call-UnmappedBamToAlignedBam/UnmappedBamToAlignedBam/88f7677e-709b-4272-b457-7b49bce16cb7/call-SplitRG/shard-0/SplitLargeReadGroup/65a0817c-b7bd-41d3-bacb-fe4a53dd1d0c/call-SamSplitter/execution/docker_cid
# run as in the original configuration without --rm flag (will remove later)
docker run \
  --cidfile /home/darja/workflow/cromwell-executions1/WholeGenomeGermlineSingleSample/65770c70-ea3c-408d-89af-64bb732a3e17/call-UnmappedBamToAlignedBam/UnmappedBamToAlignedBam/88f7677e-709b-4272-b457-7b49bce16cb7/call-SplitRG/shard-0/SplitLargeReadGroup/65a0817c-b7bd-41d3-bacb-fe4a53dd1d0c/call-SamSplitter/execution/docker_cid \
  -i \
  --user 1027:1028 \
  --cpus="64" \
  --memory="350G" \
  --entrypoint /bin/bash \
  -v /home/darja/workflow/cromwell-executions1/WholeGenomeGermlineSingleSample/65770c70-ea3c-408d-89af-64bb732a3e17/call-UnmappedBamToAlignedBam/UnmappedBamToAlignedBam/88f7677e-709b-4272-b457-7b49bce16cb7/call-SplitRG/shard-0/SplitLargeReadGroup/65a0817c-b7bd-41d3-bacb-fe4a53dd1d0c/call-SamSplitter:/cromwell-executions1/WholeGenomeGermlineSingleSample/65770c70-ea3c-408d-89af-64bb732a3e17/call-UnmappedBamToAlignedBam/UnmappedBamToAlignedBam/88f7677e-709b-4272-b457-7b49bce16cb7/call-SplitRG/shard-0/SplitLargeReadGroup/65a0817c-b7bd-41d3-bacb-fe4a53dd1d0c/call-SamSplitter \
  -v /mnt/nas1/projects/lasr/blendseq:/mnt/nas1/projects/lasr/blendseq \
  us.gcr.io/broad-gotc-prod/samtools-picard-bwa@sha256:68eae459869592a095b75598039a65e02dede4f6e89cb1452a6a9e673cc10fa9 /cromwell-executions1/WholeGenomeGermlineSingleSample/65770c70-ea3c-408d-89af-64bb732a3e17/call-UnmappedBamToAlignedBam/UnmappedBamToAlignedBam/88f7677e-709b-4272-b457-7b49bce16cb7/call-SplitRG/shard-0/SplitLargeReadGroup/65a0817c-b7bd-41d3-bacb-fe4a53dd1d0c/call-SamSplitter/execution/script

# get the return code (working even if the container was detached)
rc=$(docker wait [38;5;5mcat /home/darja/workflow/cromwell-executions1/WholeGenomeGermlineSingleSample/65770c70-ea3c-408d-89af-64bb732a3e17/call-UnmappedBamToAlignedBam/UnmappedBamToAlignedBam/88f7677e-709b-4272-b457-7b49bce16cb7/call-SplitRG/shard-0/SplitLargeReadGroup/65a0817c-b7bd-41d3-bacb-fe4a53dd1d0c/call-SamSplitter/execution/docker_cid[0m)

# remove the container after waiting
docker rm [38;5;5mcat /home/darja/workflow/cromwell-executions1/WholeGenomeGermlineSingleSample/65770c70-ea3c-408d-89af-64bb732a3e17/call-UnmappedBamToAlignedBam/UnmappedBamToAlignedBam/88f7677e-709b-4272-b457-7b49bce16cb7/call-SplitRG/shard-0/SplitLargeReadGroup/65a0817c-b7bd-41d3-bacb-fe4a53dd1d0c/call-SamSplitter/execution/docker_cid[0m

# return exit code
exit $rc
[2026-02-23 14:21:23,87] [info] BackgroundConfigAsyncJobExecutionActor [[38;5;2m65a0817c[0mSplitLargeReadGroup.SamSplitter:NA:1]: job id: 46996
[2026-02-23 14:21:23,87] [info] BackgroundConfigAsyncJobExecutionActor [[38;5;2m65a0817c[0mSplitLargeReadGroup.SamSplitter:NA:1]: Status change from - to WaitingForReturnCode
[2026-02-23 14:58:37,83] [info] BackgroundConfigAsyncJobExecutionActor [[38;5;2m65a0817c[0mSplitLargeReadGroup.SamSplitter:NA:1]: Status change from WaitingForReturnCode to Done
[2026-02-23 14:58:43,56] [info] 65a0817c-b7bd-41d3-bacb-fe4a53dd1d0c-SubWorkflowActor-SubWorkflow-SplitRG:0:1 [[38;5;2m65a0817c[0m]: Starting SplitLargeReadGroup.SamToFastqAndDragmapAndMba (19 shards)
[2026-02-23 14:58:48,97] [info] Assigned new job execution tokens to the following groups: 65770c70: 1
[2026-02-23 14:58:49,80] [[38;5;220mwarn[0m] BackgroundConfigAsyncJobExecutionActor [[38;5;2m65a0817c[0mSplitLargeReadGroup.SamToFastqAndDragmapAndMba:4:1]: Unrecognized runtime attribute keys: preemptible, disks, cpu, memory
[2026-02-23 14:58:49,82] [info] BackgroundConfigAsyncJobExecutionActor [[38;5;2m65a0817c[0mSplitLargeReadGroup.SamToFastqAndDragmapAndMba:4:1]: [38;5;5mset -euxo pipefail

DRAGMAP_VERSION=$(dragen-os --version)

if [ -z ${DRAGMAP_VERSION} ]; then
    exit 1;
fi

mkdir dragen_reference
mv /cromwell-executions1/WholeGenomeGermlineSingleSample/65770c70-ea3c-408d-89af-64bb732a3e17/call-UnmappedBamToAlignedBam/UnmappedBamToAlignedBam/88f7677e-709b-4272-b457-7b49bce16cb7/call-SplitRG/shard-0/SplitLargeReadGroup/65a0817c-b7bd-41d3-bacb-fe4a53dd1d0c/call-SamToFastqAndDragmapAndMba/shard-4/inputs/-1290198700/reference.bin /cromwell-executions1/WholeGenomeGermlineSingleSample/65770c70-ea3c-408d-89af-64bb732a3e17/call-UnmappedBamToAlignedBam/UnmappedBamToAlignedBam/88f7677e-709b-4272-b457-7b49bce16cb7/call-SplitRG/shard-0/SplitLargeReadGroup/65a0817c-b7bd-41d3-bacb-fe4a53dd1d0c/call-SamToFastqAndDragmapAndMba/shard-4/inputs/-1290198700/hash_table.cfg.bin /cromwell-executions1/WholeGenomeGermlineSingleSample/65770c70-ea3c-408d-89af-64bb732a3e17/call-UnmappedBamToAlignedBam/UnmappedBamToAlignedBam/88f7677e-709b-4272-b457-7b49bce16cb7/call-SplitRG/shard-0/SplitLargeReadGroup/65a0817c-b7bd-41d3-bacb-fe4a53dd1d0c/call-SamToFastqAndDragmapAndMba/shard-4/inputs/-1290198700/hash_table.cmp dragen_reference

dragen-os -b /cromwell-executions1/WholeGenomeGermlineSingleSample/65770c70-ea3c-408d-89af-64bb732a3e17/call-UnmappedBamToAlignedBam/UnmappedBamToAlignedBam/88f7677e-709b-4272-b457-7b49bce16cb7/call-SplitRG/shard-0/SplitLargeReadGroup/65a0817c-b7bd-41d3-bacb-fe4a53dd1d0c/call-SamToFastqAndDragmapAndMba/shard-4/inputs/1099139892/shard_0005.bam -r dragen_reference --interleaved=1 --preserve-map-align-order true 2> >(tee shard_0005.dragmap.stderr.log >&2) | samtools view -h -O BAM - > aligned.bam
java -Dsamjdk.compression_level=2 -Xms1000m -Xmx1000m -jar /picard/picard.jar \
  MergeBamAlignment \
  VALIDATION_STRINGENCY=SILENT \
  EXPECTED_ORIENTATIONS=FR \
  ATTRIBUTES_TO_RETAIN=X0 \
  ATTRIBUTES_TO_REMOVE=RG \
  ATTRIBUTES_TO_REMOVE=NM \
  ATTRIBUTES_TO_REMOVE=MD \
  ALIGNED_BAM=aligned.bam \
  UNMAPPED_BAM=/cromwell-executions1/WholeGenomeGermlineSingleSample/65770c70-ea3c-408d-89af-64bb732a3e17/call-UnmappedBamToAlignedBam/UnmappedBamToAlignedBam/88f7677e-709b-4272-b457-7b49bce16cb7/call-SplitRG/shard-0/SplitLargeReadGroup/65a0817c-b7bd-41d3-bacb-fe4a53dd1d0c/call-SamToFastqAndDragmapAndMba/shard-4/inputs/1099139892/shard_0005.bam \
  OUTPUT=shard_0005.bam \
  REFERENCE_SEQUENCE=/cromwell-executions1/WholeGenomeGermlineSingleSample/65770c70-ea3c-408d-89af-64bb732a3e17/call-UnmappedBamToAlignedBam/UnmappedBamToAlignedBam/88f7677e-709b-4272-b457-7b49bce16cb7/call-SplitRG/shard-0/SplitLargeReadGroup/65a0817c-b7bd-41d3-bacb-fe4a53dd1d0c/call-SamToFastqAndDragmapAndMba/shard-4/inputs/-1569105944/Homo_sapiens_assembly38_masked.fasta \
  PAIRED_RUN=true \
  SORT_ORDER="unsorted" \
  IS_BISULFITE_SEQUENCE=false \
  ALIGNED_READS_ONLY=false \
  CLIP_ADAPTERS=false \
   \
   \
  MAX_RECORDS_IN_RAM=2000000 \
  ADD_MATE_CIGAR=true \
  MAX_INSERTIONS_OR_DELETIONS=-1 \
  PRIMARY_ALIGNMENT_STRATEGY=MostDistant \
  PROGRAM_RECORD_ID="dragen-os" \
  PROGRAM_GROUP_VERSION="${DRAGMAP_VERSION}" \
  PROGRAM_GROUP_COMMAND_LINE="dragen-os -b /cromwell-executions1/WholeGenomeGermlineSingleSample/65770c70-ea3c-408d-89af-64bb732a3e17/call-UnmappedBamToAlignedBam/UnmappedBamToAlignedBam/88f7677e-709b-4272-b457-7b49bce16cb7/call-SplitRG/shard-0/SplitLargeReadGroup/65a0817c-b7bd-41d3-bacb-fe4a53dd1d0c/call-SamToFastqAndDragmapAndMba/shard-4/inputs/1099139892/shard_0005.bam -r dragen_reference --interleaved=1" \
  PROGRAM_GROUP_NAME="dragen-os" \
  UNMAPPED_READ_STRATEGY=COPY_TO_TAG \
  ALIGNER_PROPER_PAIR_FLAGS=true \
  UNMAP_CONTAMINANT_READS=true \
  ADD_PG_TAG_TO_READS=false[0m
[2026-02-23 14:58:49,82] [info] BackgroundConfigAsyncJobExecutionActor [[38;5;2m65a0817c[0mSplitLargeReadGroup.SamToFastqAndDragmapAndMba:4:1]: executing: # make sure there is no preexisting Docker CID file
rm -f /home/darja/workflow/cromwell-executions1/WholeGenomeGermlineSingleSample/65770c70-ea3c-408d-89af-64bb732a3e17/call-UnmappedBamToAlignedBam/UnmappedBamToAlignedBam/88f7677e-709b-4272-b457-7b49bce16cb7/call-SplitRG/shard-0/SplitLargeReadGroup/65a0817c-b7bd-41d3-bacb-fe4a53dd1d0c/call-SamToFastqAndDragmapAndMba/shard-4/execution/docker_cid
# run as in the original configuration without --rm flag (will remove later)
docker run \
  --cidfile /home/darja/workflow/cromwell-executions1/WholeGenomeGermlineSingleSample/65770c70-ea3c-408d-89af-64bb732a3e17/call-UnmappedBamToAlignedBam/UnmappedBamToAlignedBam/88f7677e-709b-4272-b457-7b49bce16cb7/call-SplitRG/shard-0/SplitLargeReadGroup/65a0817c-b7bd-41d3-bacb-fe4a53dd1d0c/call-SamToFastqAndDragmapAndMba/shard-4/execution/docker_cid \
  -i \
  --user 1027:1028 \
  --cpus="64" \
  --memory="350G" \
  --entrypoint /bin/bash \
  -v /home/darja/workflow/cromwell-executions1/WholeGenomeGermlineSingleSample/65770c70-ea3c-408d-89af-64bb732a3e17/call-UnmappedBamToAlignedBam/UnmappedBamToAlignedBam/88f7677e-709b-4272-b457-7b49bce16cb7/call-SplitRG/shard-0/SplitLargeReadGroup/65a0817c-b7bd-41d3-bacb-fe4a53dd1d0c/call-SamToFastqAndDragmapAndMba/shard-4:/cromwell-executions1/WholeGenomeGermlineSingleSample/65770c70-ea3c-408d-89af-64bb732a3e17/call-UnmappedBamToAlignedBam/UnmappedBamToAlignedBam/88f7677e-709b-4272-b457-7b49bce16cb7/call-SplitRG/shard-0/SplitLargeReadGroup/65a0817c-b7bd-41d3-bacb-fe4a53dd1d0c/call-SamToFastqAndDragmapAndMba/shard-4 \
  -v /mnt/nas1/projects/lasr/blendseq:/mnt/nas1/projects/lasr/blendseq \
  us.gcr.io/broad-gotc-prod/dragmap@sha256:5964afca3e4173c33b11100f68c1a44642e0ff2ee4de5a49d8cd446fef308b23 /cromwell-executions1/WholeGenomeGermlineSingleSample/65770c70-ea3c-408d-89af-64bb732a3e17/call-UnmappedBamToAlignedBam/UnmappedBamToAlignedBam/88f7677e-709b-4272-b457-7b49bce16cb7/call-SplitRG/shard-0/SplitLargeReadGroup/65a0817c-b7bd-41d3-bacb-fe4a53dd1d0c/call-SamToFastqAndDragmapAndMba/shard-4/execution/script

# get the return code (working even if the container was detached)
rc=$(docker wait [38;5;5mcat /home/darja/workflow/cromwell-executions1/WholeGenomeGermlineSingleSample/65770c70-ea3c-408d-89af-64bb732a3e17/call-UnmappedBamToAlignedBam/UnmappedBamToAlignedBam/88f7677e-709b-4272-b457-7b49bce16cb7/call-SplitRG/shard-0/SplitLargeReadGroup/65a0817c-b7bd-41d3-bacb-fe4a53dd1d0c/call-SamToFastqAndDragmapAndMba/shard-4/execution/docker_cid[0m)

# remove the container after waiting
docker rm [38;5;5mcat /home/darja/workflow/cromwell-executions1/WholeGenomeGermlineSingleSample/65770c70-ea3c-408d-89af-64bb732a3e17/call-UnmappedBamToAlignedBam/UnmappedBamToAlignedBam/88f7677e-709b-4272-b457-7b49bce16cb7/call-SplitRG/shard-0/SplitLargeReadGroup/65a0817c-b7bd-41d3-bacb-fe4a53dd1d0c/call-SamToFastqAndDragmapAndMba/shard-4/execution/docker_cid[0m

# return exit code
exit $rc
[2026-02-23 14:58:53,87] [info] BackgroundConfigAsyncJobExecutionActor [[38;5;2m65a0817c[0mSplitLargeReadGroup.SamToFastqAndDragmapAndMba:4:1]: job id: 47512
[2026-02-23 14:58:53,87] [info] BackgroundConfigAsyncJobExecutionActor [[38;5;2m65a0817c[0mSplitLargeReadGroup.SamToFastqAndDragmapAndMba:4:1]: Status change from - to Done
[2026-02-23 14:58:58,97] [info] Assigned new job execution tokens to the following groups: 65770c70: 1
[2026-02-23 14:58:59,01] [[38;5;220mwarn[0m] BackgroundConfigAsyncJobExecutionActor [[38;5;2m65a0817c[0mSplitLargeReadGroup.SamToFastqAndDragmapAndMba:9:1]: Unrecognized runtime attribute keys: preemptible, disks, cpu, memory
[2026-02-23 14:58:59,04] [info] BackgroundConfigAsyncJobExecutionActor [[38;5;2m65a0817c[0mSplitLargeReadGroup.SamToFastqAndDragmapAndMba:9:1]: [38;5;5mset -euxo pipefail

DRAGMAP_VERSION=$(dragen-os --version)

if [ -z ${DRAGMAP_VERSION} ]; then
    exit 1;
fi

mkdir dragen_reference
mv /cromwell-executions1/WholeGenomeGermlineSingleSample/65770c70-ea3c-408d-89af-64bb732a3e17/call-UnmappedBamToAlignedBam/UnmappedBamToAlignedBam/88f7677e-709b-4272-b457-7b49bce16cb7/call-SplitRG/shard-0/SplitLargeReadGroup/65a0817c-b7bd-41d3-bacb-fe4a53dd1d0c/call-SamToFastqAndDragmapAndMba/shard-9/inputs/-1290198700/reference.bin /cromwell-executions1/WholeGenomeGermlineSingleSample/65770c70-ea3c-408d-89af-64bb732a3e17/call-UnmappedBamToAlignedBam/UnmappedBamToAlignedBam/88f7677e-709b-4272-b457-7b49bce16cb7/call-SplitRG/shard-0/SplitLargeReadGroup/65a0817c-b7bd-41d3-bacb-fe4a53dd1d0c/call-SamToFastqAndDragmapAndMba/shard-9/inputs/-1290198700/hash_table.cfg.bin /cromwell-executions1/WholeGenomeGermlineSingleSample/65770c70-ea3c-408d-89af-64bb732a3e17/call-UnmappedBamToAlignedBam/UnmappedBamToAlignedBam/88f7677e-709b-4272-b457-7b49bce16cb7/call-SplitRG/shard-0/SplitLargeReadGroup/65a0817c-b7bd-41d3-bacb-fe4a53dd1d0c/call-SamToFastqAndDragmapAndMba/shard-9/inputs/-1290198700/hash_table.cmp dragen_reference

dragen-os -b /cromwell-executions1/WholeGenomeGermlineSingleSample/65770c70-ea3c-408d-89af-64bb732a3e17/call-UnmappedBamToAlignedBam/UnmappedBamToAlignedBam/88f7677e-709b-4272-b457-7b49bce16cb7/call-SplitRG/shard-0/SplitLargeReadGroup/65a0817c-b7bd-41d3-bacb-fe4a53dd1d0c/call-SamToFastqAndDragmapAndMba/shard-9/inputs/1099139892/shard_0010.bam -r dragen_reference --interleaved=1 --preserve-map-align-order true 2> >(tee shard_0010.dragmap.stderr.log >&2) | samtools view -h -O BAM - > aligned.bam
java -Dsamjdk.compression_level=2 -Xms1000m -Xmx1000m -jar /picard/picard.jar \
  MergeBamAlignment \
  VALIDATION_STRINGENCY=SILENT \
  EXPECTED_ORIENTATIONS=FR \
  ATTRIBUTES_TO_RETAIN=X0 \
  ATTRIBUTES_TO_REMOVE=RG \
  ATTRIBUTES_TO_REMOVE=NM \
  ATTRIBUTES_TO_REMOVE=MD \
  ALIGNED_BAM=aligned.bam \
  UNMAPPED_BAM=/cromwell-executions1/WholeGenomeGermlineSingleSample/65770c70-ea3c-408d-89af-64bb732a3e17/call-UnmappedBamToAlignedBam/UnmappedBamToAlignedBam/88f7677e-709b-4272-b457-7b49bce16cb7/call-SplitRG/shard-0/SplitLargeReadGroup/65a0817c-b7bd-41d3-bacb-fe4a53dd1d0c/call-SamToFastqAndDragmapAndMba/shard-9/inputs/1099139892/shard_0010.bam \
  OUTPUT=shard_0010.bam \
  REFERENCE_SEQUENCE=/cromwell-executions1/WholeGenomeGermlineSingleSample/65770c70-ea3c-408d-89af-64bb732a3e17/call-UnmappedBamToAlignedBam/UnmappedBamToAlignedBam/88f7677e-709b-4272-b457-7b49bce16cb7/call-SplitRG/shard-0/SplitLargeReadGroup/65a0817c-b7bd-41d3-bacb-fe4a53dd1d0c/call-SamToFastqAndDragmapAndMba/shard-9/inputs/-1569105944/Homo_sapiens_assembly38_masked.fasta \
  PAIRED_RUN=true \
  SORT_ORDER="unsorted" \
  IS_BISULFITE_SEQUENCE=false \
  ALIGNED_READS_ONLY=false \
  CLIP_ADAPTERS=false \
   \
   \
  MAX_RECORDS_IN_RAM=2000000 \
  ADD_MATE_CIGAR=true \
  MAX_INSERTIONS_OR_DELETIONS=-1 \
  PRIMARY_ALIGNMENT_STRATEGY=MostDistant \
  PROGRAM_RECORD_ID="dragen-os" \
  PROGRAM_GROUP_VERSION="${DRAGMAP_VERSION}" \
  PROGRAM_GROUP_COMMAND_LINE="dragen-os -b /cromwell-executions1/WholeGenomeGermlineSingleSample/65770c70-ea3c-408d-89af-64bb732a3e17/call-UnmappedBamToAlignedBam/UnmappedBamToAlignedBam/88f7677e-709b-4272-b457-7b49bce16cb7/call-SplitRG/shard-0/SplitLargeReadGroup/65a0817c-b7bd-41d3-bacb-fe4a53dd1d0c/call-SamToFastqAndDragmapAndMba/shard-9/inputs/1099139892/shard_0010.bam -r dragen_reference --interleaved=1" \
  PROGRAM_GROUP_NAME="dragen-os" \
  UNMAPPED_READ_STRATEGY=COPY_TO_TAG \
  ALIGNER_PROPER_PAIR_FLAGS=true \
  UNMAP_CONTAMINANT_READS=true \
  ADD_PG_TAG_TO_READS=false[0m
[2026-02-23 14:58:59,04] [info] BackgroundConfigAsyncJobExecutionActor [[38;5;2m65a0817c[0mSplitLargeReadGroup.SamToFastqAndDragmapAndMba:9:1]: executing: # make sure there is no preexisting Docker CID file
rm -f /home/darja/workflow/cromwell-executions1/WholeGenomeGermlineSingleSample/65770c70-ea3c-408d-89af-64bb732a3e17/call-UnmappedBamToAlignedBam/UnmappedBamToAlignedBam/88f7677e-709b-4272-b457-7b49bce16cb7/call-SplitRG/shard-0/SplitLargeReadGroup/65a0817c-b7bd-41d3-bacb-fe4a53dd1d0c/call-SamToFastqAndDragmapAndMba/shard-9/execution/docker_cid
# run as in the original configuration without --rm flag (will remove later)
docker run \
  --cidfile /home/darja/workflow/cromwell-executions1/WholeGenomeGermlineSingleSample/65770c70-ea3c-408d-89af-64bb732a3e17/call-UnmappedBamToAlignedBam/UnmappedBamToAlignedBam/88f7677e-709b-4272-b457-7b49bce16cb7/call-SplitRG/shard-0/SplitLargeReadGroup/65a0817c-b7bd-41d3-bacb-fe4a53dd1d0c/call-SamToFastqAndDragmapAndMba/shard-9/execution/docker_cid \
  -i \
  --user 1027:1028 \
  --cpus="64" \
  --memory="350G" \
  --entrypoint /bin/bash \
  -v /home/darja/workflow/cromwell-executions1/WholeGenomeGermlineSingleSample/65770c70-ea3c-408d-89af-64bb732a3e17/call-UnmappedBamToAlignedBam/UnmappedBamToAlignedBam/88f7677e-709b-4272-b457-7b49bce16cb7/call-SplitRG/shard-0/SplitLargeReadGroup/65a0817c-b7bd-41d3-bacb-fe4a53dd1d0c/call-SamToFastqAndDragmapAndMba/shard-9:/cromwell-executions1/WholeGenomeGermlineSingleSample/65770c70-ea3c-408d-89af-64bb732a3e17/call-UnmappedBamToAlignedBam/UnmappedBamToAlignedBam/88f7677e-709b-4272-b457-7b49bce16cb7/call-SplitRG/shard-0/SplitLargeReadGroup/65a0817c-b7bd-41d3-bacb-fe4a53dd1d0c/call-SamToFastqAndDragmapAndMba/shard-9 \
  -v /mnt/nas1/projects/lasr/blendseq:/mnt/nas1/projects/lasr/blendseq \
  us.gcr.io/broad-gotc-prod/dragmap@sha256:5964afca3e4173c33b11100f68c1a44642e0ff2ee4de5a49d8cd446fef308b23 /cromwell-executions1/WholeGenomeGermlineSingleSample/65770c70-ea3c-408d-89af-64bb732a3e17/call-UnmappedBamToAlignedBam/UnmappedBamToAlignedBam/88f7677e-709b-4272-b457-7b49bce16cb7/call-SplitRG/shard-0/SplitLargeReadGroup/65a0817c-b7bd-41d3-bacb-fe4a53dd1d0c/call-SamToFastqAndDragmapAndMba/shard-9/execution/script

# get the return code (working even if the container was detached)
rc=$(docker wait [38;5;5mcat /home/darja/workflow/cromwell-executions1/WholeGenomeGermlineSingleSample/65770c70-ea3c-408d-89af-64bb732a3e17/call-UnmappedBamToAlignedBam/UnmappedBamToAlignedBam/88f7677e-709b-4272-b457-7b49bce16cb7/call-SplitRG/shard-0/SplitLargeReadGroup/65a0817c-b7bd-41d3-bacb-fe4a53dd1d0c/call-SamToFastqAndDragmapAndMba/shard-9/execution/docker_cid[0m)

# remove the container after waiting
docker rm [38;5;5mcat /home/darja/workflow/cromwell-executions1/WholeGenomeGermlineSingleSample/65770c70-ea3c-408d-89af-64bb732a3e17/call-UnmappedBamToAlignedBam/UnmappedBamToAlignedBam/88f7677e-709b-4272-b457-7b49bce16cb7/call-SplitRG/shard-0/SplitLargeReadGroup/65a0817c-b7bd-41d3-bacb-fe4a53dd1d0c/call-SamToFastqAndDragmapAndMba/shard-9/execution/docker_cid[0m

# return exit code
exit $rc
[2026-02-23 14:59:03,87] [info] BackgroundConfigAsyncJobExecutionActor [[38;5;2m65a0817c[0mSplitLargeReadGroup.SamToFastqAndDragmapAndMba:9:1]: job id: 47814
[2026-02-23 14:59:03,87] [info] BackgroundConfigAsyncJobExecutionActor [[38;5;2m65a0817c[0mSplitLargeReadGroup.SamToFastqAndDragmapAndMba:9:1]: Status change from - to Done
[2026-02-23 14:59:08,97] [info] Assigned new job execution tokens to the following groups: 65770c70: 1
[2026-02-23 14:59:09,01] [[38;5;220mwarn[0m] BackgroundConfigAsyncJobExecutionActor [[38;5;2m65a0817c[0mSplitLargeReadGroup.SamToFastqAndDragmapAndMba:10:1]: Unrecognized runtime attribute keys: preemptible, disks, cpu, memory
[2026-02-23 14:59:09,03] [info] BackgroundConfigAsyncJobExecutionActor [[38;5;2m65a0817c[0mSplitLargeReadGroup.SamToFastqAndDragmapAndMba:10:1]: [38;5;5mset -euxo pipefail

DRAGMAP_VERSION=$(dragen-os --version)

if [ -z ${DRAGMAP_VERSION} ]; then
    exit 1;
fi

mkdir dragen_reference
mv /cromwell-executions1/WholeGenomeGermlineSingleSample/65770c70-ea3c-408d-89af-64bb732a3e17/call-UnmappedBamToAlignedBam/UnmappedBamToAlignedBam/88f7677e-709b-4272-b457-7b49bce16cb7/call-SplitRG/shard-0/SplitLargeReadGroup/65a0817c-b7bd-41d3-bacb-fe4a53dd1d0c/call-SamToFastqAndDragmapAndMba/shard-10/inputs/-1290198700/reference.bin /cromwell-executions1/WholeGenomeGermlineSingleSample/65770c70-ea3c-408d-89af-64bb732a3e17/call-UnmappedBamToAlignedBam/UnmappedBamToAlignedBam/88f7677e-709b-4272-b457-7b49bce16cb7/call-SplitRG/shard-0/SplitLargeReadGroup/65a0817c-b7bd-41d3-bacb-fe4a53dd1d0c/call-SamToFastqAndDragmapAndMba/shard-10/inputs/-1290198700/hash_table.cfg.bin /cromwell-executions1/WholeGenomeGermlineSingleSample/65770c70-ea3c-408d-89af-64bb732a3e17/call-UnmappedBamToAlignedBam/UnmappedBamToAlignedBam/88f7677e-709b-4272-b457-7b49bce16cb7/call-SplitRG/shard-0/SplitLargeReadGroup/65a0817c-b7bd-41d3-bacb-fe4a53dd1d0c/call-SamToFastqAndDragmapAndMba/shard-10/inputs/-1290198700/hash_table.cmp dragen_reference

dragen-os -b /cromwell-executions1/WholeGenomeGermlineSingleSample/65770c70-ea3c-408d-89af-64bb732a3e17/call-UnmappedBamToAlignedBam/UnmappedBamToAlignedBam/88f7677e-709b-4272-b457-7b49bce16cb7/call-SplitRG/shard-0/SplitLargeReadGroup/65a0817c-b7bd-41d3-bacb-fe4a53dd1d0c/call-SamToFastqAndDragmapAndMba/shard-10/inputs/1099139892/shard_0011.bam -r dragen_reference --interleaved=1 --preserve-map-align-order true 2> >(tee shard_0011.dragmap.stderr.log >&2) | samtools view -h -O BAM - > aligned.bam
java -Dsamjdk.compression_level=2 -Xms1000m -Xmx1000m -jar /picard/picard.jar \
  MergeBamAlignment \
  VALIDATION_STRINGENCY=SILENT \
  EXPECTED_ORIENTATIONS=FR \
  ATTRIBUTES_TO_RETAIN=X0 \
  ATTRIBUTES_TO_REMOVE=RG \
  ATTRIBUTES_TO_REMOVE=NM \
  ATTRIBUTES_TO_REMOVE=MD \
  ALIGNED_BAM=aligned.bam \
  UNMAPPED_BAM=/cromwell-executions1/WholeGenomeGermlineSingleSample/65770c70-ea3c-408d-89af-64bb732a3e17/call-UnmappedBamToAlignedBam/UnmappedBamToAlignedBam/88f7677e-709b-4272-b457-7b49bce16cb7/call-SplitRG/shard-0/SplitLargeReadGroup/65a0817c-b7bd-41d3-bacb-fe4a53dd1d0c/call-SamToFastqAndDragmapAndMba/shard-10/inputs/1099139892/shard_0011.bam \
  OUTPUT=shard_0011.bam \
  REFERENCE_SEQUENCE=/cromwell-executions1/WholeGenomeGermlineSingleSample/65770c70-ea3c-408d-89af-64bb732a3e17/call-UnmappedBamToAlignedBam/UnmappedBamToAlignedBam/88f7677e-709b-4272-b457-7b49bce16cb7/call-SplitRG/shard-0/SplitLargeReadGroup/65a0817c-b7bd-41d3-bacb-fe4a53dd1d0c/call-SamToFastqAndDragmapAndMba/shard-10/inputs/-1569105944/Homo_sapiens_assembly38_masked.fasta \
  PAIRED_RUN=true \
  SORT_ORDER="unsorted" \
  IS_BISULFITE_SEQUENCE=false \
  ALIGNED_READS_ONLY=false \
  CLIP_ADAPTERS=false \
   \
   \
  MAX_RECORDS_IN_RAM=2000000 \
  ADD_MATE_CIGAR=true \
  MAX_INSERTIONS_OR_DELETIONS=-1 \
  PRIMARY_ALIGNMENT_STRATEGY=MostDistant \
  PROGRAM_RECORD_ID="dragen-os" \
  PROGRAM_GROUP_VERSION="${DRAGMAP_VERSION}" \
  PROGRAM_GROUP_COMMAND_LINE="dragen-os -b /cromwell-executions1/WholeGenomeGermlineSingleSample/65770c70-ea3c-408d-89af-64bb732a3e17/call-UnmappedBamToAlignedBam/UnmappedBamToAlignedBam/88f7677e-709b-4272-b457-7b49bce16cb7/call-SplitRG/shard-0/SplitLargeReadGroup/65a0817c-b7bd-41d3-bacb-fe4a53dd1d0c/call-SamToFastqAndDragmapAndMba/shard-10/inputs/1099139892/shard_0011.bam -r dragen_reference --interleaved=1" \
  PROGRAM_GROUP_NAME="dragen-os" \
  UNMAPPED_READ_STRATEGY=COPY_TO_TAG \
  ALIGNER_PROPER_PAIR_FLAGS=true \
  UNMAP_CONTAMINANT_READS=true \
  ADD_PG_TAG_TO_READS=false[0m
[2026-02-23 14:59:09,03] [info] BackgroundConfigAsyncJobExecutionActor [[38;5;2m65a0817c[0mSplitLargeReadGroup.SamToFastqAndDragmapAndMba:10:1]: executing: # make sure there is no preexisting Docker CID file
rm -f /home/darja/workflow/cromwell-executions1/WholeGenomeGermlineSingleSample/65770c70-ea3c-408d-89af-64bb732a3e17/call-UnmappedBamToAlignedBam/UnmappedBamToAlignedBam/88f7677e-709b-4272-b457-7b49bce16cb7/call-SplitRG/shard-0/SplitLargeReadGroup/65a0817c-b7bd-41d3-bacb-fe4a53dd1d0c/call-SamToFastqAndDragmapAndMba/shard-10/execution/docker_cid
# run as in the original configuration without --rm flag (will remove later)
docker run \
  --cidfile /home/darja/workflow/cromwell-executions1/WholeGenomeGermlineSingleSample/65770c70-ea3c-408d-89af-64bb732a3e17/call-UnmappedBamToAlignedBam/UnmappedBamToAlignedBam/88f7677e-709b-4272-b457-7b49bce16cb7/call-SplitRG/shard-0/SplitLargeReadGroup/65a0817c-b7bd-41d3-bacb-fe4a53dd1d0c/call-SamToFastqAndDragmapAndMba/shard-10/execution/docker_cid \
  -i \
  --user 1027:1028 \
  --cpus="64" \
  --memory="350G" \
  --entrypoint /bin/bash \
  -v /home/darja/workflow/cromwell-executions1/WholeGenomeGermlineSingleSample/65770c70-ea3c-408d-89af-64bb732a3e17/call-UnmappedBamToAlignedBam/UnmappedBamToAlignedBam/88f7677e-709b-4272-b457-7b49bce16cb7/call-SplitRG/shard-0/SplitLargeReadGroup/65a0817c-b7bd-41d3-bacb-fe4a53dd1d0c/call-SamToFastqAndDragmapAndMba/shard-10:/cromwell-executions1/WholeGenomeGermlineSingleSample/65770c70-ea3c-408d-89af-64bb732a3e17/call-UnmappedBamToAlignedBam/UnmappedBamToAlignedBam/88f7677e-709b-4272-b457-7b49bce16cb7/call-SplitRG/shard-0/SplitLargeReadGroup/65a0817c-b7bd-41d3-bacb-fe4a53dd1d0c/call-SamToFastqAndDragmapAndMba/shard-10 \
  -v /mnt/nas1/projects/lasr/blendseq:/mnt/nas1/projects/lasr/blendseq \
  us.gcr.io/broad-gotc-prod/dragmap@sha256:5964afca3e4173c33b11100f68c1a44642e0ff2ee4de5a49d8cd446fef308b23 /cromwell-executions1/WholeGenomeGermlineSingleSample/65770c70-ea3c-408d-89af-64bb732a3e17/call-UnmappedBamToAlignedBam/UnmappedBamToAlignedBam/88f7677e-709b-4272-b457-7b49bce16cb7/call-SplitRG/shard-0/SplitLargeReadGroup/65a0817c-b7bd-41d3-bacb-fe4a53dd1d0c/call-SamToFastqAndDragmapAndMba/shard-10/execution/script

# get the return code (working even if the container was detached)
rc=$(docker wait [38;5;5mcat /home/darja/workflow/cromwell-executions1/WholeGenomeGermlineSingleSample/65770c70-ea3c-408d-89af-64bb732a3e17/call-UnmappedBamToAlignedBam/UnmappedBamToAlignedBam/88f7677e-709b-4272-b457-7b49bce16cb7/call-SplitRG/shard-0/SplitLargeReadGroup/65a0817c-b7bd-41d3-bacb-fe4a53dd1d0c/call-SamToFastqAndDragmapAndMba/shard-10/execution/docker_cid[0m)

# remove the container after waiting
docker rm [38;5;5mcat /home/darja/workflow/cromwell-executions1/WholeGenomeGermlineSingleSample/65770c70-ea3c-408d-89af-64bb732a3e17/call-UnmappedBamToAlignedBam/UnmappedBamToAlignedBam/88f7677e-709b-4272-b457-7b49bce16cb7/call-SplitRG/shard-0/SplitLargeReadGroup/65a0817c-b7bd-41d3-bacb-fe4a53dd1d0c/call-SamToFastqAndDragmapAndMba/shard-10/execution/docker_cid[0m

# return exit code
exit $rc
[2026-02-23 14:59:13,87] [info] BackgroundConfigAsyncJobExecutionActor [[38;5;2m65a0817c[0mSplitLargeReadGroup.SamToFastqAndDragmapAndMba:10:1]: job id: 48112
[2026-02-23 14:59:13,87] [info] BackgroundConfigAsyncJobExecutionActor [[38;5;2m65a0817c[0mSplitLargeReadGroup.SamToFastqAndDragmapAndMba:10:1]: Status change from - to Done
[2026-02-23 14:59:18,97] [info] Assigned new job execution tokens to the following groups: 65770c70: 1
[2026-02-23 14:59:19,01] [[38;5;220mwarn[0m] BackgroundConfigAsyncJobExecutionActor [[38;5;2m65a0817c[0mSplitLargeReadGroup.SamToFastqAndDragmapAndMba:11:1]: Unrecognized runtime attribute keys: preemptible, disks, cpu, memory
[2026-02-23 14:59:19,02] [info] BackgroundConfigAsyncJobExecutionActor [[38;5;2m65a0817c[0mSplitLargeReadGroup.SamToFastqAndDragmapAndMba:11:1]: [38;5;5mset -euxo pipefail

DRAGMAP_VERSION=$(dragen-os --version)

if [ -z ${DRAGMAP_VERSION} ]; then
    exit 1;
fi

mkdir dragen_reference
mv /cromwell-executions1/WholeGenomeGermlineSingleSample/65770c70-ea3c-408d-89af-64bb732a3e17/call-UnmappedBamToAlignedBam/UnmappedBamToAlignedBam/88f7677e-709b-4272-b457-7b49bce16cb7/call-SplitRG/shard-0/SplitLargeReadGroup/65a0817c-b7bd-41d3-bacb-fe4a53dd1d0c/call-SamToFastqAndDragmapAndMba/shard-11/inputs/-1290198700/reference.bin /cromwell-executions1/WholeGenomeGermlineSingleSample/65770c70-ea3c-408d-89af-64bb732a3e17/call-UnmappedBamToAlignedBam/UnmappedBamToAlignedBam/88f7677e-709b-4272-b457-7b49bce16cb7/call-SplitRG/shard-0/SplitLargeReadGroup/65a0817c-b7bd-41d3-bacb-fe4a53dd1d0c/call-SamToFastqAndDragmapAndMba/shard-11/inputs/-1290198700/hash_table.cfg.bin /cromwell-executions1/WholeGenomeGermlineSingleSample/65770c70-ea3c-408d-89af-64bb732a3e17/call-UnmappedBamToAlignedBam/UnmappedBamToAlignedBam/88f7677e-709b-4272-b457-7b49bce16cb7/call-SplitRG/shard-0/SplitLargeReadGroup/65a0817c-b7bd-41d3-bacb-fe4a53dd1d0c/call-SamToFastqAndDragmapAndMba/shard-11/inputs/-1290198700/hash_table.cmp dragen_reference

dragen-os -b /cromwell-executions1/WholeGenomeGermlineSingleSample/65770c70-ea3c-408d-89af-64bb732a3e17/call-UnmappedBamToAlignedBam/UnmappedBamToAlignedBam/88f7677e-709b-4272-b457-7b49bce16cb7/call-SplitRG/shard-0/SplitLargeReadGroup/65a0817c-b7bd-41d3-bacb-fe4a53dd1d0c/call-SamToFastqAndDragmapAndMba/shard-11/inputs/1099139892/shard_0012.bam -r dragen_reference --interleaved=1 --preserve-map-align-order true 2> >(tee shard_0012.dragmap.stderr.log >&2) | samtools view -h -O BAM - > aligned.bam
java -Dsamjdk.compression_level=2 -Xms1000m -Xmx1000m -jar /picard/picard.jar \
  MergeBamAlignment \
  VALIDATION_STRINGENCY=SILENT \
  EXPECTED_ORIENTATIONS=FR \
  ATTRIBUTES_TO_RETAIN=X0 \
  ATTRIBUTES_TO_REMOVE=RG \
  ATTRIBUTES_TO_REMOVE=NM \
  ATTRIBUTES_TO_REMOVE=MD \
  ALIGNED_BAM=aligned.bam \
  UNMAPPED_BAM=/cromwell-executions1/WholeGenomeGermlineSingleSample/65770c70-ea3c-408d-89af-64bb732a3e17/call-UnmappedBamToAlignedBam/UnmappedBamToAlignedBam/88f7677e-709b-4272-b457-7b49bce16cb7/call-SplitRG/shard-0/SplitLargeReadGroup/65a0817c-b7bd-41d3-bacb-fe4a53dd1d0c/call-SamToFastqAndDragmapAndMba/shard-11/inputs/1099139892/shard_0012.bam \
  OUTPUT=shard_0012.bam \
  REFERENCE_SEQUENCE=/cromwell-executions1/WholeGenomeGermlineSingleSample/65770c70-ea3c-408d-89af-64bb732a3e17/call-UnmappedBamToAlignedBam/UnmappedBamToAlignedBam/88f7677e-709b-4272-b457-7b49bce16cb7/call-SplitRG/shard-0/SplitLargeReadGroup/65a0817c-b7bd-41d3-bacb-fe4a53dd1d0c/call-SamToFastqAndDragmapAndMba/shard-11/inputs/-1569105944/Homo_sapiens_assembly38_masked.fasta \
  PAIRED_RUN=true \
  SORT_ORDER="unsorted" \
  IS_BISULFITE_SEQUENCE=false \
  ALIGNED_READS_ONLY=false \
  CLIP_ADAPTERS=false \
   \
   \
  MAX_RECORDS_IN_RAM=2000000 \
  ADD_MATE_CIGAR=true \
  MAX_INSERTIONS_OR_DELETIONS=-1 \
  PRIMARY_ALIGNMENT_STRATEGY=MostDistant \
  PROGRAM_RECORD_ID="dragen-os" \
  PROGRAM_GROUP_VERSION="${DRAGMAP_VERSION}" \
  PROGRAM_GROUP_COMMAND_LINE="dragen-os -b /cromwell-executions1/WholeGenomeGermlineSingleSample/65770c70-ea3c-408d-89af-64bb732a3e17/call-UnmappedBamToAlignedBam/UnmappedBamToAlignedBam/88f7677e-709b-4272-b457-7b49bce16cb7/call-SplitRG/shard-0/SplitLargeReadGroup/65a0817c-b7bd-41d3-bacb-fe4a53dd1d0c/call-SamToFastqAndDragmapAndMba/shard-11/inputs/1099139892/shard_0012.bam -r dragen_reference --interleaved=1" \
  PROGRAM_GROUP_NAME="dragen-os" \
  UNMAPPED_READ_STRATEGY=COPY_TO_TAG \
  ALIGNER_PROPER_PAIR_FLAGS=true \
  UNMAP_CONTAMINANT_READS=true \
  ADD_PG_TAG_TO_READS=false[0m
[2026-02-23 14:59:19,03] [info] BackgroundConfigAsyncJobExecutionActor [[38;5;2m65a0817c[0mSplitLargeReadGroup.SamToFastqAndDragmapAndMba:11:1]: executing: # make sure there is no preexisting Docker CID file
rm -f /home/darja/workflow/cromwell-executions1/WholeGenomeGermlineSingleSample/65770c70-ea3c-408d-89af-64bb732a3e17/call-UnmappedBamToAlignedBam/UnmappedBamToAlignedBam/88f7677e-709b-4272-b457-7b49bce16cb7/call-SplitRG/shard-0/SplitLargeReadGroup/65a0817c-b7bd-41d3-bacb-fe4a53dd1d0c/call-SamToFastqAndDragmapAndMba/shard-11/execution/docker_cid
# run as in the original configuration without --rm flag (will remove later)
docker run \
  --cidfile /home/darja/workflow/cromwell-executions1/WholeGenomeGermlineSingleSample/65770c70-ea3c-408d-89af-64bb732a3e17/call-UnmappedBamToAlignedBam/UnmappedBamToAlignedBam/88f7677e-709b-4272-b457-7b49bce16cb7/call-SplitRG/shard-0/SplitLargeReadGroup/65a0817c-b7bd-41d3-bacb-fe4a53dd1d0c/call-SamToFastqAndDragmapAndMba/shard-11/execution/docker_cid \
  -i \
  --user 1027:1028 \
  --cpus="64" \
  --memory="350G" \
  --entrypoint /bin/bash \
  -v /home/darja/workflow/cromwell-executions1/WholeGenomeGermlineSingleSample/65770c70-ea3c-408d-89af-64bb732a3e17/call-UnmappedBamToAlignedBam/UnmappedBamToAlignedBam/88f7677e-709b-4272-b457-7b49bce16cb7/call-SplitRG/shard-0/SplitLargeReadGroup/65a0817c-b7bd-41d3-bacb-fe4a53dd1d0c/call-SamToFastqAndDragmapAndMba/shard-11:/cromwell-executions1/WholeGenomeGermlineSingleSample/65770c70-ea3c-408d-89af-64bb732a3e17/call-UnmappedBamToAlignedBam/UnmappedBamToAlignedBam/88f7677e-709b-4272-b457-7b49bce16cb7/call-SplitRG/shard-0/SplitLargeReadGroup/65a0817c-b7bd-41d3-bacb-fe4a53dd1d0c/call-SamToFastqAndDragmapAndMba/shard-11 \
  -v /mnt/nas1/projects/lasr/blendseq:/mnt/nas1/projects/lasr/blendseq \
  us.gcr.io/broad-gotc-prod/dragmap@sha256:5964afca3e4173c33b11100f68c1a44642e0ff2ee4de5a49d8cd446fef308b23 /cromwell-executions1/WholeGenomeGermlineSingleSample/65770c70-ea3c-408d-89af-64bb732a3e17/call-UnmappedBamToAlignedBam/UnmappedBamToAlignedBam/88f7677e-709b-4272-b457-7b49bce16cb7/call-SplitRG/shard-0/SplitLargeReadGroup/65a0817c-b7bd-41d3-bacb-fe4a53dd1d0c/call-SamToFastqAndDragmapAndMba/shard-11/execution/script

# get the return code (working even if the container was detached)
rc=$(docker wait [38;5;5mcat /home/darja/workflow/cromwell-executions1/WholeGenomeGermlineSingleSample/65770c70-ea3c-408d-89af-64bb732a3e17/call-UnmappedBamToAlignedBam/UnmappedBamToAlignedBam/88f7677e-709b-4272-b457-7b49bce16cb7/call-SplitRG/shard-0/SplitLargeReadGroup/65a0817c-b7bd-41d3-bacb-fe4a53dd1d0c/call-SamToFastqAndDragmapAndMba/shard-11/execution/docker_cid[0m)

# remove the container after waiting
docker rm [38;5;5mcat /home/darja/workflow/cromwell-executions1/WholeGenomeGermlineSingleSample/65770c70-ea3c-408d-89af-64bb732a3e17/call-UnmappedBamToAlignedBam/UnmappedBamToAlignedBam/88f7677e-709b-4272-b457-7b49bce16cb7/call-SplitRG/shard-0/SplitLargeReadGroup/65a0817c-b7bd-41d3-bacb-fe4a53dd1d0c/call-SamToFastqAndDragmapAndMba/shard-11/execution/docker_cid[0m

# return exit code
exit $rc
[2026-02-23 14:59:23,87] [info] BackgroundConfigAsyncJobExecutionActor [[38;5;2m65a0817c[0mSplitLargeReadGroup.SamToFastqAndDragmapAndMba:11:1]: job id: 48407
[2026-02-23 14:59:23,87] [info] BackgroundConfigAsyncJobExecutionActor [[38;5;2m65a0817c[0mSplitLargeReadGroup.SamToFastqAndDragmapAndMba:11:1]: Status change from - to Done
[2026-02-23 14:59:28,97] [info] Assigned new job execution tokens to the following groups: 65770c70: 1
[2026-02-23 14:59:29,01] [[38;5;220mwarn[0m] BackgroundConfigAsyncJobExecutionActor [[38;5;2m65a0817c[0mSplitLargeReadGroup.SamToFastqAndDragmapAndMba:6:1]: Unrecognized runtime attribute keys: preemptible, disks, cpu, memory
[2026-02-23 14:59:29,03] [info] BackgroundConfigAsyncJobExecutionActor [[38;5;2m65a0817c[0mSplitLargeReadGroup.SamToFastqAndDragmapAndMba:6:1]: [38;5;5mset -euxo pipefail

DRAGMAP_VERSION=$(dragen-os --version)

if [ -z ${DRAGMAP_VERSION} ]; then
    exit 1;
fi

mkdir dragen_reference
mv /cromwell-executions1/WholeGenomeGermlineSingleSample/65770c70-ea3c-408d-89af-64bb732a3e17/call-UnmappedBamToAlignedBam/UnmappedBamToAlignedBam/88f7677e-709b-4272-b457-7b49bce16cb7/call-SplitRG/shard-0/SplitLargeReadGroup/65a0817c-b7bd-41d3-bacb-fe4a53dd1d0c/call-SamToFastqAndDragmapAndMba/shard-6/inputs/-1290198700/reference.bin /cromwell-executions1/WholeGenomeGermlineSingleSample/65770c70-ea3c-408d-89af-64bb732a3e17/call-UnmappedBamToAlignedBam/UnmappedBamToAlignedBam/88f7677e-709b-4272-b457-7b49bce16cb7/call-SplitRG/shard-0/SplitLargeReadGroup/65a0817c-b7bd-41d3-bacb-fe4a53dd1d0c/call-SamToFastqAndDragmapAndMba/shard-6/inputs/-1290198700/hash_table.cfg.bin /cromwell-executions1/WholeGenomeGermlineSingleSample/65770c70-ea3c-408d-89af-64bb732a3e17/call-UnmappedBamToAlignedBam/UnmappedBamToAlignedBam/88f7677e-709b-4272-b457-7b49bce16cb7/call-SplitRG/shard-0/SplitLargeReadGroup/65a0817c-b7bd-41d3-bacb-fe4a53dd1d0c/call-SamToFastqAndDragmapAndMba/shard-6/inputs/-1290198700/hash_table.cmp dragen_reference

dragen-os -b /cromwell-executions1/WholeGenomeGermlineSingleSample/65770c70-ea3c-408d-89af-64bb732a3e17/call-UnmappedBamToAlignedBam/UnmappedBamToAlignedBam/88f7677e-709b-4272-b457-7b49bce16cb7/call-SplitRG/shard-0/SplitLargeReadGroup/65a0817c-b7bd-41d3-bacb-fe4a53dd1d0c/call-SamToFastqAndDragmapAndMba/shard-6/inputs/1099139892/shard_0007.bam -r dragen_reference --interleaved=1 --preserve-map-align-order true 2> >(tee shard_0007.dragmap.stderr.log >&2) | samtools view -h -O BAM - > aligned.bam
java -Dsamjdk.compression_level=2 -Xms1000m -Xmx1000m -jar /picard/picard.jar \
  MergeBamAlignment \
  VALIDATION_STRINGENCY=SILENT \
  EXPECTED_ORIENTATIONS=FR \
  ATTRIBUTES_TO_RETAIN=X0 \
  ATTRIBUTES_TO_REMOVE=RG \
  ATTRIBUTES_TO_REMOVE=NM \
  ATTRIBUTES_TO_REMOVE=MD \
  ALIGNED_BAM=aligned.bam \
  UNMAPPED_BAM=/cromwell-executions1/WholeGenomeGermlineSingleSample/65770c70-ea3c-408d-89af-64bb732a3e17/call-UnmappedBamToAlignedBam/UnmappedBamToAlignedBam/88f7677e-709b-4272-b457-7b49bce16cb7/call-SplitRG/shard-0/SplitLargeReadGroup/65a0817c-b7bd-41d3-bacb-fe4a53dd1d0c/call-SamToFastqAndDragmapAndMba/shard-6/inputs/1099139892/shard_0007.bam \
  OUTPUT=shard_0007.bam \
  REFERENCE_SEQUENCE=/cromwell-executions1/WholeGenomeGermlineSingleSample/65770c70-ea3c-408d-89af-64bb732a3e17/call-UnmappedBamToAlignedBam/UnmappedBamToAlignedBam/88f7677e-709b-4272-b457-7b49bce16cb7/call-SplitRG/shard-0/SplitLargeReadGroup/65a0817c-b7bd-41d3-bacb-fe4a53dd1d0c/call-SamToFastqAndDragmapAndMba/shard-6/inputs/-1569105944/Homo_sapiens_assembly38_masked.fasta \
  PAIRED_RUN=true \
  SORT_ORDER="unsorted" \
  IS_BISULFITE_SEQUENCE=false \
  ALIGNED_READS_ONLY=false \
  CLIP_ADAPTERS=false \
   \
   \
  MAX_RECORDS_IN_RAM=2000000 \
  ADD_MATE_CIGAR=true \
  MAX_INSERTIONS_OR_DELETIONS=-1 \
  PRIMARY_ALIGNMENT_STRATEGY=MostDistant \
  PROGRAM_RECORD_ID="dragen-os" \
  PROGRAM_GROUP_VERSION="${DRAGMAP_VERSION}" \
  PROGRAM_GROUP_COMMAND_LINE="dragen-os -b /cromwell-executions1/WholeGenomeGermlineSingleSample/65770c70-ea3c-408d-89af-64bb732a3e17/call-UnmappedBamToAlignedBam/UnmappedBamToAlignedBam/88f7677e-709b-4272-b457-7b49bce16cb7/call-SplitRG/shard-0/SplitLargeReadGroup/65a0817c-b7bd-41d3-bacb-fe4a53dd1d0c/call-SamToFastqAndDragmapAndMba/shard-6/inputs/1099139892/shard_0007.bam -r dragen_reference --interleaved=1" \
  PROGRAM_GROUP_NAME="dragen-os" \
  UNMAPPED_READ_STRATEGY=COPY_TO_TAG \
  ALIGNER_PROPER_PAIR_FLAGS=true \
  UNMAP_CONTAMINANT_READS=true \
  ADD_PG_TAG_TO_READS=false[0m
[2026-02-23 14:59:29,03] [info] BackgroundConfigAsyncJobExecutionActor [[38;5;2m65a0817c[0mSplitLargeReadGroup.SamToFastqAndDragmapAndMba:6:1]: executing: # make sure there is no preexisting Docker CID file
rm -f /home/darja/workflow/cromwell-executions1/WholeGenomeGermlineSingleSample/65770c70-ea3c-408d-89af-64bb732a3e17/call-UnmappedBamToAlignedBam/UnmappedBamToAlignedBam/88f7677e-709b-4272-b457-7b49bce16cb7/call-SplitRG/shard-0/SplitLargeReadGroup/65a0817c-b7bd-41d3-bacb-fe4a53dd1d0c/call-SamToFastqAndDragmapAndMba/shard-6/execution/docker_cid
# run as in the original configuration without --rm flag (will remove later)
docker run \
  --cidfile /home/darja/workflow/cromwell-executions1/WholeGenomeGermlineSingleSample/65770c70-ea3c-408d-89af-64bb732a3e17/call-UnmappedBamToAlignedBam/UnmappedBamToAlignedBam/88f7677e-709b-4272-b457-7b49bce16cb7/call-SplitRG/shard-0/SplitLargeReadGroup/65a0817c-b7bd-41d3-bacb-fe4a53dd1d0c/call-SamToFastqAndDragmapAndMba/shard-6/execution/docker_cid \
  -i \
  --user 1027:1028 \
  --cpus="64" \
  --memory="350G" \
  --entrypoint /bin/bash \
  -v /home/darja/workflow/cromwell-executions1/WholeGenomeGermlineSingleSample/65770c70-ea3c-408d-89af-64bb732a3e17/call-UnmappedBamToAlignedBam/UnmappedBamToAlignedBam/88f7677e-709b-4272-b457-7b49bce16cb7/call-SplitRG/shard-0/SplitLargeReadGroup/65a0817c-b7bd-41d3-bacb-fe4a53dd1d0c/call-SamToFastqAndDragmapAndMba/shard-6:/cromwell-executions1/WholeGenomeGermlineSingleSample/65770c70-ea3c-408d-89af-64bb732a3e17/call-UnmappedBamToAlignedBam/UnmappedBamToAlignedBam/88f7677e-709b-4272-b457-7b49bce16cb7/call-SplitRG/shard-0/SplitLargeReadGroup/65a0817c-b7bd-41d3-bacb-fe4a53dd1d0c/call-SamToFastqAndDragmapAndMba/shard-6 \
  -v /mnt/nas1/projects/lasr/blendseq:/mnt/nas1/projects/lasr/blendseq \
  us.gcr.io/broad-gotc-prod/dragmap@sha256:5964afca3e4173c33b11100f68c1a44642e0ff2ee4de5a49d8cd446fef308b23 /cromwell-executions1/WholeGenomeGermlineSingleSample/65770c70-ea3c-408d-89af-64bb732a3e17/call-UnmappedBamToAlignedBam/UnmappedBamToAlignedBam/88f7677e-709b-4272-b457-7b49bce16cb7/call-SplitRG/shard-0/SplitLargeReadGroup/65a0817c-b7bd-41d3-bacb-fe4a53dd1d0c/call-SamToFastqAndDragmapAndMba/shard-6/execution/script

# get the return code (working even if the container was detached)
rc=$(docker wait [38;5;5mcat /home/darja/workflow/cromwell-executions1/WholeGenomeGermlineSingleSample/65770c70-ea3c-408d-89af-64bb732a3e17/call-UnmappedBamToAlignedBam/UnmappedBamToAlignedBam/88f7677e-709b-4272-b457-7b49bce16cb7/call-SplitRG/shard-0/SplitLargeReadGroup/65a0817c-b7bd-41d3-bacb-fe4a53dd1d0c/call-SamToFastqAndDragmapAndMba/shard-6/execution/docker_cid[0m)

# remove the container after waiting
docker rm [38;5;5mcat /home/darja/workflow/cromwell-executions1/WholeGenomeGermlineSingleSample/65770c70-ea3c-408d-89af-64bb732a3e17/call-UnmappedBamToAlignedBam/UnmappedBamToAlignedBam/88f7677e-709b-4272-b457-7b49bce16cb7/call-SplitRG/shard-0/SplitLargeReadGroup/65a0817c-b7bd-41d3-bacb-fe4a53dd1d0c/call-SamToFastqAndDragmapAndMba/shard-6/execution/docker_cid[0m

# return exit code
exit $rc
[2026-02-23 14:59:33,87] [info] BackgroundConfigAsyncJobExecutionActor [[38;5;2m65a0817c[0mSplitLargeReadGroup.SamToFastqAndDragmapAndMba:6:1]: job id: 48692
[2026-02-23 14:59:33,87] [info] BackgroundConfigAsyncJobExecutionActor [[38;5;2m65a0817c[0mSplitLargeReadGroup.SamToFastqAndDragmapAndMba:6:1]: Status change from - to Done
[2026-02-23 14:59:38,97] [info] Assigned new job execution tokens to the following groups: 65770c70: 1
[2026-02-23 14:59:39,01] [[38;5;220mwarn[0m] BackgroundConfigAsyncJobExecutionActor [[38;5;2m65a0817c[0mSplitLargeReadGroup.SamToFastqAndDragmapAndMba:3:1]: Unrecognized runtime attribute keys: preemptible, disks, cpu, memory
[2026-02-23 14:59:39,02] [info] BackgroundConfigAsyncJobExecutionActor [[38;5;2m65a0817c[0mSplitLargeReadGroup.SamToFastqAndDragmapAndMba:3:1]: [38;5;5mset -euxo pipefail

DRAGMAP_VERSION=$(dragen-os --version)

if [ -z ${DRAGMAP_VERSION} ]; then
    exit 1;
fi

mkdir dragen_reference
mv /cromwell-executions1/WholeGenomeGermlineSingleSample/65770c70-ea3c-408d-89af-64bb732a3e17/call-UnmappedBamToAlignedBam/UnmappedBamToAlignedBam/88f7677e-709b-4272-b457-7b49bce16cb7/call-SplitRG/shard-0/SplitLargeReadGroup/65a0817c-b7bd-41d3-bacb-fe4a53dd1d0c/call-SamToFastqAndDragmapAndMba/shard-3/inputs/-1290198700/reference.bin /cromwell-executions1/WholeGenomeGermlineSingleSample/65770c70-ea3c-408d-89af-64bb732a3e17/call-UnmappedBamToAlignedBam/UnmappedBamToAlignedBam/88f7677e-709b-4272-b457-7b49bce16cb7/call-SplitRG/shard-0/SplitLargeReadGroup/65a0817c-b7bd-41d3-bacb-fe4a53dd1d0c/call-SamToFastqAndDragmapAndMba/shard-3/inputs/-1290198700/hash_table.cfg.bin /cromwell-executions1/WholeGenomeGermlineSingleSample/65770c70-ea3c-408d-89af-64bb732a3e17/call-UnmappedBamToAlignedBam/UnmappedBamToAlignedBam/88f7677e-709b-4272-b457-7b49bce16cb7/call-SplitRG/shard-0/SplitLargeReadGroup/65a0817c-b7bd-41d3-bacb-fe4a53dd1d0c/call-SamToFastqAndDragmapAndMba/shard-3/inputs/-1290198700/hash_table.cmp dragen_reference

dragen-os -b /cromwell-executions1/WholeGenomeGermlineSingleSample/65770c70-ea3c-408d-89af-64bb732a3e17/call-UnmappedBamToAlignedBam/UnmappedBamToAlignedBam/88f7677e-709b-4272-b457-7b49bce16cb7/call-SplitRG/shard-0/SplitLargeReadGroup/65a0817c-b7bd-41d3-bacb-fe4a53dd1d0c/call-SamToFastqAndDragmapAndMba/shard-3/inputs/1099139892/shard_0004.bam -r dragen_reference --interleaved=1 --preserve-map-align-order true 2> >(tee shard_0004.dragmap.stderr.log >&2) | samtools view -h -O BAM - > aligned.bam
java -Dsamjdk.compression_level=2 -Xms1000m -Xmx1000m -jar /picard/picard.jar \
  MergeBamAlignment \
  VALIDATION_STRINGENCY=SILENT \
  EXPECTED_ORIENTATIONS=FR \
  ATTRIBUTES_TO_RETAIN=X0 \
  ATTRIBUTES_TO_REMOVE=RG \
  ATTRIBUTES_TO_REMOVE=NM \
  ATTRIBUTES_TO_REMOVE=MD \
  ALIGNED_BAM=aligned.bam \
  UNMAPPED_BAM=/cromwell-executions1/WholeGenomeGermlineSingleSample/65770c70-ea3c-408d-89af-64bb732a3e17/call-UnmappedBamToAlignedBam/UnmappedBamToAlignedBam/88f7677e-709b-4272-b457-7b49bce16cb7/call-SplitRG/shard-0/SplitLargeReadGroup/65a0817c-b7bd-41d3-bacb-fe4a53dd1d0c/call-SamToFastqAndDragmapAndMba/shard-3/inputs/1099139892/shard_0004.bam \
  OUTPUT=shard_0004.bam \
  REFERENCE_SEQUENCE=/cromwell-executions1/WholeGenomeGermlineSingleSample/65770c70-ea3c-408d-89af-64bb732a3e17/call-UnmappedBamToAlignedBam/UnmappedBamToAlignedBam/88f7677e-709b-4272-b457-7b49bce16cb7/call-SplitRG/shard-0/SplitLargeReadGroup/65a0817c-b7bd-41d3-bacb-fe4a53dd1d0c/call-SamToFastqAndDragmapAndMba/shard-3/inputs/-1569105944/Homo_sapiens_assembly38_masked.fasta \
  PAIRED_RUN=true \
  SORT_ORDER="unsorted" \
  IS_BISULFITE_SEQUENCE=false \
  ALIGNED_READS_ONLY=false \
  CLIP_ADAPTERS=false \
   \
   \
  MAX_RECORDS_IN_RAM=2000000 \
  ADD_MATE_CIGAR=true \
  MAX_INSERTIONS_OR_DELETIONS=-1 \
  PRIMARY_ALIGNMENT_STRATEGY=MostDistant \
  PROGRAM_RECORD_ID="dragen-os" \
  PROGRAM_GROUP_VERSION="${DRAGMAP_VERSION}" \
  PROGRAM_GROUP_COMMAND_LINE="dragen-os -b /cromwell-executions1/WholeGenomeGermlineSingleSample/65770c70-ea3c-408d-89af-64bb732a3e17/call-UnmappedBamToAlignedBam/UnmappedBamToAlignedBam/88f7677e-709b-4272-b457-7b49bce16cb7/call-SplitRG/shard-0/SplitLargeReadGroup/65a0817c-b7bd-41d3-bacb-fe4a53dd1d0c/call-SamToFastqAndDragmapAndMba/shard-3/inputs/1099139892/shard_0004.bam -r dragen_reference --interleaved=1" \
  PROGRAM_GROUP_NAME="dragen-os" \
  UNMAPPED_READ_STRATEGY=COPY_TO_TAG \
  ALIGNER_PROPER_PAIR_FLAGS=true \
  UNMAP_CONTAMINANT_READS=true \
  ADD_PG_TAG_TO_READS=false[0m
[2026-02-23 14:59:39,03] [info] BackgroundConfigAsyncJobExecutionActor [[38;5;2m65a0817c[0mSplitLargeReadGroup.SamToFastqAndDragmapAndMba:3:1]: executing: # make sure there is no preexisting Docker CID file
rm -f /home/darja/workflow/cromwell-executions1/WholeGenomeGermlineSingleSample/65770c70-ea3c-408d-89af-64bb732a3e17/call-UnmappedBamToAlignedBam/UnmappedBamToAlignedBam/88f7677e-709b-4272-b457-7b49bce16cb7/call-SplitRG/shard-0/SplitLargeReadGroup/65a0817c-b7bd-41d3-bacb-fe4a53dd1d0c/call-SamToFastqAndDragmapAndMba/shard-3/execution/docker_cid
# run as in the original configuration without --rm flag (will remove later)
docker run \
  --cidfile /home/darja/workflow/cromwell-executions1/WholeGenomeGermlineSingleSample/65770c70-ea3c-408d-89af-64bb732a3e17/call-UnmappedBamToAlignedBam/UnmappedBamToAlignedBam/88f7677e-709b-4272-b457-7b49bce16cb7/call-SplitRG/shard-0/SplitLargeReadGroup/65a0817c-b7bd-41d3-bacb-fe4a53dd1d0c/call-SamToFastqAndDragmapAndMba/shard-3/execution/docker_cid \
  -i \
  --user 1027:1028 \
  --cpus="64" \
  --memory="350G" \
  --entrypoint /bin/bash \
  -v /home/darja/workflow/cromwell-executions1/WholeGenomeGermlineSingleSample/65770c70-ea3c-408d-89af-64bb732a3e17/call-UnmappedBamToAlignedBam/UnmappedBamToAlignedBam/88f7677e-709b-4272-b457-7b49bce16cb7/call-SplitRG/shard-0/SplitLargeReadGroup/65a0817c-b7bd-41d3-bacb-fe4a53dd1d0c/call-SamToFastqAndDragmapAndMba/shard-3:/cromwell-executions1/WholeGenomeGermlineSingleSample/65770c70-ea3c-408d-89af-64bb732a3e17/call-UnmappedBamToAlignedBam/UnmappedBamToAlignedBam/88f7677e-709b-4272-b457-7b49bce16cb7/call-SplitRG/shard-0/SplitLargeReadGroup/65a0817c-b7bd-41d3-bacb-fe4a53dd1d0c/call-SamToFastqAndDragmapAndMba/shard-3 \
  -v /mnt/nas1/projects/lasr/blendseq:/mnt/nas1/projects/lasr/blendseq \
  us.gcr.io/broad-gotc-prod/dragmap@sha256:5964afca3e4173c33b11100f68c1a44642e0ff2ee4de5a49d8cd446fef308b23 /cromwell-executions1/WholeGenomeGermlineSingleSample/65770c70-ea3c-408d-89af-64bb732a3e17/call-UnmappedBamToAlignedBam/UnmappedBamToAlignedBam/88f7677e-709b-4272-b457-7b49bce16cb7/call-SplitRG/shard-0/SplitLargeReadGroup/65a0817c-b7bd-41d3-bacb-fe4a53dd1d0c/call-SamToFastqAndDragmapAndMba/shard-3/execution/script

# get the return code (working even if the container was detached)
rc=$(docker wait [38;5;5mcat /home/darja/workflow/cromwell-executions1/WholeGenomeGermlineSingleSample/65770c70-ea3c-408d-89af-64bb732a3e17/call-UnmappedBamToAlignedBam/UnmappedBamToAlignedBam/88f7677e-709b-4272-b457-7b49bce16cb7/call-SplitRG/shard-0/SplitLargeReadGroup/65a0817c-b7bd-41d3-bacb-fe4a53dd1d0c/call-SamToFastqAndDragmapAndMba/shard-3/execution/docker_cid[0m)

# remove the container after waiting
docker rm [38;5;5mcat /home/darja/workflow/cromwell-executions1/WholeGenomeGermlineSingleSample/65770c70-ea3c-408d-89af-64bb732a3e17/call-UnmappedBamToAlignedBam/UnmappedBamToAlignedBam/88f7677e-709b-4272-b457-7b49bce16cb7/call-SplitRG/shard-0/SplitLargeReadGroup/65a0817c-b7bd-41d3-bacb-fe4a53dd1d0c/call-SamToFastqAndDragmapAndMba/shard-3/execution/docker_cid[0m

# return exit code
exit $rc
[2026-02-23 14:59:43,87] [info] BackgroundConfigAsyncJobExecutionActor [[38;5;2m65a0817c[0mSplitLargeReadGroup.SamToFastqAndDragmapAndMba:3:1]: job id: 48978
[2026-02-23 14:59:43,87] [info] BackgroundConfigAsyncJobExecutionActor [[38;5;2m65a0817c[0mSplitLargeReadGroup.SamToFastqAndDragmapAndMba:3:1]: Status change from - to Done
[2026-02-23 14:59:48,97] [info] Assigned new job execution tokens to the following groups: 65770c70: 1
[2026-02-23 14:59:49,01] [[38;5;220mwarn[0m] BackgroundConfigAsyncJobExecutionActor [[38;5;2m65a0817c[0mSplitLargeReadGroup.SamToFastqAndDragmapAndMba:15:1]: Unrecognized runtime attribute keys: preemptible, disks, cpu, memory
[2026-02-23 14:59:49,02] [info] BackgroundConfigAsyncJobExecutionActor [[38;5;2m65a0817c[0mSplitLargeReadGroup.SamToFastqAndDragmapAndMba:15:1]: [38;5;5mset -euxo pipefail

DRAGMAP_VERSION=$(dragen-os --version)

if [ -z ${DRAGMAP_VERSION} ]; then
    exit 1;
fi

mkdir dragen_reference
mv /cromwell-executions1/WholeGenomeGermlineSingleSample/65770c70-ea3c-408d-89af-64bb732a3e17/call-UnmappedBamToAlignedBam/UnmappedBamToAlignedBam/88f7677e-709b-4272-b457-7b49bce16cb7/call-SplitRG/shard-0/SplitLargeReadGroup/65a0817c-b7bd-41d3-bacb-fe4a53dd1d0c/call-SamToFastqAndDragmapAndMba/shard-15/inputs/-1290198700/reference.bin /cromwell-executions1/WholeGenomeGermlineSingleSample/65770c70-ea3c-408d-89af-64bb732a3e17/call-UnmappedBamToAlignedBam/UnmappedBamToAlignedBam/88f7677e-709b-4272-b457-7b49bce16cb7/call-SplitRG/shard-0/SplitLargeReadGroup/65a0817c-b7bd-41d3-bacb-fe4a53dd1d0c/call-SamToFastqAndDragmapAndMba/shard-15/inputs/-1290198700/hash_table.cfg.bin /cromwell-executions1/WholeGenomeGermlineSingleSample/65770c70-ea3c-408d-89af-64bb732a3e17/call-UnmappedBamToAlignedBam/UnmappedBamToAlignedBam/88f7677e-709b-4272-b457-7b49bce16cb7/call-SplitRG/shard-0/SplitLargeReadGroup/65a0817c-b7bd-41d3-bacb-fe4a53dd1d0c/call-SamToFastqAndDragmapAndMba/shard-15/inputs/-1290198700/hash_table.cmp dragen_reference

dragen-os -b /cromwell-executions1/WholeGenomeGermlineSingleSample/65770c70-ea3c-408d-89af-64bb732a3e17/call-UnmappedBamToAlignedBam/UnmappedBamToAlignedBam/88f7677e-709b-4272-b457-7b49bce16cb7/call-SplitRG/shard-0/SplitLargeReadGroup/65a0817c-b7bd-41d3-bacb-fe4a53dd1d0c/call-SamToFastqAndDragmapAndMba/shard-15/inputs/1099139892/shard_0016.bam -r dragen_reference --interleaved=1 --preserve-map-align-order true 2> >(tee shard_0016.dragmap.stderr.log >&2) | samtools view -h -O BAM - > aligned.bam
java -Dsamjdk.compression_level=2 -Xms1000m -Xmx1000m -jar /picard/picard.jar \
  MergeBamAlignment \
  VALIDATION_STRINGENCY=SILENT \
  EXPECTED_ORIENTATIONS=FR \
  ATTRIBUTES_TO_RETAIN=X0 \
  ATTRIBUTES_TO_REMOVE=RG \
  ATTRIBUTES_TO_REMOVE=NM \
  ATTRIBUTES_TO_REMOVE=MD \
  ALIGNED_BAM=aligned.bam \
  UNMAPPED_BAM=/cromwell-executions1/WholeGenomeGermlineSingleSample/65770c70-ea3c-408d-89af-64bb732a3e17/call-UnmappedBamToAlignedBam/UnmappedBamToAlignedBam/88f7677e-709b-4272-b457-7b49bce16cb7/call-SplitRG/shard-0/SplitLargeReadGroup/65a0817c-b7bd-41d3-bacb-fe4a53dd1d0c/call-SamToFastqAndDragmapAndMba/shard-15/inputs/1099139892/shard_0016.bam \
  OUTPUT=shard_0016.bam \
  REFERENCE_SEQUENCE=/cromwell-executions1/WholeGenomeGermlineSingleSample/65770c70-ea3c-408d-89af-64bb732a3e17/call-UnmappedBamToAlignedBam/UnmappedBamToAlignedBam/88f7677e-709b-4272-b457-7b49bce16cb7/call-SplitRG/shard-0/SplitLargeReadGroup/65a0817c-b7bd-41d3-bacb-fe4a53dd1d0c/call-SamToFastqAndDragmapAndMba/shard-15/inputs/-1569105944/Homo_sapiens_assembly38_masked.fasta \
  PAIRED_RUN=true \
  SORT_ORDER="unsorted" \
  IS_BISULFITE_SEQUENCE=false \
  ALIGNED_READS_ONLY=false \
  CLIP_ADAPTERS=false \
   \
   \
  MAX_RECORDS_IN_RAM=2000000 \
  ADD_MATE_CIGAR=true \
  MAX_INSERTIONS_OR_DELETIONS=-1 \
  PRIMARY_ALIGNMENT_STRATEGY=MostDistant \
  PROGRAM_RECORD_ID="dragen-os" \
  PROGRAM_GROUP_VERSION="${DRAGMAP_VERSION}" \
  PROGRAM_GROUP_COMMAND_LINE="dragen-os -b /cromwell-executions1/WholeGenomeGermlineSingleSample/65770c70-ea3c-408d-89af-64bb732a3e17/call-UnmappedBamToAlignedBam/UnmappedBamToAlignedBam/88f7677e-709b-4272-b457-7b49bce16cb7/call-SplitRG/shard-0/SplitLargeReadGroup/65a0817c-b7bd-41d3-bacb-fe4a53dd1d0c/call-SamToFastqAndDragmapAndMba/shard-15/inputs/1099139892/shard_0016.bam -r dragen_reference --interleaved=1" \
  PROGRAM_GROUP_NAME="dragen-os" \
  UNMAPPED_READ_STRATEGY=COPY_TO_TAG \
  ALIGNER_PROPER_PAIR_FLAGS=true \
  UNMAP_CONTAMINANT_READS=true \
  ADD_PG_TAG_TO_READS=false[0m
[2026-02-23 14:59:49,03] [info] BackgroundConfigAsyncJobExecutionActor [[38;5;2m65a0817c[0mSplitLargeReadGroup.SamToFastqAndDragmapAndMba:15:1]: executing: # make sure there is no preexisting Docker CID file
rm -f /home/darja/workflow/cromwell-executions1/WholeGenomeGermlineSingleSample/65770c70-ea3c-408d-89af-64bb732a3e17/call-UnmappedBamToAlignedBam/UnmappedBamToAlignedBam/88f7677e-709b-4272-b457-7b49bce16cb7/call-SplitRG/shard-0/SplitLargeReadGroup/65a0817c-b7bd-41d3-bacb-fe4a53dd1d0c/call-SamToFastqAndDragmapAndMba/shard-15/execution/docker_cid
# run as in the original configuration without --rm flag (will remove later)
docker run \
  --cidfile /home/darja/workflow/cromwell-executions1/WholeGenomeGermlineSingleSample/65770c70-ea3c-408d-89af-64bb732a3e17/call-UnmappedBamToAlignedBam/UnmappedBamToAlignedBam/88f7677e-709b-4272-b457-7b49bce16cb7/call-SplitRG/shard-0/SplitLargeReadGroup/65a0817c-b7bd-41d3-bacb-fe4a53dd1d0c/call-SamToFastqAndDragmapAndMba/shard-15/execution/docker_cid \
  -i \
  --user 1027:1028 \
  --cpus="64" \
  --memory="350G" \
  --entrypoint /bin/bash \
  -v /home/darja/workflow/cromwell-executions1/WholeGenomeGermlineSingleSample/65770c70-ea3c-408d-89af-64bb732a3e17/call-UnmappedBamToAlignedBam/UnmappedBamToAlignedBam/88f7677e-709b-4272-b457-7b49bce16cb7/call-SplitRG/shard-0/SplitLargeReadGroup/65a0817c-b7bd-41d3-bacb-fe4a53dd1d0c/call-SamToFastqAndDragmapAndMba/shard-15:/cromwell-executions1/WholeGenomeGermlineSingleSample/65770c70-ea3c-408d-89af-64bb732a3e17/call-UnmappedBamToAlignedBam/UnmappedBamToAlignedBam/88f7677e-709b-4272-b457-7b49bce16cb7/call-SplitRG/shard-0/SplitLargeReadGroup/65a0817c-b7bd-41d3-bacb-fe4a53dd1d0c/call-SamToFastqAndDragmapAndMba/shard-15 \
  -v /mnt/nas1/projects/lasr/blendseq:/mnt/nas1/projects/lasr/blendseq \
  us.gcr.io/broad-gotc-prod/dragmap@sha256:5964afca3e4173c33b11100f68c1a44642e0ff2ee4de5a49d8cd446fef308b23 /cromwell-executions1/WholeGenomeGermlineSingleSample/65770c70-ea3c-408d-89af-64bb732a3e17/call-UnmappedBamToAlignedBam/UnmappedBamToAlignedBam/88f7677e-709b-4272-b457-7b49bce16cb7/call-SplitRG/shard-0/SplitLargeReadGroup/65a0817c-b7bd-41d3-bacb-fe4a53dd1d0c/call-SamToFastqAndDragmapAndMba/shard-15/execution/script

# get the return code (working even if the container was detached)
rc=$(docker wait [38;5;5mcat /home/darja/workflow/cromwell-executions1/WholeGenomeGermlineSingleSample/65770c70-ea3c-408d-89af-64bb732a3e17/call-UnmappedBamToAlignedBam/UnmappedBamToAlignedBam/88f7677e-709b-4272-b457-7b49bce16cb7/call-SplitRG/shard-0/SplitLargeReadGroup/65a0817c-b7bd-41d3-bacb-fe4a53dd1d0c/call-SamToFastqAndDragmapAndMba/shard-15/execution/docker_cid[0m)

# remove the container after waiting
docker rm [38;5;5mcat /home/darja/workflow/cromwell-executions1/WholeGenomeGermlineSingleSample/65770c70-ea3c-408d-89af-64bb732a3e17/call-UnmappedBamToAlignedBam/UnmappedBamToAlignedBam/88f7677e-709b-4272-b457-7b49bce16cb7/call-SplitRG/shard-0/SplitLargeReadGroup/65a0817c-b7bd-41d3-bacb-fe4a53dd1d0c/call-SamToFastqAndDragmapAndMba/shard-15/execution/docker_cid[0m

# return exit code
exit $rc
[2026-02-23 14:59:53,87] [info] BackgroundConfigAsyncJobExecutionActor [[38;5;2m65a0817c[0mSplitLargeReadGroup.SamToFastqAndDragmapAndMba:15:1]: job id: 49268
[2026-02-23 14:59:53,87] [info] BackgroundConfigAsyncJobExecutionActor [[38;5;2m65a0817c[0mSplitLargeReadGroup.SamToFastqAndDragmapAndMba:15:1]: Status change from - to Done
[2026-02-23 14:59:58,97] [info] Assigned new job execution tokens to the following groups: 65770c70: 1
[2026-02-23 14:59:59,01] [[38;5;220mwarn[0m] BackgroundConfigAsyncJobExecutionActor [[38;5;2m65a0817c[0mSplitLargeReadGroup.SamToFastqAndDragmapAndMba:8:1]: Unrecognized runtime attribute keys: preemptible, disks, cpu, memory
[2026-02-23 14:59:59,03] [info] BackgroundConfigAsyncJobExecutionActor [[38;5;2m65a0817c[0mSplitLargeReadGroup.SamToFastqAndDragmapAndMba:8:1]: [38;5;5mset -euxo pipefail

DRAGMAP_VERSION=$(dragen-os --version)

if [ -z ${DRAGMAP_VERSION} ]; then
    exit 1;
fi

mkdir dragen_reference
mv /cromwell-executions1/WholeGenomeGermlineSingleSample/65770c70-ea3c-408d-89af-64bb732a3e17/call-UnmappedBamToAlignedBam/UnmappedBamToAlignedBam/88f7677e-709b-4272-b457-7b49bce16cb7/call-SplitRG/shard-0/SplitLargeReadGroup/65a0817c-b7bd-41d3-bacb-fe4a53dd1d0c/call-SamToFastqAndDragmapAndMba/shard-8/inputs/-1290198700/reference.bin /cromwell-executions1/WholeGenomeGermlineSingleSample/65770c70-ea3c-408d-89af-64bb732a3e17/call-UnmappedBamToAlignedBam/UnmappedBamToAlignedBam/88f7677e-709b-4272-b457-7b49bce16cb7/call-SplitRG/shard-0/SplitLargeReadGroup/65a0817c-b7bd-41d3-bacb-fe4a53dd1d0c/call-SamToFastqAndDragmapAndMba/shard-8/inputs/-1290198700/hash_table.cfg.bin /cromwell-executions1/WholeGenomeGermlineSingleSample/65770c70-ea3c-408d-89af-64bb732a3e17/call-UnmappedBamToAlignedBam/UnmappedBamToAlignedBam/88f7677e-709b-4272-b457-7b49bce16cb7/call-SplitRG/shard-0/SplitLargeReadGroup/65a0817c-b7bd-41d3-bacb-fe4a53dd1d0c/call-SamToFastqAndDragmapAndMba/shard-8/inputs/-1290198700/hash_table.cmp dragen_reference

dragen-os -b /cromwell-executions1/WholeGenomeGermlineSingleSample/65770c70-ea3c-408d-89af-64bb732a3e17/call-UnmappedBamToAlignedBam/UnmappedBamToAlignedBam/88f7677e-709b-4272-b457-7b49bce16cb7/call-SplitRG/shard-0/SplitLargeReadGroup/65a0817c-b7bd-41d3-bacb-fe4a53dd1d0c/call-SamToFastqAndDragmapAndMba/shard-8/inputs/1099139892/shard_0009.bam -r dragen_reference --interleaved=1 --preserve-map-align-order true 2> >(tee shard_0009.dragmap.stderr.log >&2) | samtools view -h -O BAM - > aligned.bam
java -Dsamjdk.compression_level=2 -Xms1000m -Xmx1000m -jar /picard/picard.jar \
  MergeBamAlignment \
  VALIDATION_STRINGENCY=SILENT \
  EXPECTED_ORIENTATIONS=FR \
  ATTRIBUTES_TO_RETAIN=X0 \
  ATTRIBUTES_TO_REMOVE=RG \
  ATTRIBUTES_TO_REMOVE=NM \
  ATTRIBUTES_TO_REMOVE=MD \
  ALIGNED_BAM=aligned.bam \
  UNMAPPED_BAM=/cromwell-executions1/WholeGenomeGermlineSingleSample/65770c70-ea3c-408d-89af-64bb732a3e17/call-UnmappedBamToAlignedBam/UnmappedBamToAlignedBam/88f7677e-709b-4272-b457-7b49bce16cb7/call-SplitRG/shard-0/SplitLargeReadGroup/65a0817c-b7bd-41d3-bacb-fe4a53dd1d0c/call-SamToFastqAndDragmapAndMba/shard-8/inputs/1099139892/shard_0009.bam \
  OUTPUT=shard_0009.bam \
  REFERENCE_SEQUENCE=/cromwell-executions1/WholeGenomeGermlineSingleSample/65770c70-ea3c-408d-89af-64bb732a3e17/call-UnmappedBamToAlignedBam/UnmappedBamToAlignedBam/88f7677e-709b-4272-b457-7b49bce16cb7/call-SplitRG/shard-0/SplitLargeReadGroup/65a0817c-b7bd-41d3-bacb-fe4a53dd1d0c/call-SamToFastqAndDragmapAndMba/shard-8/inputs/-1569105944/Homo_sapiens_assembly38_masked.fasta \
  PAIRED_RUN=true \
  SORT_ORDER="unsorted" \
  IS_BISULFITE_SEQUENCE=false \
  ALIGNED_READS_ONLY=false \
  CLIP_ADAPTERS=false \
   \
   \
  MAX_RECORDS_IN_RAM=2000000 \
  ADD_MATE_CIGAR=true \
  MAX_INSERTIONS_OR_DELETIONS=-1 \
  PRIMARY_ALIGNMENT_STRATEGY=MostDistant \
  PROGRAM_RECORD_ID="dragen-os" \
  PROGRAM_GROUP_VERSION="${DRAGMAP_VERSION}" \
  PROGRAM_GROUP_COMMAND_LINE="dragen-os -b /cromwell-executions1/WholeGenomeGermlineSingleSample/65770c70-ea3c-408d-89af-64bb732a3e17/call-UnmappedBamToAlignedBam/UnmappedBamToAlignedBam/88f7677e-709b-4272-b457-7b49bce16cb7/call-SplitRG/shard-0/SplitLargeReadGroup/65a0817c-b7bd-41d3-bacb-fe4a53dd1d0c/call-SamToFastqAndDragmapAndMba/shard-8/inputs/1099139892/shard_0009.bam -r dragen_reference --interleaved=1" \
  PROGRAM_GROUP_NAME="dragen-os" \
  UNMAPPED_READ_STRATEGY=COPY_TO_TAG \
  ALIGNER_PROPER_PAIR_FLAGS=true \
  UNMAP_CONTAMINANT_READS=true \
  ADD_PG_TAG_TO_READS=false[0m
[2026-02-23 14:59:59,03] [info] BackgroundConfigAsyncJobExecutionActor [[38;5;2m65a0817c[0mSplitLargeReadGroup.SamToFastqAndDragmapAndMba:8:1]: executing: # make sure there is no preexisting Docker CID file
rm -f /home/darja/workflow/cromwell-executions1/WholeGenomeGermlineSingleSample/65770c70-ea3c-408d-89af-64bb732a3e17/call-UnmappedBamToAlignedBam/UnmappedBamToAlignedBam/88f7677e-709b-4272-b457-7b49bce16cb7/call-SplitRG/shard-0/SplitLargeReadGroup/65a0817c-b7bd-41d3-bacb-fe4a53dd1d0c/call-SamToFastqAndDragmapAndMba/shard-8/execution/docker_cid
# run as in the original configuration without --rm flag (will remove later)
docker run \
  --cidfile /home/darja/workflow/cromwell-executions1/WholeGenomeGermlineSingleSample/65770c70-ea3c-408d-89af-64bb732a3e17/call-UnmappedBamToAlignedBam/UnmappedBamToAlignedBam/88f7677e-709b-4272-b457-7b49bce16cb7/call-SplitRG/shard-0/SplitLargeReadGroup/65a0817c-b7bd-41d3-bacb-fe4a53dd1d0c/call-SamToFastqAndDragmapAndMba/shard-8/execution/docker_cid \
  -i \
  --user 1027:1028 \
  --cpus="64" \
  --memory="350G" \
  --entrypoint /bin/bash \
  -v /home/darja/workflow/cromwell-executions1/WholeGenomeGermlineSingleSample/65770c70-ea3c-408d-89af-64bb732a3e17/call-UnmappedBamToAlignedBam/UnmappedBamToAlignedBam/88f7677e-709b-4272-b457-7b49bce16cb7/call-SplitRG/shard-0/SplitLargeReadGroup/65a0817c-b7bd-41d3-bacb-fe4a53dd1d0c/call-SamToFastqAndDragmapAndMba/shard-8:/cromwell-executions1/WholeGenomeGermlineSingleSample/65770c70-ea3c-408d-89af-64bb732a3e17/call-UnmappedBamToAlignedBam/UnmappedBamToAlignedBam/88f7677e-709b-4272-b457-7b49bce16cb7/call-SplitRG/shard-0/SplitLargeReadGroup/65a0817c-b7bd-41d3-bacb-fe4a53dd1d0c/call-SamToFastqAndDragmapAndMba/shard-8 \
  -v /mnt/nas1/projects/lasr/blendseq:/mnt/nas1/projects/lasr/blendseq \
  us.gcr.io/broad-gotc-prod/dragmap@sha256:5964afca3e4173c33b11100f68c1a44642e0ff2ee4de5a49d8cd446fef308b23 /cromwell-executions1/WholeGenomeGermlineSingleSample/65770c70-ea3c-408d-89af-64bb732a3e17/call-UnmappedBamToAlignedBam/UnmappedBamToAlignedBam/88f7677e-709b-4272-b457-7b49bce16cb7/call-SplitRG/shard-0/SplitLargeReadGroup/65a0817c-b7bd-41d3-bacb-fe4a53dd1d0c/call-SamToFastqAndDragmapAndMba/shard-8/execution/script

# get the return code (working even if the container was detached)
rc=$(docker wait [38;5;5mcat /home/darja/workflow/cromwell-executions1/WholeGenomeGermlineSingleSample/65770c70-ea3c-408d-89af-64bb732a3e17/call-UnmappedBamToAlignedBam/UnmappedBamToAlignedBam/88f7677e-709b-4272-b457-7b49bce16cb7/call-SplitRG/shard-0/SplitLargeReadGroup/65a0817c-b7bd-41d3-bacb-fe4a53dd1d0c/call-SamToFastqAndDragmapAndMba/shard-8/execution/docker_cid[0m)

# remove the container after waiting
docker rm [38;5;5mcat /home/darja/workflow/cromwell-executions1/WholeGenomeGermlineSingleSample/65770c70-ea3c-408d-89af-64bb732a3e17/call-UnmappedBamToAlignedBam/UnmappedBamToAlignedBam/88f7677e-709b-4272-b457-7b49bce16cb7/call-SplitRG/shard-0/SplitLargeReadGroup/65a0817c-b7bd-41d3-bacb-fe4a53dd1d0c/call-SamToFastqAndDragmapAndMba/shard-8/execution/docker_cid[0m

# return exit code
exit $rc
[2026-02-23 15:00:03,87] [info] BackgroundConfigAsyncJobExecutionActor [[38;5;2m65a0817c[0mSplitLargeReadGroup.SamToFastqAndDragmapAndMba:8:1]: job id: 49557
[2026-02-23 15:00:03,87] [info] BackgroundConfigAsyncJobExecutionActor [[38;5;2m65a0817c[0mSplitLargeReadGroup.SamToFastqAndDragmapAndMba:8:1]: Status change from - to Done
[2026-02-23 15:00:08,97] [info] Assigned new job execution tokens to the following groups: 65770c70: 1
[2026-02-23 15:00:09,00] [[38;5;220mwarn[0m] BackgroundConfigAsyncJobExecutionActor [[38;5;2m65a0817c[0mSplitLargeReadGroup.SamToFastqAndDragmapAndMba:2:1]: Unrecognized runtime attribute keys: preemptible, disks, cpu, memory
[2026-02-23 15:00:09,02] [info] BackgroundConfigAsyncJobExecutionActor [[38;5;2m65a0817c[0mSplitLargeReadGroup.SamToFastqAndDragmapAndMba:2:1]: [38;5;5mset -euxo pipefail

DRAGMAP_VERSION=$(dragen-os --version)

if [ -z ${DRAGMAP_VERSION} ]; then
    exit 1;
fi

mkdir dragen_reference
mv /cromwell-executions1/WholeGenomeGermlineSingleSample/65770c70-ea3c-408d-89af-64bb732a3e17/call-UnmappedBamToAlignedBam/UnmappedBamToAlignedBam/88f7677e-709b-4272-b457-7b49bce16cb7/call-SplitRG/shard-0/SplitLargeReadGroup/65a0817c-b7bd-41d3-bacb-fe4a53dd1d0c/call-SamToFastqAndDragmapAndMba/shard-2/inputs/-1290198700/reference.bin /cromwell-executions1/WholeGenomeGermlineSingleSample/65770c70-ea3c-408d-89af-64bb732a3e17/call-UnmappedBamToAlignedBam/UnmappedBamToAlignedBam/88f7677e-709b-4272-b457-7b49bce16cb7/call-SplitRG/shard-0/SplitLargeReadGroup/65a0817c-b7bd-41d3-bacb-fe4a53dd1d0c/call-SamToFastqAndDragmapAndMba/shard-2/inputs/-1290198700/hash_table.cfg.bin /cromwell-executions1/WholeGenomeGermlineSingleSample/65770c70-ea3c-408d-89af-64bb732a3e17/call-UnmappedBamToAlignedBam/UnmappedBamToAlignedBam/88f7677e-709b-4272-b457-7b49bce16cb7/call-SplitRG/shard-0/SplitLargeReadGroup/65a0817c-b7bd-41d3-bacb-fe4a53dd1d0c/call-SamToFastqAndDragmapAndMba/shard-2/inputs/-1290198700/hash_table.cmp dragen_reference

dragen-os -b /cromwell-executions1/WholeGenomeGermlineSingleSample/65770c70-ea3c-408d-89af-64bb732a3e17/call-UnmappedBamToAlignedBam/UnmappedBamToAlignedBam/88f7677e-709b-4272-b457-7b49bce16cb7/call-SplitRG/shard-0/SplitLargeReadGroup/65a0817c-b7bd-41d3-bacb-fe4a53dd1d0c/call-SamToFastqAndDragmapAndMba/shard-2/inputs/1099139892/shard_0003.bam -r dragen_reference --interleaved=1 --preserve-map-align-order true 2> >(tee shard_0003.dragmap.stderr.log >&2) | samtools view -h -O BAM - > aligned.bam
java -Dsamjdk.compression_level=2 -Xms1000m -Xmx1000m -jar /picard/picard.jar \
  MergeBamAlignment \
  VALIDATION_STRINGENCY=SILENT \
  EXPECTED_ORIENTATIONS=FR \
  ATTRIBUTES_TO_RETAIN=X0 \
  ATTRIBUTES_TO_REMOVE=RG \
  ATTRIBUTES_TO_REMOVE=NM \
  ATTRIBUTES_TO_REMOVE=MD \
  ALIGNED_BAM=aligned.bam \
  UNMAPPED_BAM=/cromwell-executions1/WholeGenomeGermlineSingleSample/65770c70-ea3c-408d-89af-64bb732a3e17/call-UnmappedBamToAlignedBam/UnmappedBamToAlignedBam/88f7677e-709b-4272-b457-7b49bce16cb7/call-SplitRG/shard-0/SplitLargeReadGroup/65a0817c-b7bd-41d3-bacb-fe4a53dd1d0c/call-SamToFastqAndDragmapAndMba/shard-2/inputs/1099139892/shard_0003.bam \
  OUTPUT=shard_0003.bam \
  REFERENCE_SEQUENCE=/cromwell-executions1/WholeGenomeGermlineSingleSample/65770c70-ea3c-408d-89af-64bb732a3e17/call-UnmappedBamToAlignedBam/UnmappedBamToAlignedBam/88f7677e-709b-4272-b457-7b49bce16cb7/call-SplitRG/shard-0/SplitLargeReadGroup/65a0817c-b7bd-41d3-bacb-fe4a53dd1d0c/call-SamToFastqAndDragmapAndMba/shard-2/inputs/-1569105944/Homo_sapiens_assembly38_masked.fasta \
  PAIRED_RUN=true \
  SORT_ORDER="unsorted" \
  IS_BISULFITE_SEQUENCE=false \
  ALIGNED_READS_ONLY=false \
  CLIP_ADAPTERS=false \
   \
   \
  MAX_RECORDS_IN_RAM=2000000 \
  ADD_MATE_CIGAR=true \
  MAX_INSERTIONS_OR_DELETIONS=-1 \
  PRIMARY_ALIGNMENT_STRATEGY=MostDistant \
  PROGRAM_RECORD_ID="dragen-os" \
  PROGRAM_GROUP_VERSION="${DRAGMAP_VERSION}" \
  PROGRAM_GROUP_COMMAND_LINE="dragen-os -b /cromwell-executions1/WholeGenomeGermlineSingleSample/65770c70-ea3c-408d-89af-64bb732a3e17/call-UnmappedBamToAlignedBam/UnmappedBamToAlignedBam/88f7677e-709b-4272-b457-7b49bce16cb7/call-SplitRG/shard-0/SplitLargeReadGroup/65a0817c-b7bd-41d3-bacb-fe4a53dd1d0c/call-SamToFastqAndDragmapAndMba/shard-2/inputs/1099139892/shard_0003.bam -r dragen_reference --interleaved=1" \
  PROGRAM_GROUP_NAME="dragen-os" \
  UNMAPPED_READ_STRATEGY=COPY_TO_TAG \
  ALIGNER_PROPER_PAIR_FLAGS=true \
  UNMAP_CONTAMINANT_READS=true \
  ADD_PG_TAG_TO_READS=false[0m
[2026-02-23 15:00:09,02] [info] BackgroundConfigAsyncJobExecutionActor [[38;5;2m65a0817c[0mSplitLargeReadGroup.SamToFastqAndDragmapAndMba:2:1]: executing: # make sure there is no preexisting Docker CID file
rm -f /home/darja/workflow/cromwell-executions1/WholeGenomeGermlineSingleSample/65770c70-ea3c-408d-89af-64bb732a3e17/call-UnmappedBamToAlignedBam/UnmappedBamToAlignedBam/88f7677e-709b-4272-b457-7b49bce16cb7/call-SplitRG/shard-0/SplitLargeReadGroup/65a0817c-b7bd-41d3-bacb-fe4a53dd1d0c/call-SamToFastqAndDragmapAndMba/shard-2/execution/docker_cid
# run as in the original configuration without --rm flag (will remove later)
docker run \
  --cidfile /home/darja/workflow/cromwell-executions1/WholeGenomeGermlineSingleSample/65770c70-ea3c-408d-89af-64bb732a3e17/call-UnmappedBamToAlignedBam/UnmappedBamToAlignedBam/88f7677e-709b-4272-b457-7b49bce16cb7/call-SplitRG/shard-0/SplitLargeReadGroup/65a0817c-b7bd-41d3-bacb-fe4a53dd1d0c/call-SamToFastqAndDragmapAndMba/shard-2/execution/docker_cid \
  -i \
  --user 1027:1028 \
  --cpus="64" \
  --memory="350G" \
  --entrypoint /bin/bash \
  -v /home/darja/workflow/cromwell-executions1/WholeGenomeGermlineSingleSample/65770c70-ea3c-408d-89af-64bb732a3e17/call-UnmappedBamToAlignedBam/UnmappedBamToAlignedBam/88f7677e-709b-4272-b457-7b49bce16cb7/call-SplitRG/shard-0/SplitLargeReadGroup/65a0817c-b7bd-41d3-bacb-fe4a53dd1d0c/call-SamToFastqAndDragmapAndMba/shard-2:/cromwell-executions1/WholeGenomeGermlineSingleSample/65770c70-ea3c-408d-89af-64bb732a3e17/call-UnmappedBamToAlignedBam/UnmappedBamToAlignedBam/88f7677e-709b-4272-b457-7b49bce16cb7/call-SplitRG/shard-0/SplitLargeReadGroup/65a0817c-b7bd-41d3-bacb-fe4a53dd1d0c/call-SamToFastqAndDragmapAndMba/shard-2 \
  -v /mnt/nas1/projects/lasr/blendseq:/mnt/nas1/projects/lasr/blendseq \
  us.gcr.io/broad-gotc-prod/dragmap@sha256:5964afca3e4173c33b11100f68c1a44642e0ff2ee4de5a49d8cd446fef308b23 /cromwell-executions1/WholeGenomeGermlineSingleSample/65770c70-ea3c-408d-89af-64bb732a3e17/call-UnmappedBamToAlignedBam/UnmappedBamToAlignedBam/88f7677e-709b-4272-b457-7b49bce16cb7/call-SplitRG/shard-0/SplitLargeReadGroup/65a0817c-b7bd-41d3-bacb-fe4a53dd1d0c/call-SamToFastqAndDragmapAndMba/shard-2/execution/script

# get the return code (working even if the container was detached)
rc=$(docker wait [38;5;5mcat /home/darja/workflow/cromwell-executions1/WholeGenomeGermlineSingleSample/65770c70-ea3c-408d-89af-64bb732a3e17/call-UnmappedBamToAlignedBam/UnmappedBamToAlignedBam/88f7677e-709b-4272-b457-7b49bce16cb7/call-SplitRG/shard-0/SplitLargeReadGroup/65a0817c-b7bd-41d3-bacb-fe4a53dd1d0c/call-SamToFastqAndDragmapAndMba/shard-2/execution/docker_cid[0m)

# remove the container after waiting
docker rm [38;5;5mcat /home/darja/workflow/cromwell-executions1/WholeGenomeGermlineSingleSample/65770c70-ea3c-408d-89af-64bb732a3e17/call-UnmappedBamToAlignedBam/UnmappedBamToAlignedBam/88f7677e-709b-4272-b457-7b49bce16cb7/call-SplitRG/shard-0/SplitLargeReadGroup/65a0817c-b7bd-41d3-bacb-fe4a53dd1d0c/call-SamToFastqAndDragmapAndMba/shard-2/execution/docker_cid[0m

# return exit code
exit $rc
[2026-02-23 15:00:13,87] [info] BackgroundConfigAsyncJobExecutionActor [[38;5;2m65a0817c[0mSplitLargeReadGroup.SamToFastqAndDragmapAndMba:2:1]: job id: 49844
[2026-02-23 15:00:13,87] [info] BackgroundConfigAsyncJobExecutionActor [[38;5;2m65a0817c[0mSplitLargeReadGroup.SamToFastqAndDragmapAndMba:2:1]: Status change from - to Done
[2026-02-23 15:00:18,97] [info] Assigned new job execution tokens to the following groups: 65770c70: 1
[2026-02-23 15:00:19,00] [[38;5;220mwarn[0m] BackgroundConfigAsyncJobExecutionActor [[38;5;2m65a0817c[0mSplitLargeReadGroup.SamToFastqAndDragmapAndMba:5:1]: Unrecognized runtime attribute keys: preemptible, disks, cpu, memory
[2026-02-23 15:00:19,02] [info] BackgroundConfigAsyncJobExecutionActor [[38;5;2m65a0817c[0mSplitLargeReadGroup.SamToFastqAndDragmapAndMba:5:1]: [38;5;5mset -euxo pipefail

DRAGMAP_VERSION=$(dragen-os --version)

if [ -z ${DRAGMAP_VERSION} ]; then
    exit 1;
fi

mkdir dragen_reference
mv /cromwell-executions1/WholeGenomeGermlineSingleSample/65770c70-ea3c-408d-89af-64bb732a3e17/call-UnmappedBamToAlignedBam/UnmappedBamToAlignedBam/88f7677e-709b-4272-b457-7b49bce16cb7/call-SplitRG/shard-0/SplitLargeReadGroup/65a0817c-b7bd-41d3-bacb-fe4a53dd1d0c/call-SamToFastqAndDragmapAndMba/shard-5/inputs/-1290198700/reference.bin /cromwell-executions1/WholeGenomeGermlineSingleSample/65770c70-ea3c-408d-89af-64bb732a3e17/call-UnmappedBamToAlignedBam/UnmappedBamToAlignedBam/88f7677e-709b-4272-b457-7b49bce16cb7/call-SplitRG/shard-0/SplitLargeReadGroup/65a0817c-b7bd-41d3-bacb-fe4a53dd1d0c/call-SamToFastqAndDragmapAndMba/shard-5/inputs/-1290198700/hash_table.cfg.bin /cromwell-executions1/WholeGenomeGermlineSingleSample/65770c70-ea3c-408d-89af-64bb732a3e17/call-UnmappedBamToAlignedBam/UnmappedBamToAlignedBam/88f7677e-709b-4272-b457-7b49bce16cb7/call-SplitRG/shard-0/SplitLargeReadGroup/65a0817c-b7bd-41d3-bacb-fe4a53dd1d0c/call-SamToFastqAndDragmapAndMba/shard-5/inputs/-1290198700/hash_table.cmp dragen_reference

dragen-os -b /cromwell-executions1/WholeGenomeGermlineSingleSample/65770c70-ea3c-408d-89af-64bb732a3e17/call-UnmappedBamToAlignedBam/UnmappedBamToAlignedBam/88f7677e-709b-4272-b457-7b49bce16cb7/call-SplitRG/shard-0/SplitLargeReadGroup/65a0817c-b7bd-41d3-bacb-fe4a53dd1d0c/call-SamToFastqAndDragmapAndMba/shard-5/inputs/1099139892/shard_0006.bam -r dragen_reference --interleaved=1 --preserve-map-align-order true 2> >(tee shard_0006.dragmap.stderr.log >&2) | samtools view -h -O BAM - > aligned.bam
java -Dsamjdk.compression_level=2 -Xms1000m -Xmx1000m -jar /picard/picard.jar \
  MergeBamAlignment \
  VALIDATION_STRINGENCY=SILENT \
  EXPECTED_ORIENTATIONS=FR \
  ATTRIBUTES_TO_RETAIN=X0 \
  ATTRIBUTES_TO_REMOVE=RG \
  ATTRIBUTES_TO_REMOVE=NM \
  ATTRIBUTES_TO_REMOVE=MD \
  ALIGNED_BAM=aligned.bam \
  UNMAPPED_BAM=/cromwell-executions1/WholeGenomeGermlineSingleSample/65770c70-ea3c-408d-89af-64bb732a3e17/call-UnmappedBamToAlignedBam/UnmappedBamToAlignedBam/88f7677e-709b-4272-b457-7b49bce16cb7/call-SplitRG/shard-0/SplitLargeReadGroup/65a0817c-b7bd-41d3-bacb-fe4a53dd1d0c/call-SamToFastqAndDragmapAndMba/shard-5/inputs/1099139892/shard_0006.bam \
  OUTPUT=shard_0006.bam \
  REFERENCE_SEQUENCE=/cromwell-executions1/WholeGenomeGermlineSingleSample/65770c70-ea3c-408d-89af-64bb732a3e17/call-UnmappedBamToAlignedBam/UnmappedBamToAlignedBam/88f7677e-709b-4272-b457-7b49bce16cb7/call-SplitRG/shard-0/SplitLargeReadGroup/65a0817c-b7bd-41d3-bacb-fe4a53dd1d0c/call-SamToFastqAndDragmapAndMba/shard-5/inputs/-1569105944/Homo_sapiens_assembly38_masked.fasta \
  PAIRED_RUN=true \
  SORT_ORDER="unsorted" \
  IS_BISULFITE_SEQUENCE=false \
  ALIGNED_READS_ONLY=false \
  CLIP_ADAPTERS=false \
   \
   \
  MAX_RECORDS_IN_RAM=2000000 \
  ADD_MATE_CIGAR=true \
  MAX_INSERTIONS_OR_DELETIONS=-1 \
  PRIMARY_ALIGNMENT_STRATEGY=MostDistant \
  PROGRAM_RECORD_ID="dragen-os" \
  PROGRAM_GROUP_VERSION="${DRAGMAP_VERSION}" \
  PROGRAM_GROUP_COMMAND_LINE="dragen-os -b /cromwell-executions1/WholeGenomeGermlineSingleSample/65770c70-ea3c-408d-89af-64bb732a3e17/call-UnmappedBamToAlignedBam/UnmappedBamToAlignedBam/88f7677e-709b-4272-b457-7b49bce16cb7/call-SplitRG/shard-0/SplitLargeReadGroup/65a0817c-b7bd-41d3-bacb-fe4a53dd1d0c/call-SamToFastqAndDragmapAndMba/shard-5/inputs/1099139892/shard_0006.bam -r dragen_reference --interleaved=1" \
  PROGRAM_GROUP_NAME="dragen-os" \
  UNMAPPED_READ_STRATEGY=COPY_TO_TAG \
  ALIGNER_PROPER_PAIR_FLAGS=true \
  UNMAP_CONTAMINANT_READS=true \
  ADD_PG_TAG_TO_READS=false[0m
[2026-02-23 15:00:19,02] [info] BackgroundConfigAsyncJobExecutionActor [[38;5;2m65a0817c[0mSplitLargeReadGroup.SamToFastqAndDragmapAndMba:5:1]: executing: # make sure there is no preexisting Docker CID file
rm -f /home/darja/workflow/cromwell-executions1/WholeGenomeGermlineSingleSample/65770c70-ea3c-408d-89af-64bb732a3e17/call-UnmappedBamToAlignedBam/UnmappedBamToAlignedBam/88f7677e-709b-4272-b457-7b49bce16cb7/call-SplitRG/shard-0/SplitLargeReadGroup/65a0817c-b7bd-41d3-bacb-fe4a53dd1d0c/call-SamToFastqAndDragmapAndMba/shard-5/execution/docker_cid
# run as in the original configuration without --rm flag (will remove later)
docker run \
  --cidfile /home/darja/workflow/cromwell-executions1/WholeGenomeGermlineSingleSample/65770c70-ea3c-408d-89af-64bb732a3e17/call-UnmappedBamToAlignedBam/UnmappedBamToAlignedBam/88f7677e-709b-4272-b457-7b49bce16cb7/call-SplitRG/shard-0/SplitLargeReadGroup/65a0817c-b7bd-41d3-bacb-fe4a53dd1d0c/call-SamToFastqAndDragmapAndMba/shard-5/execution/docker_cid \
  -i \
  --user 1027:1028 \
  --cpus="64" \
  --memory="350G" \
  --entrypoint /bin/bash \
  -v /home/darja/workflow/cromwell-executions1/WholeGenomeGermlineSingleSample/65770c70-ea3c-408d-89af-64bb732a3e17/call-UnmappedBamToAlignedBam/UnmappedBamToAlignedBam/88f7677e-709b-4272-b457-7b49bce16cb7/call-SplitRG/shard-0/SplitLargeReadGroup/65a0817c-b7bd-41d3-bacb-fe4a53dd1d0c/call-SamToFastqAndDragmapAndMba/shard-5:/cromwell-executions1/WholeGenomeGermlineSingleSample/65770c70-ea3c-408d-89af-64bb732a3e17/call-UnmappedBamToAlignedBam/UnmappedBamToAlignedBam/88f7677e-709b-4272-b457-7b49bce16cb7/call-SplitRG/shard-0/SplitLargeReadGroup/65a0817c-b7bd-41d3-bacb-fe4a53dd1d0c/call-SamToFastqAndDragmapAndMba/shard-5 \
  -v /mnt/nas1/projects/lasr/blendseq:/mnt/nas1/projects/lasr/blendseq \
  us.gcr.io/broad-gotc-prod/dragmap@sha256:5964afca3e4173c33b11100f68c1a44642e0ff2ee4de5a49d8cd446fef308b23 /cromwell-executions1/WholeGenomeGermlineSingleSample/65770c70-ea3c-408d-89af-64bb732a3e17/call-UnmappedBamToAlignedBam/UnmappedBamToAlignedBam/88f7677e-709b-4272-b457-7b49bce16cb7/call-SplitRG/shard-0/SplitLargeReadGroup/65a0817c-b7bd-41d3-bacb-fe4a53dd1d0c/call-SamToFastqAndDragmapAndMba/shard-5/execution/script

# get the return code (working even if the container was detached)
rc=$(docker wait [38;5;5mcat /home/darja/workflow/cromwell-executions1/WholeGenomeGermlineSingleSample/65770c70-ea3c-408d-89af-64bb732a3e17/call-UnmappedBamToAlignedBam/UnmappedBamToAlignedBam/88f7677e-709b-4272-b457-7b49bce16cb7/call-SplitRG/shard-0/SplitLargeReadGroup/65a0817c-b7bd-41d3-bacb-fe4a53dd1d0c/call-SamToFastqAndDragmapAndMba/shard-5/execution/docker_cid[0m)

# remove the container after waiting
docker rm [38;5;5mcat /home/darja/workflow/cromwell-executions1/WholeGenomeGermlineSingleSample/65770c70-ea3c-408d-89af-64bb732a3e17/call-UnmappedBamToAlignedBam/UnmappedBamToAlignedBam/88f7677e-709b-4272-b457-7b49bce16cb7/call-SplitRG/shard-0/SplitLargeReadGroup/65a0817c-b7bd-41d3-bacb-fe4a53dd1d0c/call-SamToFastqAndDragmapAndMba/shard-5/execution/docker_cid[0m

# return exit code
exit $rc
[2026-02-23 15:00:23,87] [info] BackgroundConfigAsyncJobExecutionActor [[38;5;2m65a0817c[0mSplitLargeReadGroup.SamToFastqAndDragmapAndMba:5:1]: job id: 50132
[2026-02-23 15:00:23,87] [info] BackgroundConfigAsyncJobExecutionActor [[38;5;2m65a0817c[0mSplitLargeReadGroup.SamToFastqAndDragmapAndMba:5:1]: Status change from - to Done
[2026-02-23 15:00:28,97] [info] Assigned new job execution tokens to the following groups: 65770c70: 1
[2026-02-23 15:00:29,00] [[38;5;220mwarn[0m] BackgroundConfigAsyncJobExecutionActor [[38;5;2m65a0817c[0mSplitLargeReadGroup.SamToFastqAndDragmapAndMba:18:1]: Unrecognized runtime attribute keys: preemptible, disks, cpu, memory
[2026-02-23 15:00:29,02] [info] BackgroundConfigAsyncJobExecutionActor [[38;5;2m65a0817c[0mSplitLargeReadGroup.SamToFastqAndDragmapAndMba:18:1]: [38;5;5mset -euxo pipefail

DRAGMAP_VERSION=$(dragen-os --version)

if [ -z ${DRAGMAP_VERSION} ]; then
    exit 1;
fi

mkdir dragen_reference
mv /cromwell-executions1/WholeGenomeGermlineSingleSample/65770c70-ea3c-408d-89af-64bb732a3e17/call-UnmappedBamToAlignedBam/UnmappedBamToAlignedBam/88f7677e-709b-4272-b457-7b49bce16cb7/call-SplitRG/shard-0/SplitLargeReadGroup/65a0817c-b7bd-41d3-bacb-fe4a53dd1d0c/call-SamToFastqAndDragmapAndMba/shard-18/inputs/-1290198700/reference.bin /cromwell-executions1/WholeGenomeGermlineSingleSample/65770c70-ea3c-408d-89af-64bb732a3e17/call-UnmappedBamToAlignedBam/UnmappedBamToAlignedBam/88f7677e-709b-4272-b457-7b49bce16cb7/call-SplitRG/shard-0/SplitLargeReadGroup/65a0817c-b7bd-41d3-bacb-fe4a53dd1d0c/call-SamToFastqAndDragmapAndMba/shard-18/inputs/-1290198700/hash_table.cfg.bin /cromwell-executions1/WholeGenomeGermlineSingleSample/65770c70-ea3c-408d-89af-64bb732a3e17/call-UnmappedBamToAlignedBam/UnmappedBamToAlignedBam/88f7677e-709b-4272-b457-7b49bce16cb7/call-SplitRG/shard-0/SplitLargeReadGroup/65a0817c-b7bd-41d3-bacb-fe4a53dd1d0c/call-SamToFastqAndDragmapAndMba/shard-18/inputs/-1290198700/hash_table.cmp dragen_reference

dragen-os -b /cromwell-executions1/WholeGenomeGermlineSingleSample/65770c70-ea3c-408d-89af-64bb732a3e17/call-UnmappedBamToAlignedBam/UnmappedBamToAlignedBam/88f7677e-709b-4272-b457-7b49bce16cb7/call-SplitRG/shard-0/SplitLargeReadGroup/65a0817c-b7bd-41d3-bacb-fe4a53dd1d0c/call-SamToFastqAndDragmapAndMba/shard-18/inputs/1099139892/shard_0019.bam -r dragen_reference --interleaved=1 --preserve-map-align-order true 2> >(tee shard_0019.dragmap.stderr.log >&2) | samtools view -h -O BAM - > aligned.bam
java -Dsamjdk.compression_level=2 -Xms1000m -Xmx1000m -jar /picard/picard.jar \
  MergeBamAlignment \
  VALIDATION_STRINGENCY=SILENT \
  EXPECTED_ORIENTATIONS=FR \
  ATTRIBUTES_TO_RETAIN=X0 \
  ATTRIBUTES_TO_REMOVE=RG \
  ATTRIBUTES_TO_REMOVE=NM \
  ATTRIBUTES_TO_REMOVE=MD \
  ALIGNED_BAM=aligned.bam \
  UNMAPPED_BAM=/cromwell-executions1/WholeGenomeGermlineSingleSample/65770c70-ea3c-408d-89af-64bb732a3e17/call-UnmappedBamToAlignedBam/UnmappedBamToAlignedBam/88f7677e-709b-4272-b457-7b49bce16cb7/call-SplitRG/shard-0/SplitLargeReadGroup/65a0817c-b7bd-41d3-bacb-fe4a53dd1d0c/call-SamToFastqAndDragmapAndMba/shard-18/inputs/1099139892/shard_0019.bam \
  OUTPUT=shard_0019.bam \
  REFERENCE_SEQUENCE=/cromwell-executions1/WholeGenomeGermlineSingleSample/65770c70-ea3c-408d-89af-64bb732a3e17/call-UnmappedBamToAlignedBam/UnmappedBamToAlignedBam/88f7677e-709b-4272-b457-7b49bce16cb7/call-SplitRG/shard-0/SplitLargeReadGroup/65a0817c-b7bd-41d3-bacb-fe4a53dd1d0c/call-SamToFastqAndDragmapAndMba/shard-18/inputs/-1569105944/Homo_sapiens_assembly38_masked.fasta \
  PAIRED_RUN=true \
  SORT_ORDER="unsorted" \
  IS_BISULFITE_SEQUENCE=false \
  ALIGNED_READS_ONLY=false \
  CLIP_ADAPTERS=false \
   \
   \
  MAX_RECORDS_IN_RAM=2000000 \
  ADD_MATE_CIGAR=true \
  MAX_INSERTIONS_OR_DELETIONS=-1 \
  PRIMARY_ALIGNMENT_STRATEGY=MostDistant \
  PROGRAM_RECORD_ID="dragen-os" \
  PROGRAM_GROUP_VERSION="${DRAGMAP_VERSION}" \
  PROGRAM_GROUP_COMMAND_LINE="dragen-os -b /cromwell-executions1/WholeGenomeGermlineSingleSample/65770c70-ea3c-408d-89af-64bb732a3e17/call-UnmappedBamToAlignedBam/UnmappedBamToAlignedBam/88f7677e-709b-4272-b457-7b49bce16cb7/call-SplitRG/shard-0/SplitLargeReadGroup/65a0817c-b7bd-41d3-bacb-fe4a53dd1d0c/call-SamToFastqAndDragmapAndMba/shard-18/inputs/1099139892/shard_0019.bam -r dragen_reference --interleaved=1" \
  PROGRAM_GROUP_NAME="dragen-os" \
  UNMAPPED_READ_STRATEGY=COPY_TO_TAG \
  ALIGNER_PROPER_PAIR_FLAGS=true \
  UNMAP_CONTAMINANT_READS=true \
  ADD_PG_TAG_TO_READS=false[0m
[2026-02-23 15:00:29,02] [info] BackgroundConfigAsyncJobExecutionActor [[38;5;2m65a0817c[0mSplitLargeReadGroup.SamToFastqAndDragmapAndMba:18:1]: executing: # make sure there is no preexisting Docker CID file
rm -f /home/darja/workflow/cromwell-executions1/WholeGenomeGermlineSingleSample/65770c70-ea3c-408d-89af-64bb732a3e17/call-UnmappedBamToAlignedBam/UnmappedBamToAlignedBam/88f7677e-709b-4272-b457-7b49bce16cb7/call-SplitRG/shard-0/SplitLargeReadGroup/65a0817c-b7bd-41d3-bacb-fe4a53dd1d0c/call-SamToFastqAndDragmapAndMba/shard-18/execution/docker_cid
# run as in the original configuration without --rm flag (will remove later)
docker run \
  --cidfile /home/darja/workflow/cromwell-executions1/WholeGenomeGermlineSingleSample/65770c70-ea3c-408d-89af-64bb732a3e17/call-UnmappedBamToAlignedBam/UnmappedBamToAlignedBam/88f7677e-709b-4272-b457-7b49bce16cb7/call-SplitRG/shard-0/SplitLargeReadGroup/65a0817c-b7bd-41d3-bacb-fe4a53dd1d0c/call-SamToFastqAndDragmapAndMba/shard-18/execution/docker_cid \
  -i \
  --user 1027:1028 \
  --cpus="64" \
  --memory="350G" \
  --entrypoint /bin/bash \
  -v /home/darja/workflow/cromwell-executions1/WholeGenomeGermlineSingleSample/65770c70-ea3c-408d-89af-64bb732a3e17/call-UnmappedBamToAlignedBam/UnmappedBamToAlignedBam/88f7677e-709b-4272-b457-7b49bce16cb7/call-SplitRG/shard-0/SplitLargeReadGroup/65a0817c-b7bd-41d3-bacb-fe4a53dd1d0c/call-SamToFastqAndDragmapAndMba/shard-18:/cromwell-executions1/WholeGenomeGermlineSingleSample/65770c70-ea3c-408d-89af-64bb732a3e17/call-UnmappedBamToAlignedBam/UnmappedBamToAlignedBam/88f7677e-709b-4272-b457-7b49bce16cb7/call-SplitRG/shard-0/SplitLargeReadGroup/65a0817c-b7bd-41d3-bacb-fe4a53dd1d0c/call-SamToFastqAndDragmapAndMba/shard-18 \
  -v /mnt/nas1/projects/lasr/blendseq:/mnt/nas1/projects/lasr/blendseq \
  us.gcr.io/broad-gotc-prod/dragmap@sha256:5964afca3e4173c33b11100f68c1a44642e0ff2ee4de5a49d8cd446fef308b23 /cromwell-executions1/WholeGenomeGermlineSingleSample/65770c70-ea3c-408d-89af-64bb732a3e17/call-UnmappedBamToAlignedBam/UnmappedBamToAlignedBam/88f7677e-709b-4272-b457-7b49bce16cb7/call-SplitRG/shard-0/SplitLargeReadGroup/65a0817c-b7bd-41d3-bacb-fe4a53dd1d0c/call-SamToFastqAndDragmapAndMba/shard-18/execution/script

# get the return code (working even if the container was detached)
rc=$(docker wait [38;5;5mcat /home/darja/workflow/cromwell-executions1/WholeGenomeGermlineSingleSample/65770c70-ea3c-408d-89af-64bb732a3e17/call-UnmappedBamToAlignedBam/UnmappedBamToAlignedBam/88f7677e-709b-4272-b457-7b49bce16cb7/call-SplitRG/shard-0/SplitLargeReadGroup/65a0817c-b7bd-41d3-bacb-fe4a53dd1d0c/call-SamToFastqAndDragmapAndMba/shard-18/execution/docker_cid[0m)

# remove the container after waiting
docker rm [38;5;5mcat /home/darja/workflow/cromwell-executions1/WholeGenomeGermlineSingleSample/65770c70-ea3c-408d-89af-64bb732a3e17/call-UnmappedBamToAlignedBam/UnmappedBamToAlignedBam/88f7677e-709b-4272-b457-7b49bce16cb7/call-SplitRG/shard-0/SplitLargeReadGroup/65a0817c-b7bd-41d3-bacb-fe4a53dd1d0c/call-SamToFastqAndDragmapAndMba/shard-18/execution/docker_cid[0m

# return exit code
exit $rc
[2026-02-23 15:00:33,87] [info] BackgroundConfigAsyncJobExecutionActor [[38;5;2m65a0817c[0mSplitLargeReadGroup.SamToFastqAndDragmapAndMba:18:1]: job id: 50422
[2026-02-23 15:00:33,87] [info] BackgroundConfigAsyncJobExecutionActor [[38;5;2m65a0817c[0mSplitLargeReadGroup.SamToFastqAndDragmapAndMba:18:1]: Status change from - to Done
[2026-02-23 15:00:38,97] [info] Assigned new job execution tokens to the following groups: 65770c70: 1
[2026-02-23 15:00:39,00] [[38;5;220mwarn[0m] BackgroundConfigAsyncJobExecutionActor [[38;5;2m65a0817c[0mSplitLargeReadGroup.SamToFastqAndDragmapAndMba:12:1]: Unrecognized runtime attribute keys: preemptible, disks, cpu, memory
[2026-02-23 15:00:39,02] [info] BackgroundConfigAsyncJobExecutionActor [[38;5;2m65a0817c[0mSplitLargeReadGroup.SamToFastqAndDragmapAndMba:12:1]: [38;5;5mset -euxo pipefail

DRAGMAP_VERSION=$(dragen-os --version)

if [ -z ${DRAGMAP_VERSION} ]; then
    exit 1;
fi

mkdir dragen_reference
mv /cromwell-executions1/WholeGenomeGermlineSingleSample/65770c70-ea3c-408d-89af-64bb732a3e17/call-UnmappedBamToAlignedBam/UnmappedBamToAlignedBam/88f7677e-709b-4272-b457-7b49bce16cb7/call-SplitRG/shard-0/SplitLargeReadGroup/65a0817c-b7bd-41d3-bacb-fe4a53dd1d0c/call-SamToFastqAndDragmapAndMba/shard-12/inputs/-1290198700/reference.bin /cromwell-executions1/WholeGenomeGermlineSingleSample/65770c70-ea3c-408d-89af-64bb732a3e17/call-UnmappedBamToAlignedBam/UnmappedBamToAlignedBam/88f7677e-709b-4272-b457-7b49bce16cb7/call-SplitRG/shard-0/SplitLargeReadGroup/65a0817c-b7bd-41d3-bacb-fe4a53dd1d0c/call-SamToFastqAndDragmapAndMba/shard-12/inputs/-1290198700/hash_table.cfg.bin /cromwell-executions1/WholeGenomeGermlineSingleSample/65770c70-ea3c-408d-89af-64bb732a3e17/call-UnmappedBamToAlignedBam/UnmappedBamToAlignedBam/88f7677e-709b-4272-b457-7b49bce16cb7/call-SplitRG/shard-0/SplitLargeReadGroup/65a0817c-b7bd-41d3-bacb-fe4a53dd1d0c/call-SamToFastqAndDragmapAndMba/shard-12/inputs/-1290198700/hash_table.cmp dragen_reference

dragen-os -b /cromwell-executions1/WholeGenomeGermlineSingleSample/65770c70-ea3c-408d-89af-64bb732a3e17/call-UnmappedBamToAlignedBam/UnmappedBamToAlignedBam/88f7677e-709b-4272-b457-7b49bce16cb7/call-SplitRG/shard-0/SplitLargeReadGroup/65a0817c-b7bd-41d3-bacb-fe4a53dd1d0c/call-SamToFastqAndDragmapAndMba/shard-12/inputs/1099139892/shard_0013.bam -r dragen_reference --interleaved=1 --preserve-map-align-order true 2> >(tee shard_0013.dragmap.stderr.log >&2) | samtools view -h -O BAM - > aligned.bam
java -Dsamjdk.compression_level=2 -Xms1000m -Xmx1000m -jar /picard/picard.jar \
  MergeBamAlignment \
  VALIDATION_STRINGENCY=SILENT \
  EXPECTED_ORIENTATIONS=FR \
  ATTRIBUTES_TO_RETAIN=X0 \
  ATTRIBUTES_TO_REMOVE=RG \
  ATTRIBUTES_TO_REMOVE=NM \
  ATTRIBUTES_TO_REMOVE=MD \
  ALIGNED_BAM=aligned.bam \
  UNMAPPED_BAM=/cromwell-executions1/WholeGenomeGermlineSingleSample/65770c70-ea3c-408d-89af-64bb732a3e17/call-UnmappedBamToAlignedBam/UnmappedBamToAlignedBam/88f7677e-709b-4272-b457-7b49bce16cb7/call-SplitRG/shard-0/SplitLargeReadGroup/65a0817c-b7bd-41d3-bacb-fe4a53dd1d0c/call-SamToFastqAndDragmapAndMba/shard-12/inputs/1099139892/shard_0013.bam \
  OUTPUT=shard_0013.bam \
  REFERENCE_SEQUENCE=/cromwell-executions1/WholeGenomeGermlineSingleSample/65770c70-ea3c-408d-89af-64bb732a3e17/call-UnmappedBamToAlignedBam/UnmappedBamToAlignedBam/88f7677e-709b-4272-b457-7b49bce16cb7/call-SplitRG/shard-0/SplitLargeReadGroup/65a0817c-b7bd-41d3-bacb-fe4a53dd1d0c/call-SamToFastqAndDragmapAndMba/shard-12/inputs/-1569105944/Homo_sapiens_assembly38_masked.fasta \
  PAIRED_RUN=true \
  SORT_ORDER="unsorted" \
  IS_BISULFITE_SEQUENCE=false \
  ALIGNED_READS_ONLY=false \
  CLIP_ADAPTERS=false \
   \
   \
  MAX_RECORDS_IN_RAM=2000000 \
  ADD_MATE_CIGAR=true \
  MAX_INSERTIONS_OR_DELETIONS=-1 \
  PRIMARY_ALIGNMENT_STRATEGY=MostDistant \
  PROGRAM_RECORD_ID="dragen-os" \
  PROGRAM_GROUP_VERSION="${DRAGMAP_VERSION}" \
  PROGRAM_GROUP_COMMAND_LINE="dragen-os -b /cromwell-executions1/WholeGenomeGermlineSingleSample/65770c70-ea3c-408d-89af-64bb732a3e17/call-UnmappedBamToAlignedBam/UnmappedBamToAlignedBam/88f7677e-709b-4272-b457-7b49bce16cb7/call-SplitRG/shard-0/SplitLargeReadGroup/65a0817c-b7bd-41d3-bacb-fe4a53dd1d0c/call-SamToFastqAndDragmapAndMba/shard-12/inputs/1099139892/shard_0013.bam -r dragen_reference --interleaved=1" \
  PROGRAM_GROUP_NAME="dragen-os" \
  UNMAPPED_READ_STRATEGY=COPY_TO_TAG \
  ALIGNER_PROPER_PAIR_FLAGS=true \
  UNMAP_CONTAMINANT_READS=true \
  ADD_PG_TAG_TO_READS=false[0m
[2026-02-23 15:00:39,02] [info] BackgroundConfigAsyncJobExecutionActor [[38;5;2m65a0817c[0mSplitLargeReadGroup.SamToFastqAndDragmapAndMba:12:1]: executing: # make sure there is no preexisting Docker CID file
rm -f /home/darja/workflow/cromwell-executions1/WholeGenomeGermlineSingleSample/65770c70-ea3c-408d-89af-64bb732a3e17/call-UnmappedBamToAlignedBam/UnmappedBamToAlignedBam/88f7677e-709b-4272-b457-7b49bce16cb7/call-SplitRG/shard-0/SplitLargeReadGroup/65a0817c-b7bd-41d3-bacb-fe4a53dd1d0c/call-SamToFastqAndDragmapAndMba/shard-12/execution/docker_cid
# run as in the original configuration without --rm flag (will remove later)
docker run \
  --cidfile /home/darja/workflow/cromwell-executions1/WholeGenomeGermlineSingleSample/65770c70-ea3c-408d-89af-64bb732a3e17/call-UnmappedBamToAlignedBam/UnmappedBamToAlignedBam/88f7677e-709b-4272-b457-7b49bce16cb7/call-SplitRG/shard-0/SplitLargeReadGroup/65a0817c-b7bd-41d3-bacb-fe4a53dd1d0c/call-SamToFastqAndDragmapAndMba/shard-12/execution/docker_cid \
  -i \
  --user 1027:1028 \
  --cpus="64" \
  --memory="350G" \
  --entrypoint /bin/bash \
  -v /home/darja/workflow/cromwell-executions1/WholeGenomeGermlineSingleSample/65770c70-ea3c-408d-89af-64bb732a3e17/call-UnmappedBamToAlignedBam/UnmappedBamToAlignedBam/88f7677e-709b-4272-b457-7b49bce16cb7/call-SplitRG/shard-0/SplitLargeReadGroup/65a0817c-b7bd-41d3-bacb-fe4a53dd1d0c/call-SamToFastqAndDragmapAndMba/shard-12:/cromwell-executions1/WholeGenomeGermlineSingleSample/65770c70-ea3c-408d-89af-64bb732a3e17/call-UnmappedBamToAlignedBam/UnmappedBamToAlignedBam/88f7677e-709b-4272-b457-7b49bce16cb7/call-SplitRG/shard-0/SplitLargeReadGroup/65a0817c-b7bd-41d3-bacb-fe4a53dd1d0c/call-SamToFastqAndDragmapAndMba/shard-12 \
  -v /mnt/nas1/projects/lasr/blendseq:/mnt/nas1/projects/lasr/blendseq \
  us.gcr.io/broad-gotc-prod/dragmap@sha256:5964afca3e4173c33b11100f68c1a44642e0ff2ee4de5a49d8cd446fef308b23 /cromwell-executions1/WholeGenomeGermlineSingleSample/65770c70-ea3c-408d-89af-64bb732a3e17/call-UnmappedBamToAlignedBam/UnmappedBamToAlignedBam/88f7677e-709b-4272-b457-7b49bce16cb7/call-SplitRG/shard-0/SplitLargeReadGroup/65a0817c-b7bd-41d3-bacb-fe4a53dd1d0c/call-SamToFastqAndDragmapAndMba/shard-12/execution/script

# get the return code (working even if the container was detached)
rc=$(docker wait [38;5;5mcat /home/darja/workflow/cromwell-executions1/WholeGenomeGermlineSingleSample/65770c70-ea3c-408d-89af-64bb732a3e17/call-UnmappedBamToAlignedBam/UnmappedBamToAlignedBam/88f7677e-709b-4272-b457-7b49bce16cb7/call-SplitRG/shard-0/SplitLargeReadGroup/65a0817c-b7bd-41d3-bacb-fe4a53dd1d0c/call-SamToFastqAndDragmapAndMba/shard-12/execution/docker_cid[0m)

# remove the container after waiting
docker rm [38;5;5mcat /home/darja/workflow/cromwell-executions1/WholeGenomeGermlineSingleSample/65770c70-ea3c-408d-89af-64bb732a3e17/call-UnmappedBamToAlignedBam/UnmappedBamToAlignedBam/88f7677e-709b-4272-b457-7b49bce16cb7/call-SplitRG/shard-0/SplitLargeReadGroup/65a0817c-b7bd-41d3-bacb-fe4a53dd1d0c/call-SamToFastqAndDragmapAndMba/shard-12/execution/docker_cid[0m

# return exit code
exit $rc
[2026-02-23 15:00:43,87] [info] BackgroundConfigAsyncJobExecutionActor [[38;5;2m65a0817c[0mSplitLargeReadGroup.SamToFastqAndDragmapAndMba:12:1]: job id: 50709
[2026-02-23 15:00:43,87] [info] BackgroundConfigAsyncJobExecutionActor [[38;5;2m65a0817c[0mSplitLargeReadGroup.SamToFastqAndDragmapAndMba:12:1]: Status change from - to Done
[2026-02-23 15:00:48,97] [info] Assigned new job execution tokens to the following groups: 65770c70: 1
[2026-02-23 15:00:49,01] [[38;5;220mwarn[0m] BackgroundConfigAsyncJobExecutionActor [[38;5;2m65a0817c[0mSplitLargeReadGroup.SamToFastqAndDragmapAndMba:7:1]: Unrecognized runtime attribute keys: preemptible, disks, cpu, memory
[2026-02-23 15:00:49,02] [info] BackgroundConfigAsyncJobExecutionActor [[38;5;2m65a0817c[0mSplitLargeReadGroup.SamToFastqAndDragmapAndMba:7:1]: [38;5;5mset -euxo pipefail

DRAGMAP_VERSION=$(dragen-os --version)

if [ -z ${DRAGMAP_VERSION} ]; then
    exit 1;
fi

mkdir dragen_reference
mv /cromwell-executions1/WholeGenomeGermlineSingleSample/65770c70-ea3c-408d-89af-64bb732a3e17/call-UnmappedBamToAlignedBam/UnmappedBamToAlignedBam/88f7677e-709b-4272-b457-7b49bce16cb7/call-SplitRG/shard-0/SplitLargeReadGroup/65a0817c-b7bd-41d3-bacb-fe4a53dd1d0c/call-SamToFastqAndDragmapAndMba/shard-7/inputs/-1290198700/reference.bin /cromwell-executions1/WholeGenomeGermlineSingleSample/65770c70-ea3c-408d-89af-64bb732a3e17/call-UnmappedBamToAlignedBam/UnmappedBamToAlignedBam/88f7677e-709b-4272-b457-7b49bce16cb7/call-SplitRG/shard-0/SplitLargeReadGroup/65a0817c-b7bd-41d3-bacb-fe4a53dd1d0c/call-SamToFastqAndDragmapAndMba/shard-7/inputs/-1290198700/hash_table.cfg.bin /cromwell-executions1/WholeGenomeGermlineSingleSample/65770c70-ea3c-408d-89af-64bb732a3e17/call-UnmappedBamToAlignedBam/UnmappedBamToAlignedBam/88f7677e-709b-4272-b457-7b49bce16cb7/call-SplitRG/shard-0/SplitLargeReadGroup/65a0817c-b7bd-41d3-bacb-fe4a53dd1d0c/call-SamToFastqAndDragmapAndMba/shard-7/inputs/-1290198700/hash_table.cmp dragen_reference

dragen-os -b /cromwell-executions1/WholeGenomeGermlineSingleSample/65770c70-ea3c-408d-89af-64bb732a3e17/call-UnmappedBamToAlignedBam/UnmappedBamToAlignedBam/88f7677e-709b-4272-b457-7b49bce16cb7/call-SplitRG/shard-0/SplitLargeReadGroup/65a0817c-b7bd-41d3-bacb-fe4a53dd1d0c/call-SamToFastqAndDragmapAndMba/shard-7/inputs/1099139892/shard_0008.bam -r dragen_reference --interleaved=1 --preserve-map-align-order true 2> >(tee shard_0008.dragmap.stderr.log >&2) | samtools view -h -O BAM - > aligned.bam
java -Dsamjdk.compression_level=2 -Xms1000m -Xmx1000m -jar /picard/picard.jar \
  MergeBamAlignment \
  VALIDATION_STRINGENCY=SILENT \
  EXPECTED_ORIENTATIONS=FR \
  ATTRIBUTES_TO_RETAIN=X0 \
  ATTRIBUTES_TO_REMOVE=RG \
  ATTRIBUTES_TO_REMOVE=NM \
  ATTRIBUTES_TO_REMOVE=MD \
  ALIGNED_BAM=aligned.bam \
  UNMAPPED_BAM=/cromwell-executions1/WholeGenomeGermlineSingleSample/65770c70-ea3c-408d-89af-64bb732a3e17/call-UnmappedBamToAlignedBam/UnmappedBamToAlignedBam/88f7677e-709b-4272-b457-7b49bce16cb7/call-SplitRG/shard-0/SplitLargeReadGroup/65a0817c-b7bd-41d3-bacb-fe4a53dd1d0c/call-SamToFastqAndDragmapAndMba/shard-7/inputs/1099139892/shard_0008.bam \
  OUTPUT=shard_0008.bam \
  REFERENCE_SEQUENCE=/cromwell-executions1/WholeGenomeGermlineSingleSample/65770c70-ea3c-408d-89af-64bb732a3e17/call-UnmappedBamToAlignedBam/UnmappedBamToAlignedBam/88f7677e-709b-4272-b457-7b49bce16cb7/call-SplitRG/shard-0/SplitLargeReadGroup/65a0817c-b7bd-41d3-bacb-fe4a53dd1d0c/call-SamToFastqAndDragmapAndMba/shard-7/inputs/-1569105944/Homo_sapiens_assembly38_masked.fasta \
  PAIRED_RUN=true \
  SORT_ORDER="unsorted" \
  IS_BISULFITE_SEQUENCE=false \
  ALIGNED_READS_ONLY=false \
  CLIP_ADAPTERS=false \
   \
   \
  MAX_RECORDS_IN_RAM=2000000 \
  ADD_MATE_CIGAR=true \
  MAX_INSERTIONS_OR_DELETIONS=-1 \
  PRIMARY_ALIGNMENT_STRATEGY=MostDistant \
  PROGRAM_RECORD_ID="dragen-os" \
  PROGRAM_GROUP_VERSION="${DRAGMAP_VERSION}" \
  PROGRAM_GROUP_COMMAND_LINE="dragen-os -b /cromwell-executions1/WholeGenomeGermlineSingleSample/65770c70-ea3c-408d-89af-64bb732a3e17/call-UnmappedBamToAlignedBam/UnmappedBamToAlignedBam/88f7677e-709b-4272-b457-7b49bce16cb7/call-SplitRG/shard-0/SplitLargeReadGroup/65a0817c-b7bd-41d3-bacb-fe4a53dd1d0c/call-SamToFastqAndDragmapAndMba/shard-7/inputs/1099139892/shard_0008.bam -r dragen_reference --interleaved=1" \
  PROGRAM_GROUP_NAME="dragen-os" \
  UNMAPPED_READ_STRATEGY=COPY_TO_TAG \
  ALIGNER_PROPER_PAIR_FLAGS=true \
  UNMAP_CONTAMINANT_READS=true \
  ADD_PG_TAG_TO_READS=false[0m
[2026-02-23 15:00:49,03] [info] BackgroundConfigAsyncJobExecutionActor [[38;5;2m65a0817c[0mSplitLargeReadGroup.SamToFastqAndDragmapAndMba:7:1]: executing: # make sure there is no preexisting Docker CID file
rm -f /home/darja/workflow/cromwell-executions1/WholeGenomeGermlineSingleSample/65770c70-ea3c-408d-89af-64bb732a3e17/call-UnmappedBamToAlignedBam/UnmappedBamToAlignedBam/88f7677e-709b-4272-b457-7b49bce16cb7/call-SplitRG/shard-0/SplitLargeReadGroup/65a0817c-b7bd-41d3-bacb-fe4a53dd1d0c/call-SamToFastqAndDragmapAndMba/shard-7/execution/docker_cid
# run as in the original configuration without --rm flag (will remove later)
docker run \
  --cidfile /home/darja/workflow/cromwell-executions1/WholeGenomeGermlineSingleSample/65770c70-ea3c-408d-89af-64bb732a3e17/call-UnmappedBamToAlignedBam/UnmappedBamToAlignedBam/88f7677e-709b-4272-b457-7b49bce16cb7/call-SplitRG/shard-0/SplitLargeReadGroup/65a0817c-b7bd-41d3-bacb-fe4a53dd1d0c/call-SamToFastqAndDragmapAndMba/shard-7/execution/docker_cid \
  -i \
  --user 1027:1028 \
  --cpus="64" \
  --memory="350G" \
  --entrypoint /bin/bash \
  -v /home/darja/workflow/cromwell-executions1/WholeGenomeGermlineSingleSample/65770c70-ea3c-408d-89af-64bb732a3e17/call-UnmappedBamToAlignedBam/UnmappedBamToAlignedBam/88f7677e-709b-4272-b457-7b49bce16cb7/call-SplitRG/shard-0/SplitLargeReadGroup/65a0817c-b7bd-41d3-bacb-fe4a53dd1d0c/call-SamToFastqAndDragmapAndMba/shard-7:/cromwell-executions1/WholeGenomeGermlineSingleSample/65770c70-ea3c-408d-89af-64bb732a3e17/call-UnmappedBamToAlignedBam/UnmappedBamToAlignedBam/88f7677e-709b-4272-b457-7b49bce16cb7/call-SplitRG/shard-0/SplitLargeReadGroup/65a0817c-b7bd-41d3-bacb-fe4a53dd1d0c/call-SamToFastqAndDragmapAndMba/shard-7 \
  -v /mnt/nas1/projects/lasr/blendseq:/mnt/nas1/projects/lasr/blendseq \
  us.gcr.io/broad-gotc-prod/dragmap@sha256:5964afca3e4173c33b11100f68c1a44642e0ff2ee4de5a49d8cd446fef308b23 /cromwell-executions1/WholeGenomeGermlineSingleSample/65770c70-ea3c-408d-89af-64bb732a3e17/call-UnmappedBamToAlignedBam/UnmappedBamToAlignedBam/88f7677e-709b-4272-b457-7b49bce16cb7/call-SplitRG/shard-0/SplitLargeReadGroup/65a0817c-b7bd-41d3-bacb-fe4a53dd1d0c/call-SamToFastqAndDragmapAndMba/shard-7/execution/script

# get the return code (working even if the container was detached)
rc=$(docker wait [38;5;5mcat /home/darja/workflow/cromwell-executions1/WholeGenomeGermlineSingleSample/65770c70-ea3c-408d-89af-64bb732a3e17/call-UnmappedBamToAlignedBam/UnmappedBamToAlignedBam/88f7677e-709b-4272-b457-7b49bce16cb7/call-SplitRG/shard-0/SplitLargeReadGroup/65a0817c-b7bd-41d3-bacb-fe4a53dd1d0c/call-SamToFastqAndDragmapAndMba/shard-7/execution/docker_cid[0m)

# remove the container after waiting
docker rm [38;5;5mcat /home/darja/workflow/cromwell-executions1/WholeGenomeGermlineSingleSample/65770c70-ea3c-408d-89af-64bb732a3e17/call-UnmappedBamToAlignedBam/UnmappedBamToAlignedBam/88f7677e-709b-4272-b457-7b49bce16cb7/call-SplitRG/shard-0/SplitLargeReadGroup/65a0817c-b7bd-41d3-bacb-fe4a53dd1d0c/call-SamToFastqAndDragmapAndMba/shard-7/execution/docker_cid[0m

# return exit code
exit $rc
[2026-02-23 15:00:53,87] [info] BackgroundConfigAsyncJobExecutionActor [[38;5;2m65a0817c[0mSplitLargeReadGroup.SamToFastqAndDragmapAndMba:7:1]: job id: 50989
[2026-02-23 15:00:53,87] [info] BackgroundConfigAsyncJobExecutionActor [[38;5;2m65a0817c[0mSplitLargeReadGroup.SamToFastqAndDragmapAndMba:7:1]: Status change from - to Done
[2026-02-23 15:00:58,97] [info] Assigned new job execution tokens to the following groups: 65770c70: 1
[2026-02-23 15:00:59,00] [[38;5;220mwarn[0m] BackgroundConfigAsyncJobExecutionActor [[38;5;2m65a0817c[0mSplitLargeReadGroup.SamToFastqAndDragmapAndMba:16:1]: Unrecognized runtime attribute keys: preemptible, disks, cpu, memory
[2026-02-23 15:00:59,02] [info] BackgroundConfigAsyncJobExecutionActor [[38;5;2m65a0817c[0mSplitLargeReadGroup.SamToFastqAndDragmapAndMba:16:1]: [38;5;5mset -euxo pipefail

DRAGMAP_VERSION=$(dragen-os --version)

if [ -z ${DRAGMAP_VERSION} ]; then
    exit 1;
fi

mkdir dragen_reference
mv /cromwell-executions1/WholeGenomeGermlineSingleSample/65770c70-ea3c-408d-89af-64bb732a3e17/call-UnmappedBamToAlignedBam/UnmappedBamToAlignedBam/88f7677e-709b-4272-b457-7b49bce16cb7/call-SplitRG/shard-0/SplitLargeReadGroup/65a0817c-b7bd-41d3-bacb-fe4a53dd1d0c/call-SamToFastqAndDragmapAndMba/shard-16/inputs/-1290198700/reference.bin /cromwell-executions1/WholeGenomeGermlineSingleSample/65770c70-ea3c-408d-89af-64bb732a3e17/call-UnmappedBamToAlignedBam/UnmappedBamToAlignedBam/88f7677e-709b-4272-b457-7b49bce16cb7/call-SplitRG/shard-0/SplitLargeReadGroup/65a0817c-b7bd-41d3-bacb-fe4a53dd1d0c/call-SamToFastqAndDragmapAndMba/shard-16/inputs/-1290198700/hash_table.cfg.bin /cromwell-executions1/WholeGenomeGermlineSingleSample/65770c70-ea3c-408d-89af-64bb732a3e17/call-UnmappedBamToAlignedBam/UnmappedBamToAlignedBam/88f7677e-709b-4272-b457-7b49bce16cb7/call-SplitRG/shard-0/SplitLargeReadGroup/65a0817c-b7bd-41d3-bacb-fe4a53dd1d0c/call-SamToFastqAndDragmapAndMba/shard-16/inputs/-1290198700/hash_table.cmp dragen_reference

dragen-os -b /cromwell-executions1/WholeGenomeGermlineSingleSample/65770c70-ea3c-408d-89af-64bb732a3e17/call-UnmappedBamToAlignedBam/UnmappedBamToAlignedBam/88f7677e-709b-4272-b457-7b49bce16cb7/call-SplitRG/shard-0/SplitLargeReadGroup/65a0817c-b7bd-41d3-bacb-fe4a53dd1d0c/call-SamToFastqAndDragmapAndMba/shard-16/inputs/1099139892/shard_0017.bam -r dragen_reference --interleaved=1 --preserve-map-align-order true 2> >(tee shard_0017.dragmap.stderr.log >&2) | samtools view -h -O BAM - > aligned.bam
java -Dsamjdk.compression_level=2 -Xms1000m -Xmx1000m -jar /picard/picard.jar \
  MergeBamAlignment \
  VALIDATION_STRINGENCY=SILENT \
  EXPECTED_ORIENTATIONS=FR \
  ATTRIBUTES_TO_RETAIN=X0 \
  ATTRIBUTES_TO_REMOVE=RG \
  ATTRIBUTES_TO_REMOVE=NM \
  ATTRIBUTES_TO_REMOVE=MD \
  ALIGNED_BAM=aligned.bam \
  UNMAPPED_BAM=/cromwell-executions1/WholeGenomeGermlineSingleSample/65770c70-ea3c-408d-89af-64bb732a3e17/call-UnmappedBamToAlignedBam/UnmappedBamToAlignedBam/88f7677e-709b-4272-b457-7b49bce16cb7/call-SplitRG/shard-0/SplitLargeReadGroup/65a0817c-b7bd-41d3-bacb-fe4a53dd1d0c/call-SamToFastqAndDragmapAndMba/shard-16/inputs/1099139892/shard_0017.bam \
  OUTPUT=shard_0017.bam \
  REFERENCE_SEQUENCE=/cromwell-executions1/WholeGenomeGermlineSingleSample/65770c70-ea3c-408d-89af-64bb732a3e17/call-UnmappedBamToAlignedBam/UnmappedBamToAlignedBam/88f7677e-709b-4272-b457-7b49bce16cb7/call-SplitRG/shard-0/SplitLargeReadGroup/65a0817c-b7bd-41d3-bacb-fe4a53dd1d0c/call-SamToFastqAndDragmapAndMba/shard-16/inputs/-1569105944/Homo_sapiens_assembly38_masked.fasta \
  PAIRED_RUN=true \
  SORT_ORDER="unsorted" \
  IS_BISULFITE_SEQUENCE=false \
  ALIGNED_READS_ONLY=false \
  CLIP_ADAPTERS=false \
   \
   \
  MAX_RECORDS_IN_RAM=2000000 \
  ADD_MATE_CIGAR=true \
  MAX_INSERTIONS_OR_DELETIONS=-1 \
  PRIMARY_ALIGNMENT_STRATEGY=MostDistant \
  PROGRAM_RECORD_ID="dragen-os" \
  PROGRAM_GROUP_VERSION="${DRAGMAP_VERSION}" \
  PROGRAM_GROUP_COMMAND_LINE="dragen-os -b /cromwell-executions1/WholeGenomeGermlineSingleSample/65770c70-ea3c-408d-89af-64bb732a3e17/call-UnmappedBamToAlignedBam/UnmappedBamToAlignedBam/88f7677e-709b-4272-b457-7b49bce16cb7/call-SplitRG/shard-0/SplitLargeReadGroup/65a0817c-b7bd-41d3-bacb-fe4a53dd1d0c/call-SamToFastqAndDragmapAndMba/shard-16/inputs/1099139892/shard_0017.bam -r dragen_reference --interleaved=1" \
  PROGRAM_GROUP_NAME="dragen-os" \
  UNMAPPED_READ_STRATEGY=COPY_TO_TAG \
  ALIGNER_PROPER_PAIR_FLAGS=true \
  UNMAP_CONTAMINANT_READS=true \
  ADD_PG_TAG_TO_READS=false[0m
[2026-02-23 15:00:59,02] [info] BackgroundConfigAsyncJobExecutionActor [[38;5;2m65a0817c[0mSplitLargeReadGroup.SamToFastqAndDragmapAndMba:16:1]: executing: # make sure there is no preexisting Docker CID file
rm -f /home/darja/workflow/cromwell-executions1/WholeGenomeGermlineSingleSample/65770c70-ea3c-408d-89af-64bb732a3e17/call-UnmappedBamToAlignedBam/UnmappedBamToAlignedBam/88f7677e-709b-4272-b457-7b49bce16cb7/call-SplitRG/shard-0/SplitLargeReadGroup/65a0817c-b7bd-41d3-bacb-fe4a53dd1d0c/call-SamToFastqAndDragmapAndMba/shard-16/execution/docker_cid
# run as in the original configuration without --rm flag (will remove later)
docker run \
  --cidfile /home/darja/workflow/cromwell-executions1/WholeGenomeGermlineSingleSample/65770c70-ea3c-408d-89af-64bb732a3e17/call-UnmappedBamToAlignedBam/UnmappedBamToAlignedBam/88f7677e-709b-4272-b457-7b49bce16cb7/call-SplitRG/shard-0/SplitLargeReadGroup/65a0817c-b7bd-41d3-bacb-fe4a53dd1d0c/call-SamToFastqAndDragmapAndMba/shard-16/execution/docker_cid \
  -i \
  --user 1027:1028 \
  --cpus="64" \
  --memory="350G" \
  --entrypoint /bin/bash \
  -v /home/darja/workflow/cromwell-executions1/WholeGenomeGermlineSingleSample/65770c70-ea3c-408d-89af-64bb732a3e17/call-UnmappedBamToAlignedBam/UnmappedBamToAlignedBam/88f7677e-709b-4272-b457-7b49bce16cb7/call-SplitRG/shard-0/SplitLargeReadGroup/65a0817c-b7bd-41d3-bacb-fe4a53dd1d0c/call-SamToFastqAndDragmapAndMba/shard-16:/cromwell-executions1/WholeGenomeGermlineSingleSample/65770c70-ea3c-408d-89af-64bb732a3e17/call-UnmappedBamToAlignedBam/UnmappedBamToAlignedBam/88f7677e-709b-4272-b457-7b49bce16cb7/call-SplitRG/shard-0/SplitLargeReadGroup/65a0817c-b7bd-41d3-bacb-fe4a53dd1d0c/call-SamToFastqAndDragmapAndMba/shard-16 \
  -v /mnt/nas1/projects/lasr/blendseq:/mnt/nas1/projects/lasr/blendseq \
  us.gcr.io/broad-gotc-prod/dragmap@sha256:5964afca3e4173c33b11100f68c1a44642e0ff2ee4de5a49d8cd446fef308b23 /cromwell-executions1/WholeGenomeGermlineSingleSample/65770c70-ea3c-408d-89af-64bb732a3e17/call-UnmappedBamToAlignedBam/UnmappedBamToAlignedBam/88f7677e-709b-4272-b457-7b49bce16cb7/call-SplitRG/shard-0/SplitLargeReadGroup/65a0817c-b7bd-41d3-bacb-fe4a53dd1d0c/call-SamToFastqAndDragmapAndMba/shard-16/execution/script

# get the return code (working even if the container was detached)
rc=$(docker wait [38;5;5mcat /home/darja/workflow/cromwell-executions1/WholeGenomeGermlineSingleSample/65770c70-ea3c-408d-89af-64bb732a3e17/call-UnmappedBamToAlignedBam/UnmappedBamToAlignedBam/88f7677e-709b-4272-b457-7b49bce16cb7/call-SplitRG/shard-0/SplitLargeReadGroup/65a0817c-b7bd-41d3-bacb-fe4a53dd1d0c/call-SamToFastqAndDragmapAndMba/shard-16/execution/docker_cid[0m)

# remove the container after waiting
docker rm [38;5;5mcat /home/darja/workflow/cromwell-executions1/WholeGenomeGermlineSingleSample/65770c70-ea3c-408d-89af-64bb732a3e17/call-UnmappedBamToAlignedBam/UnmappedBamToAlignedBam/88f7677e-709b-4272-b457-7b49bce16cb7/call-SplitRG/shard-0/SplitLargeReadGroup/65a0817c-b7bd-41d3-bacb-fe4a53dd1d0c/call-SamToFastqAndDragmapAndMba/shard-16/execution/docker_cid[0m

# return exit code
exit $rc
[2026-02-23 15:01:03,87] [info] BackgroundConfigAsyncJobExecutionActor [[38;5;2m65a0817c[0mSplitLargeReadGroup.SamToFastqAndDragmapAndMba:16:1]: job id: 51273
[2026-02-23 15:01:03,87] [info] BackgroundConfigAsyncJobExecutionActor [[38;5;2m65a0817c[0mSplitLargeReadGroup.SamToFastqAndDragmapAndMba:16:1]: Status change from - to Done
[2026-02-23 15:01:08,97] [info] Assigned new job execution tokens to the following groups: 65770c70: 1
[2026-02-23 15:01:09,00] [[38;5;220mwarn[0m] BackgroundConfigAsyncJobExecutionActor [[38;5;2m65a0817c[0mSplitLargeReadGroup.SamToFastqAndDragmapAndMba:14:1]: Unrecognized runtime attribute keys: preemptible, disks, cpu, memory
[2026-02-23 15:01:09,02] [info] BackgroundConfigAsyncJobExecutionActor [[38;5;2m65a0817c[0mSplitLargeReadGroup.SamToFastqAndDragmapAndMba:14:1]: [38;5;5mset -euxo pipefail

DRAGMAP_VERSION=$(dragen-os --version)

if [ -z ${DRAGMAP_VERSION} ]; then
    exit 1;
fi

mkdir dragen_reference
mv /cromwell-executions1/WholeGenomeGermlineSingleSample/65770c70-ea3c-408d-89af-64bb732a3e17/call-UnmappedBamToAlignedBam/UnmappedBamToAlignedBam/88f7677e-709b-4272-b457-7b49bce16cb7/call-SplitRG/shard-0/SplitLargeReadGroup/65a0817c-b7bd-41d3-bacb-fe4a53dd1d0c/call-SamToFastqAndDragmapAndMba/shard-14/inputs/-1290198700/reference.bin /cromwell-executions1/WholeGenomeGermlineSingleSample/65770c70-ea3c-408d-89af-64bb732a3e17/call-UnmappedBamToAlignedBam/UnmappedBamToAlignedBam/88f7677e-709b-4272-b457-7b49bce16cb7/call-SplitRG/shard-0/SplitLargeReadGroup/65a0817c-b7bd-41d3-bacb-fe4a53dd1d0c/call-SamToFastqAndDragmapAndMba/shard-14/inputs/-1290198700/hash_table.cfg.bin /cromwell-executions1/WholeGenomeGermlineSingleSample/65770c70-ea3c-408d-89af-64bb732a3e17/call-UnmappedBamToAlignedBam/UnmappedBamToAlignedBam/88f7677e-709b-4272-b457-7b49bce16cb7/call-SplitRG/shard-0/SplitLargeReadGroup/65a0817c-b7bd-41d3-bacb-fe4a53dd1d0c/call-SamToFastqAndDragmapAndMba/shard-14/inputs/-1290198700/hash_table.cmp dragen_reference

dragen-os -b /cromwell-executions1/WholeGenomeGermlineSingleSample/65770c70-ea3c-408d-89af-64bb732a3e17/call-UnmappedBamToAlignedBam/UnmappedBamToAlignedBam/88f7677e-709b-4272-b457-7b49bce16cb7/call-SplitRG/shard-0/SplitLargeReadGroup/65a0817c-b7bd-41d3-bacb-fe4a53dd1d0c/call-SamToFastqAndDragmapAndMba/shard-14/inputs/1099139892/shard_0015.bam -r dragen_reference --interleaved=1 --preserve-map-align-order true 2> >(tee shard_0015.dragmap.stderr.log >&2) | samtools view -h -O BAM - > aligned.bam
java -Dsamjdk.compression_level=2 -Xms1000m -Xmx1000m -jar /picard/picard.jar \
  MergeBamAlignment \
  VALIDATION_STRINGENCY=SILENT \
  EXPECTED_ORIENTATIONS=FR \
  ATTRIBUTES_TO_RETAIN=X0 \
  ATTRIBUTES_TO_REMOVE=RG \
  ATTRIBUTES_TO_REMOVE=NM \
  ATTRIBUTES_TO_REMOVE=MD \
  ALIGNED_BAM=aligned.bam \
  UNMAPPED_BAM=/cromwell-executions1/WholeGenomeGermlineSingleSample/65770c70-ea3c-408d-89af-64bb732a3e17/call-UnmappedBamToAlignedBam/UnmappedBamToAlignedBam/88f7677e-709b-4272-b457-7b49bce16cb7/call-SplitRG/shard-0/SplitLargeReadGroup/65a0817c-b7bd-41d3-bacb-fe4a53dd1d0c/call-SamToFastqAndDragmapAndMba/shard-14/inputs/1099139892/shard_0015.bam \
  OUTPUT=shard_0015.bam \
  REFERENCE_SEQUENCE=/cromwell-executions1/WholeGenomeGermlineSingleSample/65770c70-ea3c-408d-89af-64bb732a3e17/call-UnmappedBamToAlignedBam/UnmappedBamToAlignedBam/88f7677e-709b-4272-b457-7b49bce16cb7/call-SplitRG/shard-0/SplitLargeReadGroup/65a0817c-b7bd-41d3-bacb-fe4a53dd1d0c/call-SamToFastqAndDragmapAndMba/shard-14/inputs/-1569105944/Homo_sapiens_assembly38_masked.fasta \
  PAIRED_RUN=true \
  SORT_ORDER="unsorted" \
  IS_BISULFITE_SEQUENCE=false \
  ALIGNED_READS_ONLY=false \
  CLIP_ADAPTERS=false \
   \
   \
  MAX_RECORDS_IN_RAM=2000000 \
  ADD_MATE_CIGAR=true \
  MAX_INSERTIONS_OR_DELETIONS=-1 \
  PRIMARY_ALIGNMENT_STRATEGY=MostDistant \
  PROGRAM_RECORD_ID="dragen-os" \
  PROGRAM_GROUP_VERSION="${DRAGMAP_VERSION}" \
  PROGRAM_GROUP_COMMAND_LINE="dragen-os -b /cromwell-executions1/WholeGenomeGermlineSingleSample/65770c70-ea3c-408d-89af-64bb732a3e17/call-UnmappedBamToAlignedBam/UnmappedBamToAlignedBam/88f7677e-709b-4272-b457-7b49bce16cb7/call-SplitRG/shard-0/SplitLargeReadGroup/65a0817c-b7bd-41d3-bacb-fe4a53dd1d0c/call-SamToFastqAndDragmapAndMba/shard-14/inputs/1099139892/shard_0015.bam -r dragen_reference --interleaved=1" \
  PROGRAM_GROUP_NAME="dragen-os" \
  UNMAPPED_READ_STRATEGY=COPY_TO_TAG \
  ALIGNER_PROPER_PAIR_FLAGS=true \
  UNMAP_CONTAMINANT_READS=true \
  ADD_PG_TAG_TO_READS=false[0m
[2026-02-23 15:01:09,02] [info] BackgroundConfigAsyncJobExecutionActor [[38;5;2m65a0817c[0mSplitLargeReadGroup.SamToFastqAndDragmapAndMba:14:1]: executing: # make sure there is no preexisting Docker CID file
rm -f /home/darja/workflow/cromwell-executions1/WholeGenomeGermlineSingleSample/65770c70-ea3c-408d-89af-64bb732a3e17/call-UnmappedBamToAlignedBam/UnmappedBamToAlignedBam/88f7677e-709b-4272-b457-7b49bce16cb7/call-SplitRG/shard-0/SplitLargeReadGroup/65a0817c-b7bd-41d3-bacb-fe4a53dd1d0c/call-SamToFastqAndDragmapAndMba/shard-14/execution/docker_cid
# run as in the original configuration without --rm flag (will remove later)
docker run \
  --cidfile /home/darja/workflow/cromwell-executions1/WholeGenomeGermlineSingleSample/65770c70-ea3c-408d-89af-64bb732a3e17/call-UnmappedBamToAlignedBam/UnmappedBamToAlignedBam/88f7677e-709b-4272-b457-7b49bce16cb7/call-SplitRG/shard-0/SplitLargeReadGroup/65a0817c-b7bd-41d3-bacb-fe4a53dd1d0c/call-SamToFastqAndDragmapAndMba/shard-14/execution/docker_cid \
  -i \
  --user 1027:1028 \
  --cpus="64" \
  --memory="350G" \
  --entrypoint /bin/bash \
  -v /home/darja/workflow/cromwell-executions1/WholeGenomeGermlineSingleSample/65770c70-ea3c-408d-89af-64bb732a3e17/call-UnmappedBamToAlignedBam/UnmappedBamToAlignedBam/88f7677e-709b-4272-b457-7b49bce16cb7/call-SplitRG/shard-0/SplitLargeReadGroup/65a0817c-b7bd-41d3-bacb-fe4a53dd1d0c/call-SamToFastqAndDragmapAndMba/shard-14:/cromwell-executions1/WholeGenomeGermlineSingleSample/65770c70-ea3c-408d-89af-64bb732a3e17/call-UnmappedBamToAlignedBam/UnmappedBamToAlignedBam/88f7677e-709b-4272-b457-7b49bce16cb7/call-SplitRG/shard-0/SplitLargeReadGroup/65a0817c-b7bd-41d3-bacb-fe4a53dd1d0c/call-SamToFastqAndDragmapAndMba/shard-14 \
  -v /mnt/nas1/projects/lasr/blendseq:/mnt/nas1/projects/lasr/blendseq \
  us.gcr.io/broad-gotc-prod/dragmap@sha256:5964afca3e4173c33b11100f68c1a44642e0ff2ee4de5a49d8cd446fef308b23 /cromwell-executions1/WholeGenomeGermlineSingleSample/65770c70-ea3c-408d-89af-64bb732a3e17/call-UnmappedBamToAlignedBam/UnmappedBamToAlignedBam/88f7677e-709b-4272-b457-7b49bce16cb7/call-SplitRG/shard-0/SplitLargeReadGroup/65a0817c-b7bd-41d3-bacb-fe4a53dd1d0c/call-SamToFastqAndDragmapAndMba/shard-14/execution/script

# get the return code (working even if the container was detached)
rc=$(docker wait [38;5;5mcat /home/darja/workflow/cromwell-executions1/WholeGenomeGermlineSingleSample/65770c70-ea3c-408d-89af-64bb732a3e17/call-UnmappedBamToAlignedBam/UnmappedBamToAlignedBam/88f7677e-709b-4272-b457-7b49bce16cb7/call-SplitRG/shard-0/SplitLargeReadGroup/65a0817c-b7bd-41d3-bacb-fe4a53dd1d0c/call-SamToFastqAndDragmapAndMba/shard-14/execution/docker_cid[0m)

# remove the container after waiting
docker rm [38;5;5mcat /home/darja/workflow/cromwell-executions1/WholeGenomeGermlineSingleSample/65770c70-ea3c-408d-89af-64bb732a3e17/call-UnmappedBamToAlignedBam/UnmappedBamToAlignedBam/88f7677e-709b-4272-b457-7b49bce16cb7/call-SplitRG/shard-0/SplitLargeReadGroup/65a0817c-b7bd-41d3-bacb-fe4a53dd1d0c/call-SamToFastqAndDragmapAndMba/shard-14/execution/docker_cid[0m

# return exit code
exit $rc
[2026-02-23 15:01:13,87] [info] BackgroundConfigAsyncJobExecutionActor [[38;5;2m65a0817c[0mSplitLargeReadGroup.SamToFastqAndDragmapAndMba:14:1]: job id: 51554
[2026-02-23 15:01:13,87] [info] BackgroundConfigAsyncJobExecutionActor [[38;5;2m65a0817c[0mSplitLargeReadGroup.SamToFastqAndDragmapAndMba:14:1]: Status change from - to Done
[2026-02-23 15:01:18,97] [info] Assigned new job execution tokens to the following groups: 65770c70: 1
[2026-02-23 15:01:19,00] [[38;5;220mwarn[0m] BackgroundConfigAsyncJobExecutionActor [[38;5;2m65a0817c[0mSplitLargeReadGroup.SamToFastqAndDragmapAndMba:1:1]: Unrecognized runtime attribute keys: preemptible, disks, cpu, memory
[2026-02-23 15:01:19,01] [info] BackgroundConfigAsyncJobExecutionActor [[38;5;2m65a0817c[0mSplitLargeReadGroup.SamToFastqAndDragmapAndMba:1:1]: [38;5;5mset -euxo pipefail

DRAGMAP_VERSION=$(dragen-os --version)

if [ -z ${DRAGMAP_VERSION} ]; then
    exit 1;
fi

mkdir dragen_reference
mv /cromwell-executions1/WholeGenomeGermlineSingleSample/65770c70-ea3c-408d-89af-64bb732a3e17/call-UnmappedBamToAlignedBam/UnmappedBamToAlignedBam/88f7677e-709b-4272-b457-7b49bce16cb7/call-SplitRG/shard-0/SplitLargeReadGroup/65a0817c-b7bd-41d3-bacb-fe4a53dd1d0c/call-SamToFastqAndDragmapAndMba/shard-1/inputs/-1290198700/reference.bin /cromwell-executions1/WholeGenomeGermlineSingleSample/65770c70-ea3c-408d-89af-64bb732a3e17/call-UnmappedBamToAlignedBam/UnmappedBamToAlignedBam/88f7677e-709b-4272-b457-7b49bce16cb7/call-SplitRG/shard-0/SplitLargeReadGroup/65a0817c-b7bd-41d3-bacb-fe4a53dd1d0c/call-SamToFastqAndDragmapAndMba/shard-1/inputs/-1290198700/hash_table.cfg.bin /cromwell-executions1/WholeGenomeGermlineSingleSample/65770c70-ea3c-408d-89af-64bb732a3e17/call-UnmappedBamToAlignedBam/UnmappedBamToAlignedBam/88f7677e-709b-4272-b457-7b49bce16cb7/call-SplitRG/shard-0/SplitLargeReadGroup/65a0817c-b7bd-41d3-bacb-fe4a53dd1d0c/call-SamToFastqAndDragmapAndMba/shard-1/inputs/-1290198700/hash_table.cmp dragen_reference

dragen-os -b /cromwell-executions1/WholeGenomeGermlineSingleSample/65770c70-ea3c-408d-89af-64bb732a3e17/call-UnmappedBamToAlignedBam/UnmappedBamToAlignedBam/88f7677e-709b-4272-b457-7b49bce16cb7/call-SplitRG/shard-0/SplitLargeReadGroup/65a0817c-b7bd-41d3-bacb-fe4a53dd1d0c/call-SamToFastqAndDragmapAndMba/shard-1/inputs/1099139892/shard_0002.bam -r dragen_reference --interleaved=1 --preserve-map-align-order true 2> >(tee shard_0002.dragmap.stderr.log >&2) | samtools view -h -O BAM - > aligned.bam
java -Dsamjdk.compression_level=2 -Xms1000m -Xmx1000m -jar /picard/picard.jar \
  MergeBamAlignment \
  VALIDATION_STRINGENCY=SILENT \
  EXPECTED_ORIENTATIONS=FR \
  ATTRIBUTES_TO_RETAIN=X0 \
  ATTRIBUTES_TO_REMOVE=RG \
  ATTRIBUTES_TO_REMOVE=NM \
  ATTRIBUTES_TO_REMOVE=MD \
  ALIGNED_BAM=aligned.bam \
  UNMAPPED_BAM=/cromwell-executions1/WholeGenomeGermlineSingleSample/65770c70-ea3c-408d-89af-64bb732a3e17/call-UnmappedBamToAlignedBam/UnmappedBamToAlignedBam/88f7677e-709b-4272-b457-7b49bce16cb7/call-SplitRG/shard-0/SplitLargeReadGroup/65a0817c-b7bd-41d3-bacb-fe4a53dd1d0c/call-SamToFastqAndDragmapAndMba/shard-1/inputs/1099139892/shard_0002.bam \
  OUTPUT=shard_0002.bam \
  REFERENCE_SEQUENCE=/cromwell-executions1/WholeGenomeGermlineSingleSample/65770c70-ea3c-408d-89af-64bb732a3e17/call-UnmappedBamToAlignedBam/UnmappedBamToAlignedBam/88f7677e-709b-4272-b457-7b49bce16cb7/call-SplitRG/shard-0/SplitLargeReadGroup/65a0817c-b7bd-41d3-bacb-fe4a53dd1d0c/call-SamToFastqAndDragmapAndMba/shard-1/inputs/-1569105944/Homo_sapiens_assembly38_masked.fasta \
  PAIRED_RUN=true \
  SORT_ORDER="unsorted" \
  IS_BISULFITE_SEQUENCE=false \
  ALIGNED_READS_ONLY=false \
  CLIP_ADAPTERS=false \
   \
   \
  MAX_RECORDS_IN_RAM=2000000 \
  ADD_MATE_CIGAR=true \
  MAX_INSERTIONS_OR_DELETIONS=-1 \
  PRIMARY_ALIGNMENT_STRATEGY=MostDistant \
  PROGRAM_RECORD_ID="dragen-os" \
  PROGRAM_GROUP_VERSION="${DRAGMAP_VERSION}" \
  PROGRAM_GROUP_COMMAND_LINE="dragen-os -b /cromwell-executions1/WholeGenomeGermlineSingleSample/65770c70-ea3c-408d-89af-64bb732a3e17/call-UnmappedBamToAlignedBam/UnmappedBamToAlignedBam/88f7677e-709b-4272-b457-7b49bce16cb7/call-SplitRG/shard-0/SplitLargeReadGroup/65a0817c-b7bd-41d3-bacb-fe4a53dd1d0c/call-SamToFastqAndDragmapAndMba/shard-1/inputs/1099139892/shard_0002.bam -r dragen_reference --interleaved=1" \
  PROGRAM_GROUP_NAME="dragen-os" \
  UNMAPPED_READ_STRATEGY=COPY_TO_TAG \
  ALIGNER_PROPER_PAIR_FLAGS=true \
  UNMAP_CONTAMINANT_READS=true \
  ADD_PG_TAG_TO_READS=false[0m
[2026-02-23 15:01:19,02] [info] BackgroundConfigAsyncJobExecutionActor [[38;5;2m65a0817c[0mSplitLargeReadGroup.SamToFastqAndDragmapAndMba:1:1]: executing: # make sure there is no preexisting Docker CID file
rm -f /home/darja/workflow/cromwell-executions1/WholeGenomeGermlineSingleSample/65770c70-ea3c-408d-89af-64bb732a3e17/call-UnmappedBamToAlignedBam/UnmappedBamToAlignedBam/88f7677e-709b-4272-b457-7b49bce16cb7/call-SplitRG/shard-0/SplitLargeReadGroup/65a0817c-b7bd-41d3-bacb-fe4a53dd1d0c/call-SamToFastqAndDragmapAndMba/shard-1/execution/docker_cid
# run as in the original configuration without --rm flag (will remove later)
docker run \
  --cidfile /home/darja/workflow/cromwell-executions1/WholeGenomeGermlineSingleSample/65770c70-ea3c-408d-89af-64bb732a3e17/call-UnmappedBamToAlignedBam/UnmappedBamToAlignedBam/88f7677e-709b-4272-b457-7b49bce16cb7/call-SplitRG/shard-0/SplitLargeReadGroup/65a0817c-b7bd-41d3-bacb-fe4a53dd1d0c/call-SamToFastqAndDragmapAndMba/shard-1/execution/docker_cid \
  -i \
  --user 1027:1028 \
  --cpus="64" \
  --memory="350G" \
  --entrypoint /bin/bash \
  -v /home/darja/workflow/cromwell-executions1/WholeGenomeGermlineSingleSample/65770c70-ea3c-408d-89af-64bb732a3e17/call-UnmappedBamToAlignedBam/UnmappedBamToAlignedBam/88f7677e-709b-4272-b457-7b49bce16cb7/call-SplitRG/shard-0/SplitLargeReadGroup/65a0817c-b7bd-41d3-bacb-fe4a53dd1d0c/call-SamToFastqAndDragmapAndMba/shard-1:/cromwell-executions1/WholeGenomeGermlineSingleSample/65770c70-ea3c-408d-89af-64bb732a3e17/call-UnmappedBamToAlignedBam/UnmappedBamToAlignedBam/88f7677e-709b-4272-b457-7b49bce16cb7/call-SplitRG/shard-0/SplitLargeReadGroup/65a0817c-b7bd-41d3-bacb-fe4a53dd1d0c/call-SamToFastqAndDragmapAndMba/shard-1 \
  -v /mnt/nas1/projects/lasr/blendseq:/mnt/nas1/projects/lasr/blendseq \
  us.gcr.io/broad-gotc-prod/dragmap@sha256:5964afca3e4173c33b11100f68c1a44642e0ff2ee4de5a49d8cd446fef308b23 /cromwell-executions1/WholeGenomeGermlineSingleSample/65770c70-ea3c-408d-89af-64bb732a3e17/call-UnmappedBamToAlignedBam/UnmappedBamToAlignedBam/88f7677e-709b-4272-b457-7b49bce16cb7/call-SplitRG/shard-0/SplitLargeReadGroup/65a0817c-b7bd-41d3-bacb-fe4a53dd1d0c/call-SamToFastqAndDragmapAndMba/shard-1/execution/script

# get the return code (working even if the container was detached)
rc=$(docker wait [38;5;5mcat /home/darja/workflow/cromwell-executions1/WholeGenomeGermlineSingleSample/65770c70-ea3c-408d-89af-64bb732a3e17/call-UnmappedBamToAlignedBam/UnmappedBamToAlignedBam/88f7677e-709b-4272-b457-7b49bce16cb7/call-SplitRG/shard-0/SplitLargeReadGroup/65a0817c-b7bd-41d3-bacb-fe4a53dd1d0c/call-SamToFastqAndDragmapAndMba/shard-1/execution/docker_cid[0m)

# remove the container after waiting
docker rm [38;5;5mcat /home/darja/workflow/cromwell-executions1/WholeGenomeGermlineSingleSample/65770c70-ea3c-408d-89af-64bb732a3e17/call-UnmappedBamToAlignedBam/UnmappedBamToAlignedBam/88f7677e-709b-4272-b457-7b49bce16cb7/call-SplitRG/shard-0/SplitLargeReadGroup/65a0817c-b7bd-41d3-bacb-fe4a53dd1d0c/call-SamToFastqAndDragmapAndMba/shard-1/execution/docker_cid[0m

# return exit code
exit $rc
[2026-02-23 15:01:23,87] [info] BackgroundConfigAsyncJobExecutionActor [[38;5;2m65a0817c[0mSplitLargeReadGroup.SamToFastqAndDragmapAndMba:1:1]: job id: 51843
[2026-02-23 15:01:23,87] [info] BackgroundConfigAsyncJobExecutionActor [[38;5;2m65a0817c[0mSplitLargeReadGroup.SamToFastqAndDragmapAndMba:1:1]: Status change from - to Done
[2026-02-23 15:01:28,97] [info] Assigned new job execution tokens to the following groups: 65770c70: 1
[2026-02-23 15:01:29,00] [[38;5;220mwarn[0m] BackgroundConfigAsyncJobExecutionActor [[38;5;2m65a0817c[0mSplitLargeReadGroup.SamToFastqAndDragmapAndMba:0:1]: Unrecognized runtime attribute keys: preemptible, disks, cpu, memory
[2026-02-23 15:01:29,01] [info] BackgroundConfigAsyncJobExecutionActor [[38;5;2m65a0817c[0mSplitLargeReadGroup.SamToFastqAndDragmapAndMba:0:1]: [38;5;5mset -euxo pipefail

DRAGMAP_VERSION=$(dragen-os --version)

if [ -z ${DRAGMAP_VERSION} ]; then
    exit 1;
fi

mkdir dragen_reference
mv /cromwell-executions1/WholeGenomeGermlineSingleSample/65770c70-ea3c-408d-89af-64bb732a3e17/call-UnmappedBamToAlignedBam/UnmappedBamToAlignedBam/88f7677e-709b-4272-b457-7b49bce16cb7/call-SplitRG/shard-0/SplitLargeReadGroup/65a0817c-b7bd-41d3-bacb-fe4a53dd1d0c/call-SamToFastqAndDragmapAndMba/shard-0/inputs/-1290198700/reference.bin /cromwell-executions1/WholeGenomeGermlineSingleSample/65770c70-ea3c-408d-89af-64bb732a3e17/call-UnmappedBamToAlignedBam/UnmappedBamToAlignedBam/88f7677e-709b-4272-b457-7b49bce16cb7/call-SplitRG/shard-0/SplitLargeReadGroup/65a0817c-b7bd-41d3-bacb-fe4a53dd1d0c/call-SamToFastqAndDragmapAndMba/shard-0/inputs/-1290198700/hash_table.cfg.bin /cromwell-executions1/WholeGenomeGermlineSingleSample/65770c70-ea3c-408d-89af-64bb732a3e17/call-UnmappedBamToAlignedBam/UnmappedBamToAlignedBam/88f7677e-709b-4272-b457-7b49bce16cb7/call-SplitRG/shard-0/SplitLargeReadGroup/65a0817c-b7bd-41d3-bacb-fe4a53dd1d0c/call-SamToFastqAndDragmapAndMba/shard-0/inputs/-1290198700/hash_table.cmp dragen_reference

dragen-os -b /cromwell-executions1/WholeGenomeGermlineSingleSample/65770c70-ea3c-408d-89af-64bb732a3e17/call-UnmappedBamToAlignedBam/UnmappedBamToAlignedBam/88f7677e-709b-4272-b457-7b49bce16cb7/call-SplitRG/shard-0/SplitLargeReadGroup/65a0817c-b7bd-41d3-bacb-fe4a53dd1d0c/call-SamToFastqAndDragmapAndMba/shard-0/inputs/1099139892/shard_0001.bam -r dragen_reference --interleaved=1 --preserve-map-align-order true 2> >(tee shard_0001.dragmap.stderr.log >&2) | samtools view -h -O BAM - > aligned.bam
java -Dsamjdk.compression_level=2 -Xms1000m -Xmx1000m -jar /picard/picard.jar \
  MergeBamAlignment \
  VALIDATION_STRINGENCY=SILENT \
  EXPECTED_ORIENTATIONS=FR \
  ATTRIBUTES_TO_RETAIN=X0 \
  ATTRIBUTES_TO_REMOVE=RG \
  ATTRIBUTES_TO_REMOVE=NM \
  ATTRIBUTES_TO_REMOVE=MD \
  ALIGNED_BAM=aligned.bam \
  UNMAPPED_BAM=/cromwell-executions1/WholeGenomeGermlineSingleSample/65770c70-ea3c-408d-89af-64bb732a3e17/call-UnmappedBamToAlignedBam/UnmappedBamToAlignedBam/88f7677e-709b-4272-b457-7b49bce16cb7/call-SplitRG/shard-0/SplitLargeReadGroup/65a0817c-b7bd-41d3-bacb-fe4a53dd1d0c/call-SamToFastqAndDragmapAndMba/shard-0/inputs/1099139892/shard_0001.bam \
  OUTPUT=shard_0001.bam \
  REFERENCE_SEQUENCE=/cromwell-executions1/WholeGenomeGermlineSingleSample/65770c70-ea3c-408d-89af-64bb732a3e17/call-UnmappedBamToAlignedBam/UnmappedBamToAlignedBam/88f7677e-709b-4272-b457-7b49bce16cb7/call-SplitRG/shard-0/SplitLargeReadGroup/65a0817c-b7bd-41d3-bacb-fe4a53dd1d0c/call-SamToFastqAndDragmapAndMba/shard-0/inputs/-1569105944/Homo_sapiens_assembly38_masked.fasta \
  PAIRED_RUN=true \
  SORT_ORDER="unsorted" \
  IS_BISULFITE_SEQUENCE=false \
  ALIGNED_READS_ONLY=false \
  CLIP_ADAPTERS=false \
   \
   \
  MAX_RECORDS_IN_RAM=2000000 \
  ADD_MATE_CIGAR=true \
  MAX_INSERTIONS_OR_DELETIONS=-1 \
  PRIMARY_ALIGNMENT_STRATEGY=MostDistant \
  PROGRAM_RECORD_ID="dragen-os" \
  PROGRAM_GROUP_VERSION="${DRAGMAP_VERSION}" \
  PROGRAM_GROUP_COMMAND_LINE="dragen-os -b /cromwell-executions1/WholeGenomeGermlineSingleSample/65770c70-ea3c-408d-89af-64bb732a3e17/call-UnmappedBamToAlignedBam/UnmappedBamToAlignedBam/88f7677e-709b-4272-b457-7b49bce16cb7/call-SplitRG/shard-0/SplitLargeReadGroup/65a0817c-b7bd-41d3-bacb-fe4a53dd1d0c/call-SamToFastqAndDragmapAndMba/shard-0/inputs/1099139892/shard_0001.bam -r dragen_reference --interleaved=1" \
  PROGRAM_GROUP_NAME="dragen-os" \
  UNMAPPED_READ_STRATEGY=COPY_TO_TAG \
  ALIGNER_PROPER_PAIR_FLAGS=true \
  UNMAP_CONTAMINANT_READS=true \
  ADD_PG_TAG_TO_READS=false[0m
[2026-02-23 15:01:29,02] [info] BackgroundConfigAsyncJobExecutionActor [[38;5;2m65a0817c[0mSplitLargeReadGroup.SamToFastqAndDragmapAndMba:0:1]: executing: # make sure there is no preexisting Docker CID file
rm -f /home/darja/workflow/cromwell-executions1/WholeGenomeGermlineSingleSample/65770c70-ea3c-408d-89af-64bb732a3e17/call-UnmappedBamToAlignedBam/UnmappedBamToAlignedBam/88f7677e-709b-4272-b457-7b49bce16cb7/call-SplitRG/shard-0/SplitLargeReadGroup/65a0817c-b7bd-41d3-bacb-fe4a53dd1d0c/call-SamToFastqAndDragmapAndMba/shard-0/execution/docker_cid
# run as in the original configuration without --rm flag (will remove later)
docker run \
  --cidfile /home/darja/workflow/cromwell-executions1/WholeGenomeGermlineSingleSample/65770c70-ea3c-408d-89af-64bb732a3e17/call-UnmappedBamToAlignedBam/UnmappedBamToAlignedBam/88f7677e-709b-4272-b457-7b49bce16cb7/call-SplitRG/shard-0/SplitLargeReadGroup/65a0817c-b7bd-41d3-bacb-fe4a53dd1d0c/call-SamToFastqAndDragmapAndMba/shard-0/execution/docker_cid \
  -i \
  --user 1027:1028 \
  --cpus="64" \
  --memory="350G" \
  --entrypoint /bin/bash \
  -v /home/darja/workflow/cromwell-executions1/WholeGenomeGermlineSingleSample/65770c70-ea3c-408d-89af-64bb732a3e17/call-UnmappedBamToAlignedBam/UnmappedBamToAlignedBam/88f7677e-709b-4272-b457-7b49bce16cb7/call-SplitRG/shard-0/SplitLargeReadGroup/65a0817c-b7bd-41d3-bacb-fe4a53dd1d0c/call-SamToFastqAndDragmapAndMba/shard-0:/cromwell-executions1/WholeGenomeGermlineSingleSample/65770c70-ea3c-408d-89af-64bb732a3e17/call-UnmappedBamToAlignedBam/UnmappedBamToAlignedBam/88f7677e-709b-4272-b457-7b49bce16cb7/call-SplitRG/shard-0/SplitLargeReadGroup/65a0817c-b7bd-41d3-bacb-fe4a53dd1d0c/call-SamToFastqAndDragmapAndMba/shard-0 \
  -v /mnt/nas1/projects/lasr/blendseq:/mnt/nas1/projects/lasr/blendseq \
  us.gcr.io/broad-gotc-prod/dragmap@sha256:5964afca3e4173c33b11100f68c1a44642e0ff2ee4de5a49d8cd446fef308b23 /cromwell-executions1/WholeGenomeGermlineSingleSample/65770c70-ea3c-408d-89af-64bb732a3e17/call-UnmappedBamToAlignedBam/UnmappedBamToAlignedBam/88f7677e-709b-4272-b457-7b49bce16cb7/call-SplitRG/shard-0/SplitLargeReadGroup/65a0817c-b7bd-41d3-bacb-fe4a53dd1d0c/call-SamToFastqAndDragmapAndMba/shard-0/execution/script

# get the return code (working even if the container was detached)
rc=$(docker wait [38;5;5mcat /home/darja/workflow/cromwell-executions1/WholeGenomeGermlineSingleSample/65770c70-ea3c-408d-89af-64bb732a3e17/call-UnmappedBamToAlignedBam/UnmappedBamToAlignedBam/88f7677e-709b-4272-b457-7b49bce16cb7/call-SplitRG/shard-0/SplitLargeReadGroup/65a0817c-b7bd-41d3-bacb-fe4a53dd1d0c/call-SamToFastqAndDragmapAndMba/shard-0/execution/docker_cid[0m)

# remove the container after waiting
docker rm [38;5;5mcat /home/darja/workflow/cromwell-executions1/WholeGenomeGermlineSingleSample/65770c70-ea3c-408d-89af-64bb732a3e17/call-UnmappedBamToAlignedBam/UnmappedBamToAlignedBam/88f7677e-709b-4272-b457-7b49bce16cb7/call-SplitRG/shard-0/SplitLargeReadGroup/65a0817c-b7bd-41d3-bacb-fe4a53dd1d0c/call-SamToFastqAndDragmapAndMba/shard-0/execution/docker_cid[0m

# return exit code
exit $rc
[2026-02-23 15:01:33,87] [info] BackgroundConfigAsyncJobExecutionActor [[38;5;2m65a0817c[0mSplitLargeReadGroup.SamToFastqAndDragmapAndMba:0:1]: job id: 52126
[2026-02-23 15:01:33,87] [info] BackgroundConfigAsyncJobExecutionActor [[38;5;2m65a0817c[0mSplitLargeReadGroup.SamToFastqAndDragmapAndMba:0:1]: Status change from - to Done
[2026-02-23 15:01:38,97] [info] Assigned new job execution tokens to the following groups: 65770c70: 1
[2026-02-23 15:01:39,00] [[38;5;220mwarn[0m] BackgroundConfigAsyncJobExecutionActor [[38;5;2m65a0817c[0mSplitLargeReadGroup.SamToFastqAndDragmapAndMba:17:1]: Unrecognized runtime attribute keys: preemptible, disks, cpu, memory
[2026-02-23 15:01:39,01] [info] BackgroundConfigAsyncJobExecutionActor [[38;5;2m65a0817c[0mSplitLargeReadGroup.SamToFastqAndDragmapAndMba:17:1]: [38;5;5mset -euxo pipefail

DRAGMAP_VERSION=$(dragen-os --version)

if [ -z ${DRAGMAP_VERSION} ]; then
    exit 1;
fi

mkdir dragen_reference
mv /cromwell-executions1/WholeGenomeGermlineSingleSample/65770c70-ea3c-408d-89af-64bb732a3e17/call-UnmappedBamToAlignedBam/UnmappedBamToAlignedBam/88f7677e-709b-4272-b457-7b49bce16cb7/call-SplitRG/shard-0/SplitLargeReadGroup/65a0817c-b7bd-41d3-bacb-fe4a53dd1d0c/call-SamToFastqAndDragmapAndMba/shard-17/inputs/-1290198700/reference.bin /cromwell-executions1/WholeGenomeGermlineSingleSample/65770c70-ea3c-408d-89af-64bb732a3e17/call-UnmappedBamToAlignedBam/UnmappedBamToAlignedBam/88f7677e-709b-4272-b457-7b49bce16cb7/call-SplitRG/shard-0/SplitLargeReadGroup/65a0817c-b7bd-41d3-bacb-fe4a53dd1d0c/call-SamToFastqAndDragmapAndMba/shard-17/inputs/-1290198700/hash_table.cfg.bin /cromwell-executions1/WholeGenomeGermlineSingleSample/65770c70-ea3c-408d-89af-64bb732a3e17/call-UnmappedBamToAlignedBam/UnmappedBamToAlignedBam/88f7677e-709b-4272-b457-7b49bce16cb7/call-SplitRG/shard-0/SplitLargeReadGroup/65a0817c-b7bd-41d3-bacb-fe4a53dd1d0c/call-SamToFastqAndDragmapAndMba/shard-17/inputs/-1290198700/hash_table.cmp dragen_reference

dragen-os -b /cromwell-executions1/WholeGenomeGermlineSingleSample/65770c70-ea3c-408d-89af-64bb732a3e17/call-UnmappedBamToAlignedBam/UnmappedBamToAlignedBam/88f7677e-709b-4272-b457-7b49bce16cb7/call-SplitRG/shard-0/SplitLargeReadGroup/65a0817c-b7bd-41d3-bacb-fe4a53dd1d0c/call-SamToFastqAndDragmapAndMba/shard-17/inputs/1099139892/shard_0018.bam -r dragen_reference --interleaved=1 --preserve-map-align-order true 2> >(tee shard_0018.dragmap.stderr.log >&2) | samtools view -h -O BAM - > aligned.bam
java -Dsamjdk.compression_level=2 -Xms1000m -Xmx1000m -jar /picard/picard.jar \
  MergeBamAlignment \
  VALIDATION_STRINGENCY=SILENT \
  EXPECTED_ORIENTATIONS=FR \
  ATTRIBUTES_TO_RETAIN=X0 \
  ATTRIBUTES_TO_REMOVE=RG \
  ATTRIBUTES_TO_REMOVE=NM \
  ATTRIBUTES_TO_REMOVE=MD \
  ALIGNED_BAM=aligned.bam \
  UNMAPPED_BAM=/cromwell-executions1/WholeGenomeGermlineSingleSample/65770c70-ea3c-408d-89af-64bb732a3e17/call-UnmappedBamToAlignedBam/UnmappedBamToAlignedBam/88f7677e-709b-4272-b457-7b49bce16cb7/call-SplitRG/shard-0/SplitLargeReadGroup/65a0817c-b7bd-41d3-bacb-fe4a53dd1d0c/call-SamToFastqAndDragmapAndMba/shard-17/inputs/1099139892/shard_0018.bam \
  OUTPUT=shard_0018.bam \
  REFERENCE_SEQUENCE=/cromwell-executions1/WholeGenomeGermlineSingleSample/65770c70-ea3c-408d-89af-64bb732a3e17/call-UnmappedBamToAlignedBam/UnmappedBamToAlignedBam/88f7677e-709b-4272-b457-7b49bce16cb7/call-SplitRG/shard-0/SplitLargeReadGroup/65a0817c-b7bd-41d3-bacb-fe4a53dd1d0c/call-SamToFastqAndDragmapAndMba/shard-17/inputs/-1569105944/Homo_sapiens_assembly38_masked.fasta \
  PAIRED_RUN=true \
  SORT_ORDER="unsorted" \
  IS_BISULFITE_SEQUENCE=false \
  ALIGNED_READS_ONLY=false \
  CLIP_ADAPTERS=false \
   \
   \
  MAX_RECORDS_IN_RAM=2000000 \
  ADD_MATE_CIGAR=true \
  MAX_INSERTIONS_OR_DELETIONS=-1 \
  PRIMARY_ALIGNMENT_STRATEGY=MostDistant \
  PROGRAM_RECORD_ID="dragen-os" \
  PROGRAM_GROUP_VERSION="${DRAGMAP_VERSION}" \
  PROGRAM_GROUP_COMMAND_LINE="dragen-os -b /cromwell-executions1/WholeGenomeGermlineSingleSample/65770c70-ea3c-408d-89af-64bb732a3e17/call-UnmappedBamToAlignedBam/UnmappedBamToAlignedBam/88f7677e-709b-4272-b457-7b49bce16cb7/call-SplitRG/shard-0/SplitLargeReadGroup/65a0817c-b7bd-41d3-bacb-fe4a53dd1d0c/call-SamToFastqAndDragmapAndMba/shard-17/inputs/1099139892/shard_0018.bam -r dragen_reference --interleaved=1" \
  PROGRAM_GROUP_NAME="dragen-os" \
  UNMAPPED_READ_STRATEGY=COPY_TO_TAG \
  ALIGNER_PROPER_PAIR_FLAGS=true \
  UNMAP_CONTAMINANT_READS=true \
  ADD_PG_TAG_TO_READS=false[0m
[2026-02-23 15:01:39,02] [info] BackgroundConfigAsyncJobExecutionActor [[38;5;2m65a0817c[0mSplitLargeReadGroup.SamToFastqAndDragmapAndMba:17:1]: executing: # make sure there is no preexisting Docker CID file
rm -f /home/darja/workflow/cromwell-executions1/WholeGenomeGermlineSingleSample/65770c70-ea3c-408d-89af-64bb732a3e17/call-UnmappedBamToAlignedBam/UnmappedBamToAlignedBam/88f7677e-709b-4272-b457-7b49bce16cb7/call-SplitRG/shard-0/SplitLargeReadGroup/65a0817c-b7bd-41d3-bacb-fe4a53dd1d0c/call-SamToFastqAndDragmapAndMba/shard-17/execution/docker_cid
# run as in the original configuration without --rm flag (will remove later)
docker run \
  --cidfile /home/darja/workflow/cromwell-executions1/WholeGenomeGermlineSingleSample/65770c70-ea3c-408d-89af-64bb732a3e17/call-UnmappedBamToAlignedBam/UnmappedBamToAlignedBam/88f7677e-709b-4272-b457-7b49bce16cb7/call-SplitRG/shard-0/SplitLargeReadGroup/65a0817c-b7bd-41d3-bacb-fe4a53dd1d0c/call-SamToFastqAndDragmapAndMba/shard-17/execution/docker_cid \
  -i \
  --user 1027:1028 \
  --cpus="64" \
  --memory="350G" \
  --entrypoint /bin/bash \
  -v /home/darja/workflow/cromwell-executions1/WholeGenomeGermlineSingleSample/65770c70-ea3c-408d-89af-64bb732a3e17/call-UnmappedBamToAlignedBam/UnmappedBamToAlignedBam/88f7677e-709b-4272-b457-7b49bce16cb7/call-SplitRG/shard-0/SplitLargeReadGroup/65a0817c-b7bd-41d3-bacb-fe4a53dd1d0c/call-SamToFastqAndDragmapAndMba/shard-17:/cromwell-executions1/WholeGenomeGermlineSingleSample/65770c70-ea3c-408d-89af-64bb732a3e17/call-UnmappedBamToAlignedBam/UnmappedBamToAlignedBam/88f7677e-709b-4272-b457-7b49bce16cb7/call-SplitRG/shard-0/SplitLargeReadGroup/65a0817c-b7bd-41d3-bacb-fe4a53dd1d0c/call-SamToFastqAndDragmapAndMba/shard-17 \
  -v /mnt/nas1/projects/lasr/blendseq:/mnt/nas1/projects/lasr/blendseq \
  us.gcr.io/broad-gotc-prod/dragmap@sha256:5964afca3e4173c33b11100f68c1a44642e0ff2ee4de5a49d8cd446fef308b23 /cromwell-executions1/WholeGenomeGermlineSingleSample/65770c70-ea3c-408d-89af-64bb732a3e17/call-UnmappedBamToAlignedBam/UnmappedBamToAlignedBam/88f7677e-709b-4272-b457-7b49bce16cb7/call-SplitRG/shard-0/SplitLargeReadGroup/65a0817c-b7bd-41d3-bacb-fe4a53dd1d0c/call-SamToFastqAndDragmapAndMba/shard-17/execution/script

# get the return code (working even if the container was detached)
rc=$(docker wait [38;5;5mcat /home/darja/workflow/cromwell-executions1/WholeGenomeGermlineSingleSample/65770c70-ea3c-408d-89af-64bb732a3e17/call-UnmappedBamToAlignedBam/UnmappedBamToAlignedBam/88f7677e-709b-4272-b457-7b49bce16cb7/call-SplitRG/shard-0/SplitLargeReadGroup/65a0817c-b7bd-41d3-bacb-fe4a53dd1d0c/call-SamToFastqAndDragmapAndMba/shard-17/execution/docker_cid[0m)

# remove the container after waiting
docker rm [38;5;5mcat /home/darja/workflow/cromwell-executions1/WholeGenomeGermlineSingleSample/65770c70-ea3c-408d-89af-64bb732a3e17/call-UnmappedBamToAlignedBam/UnmappedBamToAlignedBam/88f7677e-709b-4272-b457-7b49bce16cb7/call-SplitRG/shard-0/SplitLargeReadGroup/65a0817c-b7bd-41d3-bacb-fe4a53dd1d0c/call-SamToFastqAndDragmapAndMba/shard-17/execution/docker_cid[0m

# return exit code
exit $rc
[2026-02-23 15:01:43,87] [info] BackgroundConfigAsyncJobExecutionActor [[38;5;2m65a0817c[0mSplitLargeReadGroup.SamToFastqAndDragmapAndMba:17:1]: job id: 52415
[2026-02-23 15:01:43,87] [info] BackgroundConfigAsyncJobExecutionActor [[38;5;2m65a0817c[0mSplitLargeReadGroup.SamToFastqAndDragmapAndMba:17:1]: Status change from - to Done
[2026-02-23 15:01:48,97] [info] Assigned new job execution tokens to the following groups: 65770c70: 1
[2026-02-23 15:01:49,00] [[38;5;220mwarn[0m] BackgroundConfigAsyncJobExecutionActor [[38;5;2m65a0817c[0mSplitLargeReadGroup.SamToFastqAndDragmapAndMba:13:1]: Unrecognized runtime attribute keys: preemptible, disks, cpu, memory
[2026-02-23 15:01:49,02] [info] BackgroundConfigAsyncJobExecutionActor [[38;5;2m65a0817c[0mSplitLargeReadGroup.SamToFastqAndDragmapAndMba:13:1]: [38;5;5mset -euxo pipefail

DRAGMAP_VERSION=$(dragen-os --version)

if [ -z ${DRAGMAP_VERSION} ]; then
    exit 1;
fi

mkdir dragen_reference
mv /cromwell-executions1/WholeGenomeGermlineSingleSample/65770c70-ea3c-408d-89af-64bb732a3e17/call-UnmappedBamToAlignedBam/UnmappedBamToAlignedBam/88f7677e-709b-4272-b457-7b49bce16cb7/call-SplitRG/shard-0/SplitLargeReadGroup/65a0817c-b7bd-41d3-bacb-fe4a53dd1d0c/call-SamToFastqAndDragmapAndMba/shard-13/inputs/-1290198700/reference.bin /cromwell-executions1/WholeGenomeGermlineSingleSample/65770c70-ea3c-408d-89af-64bb732a3e17/call-UnmappedBamToAlignedBam/UnmappedBamToAlignedBam/88f7677e-709b-4272-b457-7b49bce16cb7/call-SplitRG/shard-0/SplitLargeReadGroup/65a0817c-b7bd-41d3-bacb-fe4a53dd1d0c/call-SamToFastqAndDragmapAndMba/shard-13/inputs/-1290198700/hash_table.cfg.bin /cromwell-executions1/WholeGenomeGermlineSingleSample/65770c70-ea3c-408d-89af-64bb732a3e17/call-UnmappedBamToAlignedBam/UnmappedBamToAlignedBam/88f7677e-709b-4272-b457-7b49bce16cb7/call-SplitRG/shard-0/SplitLargeReadGroup/65a0817c-b7bd-41d3-bacb-fe4a53dd1d0c/call-SamToFastqAndDragmapAndMba/shard-13/inputs/-1290198700/hash_table.cmp dragen_reference

dragen-os -b /cromwell-executions1/WholeGenomeGermlineSingleSample/65770c70-ea3c-408d-89af-64bb732a3e17/call-UnmappedBamToAlignedBam/UnmappedBamToAlignedBam/88f7677e-709b-4272-b457-7b49bce16cb7/call-SplitRG/shard-0/SplitLargeReadGroup/65a0817c-b7bd-41d3-bacb-fe4a53dd1d0c/call-SamToFastqAndDragmapAndMba/shard-13/inputs/1099139892/shard_0014.bam -r dragen_reference --interleaved=1 --preserve-map-align-order true 2> >(tee shard_0014.dragmap.stderr.log >&2) | samtools view -h -O BAM - > aligned.bam
java -Dsamjdk.compression_level=2 -Xms1000m -Xmx1000m -jar /picard/picard.jar \
  MergeBamAlignment \
  VALIDATION_STRINGENCY=SILENT \
  EXPECTED_ORIENTATIONS=FR \
  ATTRIBUTES_TO_RETAIN=X0 \
  ATTRIBUTES_TO_REMOVE=RG \
  ATTRIBUTES_TO_REMOVE=NM \
  ATTRIBUTES_TO_REMOVE=MD \
  ALIGNED_BAM=aligned.bam \
  UNMAPPED_BAM=/cromwell-executions1/WholeGenomeGermlineSingleSample/65770c70-ea3c-408d-89af-64bb732a3e17/call-UnmappedBamToAlignedBam/UnmappedBamToAlignedBam/88f7677e-709b-4272-b457-7b49bce16cb7/call-SplitRG/shard-0/SplitLargeReadGroup/65a0817c-b7bd-41d3-bacb-fe4a53dd1d0c/call-SamToFastqAndDragmapAndMba/shard-13/inputs/1099139892/shard_0014.bam \
  OUTPUT=shard_0014.bam \
  REFERENCE_SEQUENCE=/cromwell-executions1/WholeGenomeGermlineSingleSample/65770c70-ea3c-408d-89af-64bb732a3e17/call-UnmappedBamToAlignedBam/UnmappedBamToAlignedBam/88f7677e-709b-4272-b457-7b49bce16cb7/call-SplitRG/shard-0/SplitLargeReadGroup/65a0817c-b7bd-41d3-bacb-fe4a53dd1d0c/call-SamToFastqAndDragmapAndMba/shard-13/inputs/-1569105944/Homo_sapiens_assembly38_masked.fasta \
  PAIRED_RUN=true \
  SORT_ORDER="unsorted" \
  IS_BISULFITE_SEQUENCE=false \
  ALIGNED_READS_ONLY=false \
  CLIP_ADAPTERS=false \
   \
   \
  MAX_RECORDS_IN_RAM=2000000 \
  ADD_MATE_CIGAR=true \
  MAX_INSERTIONS_OR_DELETIONS=-1 \
  PRIMARY_ALIGNMENT_STRATEGY=MostDistant \
  PROGRAM_RECORD_ID="dragen-os" \
  PROGRAM_GROUP_VERSION="${DRAGMAP_VERSION}" \
  PROGRAM_GROUP_COMMAND_LINE="dragen-os -b /cromwell-executions1/WholeGenomeGermlineSingleSample/65770c70-ea3c-408d-89af-64bb732a3e17/call-UnmappedBamToAlignedBam/UnmappedBamToAlignedBam/88f7677e-709b-4272-b457-7b49bce16cb7/call-SplitRG/shard-0/SplitLargeReadGroup/65a0817c-b7bd-41d3-bacb-fe4a53dd1d0c/call-SamToFastqAndDragmapAndMba/shard-13/inputs/1099139892/shard_0014.bam -r dragen_reference --interleaved=1" \
  PROGRAM_GROUP_NAME="dragen-os" \
  UNMAPPED_READ_STRATEGY=COPY_TO_TAG \
  ALIGNER_PROPER_PAIR_FLAGS=true \
  UNMAP_CONTAMINANT_READS=true \
  ADD_PG_TAG_TO_READS=false[0m
[2026-02-23 15:01:49,02] [info] BackgroundConfigAsyncJobExecutionActor [[38;5;2m65a0817c[0mSplitLargeReadGroup.SamToFastqAndDragmapAndMba:13:1]: executing: # make sure there is no preexisting Docker CID file
rm -f /home/darja/workflow/cromwell-executions1/WholeGenomeGermlineSingleSample/65770c70-ea3c-408d-89af-64bb732a3e17/call-UnmappedBamToAlignedBam/UnmappedBamToAlignedBam/88f7677e-709b-4272-b457-7b49bce16cb7/call-SplitRG/shard-0/SplitLargeReadGroup/65a0817c-b7bd-41d3-bacb-fe4a53dd1d0c/call-SamToFastqAndDragmapAndMba/shard-13/execution/docker_cid
# run as in the original configuration without --rm flag (will remove later)
docker run \
  --cidfile /home/darja/workflow/cromwell-executions1/WholeGenomeGermlineSingleSample/65770c70-ea3c-408d-89af-64bb732a3e17/call-UnmappedBamToAlignedBam/UnmappedBamToAlignedBam/88f7677e-709b-4272-b457-7b49bce16cb7/call-SplitRG/shard-0/SplitLargeReadGroup/65a0817c-b7bd-41d3-bacb-fe4a53dd1d0c/call-SamToFastqAndDragmapAndMba/shard-13/execution/docker_cid \
  -i \
  --user 1027:1028 \
  --cpus="64" \
  --memory="350G" \
  --entrypoint /bin/bash \
  -v /home/darja/workflow/cromwell-executions1/WholeGenomeGermlineSingleSample/65770c70-ea3c-408d-89af-64bb732a3e17/call-UnmappedBamToAlignedBam/UnmappedBamToAlignedBam/88f7677e-709b-4272-b457-7b49bce16cb7/call-SplitRG/shard-0/SplitLargeReadGroup/65a0817c-b7bd-41d3-bacb-fe4a53dd1d0c/call-SamToFastqAndDragmapAndMba/shard-13:/cromwell-executions1/WholeGenomeGermlineSingleSample/65770c70-ea3c-408d-89af-64bb732a3e17/call-UnmappedBamToAlignedBam/UnmappedBamToAlignedBam/88f7677e-709b-4272-b457-7b49bce16cb7/call-SplitRG/shard-0/SplitLargeReadGroup/65a0817c-b7bd-41d3-bacb-fe4a53dd1d0c/call-SamToFastqAndDragmapAndMba/shard-13 \
  -v /mnt/nas1/projects/lasr/blendseq:/mnt/nas1/projects/lasr/blendseq \
  us.gcr.io/broad-gotc-prod/dragmap@sha256:5964afca3e4173c33b11100f68c1a44642e0ff2ee4de5a49d8cd446fef308b23 /cromwell-executions1/WholeGenomeGermlineSingleSample/65770c70-ea3c-408d-89af-64bb732a3e17/call-UnmappedBamToAlignedBam/UnmappedBamToAlignedBam/88f7677e-709b-4272-b457-7b49bce16cb7/call-SplitRG/shard-0/SplitLargeReadGroup/65a0817c-b7bd-41d3-bacb-fe4a53dd1d0c/call-SamToFastqAndDragmapAndMba/shard-13/execution/script

# get the return code (working even if the container was detached)
rc=$(docker wait [38;5;5mcat /home/darja/workflow/cromwell-executions1/WholeGenomeGermlineSingleSample/65770c70-ea3c-408d-89af-64bb732a3e17/call-UnmappedBamToAlignedBam/UnmappedBamToAlignedBam/88f7677e-709b-4272-b457-7b49bce16cb7/call-SplitRG/shard-0/SplitLargeReadGroup/65a0817c-b7bd-41d3-bacb-fe4a53dd1d0c/call-SamToFastqAndDragmapAndMba/shard-13/execution/docker_cid[0m)

# remove the container after waiting
docker rm [38;5;5mcat /home/darja/workflow/cromwell-executions1/WholeGenomeGermlineSingleSample/65770c70-ea3c-408d-89af-64bb732a3e17/call-UnmappedBamToAlignedBam/UnmappedBamToAlignedBam/88f7677e-709b-4272-b457-7b49bce16cb7/call-SplitRG/shard-0/SplitLargeReadGroup/65a0817c-b7bd-41d3-bacb-fe4a53dd1d0c/call-SamToFastqAndDragmapAndMba/shard-13/execution/docker_cid[0m

# return exit code
exit $rc
[2026-02-23 15:01:53,87] [info] BackgroundConfigAsyncJobExecutionActor [[38;5;2m65a0817c[0mSplitLargeReadGroup.SamToFastqAndDragmapAndMba:13:1]: job id: 52698
[2026-02-23 15:01:53,87] [info] BackgroundConfigAsyncJobExecutionActor [[38;5;2m65a0817c[0mSplitLargeReadGroup.SamToFastqAndDragmapAndMba:13:1]: Status change from - to Done
[2026-02-23 15:02:04,97] [info] $a [[38;5;2m65770c70[0m]: Copying workflow logs from /home/darja/workflow/cromwell-workflow-logs/workflow.65770c70-ea3c-408d-89af-64bb732a3e17.log to /mnt/nas1/projects/lasr/blendseq/warp-pipelines/data/run-logs/workflow.65770c70-ea3c-408d-89af-64bb732a3e17.log
[2026-02-23 15:02:04,99] [info] WorkflowManagerActor: Workflow 65770c70-ea3c-408d-89af-64bb732a3e17 failed (during ExecutingWorkflowState): Job SplitLargeReadGroup.SamToFastqAndDragmapAndMba:4:1 exited with return code 1 which has not been declared as a valid return code. See 'continueOnReturnCode' runtime attribute for more details.
Check the content of stderr for potential additional information: /home/darja/workflow/cromwell-executions1/WholeGenomeGermlineSingleSample/65770c70-ea3c-408d-89af-64bb732a3e17/call-UnmappedBamToAlignedBam/UnmappedBamToAlignedBam/88f7677e-709b-4272-b457-7b49bce16cb7/call-SplitRG/shard-0/SplitLargeReadGroup/65a0817c-b7bd-41d3-bacb-fe4a53dd1d0c/call-SamToFastqAndDragmapAndMba/shard-4/execution/stderr.
 [First 3000 bytes]:++ dragen-os --version
+ DRAGMAP_VERSION=UNKNOWN
+ '[' -z UNKNOWN ']'
+ mkdir dragen_reference
+ mv /cromwell-executions1/WholeGenomeGermlineSingleSample/65770c70-ea3c-408d-89af-64bb732a3e17/call-UnmappedBamToAlignedBam/UnmappedBamToAlignedBam/88f7677e-709b-4272-b457-7b49bce16cb7/call-SplitRG/shard-0/SplitLargeReadGroup/65a0817c-b7bd-41d3-bacb-fe4a53dd1d0c/call-SamToFastqAndDragmapAndMba/shard-4/inputs/-1290198700/reference.bin /cromwell-executions1/WholeGenomeGermlineSingleSample/65770c70-ea3c-408d-89af-64bb732a3e17/call-UnmappedBamToAlignedBam/UnmappedBamToAlignedBam/88f7677e-709b-4272-b457-7b49bce16cb7/call-SplitRG/shard-0/SplitLargeReadGroup/65a0817c-b7bd-41d3-bacb-fe4a53dd1d0c/call-SamToFastqAndDragmapAndMba/shard-4/inputs/-1290198700/hash_table.cfg.bin /cromwell-executions1/WholeGenomeGermlineSingleSample/65770c70-ea3c-408d-89af-64bb732a3e17/call-UnmappedBamToAlignedBam/UnmappedBamToAlignedBam/88f7677e-709b-4272-b457-7b49bce16cb7/call-SplitRG/shard-0/SplitLargeReadGroup/65a0817c-b7bd-41d3-bacb-fe4a53dd1d0c/call-SamToFastqAndDragmapAndMba/shard-4/inputs/-1290198700/hash_table.cmp dragen_reference
+ dragen-os -b /cromwell-executions1/WholeGenomeGermlineSingleSample/65770c70-ea3c-408d-89af-64bb732a3e17/call-UnmappedBamToAlignedBam/UnmappedBamToAlignedBam/88f7677e-709b-4272-b457-7b49bce16cb7/call-SplitRG/shard-0/SplitLargeReadGroup/65a0817c-b7bd-41d3-bacb-fe4a53dd1d0c/call-SamToFastqAndDragmapAndMba/shard-4/inputs/1099139892/shard_0005.bam -r dragen_reference --interleaved=1 --preserve-map-align-order true
+ samtools view -h -O BAM -
++ tee shard_0005.dragmap.stderr.log
dragenos -r <reference> -b <base calls> [optional arguments]

Command line options:
  --Aligner.pe-orientation arg                    Expected paired-end 
                                                  orientation: 0=FR, 1=RF, 2=FF
  --Aligner.pe-stat-mean-insert arg (=0)          Expected mean of the insert 
                                                  size
  --Aligner.pe-stat-mean-read-len arg (=0)        When setting paired-end 
                                                  insert stats, the expected 
                                                  mean read length
  --Aligner.pe-stat-quartiles-insert arg          Q25, Q50, and Q75 quartiles 
                                                  for the insert size
  --Aligner.pe-stat-stddev-insert arg (=0)        Expected standard deviation 
                                                  of the insert size
  --Aligner.rescue-ceil-factor arg (=3)           For tuning the rescue scan 
                                                  window maximum ceiling
  --Aligner.rescue-sigmas arg (=0)                For tuning the rescue scan 
                                                  window
  --Aligner.sec-aligns arg (=0)                   Maximum secondary 
                                                  (suboptimal) alignments to 
                                                  report per read
  --Aligner.sec-
Job SplitLargeReadGroup.SamToFastqAndDragmapAndMba:2:1 exited with return code 1 which has not been declared as a valid return code. See 'continueOnReturnCode' runtime attribute for more details.
Check the content of stderr for potential additional information: /home/darja/workflow/cromwell-executions1/WholeGenomeGermlineSingleSample/65770c70-ea3c-408d-89af-64bb732a3e17/call-UnmappedBamToAlignedBam/UnmappedBamToAlignedBam/88f7677e-709b-4272-b457-7b49bce16cb7/call-SplitRG/shard-0/SplitLargeReadGroup/65a0817c-b7bd-41d3-bacb-fe4a53dd1d0c/call-SamToFastqAndDragmapAndMba/shard-2/execution/stderr.
 [First 3000 bytes]:++ dragen-os --version
+ DRAGMAP_VERSION=UNKNOWN
+ '[' -z UNKNOWN ']'
+ mkdir dragen_reference
+ mv /cromwell-executions1/WholeGenomeGermlineSingleSample/65770c70-ea3c-408d-89af-64bb732a3e17/call-UnmappedBamToAlignedBam/UnmappedBamToAlignedBam/88f7677e-709b-4272-b457-7b49bce16cb7/call-SplitRG/shard-0/SplitLargeReadGroup/65a0817c-b7bd-41d3-bacb-fe4a53dd1d0c/call-SamToFastqAndDragmapAndMba/shard-2/inputs/-1290198700/reference.bin /cromwell-executions1/WholeGenomeGermlineSingleSample/65770c70-ea3c-408d-89af-64bb732a3e17/call-UnmappedBamToAlignedBam/UnmappedBamToAlignedBam/88f7677e-709b-4272-b457-7b49bce16cb7/call-SplitRG/shard-0/SplitLargeReadGroup/65a0817c-b7bd-41d3-bacb-fe4a53dd1d0c/call-SamToFastqAndDragmapAndMba/shard-2/inputs/-1290198700/hash_table.cfg.bin /cromwell-executions1/WholeGenomeGermlineSingleSample/65770c70-ea3c-408d-89af-64bb732a3e17/call-UnmappedBamToAlignedBam/UnmappedBamToAlignedBam/88f7677e-709b-4272-b457-7b49bce16cb7/call-SplitRG/shard-0/SplitLargeReadGroup/65a0817c-b7bd-41d3-bacb-fe4a53dd1d0c/call-SamToFastqAndDragmapAndMba/shard-2/inputs/-1290198700/hash_table.cmp dragen_reference
+ dragen-os -b /cromwell-executions1/WholeGenomeGermlineSingleSample/65770c70-ea3c-408d-89af-64bb732a3e17/call-UnmappedBamToAlignedBam/UnmappedBamToAlignedBam/88f7677e-709b-4272-b457-7b49bce16cb7/call-SplitRG/shard-0/SplitLargeReadGroup/65a0817c-b7bd-41d3-bacb-fe4a53dd1d0c/call-SamToFastqAndDragmapAndMba/shard-2/inputs/1099139892/shard_0003.bam -r dragen_reference --interleaved=1 --preserve-map-align-order true
+ samtools view -h -O BAM -
++ tee shard_0003.dragmap.stderr.log
dragenos -r <reference> -b <base calls> [optional arguments]

Command line options:
  --Aligner.pe-orientation arg                    Expected paired-end 
                                                  orientation: 0=FR, 1=RF, 2=FF
  --Aligner.pe-stat-mean-insert arg (=0)          Expected mean of the insert 
                                                  size
  --Aligner.pe-stat-mean-read-len arg (=0)        When setting paired-end 
                                                  insert stats, the expected 
                                                  mean read length
  --Aligner.pe-stat-quartiles-insert arg          Q25, Q50, and Q75 quartiles 
                                                  for the insert size
  --Aligner.pe-stat-stddev-insert arg (=0)        Expected standard deviation 
                                                  of the insert size
  --Aligner.rescue-ceil-factor arg (=3)           For tuning the rescue scan 
                                                  window maximum ceiling
  --Aligner.rescue-sigmas arg (=0)                For tuning the rescue scan 
                                                  window
  --Aligner.sec-aligns arg (=0)                   Maximum secondary 
                                                  (suboptimal) alignments to 
                                                  report per read
  --Aligner.sec-
Job SplitLargeReadGroup.SamToFastqAndDragmapAndMba:5:1 exited with return code 1 which has not been declared as a valid return code. See 'continueOnReturnCode' runtime attribute for more details.
Check the content of stderr for potential additional information: /home/darja/workflow/cromwell-executions1/WholeGenomeGermlineSingleSample/65770c70-ea3c-408d-89af-64bb732a3e17/call-UnmappedBamToAlignedBam/UnmappedBamToAlignedBam/88f7677e-709b-4272-b457-7b49bce16cb7/call-SplitRG/shard-0/SplitLargeReadGroup/65a0817c-b7bd-41d3-bacb-fe4a53dd1d0c/call-SamToFastqAndDragmapAndMba/shard-5/execution/stderr.
 [First 3000 bytes]:++ dragen-os --version
+ DRAGMAP_VERSION=UNKNOWN
+ '[' -z UNKNOWN ']'
+ mkdir dragen_reference
+ mv /cromwell-executions1/WholeGenomeGermlineSingleSample/65770c70-ea3c-408d-89af-64bb732a3e17/call-UnmappedBamToAlignedBam/UnmappedBamToAlignedBam/88f7677e-709b-4272-b457-7b49bce16cb7/call-SplitRG/shard-0/SplitLargeReadGroup/65a0817c-b7bd-41d3-bacb-fe4a53dd1d0c/call-SamToFastqAndDragmapAndMba/shard-5/inputs/-1290198700/reference.bin /cromwell-executions1/WholeGenomeGermlineSingleSample/65770c70-ea3c-408d-89af-64bb732a3e17/call-UnmappedBamToAlignedBam/UnmappedBamToAlignedBam/88f7677e-709b-4272-b457-7b49bce16cb7/call-SplitRG/shard-0/SplitLargeReadGroup/65a0817c-b7bd-41d3-bacb-fe4a53dd1d0c/call-SamToFastqAndDragmapAndMba/shard-5/inputs/-1290198700/hash_table.cfg.bin /cromwell-executions1/WholeGenomeGermlineSingleSample/65770c70-ea3c-408d-89af-64bb732a3e17/call-UnmappedBamToAlignedBam/UnmappedBamToAlignedBam/88f7677e-709b-4272-b457-7b49bce16cb7/call-SplitRG/shard-0/SplitLargeReadGroup/65a0817c-b7bd-41d3-bacb-fe4a53dd1d0c/call-SamToFastqAndDragmapAndMba/shard-5/inputs/-1290198700/hash_table.cmp dragen_reference
+ dragen-os -b /cromwell-executions1/WholeGenomeGermlineSingleSample/65770c70-ea3c-408d-89af-64bb732a3e17/call-UnmappedBamToAlignedBam/UnmappedBamToAlignedBam/88f7677e-709b-4272-b457-7b49bce16cb7/call-SplitRG/shard-0/SplitLargeReadGroup/65a0817c-b7bd-41d3-bacb-fe4a53dd1d0c/call-SamToFastqAndDragmapAndMba/shard-5/inputs/1099139892/shard_0006.bam -r dragen_reference --interleaved=1 --preserve-map-align-order true
+ samtools view -h -O BAM -
++ tee shard_0006.dragmap.stderr.log
dragenos -r <reference> -b <base calls> [optional arguments]

Command line options:
  --Aligner.pe-orientation arg                    Expected paired-end 
                                                  orientation: 0=FR, 1=RF, 2=FF
  --Aligner.pe-stat-mean-insert arg (=0)          Expected mean of the insert 
                                                  size
  --Aligner.pe-stat-mean-read-len arg (=0)        When setting paired-end 
                                                  insert stats, the expected 
                                                  mean read length
  --Aligner.pe-stat-quartiles-insert arg          Q25, Q50, and Q75 quartiles 
                                                  for the insert size
  --Aligner.pe-stat-stddev-insert arg (=0)        Expected standard deviation 
                                                  of the insert size
  --Aligner.rescue-ceil-factor arg (=3)           For tuning the rescue scan 
                                                  window maximum ceiling
  --Aligner.rescue-sigmas arg (=0)                For tuning the rescue scan 
                                                  window
  --Aligner.sec-aligns arg (=0)                   Maximum secondary 
                                                  (suboptimal) alignments to 
                                                  report per read
  --Aligner.sec-
Job SplitLargeReadGroup.SamToFastqAndDragmapAndMba:18:1 exited with return code 1 which has not been declared as a valid return code. See 'continueOnReturnCode' runtime attribute for more details.
Check the content of stderr for potential additional information: /home/darja/workflow/cromwell-executions1/WholeGenomeGermlineSingleSample/65770c70-ea3c-408d-89af-64bb732a3e17/call-UnmappedBamToAlignedBam/UnmappedBamToAlignedBam/88f7677e-709b-4272-b457-7b49bce16cb7/call-SplitRG/shard-0/SplitLargeReadGroup/65a0817c-b7bd-41d3-bacb-fe4a53dd1d0c/call-SamToFastqAndDragmapAndMba/shard-18/execution/stderr.
 [First 3000 bytes]:++ dragen-os --version
+ DRAGMAP_VERSION=UNKNOWN
+ '[' -z UNKNOWN ']'
+ mkdir dragen_reference
+ mv /cromwell-executions1/WholeGenomeGermlineSingleSample/65770c70-ea3c-408d-89af-64bb732a3e17/call-UnmappedBamToAlignedBam/UnmappedBamToAlignedBam/88f7677e-709b-4272-b457-7b49bce16cb7/call-SplitRG/shard-0/SplitLargeReadGroup/65a0817c-b7bd-41d3-bacb-fe4a53dd1d0c/call-SamToFastqAndDragmapAndMba/shard-18/inputs/-1290198700/reference.bin /cromwell-executions1/WholeGenomeGermlineSingleSample/65770c70-ea3c-408d-89af-64bb732a3e17/call-UnmappedBamToAlignedBam/UnmappedBamToAlignedBam/88f7677e-709b-4272-b457-7b49bce16cb7/call-SplitRG/shard-0/SplitLargeReadGroup/65a0817c-b7bd-41d3-bacb-fe4a53dd1d0c/call-SamToFastqAndDragmapAndMba/shard-18/inputs/-1290198700/hash_table.cfg.bin /cromwell-executions1/WholeGenomeGermlineSingleSample/65770c70-ea3c-408d-89af-64bb732a3e17/call-UnmappedBamToAlignedBam/UnmappedBamToAlignedBam/88f7677e-709b-4272-b457-7b49bce16cb7/call-SplitRG/shard-0/SplitLargeReadGroup/65a0817c-b7bd-41d3-bacb-fe4a53dd1d0c/call-SamToFastqAndDragmapAndMba/shard-18/inputs/-1290198700/hash_table.cmp dragen_reference
+ dragen-os -b /cromwell-executions1/WholeGenomeGermlineSingleSample/65770c70-ea3c-408d-89af-64bb732a3e17/call-UnmappedBamToAlignedBam/UnmappedBamToAlignedBam/88f7677e-709b-4272-b457-7b49bce16cb7/call-SplitRG/shard-0/SplitLargeReadGroup/65a0817c-b7bd-41d3-bacb-fe4a53dd1d0c/call-SamToFastqAndDragmapAndMba/shard-18/inputs/1099139892/shard_0019.bam -r dragen_reference --interleaved=1 --preserve-map-align-order true
+ samtools view -h -O BAM -
++ tee shard_0019.dragmap.stderr.log
dragenos -r <reference> -b <base calls> [optional arguments]

Command line options:
  --Aligner.pe-orientation arg                    Expected paired-end 
                                                  orientation: 0=FR, 1=RF, 2=FF
  --Aligner.pe-stat-mean-insert arg (=0)          Expected mean of the insert 
                                                  size
  --Aligner.pe-stat-mean-read-len arg (=0)        When setting paired-end 
                                                  insert stats, the expected 
                                                  mean read length
  --Aligner.pe-stat-quartiles-insert arg          Q25, Q50, and Q75 quartiles 
                                                  for the insert size
  --Aligner.pe-stat-stddev-insert arg (=0)        Expected standard deviation 
                                                  of the insert size
  --Aligner.rescue-ceil-factor arg (=3)           For tuning the rescue scan 
                                                  window maximum ceiling
  --Aligner.rescue-sigmas arg (=0)                For tuning the rescue scan 
                                                  window
  --Aligner.sec-aligns arg (=0)                   Maximum secondary 
                                                  (suboptimal) alignments to 
                                                  report per read
  --Aligner.
Job SplitLargeReadGroup.SamToFastqAndDragmapAndMba:12:1 exited with return code 1 which has not been declared as a valid return code. See 'continueOnReturnCode' runtime attribute for more details.
Check the content of stderr for potential additional information: /home/darja/workflow/cromwell-executions1/WholeGenomeGermlineSingleSample/65770c70-ea3c-408d-89af-64bb732a3e17/call-UnmappedBamToAlignedBam/UnmappedBamToAlignedBam/88f7677e-709b-4272-b457-7b49bce16cb7/call-SplitRG/shard-0/SplitLargeReadGroup/65a0817c-b7bd-41d3-bacb-fe4a53dd1d0c/call-SamToFastqAndDragmapAndMba/shard-12/execution/stderr.
 [First 3000 bytes]:++ dragen-os --version
+ DRAGMAP_VERSION=UNKNOWN
+ '[' -z UNKNOWN ']'
+ mkdir dragen_reference
+ mv /cromwell-executions1/WholeGenomeGermlineSingleSample/65770c70-ea3c-408d-89af-64bb732a3e17/call-UnmappedBamToAlignedBam/UnmappedBamToAlignedBam/88f7677e-709b-4272-b457-7b49bce16cb7/call-SplitRG/shard-0/SplitLargeReadGroup/65a0817c-b7bd-41d3-bacb-fe4a53dd1d0c/call-SamToFastqAndDragmapAndMba/shard-12/inputs/-1290198700/reference.bin /cromwell-executions1/WholeGenomeGermlineSingleSample/65770c70-ea3c-408d-89af-64bb732a3e17/call-UnmappedBamToAlignedBam/UnmappedBamToAlignedBam/88f7677e-709b-4272-b457-7b49bce16cb7/call-SplitRG/shard-0/SplitLargeReadGroup/65a0817c-b7bd-41d3-bacb-fe4a53dd1d0c/call-SamToFastqAndDragmapAndMba/shard-12/inputs/-1290198700/hash_table.cfg.bin /cromwell-executions1/WholeGenomeGermlineSingleSample/65770c70-ea3c-408d-89af-64bb732a3e17/call-UnmappedBamToAlignedBam/UnmappedBamToAlignedBam/88f7677e-709b-4272-b457-7b49bce16cb7/call-SplitRG/shard-0/SplitLargeReadGroup/65a0817c-b7bd-41d3-bacb-fe4a53dd1d0c/call-SamToFastqAndDragmapAndMba/shard-12/inputs/-1290198700/hash_table.cmp dragen_reference
+ dragen-os -b /cromwell-executions1/WholeGenomeGermlineSingleSample/65770c70-ea3c-408d-89af-64bb732a3e17/call-UnmappedBamToAlignedBam/UnmappedBamToAlignedBam/88f7677e-709b-4272-b457-7b49bce16cb7/call-SplitRG/shard-0/SplitLargeReadGroup/65a0817c-b7bd-41d3-bacb-fe4a53dd1d0c/call-SamToFastqAndDragmapAndMba/shard-12/inputs/1099139892/shard_0013.bam -r dragen_reference --interleaved=1 --preserve-map-align-order true
+ samtools view -h -O BAM -
++ tee shard_0013.dragmap.stderr.log
dragenos -r <reference> -b <base calls> [optional arguments]

Command line options:
  --Aligner.pe-orientation arg                    Expected paired-end 
                                                  orientation: 0=FR, 1=RF, 2=FF
  --Aligner.pe-stat-mean-insert arg (=0)          Expected mean of the insert 
                                                  size
  --Aligner.pe-stat-mean-read-len arg (=0)        When setting paired-end 
                                                  insert stats, the expected 
                                                  mean read length
  --Aligner.pe-stat-quartiles-insert arg          Q25, Q50, and Q75 quartiles 
                                                  for the insert size
  --Aligner.pe-stat-stddev-insert arg (=0)        Expected standard deviation 
                                                  of the insert size
  --Aligner.rescue-ceil-factor arg (=3)           For tuning the rescue scan 
                                                  window maximum ceiling
  --Aligner.rescue-sigmas arg (=0)                For tuning the rescue scan 
                                                  window
  --Aligner.sec-aligns arg (=0)                   Maximum secondary 
                                                  (suboptimal) alignments to 
                                                  report per read
  --Aligner.
Job SplitLargeReadGroup.SamToFastqAndDragmapAndMba:7:1 exited with return code 1 which has not been declared as a valid return code. See 'continueOnReturnCode' runtime attribute for more details.
Check the content of stderr for potential additional information: /home/darja/workflow/cromwell-executions1/WholeGenomeGermlineSingleSample/65770c70-ea3c-408d-89af-64bb732a3e17/call-UnmappedBamToAlignedBam/UnmappedBamToAlignedBam/88f7677e-709b-4272-b457-7b49bce16cb7/call-SplitRG/shard-0/SplitLargeReadGroup/65a0817c-b7bd-41d3-bacb-fe4a53dd1d0c/call-SamToFastqAndDragmapAndMba/shard-7/execution/stderr.
 [First 3000 bytes]:++ dragen-os --version
+ DRAGMAP_VERSION=UNKNOWN
+ '[' -z UNKNOWN ']'
+ mkdir dragen_reference
+ mv /cromwell-executions1/WholeGenomeGermlineSingleSample/65770c70-ea3c-408d-89af-64bb732a3e17/call-UnmappedBamToAlignedBam/UnmappedBamToAlignedBam/88f7677e-709b-4272-b457-7b49bce16cb7/call-SplitRG/shard-0/SplitLargeReadGroup/65a0817c-b7bd-41d3-bacb-fe4a53dd1d0c/call-SamToFastqAndDragmapAndMba/shard-7/inputs/-1290198700/reference.bin /cromwell-executions1/WholeGenomeGermlineSingleSample/65770c70-ea3c-408d-89af-64bb732a3e17/call-UnmappedBamToAlignedBam/UnmappedBamToAlignedBam/88f7677e-709b-4272-b457-7b49bce16cb7/call-SplitRG/shard-0/SplitLargeReadGroup/65a0817c-b7bd-41d3-bacb-fe4a53dd1d0c/call-SamToFastqAndDragmapAndMba/shard-7/inputs/-1290198700/hash_table.cfg.bin /cromwell-executions1/WholeGenomeGermlineSingleSample/65770c70-ea3c-408d-89af-64bb732a3e17/call-UnmappedBamToAlignedBam/UnmappedBamToAlignedBam/88f7677e-709b-4272-b457-7b49bce16cb7/call-SplitRG/shard-0/SplitLargeReadGroup/65a0817c-b7bd-41d3-bacb-fe4a53dd1d0c/call-SamToFastqAndDragmapAndMba/shard-7/inputs/-1290198700/hash_table.cmp dragen_reference
+ dragen-os -b /cromwell-executions1/WholeGenomeGermlineSingleSample/65770c70-ea3c-408d-89af-64bb732a3e17/call-UnmappedBamToAlignedBam/UnmappedBamToAlignedBam/88f7677e-709b-4272-b457-7b49bce16cb7/call-SplitRG/shard-0/SplitLargeReadGroup/65a0817c-b7bd-41d3-bacb-fe4a53dd1d0c/call-SamToFastqAndDragmapAndMba/shard-7/inputs/1099139892/shard_0008.bam -r dragen_reference --interleaved=1 --preserve-map-align-order true
+ samtools view -h -O BAM -
++ tee shard_0008.dragmap.stderr.log
dragenos -r <reference> -b <base calls> [optional arguments]

Command line options:
  --Aligner.pe-orientation arg                    Expected paired-end 
                                                  orientation: 0=FR, 1=RF, 2=FF
  --Aligner.pe-stat-mean-insert arg (=0)          Expected mean of the insert 
                                                  size
  --Aligner.pe-stat-mean-read-len arg (=0)        When setting paired-end 
                                                  insert stats, the expected 
                                                  mean read length
  --Aligner.pe-stat-quartiles-insert arg          Q25, Q50, and Q75 quartiles 
                                                  for the insert size
  --Aligner.pe-stat-stddev-insert arg (=0)        Expected standard deviation 
                                                  of the insert size
  --Aligner.rescue-ceil-factor arg (=3)           For tuning the rescue scan 
                                                  window maximum ceiling
  --Aligner.rescue-sigmas arg (=0)                For tuning the rescue scan 
                                                  window
  --Aligner.sec-aligns arg (=0)                   Maximum secondary 
                                                  (suboptimal) alignments to 
                                                  report per read
  --Aligner.sec-
Job SplitLargeReadGroup.SamToFastqAndDragmapAndMba:16:1 exited with return code 1 which has not been declared as a valid return code. See 'continueOnReturnCode' runtime attribute for more details.
Check the content of stderr for potential additional information: /home/darja/workflow/cromwell-executions1/WholeGenomeGermlineSingleSample/65770c70-ea3c-408d-89af-64bb732a3e17/call-UnmappedBamToAlignedBam/UnmappedBamToAlignedBam/88f7677e-709b-4272-b457-7b49bce16cb7/call-SplitRG/shard-0/SplitLargeReadGroup/65a0817c-b7bd-41d3-bacb-fe4a53dd1d0c/call-SamToFastqAndDragmapAndMba/shard-16/execution/stderr.
 [First 3000 bytes]:++ dragen-os --version
+ DRAGMAP_VERSION=UNKNOWN
+ '[' -z UNKNOWN ']'
+ mkdir dragen_reference
+ mv /cromwell-executions1/WholeGenomeGermlineSingleSample/65770c70-ea3c-408d-89af-64bb732a3e17/call-UnmappedBamToAlignedBam/UnmappedBamToAlignedBam/88f7677e-709b-4272-b457-7b49bce16cb7/call-SplitRG/shard-0/SplitLargeReadGroup/65a0817c-b7bd-41d3-bacb-fe4a53dd1d0c/call-SamToFastqAndDragmapAndMba/shard-16/inputs/-1290198700/reference.bin /cromwell-executions1/WholeGenomeGermlineSingleSample/65770c70-ea3c-408d-89af-64bb732a3e17/call-UnmappedBamToAlignedBam/UnmappedBamToAlignedBam/88f7677e-709b-4272-b457-7b49bce16cb7/call-SplitRG/shard-0/SplitLargeReadGroup/65a0817c-b7bd-41d3-bacb-fe4a53dd1d0c/call-SamToFastqAndDragmapAndMba/shard-16/inputs/-1290198700/hash_table.cfg.bin /cromwell-executions1/WholeGenomeGermlineSingleSample/65770c70-ea3c-408d-89af-64bb732a3e17/call-UnmappedBamToAlignedBam/UnmappedBamToAlignedBam/88f7677e-709b-4272-b457-7b49bce16cb7/call-SplitRG/shard-0/SplitLargeReadGroup/65a0817c-b7bd-41d3-bacb-fe4a53dd1d0c/call-SamToFastqAndDragmapAndMba/shard-16/inputs/-1290198700/hash_table.cmp dragen_reference
+ dragen-os -b /cromwell-executions1/WholeGenomeGermlineSingleSample/65770c70-ea3c-408d-89af-64bb732a3e17/call-UnmappedBamToAlignedBam/UnmappedBamToAlignedBam/88f7677e-709b-4272-b457-7b49bce16cb7/call-SplitRG/shard-0/SplitLargeReadGroup/65a0817c-b7bd-41d3-bacb-fe4a53dd1d0c/call-SamToFastqAndDragmapAndMba/shard-16/inputs/1099139892/shard_0017.bam -r dragen_reference --interleaved=1 --preserve-map-align-order true
+ samtools view -h -O BAM -
++ tee shard_0017.dragmap.stderr.log
dragenos -r <reference> -b <base calls> [optional arguments]

Command line options:
  --Aligner.pe-orientation arg                    Expected paired-end 
                                                  orientation: 0=FR, 1=RF, 2=FF
  --Aligner.pe-stat-mean-insert arg (=0)          Expected mean of the insert 
                                                  size
  --Aligner.pe-stat-mean-read-len arg (=0)        When setting paired-end 
                                                  insert stats, the expected 
                                                  mean read length
  --Aligner.pe-stat-quartiles-insert arg          Q25, Q50, and Q75 quartiles 
                                                  for the insert size
  --Aligner.pe-stat-stddev-insert arg (=0)        Expected standard deviation 
                                                  of the insert size
  --Aligner.rescue-ceil-factor arg (=3)           For tuning the rescue scan 
                                                  window maximum ceiling
  --Aligner.rescue-sigmas arg (=0)                For tuning the rescue scan 
                                                  window
  --Aligner.sec-aligns arg (=0)                   Maximum secondary 
                                                  (suboptimal) alignments to 
                                                  report per read
  --Aligner.
Job SplitLargeReadGroup.SamToFastqAndDragmapAndMba:0:1 exited with return code 1 which has not been declared as a valid return code. See 'continueOnReturnCode' runtime attribute for more details.
Check the content of stderr for potential additional information: /home/darja/workflow/cromwell-executions1/WholeGenomeGermlineSingleSample/65770c70-ea3c-408d-89af-64bb732a3e17/call-UnmappedBamToAlignedBam/UnmappedBamToAlignedBam/88f7677e-709b-4272-b457-7b49bce16cb7/call-SplitRG/shard-0/SplitLargeReadGroup/65a0817c-b7bd-41d3-bacb-fe4a53dd1d0c/call-SamToFastqAndDragmapAndMba/shard-0/execution/stderr.
 [First 3000 bytes]:++ dragen-os --version
+ DRAGMAP_VERSION=UNKNOWN
+ '[' -z UNKNOWN ']'
+ mkdir dragen_reference
+ mv /cromwell-executions1/WholeGenomeGermlineSingleSample/65770c70-ea3c-408d-89af-64bb732a3e17/call-UnmappedBamToAlignedBam/UnmappedBamToAlignedBam/88f7677e-709b-4272-b457-7b49bce16cb7/call-SplitRG/shard-0/SplitLargeReadGroup/65a0817c-b7bd-41d3-bacb-fe4a53dd1d0c/call-SamToFastqAndDragmapAndMba/shard-0/inputs/-1290198700/reference.bin /cromwell-executions1/WholeGenomeGermlineSingleSample/65770c70-ea3c-408d-89af-64bb732a3e17/call-UnmappedBamToAlignedBam/UnmappedBamToAlignedBam/88f7677e-709b-4272-b457-7b49bce16cb7/call-SplitRG/shard-0/SplitLargeReadGroup/65a0817c-b7bd-41d3-bacb-fe4a53dd1d0c/call-SamToFastqAndDragmapAndMba/shard-0/inputs/-1290198700/hash_table.cfg.bin /cromwell-executions1/WholeGenomeGermlineSingleSample/65770c70-ea3c-408d-89af-64bb732a3e17/call-UnmappedBamToAlignedBam/UnmappedBamToAlignedBam/88f7677e-709b-4272-b457-7b49bce16cb7/call-SplitRG/shard-0/SplitLargeReadGroup/65a0817c-b7bd-41d3-bacb-fe4a53dd1d0c/call-SamToFastqAndDragmapAndMba/shard-0/inputs/-1290198700/hash_table.cmp dragen_reference
+ dragen-os -b /cromwell-executions1/WholeGenomeGermlineSingleSample/65770c70-ea3c-408d-89af-64bb732a3e17/call-UnmappedBamToAlignedBam/UnmappedBamToAlignedBam/88f7677e-709b-4272-b457-7b49bce16cb7/call-SplitRG/shard-0/SplitLargeReadGroup/65a0817c-b7bd-41d3-bacb-fe4a53dd1d0c/call-SamToFastqAndDragmapAndMba/shard-0/inputs/1099139892/shard_0001.bam -r dragen_reference --interleaved=1 --preserve-map-align-order true
+ samtools view -h -O BAM -
++ tee shard_0001.dragmap.stderr.log
dragenos -r <reference> -b <base calls> [optional arguments]

Command line options:
  --Aligner.pe-orientation arg                    Expected paired-end 
                                                  orientation: 0=FR, 1=RF, 2=FF
  --Aligner.pe-stat-mean-insert arg (=0)          Expected mean of the insert 
                                                  size
  --Aligner.pe-stat-mean-read-len arg (=0)        When setting paired-end 
                                                  insert stats, the expected 
                                                  mean read length
  --Aligner.pe-stat-quartiles-insert arg          Q25, Q50, and Q75 quartiles 
                                                  for the insert size
  --Aligner.pe-stat-stddev-insert arg (=0)        Expected standard deviation 
                                                  of the insert size
  --Aligner.rescue-ceil-factor arg (=3)           For tuning the rescue scan 
                                                  window maximum ceiling
  --Aligner.rescue-sigmas arg (=0)                For tuning the rescue scan 
                                                  window
  --Aligner.sec-aligns arg (=0)                   Maximum secondary 
                                                  (suboptimal) alignments to 
                                                  report per read
  --Aligner.sec-
Job SplitLargeReadGroup.SamToFastqAndDragmapAndMba:9:1 exited with return code 1 which has not been declared as a valid return code. See 'continueOnReturnCode' runtime attribute for more details.
Check the content of stderr for potential additional information: /home/darja/workflow/cromwell-executions1/WholeGenomeGermlineSingleSample/65770c70-ea3c-408d-89af-64bb732a3e17/call-UnmappedBamToAlignedBam/UnmappedBamToAlignedBam/88f7677e-709b-4272-b457-7b49bce16cb7/call-SplitRG/shard-0/SplitLargeReadGroup/65a0817c-b7bd-41d3-bacb-fe4a53dd1d0c/call-SamToFastqAndDragmapAndMba/shard-9/execution/stderr.
 [First 3000 bytes]:++ dragen-os --version
+ DRAGMAP_VERSION=UNKNOWN
+ '[' -z UNKNOWN ']'
+ mkdir dragen_reference
+ mv /cromwell-executions1/WholeGenomeGermlineSingleSample/65770c70-ea3c-408d-89af-64bb732a3e17/call-UnmappedBamToAlignedBam/UnmappedBamToAlignedBam/88f7677e-709b-4272-b457-7b49bce16cb7/call-SplitRG/shard-0/SplitLargeReadGroup/65a0817c-b7bd-41d3-bacb-fe4a53dd1d0c/call-SamToFastqAndDragmapAndMba/shard-9/inputs/-1290198700/reference.bin /cromwell-executions1/WholeGenomeGermlineSingleSample/65770c70-ea3c-408d-89af-64bb732a3e17/call-UnmappedBamToAlignedBam/UnmappedBamToAlignedBam/88f7677e-709b-4272-b457-7b49bce16cb7/call-SplitRG/shard-0/SplitLargeReadGroup/65a0817c-b7bd-41d3-bacb-fe4a53dd1d0c/call-SamToFastqAndDragmapAndMba/shard-9/inputs/-1290198700/hash_table.cfg.bin /cromwell-executions1/WholeGenomeGermlineSingleSample/65770c70-ea3c-408d-89af-64bb732a3e17/call-UnmappedBamToAlignedBam/UnmappedBamToAlignedBam/88f7677e-709b-4272-b457-7b49bce16cb7/call-SplitRG/shard-0/SplitLargeReadGroup/65a0817c-b7bd-41d3-bacb-fe4a53dd1d0c/call-SamToFastqAndDragmapAndMba/shard-9/inputs/-1290198700/hash_table.cmp dragen_reference
+ dragen-os -b /cromwell-executions1/WholeGenomeGermlineSingleSample/65770c70-ea3c-408d-89af-64bb732a3e17/call-UnmappedBamToAlignedBam/UnmappedBamToAlignedBam/88f7677e-709b-4272-b457-7b49bce16cb7/call-SplitRG/shard-0/SplitLargeReadGroup/65a0817c-b7bd-41d3-bacb-fe4a53dd1d0c/call-SamToFastqAndDragmapAndMba/shard-9/inputs/1099139892/shard_0010.bam -r dragen_reference --interleaved=1 --preserve-map-align-order true
+ samtools view -h -O BAM -
++ tee shard_0010.dragmap.stderr.log
dragenos -r <reference> -b <base calls> [optional arguments]

Command line options:
  --Aligner.pe-orientation arg                    Expected paired-end 
                                                  orientation: 0=FR, 1=RF, 2=FF
  --Aligner.pe-stat-mean-insert arg (=0)          Expected mean of the insert 
                                                  size
  --Aligner.pe-stat-mean-read-len arg (=0)        When setting paired-end 
                                                  insert stats, the expected 
                                                  mean read length
  --Aligner.pe-stat-quartiles-insert arg          Q25, Q50, and Q75 quartiles 
                                                  for the insert size
  --Aligner.pe-stat-stddev-insert arg (=0)        Expected standard deviation 
                                                  of the insert size
  --Aligner.rescue-ceil-factor arg (=3)           For tuning the rescue scan 
                                                  window maximum ceiling
  --Aligner.rescue-sigmas arg (=0)                For tuning the rescue scan 
                                                  window
  --Aligner.sec-aligns arg (=0)                   Maximum secondary 
                                                  (suboptimal) alignments to 
                                                  report per read
  --Aligner.sec-
Job SplitLargeReadGroup.SamToFastqAndDragmapAndMba:10:1 exited with return code 1 which has not been declared as a valid return code. See 'continueOnReturnCode' runtime attribute for more details.
Check the content of stderr for potential additional information: /home/darja/workflow/cromwell-executions1/WholeGenomeGermlineSingleSample/65770c70-ea3c-408d-89af-64bb732a3e17/call-UnmappedBamToAlignedBam/UnmappedBamToAlignedBam/88f7677e-709b-4272-b457-7b49bce16cb7/call-SplitRG/shard-0/SplitLargeReadGroup/65a0817c-b7bd-41d3-bacb-fe4a53dd1d0c/call-SamToFastqAndDragmapAndMba/shard-10/execution/stderr.
 [First 3000 bytes]:++ dragen-os --version
+ DRAGMAP_VERSION=UNKNOWN
+ '[' -z UNKNOWN ']'
+ mkdir dragen_reference
+ mv /cromwell-executions1/WholeGenomeGermlineSingleSample/65770c70-ea3c-408d-89af-64bb732a3e17/call-UnmappedBamToAlignedBam/UnmappedBamToAlignedBam/88f7677e-709b-4272-b457-7b49bce16cb7/call-SplitRG/shard-0/SplitLargeReadGroup/65a0817c-b7bd-41d3-bacb-fe4a53dd1d0c/call-SamToFastqAndDragmapAndMba/shard-10/inputs/-1290198700/reference.bin /cromwell-executions1/WholeGenomeGermlineSingleSample/65770c70-ea3c-408d-89af-64bb732a3e17/call-UnmappedBamToAlignedBam/UnmappedBamToAlignedBam/88f7677e-709b-4272-b457-7b49bce16cb7/call-SplitRG/shard-0/SplitLargeReadGroup/65a0817c-b7bd-41d3-bacb-fe4a53dd1d0c/call-SamToFastqAndDragmapAndMba/shard-10/inputs/-1290198700/hash_table.cfg.bin /cromwell-executions1/WholeGenomeGermlineSingleSample/65770c70-ea3c-408d-89af-64bb732a3e17/call-UnmappedBamToAlignedBam/UnmappedBamToAlignedBam/88f7677e-709b-4272-b457-7b49bce16cb7/call-SplitRG/shard-0/SplitLargeReadGroup/65a0817c-b7bd-41d3-bacb-fe4a53dd1d0c/call-SamToFastqAndDragmapAndMba/shard-10/inputs/-1290198700/hash_table.cmp dragen_reference
+ dragen-os -b /cromwell-executions1/WholeGenomeGermlineSingleSample/65770c70-ea3c-408d-89af-64bb732a3e17/call-UnmappedBamToAlignedBam/UnmappedBamToAlignedBam/88f7677e-709b-4272-b457-7b49bce16cb7/call-SplitRG/shard-0/SplitLargeReadGroup/65a0817c-b7bd-41d3-bacb-fe4a53dd1d0c/call-SamToFastqAndDragmapAndMba/shard-10/inputs/1099139892/shard_0011.bam -r dragen_reference --interleaved=1 --preserve-map-align-order true
+ samtools view -h -O BAM -
++ tee shard_0011.dragmap.stderr.log
dragenos -r <reference> -b <base calls> [optional arguments]

Command line options:
  --Aligner.pe-orientation arg                    Expected paired-end 
                                                  orientation: 0=FR, 1=RF, 2=FF
  --Aligner.pe-stat-mean-insert arg (=0)          Expected mean of the insert 
                                                  size
  --Aligner.pe-stat-mean-read-len arg (=0)        When setting paired-end 
                                                  insert stats, the expected 
                                                  mean read length
  --Aligner.pe-stat-quartiles-insert arg          Q25, Q50, and Q75 quartiles 
                                                  for the insert size
  --Aligner.pe-stat-stddev-insert arg (=0)        Expected standard deviation 
                                                  of the insert size
  --Aligner.rescue-ceil-factor arg (=3)           For tuning the rescue scan 
                                                  window maximum ceiling
  --Aligner.rescue-sigmas arg (=0)                For tuning the rescue scan 
                                                  window
  --Aligner.sec-aligns arg (=0)                   Maximum secondary 
                                                  (suboptimal) alignments to 
                                                  report per read
  --Aligner.
Job SplitLargeReadGroup.SamToFastqAndDragmapAndMba:11:1 exited with return code 1 which has not been declared as a valid return code. See 'continueOnReturnCode' runtime attribute for more details.
Check the content of stderr for potential additional information: /home/darja/workflow/cromwell-executions1/WholeGenomeGermlineSingleSample/65770c70-ea3c-408d-89af-64bb732a3e17/call-UnmappedBamToAlignedBam/UnmappedBamToAlignedBam/88f7677e-709b-4272-b457-7b49bce16cb7/call-SplitRG/shard-0/SplitLargeReadGroup/65a0817c-b7bd-41d3-bacb-fe4a53dd1d0c/call-SamToFastqAndDragmapAndMba/shard-11/execution/stderr.
 [First 3000 bytes]:++ dragen-os --version
+ DRAGMAP_VERSION=UNKNOWN
+ '[' -z UNKNOWN ']'
+ mkdir dragen_reference
+ mv /cromwell-executions1/WholeGenomeGermlineSingleSample/65770c70-ea3c-408d-89af-64bb732a3e17/call-UnmappedBamToAlignedBam/UnmappedBamToAlignedBam/88f7677e-709b-4272-b457-7b49bce16cb7/call-SplitRG/shard-0/SplitLargeReadGroup/65a0817c-b7bd-41d3-bacb-fe4a53dd1d0c/call-SamToFastqAndDragmapAndMba/shard-11/inputs/-1290198700/reference.bin /cromwell-executions1/WholeGenomeGermlineSingleSample/65770c70-ea3c-408d-89af-64bb732a3e17/call-UnmappedBamToAlignedBam/UnmappedBamToAlignedBam/88f7677e-709b-4272-b457-7b49bce16cb7/call-SplitRG/shard-0/SplitLargeReadGroup/65a0817c-b7bd-41d3-bacb-fe4a53dd1d0c/call-SamToFastqAndDragmapAndMba/shard-11/inputs/-1290198700/hash_table.cfg.bin /cromwell-executions1/WholeGenomeGermlineSingleSample/65770c70-ea3c-408d-89af-64bb732a3e17/call-UnmappedBamToAlignedBam/UnmappedBamToAlignedBam/88f7677e-709b-4272-b457-7b49bce16cb7/call-SplitRG/shard-0/SplitLargeReadGroup/65a0817c-b7bd-41d3-bacb-fe4a53dd1d0c/call-SamToFastqAndDragmapAndMba/shard-11/inputs/-1290198700/hash_table.cmp dragen_reference
+ dragen-os -b /cromwell-executions1/WholeGenomeGermlineSingleSample/65770c70-ea3c-408d-89af-64bb732a3e17/call-UnmappedBamToAlignedBam/UnmappedBamToAlignedBam/88f7677e-709b-4272-b457-7b49bce16cb7/call-SplitRG/shard-0/SplitLargeReadGroup/65a0817c-b7bd-41d3-bacb-fe4a53dd1d0c/call-SamToFastqAndDragmapAndMba/shard-11/inputs/1099139892/shard_0012.bam -r dragen_reference --interleaved=1 --preserve-map-align-order true
+ samtools view -h -O BAM -
++ tee shard_0012.dragmap.stderr.log
dragenos -r <reference> -b <base calls> [optional arguments]

Command line options:
  --Aligner.pe-orientation arg                    Expected paired-end 
                                                  orientation: 0=FR, 1=RF, 2=FF
  --Aligner.pe-stat-mean-insert arg (=0)          Expected mean of the insert 
                                                  size
  --Aligner.pe-stat-mean-read-len arg (=0)        When setting paired-end 
                                                  insert stats, the expected 
                                                  mean read length
  --Aligner.pe-stat-quartiles-insert arg          Q25, Q50, and Q75 quartiles 
                                                  for the insert size
  --Aligner.pe-stat-stddev-insert arg (=0)        Expected standard deviation 
                                                  of the insert size
  --Aligner.rescue-ceil-factor arg (=3)           For tuning the rescue scan 
                                                  window maximum ceiling
  --Aligner.rescue-sigmas arg (=0)                For tuning the rescue scan 
                                                  window
  --Aligner.sec-aligns arg (=0)                   Maximum secondary 
                                                  (suboptimal) alignments to 
                                                  report per read
  --Aligner.
Job SplitLargeReadGroup.SamToFastqAndDragmapAndMba:6:1 exited with return code 1 which has not been declared as a valid return code. See 'continueOnReturnCode' runtime attribute for more details.
Check the content of stderr for potential additional information: /home/darja/workflow/cromwell-executions1/WholeGenomeGermlineSingleSample/65770c70-ea3c-408d-89af-64bb732a3e17/call-UnmappedBamToAlignedBam/UnmappedBamToAlignedBam/88f7677e-709b-4272-b457-7b49bce16cb7/call-SplitRG/shard-0/SplitLargeReadGroup/65a0817c-b7bd-41d3-bacb-fe4a53dd1d0c/call-SamToFastqAndDragmapAndMba/shard-6/execution/stderr.
 [First 3000 bytes]:++ dragen-os --version
+ DRAGMAP_VERSION=UNKNOWN
+ '[' -z UNKNOWN ']'
+ mkdir dragen_reference
+ mv /cromwell-executions1/WholeGenomeGermlineSingleSample/65770c70-ea3c-408d-89af-64bb732a3e17/call-UnmappedBamToAlignedBam/UnmappedBamToAlignedBam/88f7677e-709b-4272-b457-7b49bce16cb7/call-SplitRG/shard-0/SplitLargeReadGroup/65a0817c-b7bd-41d3-bacb-fe4a53dd1d0c/call-SamToFastqAndDragmapAndMba/shard-6/inputs/-1290198700/reference.bin /cromwell-executions1/WholeGenomeGermlineSingleSample/65770c70-ea3c-408d-89af-64bb732a3e17/call-UnmappedBamToAlignedBam/UnmappedBamToAlignedBam/88f7677e-709b-4272-b457-7b49bce16cb7/call-SplitRG/shard-0/SplitLargeReadGroup/65a0817c-b7bd-41d3-bacb-fe4a53dd1d0c/call-SamToFastqAndDragmapAndMba/shard-6/inputs/-1290198700/hash_table.cfg.bin /cromwell-executions1/WholeGenomeGermlineSingleSample/65770c70-ea3c-408d-89af-64bb732a3e17/call-UnmappedBamToAlignedBam/UnmappedBamToAlignedBam/88f7677e-709b-4272-b457-7b49bce16cb7/call-SplitRG/shard-0/SplitLargeReadGroup/65a0817c-b7bd-41d3-bacb-fe4a53dd1d0c/call-SamToFastqAndDragmapAndMba/shard-6/inputs/-1290198700/hash_table.cmp dragen_reference
+ dragen-os -b /cromwell-executions1/WholeGenomeGermlineSingleSample/65770c70-ea3c-408d-89af-64bb732a3e17/call-UnmappedBamToAlignedBam/UnmappedBamToAlignedBam/88f7677e-709b-4272-b457-7b49bce16cb7/call-SplitRG/shard-0/SplitLargeReadGroup/65a0817c-b7bd-41d3-bacb-fe4a53dd1d0c/call-SamToFastqAndDragmapAndMba/shard-6/inputs/1099139892/shard_0007.bam -r dragen_reference --interleaved=1 --preserve-map-align-order true
+ samtools view -h -O BAM -
++ tee shard_0007.dragmap.stderr.log
dragenos -r <reference> -b <base calls> [optional arguments]

Command line options:
  --Aligner.pe-orientation arg                    Expected paired-end 
                                                  orientation: 0=FR, 1=RF, 2=FF
  --Aligner.pe-stat-mean-insert arg (=0)          Expected mean of the insert 
                                                  size
  --Aligner.pe-stat-mean-read-len arg (=0)        When setting paired-end 
                                                  insert stats, the expected 
                                                  mean read length
  --Aligner.pe-stat-quartiles-insert arg          Q25, Q50, and Q75 quartiles 
                                                  for the insert size
  --Aligner.pe-stat-stddev-insert arg (=0)        Expected standard deviation 
                                                  of the insert size
  --Aligner.rescue-ceil-factor arg (=3)           For tuning the rescue scan 
                                                  window maximum ceiling
  --Aligner.rescue-sigmas arg (=0)                For tuning the rescue scan 
                                                  window
  --Aligner.sec-aligns arg (=0)                   Maximum secondary 
                                                  (suboptimal) alignments to 
                                                  report per read
  --Aligner.sec-
Job SplitLargeReadGroup.SamToFastqAndDragmapAndMba:3:1 exited with return code 1 which has not been declared as a valid return code. See 'continueOnReturnCode' runtime attribute for more details.
Check the content of stderr for potential additional information: /home/darja/workflow/cromwell-executions1/WholeGenomeGermlineSingleSample/65770c70-ea3c-408d-89af-64bb732a3e17/call-UnmappedBamToAlignedBam/UnmappedBamToAlignedBam/88f7677e-709b-4272-b457-7b49bce16cb7/call-SplitRG/shard-0/SplitLargeReadGroup/65a0817c-b7bd-41d3-bacb-fe4a53dd1d0c/call-SamToFastqAndDragmapAndMba/shard-3/execution/stderr.
 [First 3000 bytes]:++ dragen-os --version
+ DRAGMAP_VERSION=UNKNOWN
+ '[' -z UNKNOWN ']'
+ mkdir dragen_reference
+ mv /cromwell-executions1/WholeGenomeGermlineSingleSample/65770c70-ea3c-408d-89af-64bb732a3e17/call-UnmappedBamToAlignedBam/UnmappedBamToAlignedBam/88f7677e-709b-4272-b457-7b49bce16cb7/call-SplitRG/shard-0/SplitLargeReadGroup/65a0817c-b7bd-41d3-bacb-fe4a53dd1d0c/call-SamToFastqAndDragmapAndMba/shard-3/inputs/-1290198700/reference.bin /cromwell-executions1/WholeGenomeGermlineSingleSample/65770c70-ea3c-408d-89af-64bb732a3e17/call-UnmappedBamToAlignedBam/UnmappedBamToAlignedBam/88f7677e-709b-4272-b457-7b49bce16cb7/call-SplitRG/shard-0/SplitLargeReadGroup/65a0817c-b7bd-41d3-bacb-fe4a53dd1d0c/call-SamToFastqAndDragmapAndMba/shard-3/inputs/-1290198700/hash_table.cfg.bin /cromwell-executions1/WholeGenomeGermlineSingleSample/65770c70-ea3c-408d-89af-64bb732a3e17/call-UnmappedBamToAlignedBam/UnmappedBamToAlignedBam/88f7677e-709b-4272-b457-7b49bce16cb7/call-SplitRG/shard-0/SplitLargeReadGroup/65a0817c-b7bd-41d3-bacb-fe4a53dd1d0c/call-SamToFastqAndDragmapAndMba/shard-3/inputs/-1290198700/hash_table.cmp dragen_reference
+ dragen-os -b /cromwell-executions1/WholeGenomeGermlineSingleSample/65770c70-ea3c-408d-89af-64bb732a3e17/call-UnmappedBamToAlignedBam/UnmappedBamToAlignedBam/88f7677e-709b-4272-b457-7b49bce16cb7/call-SplitRG/shard-0/SplitLargeReadGroup/65a0817c-b7bd-41d3-bacb-fe4a53dd1d0c/call-SamToFastqAndDragmapAndMba/shard-3/inputs/1099139892/shard_0004.bam -r dragen_reference --interleaved=1 --preserve-map-align-order true
+ samtools view -h -O BAM -
++ tee shard_0004.dragmap.stderr.log
dragenos -r <reference> -b <base calls> [optional arguments]

Command line options:
  --Aligner.pe-orientation arg                    Expected paired-end 
                                                  orientation: 0=FR, 1=RF, 2=FF
  --Aligner.pe-stat-mean-insert arg (=0)          Expected mean of the insert 
                                                  size
  --Aligner.pe-stat-mean-read-len arg (=0)        When setting paired-end 
                                                  insert stats, the expected 
                                                  mean read length
  --Aligner.pe-stat-quartiles-insert arg          Q25, Q50, and Q75 quartiles 
                                                  for the insert size
  --Aligner.pe-stat-stddev-insert arg (=0)        Expected standard deviation 
                                                  of the insert size
  --Aligner.rescue-ceil-factor arg (=3)           For tuning the rescue scan 
                                                  window maximum ceiling
  --Aligner.rescue-sigmas arg (=0)                For tuning the rescue scan 
                                                  window
  --Aligner.sec-aligns arg (=0)                   Maximum secondary 
                                                  (suboptimal) alignments to 
                                                  report per read
  --Aligner.sec-
Job SplitLargeReadGroup.SamToFastqAndDragmapAndMba:15:1 exited with return code 1 which has not been declared as a valid return code. See 'continueOnReturnCode' runtime attribute for more details.
Check the content of stderr for potential additional information: /home/darja/workflow/cromwell-executions1/WholeGenomeGermlineSingleSample/65770c70-ea3c-408d-89af-64bb732a3e17/call-UnmappedBamToAlignedBam/UnmappedBamToAlignedBam/88f7677e-709b-4272-b457-7b49bce16cb7/call-SplitRG/shard-0/SplitLargeReadGroup/65a0817c-b7bd-41d3-bacb-fe4a53dd1d0c/call-SamToFastqAndDragmapAndMba/shard-15/execution/stderr.
 [First 3000 bytes]:++ dragen-os --version
+ DRAGMAP_VERSION=UNKNOWN
+ '[' -z UNKNOWN ']'
+ mkdir dragen_reference
+ mv /cromwell-executions1/WholeGenomeGermlineSingleSample/65770c70-ea3c-408d-89af-64bb732a3e17/call-UnmappedBamToAlignedBam/UnmappedBamToAlignedBam/88f7677e-709b-4272-b457-7b49bce16cb7/call-SplitRG/shard-0/SplitLargeReadGroup/65a0817c-b7bd-41d3-bacb-fe4a53dd1d0c/call-SamToFastqAndDragmapAndMba/shard-15/inputs/-1290198700/reference.bin /cromwell-executions1/WholeGenomeGermlineSingleSample/65770c70-ea3c-408d-89af-64bb732a3e17/call-UnmappedBamToAlignedBam/UnmappedBamToAlignedBam/88f7677e-709b-4272-b457-7b49bce16cb7/call-SplitRG/shard-0/SplitLargeReadGroup/65a0817c-b7bd-41d3-bacb-fe4a53dd1d0c/call-SamToFastqAndDragmapAndMba/shard-15/inputs/-1290198700/hash_table.cfg.bin /cromwell-executions1/WholeGenomeGermlineSingleSample/65770c70-ea3c-408d-89af-64bb732a3e17/call-UnmappedBamToAlignedBam/UnmappedBamToAlignedBam/88f7677e-709b-4272-b457-7b49bce16cb7/call-SplitRG/shard-0/SplitLargeReadGroup/65a0817c-b7bd-41d3-bacb-fe4a53dd1d0c/call-SamToFastqAndDragmapAndMba/shard-15/inputs/-1290198700/hash_table.cmp dragen_reference
+ dragen-os -b /cromwell-executions1/WholeGenomeGermlineSingleSample/65770c70-ea3c-408d-89af-64bb732a3e17/call-UnmappedBamToAlignedBam/UnmappedBamToAlignedBam/88f7677e-709b-4272-b457-7b49bce16cb7/call-SplitRG/shard-0/SplitLargeReadGroup/65a0817c-b7bd-41d3-bacb-fe4a53dd1d0c/call-SamToFastqAndDragmapAndMba/shard-15/inputs/1099139892/shard_0016.bam -r dragen_reference --interleaved=1 --preserve-map-align-order true
+ samtools view -h -O BAM -
++ tee shard_0016.dragmap.stderr.log
dragenos -r <reference> -b <base calls> [optional arguments]

Command line options:
  --Aligner.pe-orientation arg                    Expected paired-end 
                                                  orientation: 0=FR, 1=RF, 2=FF
  --Aligner.pe-stat-mean-insert arg (=0)          Expected mean of the insert 
                                                  size
  --Aligner.pe-stat-mean-read-len arg (=0)        When setting paired-end 
                                                  insert stats, the expected 
                                                  mean read length
  --Aligner.pe-stat-quartiles-insert arg          Q25, Q50, and Q75 quartiles 
                                                  for the insert size
  --Aligner.pe-stat-stddev-insert arg (=0)        Expected standard deviation 
                                                  of the insert size
  --Aligner.rescue-ceil-factor arg (=3)           For tuning the rescue scan 
                                                  window maximum ceiling
  --Aligner.rescue-sigmas arg (=0)                For tuning the rescue scan 
                                                  window
  --Aligner.sec-aligns arg (=0)                   Maximum secondary 
                                                  (suboptimal) alignments to 
                                                  report per read
  --Aligner.
Job SplitLargeReadGroup.SamToFastqAndDragmapAndMba:8:1 exited with return code 1 which has not been declared as a valid return code. See 'continueOnReturnCode' runtime attribute for more details.
Check the content of stderr for potential additional information: /home/darja/workflow/cromwell-executions1/WholeGenomeGermlineSingleSample/65770c70-ea3c-408d-89af-64bb732a3e17/call-UnmappedBamToAlignedBam/UnmappedBamToAlignedBam/88f7677e-709b-4272-b457-7b49bce16cb7/call-SplitRG/shard-0/SplitLargeReadGroup/65a0817c-b7bd-41d3-bacb-fe4a53dd1d0c/call-SamToFastqAndDragmapAndMba/shard-8/execution/stderr.
 [First 3000 bytes]:++ dragen-os --version
+ DRAGMAP_VERSION=UNKNOWN
+ '[' -z UNKNOWN ']'
+ mkdir dragen_reference
+ mv /cromwell-executions1/WholeGenomeGermlineSingleSample/65770c70-ea3c-408d-89af-64bb732a3e17/call-UnmappedBamToAlignedBam/UnmappedBamToAlignedBam/88f7677e-709b-4272-b457-7b49bce16cb7/call-SplitRG/shard-0/SplitLargeReadGroup/65a0817c-b7bd-41d3-bacb-fe4a53dd1d0c/call-SamToFastqAndDragmapAndMba/shard-8/inputs/-1290198700/reference.bin /cromwell-executions1/WholeGenomeGermlineSingleSample/65770c70-ea3c-408d-89af-64bb732a3e17/call-UnmappedBamToAlignedBam/UnmappedBamToAlignedBam/88f7677e-709b-4272-b457-7b49bce16cb7/call-SplitRG/shard-0/SplitLargeReadGroup/65a0817c-b7bd-41d3-bacb-fe4a53dd1d0c/call-SamToFastqAndDragmapAndMba/shard-8/inputs/-1290198700/hash_table.cfg.bin /cromwell-executions1/WholeGenomeGermlineSingleSample/65770c70-ea3c-408d-89af-64bb732a3e17/call-UnmappedBamToAlignedBam/UnmappedBamToAlignedBam/88f7677e-709b-4272-b457-7b49bce16cb7/call-SplitRG/shard-0/SplitLargeReadGroup/65a0817c-b7bd-41d3-bacb-fe4a53dd1d0c/call-SamToFastqAndDragmapAndMba/shard-8/inputs/-1290198700/hash_table.cmp dragen_reference
+ dragen-os -b /cromwell-executions1/WholeGenomeGermlineSingleSample/65770c70-ea3c-408d-89af-64bb732a3e17/call-UnmappedBamToAlignedBam/UnmappedBamToAlignedBam/88f7677e-709b-4272-b457-7b49bce16cb7/call-SplitRG/shard-0/SplitLargeReadGroup/65a0817c-b7bd-41d3-bacb-fe4a53dd1d0c/call-SamToFastqAndDragmapAndMba/shard-8/inputs/1099139892/shard_0009.bam -r dragen_reference --interleaved=1 --preserve-map-align-order true
+ samtools view -h -O BAM -
++ tee shard_0009.dragmap.stderr.log
dragenos -r <reference> -b <base calls> [optional arguments]

Command line options:
  --Aligner.pe-orientation arg                    Expected paired-end 
                                                  orientation: 0=FR, 1=RF, 2=FF
  --Aligner.pe-stat-mean-insert arg (=0)          Expected mean of the insert 
                                                  size
  --Aligner.pe-stat-mean-read-len arg (=0)        When setting paired-end 
                                                  insert stats, the expected 
                                                  mean read length
  --Aligner.pe-stat-quartiles-insert arg          Q25, Q50, and Q75 quartiles 
                                                  for the insert size
  --Aligner.pe-stat-stddev-insert arg (=0)        Expected standard deviation 
                                                  of the insert size
  --Aligner.rescue-ceil-factor arg (=3)           For tuning the rescue scan 
                                                  window maximum ceiling
  --Aligner.rescue-sigmas arg (=0)                For tuning the rescue scan 
                                                  window
  --Aligner.sec-aligns arg (=0)                   Maximum secondary 
                                                  (suboptimal) alignments to 
                                                  report per read
  --Aligner.sec-
Job SplitLargeReadGroup.SamToFastqAndDragmapAndMba:14:1 exited with return code 1 which has not been declared as a valid return code. See 'continueOnReturnCode' runtime attribute for more details.
Check the content of stderr for potential additional information: /home/darja/workflow/cromwell-executions1/WholeGenomeGermlineSingleSample/65770c70-ea3c-408d-89af-64bb732a3e17/call-UnmappedBamToAlignedBam/UnmappedBamToAlignedBam/88f7677e-709b-4272-b457-7b49bce16cb7/call-SplitRG/shard-0/SplitLargeReadGroup/65a0817c-b7bd-41d3-bacb-fe4a53dd1d0c/call-SamToFastqAndDragmapAndMba/shard-14/execution/stderr.
 [First 3000 bytes]:++ dragen-os --version
+ DRAGMAP_VERSION=UNKNOWN
+ '[' -z UNKNOWN ']'
+ mkdir dragen_reference
+ mv /cromwell-executions1/WholeGenomeGermlineSingleSample/65770c70-ea3c-408d-89af-64bb732a3e17/call-UnmappedBamToAlignedBam/UnmappedBamToAlignedBam/88f7677e-709b-4272-b457-7b49bce16cb7/call-SplitRG/shard-0/SplitLargeReadGroup/65a0817c-b7bd-41d3-bacb-fe4a53dd1d0c/call-SamToFastqAndDragmapAndMba/shard-14/inputs/-1290198700/reference.bin /cromwell-executions1/WholeGenomeGermlineSingleSample/65770c70-ea3c-408d-89af-64bb732a3e17/call-UnmappedBamToAlignedBam/UnmappedBamToAlignedBam/88f7677e-709b-4272-b457-7b49bce16cb7/call-SplitRG/shard-0/SplitLargeReadGroup/65a0817c-b7bd-41d3-bacb-fe4a53dd1d0c/call-SamToFastqAndDragmapAndMba/shard-14/inputs/-1290198700/hash_table.cfg.bin /cromwell-executions1/WholeGenomeGermlineSingleSample/65770c70-ea3c-408d-89af-64bb732a3e17/call-UnmappedBamToAlignedBam/UnmappedBamToAlignedBam/88f7677e-709b-4272-b457-7b49bce16cb7/call-SplitRG/shard-0/SplitLargeReadGroup/65a0817c-b7bd-41d3-bacb-fe4a53dd1d0c/call-SamToFastqAndDragmapAndMba/shard-14/inputs/-1290198700/hash_table.cmp dragen_reference
+ dragen-os -b /cromwell-executions1/WholeGenomeGermlineSingleSample/65770c70-ea3c-408d-89af-64bb732a3e17/call-UnmappedBamToAlignedBam/UnmappedBamToAlignedBam/88f7677e-709b-4272-b457-7b49bce16cb7/call-SplitRG/shard-0/SplitLargeReadGroup/65a0817c-b7bd-41d3-bacb-fe4a53dd1d0c/call-SamToFastqAndDragmapAndMba/shard-14/inputs/1099139892/shard_0015.bam -r dragen_reference --interleaved=1 --preserve-map-align-order true
+ samtools view -h -O BAM -
++ tee shard_0015.dragmap.stderr.log
dragenos -r <reference> -b <base calls> [optional arguments]

Command line options:
  --Aligner.pe-orientation arg                    Expected paired-end 
                                                  orientation: 0=FR, 1=RF, 2=FF
  --Aligner.pe-stat-mean-insert arg (=0)          Expected mean of the insert 
                                                  size
  --Aligner.pe-stat-mean-read-len arg (=0)        When setting paired-end 
                                                  insert stats, the expected 
                                                  mean read length
  --Aligner.pe-stat-quartiles-insert arg          Q25, Q50, and Q75 quartiles 
                                                  for the insert size
  --Aligner.pe-stat-stddev-insert arg (=0)        Expected standard deviation 
                                                  of the insert size
  --Aligner.rescue-ceil-factor arg (=3)           For tuning the rescue scan 
                                                  window maximum ceiling
  --Aligner.rescue-sigmas arg (=0)                For tuning the rescue scan 
                                                  window
  --Aligner.sec-aligns arg (=0)                   Maximum secondary 
                                                  (suboptimal) alignments to 
                                                  report per read
  --Aligner.
Job SplitLargeReadGroup.SamToFastqAndDragmapAndMba:1:1 exited with return code 1 which has not been declared as a valid return code. See 'continueOnReturnCode' runtime attribute for more details.
Check the content of stderr for potential additional information: /home/darja/workflow/cromwell-executions1/WholeGenomeGermlineSingleSample/65770c70-ea3c-408d-89af-64bb732a3e17/call-UnmappedBamToAlignedBam/UnmappedBamToAlignedBam/88f7677e-709b-4272-b457-7b49bce16cb7/call-SplitRG/shard-0/SplitLargeReadGroup/65a0817c-b7bd-41d3-bacb-fe4a53dd1d0c/call-SamToFastqAndDragmapAndMba/shard-1/execution/stderr.
 [First 3000 bytes]:++ dragen-os --version
+ DRAGMAP_VERSION=UNKNOWN
+ '[' -z UNKNOWN ']'
+ mkdir dragen_reference
+ mv /cromwell-executions1/WholeGenomeGermlineSingleSample/65770c70-ea3c-408d-89af-64bb732a3e17/call-UnmappedBamToAlignedBam/UnmappedBamToAlignedBam/88f7677e-709b-4272-b457-7b49bce16cb7/call-SplitRG/shard-0/SplitLargeReadGroup/65a0817c-b7bd-41d3-bacb-fe4a53dd1d0c/call-SamToFastqAndDragmapAndMba/shard-1/inputs/-1290198700/reference.bin /cromwell-executions1/WholeGenomeGermlineSingleSample/65770c70-ea3c-408d-89af-64bb732a3e17/call-UnmappedBamToAlignedBam/UnmappedBamToAlignedBam/88f7677e-709b-4272-b457-7b49bce16cb7/call-SplitRG/shard-0/SplitLargeReadGroup/65a0817c-b7bd-41d3-bacb-fe4a53dd1d0c/call-SamToFastqAndDragmapAndMba/shard-1/inputs/-1290198700/hash_table.cfg.bin /cromwell-executions1/WholeGenomeGermlineSingleSample/65770c70-ea3c-408d-89af-64bb732a3e17/call-UnmappedBamToAlignedBam/UnmappedBamToAlignedBam/88f7677e-709b-4272-b457-7b49bce16cb7/call-SplitRG/shard-0/SplitLargeReadGroup/65a0817c-b7bd-41d3-bacb-fe4a53dd1d0c/call-SamToFastqAndDragmapAndMba/shard-1/inputs/-1290198700/hash_table.cmp dragen_reference
+ dragen-os -b /cromwell-executions1/WholeGenomeGermlineSingleSample/65770c70-ea3c-408d-89af-64bb732a3e17/call-UnmappedBamToAlignedBam/UnmappedBamToAlignedBam/88f7677e-709b-4272-b457-7b49bce16cb7/call-SplitRG/shard-0/SplitLargeReadGroup/65a0817c-b7bd-41d3-bacb-fe4a53dd1d0c/call-SamToFastqAndDragmapAndMba/shard-1/inputs/1099139892/shard_0002.bam -r dragen_reference --interleaved=1 --preserve-map-align-order true
+ samtools view -h -O BAM -
++ tee shard_0002.dragmap.stderr.log
dragenos -r <reference> -b <base calls> [optional arguments]

Command line options:
  --Aligner.pe-orientation arg                    Expected paired-end 
                                                  orientation: 0=FR, 1=RF, 2=FF
  --Aligner.pe-stat-mean-insert arg (=0)          Expected mean of the insert 
                                                  size
  --Aligner.pe-stat-mean-read-len arg (=0)        When setting paired-end 
                                                  insert stats, the expected 
                                                  mean read length
  --Aligner.pe-stat-quartiles-insert arg          Q25, Q50, and Q75 quartiles 
                                                  for the insert size
  --Aligner.pe-stat-stddev-insert arg (=0)        Expected standard deviation 
                                                  of the insert size
  --Aligner.rescue-ceil-factor arg (=3)           For tuning the rescue scan 
                                                  window maximum ceiling
  --Aligner.rescue-sigmas arg (=0)                For tuning the rescue scan 
                                                  window
  --Aligner.sec-aligns arg (=0)                   Maximum secondary 
                                                  (suboptimal) alignments to 
                                                  report per read
  --Aligner.sec-
Job SplitLargeReadGroup.SamToFastqAndDragmapAndMba:17:1 exited with return code 1 which has not been declared as a valid return code. See 'continueOnReturnCode' runtime attribute for more details.
Check the content of stderr for potential additional information: /home/darja/workflow/cromwell-executions1/WholeGenomeGermlineSingleSample/65770c70-ea3c-408d-89af-64bb732a3e17/call-UnmappedBamToAlignedBam/UnmappedBamToAlignedBam/88f7677e-709b-4272-b457-7b49bce16cb7/call-SplitRG/shard-0/SplitLargeReadGroup/65a0817c-b7bd-41d3-bacb-fe4a53dd1d0c/call-SamToFastqAndDragmapAndMba/shard-17/execution/stderr.
 [First 3000 bytes]:++ dragen-os --version
+ DRAGMAP_VERSION=UNKNOWN
+ '[' -z UNKNOWN ']'
+ mkdir dragen_reference
+ mv /cromwell-executions1/WholeGenomeGermlineSingleSample/65770c70-ea3c-408d-89af-64bb732a3e17/call-UnmappedBamToAlignedBam/UnmappedBamToAlignedBam/88f7677e-709b-4272-b457-7b49bce16cb7/call-SplitRG/shard-0/SplitLargeReadGroup/65a0817c-b7bd-41d3-bacb-fe4a53dd1d0c/call-SamToFastqAndDragmapAndMba/shard-17/inputs/-1290198700/reference.bin /cromwell-executions1/WholeGenomeGermlineSingleSample/65770c70-ea3c-408d-89af-64bb732a3e17/call-UnmappedBamToAlignedBam/UnmappedBamToAlignedBam/88f7677e-709b-4272-b457-7b49bce16cb7/call-SplitRG/shard-0/SplitLargeReadGroup/65a0817c-b7bd-41d3-bacb-fe4a53dd1d0c/call-SamToFastqAndDragmapAndMba/shard-17/inputs/-1290198700/hash_table.cfg.bin /cromwell-executions1/WholeGenomeGermlineSingleSample/65770c70-ea3c-408d-89af-64bb732a3e17/call-UnmappedBamToAlignedBam/UnmappedBamToAlignedBam/88f7677e-709b-4272-b457-7b49bce16cb7/call-SplitRG/shard-0/SplitLargeReadGroup/65a0817c-b7bd-41d3-bacb-fe4a53dd1d0c/call-SamToFastqAndDragmapAndMba/shard-17/inputs/-1290198700/hash_table.cmp dragen_reference
+ dragen-os -b /cromwell-executions1/WholeGenomeGermlineSingleSample/65770c70-ea3c-408d-89af-64bb732a3e17/call-UnmappedBamToAlignedBam/UnmappedBamToAlignedBam/88f7677e-709b-4272-b457-7b49bce16cb7/call-SplitRG/shard-0/SplitLargeReadGroup/65a0817c-b7bd-41d3-bacb-fe4a53dd1d0c/call-SamToFastqAndDragmapAndMba/shard-17/inputs/1099139892/shard_0018.bam -r dragen_reference --interleaved=1 --preserve-map-align-order true
+ samtools view -h -O BAM -
++ tee shard_0018.dragmap.stderr.log
dragenos -r <reference> -b <base calls> [optional arguments]

Command line options:
  --Aligner.pe-orientation arg                    Expected paired-end 
                                                  orientation: 0=FR, 1=RF, 2=FF
  --Aligner.pe-stat-mean-insert arg (=0)          Expected mean of the insert 
                                                  size
  --Aligner.pe-stat-mean-read-len arg (=0)        When setting paired-end 
                                                  insert stats, the expected 
                                                  mean read length
  --Aligner.pe-stat-quartiles-insert arg          Q25, Q50, and Q75 quartiles 
                                                  for the insert size
  --Aligner.pe-stat-stddev-insert arg (=0)        Expected standard deviation 
                                                  of the insert size
  --Aligner.rescue-ceil-factor arg (=3)           For tuning the rescue scan 
                                                  window maximum ceiling
  --Aligner.rescue-sigmas arg (=0)                For tuning the rescue scan 
                                                  window
  --Aligner.sec-aligns arg (=0)                   Maximum secondary 
                                                  (suboptimal) alignments to 
                                                  report per read
  --Aligner.
Job SplitLargeReadGroup.SamToFastqAndDragmapAndMba:13:1 exited with return code 1 which has not been declared as a valid return code. See 'continueOnReturnCode' runtime attribute for more details.
Check the content of stderr for potential additional information: /home/darja/workflow/cromwell-executions1/WholeGenomeGermlineSingleSample/65770c70-ea3c-408d-89af-64bb732a3e17/call-UnmappedBamToAlignedBam/UnmappedBamToAlignedBam/88f7677e-709b-4272-b457-7b49bce16cb7/call-SplitRG/shard-0/SplitLargeReadGroup/65a0817c-b7bd-41d3-bacb-fe4a53dd1d0c/call-SamToFastqAndDragmapAndMba/shard-13/execution/stderr.
 [First 3000 bytes]:++ dragen-os --version
+ DRAGMAP_VERSION=UNKNOWN
+ '[' -z UNKNOWN ']'
+ mkdir dragen_reference
+ mv /cromwell-executions1/WholeGenomeGermlineSingleSample/65770c70-ea3c-408d-89af-64bb732a3e17/call-UnmappedBamToAlignedBam/UnmappedBamToAlignedBam/88f7677e-709b-4272-b457-7b49bce16cb7/call-SplitRG/shard-0/SplitLargeReadGroup/65a0817c-b7bd-41d3-bacb-fe4a53dd1d0c/call-SamToFastqAndDragmapAndMba/shard-13/inputs/-1290198700/reference.bin /cromwell-executions1/WholeGenomeGermlineSingleSample/65770c70-ea3c-408d-89af-64bb732a3e17/call-UnmappedBamToAlignedBam/UnmappedBamToAlignedBam/88f7677e-709b-4272-b457-7b49bce16cb7/call-SplitRG/shard-0/SplitLargeReadGroup/65a0817c-b7bd-41d3-bacb-fe4a53dd1d0c/call-SamToFastqAndDragmapAndMba/shard-13/inputs/-1290198700/hash_table.cfg.bin /cromwell-executions1/WholeGenomeGermlineSingleSample/65770c70-ea3c-408d-89af-64bb732a3e17/call-UnmappedBamToAlignedBam/UnmappedBamToAlignedBam/88f7677e-709b-4272-b457-7b49bce16cb7/call-SplitRG/shard-0/SplitLargeReadGroup/65a0817c-b7bd-41d3-bacb-fe4a53dd1d0c/call-SamToFastqAndDragmapAndMba/shard-13/inputs/-1290198700/hash_table.cmp dragen_reference
+ dragen-os -b /cromwell-executions1/WholeGenomeGermlineSingleSample/65770c70-ea3c-408d-89af-64bb732a3e17/call-UnmappedBamToAlignedBam/UnmappedBamToAlignedBam/88f7677e-709b-4272-b457-7b49bce16cb7/call-SplitRG/shard-0/SplitLargeReadGroup/65a0817c-b7bd-41d3-bacb-fe4a53dd1d0c/call-SamToFastqAndDragmapAndMba/shard-13/inputs/1099139892/shard_0014.bam -r dragen_reference --interleaved=1 --preserve-map-align-order true
+ samtools view -h -O BAM -
++ tee shard_0014.dragmap.stderr.log
dragenos -r <reference> -b <base calls> [optional arguments]

Command line options:
  --Aligner.pe-orientation arg                    Expected paired-end 
                                                  orientation: 0=FR, 1=RF, 2=FF
  --Aligner.pe-stat-mean-insert arg (=0)          Expected mean of the insert 
                                                  size
  --Aligner.pe-stat-mean-read-len arg (=0)        When setting paired-end 
                                                  insert stats, the expected 
                                                  mean read length
  --Aligner.pe-stat-quartiles-insert arg          Q25, Q50, and Q75 quartiles 
                                                  for the insert size
  --Aligner.pe-stat-stddev-insert arg (=0)        Expected standard deviation 
                                                  of the insert size
  --Aligner.rescue-ceil-factor arg (=3)           For tuning the rescue scan 
                                                  window maximum ceiling
  --Aligner.rescue-sigmas arg (=0)                For tuning the rescue scan 
                                                  window
  --Aligner.sec-aligns arg (=0)                   Maximum secondary 
                                                  (suboptimal) alignments to 
                                                  report per read
  --Aligner.
[2026-02-23 15:02:08,88] [info] WorkflowManagerActor: Workflow actor for 65770c70-ea3c-408d-89af-64bb732a3e17 completed with status 'Failed'. The workflow will be removed from the workflow store.
[2026-02-23 15:02:21,33] [info] SingleWorkflowRunnerActor workflow finished with status 'Failed'.
[2026-02-23 15:02:23,87] [info] Workflow polling stopped
[2026-02-23 15:02:23,89] [info] 0 workflows released by cromid-73ec819
[2026-02-23 15:02:23,89] [info] Shutting down WorkflowStoreActor - Timeout = 5 seconds
[2026-02-23 15:02:23,89] [info] Shutting down WorkflowLogCopyRouter - Timeout = 5 seconds
[2026-02-23 15:02:23,89] [info] Shutting down JobExecutionTokenDispenser - Timeout = 5 seconds
[2026-02-23 15:02:23,89] [info] JobExecutionTokenDispenser stopped
[2026-02-23 15:02:23,90] [info] Aborting all running workflows.
[2026-02-23 15:02:23,90] [info] WorkflowStoreActor stopped
[2026-02-23 15:02:23,90] [info] WorkflowLogCopyRouter stopped
[2026-02-23 15:02:23,90] [info] Shutting down WorkflowManagerActor - Timeout = 3600 seconds
[2026-02-23 15:02:23,90] [info] WorkflowManagerActor: All workflows finished
[2026-02-23 15:02:23,90] [info] WorkflowManagerActor stopped
[2026-02-23 15:02:24,06] [info] Connection pools shut down
[2026-02-23 15:02:24,06] [info] Shutting down SubWorkflowStoreActor - Timeout = 1800 seconds
[2026-02-23 15:02:24,06] [info] Shutting down JobStoreActor - Timeout = 1800 seconds
[2026-02-23 15:02:24,06] [info] Shutting down CallCacheWriteActor - Timeout = 1800 seconds
[2026-02-23 15:02:24,06] [info] Shutting down ServiceRegistryActor - Timeout = 1800 seconds
[2026-02-23 15:02:24,06] [info] Shutting down DockerHashActor - Timeout = 1800 seconds
[2026-02-23 15:02:24,06] [info] Shutting down IoProxy - Timeout = 1800 seconds
[2026-02-23 15:02:24,06] [info] SubWorkflowStoreActor stopped
[2026-02-23 15:02:24,06] [info] CallCacheWriteActor Shutting down: 0 queued messages to process
[2026-02-23 15:02:24,06] [info] JobStoreActor stopped
[2026-02-23 15:02:24,07] [info] CallCacheWriteActor stopped
[2026-02-23 15:02:24,07] [info] WriteMetadataActor Shutting down: 0 queued messages to process
[2026-02-23 15:02:24,07] [info] KvWriteActor Shutting down: 0 queued messages to process
[2026-02-23 15:02:24,07] [info] IoProxy stopped
[2026-02-23 15:02:24,07] [info] DockerHashActor stopped
[2026-02-23 15:02:24,07] [info] ServiceRegistryActor stopped
[2026-02-23 15:02:24,08] [info] Shutting down connection pool: curAllocated=1 idleQueues.size=1 waitQueue.size=0 maxWaitQueueLimit=256 closed=false
[2026-02-23 15:02:24,08] [info] Shutting down connection pool: curAllocated=0 idleQueues.size=0 waitQueue.size=0 maxWaitQueueLimit=256 closed=false
[2026-02-23 15:02:24,08] [info] Shutting down connection pool: curAllocated=0 idleQueues.size=0 waitQueue.size=0 maxWaitQueueLimit=256 closed=false
[2026-02-23 15:02:24,09] [info] Database closed
[2026-02-23 15:02:24,09] [info] Stream materializer shut down
[2026-02-23 15:02:24,09] [info] WDL HTTP import resolver closed
Workflow 65770c70-ea3c-408d-89af-64bb732a3e17 transitioned to state Failed
