[2026-02-23 23:14:05,84] [info] Running with database db.url = jdbc:hsqldb:mem:1a99b0ea-a727-45cc-97b0-073cfe373b9c;shutdown=false;hsqldb.tx=mvcc
[2026-02-23 23:14:08,30] [info] Running migration RenameWorkflowOptionsInMetadata with a read batch size of 100000 and a write batch size of 100000
[2026-02-23 23:14:08,32] [info] [RenameWorkflowOptionsInMetadata] 100%
[2026-02-23 23:14:08,59] [info] Running with database db.url = jdbc:hsqldb:mem:00acbd2b-81bd-4c19-b605-c3ec8c99fe09;shutdown=false;hsqldb.tx=mvcc
[2026-02-23 23:14:09,07] [info] Slf4jLogger started
[2026-02-23 23:14:09,25] [info] Workflow heartbeat configuration:
{
  "cromwellId" : "cromid-0b1c958",
  "heartbeatInterval" : "2 minutes",
  "ttl" : "10 minutes",
  "failureShutdownDuration" : "5 minutes",
  "writeBatchSize" : 10000,
  "writeThreshold" : 10000
}
[2026-02-23 23:14:09,33] [info] KvWriteActor configured to flush with batch size 200 and process rate 5 seconds.
[2026-02-23 23:14:09,33] [info] WriteMetadataActor configured to flush with batch size 200 and process rate 5 seconds.
[2026-02-23 23:14:09,33] [info] Metadata summary refreshing every 1 second.
[2026-02-23 23:14:09,33] [info] No metadata archiver defined in config
[2026-02-23 23:14:09,33] [info] No metadata deleter defined in config
[2026-02-23 23:14:09,37] [info] CallCacheWriteActor configured to flush with batch size 100 and process rate 3 seconds.
[2026-02-23 23:14:09,43] [info] JobRestartCheckTokenDispenser - Distribution rate: 50 per 1 seconds.
[2026-02-23 23:14:09,45] [info] JobExecutionTokenDispenser - Distribution rate: 20 per 10 seconds.
[2026-02-23 23:14:09,45] [info] GroupMetricsActor configured to log groups experiencing quota exhaustion at interval of 5 minutes.
[2026-02-23 23:14:09,49] [info] SingleWorkflowRunnerActor: Version 91
[2026-02-23 23:14:09,49] [info] SingleWorkflowRunnerActor: Submitting workflow
[2026-02-23 23:14:09,52] [info] 1 new workflows fetched by cromid-0b1c958: 06160bfb-7bc0-413b-9ba8-6a78ff6325b1
[2026-02-23 23:14:09,54] [info] WorkflowManagerActor: Starting workflow [38;5;2m06160bfb-7bc0-413b-9ba8-6a78ff6325b1[0m
[2026-02-23 23:14:09,54] [info] Unspecified type (Unspecified version) workflow 06160bfb-7bc0-413b-9ba8-6a78ff6325b1 submitted
[2026-02-23 23:14:09,55] [info] WorkflowManagerActor: Successfully started WorkflowActor-06160bfb-7bc0-413b-9ba8-6a78ff6325b1
[2026-02-23 23:14:09,55] [info] Retrieved 1 workflows from the WorkflowStoreActor
[2026-02-23 23:14:09,57] [info] SingleWorkflowRunnerActor: Workflow submitted [38;5;2m06160bfb-7bc0-413b-9ba8-6a78ff6325b1[0m
[2026-02-23 23:14:09,58] [info] WorkflowStoreHeartbeatWriteActor configured to flush with batch size 10000 and process rate 2 minutes.
[2026-02-23 23:14:09,71] [info] MaterializeWorkflowDescriptorActor [[38;5;2m06160bfb[0m]: Parsing workflow as WDL 1.0
[2026-02-23 23:14:11,51] [info] MaterializeWorkflowDescriptorActor [[38;5;2m06160bfb[0m]: Call-to-Backend assignments: VariantCalling.ScatterIntervalList -> LocalWithDocker, WholeGenomeGermlineSingleSample.DragenModeVariantCallingAndGATK3Error -> LocalWithDocker, AggregatedBamQC.CollectReadgroupBamQualityMetrics -> LocalWithDocker, UnmappedBamToAlignedBam.SortSampleBam -> LocalWithDocker, SplitLargeReadGroup.SamToFastqAndDragmapAndMba -> LocalWithDocker, VariantCalling.MergeBamouts -> LocalWithDocker, VariantCalling.Reblock -> LocalWithDocker, BamToCram.ValidateCram -> LocalWithDocker, AggregatedBamQC.CalculateReadGroupChecksum -> LocalWithDocker, UnmappedBamToAlignedBam.CrossCheckFingerprints -> LocalWithDocker, UnmappedBamToAlignedBam.SamToFastqAndDragmapAndMba -> LocalWithDocker, SplitLargeReadGroup.SamToFastqAndBwaMemAndMba -> LocalWithDocker, VariantCalling.HaplotypeCallerGATK4 -> LocalWithDocker, UnmappedBamToAlignedBam.CollectUnsortedReadgroupBamQualityMetrics -> LocalWithDocker, VariantCalling.SortBamout -> LocalWithDocker, VariantCalling.CollectVariantCallingMetrics -> LocalWithDocker, VariantCalling.ValidateVCF -> LocalWithDocker, UnmappedBamToAlignedBam.ApplyBQSR -> LocalWithDocker, WholeGenomeGermlineSingleSample.PresetArgumentsError -> LocalWithDocker, VariantCalling.ErrorMessageIncorrectInput -> LocalWithDocker, BamToCram.CheckPreValidation -> LocalWithDocker, VariantCalling.HaplotypeCallerGATK3 -> LocalWithDocker, AggregatedBamQC.CollectAggregationMetrics -> LocalWithDocker, VariantCalling.DragenHardFilterVcf -> LocalWithDocker, UnmappedBamToAlignedBam.BaseRecalibrator -> LocalWithDocker, WholeGenomeGermlineSingleSample.CollectRawWgsMetrics -> LocalWithDocker, UnmappedBamToAlignedBam.MarkDuplicates -> LocalWithDocker, UnmappedBamToAlignedBam.CollectQualityYieldMetrics -> LocalWithDocker, SplitLargeReadGroup.SamSplitter -> LocalWithDocker, BamToCram.ConvertToCram -> LocalWithDocker, UnmappedBamToAlignedBam.GatherBqsrReports -> LocalWithDocker, VariantCalling.DragstrAutoCalibration -> LocalWithDocker, SplitLargeReadGroup.GatherMonolithicBamFile -> LocalWithDocker, VariantCalling.MergeVCFs -> LocalWithDocker, WholeGenomeGermlineSingleSample.CollectWgsMetrics -> LocalWithDocker, UnmappedBamToAlignedBam.CreateSequenceGroupingTSV -> LocalWithDocker, UnmappedBamToAlignedBam.CheckContamination -> LocalWithDocker, UnmappedBamToAlignedBam.SamToFastqAndBwaMemAndMba -> LocalWithDocker, AggregatedBamQC.CheckFingerprintTask -> LocalWithDocker, UnmappedBamToAlignedBam.GatherBamFiles -> LocalWithDocker
[2026-02-23 23:14:11,68] [[38;5;220mwarn[0m] LocalWithDocker [[38;5;2m06160bfb[0m]: Key/s [memory] is/are not supported by backend. Unsupported attributes will not be part of job executions.
[2026-02-23 23:14:11,68] [[38;5;220mwarn[0m] LocalWithDocker [[38;5;2m06160bfb[0m]: Key/s [memory, disks, preemptible] is/are not supported by backend. Unsupported attributes will not be part of job executions.
[2026-02-23 23:14:11,68] [[38;5;220mwarn[0m] LocalWithDocker [[38;5;2m06160bfb[0m]: Key/s [preemptible, disks, cpu, memory] is/are not supported by backend. Unsupported attributes will not be part of job executions.
[2026-02-23 23:14:11,68] [[38;5;220mwarn[0m] LocalWithDocker [[38;5;2m06160bfb[0m]: Key/s [preemptible, disks, cpu, memory] is/are not supported by backend. Unsupported attributes will not be part of job executions.
[2026-02-23 23:14:11,68] [[38;5;220mwarn[0m] LocalWithDocker [[38;5;2m06160bfb[0m]: Key/s [preemptible, disks, cpu, memory] is/are not supported by backend. Unsupported attributes will not be part of job executions.
[2026-02-23 23:14:11,69] [[38;5;220mwarn[0m] LocalWithDocker [[38;5;2m06160bfb[0m]: Key/s [preemptible, bootDiskSizeGb, disks, memory] is/are not supported by backend. Unsupported attributes will not be part of job executions.
[2026-02-23 23:14:11,69] [[38;5;220mwarn[0m] LocalWithDocker [[38;5;2m06160bfb[0m]: Key/s [preemptible, memory, disks] is/are not supported by backend. Unsupported attributes will not be part of job executions.
[2026-02-23 23:14:11,69] [[38;5;220mwarn[0m] LocalWithDocker [[38;5;2m06160bfb[0m]: Key/s [preemptible, memory, disks] is/are not supported by backend. Unsupported attributes will not be part of job executions.
[2026-02-23 23:14:11,69] [[38;5;220mwarn[0m] LocalWithDocker [[38;5;2m06160bfb[0m]: Key/s [preemptible, memory, disks] is/are not supported by backend. Unsupported attributes will not be part of job executions.
[2026-02-23 23:14:11,69] [[38;5;220mwarn[0m] LocalWithDocker [[38;5;2m06160bfb[0m]: Key/s [preemptible, disks, cpu, memory] is/are not supported by backend. Unsupported attributes will not be part of job executions.
[2026-02-23 23:14:11,69] [[38;5;220mwarn[0m] LocalWithDocker [[38;5;2m06160bfb[0m]: Key/s [preemptible, disks, cpu, memory] is/are not supported by backend. Unsupported attributes will not be part of job executions.
[2026-02-23 23:14:11,69] [[38;5;220mwarn[0m] LocalWithDocker [[38;5;2m06160bfb[0m]: Key/s [preemptible, bootDiskSizeGb, disks, cpu, memory] is/are not supported by backend. Unsupported attributes will not be part of job executions.
[2026-02-23 23:14:11,69] [[38;5;220mwarn[0m] LocalWithDocker [[38;5;2m06160bfb[0m]: Key/s [memory, disks, preemptible] is/are not supported by backend. Unsupported attributes will not be part of job executions.
[2026-02-23 23:14:11,69] [[38;5;220mwarn[0m] LocalWithDocker [[38;5;2m06160bfb[0m]: Key/s [preemptible, disks, cpu, memory] is/are not supported by backend. Unsupported attributes will not be part of job executions.
[2026-02-23 23:14:11,69] [[38;5;220mwarn[0m] LocalWithDocker [[38;5;2m06160bfb[0m]: Key/s [preemptible, memory, disks] is/are not supported by backend. Unsupported attributes will not be part of job executions.
[2026-02-23 23:14:11,69] [[38;5;220mwarn[0m] LocalWithDocker [[38;5;2m06160bfb[0m]: Key/s [preemptible, bootDiskSizeGb, disks, memory] is/are not supported by backend. Unsupported attributes will not be part of job executions.
[2026-02-23 23:14:11,69] [[38;5;220mwarn[0m] LocalWithDocker [[38;5;2m06160bfb[0m]: Key/s [preemptible, bootDiskSizeGb, disks, memory] is/are not supported by backend. Unsupported attributes will not be part of job executions.
[2026-02-23 23:14:11,69] [[38;5;220mwarn[0m] LocalWithDocker [[38;5;2m06160bfb[0m]: Key/s [preemptible, memory] is/are not supported by backend. Unsupported attributes will not be part of job executions.
[2026-02-23 23:14:11,69] [[38;5;220mwarn[0m] LocalWithDocker [[38;5;2m06160bfb[0m]: Key/s [preemptible, disks, cpu, memory] is/are not supported by backend. Unsupported attributes will not be part of job executions.
[2026-02-23 23:14:11,69] [[38;5;220mwarn[0m] LocalWithDocker [[38;5;2m06160bfb[0m]: Key/s [memory, disks, preemptible] is/are not supported by backend. Unsupported attributes will not be part of job executions.
[2026-02-23 23:14:11,69] [[38;5;220mwarn[0m] LocalWithDocker [[38;5;2m06160bfb[0m]: Key/s [preemptible, bootDiskSizeGb, disks, memory] is/are not supported by backend. Unsupported attributes will not be part of job executions.
[2026-02-23 23:14:11,69] [[38;5;220mwarn[0m] LocalWithDocker [[38;5;2m06160bfb[0m]: Key/s [preemptible, bootDiskSizeGb, disks, memory] is/are not supported by backend. Unsupported attributes will not be part of job executions.
[2026-02-23 23:14:11,69] [[38;5;220mwarn[0m] LocalWithDocker [[38;5;2m06160bfb[0m]: Key/s [preemptible, memory, disks] is/are not supported by backend. Unsupported attributes will not be part of job executions.
[2026-02-23 23:14:11,69] [[38;5;220mwarn[0m] LocalWithDocker [[38;5;2m06160bfb[0m]: Key/s [preemptible, memory, disks] is/are not supported by backend. Unsupported attributes will not be part of job executions.
[2026-02-23 23:14:11,69] [[38;5;220mwarn[0m] LocalWithDocker [[38;5;2m06160bfb[0m]: Key/s [disks, memory, preemptible] is/are not supported by backend. Unsupported attributes will not be part of job executions.
[2026-02-23 23:14:11,69] [[38;5;220mwarn[0m] LocalWithDocker [[38;5;2m06160bfb[0m]: Key/s [preemptible, memory, disks] is/are not supported by backend. Unsupported attributes will not be part of job executions.
[2026-02-23 23:14:11,69] [[38;5;220mwarn[0m] LocalWithDocker [[38;5;2m06160bfb[0m]: Key/s [preemptible, disks, cpu, memory] is/are not supported by backend. Unsupported attributes will not be part of job executions.
[2026-02-23 23:14:11,69] [[38;5;220mwarn[0m] LocalWithDocker [[38;5;2m06160bfb[0m]: Key/s [preemptible, bootDiskSizeGb, disks, memory] is/are not supported by backend. Unsupported attributes will not be part of job executions.
[2026-02-23 23:14:11,69] [[38;5;220mwarn[0m] LocalWithDocker [[38;5;2m06160bfb[0m]: Key/s [preemptible, disks, cpu, memory] is/are not supported by backend. Unsupported attributes will not be part of job executions.
[2026-02-23 23:14:11,69] [[38;5;220mwarn[0m] LocalWithDocker [[38;5;2m06160bfb[0m]: Key/s [preemptible, memory, disks] is/are not supported by backend. Unsupported attributes will not be part of job executions.
[2026-02-23 23:14:11,70] [[38;5;220mwarn[0m] LocalWithDocker [[38;5;2m06160bfb[0m]: Key/s [preemptible, memory, disks] is/are not supported by backend. Unsupported attributes will not be part of job executions.
[2026-02-23 23:14:11,70] [[38;5;220mwarn[0m] LocalWithDocker [[38;5;2m06160bfb[0m]: Key/s [preemptible, memory, disks] is/are not supported by backend. Unsupported attributes will not be part of job executions.
[2026-02-23 23:14:11,70] [[38;5;220mwarn[0m] LocalWithDocker [[38;5;2m06160bfb[0m]: Key/s [preemptible, memory] is/are not supported by backend. Unsupported attributes will not be part of job executions.
[2026-02-23 23:14:11,70] [[38;5;220mwarn[0m] LocalWithDocker [[38;5;2m06160bfb[0m]: Key/s [preemptible, disks, cpu, memory] is/are not supported by backend. Unsupported attributes will not be part of job executions.
[2026-02-23 23:14:11,70] [[38;5;220mwarn[0m] LocalWithDocker [[38;5;2m06160bfb[0m]: Key/s [preemptible, disks, cpu, memory] is/are not supported by backend. Unsupported attributes will not be part of job executions.
[2026-02-23 23:14:11,70] [[38;5;220mwarn[0m] LocalWithDocker [[38;5;2m06160bfb[0m]: Key/s [disks, memory, preemptible] is/are not supported by backend. Unsupported attributes will not be part of job executions.
[2026-02-23 23:14:11,70] [[38;5;220mwarn[0m] LocalWithDocker [[38;5;2m06160bfb[0m]: Key/s [preemptible, memory, disks] is/are not supported by backend. Unsupported attributes will not be part of job executions.
[2026-02-23 23:14:14,44] [info] Not triggering log of restart checking token queue status. Effective log interval = None
[2026-02-23 23:14:14,46] [info] Not triggering log of execution token queue status. Effective log interval = None
[2026-02-23 23:14:14,95] [info] 06160bfb-7bc0-413b-9ba8-6a78ff6325b1-SubWorkflowExecutionActor-SubWorkflow-UnmappedBamToAlignedBam:-1:1 [[38;5;2m06160bfb[0mSubWorkflow-UnmappedBamToAlignedBam:-1:1]: Running subworkflow: e5dd9295-79be-4223-84e9-2c3cbc52bcd0, root: 06160bfb-7bc0-413b-9ba8-6a78ff6325b1
[2026-02-23 23:14:17,00] [info] e5dd9295-79be-4223-84e9-2c3cbc52bcd0-SubWorkflowActor-SubWorkflow-UnmappedBamToAlignedBam:-1:1 [[38;5;2me5dd9295[0m]: Starting UnmappedBamToAlignedBam.CreateSequenceGroupingTSV
[2026-02-23 23:14:19,47] [info] Assigned new job execution tokens to the following groups: 06160bfb: 1
[2026-02-23 23:14:20,17] [info] e5dd9295-79be-4223-84e9-2c3cbc52bcd0-SubWorkflowActor-SubWorkflow-UnmappedBamToAlignedBam:-1:1 [[38;5;2me5dd9295[0m]: Starting UnmappedBamToAlignedBam.CollectQualityYieldMetrics
[2026-02-23 23:14:20,89] [[38;5;220mwarn[0m] BackgroundConfigAsyncJobExecutionActor [[38;5;2me5dd9295[0mUnmappedBamToAlignedBam.CreateSequenceGroupingTSV:NA:1]: Unrecognized runtime attribute keys: preemptible, memory
[2026-02-23 23:14:20,98] [info] BackgroundConfigAsyncJobExecutionActor [[38;5;2me5dd9295[0mUnmappedBamToAlignedBam.CreateSequenceGroupingTSV:NA:1]: [38;5;5mpython3 <<CODE
with open("/cromwell-executions1/WholeGenomeGermlineSingleSample/06160bfb-7bc0-413b-9ba8-6a78ff6325b1/call-UnmappedBamToAlignedBam/UnmappedBamToAlignedBam/e5dd9295-79be-4223-84e9-2c3cbc52bcd0/call-CreateSequenceGroupingTSV/inputs/-1569105944/Homo_sapiens_assembly38_masked.dict", "r") as ref_dict_file:
    sequence_tuple_list = []
    longest_sequence = 0
    for line in ref_dict_file:
        if line.startswith("@SQ"):
            line_split = line.split("\t")
            # (Sequence_Name, Sequence_Length)
            sequence_tuple_list.append((line_split[1].split("SN:")[1], int(line_split[2].split("LN:")[1])))
    longest_sequence = sorted(sequence_tuple_list, key=lambda x: x[1], reverse=True)[0][1]
# We are adding this to the intervals because hg38 has contigs named with embedded colons and a bug in GATK strips off
# the last element after a :, so we add this as a sacrificial element.
hg38_protection_tag = ":1+"
# initialize the tsv string with the first sequence
tsv_string = sequence_tuple_list[0][0] + hg38_protection_tag
temp_size = sequence_tuple_list[0][1]
for sequence_tuple in sequence_tuple_list[1:]:
    if temp_size + sequence_tuple[1] <= longest_sequence:
        temp_size += sequence_tuple[1]
        tsv_string += "\t" + sequence_tuple[0] + hg38_protection_tag
    else:
        tsv_string += "\n" + sequence_tuple[0] + hg38_protection_tag
        temp_size = sequence_tuple[1]
# add the unmapped sequences as a separate line to ensure that they are recalibrated as well
with open("sequence_grouping.txt","w") as tsv_file:
  tsv_file.write(tsv_string)
  tsv_file.close()

tsv_string += '\n' + "unmapped"

with open("sequence_grouping_with_unmapped.txt","w") as tsv_file_with_unmapped:
  tsv_file_with_unmapped.write(tsv_string)
  tsv_file_with_unmapped.close()
CODE[0m
[2026-02-23 23:14:21,08] [info] BackgroundConfigAsyncJobExecutionActor [[38;5;2me5dd9295[0mUnmappedBamToAlignedBam.CreateSequenceGroupingTSV:NA:1]: executing: # make sure there is no preexisting Docker CID file
rm -f /home/darja/workflow/cromwell-executions1/WholeGenomeGermlineSingleSample/06160bfb-7bc0-413b-9ba8-6a78ff6325b1/call-UnmappedBamToAlignedBam/UnmappedBamToAlignedBam/e5dd9295-79be-4223-84e9-2c3cbc52bcd0/call-CreateSequenceGroupingTSV/execution/docker_cid
# run as in the original configuration without --rm flag (will remove later)
docker run \
  --cidfile /home/darja/workflow/cromwell-executions1/WholeGenomeGermlineSingleSample/06160bfb-7bc0-413b-9ba8-6a78ff6325b1/call-UnmappedBamToAlignedBam/UnmappedBamToAlignedBam/e5dd9295-79be-4223-84e9-2c3cbc52bcd0/call-CreateSequenceGroupingTSV/execution/docker_cid \
  -i \
  --user 1027:1028 \
  --cpus="64" \
  --memory="350G" \
  --entrypoint /bin/bash \
  -v /home/darja/workflow/cromwell-executions1/WholeGenomeGermlineSingleSample/06160bfb-7bc0-413b-9ba8-6a78ff6325b1/call-UnmappedBamToAlignedBam/UnmappedBamToAlignedBam/e5dd9295-79be-4223-84e9-2c3cbc52bcd0/call-CreateSequenceGroupingTSV:/cromwell-executions1/WholeGenomeGermlineSingleSample/06160bfb-7bc0-413b-9ba8-6a78ff6325b1/call-UnmappedBamToAlignedBam/UnmappedBamToAlignedBam/e5dd9295-79be-4223-84e9-2c3cbc52bcd0/call-CreateSequenceGroupingTSV \
  -v /mnt/nas1/projects/lasr/blendseq:/mnt/nas1/projects/lasr/blendseq \
  us.gcr.io/broad-dsp-gcr-public/base/python@sha256:af87295ec55957b9997a20803e5e612fe819e39be40a6cd817d696f6b758ad1a /cromwell-executions1/WholeGenomeGermlineSingleSample/06160bfb-7bc0-413b-9ba8-6a78ff6325b1/call-UnmappedBamToAlignedBam/UnmappedBamToAlignedBam/e5dd9295-79be-4223-84e9-2c3cbc52bcd0/call-CreateSequenceGroupingTSV/execution/script

# get the return code (working even if the container was detached)
rc=$(docker wait [38;5;5mcat /home/darja/workflow/cromwell-executions1/WholeGenomeGermlineSingleSample/06160bfb-7bc0-413b-9ba8-6a78ff6325b1/call-UnmappedBamToAlignedBam/UnmappedBamToAlignedBam/e5dd9295-79be-4223-84e9-2c3cbc52bcd0/call-CreateSequenceGroupingTSV/execution/docker_cid[0m)

# remove the container after waiting
docker rm [38;5;5mcat /home/darja/workflow/cromwell-executions1/WholeGenomeGermlineSingleSample/06160bfb-7bc0-413b-9ba8-6a78ff6325b1/call-UnmappedBamToAlignedBam/UnmappedBamToAlignedBam/e5dd9295-79be-4223-84e9-2c3cbc52bcd0/call-CreateSequenceGroupingTSV/execution/docker_cid[0m

# return exit code
exit $rc
[2026-02-23 23:14:22,22] [info] e5dd9295-79be-4223-84e9-2c3cbc52bcd0-SubWorkflowExecutionActor-SubWorkflow-SplitRG:0:1 [[38;5;2me5dd9295[0mSubWorkflow-SplitRG:0:1]: Running subworkflow: 0d04d95d-22fb-4959-bcd5-691d6afa1502, root: 06160bfb-7bc0-413b-9ba8-6a78ff6325b1
[2026-02-23 23:14:24,26] [info] 0d04d95d-22fb-4959-bcd5-691d6afa1502-SubWorkflowActor-SubWorkflow-SplitRG:0:1 [[38;5;2m0d04d95d[0m]: Starting SplitLargeReadGroup.SamSplitter
[2026-02-23 23:14:24,37] [info] BackgroundConfigAsyncJobExecutionActor [[38;5;2me5dd9295[0mUnmappedBamToAlignedBam.CreateSequenceGroupingTSV:NA:1]: job id: 54966
[2026-02-23 23:14:24,37] [info] BackgroundConfigAsyncJobExecutionActor [[38;5;2me5dd9295[0mUnmappedBamToAlignedBam.CreateSequenceGroupingTSV:NA:1]: Status change from - to Done
[2026-02-23 23:14:29,46] [info] Assigned new job execution tokens to the following groups: 06160bfb: 1
[2026-02-23 23:14:30,00] [[38;5;220mwarn[0m] BackgroundConfigAsyncJobExecutionActor [[38;5;2me5dd9295[0mUnmappedBamToAlignedBam.CollectQualityYieldMetrics:0:1]: Unrecognized runtime attribute keys: preemptible, disks, memory
[2026-02-23 23:14:44,74] [info] BackgroundConfigAsyncJobExecutionActor [[38;5;2me5dd9295[0mUnmappedBamToAlignedBam.CollectQualityYieldMetrics:0:1]: [38;5;5mjava -Xms2000m -Xmx3000m -jar /usr/picard/picard.jar \
  CollectQualityYieldMetrics \
  INPUT=/cromwell-executions1/WholeGenomeGermlineSingleSample/06160bfb-7bc0-413b-9ba8-6a78ff6325b1/call-UnmappedBamToAlignedBam/UnmappedBamToAlignedBam/e5dd9295-79be-4223-84e9-2c3cbc52bcd0/call-CollectQualityYieldMetrics/shard-0/inputs/1329413647/ERR3687419_ILMN.unmapped.bam \
  OQ=true \
  OUTPUT=ERR3687419_ILMN.unmapped.quality_yield_metrics[0m
[2026-02-23 23:14:44,75] [info] BackgroundConfigAsyncJobExecutionActor [[38;5;2me5dd9295[0mUnmappedBamToAlignedBam.CollectQualityYieldMetrics:0:1]: executing: # make sure there is no preexisting Docker CID file
rm -f /home/darja/workflow/cromwell-executions1/WholeGenomeGermlineSingleSample/06160bfb-7bc0-413b-9ba8-6a78ff6325b1/call-UnmappedBamToAlignedBam/UnmappedBamToAlignedBam/e5dd9295-79be-4223-84e9-2c3cbc52bcd0/call-CollectQualityYieldMetrics/shard-0/execution/docker_cid
# run as in the original configuration without --rm flag (will remove later)
docker run \
  --cidfile /home/darja/workflow/cromwell-executions1/WholeGenomeGermlineSingleSample/06160bfb-7bc0-413b-9ba8-6a78ff6325b1/call-UnmappedBamToAlignedBam/UnmappedBamToAlignedBam/e5dd9295-79be-4223-84e9-2c3cbc52bcd0/call-CollectQualityYieldMetrics/shard-0/execution/docker_cid \
  -i \
  --user 1027:1028 \
  --cpus="64" \
  --memory="350G" \
  --entrypoint /bin/bash \
  -v /home/darja/workflow/cromwell-executions1/WholeGenomeGermlineSingleSample/06160bfb-7bc0-413b-9ba8-6a78ff6325b1/call-UnmappedBamToAlignedBam/UnmappedBamToAlignedBam/e5dd9295-79be-4223-84e9-2c3cbc52bcd0/call-CollectQualityYieldMetrics/shard-0:/cromwell-executions1/WholeGenomeGermlineSingleSample/06160bfb-7bc0-413b-9ba8-6a78ff6325b1/call-UnmappedBamToAlignedBam/UnmappedBamToAlignedBam/e5dd9295-79be-4223-84e9-2c3cbc52bcd0/call-CollectQualityYieldMetrics/shard-0 \
  -v /mnt/nas1/projects/lasr/blendseq:/mnt/nas1/projects/lasr/blendseq \
  us.gcr.io/broad-gotc-prod/picard-cloud@sha256:e5ad5339080c3107c04e4a4d000b8ab06f472b77019debc3ff75499d28995b0c /cromwell-executions1/WholeGenomeGermlineSingleSample/06160bfb-7bc0-413b-9ba8-6a78ff6325b1/call-UnmappedBamToAlignedBam/UnmappedBamToAlignedBam/e5dd9295-79be-4223-84e9-2c3cbc52bcd0/call-CollectQualityYieldMetrics/shard-0/execution/script

# get the return code (working even if the container was detached)
rc=$(docker wait [38;5;5mcat /home/darja/workflow/cromwell-executions1/WholeGenomeGermlineSingleSample/06160bfb-7bc0-413b-9ba8-6a78ff6325b1/call-UnmappedBamToAlignedBam/UnmappedBamToAlignedBam/e5dd9295-79be-4223-84e9-2c3cbc52bcd0/call-CollectQualityYieldMetrics/shard-0/execution/docker_cid[0m)

# remove the container after waiting
docker rm [38;5;5mcat /home/darja/workflow/cromwell-executions1/WholeGenomeGermlineSingleSample/06160bfb-7bc0-413b-9ba8-6a78ff6325b1/call-UnmappedBamToAlignedBam/UnmappedBamToAlignedBam/e5dd9295-79be-4223-84e9-2c3cbc52bcd0/call-CollectQualityYieldMetrics/shard-0/execution/docker_cid[0m

# return exit code
exit $rc
[2026-02-23 23:14:49,35] [info] BackgroundConfigAsyncJobExecutionActor [[38;5;2me5dd9295[0mUnmappedBamToAlignedBam.CollectQualityYieldMetrics:0:1]: job id: 55288
[2026-02-23 23:14:49,35] [info] BackgroundConfigAsyncJobExecutionActor [[38;5;2me5dd9295[0mUnmappedBamToAlignedBam.CollectQualityYieldMetrics:0:1]: Status change from - to WaitingForReturnCode
[2026-02-23 23:36:40,14] [info] BackgroundConfigAsyncJobExecutionActor [[38;5;2me5dd9295[0mUnmappedBamToAlignedBam.CollectQualityYieldMetrics:0:1]: Status change from WaitingForReturnCode to Done
[2026-02-23 23:36:49,46] [info] Assigned new job execution tokens to the following groups: 06160bfb: 1
[2026-02-23 23:36:50,12] [[38;5;220mwarn[0m] BackgroundConfigAsyncJobExecutionActor [[38;5;2m0d04d95d[0mSplitLargeReadGroup.SamSplitter:NA:1]: Unrecognized runtime attribute keys: preemptible, disks, memory
[2026-02-23 23:36:50,14] [info] BackgroundConfigAsyncJobExecutionActor [[38;5;2m0d04d95d[0mSplitLargeReadGroup.SamSplitter:NA:1]: [38;5;5mset -e
mkdir output_dir

total_reads=$(samtools view -c /cromwell-executions1/WholeGenomeGermlineSingleSample/06160bfb-7bc0-413b-9ba8-6a78ff6325b1/call-UnmappedBamToAlignedBam/UnmappedBamToAlignedBam/e5dd9295-79be-4223-84e9-2c3cbc52bcd0/call-SplitRG/shard-0/SplitLargeReadGroup/0d04d95d-22fb-4959-bcd5-691d6afa1502/call-SamSplitter/inputs/1329413647/ERR3687419_ILMN.unmapped.bam)

java -Dsamjdk.compression_level=2 -Xms3000m -Xmx3600m -jar /usr/gitc/picard.jar SplitSamByNumberOfReads \
  INPUT=/cromwell-executions1/WholeGenomeGermlineSingleSample/06160bfb-7bc0-413b-9ba8-6a78ff6325b1/call-UnmappedBamToAlignedBam/UnmappedBamToAlignedBam/e5dd9295-79be-4223-84e9-2c3cbc52bcd0/call-SplitRG/shard-0/SplitLargeReadGroup/0d04d95d-22fb-4959-bcd5-691d6afa1502/call-SamSplitter/inputs/1329413647/ERR3687419_ILMN.unmapped.bam \
  OUTPUT=output_dir \
  SPLIT_TO_N_READS=48000000 \
  TOTAL_READS_IN_INPUT=$total_reads[0m
[2026-02-23 23:36:50,15] [info] BackgroundConfigAsyncJobExecutionActor [[38;5;2m0d04d95d[0mSplitLargeReadGroup.SamSplitter:NA:1]: executing: # make sure there is no preexisting Docker CID file
rm -f /home/darja/workflow/cromwell-executions1/WholeGenomeGermlineSingleSample/06160bfb-7bc0-413b-9ba8-6a78ff6325b1/call-UnmappedBamToAlignedBam/UnmappedBamToAlignedBam/e5dd9295-79be-4223-84e9-2c3cbc52bcd0/call-SplitRG/shard-0/SplitLargeReadGroup/0d04d95d-22fb-4959-bcd5-691d6afa1502/call-SamSplitter/execution/docker_cid
# run as in the original configuration without --rm flag (will remove later)
docker run \
  --cidfile /home/darja/workflow/cromwell-executions1/WholeGenomeGermlineSingleSample/06160bfb-7bc0-413b-9ba8-6a78ff6325b1/call-UnmappedBamToAlignedBam/UnmappedBamToAlignedBam/e5dd9295-79be-4223-84e9-2c3cbc52bcd0/call-SplitRG/shard-0/SplitLargeReadGroup/0d04d95d-22fb-4959-bcd5-691d6afa1502/call-SamSplitter/execution/docker_cid \
  -i \
  --user 1027:1028 \
  --cpus="64" \
  --memory="350G" \
  --entrypoint /bin/bash \
  -v /home/darja/workflow/cromwell-executions1/WholeGenomeGermlineSingleSample/06160bfb-7bc0-413b-9ba8-6a78ff6325b1/call-UnmappedBamToAlignedBam/UnmappedBamToAlignedBam/e5dd9295-79be-4223-84e9-2c3cbc52bcd0/call-SplitRG/shard-0/SplitLargeReadGroup/0d04d95d-22fb-4959-bcd5-691d6afa1502/call-SamSplitter:/cromwell-executions1/WholeGenomeGermlineSingleSample/06160bfb-7bc0-413b-9ba8-6a78ff6325b1/call-UnmappedBamToAlignedBam/UnmappedBamToAlignedBam/e5dd9295-79be-4223-84e9-2c3cbc52bcd0/call-SplitRG/shard-0/SplitLargeReadGroup/0d04d95d-22fb-4959-bcd5-691d6afa1502/call-SamSplitter \
  -v /mnt/nas1/projects/lasr/blendseq:/mnt/nas1/projects/lasr/blendseq \
  us.gcr.io/broad-gotc-prod/samtools-picard-bwa@sha256:68eae459869592a095b75598039a65e02dede4f6e89cb1452a6a9e673cc10fa9 /cromwell-executions1/WholeGenomeGermlineSingleSample/06160bfb-7bc0-413b-9ba8-6a78ff6325b1/call-UnmappedBamToAlignedBam/UnmappedBamToAlignedBam/e5dd9295-79be-4223-84e9-2c3cbc52bcd0/call-SplitRG/shard-0/SplitLargeReadGroup/0d04d95d-22fb-4959-bcd5-691d6afa1502/call-SamSplitter/execution/script

# get the return code (working even if the container was detached)
rc=$(docker wait [38;5;5mcat /home/darja/workflow/cromwell-executions1/WholeGenomeGermlineSingleSample/06160bfb-7bc0-413b-9ba8-6a78ff6325b1/call-UnmappedBamToAlignedBam/UnmappedBamToAlignedBam/e5dd9295-79be-4223-84e9-2c3cbc52bcd0/call-SplitRG/shard-0/SplitLargeReadGroup/0d04d95d-22fb-4959-bcd5-691d6afa1502/call-SamSplitter/execution/docker_cid[0m)

# remove the container after waiting
docker rm [38;5;5mcat /home/darja/workflow/cromwell-executions1/WholeGenomeGermlineSingleSample/06160bfb-7bc0-413b-9ba8-6a78ff6325b1/call-UnmappedBamToAlignedBam/UnmappedBamToAlignedBam/e5dd9295-79be-4223-84e9-2c3cbc52bcd0/call-SplitRG/shard-0/SplitLargeReadGroup/0d04d95d-22fb-4959-bcd5-691d6afa1502/call-SamSplitter/execution/docker_cid[0m

# return exit code
exit $rc
[2026-02-23 23:36:54,34] [info] BackgroundConfigAsyncJobExecutionActor [[38;5;2m0d04d95d[0mSplitLargeReadGroup.SamSplitter:NA:1]: job id: 55906
[2026-02-23 23:36:54,34] [info] BackgroundConfigAsyncJobExecutionActor [[38;5;2m0d04d95d[0mSplitLargeReadGroup.SamSplitter:NA:1]: Status change from - to WaitingForReturnCode
[2026-02-24 00:13:53,43] [info] BackgroundConfigAsyncJobExecutionActor [[38;5;2m0d04d95d[0mSplitLargeReadGroup.SamSplitter:NA:1]: Status change from WaitingForReturnCode to Done
[2026-02-24 00:13:59,47] [info] 0d04d95d-22fb-4959-bcd5-691d6afa1502-SubWorkflowActor-SubWorkflow-SplitRG:0:1 [[38;5;2m0d04d95d[0m]: Starting SplitLargeReadGroup.SamToFastqAndDragmapAndMba (19 shards)
[2026-02-24 00:14:09,46] [info] Assigned new job execution tokens to the following groups: 06160bfb: 1
[2026-02-24 00:14:10,15] [[38;5;220mwarn[0m] BackgroundConfigAsyncJobExecutionActor [[38;5;2m0d04d95d[0mSplitLargeReadGroup.SamToFastqAndDragmapAndMba:1:1]: Unrecognized runtime attribute keys: preemptible, disks, cpu, memory
[2026-02-24 00:15:42,48] [info] BackgroundConfigAsyncJobExecutionActor [[38;5;2m0d04d95d[0mSplitLargeReadGroup.SamToFastqAndDragmapAndMba:1:1]: [38;5;5mset -euxo pipefail

DRAGMAP_VERSION=$(dragen-os --version)

if [ -z ${DRAGMAP_VERSION} ]; then
    exit 1;
fi

mkdir dragen_reference
mv /cromwell-executions1/WholeGenomeGermlineSingleSample/06160bfb-7bc0-413b-9ba8-6a78ff6325b1/call-UnmappedBamToAlignedBam/UnmappedBamToAlignedBam/e5dd9295-79be-4223-84e9-2c3cbc52bcd0/call-SplitRG/shard-0/SplitLargeReadGroup/0d04d95d-22fb-4959-bcd5-691d6afa1502/call-SamToFastqAndDragmapAndMba/shard-1/inputs/-1290198700/reference.bin /cromwell-executions1/WholeGenomeGermlineSingleSample/06160bfb-7bc0-413b-9ba8-6a78ff6325b1/call-UnmappedBamToAlignedBam/UnmappedBamToAlignedBam/e5dd9295-79be-4223-84e9-2c3cbc52bcd0/call-SplitRG/shard-0/SplitLargeReadGroup/0d04d95d-22fb-4959-bcd5-691d6afa1502/call-SamToFastqAndDragmapAndMba/shard-1/inputs/-1290198700/hash_table.cfg.bin /cromwell-executions1/WholeGenomeGermlineSingleSample/06160bfb-7bc0-413b-9ba8-6a78ff6325b1/call-UnmappedBamToAlignedBam/UnmappedBamToAlignedBam/e5dd9295-79be-4223-84e9-2c3cbc52bcd0/call-SplitRG/shard-0/SplitLargeReadGroup/0d04d95d-22fb-4959-bcd5-691d6afa1502/call-SamToFastqAndDragmapAndMba/shard-1/inputs/-1290198700/hash_table.cmp dragen_reference

dragen-os -b /cromwell-executions1/WholeGenomeGermlineSingleSample/06160bfb-7bc0-413b-9ba8-6a78ff6325b1/call-UnmappedBamToAlignedBam/UnmappedBamToAlignedBam/e5dd9295-79be-4223-84e9-2c3cbc52bcd0/call-SplitRG/shard-0/SplitLargeReadGroup/0d04d95d-22fb-4959-bcd5-691d6afa1502/call-SamToFastqAndDragmapAndMba/shard-1/inputs/-2128380842/shard_0002.bam -r dragen_reference --interleaved=1 --preserve-map-align-order true 2> >(tee shard_0002.dragmap.stderr.log >&2) | samtools view -h -O BAM - > aligned.bam
java -Dsamjdk.compression_level=2 -Xms1000m -Xmx1000m -jar /picard/picard.jar \
  MergeBamAlignment \
  VALIDATION_STRINGENCY=SILENT \
  EXPECTED_ORIENTATIONS=FR \
  ATTRIBUTES_TO_RETAIN=X0 \
  ATTRIBUTES_TO_REMOVE=RG \
  ATTRIBUTES_TO_REMOVE=NM \
  ATTRIBUTES_TO_REMOVE=MD \
  ALIGNED_BAM=aligned.bam \
  UNMAPPED_BAM=/cromwell-executions1/WholeGenomeGermlineSingleSample/06160bfb-7bc0-413b-9ba8-6a78ff6325b1/call-UnmappedBamToAlignedBam/UnmappedBamToAlignedBam/e5dd9295-79be-4223-84e9-2c3cbc52bcd0/call-SplitRG/shard-0/SplitLargeReadGroup/0d04d95d-22fb-4959-bcd5-691d6afa1502/call-SamToFastqAndDragmapAndMba/shard-1/inputs/-2128380842/shard_0002.bam \
  OUTPUT=shard_0002.bam \
  REFERENCE_SEQUENCE=/cromwell-executions1/WholeGenomeGermlineSingleSample/06160bfb-7bc0-413b-9ba8-6a78ff6325b1/call-UnmappedBamToAlignedBam/UnmappedBamToAlignedBam/e5dd9295-79be-4223-84e9-2c3cbc52bcd0/call-SplitRG/shard-0/SplitLargeReadGroup/0d04d95d-22fb-4959-bcd5-691d6afa1502/call-SamToFastqAndDragmapAndMba/shard-1/inputs/-1569105944/Homo_sapiens_assembly38_masked.fasta \
  PAIRED_RUN=true \
  SORT_ORDER="unsorted" \
  IS_BISULFITE_SEQUENCE=false \
  ALIGNED_READS_ONLY=false \
  CLIP_ADAPTERS=false \
   \
   \
  MAX_RECORDS_IN_RAM=2000000 \
  ADD_MATE_CIGAR=true \
  MAX_INSERTIONS_OR_DELETIONS=-1 \
  PRIMARY_ALIGNMENT_STRATEGY=MostDistant \
  PROGRAM_RECORD_ID="dragen-os" \
  PROGRAM_GROUP_VERSION="${DRAGMAP_VERSION}" \
  PROGRAM_GROUP_COMMAND_LINE="dragen-os -b /cromwell-executions1/WholeGenomeGermlineSingleSample/06160bfb-7bc0-413b-9ba8-6a78ff6325b1/call-UnmappedBamToAlignedBam/UnmappedBamToAlignedBam/e5dd9295-79be-4223-84e9-2c3cbc52bcd0/call-SplitRG/shard-0/SplitLargeReadGroup/0d04d95d-22fb-4959-bcd5-691d6afa1502/call-SamToFastqAndDragmapAndMba/shard-1/inputs/-2128380842/shard_0002.bam -r dragen_reference --interleaved=1" \
  PROGRAM_GROUP_NAME="dragen-os" \
  UNMAPPED_READ_STRATEGY=COPY_TO_TAG \
  ALIGNER_PROPER_PAIR_FLAGS=true \
  UNMAP_CONTAMINANT_READS=true \
  ADD_PG_TAG_TO_READS=false[0m
[2026-02-24 00:15:42,48] [info] BackgroundConfigAsyncJobExecutionActor [[38;5;2m0d04d95d[0mSplitLargeReadGroup.SamToFastqAndDragmapAndMba:1:1]: executing: # make sure there is no preexisting Docker CID file
rm -f /home/darja/workflow/cromwell-executions1/WholeGenomeGermlineSingleSample/06160bfb-7bc0-413b-9ba8-6a78ff6325b1/call-UnmappedBamToAlignedBam/UnmappedBamToAlignedBam/e5dd9295-79be-4223-84e9-2c3cbc52bcd0/call-SplitRG/shard-0/SplitLargeReadGroup/0d04d95d-22fb-4959-bcd5-691d6afa1502/call-SamToFastqAndDragmapAndMba/shard-1/execution/docker_cid
# run as in the original configuration without --rm flag (will remove later)
docker run \
  --cidfile /home/darja/workflow/cromwell-executions1/WholeGenomeGermlineSingleSample/06160bfb-7bc0-413b-9ba8-6a78ff6325b1/call-UnmappedBamToAlignedBam/UnmappedBamToAlignedBam/e5dd9295-79be-4223-84e9-2c3cbc52bcd0/call-SplitRG/shard-0/SplitLargeReadGroup/0d04d95d-22fb-4959-bcd5-691d6afa1502/call-SamToFastqAndDragmapAndMba/shard-1/execution/docker_cid \
  -i \
  --user 1027:1028 \
  --cpus="64" \
  --memory="350G" \
  --entrypoint /bin/bash \
  -v /home/darja/workflow/cromwell-executions1/WholeGenomeGermlineSingleSample/06160bfb-7bc0-413b-9ba8-6a78ff6325b1/call-UnmappedBamToAlignedBam/UnmappedBamToAlignedBam/e5dd9295-79be-4223-84e9-2c3cbc52bcd0/call-SplitRG/shard-0/SplitLargeReadGroup/0d04d95d-22fb-4959-bcd5-691d6afa1502/call-SamToFastqAndDragmapAndMba/shard-1:/cromwell-executions1/WholeGenomeGermlineSingleSample/06160bfb-7bc0-413b-9ba8-6a78ff6325b1/call-UnmappedBamToAlignedBam/UnmappedBamToAlignedBam/e5dd9295-79be-4223-84e9-2c3cbc52bcd0/call-SplitRG/shard-0/SplitLargeReadGroup/0d04d95d-22fb-4959-bcd5-691d6afa1502/call-SamToFastqAndDragmapAndMba/shard-1 \
  -v /mnt/nas1/projects/lasr/blendseq:/mnt/nas1/projects/lasr/blendseq \
  us.gcr.io/broad-gotc-prod/dragmap@sha256:5964afca3e4173c33b11100f68c1a44642e0ff2ee4de5a49d8cd446fef308b23 /cromwell-executions1/WholeGenomeGermlineSingleSample/06160bfb-7bc0-413b-9ba8-6a78ff6325b1/call-UnmappedBamToAlignedBam/UnmappedBamToAlignedBam/e5dd9295-79be-4223-84e9-2c3cbc52bcd0/call-SplitRG/shard-0/SplitLargeReadGroup/0d04d95d-22fb-4959-bcd5-691d6afa1502/call-SamToFastqAndDragmapAndMba/shard-1/execution/script

# get the return code (working even if the container was detached)
rc=$(docker wait [38;5;5mcat /home/darja/workflow/cromwell-executions1/WholeGenomeGermlineSingleSample/06160bfb-7bc0-413b-9ba8-6a78ff6325b1/call-UnmappedBamToAlignedBam/UnmappedBamToAlignedBam/e5dd9295-79be-4223-84e9-2c3cbc52bcd0/call-SplitRG/shard-0/SplitLargeReadGroup/0d04d95d-22fb-4959-bcd5-691d6afa1502/call-SamToFastqAndDragmapAndMba/shard-1/execution/docker_cid[0m)

# remove the container after waiting
docker rm [38;5;5mcat /home/darja/workflow/cromwell-executions1/WholeGenomeGermlineSingleSample/06160bfb-7bc0-413b-9ba8-6a78ff6325b1/call-UnmappedBamToAlignedBam/UnmappedBamToAlignedBam/e5dd9295-79be-4223-84e9-2c3cbc52bcd0/call-SplitRG/shard-0/SplitLargeReadGroup/0d04d95d-22fb-4959-bcd5-691d6afa1502/call-SamToFastqAndDragmapAndMba/shard-1/execution/docker_cid[0m

# return exit code
exit $rc
[2026-02-24 00:15:44,34] [info] BackgroundConfigAsyncJobExecutionActor [[38;5;2m0d04d95d[0mSplitLargeReadGroup.SamToFastqAndDragmapAndMba:1:1]: job id: 56472
[2026-02-24 00:15:44,35] [info] BackgroundConfigAsyncJobExecutionActor [[38;5;2m0d04d95d[0mSplitLargeReadGroup.SamToFastqAndDragmapAndMba:1:1]: Status change from - to WaitingForReturnCode
[2026-02-24 00:43:59,03] [info] BackgroundConfigAsyncJobExecutionActor [[38;5;2m0d04d95d[0mSplitLargeReadGroup.SamToFastqAndDragmapAndMba:1:1]: Status change from WaitingForReturnCode to Done
[2026-02-24 00:43:59,46] [info] Assigned new job execution tokens to the following groups: 06160bfb: 1
[2026-02-24 00:43:59,51] [[38;5;220mwarn[0m] BackgroundConfigAsyncJobExecutionActor [[38;5;2m0d04d95d[0mSplitLargeReadGroup.SamToFastqAndDragmapAndMba:11:1]: Unrecognized runtime attribute keys: preemptible, disks, cpu, memory
[2026-02-24 00:44:00,94] [info] BackgroundConfigAsyncJobExecutionActor [[38;5;2m0d04d95d[0mSplitLargeReadGroup.SamToFastqAndDragmapAndMba:11:1]: [38;5;5mset -euxo pipefail

DRAGMAP_VERSION=$(dragen-os --version)

if [ -z ${DRAGMAP_VERSION} ]; then
    exit 1;
fi

mkdir dragen_reference
mv /cromwell-executions1/WholeGenomeGermlineSingleSample/06160bfb-7bc0-413b-9ba8-6a78ff6325b1/call-UnmappedBamToAlignedBam/UnmappedBamToAlignedBam/e5dd9295-79be-4223-84e9-2c3cbc52bcd0/call-SplitRG/shard-0/SplitLargeReadGroup/0d04d95d-22fb-4959-bcd5-691d6afa1502/call-SamToFastqAndDragmapAndMba/shard-11/inputs/-1290198700/reference.bin /cromwell-executions1/WholeGenomeGermlineSingleSample/06160bfb-7bc0-413b-9ba8-6a78ff6325b1/call-UnmappedBamToAlignedBam/UnmappedBamToAlignedBam/e5dd9295-79be-4223-84e9-2c3cbc52bcd0/call-SplitRG/shard-0/SplitLargeReadGroup/0d04d95d-22fb-4959-bcd5-691d6afa1502/call-SamToFastqAndDragmapAndMba/shard-11/inputs/-1290198700/hash_table.cfg.bin /cromwell-executions1/WholeGenomeGermlineSingleSample/06160bfb-7bc0-413b-9ba8-6a78ff6325b1/call-UnmappedBamToAlignedBam/UnmappedBamToAlignedBam/e5dd9295-79be-4223-84e9-2c3cbc52bcd0/call-SplitRG/shard-0/SplitLargeReadGroup/0d04d95d-22fb-4959-bcd5-691d6afa1502/call-SamToFastqAndDragmapAndMba/shard-11/inputs/-1290198700/hash_table.cmp dragen_reference

dragen-os -b /cromwell-executions1/WholeGenomeGermlineSingleSample/06160bfb-7bc0-413b-9ba8-6a78ff6325b1/call-UnmappedBamToAlignedBam/UnmappedBamToAlignedBam/e5dd9295-79be-4223-84e9-2c3cbc52bcd0/call-SplitRG/shard-0/SplitLargeReadGroup/0d04d95d-22fb-4959-bcd5-691d6afa1502/call-SamToFastqAndDragmapAndMba/shard-11/inputs/-2128380842/shard_0012.bam -r dragen_reference --interleaved=1 --preserve-map-align-order true 2> >(tee shard_0012.dragmap.stderr.log >&2) | samtools view -h -O BAM - > aligned.bam
java -Dsamjdk.compression_level=2 -Xms1000m -Xmx1000m -jar /picard/picard.jar \
  MergeBamAlignment \
  VALIDATION_STRINGENCY=SILENT \
  EXPECTED_ORIENTATIONS=FR \
  ATTRIBUTES_TO_RETAIN=X0 \
  ATTRIBUTES_TO_REMOVE=RG \
  ATTRIBUTES_TO_REMOVE=NM \
  ATTRIBUTES_TO_REMOVE=MD \
  ALIGNED_BAM=aligned.bam \
  UNMAPPED_BAM=/cromwell-executions1/WholeGenomeGermlineSingleSample/06160bfb-7bc0-413b-9ba8-6a78ff6325b1/call-UnmappedBamToAlignedBam/UnmappedBamToAlignedBam/e5dd9295-79be-4223-84e9-2c3cbc52bcd0/call-SplitRG/shard-0/SplitLargeReadGroup/0d04d95d-22fb-4959-bcd5-691d6afa1502/call-SamToFastqAndDragmapAndMba/shard-11/inputs/-2128380842/shard_0012.bam \
  OUTPUT=shard_0012.bam \
  REFERENCE_SEQUENCE=/cromwell-executions1/WholeGenomeGermlineSingleSample/06160bfb-7bc0-413b-9ba8-6a78ff6325b1/call-UnmappedBamToAlignedBam/UnmappedBamToAlignedBam/e5dd9295-79be-4223-84e9-2c3cbc52bcd0/call-SplitRG/shard-0/SplitLargeReadGroup/0d04d95d-22fb-4959-bcd5-691d6afa1502/call-SamToFastqAndDragmapAndMba/shard-11/inputs/-1569105944/Homo_sapiens_assembly38_masked.fasta \
  PAIRED_RUN=true \
  SORT_ORDER="unsorted" \
  IS_BISULFITE_SEQUENCE=false \
  ALIGNED_READS_ONLY=false \
  CLIP_ADAPTERS=false \
   \
   \
  MAX_RECORDS_IN_RAM=2000000 \
  ADD_MATE_CIGAR=true \
  MAX_INSERTIONS_OR_DELETIONS=-1 \
  PRIMARY_ALIGNMENT_STRATEGY=MostDistant \
  PROGRAM_RECORD_ID="dragen-os" \
  PROGRAM_GROUP_VERSION="${DRAGMAP_VERSION}" \
  PROGRAM_GROUP_COMMAND_LINE="dragen-os -b /cromwell-executions1/WholeGenomeGermlineSingleSample/06160bfb-7bc0-413b-9ba8-6a78ff6325b1/call-UnmappedBamToAlignedBam/UnmappedBamToAlignedBam/e5dd9295-79be-4223-84e9-2c3cbc52bcd0/call-SplitRG/shard-0/SplitLargeReadGroup/0d04d95d-22fb-4959-bcd5-691d6afa1502/call-SamToFastqAndDragmapAndMba/shard-11/inputs/-2128380842/shard_0012.bam -r dragen_reference --interleaved=1" \
  PROGRAM_GROUP_NAME="dragen-os" \
  UNMAPPED_READ_STRATEGY=COPY_TO_TAG \
  ALIGNER_PROPER_PAIR_FLAGS=true \
  UNMAP_CONTAMINANT_READS=true \
  ADD_PG_TAG_TO_READS=false[0m
[2026-02-24 00:44:00,95] [info] BackgroundConfigAsyncJobExecutionActor [[38;5;2m0d04d95d[0mSplitLargeReadGroup.SamToFastqAndDragmapAndMba:11:1]: executing: # make sure there is no preexisting Docker CID file
rm -f /home/darja/workflow/cromwell-executions1/WholeGenomeGermlineSingleSample/06160bfb-7bc0-413b-9ba8-6a78ff6325b1/call-UnmappedBamToAlignedBam/UnmappedBamToAlignedBam/e5dd9295-79be-4223-84e9-2c3cbc52bcd0/call-SplitRG/shard-0/SplitLargeReadGroup/0d04d95d-22fb-4959-bcd5-691d6afa1502/call-SamToFastqAndDragmapAndMba/shard-11/execution/docker_cid
# run as in the original configuration without --rm flag (will remove later)
docker run \
  --cidfile /home/darja/workflow/cromwell-executions1/WholeGenomeGermlineSingleSample/06160bfb-7bc0-413b-9ba8-6a78ff6325b1/call-UnmappedBamToAlignedBam/UnmappedBamToAlignedBam/e5dd9295-79be-4223-84e9-2c3cbc52bcd0/call-SplitRG/shard-0/SplitLargeReadGroup/0d04d95d-22fb-4959-bcd5-691d6afa1502/call-SamToFastqAndDragmapAndMba/shard-11/execution/docker_cid \
  -i \
  --user 1027:1028 \
  --cpus="64" \
  --memory="350G" \
  --entrypoint /bin/bash \
  -v /home/darja/workflow/cromwell-executions1/WholeGenomeGermlineSingleSample/06160bfb-7bc0-413b-9ba8-6a78ff6325b1/call-UnmappedBamToAlignedBam/UnmappedBamToAlignedBam/e5dd9295-79be-4223-84e9-2c3cbc52bcd0/call-SplitRG/shard-0/SplitLargeReadGroup/0d04d95d-22fb-4959-bcd5-691d6afa1502/call-SamToFastqAndDragmapAndMba/shard-11:/cromwell-executions1/WholeGenomeGermlineSingleSample/06160bfb-7bc0-413b-9ba8-6a78ff6325b1/call-UnmappedBamToAlignedBam/UnmappedBamToAlignedBam/e5dd9295-79be-4223-84e9-2c3cbc52bcd0/call-SplitRG/shard-0/SplitLargeReadGroup/0d04d95d-22fb-4959-bcd5-691d6afa1502/call-SamToFastqAndDragmapAndMba/shard-11 \
  -v /mnt/nas1/projects/lasr/blendseq:/mnt/nas1/projects/lasr/blendseq \
  us.gcr.io/broad-gotc-prod/dragmap@sha256:5964afca3e4173c33b11100f68c1a44642e0ff2ee4de5a49d8cd446fef308b23 /cromwell-executions1/WholeGenomeGermlineSingleSample/06160bfb-7bc0-413b-9ba8-6a78ff6325b1/call-UnmappedBamToAlignedBam/UnmappedBamToAlignedBam/e5dd9295-79be-4223-84e9-2c3cbc52bcd0/call-SplitRG/shard-0/SplitLargeReadGroup/0d04d95d-22fb-4959-bcd5-691d6afa1502/call-SamToFastqAndDragmapAndMba/shard-11/execution/script

# get the return code (working even if the container was detached)
rc=$(docker wait [38;5;5mcat /home/darja/workflow/cromwell-executions1/WholeGenomeGermlineSingleSample/06160bfb-7bc0-413b-9ba8-6a78ff6325b1/call-UnmappedBamToAlignedBam/UnmappedBamToAlignedBam/e5dd9295-79be-4223-84e9-2c3cbc52bcd0/call-SplitRG/shard-0/SplitLargeReadGroup/0d04d95d-22fb-4959-bcd5-691d6afa1502/call-SamToFastqAndDragmapAndMba/shard-11/execution/docker_cid[0m)

# remove the container after waiting
docker rm [38;5;5mcat /home/darja/workflow/cromwell-executions1/WholeGenomeGermlineSingleSample/06160bfb-7bc0-413b-9ba8-6a78ff6325b1/call-UnmappedBamToAlignedBam/UnmappedBamToAlignedBam/e5dd9295-79be-4223-84e9-2c3cbc52bcd0/call-SplitRG/shard-0/SplitLargeReadGroup/0d04d95d-22fb-4959-bcd5-691d6afa1502/call-SamToFastqAndDragmapAndMba/shard-11/execution/docker_cid[0m

# return exit code
exit $rc
[2026-02-24 00:44:04,34] [info] BackgroundConfigAsyncJobExecutionActor [[38;5;2m0d04d95d[0mSplitLargeReadGroup.SamToFastqAndDragmapAndMba:11:1]: job id: 57760
[2026-02-24 00:44:04,34] [info] BackgroundConfigAsyncJobExecutionActor [[38;5;2m0d04d95d[0mSplitLargeReadGroup.SamToFastqAndDragmapAndMba:11:1]: Status change from - to WaitingForReturnCode
[2026-02-24 01:11:33,46] [info] BackgroundConfigAsyncJobExecutionActor [[38;5;2m0d04d95d[0mSplitLargeReadGroup.SamToFastqAndDragmapAndMba:11:1]: Status change from WaitingForReturnCode to Done
[2026-02-24 01:11:39,46] [info] Assigned new job execution tokens to the following groups: 06160bfb: 1
[2026-02-24 01:11:39,51] [[38;5;220mwarn[0m] BackgroundConfigAsyncJobExecutionActor [[38;5;2m0d04d95d[0mSplitLargeReadGroup.SamToFastqAndDragmapAndMba:14:1]: Unrecognized runtime attribute keys: preemptible, disks, cpu, memory
[2026-02-24 01:11:41,00] [info] BackgroundConfigAsyncJobExecutionActor [[38;5;2m0d04d95d[0mSplitLargeReadGroup.SamToFastqAndDragmapAndMba:14:1]: [38;5;5mset -euxo pipefail

DRAGMAP_VERSION=$(dragen-os --version)

if [ -z ${DRAGMAP_VERSION} ]; then
    exit 1;
fi

mkdir dragen_reference
mv /cromwell-executions1/WholeGenomeGermlineSingleSample/06160bfb-7bc0-413b-9ba8-6a78ff6325b1/call-UnmappedBamToAlignedBam/UnmappedBamToAlignedBam/e5dd9295-79be-4223-84e9-2c3cbc52bcd0/call-SplitRG/shard-0/SplitLargeReadGroup/0d04d95d-22fb-4959-bcd5-691d6afa1502/call-SamToFastqAndDragmapAndMba/shard-14/inputs/-1290198700/reference.bin /cromwell-executions1/WholeGenomeGermlineSingleSample/06160bfb-7bc0-413b-9ba8-6a78ff6325b1/call-UnmappedBamToAlignedBam/UnmappedBamToAlignedBam/e5dd9295-79be-4223-84e9-2c3cbc52bcd0/call-SplitRG/shard-0/SplitLargeReadGroup/0d04d95d-22fb-4959-bcd5-691d6afa1502/call-SamToFastqAndDragmapAndMba/shard-14/inputs/-1290198700/hash_table.cfg.bin /cromwell-executions1/WholeGenomeGermlineSingleSample/06160bfb-7bc0-413b-9ba8-6a78ff6325b1/call-UnmappedBamToAlignedBam/UnmappedBamToAlignedBam/e5dd9295-79be-4223-84e9-2c3cbc52bcd0/call-SplitRG/shard-0/SplitLargeReadGroup/0d04d95d-22fb-4959-bcd5-691d6afa1502/call-SamToFastqAndDragmapAndMba/shard-14/inputs/-1290198700/hash_table.cmp dragen_reference

dragen-os -b /cromwell-executions1/WholeGenomeGermlineSingleSample/06160bfb-7bc0-413b-9ba8-6a78ff6325b1/call-UnmappedBamToAlignedBam/UnmappedBamToAlignedBam/e5dd9295-79be-4223-84e9-2c3cbc52bcd0/call-SplitRG/shard-0/SplitLargeReadGroup/0d04d95d-22fb-4959-bcd5-691d6afa1502/call-SamToFastqAndDragmapAndMba/shard-14/inputs/-2128380842/shard_0015.bam -r dragen_reference --interleaved=1 --preserve-map-align-order true 2> >(tee shard_0015.dragmap.stderr.log >&2) | samtools view -h -O BAM - > aligned.bam
java -Dsamjdk.compression_level=2 -Xms1000m -Xmx1000m -jar /picard/picard.jar \
  MergeBamAlignment \
  VALIDATION_STRINGENCY=SILENT \
  EXPECTED_ORIENTATIONS=FR \
  ATTRIBUTES_TO_RETAIN=X0 \
  ATTRIBUTES_TO_REMOVE=RG \
  ATTRIBUTES_TO_REMOVE=NM \
  ATTRIBUTES_TO_REMOVE=MD \
  ALIGNED_BAM=aligned.bam \
  UNMAPPED_BAM=/cromwell-executions1/WholeGenomeGermlineSingleSample/06160bfb-7bc0-413b-9ba8-6a78ff6325b1/call-UnmappedBamToAlignedBam/UnmappedBamToAlignedBam/e5dd9295-79be-4223-84e9-2c3cbc52bcd0/call-SplitRG/shard-0/SplitLargeReadGroup/0d04d95d-22fb-4959-bcd5-691d6afa1502/call-SamToFastqAndDragmapAndMba/shard-14/inputs/-2128380842/shard_0015.bam \
  OUTPUT=shard_0015.bam \
  REFERENCE_SEQUENCE=/cromwell-executions1/WholeGenomeGermlineSingleSample/06160bfb-7bc0-413b-9ba8-6a78ff6325b1/call-UnmappedBamToAlignedBam/UnmappedBamToAlignedBam/e5dd9295-79be-4223-84e9-2c3cbc52bcd0/call-SplitRG/shard-0/SplitLargeReadGroup/0d04d95d-22fb-4959-bcd5-691d6afa1502/call-SamToFastqAndDragmapAndMba/shard-14/inputs/-1569105944/Homo_sapiens_assembly38_masked.fasta \
  PAIRED_RUN=true \
  SORT_ORDER="unsorted" \
  IS_BISULFITE_SEQUENCE=false \
  ALIGNED_READS_ONLY=false \
  CLIP_ADAPTERS=false \
   \
   \
  MAX_RECORDS_IN_RAM=2000000 \
  ADD_MATE_CIGAR=true \
  MAX_INSERTIONS_OR_DELETIONS=-1 \
  PRIMARY_ALIGNMENT_STRATEGY=MostDistant \
  PROGRAM_RECORD_ID="dragen-os" \
  PROGRAM_GROUP_VERSION="${DRAGMAP_VERSION}" \
  PROGRAM_GROUP_COMMAND_LINE="dragen-os -b /cromwell-executions1/WholeGenomeGermlineSingleSample/06160bfb-7bc0-413b-9ba8-6a78ff6325b1/call-UnmappedBamToAlignedBam/UnmappedBamToAlignedBam/e5dd9295-79be-4223-84e9-2c3cbc52bcd0/call-SplitRG/shard-0/SplitLargeReadGroup/0d04d95d-22fb-4959-bcd5-691d6afa1502/call-SamToFastqAndDragmapAndMba/shard-14/inputs/-2128380842/shard_0015.bam -r dragen_reference --interleaved=1" \
  PROGRAM_GROUP_NAME="dragen-os" \
  UNMAPPED_READ_STRATEGY=COPY_TO_TAG \
  ALIGNER_PROPER_PAIR_FLAGS=true \
  UNMAP_CONTAMINANT_READS=true \
  ADD_PG_TAG_TO_READS=false[0m
[2026-02-24 01:11:41,00] [info] BackgroundConfigAsyncJobExecutionActor [[38;5;2m0d04d95d[0mSplitLargeReadGroup.SamToFastqAndDragmapAndMba:14:1]: executing: # make sure there is no preexisting Docker CID file
rm -f /home/darja/workflow/cromwell-executions1/WholeGenomeGermlineSingleSample/06160bfb-7bc0-413b-9ba8-6a78ff6325b1/call-UnmappedBamToAlignedBam/UnmappedBamToAlignedBam/e5dd9295-79be-4223-84e9-2c3cbc52bcd0/call-SplitRG/shard-0/SplitLargeReadGroup/0d04d95d-22fb-4959-bcd5-691d6afa1502/call-SamToFastqAndDragmapAndMba/shard-14/execution/docker_cid
# run as in the original configuration without --rm flag (will remove later)
docker run \
  --cidfile /home/darja/workflow/cromwell-executions1/WholeGenomeGermlineSingleSample/06160bfb-7bc0-413b-9ba8-6a78ff6325b1/call-UnmappedBamToAlignedBam/UnmappedBamToAlignedBam/e5dd9295-79be-4223-84e9-2c3cbc52bcd0/call-SplitRG/shard-0/SplitLargeReadGroup/0d04d95d-22fb-4959-bcd5-691d6afa1502/call-SamToFastqAndDragmapAndMba/shard-14/execution/docker_cid \
  -i \
  --user 1027:1028 \
  --cpus="64" \
  --memory="350G" \
  --entrypoint /bin/bash \
  -v /home/darja/workflow/cromwell-executions1/WholeGenomeGermlineSingleSample/06160bfb-7bc0-413b-9ba8-6a78ff6325b1/call-UnmappedBamToAlignedBam/UnmappedBamToAlignedBam/e5dd9295-79be-4223-84e9-2c3cbc52bcd0/call-SplitRG/shard-0/SplitLargeReadGroup/0d04d95d-22fb-4959-bcd5-691d6afa1502/call-SamToFastqAndDragmapAndMba/shard-14:/cromwell-executions1/WholeGenomeGermlineSingleSample/06160bfb-7bc0-413b-9ba8-6a78ff6325b1/call-UnmappedBamToAlignedBam/UnmappedBamToAlignedBam/e5dd9295-79be-4223-84e9-2c3cbc52bcd0/call-SplitRG/shard-0/SplitLargeReadGroup/0d04d95d-22fb-4959-bcd5-691d6afa1502/call-SamToFastqAndDragmapAndMba/shard-14 \
  -v /mnt/nas1/projects/lasr/blendseq:/mnt/nas1/projects/lasr/blendseq \
  us.gcr.io/broad-gotc-prod/dragmap@sha256:5964afca3e4173c33b11100f68c1a44642e0ff2ee4de5a49d8cd446fef308b23 /cromwell-executions1/WholeGenomeGermlineSingleSample/06160bfb-7bc0-413b-9ba8-6a78ff6325b1/call-UnmappedBamToAlignedBam/UnmappedBamToAlignedBam/e5dd9295-79be-4223-84e9-2c3cbc52bcd0/call-SplitRG/shard-0/SplitLargeReadGroup/0d04d95d-22fb-4959-bcd5-691d6afa1502/call-SamToFastqAndDragmapAndMba/shard-14/execution/script

# get the return code (working even if the container was detached)
rc=$(docker wait [38;5;5mcat /home/darja/workflow/cromwell-executions1/WholeGenomeGermlineSingleSample/06160bfb-7bc0-413b-9ba8-6a78ff6325b1/call-UnmappedBamToAlignedBam/UnmappedBamToAlignedBam/e5dd9295-79be-4223-84e9-2c3cbc52bcd0/call-SplitRG/shard-0/SplitLargeReadGroup/0d04d95d-22fb-4959-bcd5-691d6afa1502/call-SamToFastqAndDragmapAndMba/shard-14/execution/docker_cid[0m)

# remove the container after waiting
docker rm [38;5;5mcat /home/darja/workflow/cromwell-executions1/WholeGenomeGermlineSingleSample/06160bfb-7bc0-413b-9ba8-6a78ff6325b1/call-UnmappedBamToAlignedBam/UnmappedBamToAlignedBam/e5dd9295-79be-4223-84e9-2c3cbc52bcd0/call-SplitRG/shard-0/SplitLargeReadGroup/0d04d95d-22fb-4959-bcd5-691d6afa1502/call-SamToFastqAndDragmapAndMba/shard-14/execution/docker_cid[0m

# return exit code
exit $rc
[2026-02-24 01:11:44,34] [info] BackgroundConfigAsyncJobExecutionActor [[38;5;2m0d04d95d[0mSplitLargeReadGroup.SamToFastqAndDragmapAndMba:14:1]: job id: 58556
[2026-02-24 01:11:44,34] [info] BackgroundConfigAsyncJobExecutionActor [[38;5;2m0d04d95d[0mSplitLargeReadGroup.SamToFastqAndDragmapAndMba:14:1]: Status change from - to WaitingForReturnCode
[2026-02-24 01:40:52,56] [info] BackgroundConfigAsyncJobExecutionActor [[38;5;2m0d04d95d[0mSplitLargeReadGroup.SamToFastqAndDragmapAndMba:14:1]: Status change from WaitingForReturnCode to Done
[2026-02-24 01:40:59,46] [info] Assigned new job execution tokens to the following groups: 06160bfb: 1
[2026-02-24 01:40:59,51] [[38;5;220mwarn[0m] BackgroundConfigAsyncJobExecutionActor [[38;5;2m0d04d95d[0mSplitLargeReadGroup.SamToFastqAndDragmapAndMba:12:1]: Unrecognized runtime attribute keys: preemptible, disks, cpu, memory
[2026-02-24 01:41:00,92] [info] BackgroundConfigAsyncJobExecutionActor [[38;5;2m0d04d95d[0mSplitLargeReadGroup.SamToFastqAndDragmapAndMba:12:1]: [38;5;5mset -euxo pipefail

DRAGMAP_VERSION=$(dragen-os --version)

if [ -z ${DRAGMAP_VERSION} ]; then
    exit 1;
fi

mkdir dragen_reference
mv /cromwell-executions1/WholeGenomeGermlineSingleSample/06160bfb-7bc0-413b-9ba8-6a78ff6325b1/call-UnmappedBamToAlignedBam/UnmappedBamToAlignedBam/e5dd9295-79be-4223-84e9-2c3cbc52bcd0/call-SplitRG/shard-0/SplitLargeReadGroup/0d04d95d-22fb-4959-bcd5-691d6afa1502/call-SamToFastqAndDragmapAndMba/shard-12/inputs/-1290198700/reference.bin /cromwell-executions1/WholeGenomeGermlineSingleSample/06160bfb-7bc0-413b-9ba8-6a78ff6325b1/call-UnmappedBamToAlignedBam/UnmappedBamToAlignedBam/e5dd9295-79be-4223-84e9-2c3cbc52bcd0/call-SplitRG/shard-0/SplitLargeReadGroup/0d04d95d-22fb-4959-bcd5-691d6afa1502/call-SamToFastqAndDragmapAndMba/shard-12/inputs/-1290198700/hash_table.cfg.bin /cromwell-executions1/WholeGenomeGermlineSingleSample/06160bfb-7bc0-413b-9ba8-6a78ff6325b1/call-UnmappedBamToAlignedBam/UnmappedBamToAlignedBam/e5dd9295-79be-4223-84e9-2c3cbc52bcd0/call-SplitRG/shard-0/SplitLargeReadGroup/0d04d95d-22fb-4959-bcd5-691d6afa1502/call-SamToFastqAndDragmapAndMba/shard-12/inputs/-1290198700/hash_table.cmp dragen_reference

dragen-os -b /cromwell-executions1/WholeGenomeGermlineSingleSample/06160bfb-7bc0-413b-9ba8-6a78ff6325b1/call-UnmappedBamToAlignedBam/UnmappedBamToAlignedBam/e5dd9295-79be-4223-84e9-2c3cbc52bcd0/call-SplitRG/shard-0/SplitLargeReadGroup/0d04d95d-22fb-4959-bcd5-691d6afa1502/call-SamToFastqAndDragmapAndMba/shard-12/inputs/-2128380842/shard_0013.bam -r dragen_reference --interleaved=1 --preserve-map-align-order true 2> >(tee shard_0013.dragmap.stderr.log >&2) | samtools view -h -O BAM - > aligned.bam
java -Dsamjdk.compression_level=2 -Xms1000m -Xmx1000m -jar /picard/picard.jar \
  MergeBamAlignment \
  VALIDATION_STRINGENCY=SILENT \
  EXPECTED_ORIENTATIONS=FR \
  ATTRIBUTES_TO_RETAIN=X0 \
  ATTRIBUTES_TO_REMOVE=RG \
  ATTRIBUTES_TO_REMOVE=NM \
  ATTRIBUTES_TO_REMOVE=MD \
  ALIGNED_BAM=aligned.bam \
  UNMAPPED_BAM=/cromwell-executions1/WholeGenomeGermlineSingleSample/06160bfb-7bc0-413b-9ba8-6a78ff6325b1/call-UnmappedBamToAlignedBam/UnmappedBamToAlignedBam/e5dd9295-79be-4223-84e9-2c3cbc52bcd0/call-SplitRG/shard-0/SplitLargeReadGroup/0d04d95d-22fb-4959-bcd5-691d6afa1502/call-SamToFastqAndDragmapAndMba/shard-12/inputs/-2128380842/shard_0013.bam \
  OUTPUT=shard_0013.bam \
  REFERENCE_SEQUENCE=/cromwell-executions1/WholeGenomeGermlineSingleSample/06160bfb-7bc0-413b-9ba8-6a78ff6325b1/call-UnmappedBamToAlignedBam/UnmappedBamToAlignedBam/e5dd9295-79be-4223-84e9-2c3cbc52bcd0/call-SplitRG/shard-0/SplitLargeReadGroup/0d04d95d-22fb-4959-bcd5-691d6afa1502/call-SamToFastqAndDragmapAndMba/shard-12/inputs/-1569105944/Homo_sapiens_assembly38_masked.fasta \
  PAIRED_RUN=true \
  SORT_ORDER="unsorted" \
  IS_BISULFITE_SEQUENCE=false \
  ALIGNED_READS_ONLY=false \
  CLIP_ADAPTERS=false \
   \
   \
  MAX_RECORDS_IN_RAM=2000000 \
  ADD_MATE_CIGAR=true \
  MAX_INSERTIONS_OR_DELETIONS=-1 \
  PRIMARY_ALIGNMENT_STRATEGY=MostDistant \
  PROGRAM_RECORD_ID="dragen-os" \
  PROGRAM_GROUP_VERSION="${DRAGMAP_VERSION}" \
  PROGRAM_GROUP_COMMAND_LINE="dragen-os -b /cromwell-executions1/WholeGenomeGermlineSingleSample/06160bfb-7bc0-413b-9ba8-6a78ff6325b1/call-UnmappedBamToAlignedBam/UnmappedBamToAlignedBam/e5dd9295-79be-4223-84e9-2c3cbc52bcd0/call-SplitRG/shard-0/SplitLargeReadGroup/0d04d95d-22fb-4959-bcd5-691d6afa1502/call-SamToFastqAndDragmapAndMba/shard-12/inputs/-2128380842/shard_0013.bam -r dragen_reference --interleaved=1" \
  PROGRAM_GROUP_NAME="dragen-os" \
  UNMAPPED_READ_STRATEGY=COPY_TO_TAG \
  ALIGNER_PROPER_PAIR_FLAGS=true \
  UNMAP_CONTAMINANT_READS=true \
  ADD_PG_TAG_TO_READS=false[0m
[2026-02-24 01:41:00,92] [info] BackgroundConfigAsyncJobExecutionActor [[38;5;2m0d04d95d[0mSplitLargeReadGroup.SamToFastqAndDragmapAndMba:12:1]: executing: # make sure there is no preexisting Docker CID file
rm -f /home/darja/workflow/cromwell-executions1/WholeGenomeGermlineSingleSample/06160bfb-7bc0-413b-9ba8-6a78ff6325b1/call-UnmappedBamToAlignedBam/UnmappedBamToAlignedBam/e5dd9295-79be-4223-84e9-2c3cbc52bcd0/call-SplitRG/shard-0/SplitLargeReadGroup/0d04d95d-22fb-4959-bcd5-691d6afa1502/call-SamToFastqAndDragmapAndMba/shard-12/execution/docker_cid
# run as in the original configuration without --rm flag (will remove later)
docker run \
  --cidfile /home/darja/workflow/cromwell-executions1/WholeGenomeGermlineSingleSample/06160bfb-7bc0-413b-9ba8-6a78ff6325b1/call-UnmappedBamToAlignedBam/UnmappedBamToAlignedBam/e5dd9295-79be-4223-84e9-2c3cbc52bcd0/call-SplitRG/shard-0/SplitLargeReadGroup/0d04d95d-22fb-4959-bcd5-691d6afa1502/call-SamToFastqAndDragmapAndMba/shard-12/execution/docker_cid \
  -i \
  --user 1027:1028 \
  --cpus="64" \
  --memory="350G" \
  --entrypoint /bin/bash \
  -v /home/darja/workflow/cromwell-executions1/WholeGenomeGermlineSingleSample/06160bfb-7bc0-413b-9ba8-6a78ff6325b1/call-UnmappedBamToAlignedBam/UnmappedBamToAlignedBam/e5dd9295-79be-4223-84e9-2c3cbc52bcd0/call-SplitRG/shard-0/SplitLargeReadGroup/0d04d95d-22fb-4959-bcd5-691d6afa1502/call-SamToFastqAndDragmapAndMba/shard-12:/cromwell-executions1/WholeGenomeGermlineSingleSample/06160bfb-7bc0-413b-9ba8-6a78ff6325b1/call-UnmappedBamToAlignedBam/UnmappedBamToAlignedBam/e5dd9295-79be-4223-84e9-2c3cbc52bcd0/call-SplitRG/shard-0/SplitLargeReadGroup/0d04d95d-22fb-4959-bcd5-691d6afa1502/call-SamToFastqAndDragmapAndMba/shard-12 \
  -v /mnt/nas1/projects/lasr/blendseq:/mnt/nas1/projects/lasr/blendseq \
  us.gcr.io/broad-gotc-prod/dragmap@sha256:5964afca3e4173c33b11100f68c1a44642e0ff2ee4de5a49d8cd446fef308b23 /cromwell-executions1/WholeGenomeGermlineSingleSample/06160bfb-7bc0-413b-9ba8-6a78ff6325b1/call-UnmappedBamToAlignedBam/UnmappedBamToAlignedBam/e5dd9295-79be-4223-84e9-2c3cbc52bcd0/call-SplitRG/shard-0/SplitLargeReadGroup/0d04d95d-22fb-4959-bcd5-691d6afa1502/call-SamToFastqAndDragmapAndMba/shard-12/execution/script

# get the return code (working even if the container was detached)
rc=$(docker wait [38;5;5mcat /home/darja/workflow/cromwell-executions1/WholeGenomeGermlineSingleSample/06160bfb-7bc0-413b-9ba8-6a78ff6325b1/call-UnmappedBamToAlignedBam/UnmappedBamToAlignedBam/e5dd9295-79be-4223-84e9-2c3cbc52bcd0/call-SplitRG/shard-0/SplitLargeReadGroup/0d04d95d-22fb-4959-bcd5-691d6afa1502/call-SamToFastqAndDragmapAndMba/shard-12/execution/docker_cid[0m)

# remove the container after waiting
docker rm [38;5;5mcat /home/darja/workflow/cromwell-executions1/WholeGenomeGermlineSingleSample/06160bfb-7bc0-413b-9ba8-6a78ff6325b1/call-UnmappedBamToAlignedBam/UnmappedBamToAlignedBam/e5dd9295-79be-4223-84e9-2c3cbc52bcd0/call-SplitRG/shard-0/SplitLargeReadGroup/0d04d95d-22fb-4959-bcd5-691d6afa1502/call-SamToFastqAndDragmapAndMba/shard-12/execution/docker_cid[0m

# return exit code
exit $rc
[2026-02-24 01:41:04,34] [info] BackgroundConfigAsyncJobExecutionActor [[38;5;2m0d04d95d[0mSplitLargeReadGroup.SamToFastqAndDragmapAndMba:12:1]: job id: 59364
[2026-02-24 01:41:04,34] [info] BackgroundConfigAsyncJobExecutionActor [[38;5;2m0d04d95d[0mSplitLargeReadGroup.SamToFastqAndDragmapAndMba:12:1]: Status change from - to WaitingForReturnCode
[2026-02-24 02:08:04,97] [info] BackgroundConfigAsyncJobExecutionActor [[38;5;2m0d04d95d[0mSplitLargeReadGroup.SamToFastqAndDragmapAndMba:12:1]: Status change from WaitingForReturnCode to Done
[2026-02-24 02:08:09,46] [info] Assigned new job execution tokens to the following groups: 06160bfb: 1
[2026-02-24 02:08:09,51] [[38;5;220mwarn[0m] BackgroundConfigAsyncJobExecutionActor [[38;5;2m0d04d95d[0mSplitLargeReadGroup.SamToFastqAndDragmapAndMba:6:1]: Unrecognized runtime attribute keys: preemptible, disks, cpu, memory
[2026-02-24 02:08:10,95] [info] BackgroundConfigAsyncJobExecutionActor [[38;5;2m0d04d95d[0mSplitLargeReadGroup.SamToFastqAndDragmapAndMba:6:1]: [38;5;5mset -euxo pipefail

DRAGMAP_VERSION=$(dragen-os --version)

if [ -z ${DRAGMAP_VERSION} ]; then
    exit 1;
fi

mkdir dragen_reference
mv /cromwell-executions1/WholeGenomeGermlineSingleSample/06160bfb-7bc0-413b-9ba8-6a78ff6325b1/call-UnmappedBamToAlignedBam/UnmappedBamToAlignedBam/e5dd9295-79be-4223-84e9-2c3cbc52bcd0/call-SplitRG/shard-0/SplitLargeReadGroup/0d04d95d-22fb-4959-bcd5-691d6afa1502/call-SamToFastqAndDragmapAndMba/shard-6/inputs/-1290198700/reference.bin /cromwell-executions1/WholeGenomeGermlineSingleSample/06160bfb-7bc0-413b-9ba8-6a78ff6325b1/call-UnmappedBamToAlignedBam/UnmappedBamToAlignedBam/e5dd9295-79be-4223-84e9-2c3cbc52bcd0/call-SplitRG/shard-0/SplitLargeReadGroup/0d04d95d-22fb-4959-bcd5-691d6afa1502/call-SamToFastqAndDragmapAndMba/shard-6/inputs/-1290198700/hash_table.cfg.bin /cromwell-executions1/WholeGenomeGermlineSingleSample/06160bfb-7bc0-413b-9ba8-6a78ff6325b1/call-UnmappedBamToAlignedBam/UnmappedBamToAlignedBam/e5dd9295-79be-4223-84e9-2c3cbc52bcd0/call-SplitRG/shard-0/SplitLargeReadGroup/0d04d95d-22fb-4959-bcd5-691d6afa1502/call-SamToFastqAndDragmapAndMba/shard-6/inputs/-1290198700/hash_table.cmp dragen_reference

dragen-os -b /cromwell-executions1/WholeGenomeGermlineSingleSample/06160bfb-7bc0-413b-9ba8-6a78ff6325b1/call-UnmappedBamToAlignedBam/UnmappedBamToAlignedBam/e5dd9295-79be-4223-84e9-2c3cbc52bcd0/call-SplitRG/shard-0/SplitLargeReadGroup/0d04d95d-22fb-4959-bcd5-691d6afa1502/call-SamToFastqAndDragmapAndMba/shard-6/inputs/-2128380842/shard_0007.bam -r dragen_reference --interleaved=1 --preserve-map-align-order true 2> >(tee shard_0007.dragmap.stderr.log >&2) | samtools view -h -O BAM - > aligned.bam
java -Dsamjdk.compression_level=2 -Xms1000m -Xmx1000m -jar /picard/picard.jar \
  MergeBamAlignment \
  VALIDATION_STRINGENCY=SILENT \
  EXPECTED_ORIENTATIONS=FR \
  ATTRIBUTES_TO_RETAIN=X0 \
  ATTRIBUTES_TO_REMOVE=RG \
  ATTRIBUTES_TO_REMOVE=NM \
  ATTRIBUTES_TO_REMOVE=MD \
  ALIGNED_BAM=aligned.bam \
  UNMAPPED_BAM=/cromwell-executions1/WholeGenomeGermlineSingleSample/06160bfb-7bc0-413b-9ba8-6a78ff6325b1/call-UnmappedBamToAlignedBam/UnmappedBamToAlignedBam/e5dd9295-79be-4223-84e9-2c3cbc52bcd0/call-SplitRG/shard-0/SplitLargeReadGroup/0d04d95d-22fb-4959-bcd5-691d6afa1502/call-SamToFastqAndDragmapAndMba/shard-6/inputs/-2128380842/shard_0007.bam \
  OUTPUT=shard_0007.bam \
  REFERENCE_SEQUENCE=/cromwell-executions1/WholeGenomeGermlineSingleSample/06160bfb-7bc0-413b-9ba8-6a78ff6325b1/call-UnmappedBamToAlignedBam/UnmappedBamToAlignedBam/e5dd9295-79be-4223-84e9-2c3cbc52bcd0/call-SplitRG/shard-0/SplitLargeReadGroup/0d04d95d-22fb-4959-bcd5-691d6afa1502/call-SamToFastqAndDragmapAndMba/shard-6/inputs/-1569105944/Homo_sapiens_assembly38_masked.fasta \
  PAIRED_RUN=true \
  SORT_ORDER="unsorted" \
  IS_BISULFITE_SEQUENCE=false \
  ALIGNED_READS_ONLY=false \
  CLIP_ADAPTERS=false \
   \
   \
  MAX_RECORDS_IN_RAM=2000000 \
  ADD_MATE_CIGAR=true \
  MAX_INSERTIONS_OR_DELETIONS=-1 \
  PRIMARY_ALIGNMENT_STRATEGY=MostDistant \
  PROGRAM_RECORD_ID="dragen-os" \
  PROGRAM_GROUP_VERSION="${DRAGMAP_VERSION}" \
  PROGRAM_GROUP_COMMAND_LINE="dragen-os -b /cromwell-executions1/WholeGenomeGermlineSingleSample/06160bfb-7bc0-413b-9ba8-6a78ff6325b1/call-UnmappedBamToAlignedBam/UnmappedBamToAlignedBam/e5dd9295-79be-4223-84e9-2c3cbc52bcd0/call-SplitRG/shard-0/SplitLargeReadGroup/0d04d95d-22fb-4959-bcd5-691d6afa1502/call-SamToFastqAndDragmapAndMba/shard-6/inputs/-2128380842/shard_0007.bam -r dragen_reference --interleaved=1" \
  PROGRAM_GROUP_NAME="dragen-os" \
  UNMAPPED_READ_STRATEGY=COPY_TO_TAG \
  ALIGNER_PROPER_PAIR_FLAGS=true \
  UNMAP_CONTAMINANT_READS=true \
  ADD_PG_TAG_TO_READS=false[0m
[2026-02-24 02:08:10,96] [info] BackgroundConfigAsyncJobExecutionActor [[38;5;2m0d04d95d[0mSplitLargeReadGroup.SamToFastqAndDragmapAndMba:6:1]: executing: # make sure there is no preexisting Docker CID file
rm -f /home/darja/workflow/cromwell-executions1/WholeGenomeGermlineSingleSample/06160bfb-7bc0-413b-9ba8-6a78ff6325b1/call-UnmappedBamToAlignedBam/UnmappedBamToAlignedBam/e5dd9295-79be-4223-84e9-2c3cbc52bcd0/call-SplitRG/shard-0/SplitLargeReadGroup/0d04d95d-22fb-4959-bcd5-691d6afa1502/call-SamToFastqAndDragmapAndMba/shard-6/execution/docker_cid
# run as in the original configuration without --rm flag (will remove later)
docker run \
  --cidfile /home/darja/workflow/cromwell-executions1/WholeGenomeGermlineSingleSample/06160bfb-7bc0-413b-9ba8-6a78ff6325b1/call-UnmappedBamToAlignedBam/UnmappedBamToAlignedBam/e5dd9295-79be-4223-84e9-2c3cbc52bcd0/call-SplitRG/shard-0/SplitLargeReadGroup/0d04d95d-22fb-4959-bcd5-691d6afa1502/call-SamToFastqAndDragmapAndMba/shard-6/execution/docker_cid \
  -i \
  --user 1027:1028 \
  --cpus="64" \
  --memory="350G" \
  --entrypoint /bin/bash \
  -v /home/darja/workflow/cromwell-executions1/WholeGenomeGermlineSingleSample/06160bfb-7bc0-413b-9ba8-6a78ff6325b1/call-UnmappedBamToAlignedBam/UnmappedBamToAlignedBam/e5dd9295-79be-4223-84e9-2c3cbc52bcd0/call-SplitRG/shard-0/SplitLargeReadGroup/0d04d95d-22fb-4959-bcd5-691d6afa1502/call-SamToFastqAndDragmapAndMba/shard-6:/cromwell-executions1/WholeGenomeGermlineSingleSample/06160bfb-7bc0-413b-9ba8-6a78ff6325b1/call-UnmappedBamToAlignedBam/UnmappedBamToAlignedBam/e5dd9295-79be-4223-84e9-2c3cbc52bcd0/call-SplitRG/shard-0/SplitLargeReadGroup/0d04d95d-22fb-4959-bcd5-691d6afa1502/call-SamToFastqAndDragmapAndMba/shard-6 \
  -v /mnt/nas1/projects/lasr/blendseq:/mnt/nas1/projects/lasr/blendseq \
  us.gcr.io/broad-gotc-prod/dragmap@sha256:5964afca3e4173c33b11100f68c1a44642e0ff2ee4de5a49d8cd446fef308b23 /cromwell-executions1/WholeGenomeGermlineSingleSample/06160bfb-7bc0-413b-9ba8-6a78ff6325b1/call-UnmappedBamToAlignedBam/UnmappedBamToAlignedBam/e5dd9295-79be-4223-84e9-2c3cbc52bcd0/call-SplitRG/shard-0/SplitLargeReadGroup/0d04d95d-22fb-4959-bcd5-691d6afa1502/call-SamToFastqAndDragmapAndMba/shard-6/execution/script

# get the return code (working even if the container was detached)
rc=$(docker wait [38;5;5mcat /home/darja/workflow/cromwell-executions1/WholeGenomeGermlineSingleSample/06160bfb-7bc0-413b-9ba8-6a78ff6325b1/call-UnmappedBamToAlignedBam/UnmappedBamToAlignedBam/e5dd9295-79be-4223-84e9-2c3cbc52bcd0/call-SplitRG/shard-0/SplitLargeReadGroup/0d04d95d-22fb-4959-bcd5-691d6afa1502/call-SamToFastqAndDragmapAndMba/shard-6/execution/docker_cid[0m)

# remove the container after waiting
docker rm [38;5;5mcat /home/darja/workflow/cromwell-executions1/WholeGenomeGermlineSingleSample/06160bfb-7bc0-413b-9ba8-6a78ff6325b1/call-UnmappedBamToAlignedBam/UnmappedBamToAlignedBam/e5dd9295-79be-4223-84e9-2c3cbc52bcd0/call-SplitRG/shard-0/SplitLargeReadGroup/0d04d95d-22fb-4959-bcd5-691d6afa1502/call-SamToFastqAndDragmapAndMba/shard-6/execution/docker_cid[0m

# return exit code
exit $rc
[2026-02-24 02:08:14,34] [info] BackgroundConfigAsyncJobExecutionActor [[38;5;2m0d04d95d[0mSplitLargeReadGroup.SamToFastqAndDragmapAndMba:6:1]: job id: 60172
[2026-02-24 02:08:14,34] [info] BackgroundConfigAsyncJobExecutionActor [[38;5;2m0d04d95d[0mSplitLargeReadGroup.SamToFastqAndDragmapAndMba:6:1]: Status change from - to WaitingForReturnCode
[2026-02-24 02:41:14,40] [info] BackgroundConfigAsyncJobExecutionActor [[38;5;2m0d04d95d[0mSplitLargeReadGroup.SamToFastqAndDragmapAndMba:6:1]: Status change from WaitingForReturnCode to Done
[2026-02-24 02:41:19,46] [info] Assigned new job execution tokens to the following groups: 06160bfb: 1
[2026-02-24 02:41:19,51] [[38;5;220mwarn[0m] BackgroundConfigAsyncJobExecutionActor [[38;5;2m0d04d95d[0mSplitLargeReadGroup.SamToFastqAndDragmapAndMba:7:1]: Unrecognized runtime attribute keys: preemptible, disks, cpu, memory
[2026-02-24 02:41:20,94] [info] BackgroundConfigAsyncJobExecutionActor [[38;5;2m0d04d95d[0mSplitLargeReadGroup.SamToFastqAndDragmapAndMba:7:1]: [38;5;5mset -euxo pipefail

DRAGMAP_VERSION=$(dragen-os --version)

if [ -z ${DRAGMAP_VERSION} ]; then
    exit 1;
fi

mkdir dragen_reference
mv /cromwell-executions1/WholeGenomeGermlineSingleSample/06160bfb-7bc0-413b-9ba8-6a78ff6325b1/call-UnmappedBamToAlignedBam/UnmappedBamToAlignedBam/e5dd9295-79be-4223-84e9-2c3cbc52bcd0/call-SplitRG/shard-0/SplitLargeReadGroup/0d04d95d-22fb-4959-bcd5-691d6afa1502/call-SamToFastqAndDragmapAndMba/shard-7/inputs/-1290198700/reference.bin /cromwell-executions1/WholeGenomeGermlineSingleSample/06160bfb-7bc0-413b-9ba8-6a78ff6325b1/call-UnmappedBamToAlignedBam/UnmappedBamToAlignedBam/e5dd9295-79be-4223-84e9-2c3cbc52bcd0/call-SplitRG/shard-0/SplitLargeReadGroup/0d04d95d-22fb-4959-bcd5-691d6afa1502/call-SamToFastqAndDragmapAndMba/shard-7/inputs/-1290198700/hash_table.cfg.bin /cromwell-executions1/WholeGenomeGermlineSingleSample/06160bfb-7bc0-413b-9ba8-6a78ff6325b1/call-UnmappedBamToAlignedBam/UnmappedBamToAlignedBam/e5dd9295-79be-4223-84e9-2c3cbc52bcd0/call-SplitRG/shard-0/SplitLargeReadGroup/0d04d95d-22fb-4959-bcd5-691d6afa1502/call-SamToFastqAndDragmapAndMba/shard-7/inputs/-1290198700/hash_table.cmp dragen_reference

dragen-os -b /cromwell-executions1/WholeGenomeGermlineSingleSample/06160bfb-7bc0-413b-9ba8-6a78ff6325b1/call-UnmappedBamToAlignedBam/UnmappedBamToAlignedBam/e5dd9295-79be-4223-84e9-2c3cbc52bcd0/call-SplitRG/shard-0/SplitLargeReadGroup/0d04d95d-22fb-4959-bcd5-691d6afa1502/call-SamToFastqAndDragmapAndMba/shard-7/inputs/-2128380842/shard_0008.bam -r dragen_reference --interleaved=1 --preserve-map-align-order true 2> >(tee shard_0008.dragmap.stderr.log >&2) | samtools view -h -O BAM - > aligned.bam
java -Dsamjdk.compression_level=2 -Xms1000m -Xmx1000m -jar /picard/picard.jar \
  MergeBamAlignment \
  VALIDATION_STRINGENCY=SILENT \
  EXPECTED_ORIENTATIONS=FR \
  ATTRIBUTES_TO_RETAIN=X0 \
  ATTRIBUTES_TO_REMOVE=RG \
  ATTRIBUTES_TO_REMOVE=NM \
  ATTRIBUTES_TO_REMOVE=MD \
  ALIGNED_BAM=aligned.bam \
  UNMAPPED_BAM=/cromwell-executions1/WholeGenomeGermlineSingleSample/06160bfb-7bc0-413b-9ba8-6a78ff6325b1/call-UnmappedBamToAlignedBam/UnmappedBamToAlignedBam/e5dd9295-79be-4223-84e9-2c3cbc52bcd0/call-SplitRG/shard-0/SplitLargeReadGroup/0d04d95d-22fb-4959-bcd5-691d6afa1502/call-SamToFastqAndDragmapAndMba/shard-7/inputs/-2128380842/shard_0008.bam \
  OUTPUT=shard_0008.bam \
  REFERENCE_SEQUENCE=/cromwell-executions1/WholeGenomeGermlineSingleSample/06160bfb-7bc0-413b-9ba8-6a78ff6325b1/call-UnmappedBamToAlignedBam/UnmappedBamToAlignedBam/e5dd9295-79be-4223-84e9-2c3cbc52bcd0/call-SplitRG/shard-0/SplitLargeReadGroup/0d04d95d-22fb-4959-bcd5-691d6afa1502/call-SamToFastqAndDragmapAndMba/shard-7/inputs/-1569105944/Homo_sapiens_assembly38_masked.fasta \
  PAIRED_RUN=true \
  SORT_ORDER="unsorted" \
  IS_BISULFITE_SEQUENCE=false \
  ALIGNED_READS_ONLY=false \
  CLIP_ADAPTERS=false \
   \
   \
  MAX_RECORDS_IN_RAM=2000000 \
  ADD_MATE_CIGAR=true \
  MAX_INSERTIONS_OR_DELETIONS=-1 \
  PRIMARY_ALIGNMENT_STRATEGY=MostDistant \
  PROGRAM_RECORD_ID="dragen-os" \
  PROGRAM_GROUP_VERSION="${DRAGMAP_VERSION}" \
  PROGRAM_GROUP_COMMAND_LINE="dragen-os -b /cromwell-executions1/WholeGenomeGermlineSingleSample/06160bfb-7bc0-413b-9ba8-6a78ff6325b1/call-UnmappedBamToAlignedBam/UnmappedBamToAlignedBam/e5dd9295-79be-4223-84e9-2c3cbc52bcd0/call-SplitRG/shard-0/SplitLargeReadGroup/0d04d95d-22fb-4959-bcd5-691d6afa1502/call-SamToFastqAndDragmapAndMba/shard-7/inputs/-2128380842/shard_0008.bam -r dragen_reference --interleaved=1" \
  PROGRAM_GROUP_NAME="dragen-os" \
  UNMAPPED_READ_STRATEGY=COPY_TO_TAG \
  ALIGNER_PROPER_PAIR_FLAGS=true \
  UNMAP_CONTAMINANT_READS=true \
  ADD_PG_TAG_TO_READS=false[0m
[2026-02-24 02:41:20,95] [info] BackgroundConfigAsyncJobExecutionActor [[38;5;2m0d04d95d[0mSplitLargeReadGroup.SamToFastqAndDragmapAndMba:7:1]: executing: # make sure there is no preexisting Docker CID file
rm -f /home/darja/workflow/cromwell-executions1/WholeGenomeGermlineSingleSample/06160bfb-7bc0-413b-9ba8-6a78ff6325b1/call-UnmappedBamToAlignedBam/UnmappedBamToAlignedBam/e5dd9295-79be-4223-84e9-2c3cbc52bcd0/call-SplitRG/shard-0/SplitLargeReadGroup/0d04d95d-22fb-4959-bcd5-691d6afa1502/call-SamToFastqAndDragmapAndMba/shard-7/execution/docker_cid
# run as in the original configuration without --rm flag (will remove later)
docker run \
  --cidfile /home/darja/workflow/cromwell-executions1/WholeGenomeGermlineSingleSample/06160bfb-7bc0-413b-9ba8-6a78ff6325b1/call-UnmappedBamToAlignedBam/UnmappedBamToAlignedBam/e5dd9295-79be-4223-84e9-2c3cbc52bcd0/call-SplitRG/shard-0/SplitLargeReadGroup/0d04d95d-22fb-4959-bcd5-691d6afa1502/call-SamToFastqAndDragmapAndMba/shard-7/execution/docker_cid \
  -i \
  --user 1027:1028 \
  --cpus="64" \
  --memory="350G" \
  --entrypoint /bin/bash \
  -v /home/darja/workflow/cromwell-executions1/WholeGenomeGermlineSingleSample/06160bfb-7bc0-413b-9ba8-6a78ff6325b1/call-UnmappedBamToAlignedBam/UnmappedBamToAlignedBam/e5dd9295-79be-4223-84e9-2c3cbc52bcd0/call-SplitRG/shard-0/SplitLargeReadGroup/0d04d95d-22fb-4959-bcd5-691d6afa1502/call-SamToFastqAndDragmapAndMba/shard-7:/cromwell-executions1/WholeGenomeGermlineSingleSample/06160bfb-7bc0-413b-9ba8-6a78ff6325b1/call-UnmappedBamToAlignedBam/UnmappedBamToAlignedBam/e5dd9295-79be-4223-84e9-2c3cbc52bcd0/call-SplitRG/shard-0/SplitLargeReadGroup/0d04d95d-22fb-4959-bcd5-691d6afa1502/call-SamToFastqAndDragmapAndMba/shard-7 \
  -v /mnt/nas1/projects/lasr/blendseq:/mnt/nas1/projects/lasr/blendseq \
  us.gcr.io/broad-gotc-prod/dragmap@sha256:5964afca3e4173c33b11100f68c1a44642e0ff2ee4de5a49d8cd446fef308b23 /cromwell-executions1/WholeGenomeGermlineSingleSample/06160bfb-7bc0-413b-9ba8-6a78ff6325b1/call-UnmappedBamToAlignedBam/UnmappedBamToAlignedBam/e5dd9295-79be-4223-84e9-2c3cbc52bcd0/call-SplitRG/shard-0/SplitLargeReadGroup/0d04d95d-22fb-4959-bcd5-691d6afa1502/call-SamToFastqAndDragmapAndMba/shard-7/execution/script

# get the return code (working even if the container was detached)
rc=$(docker wait [38;5;5mcat /home/darja/workflow/cromwell-executions1/WholeGenomeGermlineSingleSample/06160bfb-7bc0-413b-9ba8-6a78ff6325b1/call-UnmappedBamToAlignedBam/UnmappedBamToAlignedBam/e5dd9295-79be-4223-84e9-2c3cbc52bcd0/call-SplitRG/shard-0/SplitLargeReadGroup/0d04d95d-22fb-4959-bcd5-691d6afa1502/call-SamToFastqAndDragmapAndMba/shard-7/execution/docker_cid[0m)

# remove the container after waiting
docker rm [38;5;5mcat /home/darja/workflow/cromwell-executions1/WholeGenomeGermlineSingleSample/06160bfb-7bc0-413b-9ba8-6a78ff6325b1/call-UnmappedBamToAlignedBam/UnmappedBamToAlignedBam/e5dd9295-79be-4223-84e9-2c3cbc52bcd0/call-SplitRG/shard-0/SplitLargeReadGroup/0d04d95d-22fb-4959-bcd5-691d6afa1502/call-SamToFastqAndDragmapAndMba/shard-7/execution/docker_cid[0m

# return exit code
exit $rc
[2026-02-24 02:41:24,34] [info] BackgroundConfigAsyncJobExecutionActor [[38;5;2m0d04d95d[0mSplitLargeReadGroup.SamToFastqAndDragmapAndMba:7:1]: job id: 61016
[2026-02-24 02:41:24,35] [info] BackgroundConfigAsyncJobExecutionActor [[38;5;2m0d04d95d[0mSplitLargeReadGroup.SamToFastqAndDragmapAndMba:7:1]: Status change from - to WaitingForReturnCode
[2026-02-24 03:12:24,16] [info] BackgroundConfigAsyncJobExecutionActor [[38;5;2m0d04d95d[0mSplitLargeReadGroup.SamToFastqAndDragmapAndMba:7:1]: Status change from WaitingForReturnCode to Done
[2026-02-24 03:12:29,46] [info] Assigned new job execution tokens to the following groups: 06160bfb: 1
[2026-02-24 03:12:29,50] [[38;5;220mwarn[0m] BackgroundConfigAsyncJobExecutionActor [[38;5;2m0d04d95d[0mSplitLargeReadGroup.SamToFastqAndDragmapAndMba:3:1]: Unrecognized runtime attribute keys: preemptible, disks, cpu, memory
[2026-02-24 03:12:30,94] [info] BackgroundConfigAsyncJobExecutionActor [[38;5;2m0d04d95d[0mSplitLargeReadGroup.SamToFastqAndDragmapAndMba:3:1]: [38;5;5mset -euxo pipefail

DRAGMAP_VERSION=$(dragen-os --version)

if [ -z ${DRAGMAP_VERSION} ]; then
    exit 1;
fi

mkdir dragen_reference
mv /cromwell-executions1/WholeGenomeGermlineSingleSample/06160bfb-7bc0-413b-9ba8-6a78ff6325b1/call-UnmappedBamToAlignedBam/UnmappedBamToAlignedBam/e5dd9295-79be-4223-84e9-2c3cbc52bcd0/call-SplitRG/shard-0/SplitLargeReadGroup/0d04d95d-22fb-4959-bcd5-691d6afa1502/call-SamToFastqAndDragmapAndMba/shard-3/inputs/-1290198700/reference.bin /cromwell-executions1/WholeGenomeGermlineSingleSample/06160bfb-7bc0-413b-9ba8-6a78ff6325b1/call-UnmappedBamToAlignedBam/UnmappedBamToAlignedBam/e5dd9295-79be-4223-84e9-2c3cbc52bcd0/call-SplitRG/shard-0/SplitLargeReadGroup/0d04d95d-22fb-4959-bcd5-691d6afa1502/call-SamToFastqAndDragmapAndMba/shard-3/inputs/-1290198700/hash_table.cfg.bin /cromwell-executions1/WholeGenomeGermlineSingleSample/06160bfb-7bc0-413b-9ba8-6a78ff6325b1/call-UnmappedBamToAlignedBam/UnmappedBamToAlignedBam/e5dd9295-79be-4223-84e9-2c3cbc52bcd0/call-SplitRG/shard-0/SplitLargeReadGroup/0d04d95d-22fb-4959-bcd5-691d6afa1502/call-SamToFastqAndDragmapAndMba/shard-3/inputs/-1290198700/hash_table.cmp dragen_reference

dragen-os -b /cromwell-executions1/WholeGenomeGermlineSingleSample/06160bfb-7bc0-413b-9ba8-6a78ff6325b1/call-UnmappedBamToAlignedBam/UnmappedBamToAlignedBam/e5dd9295-79be-4223-84e9-2c3cbc52bcd0/call-SplitRG/shard-0/SplitLargeReadGroup/0d04d95d-22fb-4959-bcd5-691d6afa1502/call-SamToFastqAndDragmapAndMba/shard-3/inputs/-2128380842/shard_0004.bam -r dragen_reference --interleaved=1 --preserve-map-align-order true 2> >(tee shard_0004.dragmap.stderr.log >&2) | samtools view -h -O BAM - > aligned.bam
java -Dsamjdk.compression_level=2 -Xms1000m -Xmx1000m -jar /picard/picard.jar \
  MergeBamAlignment \
  VALIDATION_STRINGENCY=SILENT \
  EXPECTED_ORIENTATIONS=FR \
  ATTRIBUTES_TO_RETAIN=X0 \
  ATTRIBUTES_TO_REMOVE=RG \
  ATTRIBUTES_TO_REMOVE=NM \
  ATTRIBUTES_TO_REMOVE=MD \
  ALIGNED_BAM=aligned.bam \
  UNMAPPED_BAM=/cromwell-executions1/WholeGenomeGermlineSingleSample/06160bfb-7bc0-413b-9ba8-6a78ff6325b1/call-UnmappedBamToAlignedBam/UnmappedBamToAlignedBam/e5dd9295-79be-4223-84e9-2c3cbc52bcd0/call-SplitRG/shard-0/SplitLargeReadGroup/0d04d95d-22fb-4959-bcd5-691d6afa1502/call-SamToFastqAndDragmapAndMba/shard-3/inputs/-2128380842/shard_0004.bam \
  OUTPUT=shard_0004.bam \
  REFERENCE_SEQUENCE=/cromwell-executions1/WholeGenomeGermlineSingleSample/06160bfb-7bc0-413b-9ba8-6a78ff6325b1/call-UnmappedBamToAlignedBam/UnmappedBamToAlignedBam/e5dd9295-79be-4223-84e9-2c3cbc52bcd0/call-SplitRG/shard-0/SplitLargeReadGroup/0d04d95d-22fb-4959-bcd5-691d6afa1502/call-SamToFastqAndDragmapAndMba/shard-3/inputs/-1569105944/Homo_sapiens_assembly38_masked.fasta \
  PAIRED_RUN=true \
  SORT_ORDER="unsorted" \
  IS_BISULFITE_SEQUENCE=false \
  ALIGNED_READS_ONLY=false \
  CLIP_ADAPTERS=false \
   \
   \
  MAX_RECORDS_IN_RAM=2000000 \
  ADD_MATE_CIGAR=true \
  MAX_INSERTIONS_OR_DELETIONS=-1 \
  PRIMARY_ALIGNMENT_STRATEGY=MostDistant \
  PROGRAM_RECORD_ID="dragen-os" \
  PROGRAM_GROUP_VERSION="${DRAGMAP_VERSION}" \
  PROGRAM_GROUP_COMMAND_LINE="dragen-os -b /cromwell-executions1/WholeGenomeGermlineSingleSample/06160bfb-7bc0-413b-9ba8-6a78ff6325b1/call-UnmappedBamToAlignedBam/UnmappedBamToAlignedBam/e5dd9295-79be-4223-84e9-2c3cbc52bcd0/call-SplitRG/shard-0/SplitLargeReadGroup/0d04d95d-22fb-4959-bcd5-691d6afa1502/call-SamToFastqAndDragmapAndMba/shard-3/inputs/-2128380842/shard_0004.bam -r dragen_reference --interleaved=1" \
  PROGRAM_GROUP_NAME="dragen-os" \
  UNMAPPED_READ_STRATEGY=COPY_TO_TAG \
  ALIGNER_PROPER_PAIR_FLAGS=true \
  UNMAP_CONTAMINANT_READS=true \
  ADD_PG_TAG_TO_READS=false[0m
[2026-02-24 03:12:30,94] [info] BackgroundConfigAsyncJobExecutionActor [[38;5;2m0d04d95d[0mSplitLargeReadGroup.SamToFastqAndDragmapAndMba:3:1]: executing: # make sure there is no preexisting Docker CID file
rm -f /home/darja/workflow/cromwell-executions1/WholeGenomeGermlineSingleSample/06160bfb-7bc0-413b-9ba8-6a78ff6325b1/call-UnmappedBamToAlignedBam/UnmappedBamToAlignedBam/e5dd9295-79be-4223-84e9-2c3cbc52bcd0/call-SplitRG/shard-0/SplitLargeReadGroup/0d04d95d-22fb-4959-bcd5-691d6afa1502/call-SamToFastqAndDragmapAndMba/shard-3/execution/docker_cid
# run as in the original configuration without --rm flag (will remove later)
docker run \
  --cidfile /home/darja/workflow/cromwell-executions1/WholeGenomeGermlineSingleSample/06160bfb-7bc0-413b-9ba8-6a78ff6325b1/call-UnmappedBamToAlignedBam/UnmappedBamToAlignedBam/e5dd9295-79be-4223-84e9-2c3cbc52bcd0/call-SplitRG/shard-0/SplitLargeReadGroup/0d04d95d-22fb-4959-bcd5-691d6afa1502/call-SamToFastqAndDragmapAndMba/shard-3/execution/docker_cid \
  -i \
  --user 1027:1028 \
  --cpus="64" \
  --memory="350G" \
  --entrypoint /bin/bash \
  -v /home/darja/workflow/cromwell-executions1/WholeGenomeGermlineSingleSample/06160bfb-7bc0-413b-9ba8-6a78ff6325b1/call-UnmappedBamToAlignedBam/UnmappedBamToAlignedBam/e5dd9295-79be-4223-84e9-2c3cbc52bcd0/call-SplitRG/shard-0/SplitLargeReadGroup/0d04d95d-22fb-4959-bcd5-691d6afa1502/call-SamToFastqAndDragmapAndMba/shard-3:/cromwell-executions1/WholeGenomeGermlineSingleSample/06160bfb-7bc0-413b-9ba8-6a78ff6325b1/call-UnmappedBamToAlignedBam/UnmappedBamToAlignedBam/e5dd9295-79be-4223-84e9-2c3cbc52bcd0/call-SplitRG/shard-0/SplitLargeReadGroup/0d04d95d-22fb-4959-bcd5-691d6afa1502/call-SamToFastqAndDragmapAndMba/shard-3 \
  -v /mnt/nas1/projects/lasr/blendseq:/mnt/nas1/projects/lasr/blendseq \
  us.gcr.io/broad-gotc-prod/dragmap@sha256:5964afca3e4173c33b11100f68c1a44642e0ff2ee4de5a49d8cd446fef308b23 /cromwell-executions1/WholeGenomeGermlineSingleSample/06160bfb-7bc0-413b-9ba8-6a78ff6325b1/call-UnmappedBamToAlignedBam/UnmappedBamToAlignedBam/e5dd9295-79be-4223-84e9-2c3cbc52bcd0/call-SplitRG/shard-0/SplitLargeReadGroup/0d04d95d-22fb-4959-bcd5-691d6afa1502/call-SamToFastqAndDragmapAndMba/shard-3/execution/script

# get the return code (working even if the container was detached)
rc=$(docker wait [38;5;5mcat /home/darja/workflow/cromwell-executions1/WholeGenomeGermlineSingleSample/06160bfb-7bc0-413b-9ba8-6a78ff6325b1/call-UnmappedBamToAlignedBam/UnmappedBamToAlignedBam/e5dd9295-79be-4223-84e9-2c3cbc52bcd0/call-SplitRG/shard-0/SplitLargeReadGroup/0d04d95d-22fb-4959-bcd5-691d6afa1502/call-SamToFastqAndDragmapAndMba/shard-3/execution/docker_cid[0m)

# remove the container after waiting
docker rm [38;5;5mcat /home/darja/workflow/cromwell-executions1/WholeGenomeGermlineSingleSample/06160bfb-7bc0-413b-9ba8-6a78ff6325b1/call-UnmappedBamToAlignedBam/UnmappedBamToAlignedBam/e5dd9295-79be-4223-84e9-2c3cbc52bcd0/call-SplitRG/shard-0/SplitLargeReadGroup/0d04d95d-22fb-4959-bcd5-691d6afa1502/call-SamToFastqAndDragmapAndMba/shard-3/execution/docker_cid[0m

# return exit code
exit $rc
[2026-02-24 03:12:34,34] [info] BackgroundConfigAsyncJobExecutionActor [[38;5;2m0d04d95d[0mSplitLargeReadGroup.SamToFastqAndDragmapAndMba:3:1]: job id: 61894
[2026-02-24 03:12:34,34] [info] BackgroundConfigAsyncJobExecutionActor [[38;5;2m0d04d95d[0mSplitLargeReadGroup.SamToFastqAndDragmapAndMba:3:1]: Status change from - to WaitingForReturnCode
[2026-02-24 03:43:15,63] [info] BackgroundConfigAsyncJobExecutionActor [[38;5;2m0d04d95d[0mSplitLargeReadGroup.SamToFastqAndDragmapAndMba:3:1]: Status change from WaitingForReturnCode to Done
[2026-02-24 03:43:19,46] [info] Assigned new job execution tokens to the following groups: 06160bfb: 1
[2026-02-24 03:43:19,51] [[38;5;220mwarn[0m] BackgroundConfigAsyncJobExecutionActor [[38;5;2m0d04d95d[0mSplitLargeReadGroup.SamToFastqAndDragmapAndMba:0:1]: Unrecognized runtime attribute keys: preemptible, disks, cpu, memory
[2026-02-24 03:43:20,94] [info] BackgroundConfigAsyncJobExecutionActor [[38;5;2m0d04d95d[0mSplitLargeReadGroup.SamToFastqAndDragmapAndMba:0:1]: [38;5;5mset -euxo pipefail

DRAGMAP_VERSION=$(dragen-os --version)

if [ -z ${DRAGMAP_VERSION} ]; then
    exit 1;
fi

mkdir dragen_reference
mv /cromwell-executions1/WholeGenomeGermlineSingleSample/06160bfb-7bc0-413b-9ba8-6a78ff6325b1/call-UnmappedBamToAlignedBam/UnmappedBamToAlignedBam/e5dd9295-79be-4223-84e9-2c3cbc52bcd0/call-SplitRG/shard-0/SplitLargeReadGroup/0d04d95d-22fb-4959-bcd5-691d6afa1502/call-SamToFastqAndDragmapAndMba/shard-0/inputs/-1290198700/reference.bin /cromwell-executions1/WholeGenomeGermlineSingleSample/06160bfb-7bc0-413b-9ba8-6a78ff6325b1/call-UnmappedBamToAlignedBam/UnmappedBamToAlignedBam/e5dd9295-79be-4223-84e9-2c3cbc52bcd0/call-SplitRG/shard-0/SplitLargeReadGroup/0d04d95d-22fb-4959-bcd5-691d6afa1502/call-SamToFastqAndDragmapAndMba/shard-0/inputs/-1290198700/hash_table.cfg.bin /cromwell-executions1/WholeGenomeGermlineSingleSample/06160bfb-7bc0-413b-9ba8-6a78ff6325b1/call-UnmappedBamToAlignedBam/UnmappedBamToAlignedBam/e5dd9295-79be-4223-84e9-2c3cbc52bcd0/call-SplitRG/shard-0/SplitLargeReadGroup/0d04d95d-22fb-4959-bcd5-691d6afa1502/call-SamToFastqAndDragmapAndMba/shard-0/inputs/-1290198700/hash_table.cmp dragen_reference

dragen-os -b /cromwell-executions1/WholeGenomeGermlineSingleSample/06160bfb-7bc0-413b-9ba8-6a78ff6325b1/call-UnmappedBamToAlignedBam/UnmappedBamToAlignedBam/e5dd9295-79be-4223-84e9-2c3cbc52bcd0/call-SplitRG/shard-0/SplitLargeReadGroup/0d04d95d-22fb-4959-bcd5-691d6afa1502/call-SamToFastqAndDragmapAndMba/shard-0/inputs/-2128380842/shard_0001.bam -r dragen_reference --interleaved=1 --preserve-map-align-order true 2> >(tee shard_0001.dragmap.stderr.log >&2) | samtools view -h -O BAM - > aligned.bam
java -Dsamjdk.compression_level=2 -Xms1000m -Xmx1000m -jar /picard/picard.jar \
  MergeBamAlignment \
  VALIDATION_STRINGENCY=SILENT \
  EXPECTED_ORIENTATIONS=FR \
  ATTRIBUTES_TO_RETAIN=X0 \
  ATTRIBUTES_TO_REMOVE=RG \
  ATTRIBUTES_TO_REMOVE=NM \
  ATTRIBUTES_TO_REMOVE=MD \
  ALIGNED_BAM=aligned.bam \
  UNMAPPED_BAM=/cromwell-executions1/WholeGenomeGermlineSingleSample/06160bfb-7bc0-413b-9ba8-6a78ff6325b1/call-UnmappedBamToAlignedBam/UnmappedBamToAlignedBam/e5dd9295-79be-4223-84e9-2c3cbc52bcd0/call-SplitRG/shard-0/SplitLargeReadGroup/0d04d95d-22fb-4959-bcd5-691d6afa1502/call-SamToFastqAndDragmapAndMba/shard-0/inputs/-2128380842/shard_0001.bam \
  OUTPUT=shard_0001.bam \
  REFERENCE_SEQUENCE=/cromwell-executions1/WholeGenomeGermlineSingleSample/06160bfb-7bc0-413b-9ba8-6a78ff6325b1/call-UnmappedBamToAlignedBam/UnmappedBamToAlignedBam/e5dd9295-79be-4223-84e9-2c3cbc52bcd0/call-SplitRG/shard-0/SplitLargeReadGroup/0d04d95d-22fb-4959-bcd5-691d6afa1502/call-SamToFastqAndDragmapAndMba/shard-0/inputs/-1569105944/Homo_sapiens_assembly38_masked.fasta \
  PAIRED_RUN=true \
  SORT_ORDER="unsorted" \
  IS_BISULFITE_SEQUENCE=false \
  ALIGNED_READS_ONLY=false \
  CLIP_ADAPTERS=false \
   \
   \
  MAX_RECORDS_IN_RAM=2000000 \
  ADD_MATE_CIGAR=true \
  MAX_INSERTIONS_OR_DELETIONS=-1 \
  PRIMARY_ALIGNMENT_STRATEGY=MostDistant \
  PROGRAM_RECORD_ID="dragen-os" \
  PROGRAM_GROUP_VERSION="${DRAGMAP_VERSION}" \
  PROGRAM_GROUP_COMMAND_LINE="dragen-os -b /cromwell-executions1/WholeGenomeGermlineSingleSample/06160bfb-7bc0-413b-9ba8-6a78ff6325b1/call-UnmappedBamToAlignedBam/UnmappedBamToAlignedBam/e5dd9295-79be-4223-84e9-2c3cbc52bcd0/call-SplitRG/shard-0/SplitLargeReadGroup/0d04d95d-22fb-4959-bcd5-691d6afa1502/call-SamToFastqAndDragmapAndMba/shard-0/inputs/-2128380842/shard_0001.bam -r dragen_reference --interleaved=1" \
  PROGRAM_GROUP_NAME="dragen-os" \
  UNMAPPED_READ_STRATEGY=COPY_TO_TAG \
  ALIGNER_PROPER_PAIR_FLAGS=true \
  UNMAP_CONTAMINANT_READS=true \
  ADD_PG_TAG_TO_READS=false[0m
[2026-02-24 03:43:20,94] [info] BackgroundConfigAsyncJobExecutionActor [[38;5;2m0d04d95d[0mSplitLargeReadGroup.SamToFastqAndDragmapAndMba:0:1]: executing: # make sure there is no preexisting Docker CID file
rm -f /home/darja/workflow/cromwell-executions1/WholeGenomeGermlineSingleSample/06160bfb-7bc0-413b-9ba8-6a78ff6325b1/call-UnmappedBamToAlignedBam/UnmappedBamToAlignedBam/e5dd9295-79be-4223-84e9-2c3cbc52bcd0/call-SplitRG/shard-0/SplitLargeReadGroup/0d04d95d-22fb-4959-bcd5-691d6afa1502/call-SamToFastqAndDragmapAndMba/shard-0/execution/docker_cid
# run as in the original configuration without --rm flag (will remove later)
docker run \
  --cidfile /home/darja/workflow/cromwell-executions1/WholeGenomeGermlineSingleSample/06160bfb-7bc0-413b-9ba8-6a78ff6325b1/call-UnmappedBamToAlignedBam/UnmappedBamToAlignedBam/e5dd9295-79be-4223-84e9-2c3cbc52bcd0/call-SplitRG/shard-0/SplitLargeReadGroup/0d04d95d-22fb-4959-bcd5-691d6afa1502/call-SamToFastqAndDragmapAndMba/shard-0/execution/docker_cid \
  -i \
  --user 1027:1028 \
  --cpus="64" \
  --memory="350G" \
  --entrypoint /bin/bash \
  -v /home/darja/workflow/cromwell-executions1/WholeGenomeGermlineSingleSample/06160bfb-7bc0-413b-9ba8-6a78ff6325b1/call-UnmappedBamToAlignedBam/UnmappedBamToAlignedBam/e5dd9295-79be-4223-84e9-2c3cbc52bcd0/call-SplitRG/shard-0/SplitLargeReadGroup/0d04d95d-22fb-4959-bcd5-691d6afa1502/call-SamToFastqAndDragmapAndMba/shard-0:/cromwell-executions1/WholeGenomeGermlineSingleSample/06160bfb-7bc0-413b-9ba8-6a78ff6325b1/call-UnmappedBamToAlignedBam/UnmappedBamToAlignedBam/e5dd9295-79be-4223-84e9-2c3cbc52bcd0/call-SplitRG/shard-0/SplitLargeReadGroup/0d04d95d-22fb-4959-bcd5-691d6afa1502/call-SamToFastqAndDragmapAndMba/shard-0 \
  -v /mnt/nas1/projects/lasr/blendseq:/mnt/nas1/projects/lasr/blendseq \
  us.gcr.io/broad-gotc-prod/dragmap@sha256:5964afca3e4173c33b11100f68c1a44642e0ff2ee4de5a49d8cd446fef308b23 /cromwell-executions1/WholeGenomeGermlineSingleSample/06160bfb-7bc0-413b-9ba8-6a78ff6325b1/call-UnmappedBamToAlignedBam/UnmappedBamToAlignedBam/e5dd9295-79be-4223-84e9-2c3cbc52bcd0/call-SplitRG/shard-0/SplitLargeReadGroup/0d04d95d-22fb-4959-bcd5-691d6afa1502/call-SamToFastqAndDragmapAndMba/shard-0/execution/script

# get the return code (working even if the container was detached)
rc=$(docker wait [38;5;5mcat /home/darja/workflow/cromwell-executions1/WholeGenomeGermlineSingleSample/06160bfb-7bc0-413b-9ba8-6a78ff6325b1/call-UnmappedBamToAlignedBam/UnmappedBamToAlignedBam/e5dd9295-79be-4223-84e9-2c3cbc52bcd0/call-SplitRG/shard-0/SplitLargeReadGroup/0d04d95d-22fb-4959-bcd5-691d6afa1502/call-SamToFastqAndDragmapAndMba/shard-0/execution/docker_cid[0m)

# remove the container after waiting
docker rm [38;5;5mcat /home/darja/workflow/cromwell-executions1/WholeGenomeGermlineSingleSample/06160bfb-7bc0-413b-9ba8-6a78ff6325b1/call-UnmappedBamToAlignedBam/UnmappedBamToAlignedBam/e5dd9295-79be-4223-84e9-2c3cbc52bcd0/call-SplitRG/shard-0/SplitLargeReadGroup/0d04d95d-22fb-4959-bcd5-691d6afa1502/call-SamToFastqAndDragmapAndMba/shard-0/execution/docker_cid[0m

# return exit code
exit $rc
[2026-02-24 03:43:24,34] [info] BackgroundConfigAsyncJobExecutionActor [[38;5;2m0d04d95d[0mSplitLargeReadGroup.SamToFastqAndDragmapAndMba:0:1]: job id: 62747
[2026-02-24 03:43:24,34] [info] BackgroundConfigAsyncJobExecutionActor [[38;5;2m0d04d95d[0mSplitLargeReadGroup.SamToFastqAndDragmapAndMba:0:1]: Status change from - to WaitingForReturnCode
[2026-02-24 04:14:24,35] [info] BackgroundConfigAsyncJobExecutionActor [[38;5;2m0d04d95d[0mSplitLargeReadGroup.SamToFastqAndDragmapAndMba:0:1]: Status change from WaitingForReturnCode to Done
[2026-02-24 04:14:29,46] [info] Assigned new job execution tokens to the following groups: 06160bfb: 1
[2026-02-24 04:14:29,50] [[38;5;220mwarn[0m] BackgroundConfigAsyncJobExecutionActor [[38;5;2m0d04d95d[0mSplitLargeReadGroup.SamToFastqAndDragmapAndMba:4:1]: Unrecognized runtime attribute keys: preemptible, disks, cpu, memory
[2026-02-24 04:14:30,95] [info] BackgroundConfigAsyncJobExecutionActor [[38;5;2m0d04d95d[0mSplitLargeReadGroup.SamToFastqAndDragmapAndMba:4:1]: [38;5;5mset -euxo pipefail

DRAGMAP_VERSION=$(dragen-os --version)

if [ -z ${DRAGMAP_VERSION} ]; then
    exit 1;
fi

mkdir dragen_reference
mv /cromwell-executions1/WholeGenomeGermlineSingleSample/06160bfb-7bc0-413b-9ba8-6a78ff6325b1/call-UnmappedBamToAlignedBam/UnmappedBamToAlignedBam/e5dd9295-79be-4223-84e9-2c3cbc52bcd0/call-SplitRG/shard-0/SplitLargeReadGroup/0d04d95d-22fb-4959-bcd5-691d6afa1502/call-SamToFastqAndDragmapAndMba/shard-4/inputs/-1290198700/reference.bin /cromwell-executions1/WholeGenomeGermlineSingleSample/06160bfb-7bc0-413b-9ba8-6a78ff6325b1/call-UnmappedBamToAlignedBam/UnmappedBamToAlignedBam/e5dd9295-79be-4223-84e9-2c3cbc52bcd0/call-SplitRG/shard-0/SplitLargeReadGroup/0d04d95d-22fb-4959-bcd5-691d6afa1502/call-SamToFastqAndDragmapAndMba/shard-4/inputs/-1290198700/hash_table.cfg.bin /cromwell-executions1/WholeGenomeGermlineSingleSample/06160bfb-7bc0-413b-9ba8-6a78ff6325b1/call-UnmappedBamToAlignedBam/UnmappedBamToAlignedBam/e5dd9295-79be-4223-84e9-2c3cbc52bcd0/call-SplitRG/shard-0/SplitLargeReadGroup/0d04d95d-22fb-4959-bcd5-691d6afa1502/call-SamToFastqAndDragmapAndMba/shard-4/inputs/-1290198700/hash_table.cmp dragen_reference

dragen-os -b /cromwell-executions1/WholeGenomeGermlineSingleSample/06160bfb-7bc0-413b-9ba8-6a78ff6325b1/call-UnmappedBamToAlignedBam/UnmappedBamToAlignedBam/e5dd9295-79be-4223-84e9-2c3cbc52bcd0/call-SplitRG/shard-0/SplitLargeReadGroup/0d04d95d-22fb-4959-bcd5-691d6afa1502/call-SamToFastqAndDragmapAndMba/shard-4/inputs/-2128380842/shard_0005.bam -r dragen_reference --interleaved=1 --preserve-map-align-order true 2> >(tee shard_0005.dragmap.stderr.log >&2) | samtools view -h -O BAM - > aligned.bam
java -Dsamjdk.compression_level=2 -Xms1000m -Xmx1000m -jar /picard/picard.jar \
  MergeBamAlignment \
  VALIDATION_STRINGENCY=SILENT \
  EXPECTED_ORIENTATIONS=FR \
  ATTRIBUTES_TO_RETAIN=X0 \
  ATTRIBUTES_TO_REMOVE=RG \
  ATTRIBUTES_TO_REMOVE=NM \
  ATTRIBUTES_TO_REMOVE=MD \
  ALIGNED_BAM=aligned.bam \
  UNMAPPED_BAM=/cromwell-executions1/WholeGenomeGermlineSingleSample/06160bfb-7bc0-413b-9ba8-6a78ff6325b1/call-UnmappedBamToAlignedBam/UnmappedBamToAlignedBam/e5dd9295-79be-4223-84e9-2c3cbc52bcd0/call-SplitRG/shard-0/SplitLargeReadGroup/0d04d95d-22fb-4959-bcd5-691d6afa1502/call-SamToFastqAndDragmapAndMba/shard-4/inputs/-2128380842/shard_0005.bam \
  OUTPUT=shard_0005.bam \
  REFERENCE_SEQUENCE=/cromwell-executions1/WholeGenomeGermlineSingleSample/06160bfb-7bc0-413b-9ba8-6a78ff6325b1/call-UnmappedBamToAlignedBam/UnmappedBamToAlignedBam/e5dd9295-79be-4223-84e9-2c3cbc52bcd0/call-SplitRG/shard-0/SplitLargeReadGroup/0d04d95d-22fb-4959-bcd5-691d6afa1502/call-SamToFastqAndDragmapAndMba/shard-4/inputs/-1569105944/Homo_sapiens_assembly38_masked.fasta \
  PAIRED_RUN=true \
  SORT_ORDER="unsorted" \
  IS_BISULFITE_SEQUENCE=false \
  ALIGNED_READS_ONLY=false \
  CLIP_ADAPTERS=false \
   \
   \
  MAX_RECORDS_IN_RAM=2000000 \
  ADD_MATE_CIGAR=true \
  MAX_INSERTIONS_OR_DELETIONS=-1 \
  PRIMARY_ALIGNMENT_STRATEGY=MostDistant \
  PROGRAM_RECORD_ID="dragen-os" \
  PROGRAM_GROUP_VERSION="${DRAGMAP_VERSION}" \
  PROGRAM_GROUP_COMMAND_LINE="dragen-os -b /cromwell-executions1/WholeGenomeGermlineSingleSample/06160bfb-7bc0-413b-9ba8-6a78ff6325b1/call-UnmappedBamToAlignedBam/UnmappedBamToAlignedBam/e5dd9295-79be-4223-84e9-2c3cbc52bcd0/call-SplitRG/shard-0/SplitLargeReadGroup/0d04d95d-22fb-4959-bcd5-691d6afa1502/call-SamToFastqAndDragmapAndMba/shard-4/inputs/-2128380842/shard_0005.bam -r dragen_reference --interleaved=1" \
  PROGRAM_GROUP_NAME="dragen-os" \
  UNMAPPED_READ_STRATEGY=COPY_TO_TAG \
  ALIGNER_PROPER_PAIR_FLAGS=true \
  UNMAP_CONTAMINANT_READS=true \
  ADD_PG_TAG_TO_READS=false[0m
[2026-02-24 04:14:30,95] [info] BackgroundConfigAsyncJobExecutionActor [[38;5;2m0d04d95d[0mSplitLargeReadGroup.SamToFastqAndDragmapAndMba:4:1]: executing: # make sure there is no preexisting Docker CID file
rm -f /home/darja/workflow/cromwell-executions1/WholeGenomeGermlineSingleSample/06160bfb-7bc0-413b-9ba8-6a78ff6325b1/call-UnmappedBamToAlignedBam/UnmappedBamToAlignedBam/e5dd9295-79be-4223-84e9-2c3cbc52bcd0/call-SplitRG/shard-0/SplitLargeReadGroup/0d04d95d-22fb-4959-bcd5-691d6afa1502/call-SamToFastqAndDragmapAndMba/shard-4/execution/docker_cid
# run as in the original configuration without --rm flag (will remove later)
docker run \
  --cidfile /home/darja/workflow/cromwell-executions1/WholeGenomeGermlineSingleSample/06160bfb-7bc0-413b-9ba8-6a78ff6325b1/call-UnmappedBamToAlignedBam/UnmappedBamToAlignedBam/e5dd9295-79be-4223-84e9-2c3cbc52bcd0/call-SplitRG/shard-0/SplitLargeReadGroup/0d04d95d-22fb-4959-bcd5-691d6afa1502/call-SamToFastqAndDragmapAndMba/shard-4/execution/docker_cid \
  -i \
  --user 1027:1028 \
  --cpus="64" \
  --memory="350G" \
  --entrypoint /bin/bash \
  -v /home/darja/workflow/cromwell-executions1/WholeGenomeGermlineSingleSample/06160bfb-7bc0-413b-9ba8-6a78ff6325b1/call-UnmappedBamToAlignedBam/UnmappedBamToAlignedBam/e5dd9295-79be-4223-84e9-2c3cbc52bcd0/call-SplitRG/shard-0/SplitLargeReadGroup/0d04d95d-22fb-4959-bcd5-691d6afa1502/call-SamToFastqAndDragmapAndMba/shard-4:/cromwell-executions1/WholeGenomeGermlineSingleSample/06160bfb-7bc0-413b-9ba8-6a78ff6325b1/call-UnmappedBamToAlignedBam/UnmappedBamToAlignedBam/e5dd9295-79be-4223-84e9-2c3cbc52bcd0/call-SplitRG/shard-0/SplitLargeReadGroup/0d04d95d-22fb-4959-bcd5-691d6afa1502/call-SamToFastqAndDragmapAndMba/shard-4 \
  -v /mnt/nas1/projects/lasr/blendseq:/mnt/nas1/projects/lasr/blendseq \
  us.gcr.io/broad-gotc-prod/dragmap@sha256:5964afca3e4173c33b11100f68c1a44642e0ff2ee4de5a49d8cd446fef308b23 /cromwell-executions1/WholeGenomeGermlineSingleSample/06160bfb-7bc0-413b-9ba8-6a78ff6325b1/call-UnmappedBamToAlignedBam/UnmappedBamToAlignedBam/e5dd9295-79be-4223-84e9-2c3cbc52bcd0/call-SplitRG/shard-0/SplitLargeReadGroup/0d04d95d-22fb-4959-bcd5-691d6afa1502/call-SamToFastqAndDragmapAndMba/shard-4/execution/script

# get the return code (working even if the container was detached)
rc=$(docker wait [38;5;5mcat /home/darja/workflow/cromwell-executions1/WholeGenomeGermlineSingleSample/06160bfb-7bc0-413b-9ba8-6a78ff6325b1/call-UnmappedBamToAlignedBam/UnmappedBamToAlignedBam/e5dd9295-79be-4223-84e9-2c3cbc52bcd0/call-SplitRG/shard-0/SplitLargeReadGroup/0d04d95d-22fb-4959-bcd5-691d6afa1502/call-SamToFastqAndDragmapAndMba/shard-4/execution/docker_cid[0m)

# remove the container after waiting
docker rm [38;5;5mcat /home/darja/workflow/cromwell-executions1/WholeGenomeGermlineSingleSample/06160bfb-7bc0-413b-9ba8-6a78ff6325b1/call-UnmappedBamToAlignedBam/UnmappedBamToAlignedBam/e5dd9295-79be-4223-84e9-2c3cbc52bcd0/call-SplitRG/shard-0/SplitLargeReadGroup/0d04d95d-22fb-4959-bcd5-691d6afa1502/call-SamToFastqAndDragmapAndMba/shard-4/execution/docker_cid[0m

# return exit code
exit $rc
[2026-02-24 04:14:34,34] [info] BackgroundConfigAsyncJobExecutionActor [[38;5;2m0d04d95d[0mSplitLargeReadGroup.SamToFastqAndDragmapAndMba:4:1]: job id: 63565
[2026-02-24 04:14:34,34] [info] BackgroundConfigAsyncJobExecutionActor [[38;5;2m0d04d95d[0mSplitLargeReadGroup.SamToFastqAndDragmapAndMba:4:1]: Status change from - to WaitingForReturnCode
[2026-02-24 04:47:47,62] [info] BackgroundConfigAsyncJobExecutionActor [[38;5;2m0d04d95d[0mSplitLargeReadGroup.SamToFastqAndDragmapAndMba:4:1]: Status change from WaitingForReturnCode to Done
[2026-02-24 04:47:49,46] [info] Assigned new job execution tokens to the following groups: 06160bfb: 1
[2026-02-24 04:47:49,50] [[38;5;220mwarn[0m] BackgroundConfigAsyncJobExecutionActor [[38;5;2m0d04d95d[0mSplitLargeReadGroup.SamToFastqAndDragmapAndMba:8:1]: Unrecognized runtime attribute keys: preemptible, disks, cpu, memory
[2026-02-24 04:47:50,91] [info] BackgroundConfigAsyncJobExecutionActor [[38;5;2m0d04d95d[0mSplitLargeReadGroup.SamToFastqAndDragmapAndMba:8:1]: [38;5;5mset -euxo pipefail

DRAGMAP_VERSION=$(dragen-os --version)

if [ -z ${DRAGMAP_VERSION} ]; then
    exit 1;
fi

mkdir dragen_reference
mv /cromwell-executions1/WholeGenomeGermlineSingleSample/06160bfb-7bc0-413b-9ba8-6a78ff6325b1/call-UnmappedBamToAlignedBam/UnmappedBamToAlignedBam/e5dd9295-79be-4223-84e9-2c3cbc52bcd0/call-SplitRG/shard-0/SplitLargeReadGroup/0d04d95d-22fb-4959-bcd5-691d6afa1502/call-SamToFastqAndDragmapAndMba/shard-8/inputs/-1290198700/reference.bin /cromwell-executions1/WholeGenomeGermlineSingleSample/06160bfb-7bc0-413b-9ba8-6a78ff6325b1/call-UnmappedBamToAlignedBam/UnmappedBamToAlignedBam/e5dd9295-79be-4223-84e9-2c3cbc52bcd0/call-SplitRG/shard-0/SplitLargeReadGroup/0d04d95d-22fb-4959-bcd5-691d6afa1502/call-SamToFastqAndDragmapAndMba/shard-8/inputs/-1290198700/hash_table.cfg.bin /cromwell-executions1/WholeGenomeGermlineSingleSample/06160bfb-7bc0-413b-9ba8-6a78ff6325b1/call-UnmappedBamToAlignedBam/UnmappedBamToAlignedBam/e5dd9295-79be-4223-84e9-2c3cbc52bcd0/call-SplitRG/shard-0/SplitLargeReadGroup/0d04d95d-22fb-4959-bcd5-691d6afa1502/call-SamToFastqAndDragmapAndMba/shard-8/inputs/-1290198700/hash_table.cmp dragen_reference

dragen-os -b /cromwell-executions1/WholeGenomeGermlineSingleSample/06160bfb-7bc0-413b-9ba8-6a78ff6325b1/call-UnmappedBamToAlignedBam/UnmappedBamToAlignedBam/e5dd9295-79be-4223-84e9-2c3cbc52bcd0/call-SplitRG/shard-0/SplitLargeReadGroup/0d04d95d-22fb-4959-bcd5-691d6afa1502/call-SamToFastqAndDragmapAndMba/shard-8/inputs/-2128380842/shard_0009.bam -r dragen_reference --interleaved=1 --preserve-map-align-order true 2> >(tee shard_0009.dragmap.stderr.log >&2) | samtools view -h -O BAM - > aligned.bam
java -Dsamjdk.compression_level=2 -Xms1000m -Xmx1000m -jar /picard/picard.jar \
  MergeBamAlignment \
  VALIDATION_STRINGENCY=SILENT \
  EXPECTED_ORIENTATIONS=FR \
  ATTRIBUTES_TO_RETAIN=X0 \
  ATTRIBUTES_TO_REMOVE=RG \
  ATTRIBUTES_TO_REMOVE=NM \
  ATTRIBUTES_TO_REMOVE=MD \
  ALIGNED_BAM=aligned.bam \
  UNMAPPED_BAM=/cromwell-executions1/WholeGenomeGermlineSingleSample/06160bfb-7bc0-413b-9ba8-6a78ff6325b1/call-UnmappedBamToAlignedBam/UnmappedBamToAlignedBam/e5dd9295-79be-4223-84e9-2c3cbc52bcd0/call-SplitRG/shard-0/SplitLargeReadGroup/0d04d95d-22fb-4959-bcd5-691d6afa1502/call-SamToFastqAndDragmapAndMba/shard-8/inputs/-2128380842/shard_0009.bam \
  OUTPUT=shard_0009.bam \
  REFERENCE_SEQUENCE=/cromwell-executions1/WholeGenomeGermlineSingleSample/06160bfb-7bc0-413b-9ba8-6a78ff6325b1/call-UnmappedBamToAlignedBam/UnmappedBamToAlignedBam/e5dd9295-79be-4223-84e9-2c3cbc52bcd0/call-SplitRG/shard-0/SplitLargeReadGroup/0d04d95d-22fb-4959-bcd5-691d6afa1502/call-SamToFastqAndDragmapAndMba/shard-8/inputs/-1569105944/Homo_sapiens_assembly38_masked.fasta \
  PAIRED_RUN=true \
  SORT_ORDER="unsorted" \
  IS_BISULFITE_SEQUENCE=false \
  ALIGNED_READS_ONLY=false \
  CLIP_ADAPTERS=false \
   \
   \
  MAX_RECORDS_IN_RAM=2000000 \
  ADD_MATE_CIGAR=true \
  MAX_INSERTIONS_OR_DELETIONS=-1 \
  PRIMARY_ALIGNMENT_STRATEGY=MostDistant \
  PROGRAM_RECORD_ID="dragen-os" \
  PROGRAM_GROUP_VERSION="${DRAGMAP_VERSION}" \
  PROGRAM_GROUP_COMMAND_LINE="dragen-os -b /cromwell-executions1/WholeGenomeGermlineSingleSample/06160bfb-7bc0-413b-9ba8-6a78ff6325b1/call-UnmappedBamToAlignedBam/UnmappedBamToAlignedBam/e5dd9295-79be-4223-84e9-2c3cbc52bcd0/call-SplitRG/shard-0/SplitLargeReadGroup/0d04d95d-22fb-4959-bcd5-691d6afa1502/call-SamToFastqAndDragmapAndMba/shard-8/inputs/-2128380842/shard_0009.bam -r dragen_reference --interleaved=1" \
  PROGRAM_GROUP_NAME="dragen-os" \
  UNMAPPED_READ_STRATEGY=COPY_TO_TAG \
  ALIGNER_PROPER_PAIR_FLAGS=true \
  UNMAP_CONTAMINANT_READS=true \
  ADD_PG_TAG_TO_READS=false[0m
[2026-02-24 04:47:50,91] [info] BackgroundConfigAsyncJobExecutionActor [[38;5;2m0d04d95d[0mSplitLargeReadGroup.SamToFastqAndDragmapAndMba:8:1]: executing: # make sure there is no preexisting Docker CID file
rm -f /home/darja/workflow/cromwell-executions1/WholeGenomeGermlineSingleSample/06160bfb-7bc0-413b-9ba8-6a78ff6325b1/call-UnmappedBamToAlignedBam/UnmappedBamToAlignedBam/e5dd9295-79be-4223-84e9-2c3cbc52bcd0/call-SplitRG/shard-0/SplitLargeReadGroup/0d04d95d-22fb-4959-bcd5-691d6afa1502/call-SamToFastqAndDragmapAndMba/shard-8/execution/docker_cid
# run as in the original configuration without --rm flag (will remove later)
docker run \
  --cidfile /home/darja/workflow/cromwell-executions1/WholeGenomeGermlineSingleSample/06160bfb-7bc0-413b-9ba8-6a78ff6325b1/call-UnmappedBamToAlignedBam/UnmappedBamToAlignedBam/e5dd9295-79be-4223-84e9-2c3cbc52bcd0/call-SplitRG/shard-0/SplitLargeReadGroup/0d04d95d-22fb-4959-bcd5-691d6afa1502/call-SamToFastqAndDragmapAndMba/shard-8/execution/docker_cid \
  -i \
  --user 1027:1028 \
  --cpus="64" \
  --memory="350G" \
  --entrypoint /bin/bash \
  -v /home/darja/workflow/cromwell-executions1/WholeGenomeGermlineSingleSample/06160bfb-7bc0-413b-9ba8-6a78ff6325b1/call-UnmappedBamToAlignedBam/UnmappedBamToAlignedBam/e5dd9295-79be-4223-84e9-2c3cbc52bcd0/call-SplitRG/shard-0/SplitLargeReadGroup/0d04d95d-22fb-4959-bcd5-691d6afa1502/call-SamToFastqAndDragmapAndMba/shard-8:/cromwell-executions1/WholeGenomeGermlineSingleSample/06160bfb-7bc0-413b-9ba8-6a78ff6325b1/call-UnmappedBamToAlignedBam/UnmappedBamToAlignedBam/e5dd9295-79be-4223-84e9-2c3cbc52bcd0/call-SplitRG/shard-0/SplitLargeReadGroup/0d04d95d-22fb-4959-bcd5-691d6afa1502/call-SamToFastqAndDragmapAndMba/shard-8 \
  -v /mnt/nas1/projects/lasr/blendseq:/mnt/nas1/projects/lasr/blendseq \
  us.gcr.io/broad-gotc-prod/dragmap@sha256:5964afca3e4173c33b11100f68c1a44642e0ff2ee4de5a49d8cd446fef308b23 /cromwell-executions1/WholeGenomeGermlineSingleSample/06160bfb-7bc0-413b-9ba8-6a78ff6325b1/call-UnmappedBamToAlignedBam/UnmappedBamToAlignedBam/e5dd9295-79be-4223-84e9-2c3cbc52bcd0/call-SplitRG/shard-0/SplitLargeReadGroup/0d04d95d-22fb-4959-bcd5-691d6afa1502/call-SamToFastqAndDragmapAndMba/shard-8/execution/script

# get the return code (working even if the container was detached)
rc=$(docker wait [38;5;5mcat /home/darja/workflow/cromwell-executions1/WholeGenomeGermlineSingleSample/06160bfb-7bc0-413b-9ba8-6a78ff6325b1/call-UnmappedBamToAlignedBam/UnmappedBamToAlignedBam/e5dd9295-79be-4223-84e9-2c3cbc52bcd0/call-SplitRG/shard-0/SplitLargeReadGroup/0d04d95d-22fb-4959-bcd5-691d6afa1502/call-SamToFastqAndDragmapAndMba/shard-8/execution/docker_cid[0m)

# remove the container after waiting
docker rm [38;5;5mcat /home/darja/workflow/cromwell-executions1/WholeGenomeGermlineSingleSample/06160bfb-7bc0-413b-9ba8-6a78ff6325b1/call-UnmappedBamToAlignedBam/UnmappedBamToAlignedBam/e5dd9295-79be-4223-84e9-2c3cbc52bcd0/call-SplitRG/shard-0/SplitLargeReadGroup/0d04d95d-22fb-4959-bcd5-691d6afa1502/call-SamToFastqAndDragmapAndMba/shard-8/execution/docker_cid[0m

# return exit code
exit $rc
[2026-02-24 04:47:54,34] [info] BackgroundConfigAsyncJobExecutionActor [[38;5;2m0d04d95d[0mSplitLargeReadGroup.SamToFastqAndDragmapAndMba:8:1]: job id: 64375
[2026-02-24 04:47:54,35] [info] BackgroundConfigAsyncJobExecutionActor [[38;5;2m0d04d95d[0mSplitLargeReadGroup.SamToFastqAndDragmapAndMba:8:1]: Status change from - to WaitingForReturnCode
[2026-02-24 05:15:31,45] [info] BackgroundConfigAsyncJobExecutionActor [[38;5;2m0d04d95d[0mSplitLargeReadGroup.SamToFastqAndDragmapAndMba:8:1]: Status change from WaitingForReturnCode to Done
[2026-02-24 05:15:39,46] [info] Assigned new job execution tokens to the following groups: 06160bfb: 1
[2026-02-24 05:15:39,50] [[38;5;220mwarn[0m] BackgroundConfigAsyncJobExecutionActor [[38;5;2m0d04d95d[0mSplitLargeReadGroup.SamToFastqAndDragmapAndMba:10:1]: Unrecognized runtime attribute keys: preemptible, disks, cpu, memory
[2026-02-24 05:15:40,90] [info] BackgroundConfigAsyncJobExecutionActor [[38;5;2m0d04d95d[0mSplitLargeReadGroup.SamToFastqAndDragmapAndMba:10:1]: [38;5;5mset -euxo pipefail

DRAGMAP_VERSION=$(dragen-os --version)

if [ -z ${DRAGMAP_VERSION} ]; then
    exit 1;
fi

mkdir dragen_reference
mv /cromwell-executions1/WholeGenomeGermlineSingleSample/06160bfb-7bc0-413b-9ba8-6a78ff6325b1/call-UnmappedBamToAlignedBam/UnmappedBamToAlignedBam/e5dd9295-79be-4223-84e9-2c3cbc52bcd0/call-SplitRG/shard-0/SplitLargeReadGroup/0d04d95d-22fb-4959-bcd5-691d6afa1502/call-SamToFastqAndDragmapAndMba/shard-10/inputs/-1290198700/reference.bin /cromwell-executions1/WholeGenomeGermlineSingleSample/06160bfb-7bc0-413b-9ba8-6a78ff6325b1/call-UnmappedBamToAlignedBam/UnmappedBamToAlignedBam/e5dd9295-79be-4223-84e9-2c3cbc52bcd0/call-SplitRG/shard-0/SplitLargeReadGroup/0d04d95d-22fb-4959-bcd5-691d6afa1502/call-SamToFastqAndDragmapAndMba/shard-10/inputs/-1290198700/hash_table.cfg.bin /cromwell-executions1/WholeGenomeGermlineSingleSample/06160bfb-7bc0-413b-9ba8-6a78ff6325b1/call-UnmappedBamToAlignedBam/UnmappedBamToAlignedBam/e5dd9295-79be-4223-84e9-2c3cbc52bcd0/call-SplitRG/shard-0/SplitLargeReadGroup/0d04d95d-22fb-4959-bcd5-691d6afa1502/call-SamToFastqAndDragmapAndMba/shard-10/inputs/-1290198700/hash_table.cmp dragen_reference

dragen-os -b /cromwell-executions1/WholeGenomeGermlineSingleSample/06160bfb-7bc0-413b-9ba8-6a78ff6325b1/call-UnmappedBamToAlignedBam/UnmappedBamToAlignedBam/e5dd9295-79be-4223-84e9-2c3cbc52bcd0/call-SplitRG/shard-0/SplitLargeReadGroup/0d04d95d-22fb-4959-bcd5-691d6afa1502/call-SamToFastqAndDragmapAndMba/shard-10/inputs/-2128380842/shard_0011.bam -r dragen_reference --interleaved=1 --preserve-map-align-order true 2> >(tee shard_0011.dragmap.stderr.log >&2) | samtools view -h -O BAM - > aligned.bam
java -Dsamjdk.compression_level=2 -Xms1000m -Xmx1000m -jar /picard/picard.jar \
  MergeBamAlignment \
  VALIDATION_STRINGENCY=SILENT \
  EXPECTED_ORIENTATIONS=FR \
  ATTRIBUTES_TO_RETAIN=X0 \
  ATTRIBUTES_TO_REMOVE=RG \
  ATTRIBUTES_TO_REMOVE=NM \
  ATTRIBUTES_TO_REMOVE=MD \
  ALIGNED_BAM=aligned.bam \
  UNMAPPED_BAM=/cromwell-executions1/WholeGenomeGermlineSingleSample/06160bfb-7bc0-413b-9ba8-6a78ff6325b1/call-UnmappedBamToAlignedBam/UnmappedBamToAlignedBam/e5dd9295-79be-4223-84e9-2c3cbc52bcd0/call-SplitRG/shard-0/SplitLargeReadGroup/0d04d95d-22fb-4959-bcd5-691d6afa1502/call-SamToFastqAndDragmapAndMba/shard-10/inputs/-2128380842/shard_0011.bam \
  OUTPUT=shard_0011.bam \
  REFERENCE_SEQUENCE=/cromwell-executions1/WholeGenomeGermlineSingleSample/06160bfb-7bc0-413b-9ba8-6a78ff6325b1/call-UnmappedBamToAlignedBam/UnmappedBamToAlignedBam/e5dd9295-79be-4223-84e9-2c3cbc52bcd0/call-SplitRG/shard-0/SplitLargeReadGroup/0d04d95d-22fb-4959-bcd5-691d6afa1502/call-SamToFastqAndDragmapAndMba/shard-10/inputs/-1569105944/Homo_sapiens_assembly38_masked.fasta \
  PAIRED_RUN=true \
  SORT_ORDER="unsorted" \
  IS_BISULFITE_SEQUENCE=false \
  ALIGNED_READS_ONLY=false \
  CLIP_ADAPTERS=false \
   \
   \
  MAX_RECORDS_IN_RAM=2000000 \
  ADD_MATE_CIGAR=true \
  MAX_INSERTIONS_OR_DELETIONS=-1 \
  PRIMARY_ALIGNMENT_STRATEGY=MostDistant \
  PROGRAM_RECORD_ID="dragen-os" \
  PROGRAM_GROUP_VERSION="${DRAGMAP_VERSION}" \
  PROGRAM_GROUP_COMMAND_LINE="dragen-os -b /cromwell-executions1/WholeGenomeGermlineSingleSample/06160bfb-7bc0-413b-9ba8-6a78ff6325b1/call-UnmappedBamToAlignedBam/UnmappedBamToAlignedBam/e5dd9295-79be-4223-84e9-2c3cbc52bcd0/call-SplitRG/shard-0/SplitLargeReadGroup/0d04d95d-22fb-4959-bcd5-691d6afa1502/call-SamToFastqAndDragmapAndMba/shard-10/inputs/-2128380842/shard_0011.bam -r dragen_reference --interleaved=1" \
  PROGRAM_GROUP_NAME="dragen-os" \
  UNMAPPED_READ_STRATEGY=COPY_TO_TAG \
  ALIGNER_PROPER_PAIR_FLAGS=true \
  UNMAP_CONTAMINANT_READS=true \
  ADD_PG_TAG_TO_READS=false[0m
[2026-02-24 05:15:40,91] [info] BackgroundConfigAsyncJobExecutionActor [[38;5;2m0d04d95d[0mSplitLargeReadGroup.SamToFastqAndDragmapAndMba:10:1]: executing: # make sure there is no preexisting Docker CID file
rm -f /home/darja/workflow/cromwell-executions1/WholeGenomeGermlineSingleSample/06160bfb-7bc0-413b-9ba8-6a78ff6325b1/call-UnmappedBamToAlignedBam/UnmappedBamToAlignedBam/e5dd9295-79be-4223-84e9-2c3cbc52bcd0/call-SplitRG/shard-0/SplitLargeReadGroup/0d04d95d-22fb-4959-bcd5-691d6afa1502/call-SamToFastqAndDragmapAndMba/shard-10/execution/docker_cid
# run as in the original configuration without --rm flag (will remove later)
docker run \
  --cidfile /home/darja/workflow/cromwell-executions1/WholeGenomeGermlineSingleSample/06160bfb-7bc0-413b-9ba8-6a78ff6325b1/call-UnmappedBamToAlignedBam/UnmappedBamToAlignedBam/e5dd9295-79be-4223-84e9-2c3cbc52bcd0/call-SplitRG/shard-0/SplitLargeReadGroup/0d04d95d-22fb-4959-bcd5-691d6afa1502/call-SamToFastqAndDragmapAndMba/shard-10/execution/docker_cid \
  -i \
  --user 1027:1028 \
  --cpus="64" \
  --memory="350G" \
  --entrypoint /bin/bash \
  -v /home/darja/workflow/cromwell-executions1/WholeGenomeGermlineSingleSample/06160bfb-7bc0-413b-9ba8-6a78ff6325b1/call-UnmappedBamToAlignedBam/UnmappedBamToAlignedBam/e5dd9295-79be-4223-84e9-2c3cbc52bcd0/call-SplitRG/shard-0/SplitLargeReadGroup/0d04d95d-22fb-4959-bcd5-691d6afa1502/call-SamToFastqAndDragmapAndMba/shard-10:/cromwell-executions1/WholeGenomeGermlineSingleSample/06160bfb-7bc0-413b-9ba8-6a78ff6325b1/call-UnmappedBamToAlignedBam/UnmappedBamToAlignedBam/e5dd9295-79be-4223-84e9-2c3cbc52bcd0/call-SplitRG/shard-0/SplitLargeReadGroup/0d04d95d-22fb-4959-bcd5-691d6afa1502/call-SamToFastqAndDragmapAndMba/shard-10 \
  -v /mnt/nas1/projects/lasr/blendseq:/mnt/nas1/projects/lasr/blendseq \
  us.gcr.io/broad-gotc-prod/dragmap@sha256:5964afca3e4173c33b11100f68c1a44642e0ff2ee4de5a49d8cd446fef308b23 /cromwell-executions1/WholeGenomeGermlineSingleSample/06160bfb-7bc0-413b-9ba8-6a78ff6325b1/call-UnmappedBamToAlignedBam/UnmappedBamToAlignedBam/e5dd9295-79be-4223-84e9-2c3cbc52bcd0/call-SplitRG/shard-0/SplitLargeReadGroup/0d04d95d-22fb-4959-bcd5-691d6afa1502/call-SamToFastqAndDragmapAndMba/shard-10/execution/script

# get the return code (working even if the container was detached)
rc=$(docker wait [38;5;5mcat /home/darja/workflow/cromwell-executions1/WholeGenomeGermlineSingleSample/06160bfb-7bc0-413b-9ba8-6a78ff6325b1/call-UnmappedBamToAlignedBam/UnmappedBamToAlignedBam/e5dd9295-79be-4223-84e9-2c3cbc52bcd0/call-SplitRG/shard-0/SplitLargeReadGroup/0d04d95d-22fb-4959-bcd5-691d6afa1502/call-SamToFastqAndDragmapAndMba/shard-10/execution/docker_cid[0m)

# remove the container after waiting
docker rm [38;5;5mcat /home/darja/workflow/cromwell-executions1/WholeGenomeGermlineSingleSample/06160bfb-7bc0-413b-9ba8-6a78ff6325b1/call-UnmappedBamToAlignedBam/UnmappedBamToAlignedBam/e5dd9295-79be-4223-84e9-2c3cbc52bcd0/call-SplitRG/shard-0/SplitLargeReadGroup/0d04d95d-22fb-4959-bcd5-691d6afa1502/call-SamToFastqAndDragmapAndMba/shard-10/execution/docker_cid[0m

# return exit code
exit $rc
[2026-02-24 05:15:44,34] [info] BackgroundConfigAsyncJobExecutionActor [[38;5;2m0d04d95d[0mSplitLargeReadGroup.SamToFastqAndDragmapAndMba:10:1]: job id: 65187
[2026-02-24 05:15:44,34] [info] BackgroundConfigAsyncJobExecutionActor [[38;5;2m0d04d95d[0mSplitLargeReadGroup.SamToFastqAndDragmapAndMba:10:1]: Status change from - to WaitingForReturnCode
[2026-02-24 05:45:25,05] [info] BackgroundConfigAsyncJobExecutionActor [[38;5;2m0d04d95d[0mSplitLargeReadGroup.SamToFastqAndDragmapAndMba:10:1]: Status change from WaitingForReturnCode to Done
[2026-02-24 05:45:29,46] [info] Assigned new job execution tokens to the following groups: 06160bfb: 1
[2026-02-24 05:45:29,50] [[38;5;220mwarn[0m] BackgroundConfigAsyncJobExecutionActor [[38;5;2m0d04d95d[0mSplitLargeReadGroup.SamToFastqAndDragmapAndMba:9:1]: Unrecognized runtime attribute keys: preemptible, disks, cpu, memory
[2026-02-24 05:45:30,98] [info] BackgroundConfigAsyncJobExecutionActor [[38;5;2m0d04d95d[0mSplitLargeReadGroup.SamToFastqAndDragmapAndMba:9:1]: [38;5;5mset -euxo pipefail

DRAGMAP_VERSION=$(dragen-os --version)

if [ -z ${DRAGMAP_VERSION} ]; then
    exit 1;
fi

mkdir dragen_reference
mv /cromwell-executions1/WholeGenomeGermlineSingleSample/06160bfb-7bc0-413b-9ba8-6a78ff6325b1/call-UnmappedBamToAlignedBam/UnmappedBamToAlignedBam/e5dd9295-79be-4223-84e9-2c3cbc52bcd0/call-SplitRG/shard-0/SplitLargeReadGroup/0d04d95d-22fb-4959-bcd5-691d6afa1502/call-SamToFastqAndDragmapAndMba/shard-9/inputs/-1290198700/reference.bin /cromwell-executions1/WholeGenomeGermlineSingleSample/06160bfb-7bc0-413b-9ba8-6a78ff6325b1/call-UnmappedBamToAlignedBam/UnmappedBamToAlignedBam/e5dd9295-79be-4223-84e9-2c3cbc52bcd0/call-SplitRG/shard-0/SplitLargeReadGroup/0d04d95d-22fb-4959-bcd5-691d6afa1502/call-SamToFastqAndDragmapAndMba/shard-9/inputs/-1290198700/hash_table.cfg.bin /cromwell-executions1/WholeGenomeGermlineSingleSample/06160bfb-7bc0-413b-9ba8-6a78ff6325b1/call-UnmappedBamToAlignedBam/UnmappedBamToAlignedBam/e5dd9295-79be-4223-84e9-2c3cbc52bcd0/call-SplitRG/shard-0/SplitLargeReadGroup/0d04d95d-22fb-4959-bcd5-691d6afa1502/call-SamToFastqAndDragmapAndMba/shard-9/inputs/-1290198700/hash_table.cmp dragen_reference

dragen-os -b /cromwell-executions1/WholeGenomeGermlineSingleSample/06160bfb-7bc0-413b-9ba8-6a78ff6325b1/call-UnmappedBamToAlignedBam/UnmappedBamToAlignedBam/e5dd9295-79be-4223-84e9-2c3cbc52bcd0/call-SplitRG/shard-0/SplitLargeReadGroup/0d04d95d-22fb-4959-bcd5-691d6afa1502/call-SamToFastqAndDragmapAndMba/shard-9/inputs/-2128380842/shard_0010.bam -r dragen_reference --interleaved=1 --preserve-map-align-order true 2> >(tee shard_0010.dragmap.stderr.log >&2) | samtools view -h -O BAM - > aligned.bam
java -Dsamjdk.compression_level=2 -Xms1000m -Xmx1000m -jar /picard/picard.jar \
  MergeBamAlignment \
  VALIDATION_STRINGENCY=SILENT \
  EXPECTED_ORIENTATIONS=FR \
  ATTRIBUTES_TO_RETAIN=X0 \
  ATTRIBUTES_TO_REMOVE=RG \
  ATTRIBUTES_TO_REMOVE=NM \
  ATTRIBUTES_TO_REMOVE=MD \
  ALIGNED_BAM=aligned.bam \
  UNMAPPED_BAM=/cromwell-executions1/WholeGenomeGermlineSingleSample/06160bfb-7bc0-413b-9ba8-6a78ff6325b1/call-UnmappedBamToAlignedBam/UnmappedBamToAlignedBam/e5dd9295-79be-4223-84e9-2c3cbc52bcd0/call-SplitRG/shard-0/SplitLargeReadGroup/0d04d95d-22fb-4959-bcd5-691d6afa1502/call-SamToFastqAndDragmapAndMba/shard-9/inputs/-2128380842/shard_0010.bam \
  OUTPUT=shard_0010.bam \
  REFERENCE_SEQUENCE=/cromwell-executions1/WholeGenomeGermlineSingleSample/06160bfb-7bc0-413b-9ba8-6a78ff6325b1/call-UnmappedBamToAlignedBam/UnmappedBamToAlignedBam/e5dd9295-79be-4223-84e9-2c3cbc52bcd0/call-SplitRG/shard-0/SplitLargeReadGroup/0d04d95d-22fb-4959-bcd5-691d6afa1502/call-SamToFastqAndDragmapAndMba/shard-9/inputs/-1569105944/Homo_sapiens_assembly38_masked.fasta \
  PAIRED_RUN=true \
  SORT_ORDER="unsorted" \
  IS_BISULFITE_SEQUENCE=false \
  ALIGNED_READS_ONLY=false \
  CLIP_ADAPTERS=false \
   \
   \
  MAX_RECORDS_IN_RAM=2000000 \
  ADD_MATE_CIGAR=true \
  MAX_INSERTIONS_OR_DELETIONS=-1 \
  PRIMARY_ALIGNMENT_STRATEGY=MostDistant \
  PROGRAM_RECORD_ID="dragen-os" \
  PROGRAM_GROUP_VERSION="${DRAGMAP_VERSION}" \
  PROGRAM_GROUP_COMMAND_LINE="dragen-os -b /cromwell-executions1/WholeGenomeGermlineSingleSample/06160bfb-7bc0-413b-9ba8-6a78ff6325b1/call-UnmappedBamToAlignedBam/UnmappedBamToAlignedBam/e5dd9295-79be-4223-84e9-2c3cbc52bcd0/call-SplitRG/shard-0/SplitLargeReadGroup/0d04d95d-22fb-4959-bcd5-691d6afa1502/call-SamToFastqAndDragmapAndMba/shard-9/inputs/-2128380842/shard_0010.bam -r dragen_reference --interleaved=1" \
  PROGRAM_GROUP_NAME="dragen-os" \
  UNMAPPED_READ_STRATEGY=COPY_TO_TAG \
  ALIGNER_PROPER_PAIR_FLAGS=true \
  UNMAP_CONTAMINANT_READS=true \
  ADD_PG_TAG_TO_READS=false[0m
[2026-02-24 05:45:30,98] [info] BackgroundConfigAsyncJobExecutionActor [[38;5;2m0d04d95d[0mSplitLargeReadGroup.SamToFastqAndDragmapAndMba:9:1]: executing: # make sure there is no preexisting Docker CID file
rm -f /home/darja/workflow/cromwell-executions1/WholeGenomeGermlineSingleSample/06160bfb-7bc0-413b-9ba8-6a78ff6325b1/call-UnmappedBamToAlignedBam/UnmappedBamToAlignedBam/e5dd9295-79be-4223-84e9-2c3cbc52bcd0/call-SplitRG/shard-0/SplitLargeReadGroup/0d04d95d-22fb-4959-bcd5-691d6afa1502/call-SamToFastqAndDragmapAndMba/shard-9/execution/docker_cid
# run as in the original configuration without --rm flag (will remove later)
docker run \
  --cidfile /home/darja/workflow/cromwell-executions1/WholeGenomeGermlineSingleSample/06160bfb-7bc0-413b-9ba8-6a78ff6325b1/call-UnmappedBamToAlignedBam/UnmappedBamToAlignedBam/e5dd9295-79be-4223-84e9-2c3cbc52bcd0/call-SplitRG/shard-0/SplitLargeReadGroup/0d04d95d-22fb-4959-bcd5-691d6afa1502/call-SamToFastqAndDragmapAndMba/shard-9/execution/docker_cid \
  -i \
  --user 1027:1028 \
  --cpus="64" \
  --memory="350G" \
  --entrypoint /bin/bash \
  -v /home/darja/workflow/cromwell-executions1/WholeGenomeGermlineSingleSample/06160bfb-7bc0-413b-9ba8-6a78ff6325b1/call-UnmappedBamToAlignedBam/UnmappedBamToAlignedBam/e5dd9295-79be-4223-84e9-2c3cbc52bcd0/call-SplitRG/shard-0/SplitLargeReadGroup/0d04d95d-22fb-4959-bcd5-691d6afa1502/call-SamToFastqAndDragmapAndMba/shard-9:/cromwell-executions1/WholeGenomeGermlineSingleSample/06160bfb-7bc0-413b-9ba8-6a78ff6325b1/call-UnmappedBamToAlignedBam/UnmappedBamToAlignedBam/e5dd9295-79be-4223-84e9-2c3cbc52bcd0/call-SplitRG/shard-0/SplitLargeReadGroup/0d04d95d-22fb-4959-bcd5-691d6afa1502/call-SamToFastqAndDragmapAndMba/shard-9 \
  -v /mnt/nas1/projects/lasr/blendseq:/mnt/nas1/projects/lasr/blendseq \
  us.gcr.io/broad-gotc-prod/dragmap@sha256:5964afca3e4173c33b11100f68c1a44642e0ff2ee4de5a49d8cd446fef308b23 /cromwell-executions1/WholeGenomeGermlineSingleSample/06160bfb-7bc0-413b-9ba8-6a78ff6325b1/call-UnmappedBamToAlignedBam/UnmappedBamToAlignedBam/e5dd9295-79be-4223-84e9-2c3cbc52bcd0/call-SplitRG/shard-0/SplitLargeReadGroup/0d04d95d-22fb-4959-bcd5-691d6afa1502/call-SamToFastqAndDragmapAndMba/shard-9/execution/script

# get the return code (working even if the container was detached)
rc=$(docker wait [38;5;5mcat /home/darja/workflow/cromwell-executions1/WholeGenomeGermlineSingleSample/06160bfb-7bc0-413b-9ba8-6a78ff6325b1/call-UnmappedBamToAlignedBam/UnmappedBamToAlignedBam/e5dd9295-79be-4223-84e9-2c3cbc52bcd0/call-SplitRG/shard-0/SplitLargeReadGroup/0d04d95d-22fb-4959-bcd5-691d6afa1502/call-SamToFastqAndDragmapAndMba/shard-9/execution/docker_cid[0m)

# remove the container after waiting
docker rm [38;5;5mcat /home/darja/workflow/cromwell-executions1/WholeGenomeGermlineSingleSample/06160bfb-7bc0-413b-9ba8-6a78ff6325b1/call-UnmappedBamToAlignedBam/UnmappedBamToAlignedBam/e5dd9295-79be-4223-84e9-2c3cbc52bcd0/call-SplitRG/shard-0/SplitLargeReadGroup/0d04d95d-22fb-4959-bcd5-691d6afa1502/call-SamToFastqAndDragmapAndMba/shard-9/execution/docker_cid[0m

# return exit code
exit $rc
[2026-02-24 05:45:34,34] [info] BackgroundConfigAsyncJobExecutionActor [[38;5;2m0d04d95d[0mSplitLargeReadGroup.SamToFastqAndDragmapAndMba:9:1]: job id: 66004
[2026-02-24 05:45:34,34] [info] BackgroundConfigAsyncJobExecutionActor [[38;5;2m0d04d95d[0mSplitLargeReadGroup.SamToFastqAndDragmapAndMba:9:1]: Status change from - to WaitingForReturnCode
[2026-02-24 06:13:43,24] [info] BackgroundConfigAsyncJobExecutionActor [[38;5;2m0d04d95d[0mSplitLargeReadGroup.SamToFastqAndDragmapAndMba:9:1]: Status change from WaitingForReturnCode to Done
[2026-02-24 06:13:49,46] [info] Assigned new job execution tokens to the following groups: 06160bfb: 1
[2026-02-24 06:13:49,50] [[38;5;220mwarn[0m] BackgroundConfigAsyncJobExecutionActor [[38;5;2m0d04d95d[0mSplitLargeReadGroup.SamToFastqAndDragmapAndMba:17:1]: Unrecognized runtime attribute keys: preemptible, disks, cpu, memory
[2026-02-24 06:13:50,89] [info] BackgroundConfigAsyncJobExecutionActor [[38;5;2m0d04d95d[0mSplitLargeReadGroup.SamToFastqAndDragmapAndMba:17:1]: [38;5;5mset -euxo pipefail

DRAGMAP_VERSION=$(dragen-os --version)

if [ -z ${DRAGMAP_VERSION} ]; then
    exit 1;
fi

mkdir dragen_reference
mv /cromwell-executions1/WholeGenomeGermlineSingleSample/06160bfb-7bc0-413b-9ba8-6a78ff6325b1/call-UnmappedBamToAlignedBam/UnmappedBamToAlignedBam/e5dd9295-79be-4223-84e9-2c3cbc52bcd0/call-SplitRG/shard-0/SplitLargeReadGroup/0d04d95d-22fb-4959-bcd5-691d6afa1502/call-SamToFastqAndDragmapAndMba/shard-17/inputs/-1290198700/reference.bin /cromwell-executions1/WholeGenomeGermlineSingleSample/06160bfb-7bc0-413b-9ba8-6a78ff6325b1/call-UnmappedBamToAlignedBam/UnmappedBamToAlignedBam/e5dd9295-79be-4223-84e9-2c3cbc52bcd0/call-SplitRG/shard-0/SplitLargeReadGroup/0d04d95d-22fb-4959-bcd5-691d6afa1502/call-SamToFastqAndDragmapAndMba/shard-17/inputs/-1290198700/hash_table.cfg.bin /cromwell-executions1/WholeGenomeGermlineSingleSample/06160bfb-7bc0-413b-9ba8-6a78ff6325b1/call-UnmappedBamToAlignedBam/UnmappedBamToAlignedBam/e5dd9295-79be-4223-84e9-2c3cbc52bcd0/call-SplitRG/shard-0/SplitLargeReadGroup/0d04d95d-22fb-4959-bcd5-691d6afa1502/call-SamToFastqAndDragmapAndMba/shard-17/inputs/-1290198700/hash_table.cmp dragen_reference

dragen-os -b /cromwell-executions1/WholeGenomeGermlineSingleSample/06160bfb-7bc0-413b-9ba8-6a78ff6325b1/call-UnmappedBamToAlignedBam/UnmappedBamToAlignedBam/e5dd9295-79be-4223-84e9-2c3cbc52bcd0/call-SplitRG/shard-0/SplitLargeReadGroup/0d04d95d-22fb-4959-bcd5-691d6afa1502/call-SamToFastqAndDragmapAndMba/shard-17/inputs/-2128380842/shard_0018.bam -r dragen_reference --interleaved=1 --preserve-map-align-order true 2> >(tee shard_0018.dragmap.stderr.log >&2) | samtools view -h -O BAM - > aligned.bam
java -Dsamjdk.compression_level=2 -Xms1000m -Xmx1000m -jar /picard/picard.jar \
  MergeBamAlignment \
  VALIDATION_STRINGENCY=SILENT \
  EXPECTED_ORIENTATIONS=FR \
  ATTRIBUTES_TO_RETAIN=X0 \
  ATTRIBUTES_TO_REMOVE=RG \
  ATTRIBUTES_TO_REMOVE=NM \
  ATTRIBUTES_TO_REMOVE=MD \
  ALIGNED_BAM=aligned.bam \
  UNMAPPED_BAM=/cromwell-executions1/WholeGenomeGermlineSingleSample/06160bfb-7bc0-413b-9ba8-6a78ff6325b1/call-UnmappedBamToAlignedBam/UnmappedBamToAlignedBam/e5dd9295-79be-4223-84e9-2c3cbc52bcd0/call-SplitRG/shard-0/SplitLargeReadGroup/0d04d95d-22fb-4959-bcd5-691d6afa1502/call-SamToFastqAndDragmapAndMba/shard-17/inputs/-2128380842/shard_0018.bam \
  OUTPUT=shard_0018.bam \
  REFERENCE_SEQUENCE=/cromwell-executions1/WholeGenomeGermlineSingleSample/06160bfb-7bc0-413b-9ba8-6a78ff6325b1/call-UnmappedBamToAlignedBam/UnmappedBamToAlignedBam/e5dd9295-79be-4223-84e9-2c3cbc52bcd0/call-SplitRG/shard-0/SplitLargeReadGroup/0d04d95d-22fb-4959-bcd5-691d6afa1502/call-SamToFastqAndDragmapAndMba/shard-17/inputs/-1569105944/Homo_sapiens_assembly38_masked.fasta \
  PAIRED_RUN=true \
  SORT_ORDER="unsorted" \
  IS_BISULFITE_SEQUENCE=false \
  ALIGNED_READS_ONLY=false \
  CLIP_ADAPTERS=false \
   \
   \
  MAX_RECORDS_IN_RAM=2000000 \
  ADD_MATE_CIGAR=true \
  MAX_INSERTIONS_OR_DELETIONS=-1 \
  PRIMARY_ALIGNMENT_STRATEGY=MostDistant \
  PROGRAM_RECORD_ID="dragen-os" \
  PROGRAM_GROUP_VERSION="${DRAGMAP_VERSION}" \
  PROGRAM_GROUP_COMMAND_LINE="dragen-os -b /cromwell-executions1/WholeGenomeGermlineSingleSample/06160bfb-7bc0-413b-9ba8-6a78ff6325b1/call-UnmappedBamToAlignedBam/UnmappedBamToAlignedBam/e5dd9295-79be-4223-84e9-2c3cbc52bcd0/call-SplitRG/shard-0/SplitLargeReadGroup/0d04d95d-22fb-4959-bcd5-691d6afa1502/call-SamToFastqAndDragmapAndMba/shard-17/inputs/-2128380842/shard_0018.bam -r dragen_reference --interleaved=1" \
  PROGRAM_GROUP_NAME="dragen-os" \
  UNMAPPED_READ_STRATEGY=COPY_TO_TAG \
  ALIGNER_PROPER_PAIR_FLAGS=true \
  UNMAP_CONTAMINANT_READS=true \
  ADD_PG_TAG_TO_READS=false[0m
[2026-02-24 06:13:50,89] [info] BackgroundConfigAsyncJobExecutionActor [[38;5;2m0d04d95d[0mSplitLargeReadGroup.SamToFastqAndDragmapAndMba:17:1]: executing: # make sure there is no preexisting Docker CID file
rm -f /home/darja/workflow/cromwell-executions1/WholeGenomeGermlineSingleSample/06160bfb-7bc0-413b-9ba8-6a78ff6325b1/call-UnmappedBamToAlignedBam/UnmappedBamToAlignedBam/e5dd9295-79be-4223-84e9-2c3cbc52bcd0/call-SplitRG/shard-0/SplitLargeReadGroup/0d04d95d-22fb-4959-bcd5-691d6afa1502/call-SamToFastqAndDragmapAndMba/shard-17/execution/docker_cid
# run as in the original configuration without --rm flag (will remove later)
docker run \
  --cidfile /home/darja/workflow/cromwell-executions1/WholeGenomeGermlineSingleSample/06160bfb-7bc0-413b-9ba8-6a78ff6325b1/call-UnmappedBamToAlignedBam/UnmappedBamToAlignedBam/e5dd9295-79be-4223-84e9-2c3cbc52bcd0/call-SplitRG/shard-0/SplitLargeReadGroup/0d04d95d-22fb-4959-bcd5-691d6afa1502/call-SamToFastqAndDragmapAndMba/shard-17/execution/docker_cid \
  -i \
  --user 1027:1028 \
  --cpus="64" \
  --memory="350G" \
  --entrypoint /bin/bash \
  -v /home/darja/workflow/cromwell-executions1/WholeGenomeGermlineSingleSample/06160bfb-7bc0-413b-9ba8-6a78ff6325b1/call-UnmappedBamToAlignedBam/UnmappedBamToAlignedBam/e5dd9295-79be-4223-84e9-2c3cbc52bcd0/call-SplitRG/shard-0/SplitLargeReadGroup/0d04d95d-22fb-4959-bcd5-691d6afa1502/call-SamToFastqAndDragmapAndMba/shard-17:/cromwell-executions1/WholeGenomeGermlineSingleSample/06160bfb-7bc0-413b-9ba8-6a78ff6325b1/call-UnmappedBamToAlignedBam/UnmappedBamToAlignedBam/e5dd9295-79be-4223-84e9-2c3cbc52bcd0/call-SplitRG/shard-0/SplitLargeReadGroup/0d04d95d-22fb-4959-bcd5-691d6afa1502/call-SamToFastqAndDragmapAndMba/shard-17 \
  -v /mnt/nas1/projects/lasr/blendseq:/mnt/nas1/projects/lasr/blendseq \
  us.gcr.io/broad-gotc-prod/dragmap@sha256:5964afca3e4173c33b11100f68c1a44642e0ff2ee4de5a49d8cd446fef308b23 /cromwell-executions1/WholeGenomeGermlineSingleSample/06160bfb-7bc0-413b-9ba8-6a78ff6325b1/call-UnmappedBamToAlignedBam/UnmappedBamToAlignedBam/e5dd9295-79be-4223-84e9-2c3cbc52bcd0/call-SplitRG/shard-0/SplitLargeReadGroup/0d04d95d-22fb-4959-bcd5-691d6afa1502/call-SamToFastqAndDragmapAndMba/shard-17/execution/script

# get the return code (working even if the container was detached)
rc=$(docker wait [38;5;5mcat /home/darja/workflow/cromwell-executions1/WholeGenomeGermlineSingleSample/06160bfb-7bc0-413b-9ba8-6a78ff6325b1/call-UnmappedBamToAlignedBam/UnmappedBamToAlignedBam/e5dd9295-79be-4223-84e9-2c3cbc52bcd0/call-SplitRG/shard-0/SplitLargeReadGroup/0d04d95d-22fb-4959-bcd5-691d6afa1502/call-SamToFastqAndDragmapAndMba/shard-17/execution/docker_cid[0m)

# remove the container after waiting
docker rm [38;5;5mcat /home/darja/workflow/cromwell-executions1/WholeGenomeGermlineSingleSample/06160bfb-7bc0-413b-9ba8-6a78ff6325b1/call-UnmappedBamToAlignedBam/UnmappedBamToAlignedBam/e5dd9295-79be-4223-84e9-2c3cbc52bcd0/call-SplitRG/shard-0/SplitLargeReadGroup/0d04d95d-22fb-4959-bcd5-691d6afa1502/call-SamToFastqAndDragmapAndMba/shard-17/execution/docker_cid[0m

# return exit code
exit $rc
[2026-02-24 06:13:54,34] [info] BackgroundConfigAsyncJobExecutionActor [[38;5;2m0d04d95d[0mSplitLargeReadGroup.SamToFastqAndDragmapAndMba:17:1]: job id: 66803
[2026-02-24 06:13:54,34] [info] BackgroundConfigAsyncJobExecutionActor [[38;5;2m0d04d95d[0mSplitLargeReadGroup.SamToFastqAndDragmapAndMba:17:1]: Status change from - to WaitingForReturnCode
[2026-02-24 06:42:37,90] [info] BackgroundConfigAsyncJobExecutionActor [[38;5;2m0d04d95d[0mSplitLargeReadGroup.SamToFastqAndDragmapAndMba:17:1]: Status change from WaitingForReturnCode to Done
[2026-02-24 06:42:39,46] [info] Assigned new job execution tokens to the following groups: 06160bfb: 1
[2026-02-24 06:42:39,50] [[38;5;220mwarn[0m] BackgroundConfigAsyncJobExecutionActor [[38;5;2m0d04d95d[0mSplitLargeReadGroup.SamToFastqAndDragmapAndMba:15:1]: Unrecognized runtime attribute keys: preemptible, disks, cpu, memory
[2026-02-24 06:42:41,15] [info] BackgroundConfigAsyncJobExecutionActor [[38;5;2m0d04d95d[0mSplitLargeReadGroup.SamToFastqAndDragmapAndMba:15:1]: [38;5;5mset -euxo pipefail

DRAGMAP_VERSION=$(dragen-os --version)

if [ -z ${DRAGMAP_VERSION} ]; then
    exit 1;
fi

mkdir dragen_reference
mv /cromwell-executions1/WholeGenomeGermlineSingleSample/06160bfb-7bc0-413b-9ba8-6a78ff6325b1/call-UnmappedBamToAlignedBam/UnmappedBamToAlignedBam/e5dd9295-79be-4223-84e9-2c3cbc52bcd0/call-SplitRG/shard-0/SplitLargeReadGroup/0d04d95d-22fb-4959-bcd5-691d6afa1502/call-SamToFastqAndDragmapAndMba/shard-15/inputs/-1290198700/reference.bin /cromwell-executions1/WholeGenomeGermlineSingleSample/06160bfb-7bc0-413b-9ba8-6a78ff6325b1/call-UnmappedBamToAlignedBam/UnmappedBamToAlignedBam/e5dd9295-79be-4223-84e9-2c3cbc52bcd0/call-SplitRG/shard-0/SplitLargeReadGroup/0d04d95d-22fb-4959-bcd5-691d6afa1502/call-SamToFastqAndDragmapAndMba/shard-15/inputs/-1290198700/hash_table.cfg.bin /cromwell-executions1/WholeGenomeGermlineSingleSample/06160bfb-7bc0-413b-9ba8-6a78ff6325b1/call-UnmappedBamToAlignedBam/UnmappedBamToAlignedBam/e5dd9295-79be-4223-84e9-2c3cbc52bcd0/call-SplitRG/shard-0/SplitLargeReadGroup/0d04d95d-22fb-4959-bcd5-691d6afa1502/call-SamToFastqAndDragmapAndMba/shard-15/inputs/-1290198700/hash_table.cmp dragen_reference

dragen-os -b /cromwell-executions1/WholeGenomeGermlineSingleSample/06160bfb-7bc0-413b-9ba8-6a78ff6325b1/call-UnmappedBamToAlignedBam/UnmappedBamToAlignedBam/e5dd9295-79be-4223-84e9-2c3cbc52bcd0/call-SplitRG/shard-0/SplitLargeReadGroup/0d04d95d-22fb-4959-bcd5-691d6afa1502/call-SamToFastqAndDragmapAndMba/shard-15/inputs/-2128380842/shard_0016.bam -r dragen_reference --interleaved=1 --preserve-map-align-order true 2> >(tee shard_0016.dragmap.stderr.log >&2) | samtools view -h -O BAM - > aligned.bam
java -Dsamjdk.compression_level=2 -Xms1000m -Xmx1000m -jar /picard/picard.jar \
  MergeBamAlignment \
  VALIDATION_STRINGENCY=SILENT \
  EXPECTED_ORIENTATIONS=FR \
  ATTRIBUTES_TO_RETAIN=X0 \
  ATTRIBUTES_TO_REMOVE=RG \
  ATTRIBUTES_TO_REMOVE=NM \
  ATTRIBUTES_TO_REMOVE=MD \
  ALIGNED_BAM=aligned.bam \
  UNMAPPED_BAM=/cromwell-executions1/WholeGenomeGermlineSingleSample/06160bfb-7bc0-413b-9ba8-6a78ff6325b1/call-UnmappedBamToAlignedBam/UnmappedBamToAlignedBam/e5dd9295-79be-4223-84e9-2c3cbc52bcd0/call-SplitRG/shard-0/SplitLargeReadGroup/0d04d95d-22fb-4959-bcd5-691d6afa1502/call-SamToFastqAndDragmapAndMba/shard-15/inputs/-2128380842/shard_0016.bam \
  OUTPUT=shard_0016.bam \
  REFERENCE_SEQUENCE=/cromwell-executions1/WholeGenomeGermlineSingleSample/06160bfb-7bc0-413b-9ba8-6a78ff6325b1/call-UnmappedBamToAlignedBam/UnmappedBamToAlignedBam/e5dd9295-79be-4223-84e9-2c3cbc52bcd0/call-SplitRG/shard-0/SplitLargeReadGroup/0d04d95d-22fb-4959-bcd5-691d6afa1502/call-SamToFastqAndDragmapAndMba/shard-15/inputs/-1569105944/Homo_sapiens_assembly38_masked.fasta \
  PAIRED_RUN=true \
  SORT_ORDER="unsorted" \
  IS_BISULFITE_SEQUENCE=false \
  ALIGNED_READS_ONLY=false \
  CLIP_ADAPTERS=false \
   \
   \
  MAX_RECORDS_IN_RAM=2000000 \
  ADD_MATE_CIGAR=true \
  MAX_INSERTIONS_OR_DELETIONS=-1 \
  PRIMARY_ALIGNMENT_STRATEGY=MostDistant \
  PROGRAM_RECORD_ID="dragen-os" \
  PROGRAM_GROUP_VERSION="${DRAGMAP_VERSION}" \
  PROGRAM_GROUP_COMMAND_LINE="dragen-os -b /cromwell-executions1/WholeGenomeGermlineSingleSample/06160bfb-7bc0-413b-9ba8-6a78ff6325b1/call-UnmappedBamToAlignedBam/UnmappedBamToAlignedBam/e5dd9295-79be-4223-84e9-2c3cbc52bcd0/call-SplitRG/shard-0/SplitLargeReadGroup/0d04d95d-22fb-4959-bcd5-691d6afa1502/call-SamToFastqAndDragmapAndMba/shard-15/inputs/-2128380842/shard_0016.bam -r dragen_reference --interleaved=1" \
  PROGRAM_GROUP_NAME="dragen-os" \
  UNMAPPED_READ_STRATEGY=COPY_TO_TAG \
  ALIGNER_PROPER_PAIR_FLAGS=true \
  UNMAP_CONTAMINANT_READS=true \
  ADD_PG_TAG_TO_READS=false[0m
[2026-02-24 06:42:41,15] [info] BackgroundConfigAsyncJobExecutionActor [[38;5;2m0d04d95d[0mSplitLargeReadGroup.SamToFastqAndDragmapAndMba:15:1]: executing: # make sure there is no preexisting Docker CID file
rm -f /home/darja/workflow/cromwell-executions1/WholeGenomeGermlineSingleSample/06160bfb-7bc0-413b-9ba8-6a78ff6325b1/call-UnmappedBamToAlignedBam/UnmappedBamToAlignedBam/e5dd9295-79be-4223-84e9-2c3cbc52bcd0/call-SplitRG/shard-0/SplitLargeReadGroup/0d04d95d-22fb-4959-bcd5-691d6afa1502/call-SamToFastqAndDragmapAndMba/shard-15/execution/docker_cid
# run as in the original configuration without --rm flag (will remove later)
docker run \
  --cidfile /home/darja/workflow/cromwell-executions1/WholeGenomeGermlineSingleSample/06160bfb-7bc0-413b-9ba8-6a78ff6325b1/call-UnmappedBamToAlignedBam/UnmappedBamToAlignedBam/e5dd9295-79be-4223-84e9-2c3cbc52bcd0/call-SplitRG/shard-0/SplitLargeReadGroup/0d04d95d-22fb-4959-bcd5-691d6afa1502/call-SamToFastqAndDragmapAndMba/shard-15/execution/docker_cid \
  -i \
  --user 1027:1028 \
  --cpus="64" \
  --memory="350G" \
  --entrypoint /bin/bash \
  -v /home/darja/workflow/cromwell-executions1/WholeGenomeGermlineSingleSample/06160bfb-7bc0-413b-9ba8-6a78ff6325b1/call-UnmappedBamToAlignedBam/UnmappedBamToAlignedBam/e5dd9295-79be-4223-84e9-2c3cbc52bcd0/call-SplitRG/shard-0/SplitLargeReadGroup/0d04d95d-22fb-4959-bcd5-691d6afa1502/call-SamToFastqAndDragmapAndMba/shard-15:/cromwell-executions1/WholeGenomeGermlineSingleSample/06160bfb-7bc0-413b-9ba8-6a78ff6325b1/call-UnmappedBamToAlignedBam/UnmappedBamToAlignedBam/e5dd9295-79be-4223-84e9-2c3cbc52bcd0/call-SplitRG/shard-0/SplitLargeReadGroup/0d04d95d-22fb-4959-bcd5-691d6afa1502/call-SamToFastqAndDragmapAndMba/shard-15 \
  -v /mnt/nas1/projects/lasr/blendseq:/mnt/nas1/projects/lasr/blendseq \
  us.gcr.io/broad-gotc-prod/dragmap@sha256:5964afca3e4173c33b11100f68c1a44642e0ff2ee4de5a49d8cd446fef308b23 /cromwell-executions1/WholeGenomeGermlineSingleSample/06160bfb-7bc0-413b-9ba8-6a78ff6325b1/call-UnmappedBamToAlignedBam/UnmappedBamToAlignedBam/e5dd9295-79be-4223-84e9-2c3cbc52bcd0/call-SplitRG/shard-0/SplitLargeReadGroup/0d04d95d-22fb-4959-bcd5-691d6afa1502/call-SamToFastqAndDragmapAndMba/shard-15/execution/script

# get the return code (working even if the container was detached)
rc=$(docker wait [38;5;5mcat /home/darja/workflow/cromwell-executions1/WholeGenomeGermlineSingleSample/06160bfb-7bc0-413b-9ba8-6a78ff6325b1/call-UnmappedBamToAlignedBam/UnmappedBamToAlignedBam/e5dd9295-79be-4223-84e9-2c3cbc52bcd0/call-SplitRG/shard-0/SplitLargeReadGroup/0d04d95d-22fb-4959-bcd5-691d6afa1502/call-SamToFastqAndDragmapAndMba/shard-15/execution/docker_cid[0m)

# remove the container after waiting
docker rm [38;5;5mcat /home/darja/workflow/cromwell-executions1/WholeGenomeGermlineSingleSample/06160bfb-7bc0-413b-9ba8-6a78ff6325b1/call-UnmappedBamToAlignedBam/UnmappedBamToAlignedBam/e5dd9295-79be-4223-84e9-2c3cbc52bcd0/call-SplitRG/shard-0/SplitLargeReadGroup/0d04d95d-22fb-4959-bcd5-691d6afa1502/call-SamToFastqAndDragmapAndMba/shard-15/execution/docker_cid[0m

# return exit code
exit $rc
[2026-02-24 06:42:44,34] [info] BackgroundConfigAsyncJobExecutionActor [[38;5;2m0d04d95d[0mSplitLargeReadGroup.SamToFastqAndDragmapAndMba:15:1]: job id: 67743
[2026-02-24 06:42:44,34] [info] BackgroundConfigAsyncJobExecutionActor [[38;5;2m0d04d95d[0mSplitLargeReadGroup.SamToFastqAndDragmapAndMba:15:1]: Status change from - to WaitingForReturnCode
[2026-02-24 07:22:57,19] [info] BackgroundConfigAsyncJobExecutionActor [[38;5;2m0d04d95d[0mSplitLargeReadGroup.SamToFastqAndDragmapAndMba:15:1]: Status change from WaitingForReturnCode to Done
[2026-02-24 07:22:59,46] [info] Assigned new job execution tokens to the following groups: 06160bfb: 1
[2026-02-24 07:22:59,50] [[38;5;220mwarn[0m] BackgroundConfigAsyncJobExecutionActor [[38;5;2m0d04d95d[0mSplitLargeReadGroup.SamToFastqAndDragmapAndMba:13:1]: Unrecognized runtime attribute keys: preemptible, disks, cpu, memory
[2026-02-24 07:23:00,93] [info] BackgroundConfigAsyncJobExecutionActor [[38;5;2m0d04d95d[0mSplitLargeReadGroup.SamToFastqAndDragmapAndMba:13:1]: [38;5;5mset -euxo pipefail

DRAGMAP_VERSION=$(dragen-os --version)

if [ -z ${DRAGMAP_VERSION} ]; then
    exit 1;
fi

mkdir dragen_reference
mv /cromwell-executions1/WholeGenomeGermlineSingleSample/06160bfb-7bc0-413b-9ba8-6a78ff6325b1/call-UnmappedBamToAlignedBam/UnmappedBamToAlignedBam/e5dd9295-79be-4223-84e9-2c3cbc52bcd0/call-SplitRG/shard-0/SplitLargeReadGroup/0d04d95d-22fb-4959-bcd5-691d6afa1502/call-SamToFastqAndDragmapAndMba/shard-13/inputs/-1290198700/reference.bin /cromwell-executions1/WholeGenomeGermlineSingleSample/06160bfb-7bc0-413b-9ba8-6a78ff6325b1/call-UnmappedBamToAlignedBam/UnmappedBamToAlignedBam/e5dd9295-79be-4223-84e9-2c3cbc52bcd0/call-SplitRG/shard-0/SplitLargeReadGroup/0d04d95d-22fb-4959-bcd5-691d6afa1502/call-SamToFastqAndDragmapAndMba/shard-13/inputs/-1290198700/hash_table.cfg.bin /cromwell-executions1/WholeGenomeGermlineSingleSample/06160bfb-7bc0-413b-9ba8-6a78ff6325b1/call-UnmappedBamToAlignedBam/UnmappedBamToAlignedBam/e5dd9295-79be-4223-84e9-2c3cbc52bcd0/call-SplitRG/shard-0/SplitLargeReadGroup/0d04d95d-22fb-4959-bcd5-691d6afa1502/call-SamToFastqAndDragmapAndMba/shard-13/inputs/-1290198700/hash_table.cmp dragen_reference

dragen-os -b /cromwell-executions1/WholeGenomeGermlineSingleSample/06160bfb-7bc0-413b-9ba8-6a78ff6325b1/call-UnmappedBamToAlignedBam/UnmappedBamToAlignedBam/e5dd9295-79be-4223-84e9-2c3cbc52bcd0/call-SplitRG/shard-0/SplitLargeReadGroup/0d04d95d-22fb-4959-bcd5-691d6afa1502/call-SamToFastqAndDragmapAndMba/shard-13/inputs/-2128380842/shard_0014.bam -r dragen_reference --interleaved=1 --preserve-map-align-order true 2> >(tee shard_0014.dragmap.stderr.log >&2) | samtools view -h -O BAM - > aligned.bam
java -Dsamjdk.compression_level=2 -Xms1000m -Xmx1000m -jar /picard/picard.jar \
  MergeBamAlignment \
  VALIDATION_STRINGENCY=SILENT \
  EXPECTED_ORIENTATIONS=FR \
  ATTRIBUTES_TO_RETAIN=X0 \
  ATTRIBUTES_TO_REMOVE=RG \
  ATTRIBUTES_TO_REMOVE=NM \
  ATTRIBUTES_TO_REMOVE=MD \
  ALIGNED_BAM=aligned.bam \
  UNMAPPED_BAM=/cromwell-executions1/WholeGenomeGermlineSingleSample/06160bfb-7bc0-413b-9ba8-6a78ff6325b1/call-UnmappedBamToAlignedBam/UnmappedBamToAlignedBam/e5dd9295-79be-4223-84e9-2c3cbc52bcd0/call-SplitRG/shard-0/SplitLargeReadGroup/0d04d95d-22fb-4959-bcd5-691d6afa1502/call-SamToFastqAndDragmapAndMba/shard-13/inputs/-2128380842/shard_0014.bam \
  OUTPUT=shard_0014.bam \
  REFERENCE_SEQUENCE=/cromwell-executions1/WholeGenomeGermlineSingleSample/06160bfb-7bc0-413b-9ba8-6a78ff6325b1/call-UnmappedBamToAlignedBam/UnmappedBamToAlignedBam/e5dd9295-79be-4223-84e9-2c3cbc52bcd0/call-SplitRG/shard-0/SplitLargeReadGroup/0d04d95d-22fb-4959-bcd5-691d6afa1502/call-SamToFastqAndDragmapAndMba/shard-13/inputs/-1569105944/Homo_sapiens_assembly38_masked.fasta \
  PAIRED_RUN=true \
  SORT_ORDER="unsorted" \
  IS_BISULFITE_SEQUENCE=false \
  ALIGNED_READS_ONLY=false \
  CLIP_ADAPTERS=false \
   \
   \
  MAX_RECORDS_IN_RAM=2000000 \
  ADD_MATE_CIGAR=true \
  MAX_INSERTIONS_OR_DELETIONS=-1 \
  PRIMARY_ALIGNMENT_STRATEGY=MostDistant \
  PROGRAM_RECORD_ID="dragen-os" \
  PROGRAM_GROUP_VERSION="${DRAGMAP_VERSION}" \
  PROGRAM_GROUP_COMMAND_LINE="dragen-os -b /cromwell-executions1/WholeGenomeGermlineSingleSample/06160bfb-7bc0-413b-9ba8-6a78ff6325b1/call-UnmappedBamToAlignedBam/UnmappedBamToAlignedBam/e5dd9295-79be-4223-84e9-2c3cbc52bcd0/call-SplitRG/shard-0/SplitLargeReadGroup/0d04d95d-22fb-4959-bcd5-691d6afa1502/call-SamToFastqAndDragmapAndMba/shard-13/inputs/-2128380842/shard_0014.bam -r dragen_reference --interleaved=1" \
  PROGRAM_GROUP_NAME="dragen-os" \
  UNMAPPED_READ_STRATEGY=COPY_TO_TAG \
  ALIGNER_PROPER_PAIR_FLAGS=true \
  UNMAP_CONTAMINANT_READS=true \
  ADD_PG_TAG_TO_READS=false[0m
[2026-02-24 07:23:00,94] [info] BackgroundConfigAsyncJobExecutionActor [[38;5;2m0d04d95d[0mSplitLargeReadGroup.SamToFastqAndDragmapAndMba:13:1]: executing: # make sure there is no preexisting Docker CID file
rm -f /home/darja/workflow/cromwell-executions1/WholeGenomeGermlineSingleSample/06160bfb-7bc0-413b-9ba8-6a78ff6325b1/call-UnmappedBamToAlignedBam/UnmappedBamToAlignedBam/e5dd9295-79be-4223-84e9-2c3cbc52bcd0/call-SplitRG/shard-0/SplitLargeReadGroup/0d04d95d-22fb-4959-bcd5-691d6afa1502/call-SamToFastqAndDragmapAndMba/shard-13/execution/docker_cid
# run as in the original configuration without --rm flag (will remove later)
docker run \
  --cidfile /home/darja/workflow/cromwell-executions1/WholeGenomeGermlineSingleSample/06160bfb-7bc0-413b-9ba8-6a78ff6325b1/call-UnmappedBamToAlignedBam/UnmappedBamToAlignedBam/e5dd9295-79be-4223-84e9-2c3cbc52bcd0/call-SplitRG/shard-0/SplitLargeReadGroup/0d04d95d-22fb-4959-bcd5-691d6afa1502/call-SamToFastqAndDragmapAndMba/shard-13/execution/docker_cid \
  -i \
  --user 1027:1028 \
  --cpus="64" \
  --memory="350G" \
  --entrypoint /bin/bash \
  -v /home/darja/workflow/cromwell-executions1/WholeGenomeGermlineSingleSample/06160bfb-7bc0-413b-9ba8-6a78ff6325b1/call-UnmappedBamToAlignedBam/UnmappedBamToAlignedBam/e5dd9295-79be-4223-84e9-2c3cbc52bcd0/call-SplitRG/shard-0/SplitLargeReadGroup/0d04d95d-22fb-4959-bcd5-691d6afa1502/call-SamToFastqAndDragmapAndMba/shard-13:/cromwell-executions1/WholeGenomeGermlineSingleSample/06160bfb-7bc0-413b-9ba8-6a78ff6325b1/call-UnmappedBamToAlignedBam/UnmappedBamToAlignedBam/e5dd9295-79be-4223-84e9-2c3cbc52bcd0/call-SplitRG/shard-0/SplitLargeReadGroup/0d04d95d-22fb-4959-bcd5-691d6afa1502/call-SamToFastqAndDragmapAndMba/shard-13 \
  -v /mnt/nas1/projects/lasr/blendseq:/mnt/nas1/projects/lasr/blendseq \
  us.gcr.io/broad-gotc-prod/dragmap@sha256:5964afca3e4173c33b11100f68c1a44642e0ff2ee4de5a49d8cd446fef308b23 /cromwell-executions1/WholeGenomeGermlineSingleSample/06160bfb-7bc0-413b-9ba8-6a78ff6325b1/call-UnmappedBamToAlignedBam/UnmappedBamToAlignedBam/e5dd9295-79be-4223-84e9-2c3cbc52bcd0/call-SplitRG/shard-0/SplitLargeReadGroup/0d04d95d-22fb-4959-bcd5-691d6afa1502/call-SamToFastqAndDragmapAndMba/shard-13/execution/script

# get the return code (working even if the container was detached)
rc=$(docker wait [38;5;5mcat /home/darja/workflow/cromwell-executions1/WholeGenomeGermlineSingleSample/06160bfb-7bc0-413b-9ba8-6a78ff6325b1/call-UnmappedBamToAlignedBam/UnmappedBamToAlignedBam/e5dd9295-79be-4223-84e9-2c3cbc52bcd0/call-SplitRG/shard-0/SplitLargeReadGroup/0d04d95d-22fb-4959-bcd5-691d6afa1502/call-SamToFastqAndDragmapAndMba/shard-13/execution/docker_cid[0m)

# remove the container after waiting
docker rm [38;5;5mcat /home/darja/workflow/cromwell-executions1/WholeGenomeGermlineSingleSample/06160bfb-7bc0-413b-9ba8-6a78ff6325b1/call-UnmappedBamToAlignedBam/UnmappedBamToAlignedBam/e5dd9295-79be-4223-84e9-2c3cbc52bcd0/call-SplitRG/shard-0/SplitLargeReadGroup/0d04d95d-22fb-4959-bcd5-691d6afa1502/call-SamToFastqAndDragmapAndMba/shard-13/execution/docker_cid[0m

# return exit code
exit $rc
[2026-02-24 07:23:04,34] [info] BackgroundConfigAsyncJobExecutionActor [[38;5;2m0d04d95d[0mSplitLargeReadGroup.SamToFastqAndDragmapAndMba:13:1]: job id: 68585
[2026-02-24 07:23:04,34] [info] BackgroundConfigAsyncJobExecutionActor [[38;5;2m0d04d95d[0mSplitLargeReadGroup.SamToFastqAndDragmapAndMba:13:1]: Status change from - to WaitingForReturnCode
[2026-02-24 07:54:20,04] [info] BackgroundConfigAsyncJobExecutionActor [[38;5;2m0d04d95d[0mSplitLargeReadGroup.SamToFastqAndDragmapAndMba:13:1]: Status change from WaitingForReturnCode to Done
[2026-02-24 07:54:29,46] [info] Assigned new job execution tokens to the following groups: 06160bfb: 1
[2026-02-24 07:54:29,50] [[38;5;220mwarn[0m] BackgroundConfigAsyncJobExecutionActor [[38;5;2m0d04d95d[0mSplitLargeReadGroup.SamToFastqAndDragmapAndMba:5:1]: Unrecognized runtime attribute keys: preemptible, disks, cpu, memory
[2026-02-24 07:54:30,93] [info] BackgroundConfigAsyncJobExecutionActor [[38;5;2m0d04d95d[0mSplitLargeReadGroup.SamToFastqAndDragmapAndMba:5:1]: [38;5;5mset -euxo pipefail

DRAGMAP_VERSION=$(dragen-os --version)

if [ -z ${DRAGMAP_VERSION} ]; then
    exit 1;
fi

mkdir dragen_reference
mv /cromwell-executions1/WholeGenomeGermlineSingleSample/06160bfb-7bc0-413b-9ba8-6a78ff6325b1/call-UnmappedBamToAlignedBam/UnmappedBamToAlignedBam/e5dd9295-79be-4223-84e9-2c3cbc52bcd0/call-SplitRG/shard-0/SplitLargeReadGroup/0d04d95d-22fb-4959-bcd5-691d6afa1502/call-SamToFastqAndDragmapAndMba/shard-5/inputs/-1290198700/reference.bin /cromwell-executions1/WholeGenomeGermlineSingleSample/06160bfb-7bc0-413b-9ba8-6a78ff6325b1/call-UnmappedBamToAlignedBam/UnmappedBamToAlignedBam/e5dd9295-79be-4223-84e9-2c3cbc52bcd0/call-SplitRG/shard-0/SplitLargeReadGroup/0d04d95d-22fb-4959-bcd5-691d6afa1502/call-SamToFastqAndDragmapAndMba/shard-5/inputs/-1290198700/hash_table.cfg.bin /cromwell-executions1/WholeGenomeGermlineSingleSample/06160bfb-7bc0-413b-9ba8-6a78ff6325b1/call-UnmappedBamToAlignedBam/UnmappedBamToAlignedBam/e5dd9295-79be-4223-84e9-2c3cbc52bcd0/call-SplitRG/shard-0/SplitLargeReadGroup/0d04d95d-22fb-4959-bcd5-691d6afa1502/call-SamToFastqAndDragmapAndMba/shard-5/inputs/-1290198700/hash_table.cmp dragen_reference

dragen-os -b /cromwell-executions1/WholeGenomeGermlineSingleSample/06160bfb-7bc0-413b-9ba8-6a78ff6325b1/call-UnmappedBamToAlignedBam/UnmappedBamToAlignedBam/e5dd9295-79be-4223-84e9-2c3cbc52bcd0/call-SplitRG/shard-0/SplitLargeReadGroup/0d04d95d-22fb-4959-bcd5-691d6afa1502/call-SamToFastqAndDragmapAndMba/shard-5/inputs/-2128380842/shard_0006.bam -r dragen_reference --interleaved=1 --preserve-map-align-order true 2> >(tee shard_0006.dragmap.stderr.log >&2) | samtools view -h -O BAM - > aligned.bam
java -Dsamjdk.compression_level=2 -Xms1000m -Xmx1000m -jar /picard/picard.jar \
  MergeBamAlignment \
  VALIDATION_STRINGENCY=SILENT \
  EXPECTED_ORIENTATIONS=FR \
  ATTRIBUTES_TO_RETAIN=X0 \
  ATTRIBUTES_TO_REMOVE=RG \
  ATTRIBUTES_TO_REMOVE=NM \
  ATTRIBUTES_TO_REMOVE=MD \
  ALIGNED_BAM=aligned.bam \
  UNMAPPED_BAM=/cromwell-executions1/WholeGenomeGermlineSingleSample/06160bfb-7bc0-413b-9ba8-6a78ff6325b1/call-UnmappedBamToAlignedBam/UnmappedBamToAlignedBam/e5dd9295-79be-4223-84e9-2c3cbc52bcd0/call-SplitRG/shard-0/SplitLargeReadGroup/0d04d95d-22fb-4959-bcd5-691d6afa1502/call-SamToFastqAndDragmapAndMba/shard-5/inputs/-2128380842/shard_0006.bam \
  OUTPUT=shard_0006.bam \
  REFERENCE_SEQUENCE=/cromwell-executions1/WholeGenomeGermlineSingleSample/06160bfb-7bc0-413b-9ba8-6a78ff6325b1/call-UnmappedBamToAlignedBam/UnmappedBamToAlignedBam/e5dd9295-79be-4223-84e9-2c3cbc52bcd0/call-SplitRG/shard-0/SplitLargeReadGroup/0d04d95d-22fb-4959-bcd5-691d6afa1502/call-SamToFastqAndDragmapAndMba/shard-5/inputs/-1569105944/Homo_sapiens_assembly38_masked.fasta \
  PAIRED_RUN=true \
  SORT_ORDER="unsorted" \
  IS_BISULFITE_SEQUENCE=false \
  ALIGNED_READS_ONLY=false \
  CLIP_ADAPTERS=false \
   \
   \
  MAX_RECORDS_IN_RAM=2000000 \
  ADD_MATE_CIGAR=true \
  MAX_INSERTIONS_OR_DELETIONS=-1 \
  PRIMARY_ALIGNMENT_STRATEGY=MostDistant \
  PROGRAM_RECORD_ID="dragen-os" \
  PROGRAM_GROUP_VERSION="${DRAGMAP_VERSION}" \
  PROGRAM_GROUP_COMMAND_LINE="dragen-os -b /cromwell-executions1/WholeGenomeGermlineSingleSample/06160bfb-7bc0-413b-9ba8-6a78ff6325b1/call-UnmappedBamToAlignedBam/UnmappedBamToAlignedBam/e5dd9295-79be-4223-84e9-2c3cbc52bcd0/call-SplitRG/shard-0/SplitLargeReadGroup/0d04d95d-22fb-4959-bcd5-691d6afa1502/call-SamToFastqAndDragmapAndMba/shard-5/inputs/-2128380842/shard_0006.bam -r dragen_reference --interleaved=1" \
  PROGRAM_GROUP_NAME="dragen-os" \
  UNMAPPED_READ_STRATEGY=COPY_TO_TAG \
  ALIGNER_PROPER_PAIR_FLAGS=true \
  UNMAP_CONTAMINANT_READS=true \
  ADD_PG_TAG_TO_READS=false[0m
[2026-02-24 07:54:30,93] [info] BackgroundConfigAsyncJobExecutionActor [[38;5;2m0d04d95d[0mSplitLargeReadGroup.SamToFastqAndDragmapAndMba:5:1]: executing: # make sure there is no preexisting Docker CID file
rm -f /home/darja/workflow/cromwell-executions1/WholeGenomeGermlineSingleSample/06160bfb-7bc0-413b-9ba8-6a78ff6325b1/call-UnmappedBamToAlignedBam/UnmappedBamToAlignedBam/e5dd9295-79be-4223-84e9-2c3cbc52bcd0/call-SplitRG/shard-0/SplitLargeReadGroup/0d04d95d-22fb-4959-bcd5-691d6afa1502/call-SamToFastqAndDragmapAndMba/shard-5/execution/docker_cid
# run as in the original configuration without --rm flag (will remove later)
docker run \
  --cidfile /home/darja/workflow/cromwell-executions1/WholeGenomeGermlineSingleSample/06160bfb-7bc0-413b-9ba8-6a78ff6325b1/call-UnmappedBamToAlignedBam/UnmappedBamToAlignedBam/e5dd9295-79be-4223-84e9-2c3cbc52bcd0/call-SplitRG/shard-0/SplitLargeReadGroup/0d04d95d-22fb-4959-bcd5-691d6afa1502/call-SamToFastqAndDragmapAndMba/shard-5/execution/docker_cid \
  -i \
  --user 1027:1028 \
  --cpus="64" \
  --memory="350G" \
  --entrypoint /bin/bash \
  -v /home/darja/workflow/cromwell-executions1/WholeGenomeGermlineSingleSample/06160bfb-7bc0-413b-9ba8-6a78ff6325b1/call-UnmappedBamToAlignedBam/UnmappedBamToAlignedBam/e5dd9295-79be-4223-84e9-2c3cbc52bcd0/call-SplitRG/shard-0/SplitLargeReadGroup/0d04d95d-22fb-4959-bcd5-691d6afa1502/call-SamToFastqAndDragmapAndMba/shard-5:/cromwell-executions1/WholeGenomeGermlineSingleSample/06160bfb-7bc0-413b-9ba8-6a78ff6325b1/call-UnmappedBamToAlignedBam/UnmappedBamToAlignedBam/e5dd9295-79be-4223-84e9-2c3cbc52bcd0/call-SplitRG/shard-0/SplitLargeReadGroup/0d04d95d-22fb-4959-bcd5-691d6afa1502/call-SamToFastqAndDragmapAndMba/shard-5 \
  -v /mnt/nas1/projects/lasr/blendseq:/mnt/nas1/projects/lasr/blendseq \
  us.gcr.io/broad-gotc-prod/dragmap@sha256:5964afca3e4173c33b11100f68c1a44642e0ff2ee4de5a49d8cd446fef308b23 /cromwell-executions1/WholeGenomeGermlineSingleSample/06160bfb-7bc0-413b-9ba8-6a78ff6325b1/call-UnmappedBamToAlignedBam/UnmappedBamToAlignedBam/e5dd9295-79be-4223-84e9-2c3cbc52bcd0/call-SplitRG/shard-0/SplitLargeReadGroup/0d04d95d-22fb-4959-bcd5-691d6afa1502/call-SamToFastqAndDragmapAndMba/shard-5/execution/script

# get the return code (working even if the container was detached)
rc=$(docker wait [38;5;5mcat /home/darja/workflow/cromwell-executions1/WholeGenomeGermlineSingleSample/06160bfb-7bc0-413b-9ba8-6a78ff6325b1/call-UnmappedBamToAlignedBam/UnmappedBamToAlignedBam/e5dd9295-79be-4223-84e9-2c3cbc52bcd0/call-SplitRG/shard-0/SplitLargeReadGroup/0d04d95d-22fb-4959-bcd5-691d6afa1502/call-SamToFastqAndDragmapAndMba/shard-5/execution/docker_cid[0m)

# remove the container after waiting
docker rm [38;5;5mcat /home/darja/workflow/cromwell-executions1/WholeGenomeGermlineSingleSample/06160bfb-7bc0-413b-9ba8-6a78ff6325b1/call-UnmappedBamToAlignedBam/UnmappedBamToAlignedBam/e5dd9295-79be-4223-84e9-2c3cbc52bcd0/call-SplitRG/shard-0/SplitLargeReadGroup/0d04d95d-22fb-4959-bcd5-691d6afa1502/call-SamToFastqAndDragmapAndMba/shard-5/execution/docker_cid[0m

# return exit code
exit $rc
[2026-02-24 07:54:34,34] [info] BackgroundConfigAsyncJobExecutionActor [[38;5;2m0d04d95d[0mSplitLargeReadGroup.SamToFastqAndDragmapAndMba:5:1]: job id: 69413
[2026-02-24 07:54:34,34] [info] BackgroundConfigAsyncJobExecutionActor [[38;5;2m0d04d95d[0mSplitLargeReadGroup.SamToFastqAndDragmapAndMba:5:1]: Status change from - to WaitingForReturnCode
[2026-02-24 08:27:52,37] [info] BackgroundConfigAsyncJobExecutionActor [[38;5;2m0d04d95d[0mSplitLargeReadGroup.SamToFastqAndDragmapAndMba:5:1]: Status change from WaitingForReturnCode to Done
[2026-02-24 08:27:59,46] [info] Assigned new job execution tokens to the following groups: 06160bfb: 1
[2026-02-24 08:27:59,50] [[38;5;220mwarn[0m] BackgroundConfigAsyncJobExecutionActor [[38;5;2m0d04d95d[0mSplitLargeReadGroup.SamToFastqAndDragmapAndMba:18:1]: Unrecognized runtime attribute keys: preemptible, disks, cpu, memory
[2026-02-24 08:28:00,92] [info] BackgroundConfigAsyncJobExecutionActor [[38;5;2m0d04d95d[0mSplitLargeReadGroup.SamToFastqAndDragmapAndMba:18:1]: [38;5;5mset -euxo pipefail

DRAGMAP_VERSION=$(dragen-os --version)

if [ -z ${DRAGMAP_VERSION} ]; then
    exit 1;
fi

mkdir dragen_reference
mv /cromwell-executions1/WholeGenomeGermlineSingleSample/06160bfb-7bc0-413b-9ba8-6a78ff6325b1/call-UnmappedBamToAlignedBam/UnmappedBamToAlignedBam/e5dd9295-79be-4223-84e9-2c3cbc52bcd0/call-SplitRG/shard-0/SplitLargeReadGroup/0d04d95d-22fb-4959-bcd5-691d6afa1502/call-SamToFastqAndDragmapAndMba/shard-18/inputs/-1290198700/reference.bin /cromwell-executions1/WholeGenomeGermlineSingleSample/06160bfb-7bc0-413b-9ba8-6a78ff6325b1/call-UnmappedBamToAlignedBam/UnmappedBamToAlignedBam/e5dd9295-79be-4223-84e9-2c3cbc52bcd0/call-SplitRG/shard-0/SplitLargeReadGroup/0d04d95d-22fb-4959-bcd5-691d6afa1502/call-SamToFastqAndDragmapAndMba/shard-18/inputs/-1290198700/hash_table.cfg.bin /cromwell-executions1/WholeGenomeGermlineSingleSample/06160bfb-7bc0-413b-9ba8-6a78ff6325b1/call-UnmappedBamToAlignedBam/UnmappedBamToAlignedBam/e5dd9295-79be-4223-84e9-2c3cbc52bcd0/call-SplitRG/shard-0/SplitLargeReadGroup/0d04d95d-22fb-4959-bcd5-691d6afa1502/call-SamToFastqAndDragmapAndMba/shard-18/inputs/-1290198700/hash_table.cmp dragen_reference

dragen-os -b /cromwell-executions1/WholeGenomeGermlineSingleSample/06160bfb-7bc0-413b-9ba8-6a78ff6325b1/call-UnmappedBamToAlignedBam/UnmappedBamToAlignedBam/e5dd9295-79be-4223-84e9-2c3cbc52bcd0/call-SplitRG/shard-0/SplitLargeReadGroup/0d04d95d-22fb-4959-bcd5-691d6afa1502/call-SamToFastqAndDragmapAndMba/shard-18/inputs/-2128380842/shard_0019.bam -r dragen_reference --interleaved=1 --preserve-map-align-order true 2> >(tee shard_0019.dragmap.stderr.log >&2) | samtools view -h -O BAM - > aligned.bam
java -Dsamjdk.compression_level=2 -Xms1000m -Xmx1000m -jar /picard/picard.jar \
  MergeBamAlignment \
  VALIDATION_STRINGENCY=SILENT \
  EXPECTED_ORIENTATIONS=FR \
  ATTRIBUTES_TO_RETAIN=X0 \
  ATTRIBUTES_TO_REMOVE=RG \
  ATTRIBUTES_TO_REMOVE=NM \
  ATTRIBUTES_TO_REMOVE=MD \
  ALIGNED_BAM=aligned.bam \
  UNMAPPED_BAM=/cromwell-executions1/WholeGenomeGermlineSingleSample/06160bfb-7bc0-413b-9ba8-6a78ff6325b1/call-UnmappedBamToAlignedBam/UnmappedBamToAlignedBam/e5dd9295-79be-4223-84e9-2c3cbc52bcd0/call-SplitRG/shard-0/SplitLargeReadGroup/0d04d95d-22fb-4959-bcd5-691d6afa1502/call-SamToFastqAndDragmapAndMba/shard-18/inputs/-2128380842/shard_0019.bam \
  OUTPUT=shard_0019.bam \
  REFERENCE_SEQUENCE=/cromwell-executions1/WholeGenomeGermlineSingleSample/06160bfb-7bc0-413b-9ba8-6a78ff6325b1/call-UnmappedBamToAlignedBam/UnmappedBamToAlignedBam/e5dd9295-79be-4223-84e9-2c3cbc52bcd0/call-SplitRG/shard-0/SplitLargeReadGroup/0d04d95d-22fb-4959-bcd5-691d6afa1502/call-SamToFastqAndDragmapAndMba/shard-18/inputs/-1569105944/Homo_sapiens_assembly38_masked.fasta \
  PAIRED_RUN=true \
  SORT_ORDER="unsorted" \
  IS_BISULFITE_SEQUENCE=false \
  ALIGNED_READS_ONLY=false \
  CLIP_ADAPTERS=false \
   \
   \
  MAX_RECORDS_IN_RAM=2000000 \
  ADD_MATE_CIGAR=true \
  MAX_INSERTIONS_OR_DELETIONS=-1 \
  PRIMARY_ALIGNMENT_STRATEGY=MostDistant \
  PROGRAM_RECORD_ID="dragen-os" \
  PROGRAM_GROUP_VERSION="${DRAGMAP_VERSION}" \
  PROGRAM_GROUP_COMMAND_LINE="dragen-os -b /cromwell-executions1/WholeGenomeGermlineSingleSample/06160bfb-7bc0-413b-9ba8-6a78ff6325b1/call-UnmappedBamToAlignedBam/UnmappedBamToAlignedBam/e5dd9295-79be-4223-84e9-2c3cbc52bcd0/call-SplitRG/shard-0/SplitLargeReadGroup/0d04d95d-22fb-4959-bcd5-691d6afa1502/call-SamToFastqAndDragmapAndMba/shard-18/inputs/-2128380842/shard_0019.bam -r dragen_reference --interleaved=1" \
  PROGRAM_GROUP_NAME="dragen-os" \
  UNMAPPED_READ_STRATEGY=COPY_TO_TAG \
  ALIGNER_PROPER_PAIR_FLAGS=true \
  UNMAP_CONTAMINANT_READS=true \
  ADD_PG_TAG_TO_READS=false[0m
[2026-02-24 08:28:00,92] [info] BackgroundConfigAsyncJobExecutionActor [[38;5;2m0d04d95d[0mSplitLargeReadGroup.SamToFastqAndDragmapAndMba:18:1]: executing: # make sure there is no preexisting Docker CID file
rm -f /home/darja/workflow/cromwell-executions1/WholeGenomeGermlineSingleSample/06160bfb-7bc0-413b-9ba8-6a78ff6325b1/call-UnmappedBamToAlignedBam/UnmappedBamToAlignedBam/e5dd9295-79be-4223-84e9-2c3cbc52bcd0/call-SplitRG/shard-0/SplitLargeReadGroup/0d04d95d-22fb-4959-bcd5-691d6afa1502/call-SamToFastqAndDragmapAndMba/shard-18/execution/docker_cid
# run as in the original configuration without --rm flag (will remove later)
docker run \
  --cidfile /home/darja/workflow/cromwell-executions1/WholeGenomeGermlineSingleSample/06160bfb-7bc0-413b-9ba8-6a78ff6325b1/call-UnmappedBamToAlignedBam/UnmappedBamToAlignedBam/e5dd9295-79be-4223-84e9-2c3cbc52bcd0/call-SplitRG/shard-0/SplitLargeReadGroup/0d04d95d-22fb-4959-bcd5-691d6afa1502/call-SamToFastqAndDragmapAndMba/shard-18/execution/docker_cid \
  -i \
  --user 1027:1028 \
  --cpus="64" \
  --memory="350G" \
  --entrypoint /bin/bash \
  -v /home/darja/workflow/cromwell-executions1/WholeGenomeGermlineSingleSample/06160bfb-7bc0-413b-9ba8-6a78ff6325b1/call-UnmappedBamToAlignedBam/UnmappedBamToAlignedBam/e5dd9295-79be-4223-84e9-2c3cbc52bcd0/call-SplitRG/shard-0/SplitLargeReadGroup/0d04d95d-22fb-4959-bcd5-691d6afa1502/call-SamToFastqAndDragmapAndMba/shard-18:/cromwell-executions1/WholeGenomeGermlineSingleSample/06160bfb-7bc0-413b-9ba8-6a78ff6325b1/call-UnmappedBamToAlignedBam/UnmappedBamToAlignedBam/e5dd9295-79be-4223-84e9-2c3cbc52bcd0/call-SplitRG/shard-0/SplitLargeReadGroup/0d04d95d-22fb-4959-bcd5-691d6afa1502/call-SamToFastqAndDragmapAndMba/shard-18 \
  -v /mnt/nas1/projects/lasr/blendseq:/mnt/nas1/projects/lasr/blendseq \
  us.gcr.io/broad-gotc-prod/dragmap@sha256:5964afca3e4173c33b11100f68c1a44642e0ff2ee4de5a49d8cd446fef308b23 /cromwell-executions1/WholeGenomeGermlineSingleSample/06160bfb-7bc0-413b-9ba8-6a78ff6325b1/call-UnmappedBamToAlignedBam/UnmappedBamToAlignedBam/e5dd9295-79be-4223-84e9-2c3cbc52bcd0/call-SplitRG/shard-0/SplitLargeReadGroup/0d04d95d-22fb-4959-bcd5-691d6afa1502/call-SamToFastqAndDragmapAndMba/shard-18/execution/script

# get the return code (working even if the container was detached)
rc=$(docker wait [38;5;5mcat /home/darja/workflow/cromwell-executions1/WholeGenomeGermlineSingleSample/06160bfb-7bc0-413b-9ba8-6a78ff6325b1/call-UnmappedBamToAlignedBam/UnmappedBamToAlignedBam/e5dd9295-79be-4223-84e9-2c3cbc52bcd0/call-SplitRG/shard-0/SplitLargeReadGroup/0d04d95d-22fb-4959-bcd5-691d6afa1502/call-SamToFastqAndDragmapAndMba/shard-18/execution/docker_cid[0m)

# remove the container after waiting
docker rm [38;5;5mcat /home/darja/workflow/cromwell-executions1/WholeGenomeGermlineSingleSample/06160bfb-7bc0-413b-9ba8-6a78ff6325b1/call-UnmappedBamToAlignedBam/UnmappedBamToAlignedBam/e5dd9295-79be-4223-84e9-2c3cbc52bcd0/call-SplitRG/shard-0/SplitLargeReadGroup/0d04d95d-22fb-4959-bcd5-691d6afa1502/call-SamToFastqAndDragmapAndMba/shard-18/execution/docker_cid[0m

# return exit code
exit $rc
[2026-02-24 08:28:04,34] [info] BackgroundConfigAsyncJobExecutionActor [[38;5;2m0d04d95d[0mSplitLargeReadGroup.SamToFastqAndDragmapAndMba:18:1]: job id: 70243
[2026-02-24 08:28:04,34] [info] BackgroundConfigAsyncJobExecutionActor [[38;5;2m0d04d95d[0mSplitLargeReadGroup.SamToFastqAndDragmapAndMba:18:1]: Status change from - to WaitingForReturnCode
[2026-02-24 08:56:25,55] [info] BackgroundConfigAsyncJobExecutionActor [[38;5;2m0d04d95d[0mSplitLargeReadGroup.SamToFastqAndDragmapAndMba:18:1]: Status change from WaitingForReturnCode to Done
[2026-02-24 08:56:29,46] [info] Assigned new job execution tokens to the following groups: 06160bfb: 1
[2026-02-24 08:56:29,50] [[38;5;220mwarn[0m] BackgroundConfigAsyncJobExecutionActor [[38;5;2m0d04d95d[0mSplitLargeReadGroup.SamToFastqAndDragmapAndMba:16:1]: Unrecognized runtime attribute keys: preemptible, disks, cpu, memory
[2026-02-24 08:56:31,29] [info] BackgroundConfigAsyncJobExecutionActor [[38;5;2m0d04d95d[0mSplitLargeReadGroup.SamToFastqAndDragmapAndMba:16:1]: [38;5;5mset -euxo pipefail

DRAGMAP_VERSION=$(dragen-os --version)

if [ -z ${DRAGMAP_VERSION} ]; then
    exit 1;
fi

mkdir dragen_reference
mv /cromwell-executions1/WholeGenomeGermlineSingleSample/06160bfb-7bc0-413b-9ba8-6a78ff6325b1/call-UnmappedBamToAlignedBam/UnmappedBamToAlignedBam/e5dd9295-79be-4223-84e9-2c3cbc52bcd0/call-SplitRG/shard-0/SplitLargeReadGroup/0d04d95d-22fb-4959-bcd5-691d6afa1502/call-SamToFastqAndDragmapAndMba/shard-16/inputs/-1290198700/reference.bin /cromwell-executions1/WholeGenomeGermlineSingleSample/06160bfb-7bc0-413b-9ba8-6a78ff6325b1/call-UnmappedBamToAlignedBam/UnmappedBamToAlignedBam/e5dd9295-79be-4223-84e9-2c3cbc52bcd0/call-SplitRG/shard-0/SplitLargeReadGroup/0d04d95d-22fb-4959-bcd5-691d6afa1502/call-SamToFastqAndDragmapAndMba/shard-16/inputs/-1290198700/hash_table.cfg.bin /cromwell-executions1/WholeGenomeGermlineSingleSample/06160bfb-7bc0-413b-9ba8-6a78ff6325b1/call-UnmappedBamToAlignedBam/UnmappedBamToAlignedBam/e5dd9295-79be-4223-84e9-2c3cbc52bcd0/call-SplitRG/shard-0/SplitLargeReadGroup/0d04d95d-22fb-4959-bcd5-691d6afa1502/call-SamToFastqAndDragmapAndMba/shard-16/inputs/-1290198700/hash_table.cmp dragen_reference

dragen-os -b /cromwell-executions1/WholeGenomeGermlineSingleSample/06160bfb-7bc0-413b-9ba8-6a78ff6325b1/call-UnmappedBamToAlignedBam/UnmappedBamToAlignedBam/e5dd9295-79be-4223-84e9-2c3cbc52bcd0/call-SplitRG/shard-0/SplitLargeReadGroup/0d04d95d-22fb-4959-bcd5-691d6afa1502/call-SamToFastqAndDragmapAndMba/shard-16/inputs/-2128380842/shard_0017.bam -r dragen_reference --interleaved=1 --preserve-map-align-order true 2> >(tee shard_0017.dragmap.stderr.log >&2) | samtools view -h -O BAM - > aligned.bam
java -Dsamjdk.compression_level=2 -Xms1000m -Xmx1000m -jar /picard/picard.jar \
  MergeBamAlignment \
  VALIDATION_STRINGENCY=SILENT \
  EXPECTED_ORIENTATIONS=FR \
  ATTRIBUTES_TO_RETAIN=X0 \
  ATTRIBUTES_TO_REMOVE=RG \
  ATTRIBUTES_TO_REMOVE=NM \
  ATTRIBUTES_TO_REMOVE=MD \
  ALIGNED_BAM=aligned.bam \
  UNMAPPED_BAM=/cromwell-executions1/WholeGenomeGermlineSingleSample/06160bfb-7bc0-413b-9ba8-6a78ff6325b1/call-UnmappedBamToAlignedBam/UnmappedBamToAlignedBam/e5dd9295-79be-4223-84e9-2c3cbc52bcd0/call-SplitRG/shard-0/SplitLargeReadGroup/0d04d95d-22fb-4959-bcd5-691d6afa1502/call-SamToFastqAndDragmapAndMba/shard-16/inputs/-2128380842/shard_0017.bam \
  OUTPUT=shard_0017.bam \
  REFERENCE_SEQUENCE=/cromwell-executions1/WholeGenomeGermlineSingleSample/06160bfb-7bc0-413b-9ba8-6a78ff6325b1/call-UnmappedBamToAlignedBam/UnmappedBamToAlignedBam/e5dd9295-79be-4223-84e9-2c3cbc52bcd0/call-SplitRG/shard-0/SplitLargeReadGroup/0d04d95d-22fb-4959-bcd5-691d6afa1502/call-SamToFastqAndDragmapAndMba/shard-16/inputs/-1569105944/Homo_sapiens_assembly38_masked.fasta \
  PAIRED_RUN=true \
  SORT_ORDER="unsorted" \
  IS_BISULFITE_SEQUENCE=false \
  ALIGNED_READS_ONLY=false \
  CLIP_ADAPTERS=false \
   \
   \
  MAX_RECORDS_IN_RAM=2000000 \
  ADD_MATE_CIGAR=true \
  MAX_INSERTIONS_OR_DELETIONS=-1 \
  PRIMARY_ALIGNMENT_STRATEGY=MostDistant \
  PROGRAM_RECORD_ID="dragen-os" \
  PROGRAM_GROUP_VERSION="${DRAGMAP_VERSION}" \
  PROGRAM_GROUP_COMMAND_LINE="dragen-os -b /cromwell-executions1/WholeGenomeGermlineSingleSample/06160bfb-7bc0-413b-9ba8-6a78ff6325b1/call-UnmappedBamToAlignedBam/UnmappedBamToAlignedBam/e5dd9295-79be-4223-84e9-2c3cbc52bcd0/call-SplitRG/shard-0/SplitLargeReadGroup/0d04d95d-22fb-4959-bcd5-691d6afa1502/call-SamToFastqAndDragmapAndMba/shard-16/inputs/-2128380842/shard_0017.bam -r dragen_reference --interleaved=1" \
  PROGRAM_GROUP_NAME="dragen-os" \
  UNMAPPED_READ_STRATEGY=COPY_TO_TAG \
  ALIGNER_PROPER_PAIR_FLAGS=true \
  UNMAP_CONTAMINANT_READS=true \
  ADD_PG_TAG_TO_READS=false[0m
[2026-02-24 08:56:31,29] [info] BackgroundConfigAsyncJobExecutionActor [[38;5;2m0d04d95d[0mSplitLargeReadGroup.SamToFastqAndDragmapAndMba:16:1]: executing: # make sure there is no preexisting Docker CID file
rm -f /home/darja/workflow/cromwell-executions1/WholeGenomeGermlineSingleSample/06160bfb-7bc0-413b-9ba8-6a78ff6325b1/call-UnmappedBamToAlignedBam/UnmappedBamToAlignedBam/e5dd9295-79be-4223-84e9-2c3cbc52bcd0/call-SplitRG/shard-0/SplitLargeReadGroup/0d04d95d-22fb-4959-bcd5-691d6afa1502/call-SamToFastqAndDragmapAndMba/shard-16/execution/docker_cid
# run as in the original configuration without --rm flag (will remove later)
docker run \
  --cidfile /home/darja/workflow/cromwell-executions1/WholeGenomeGermlineSingleSample/06160bfb-7bc0-413b-9ba8-6a78ff6325b1/call-UnmappedBamToAlignedBam/UnmappedBamToAlignedBam/e5dd9295-79be-4223-84e9-2c3cbc52bcd0/call-SplitRG/shard-0/SplitLargeReadGroup/0d04d95d-22fb-4959-bcd5-691d6afa1502/call-SamToFastqAndDragmapAndMba/shard-16/execution/docker_cid \
  -i \
  --user 1027:1028 \
  --cpus="64" \
  --memory="350G" \
  --entrypoint /bin/bash \
  -v /home/darja/workflow/cromwell-executions1/WholeGenomeGermlineSingleSample/06160bfb-7bc0-413b-9ba8-6a78ff6325b1/call-UnmappedBamToAlignedBam/UnmappedBamToAlignedBam/e5dd9295-79be-4223-84e9-2c3cbc52bcd0/call-SplitRG/shard-0/SplitLargeReadGroup/0d04d95d-22fb-4959-bcd5-691d6afa1502/call-SamToFastqAndDragmapAndMba/shard-16:/cromwell-executions1/WholeGenomeGermlineSingleSample/06160bfb-7bc0-413b-9ba8-6a78ff6325b1/call-UnmappedBamToAlignedBam/UnmappedBamToAlignedBam/e5dd9295-79be-4223-84e9-2c3cbc52bcd0/call-SplitRG/shard-0/SplitLargeReadGroup/0d04d95d-22fb-4959-bcd5-691d6afa1502/call-SamToFastqAndDragmapAndMba/shard-16 \
  -v /mnt/nas1/projects/lasr/blendseq:/mnt/nas1/projects/lasr/blendseq \
  us.gcr.io/broad-gotc-prod/dragmap@sha256:5964afca3e4173c33b11100f68c1a44642e0ff2ee4de5a49d8cd446fef308b23 /cromwell-executions1/WholeGenomeGermlineSingleSample/06160bfb-7bc0-413b-9ba8-6a78ff6325b1/call-UnmappedBamToAlignedBam/UnmappedBamToAlignedBam/e5dd9295-79be-4223-84e9-2c3cbc52bcd0/call-SplitRG/shard-0/SplitLargeReadGroup/0d04d95d-22fb-4959-bcd5-691d6afa1502/call-SamToFastqAndDragmapAndMba/shard-16/execution/script

# get the return code (working even if the container was detached)
rc=$(docker wait [38;5;5mcat /home/darja/workflow/cromwell-executions1/WholeGenomeGermlineSingleSample/06160bfb-7bc0-413b-9ba8-6a78ff6325b1/call-UnmappedBamToAlignedBam/UnmappedBamToAlignedBam/e5dd9295-79be-4223-84e9-2c3cbc52bcd0/call-SplitRG/shard-0/SplitLargeReadGroup/0d04d95d-22fb-4959-bcd5-691d6afa1502/call-SamToFastqAndDragmapAndMba/shard-16/execution/docker_cid[0m)

# remove the container after waiting
docker rm [38;5;5mcat /home/darja/workflow/cromwell-executions1/WholeGenomeGermlineSingleSample/06160bfb-7bc0-413b-9ba8-6a78ff6325b1/call-UnmappedBamToAlignedBam/UnmappedBamToAlignedBam/e5dd9295-79be-4223-84e9-2c3cbc52bcd0/call-SplitRG/shard-0/SplitLargeReadGroup/0d04d95d-22fb-4959-bcd5-691d6afa1502/call-SamToFastqAndDragmapAndMba/shard-16/execution/docker_cid[0m

# return exit code
exit $rc
[2026-02-24 08:56:34,34] [info] BackgroundConfigAsyncJobExecutionActor [[38;5;2m0d04d95d[0mSplitLargeReadGroup.SamToFastqAndDragmapAndMba:16:1]: job id: 71061
[2026-02-24 08:56:34,34] [info] BackgroundConfigAsyncJobExecutionActor [[38;5;2m0d04d95d[0mSplitLargeReadGroup.SamToFastqAndDragmapAndMba:16:1]: Status change from - to WaitingForReturnCode
[2026-02-24 09:43:51,78] [info] BackgroundConfigAsyncJobExecutionActor [[38;5;2m0d04d95d[0mSplitLargeReadGroup.SamToFastqAndDragmapAndMba:16:1]: Status change from WaitingForReturnCode to Done
[2026-02-24 09:43:59,46] [info] Assigned new job execution tokens to the following groups: 06160bfb: 1
[2026-02-24 09:43:59,50] [[38;5;220mwarn[0m] BackgroundConfigAsyncJobExecutionActor [[38;5;2m0d04d95d[0mSplitLargeReadGroup.SamToFastqAndDragmapAndMba:2:1]: Unrecognized runtime attribute keys: preemptible, disks, cpu, memory
[2026-02-24 09:44:00,94] [info] BackgroundConfigAsyncJobExecutionActor [[38;5;2m0d04d95d[0mSplitLargeReadGroup.SamToFastqAndDragmapAndMba:2:1]: [38;5;5mset -euxo pipefail

DRAGMAP_VERSION=$(dragen-os --version)

if [ -z ${DRAGMAP_VERSION} ]; then
    exit 1;
fi

mkdir dragen_reference
mv /cromwell-executions1/WholeGenomeGermlineSingleSample/06160bfb-7bc0-413b-9ba8-6a78ff6325b1/call-UnmappedBamToAlignedBam/UnmappedBamToAlignedBam/e5dd9295-79be-4223-84e9-2c3cbc52bcd0/call-SplitRG/shard-0/SplitLargeReadGroup/0d04d95d-22fb-4959-bcd5-691d6afa1502/call-SamToFastqAndDragmapAndMba/shard-2/inputs/-1290198700/reference.bin /cromwell-executions1/WholeGenomeGermlineSingleSample/06160bfb-7bc0-413b-9ba8-6a78ff6325b1/call-UnmappedBamToAlignedBam/UnmappedBamToAlignedBam/e5dd9295-79be-4223-84e9-2c3cbc52bcd0/call-SplitRG/shard-0/SplitLargeReadGroup/0d04d95d-22fb-4959-bcd5-691d6afa1502/call-SamToFastqAndDragmapAndMba/shard-2/inputs/-1290198700/hash_table.cfg.bin /cromwell-executions1/WholeGenomeGermlineSingleSample/06160bfb-7bc0-413b-9ba8-6a78ff6325b1/call-UnmappedBamToAlignedBam/UnmappedBamToAlignedBam/e5dd9295-79be-4223-84e9-2c3cbc52bcd0/call-SplitRG/shard-0/SplitLargeReadGroup/0d04d95d-22fb-4959-bcd5-691d6afa1502/call-SamToFastqAndDragmapAndMba/shard-2/inputs/-1290198700/hash_table.cmp dragen_reference

dragen-os -b /cromwell-executions1/WholeGenomeGermlineSingleSample/06160bfb-7bc0-413b-9ba8-6a78ff6325b1/call-UnmappedBamToAlignedBam/UnmappedBamToAlignedBam/e5dd9295-79be-4223-84e9-2c3cbc52bcd0/call-SplitRG/shard-0/SplitLargeReadGroup/0d04d95d-22fb-4959-bcd5-691d6afa1502/call-SamToFastqAndDragmapAndMba/shard-2/inputs/-2128380842/shard_0003.bam -r dragen_reference --interleaved=1 --preserve-map-align-order true 2> >(tee shard_0003.dragmap.stderr.log >&2) | samtools view -h -O BAM - > aligned.bam
java -Dsamjdk.compression_level=2 -Xms1000m -Xmx1000m -jar /picard/picard.jar \
  MergeBamAlignment \
  VALIDATION_STRINGENCY=SILENT \
  EXPECTED_ORIENTATIONS=FR \
  ATTRIBUTES_TO_RETAIN=X0 \
  ATTRIBUTES_TO_REMOVE=RG \
  ATTRIBUTES_TO_REMOVE=NM \
  ATTRIBUTES_TO_REMOVE=MD \
  ALIGNED_BAM=aligned.bam \
  UNMAPPED_BAM=/cromwell-executions1/WholeGenomeGermlineSingleSample/06160bfb-7bc0-413b-9ba8-6a78ff6325b1/call-UnmappedBamToAlignedBam/UnmappedBamToAlignedBam/e5dd9295-79be-4223-84e9-2c3cbc52bcd0/call-SplitRG/shard-0/SplitLargeReadGroup/0d04d95d-22fb-4959-bcd5-691d6afa1502/call-SamToFastqAndDragmapAndMba/shard-2/inputs/-2128380842/shard_0003.bam \
  OUTPUT=shard_0003.bam \
  REFERENCE_SEQUENCE=/cromwell-executions1/WholeGenomeGermlineSingleSample/06160bfb-7bc0-413b-9ba8-6a78ff6325b1/call-UnmappedBamToAlignedBam/UnmappedBamToAlignedBam/e5dd9295-79be-4223-84e9-2c3cbc52bcd0/call-SplitRG/shard-0/SplitLargeReadGroup/0d04d95d-22fb-4959-bcd5-691d6afa1502/call-SamToFastqAndDragmapAndMba/shard-2/inputs/-1569105944/Homo_sapiens_assembly38_masked.fasta \
  PAIRED_RUN=true \
  SORT_ORDER="unsorted" \
  IS_BISULFITE_SEQUENCE=false \
  ALIGNED_READS_ONLY=false \
  CLIP_ADAPTERS=false \
   \
   \
  MAX_RECORDS_IN_RAM=2000000 \
  ADD_MATE_CIGAR=true \
  MAX_INSERTIONS_OR_DELETIONS=-1 \
  PRIMARY_ALIGNMENT_STRATEGY=MostDistant \
  PROGRAM_RECORD_ID="dragen-os" \
  PROGRAM_GROUP_VERSION="${DRAGMAP_VERSION}" \
  PROGRAM_GROUP_COMMAND_LINE="dragen-os -b /cromwell-executions1/WholeGenomeGermlineSingleSample/06160bfb-7bc0-413b-9ba8-6a78ff6325b1/call-UnmappedBamToAlignedBam/UnmappedBamToAlignedBam/e5dd9295-79be-4223-84e9-2c3cbc52bcd0/call-SplitRG/shard-0/SplitLargeReadGroup/0d04d95d-22fb-4959-bcd5-691d6afa1502/call-SamToFastqAndDragmapAndMba/shard-2/inputs/-2128380842/shard_0003.bam -r dragen_reference --interleaved=1" \
  PROGRAM_GROUP_NAME="dragen-os" \
  UNMAPPED_READ_STRATEGY=COPY_TO_TAG \
  ALIGNER_PROPER_PAIR_FLAGS=true \
  UNMAP_CONTAMINANT_READS=true \
  ADD_PG_TAG_TO_READS=false[0m
[2026-02-24 09:44:00,99] [info] BackgroundConfigAsyncJobExecutionActor [[38;5;2m0d04d95d[0mSplitLargeReadGroup.SamToFastqAndDragmapAndMba:2:1]: executing: # make sure there is no preexisting Docker CID file
rm -f /home/darja/workflow/cromwell-executions1/WholeGenomeGermlineSingleSample/06160bfb-7bc0-413b-9ba8-6a78ff6325b1/call-UnmappedBamToAlignedBam/UnmappedBamToAlignedBam/e5dd9295-79be-4223-84e9-2c3cbc52bcd0/call-SplitRG/shard-0/SplitLargeReadGroup/0d04d95d-22fb-4959-bcd5-691d6afa1502/call-SamToFastqAndDragmapAndMba/shard-2/execution/docker_cid
# run as in the original configuration without --rm flag (will remove later)
docker run \
  --cidfile /home/darja/workflow/cromwell-executions1/WholeGenomeGermlineSingleSample/06160bfb-7bc0-413b-9ba8-6a78ff6325b1/call-UnmappedBamToAlignedBam/UnmappedBamToAlignedBam/e5dd9295-79be-4223-84e9-2c3cbc52bcd0/call-SplitRG/shard-0/SplitLargeReadGroup/0d04d95d-22fb-4959-bcd5-691d6afa1502/call-SamToFastqAndDragmapAndMba/shard-2/execution/docker_cid \
  -i \
  --user 1027:1028 \
  --cpus="64" \
  --memory="350G" \
  --entrypoint /bin/bash \
  -v /home/darja/workflow/cromwell-executions1/WholeGenomeGermlineSingleSample/06160bfb-7bc0-413b-9ba8-6a78ff6325b1/call-UnmappedBamToAlignedBam/UnmappedBamToAlignedBam/e5dd9295-79be-4223-84e9-2c3cbc52bcd0/call-SplitRG/shard-0/SplitLargeReadGroup/0d04d95d-22fb-4959-bcd5-691d6afa1502/call-SamToFastqAndDragmapAndMba/shard-2:/cromwell-executions1/WholeGenomeGermlineSingleSample/06160bfb-7bc0-413b-9ba8-6a78ff6325b1/call-UnmappedBamToAlignedBam/UnmappedBamToAlignedBam/e5dd9295-79be-4223-84e9-2c3cbc52bcd0/call-SplitRG/shard-0/SplitLargeReadGroup/0d04d95d-22fb-4959-bcd5-691d6afa1502/call-SamToFastqAndDragmapAndMba/shard-2 \
  -v /mnt/nas1/projects/lasr/blendseq:/mnt/nas1/projects/lasr/blendseq \
  us.gcr.io/broad-gotc-prod/dragmap@sha256:5964afca3e4173c33b11100f68c1a44642e0ff2ee4de5a49d8cd446fef308b23 /cromwell-executions1/WholeGenomeGermlineSingleSample/06160bfb-7bc0-413b-9ba8-6a78ff6325b1/call-UnmappedBamToAlignedBam/UnmappedBamToAlignedBam/e5dd9295-79be-4223-84e9-2c3cbc52bcd0/call-SplitRG/shard-0/SplitLargeReadGroup/0d04d95d-22fb-4959-bcd5-691d6afa1502/call-SamToFastqAndDragmapAndMba/shard-2/execution/script

# get the return code (working even if the container was detached)
rc=$(docker wait [38;5;5mcat /home/darja/workflow/cromwell-executions1/WholeGenomeGermlineSingleSample/06160bfb-7bc0-413b-9ba8-6a78ff6325b1/call-UnmappedBamToAlignedBam/UnmappedBamToAlignedBam/e5dd9295-79be-4223-84e9-2c3cbc52bcd0/call-SplitRG/shard-0/SplitLargeReadGroup/0d04d95d-22fb-4959-bcd5-691d6afa1502/call-SamToFastqAndDragmapAndMba/shard-2/execution/docker_cid[0m)

# remove the container after waiting
docker rm [38;5;5mcat /home/darja/workflow/cromwell-executions1/WholeGenomeGermlineSingleSample/06160bfb-7bc0-413b-9ba8-6a78ff6325b1/call-UnmappedBamToAlignedBam/UnmappedBamToAlignedBam/e5dd9295-79be-4223-84e9-2c3cbc52bcd0/call-SplitRG/shard-0/SplitLargeReadGroup/0d04d95d-22fb-4959-bcd5-691d6afa1502/call-SamToFastqAndDragmapAndMba/shard-2/execution/docker_cid[0m

# return exit code
exit $rc
[2026-02-24 09:44:04,34] [info] BackgroundConfigAsyncJobExecutionActor [[38;5;2m0d04d95d[0mSplitLargeReadGroup.SamToFastqAndDragmapAndMba:2:1]: job id: 71975
[2026-02-24 09:44:04,34] [info] BackgroundConfigAsyncJobExecutionActor [[38;5;2m0d04d95d[0mSplitLargeReadGroup.SamToFastqAndDragmapAndMba:2:1]: Status change from - to WaitingForReturnCode
[2026-02-24 10:11:43,85] [info] BackgroundConfigAsyncJobExecutionActor [[38;5;2m0d04d95d[0mSplitLargeReadGroup.SamToFastqAndDragmapAndMba:2:1]: Status change from WaitingForReturnCode to Done
[2026-02-24 10:11:48,89] [info] 0d04d95d-22fb-4959-bcd5-691d6afa1502-SubWorkflowActor-SubWorkflow-SplitRG:0:1 [[38;5;2m0d04d95d[0m]: Starting SplitLargeReadGroup.GatherMonolithicBamFile
[2026-02-24 10:11:49,46] [info] Assigned new job execution tokens to the following groups: 06160bfb: 1
[2026-02-24 10:11:49,47] [[38;5;220mwarn[0m] BackgroundConfigAsyncJobExecutionActor [[38;5;2m0d04d95d[0mSplitLargeReadGroup.GatherMonolithicBamFile:NA:1]: Unrecognized runtime attribute keys: preemptible, disks, memory
[2026-02-24 10:12:12,32] [info] BackgroundConfigAsyncJobExecutionActor [[38;5;2m0d04d95d[0mSplitLargeReadGroup.GatherMonolithicBamFile:NA:1]: [38;5;5mjava -Dsamjdk.compression_level=2 -Xms2000m -Xmx2500m -jar /usr/picard/picard.jar \
  GatherBamFiles \
  INPUT=/cromwell-executions1/WholeGenomeGermlineSingleSample/06160bfb-7bc0-413b-9ba8-6a78ff6325b1/call-UnmappedBamToAlignedBam/UnmappedBamToAlignedBam/e5dd9295-79be-4223-84e9-2c3cbc52bcd0/call-SplitRG/shard-0/SplitLargeReadGroup/0d04d95d-22fb-4959-bcd5-691d6afa1502/call-GatherMonolithicBamFile/inputs/-965957666/shard_0001.bam INPUT=/cromwell-executions1/WholeGenomeGermlineSingleSample/06160bfb-7bc0-413b-9ba8-6a78ff6325b1/call-UnmappedBamToAlignedBam/UnmappedBamToAlignedBam/e5dd9295-79be-4223-84e9-2c3cbc52bcd0/call-SplitRG/shard-0/SplitLargeReadGroup/0d04d95d-22fb-4959-bcd5-691d6afa1502/call-GatherMonolithicBamFile/inputs/1532058271/shard_0002.bam INPUT=/cromwell-executions1/WholeGenomeGermlineSingleSample/06160bfb-7bc0-413b-9ba8-6a78ff6325b1/call-UnmappedBamToAlignedBam/UnmappedBamToAlignedBam/e5dd9295-79be-4223-84e9-2c3cbc52bcd0/call-SplitRG/shard-0/SplitLargeReadGroup/0d04d95d-22fb-4959-bcd5-691d6afa1502/call-GatherMonolithicBamFile/inputs/-264893088/shard_0003.bam INPUT=/cromwell-executions1/WholeGenomeGermlineSingleSample/06160bfb-7bc0-413b-9ba8-6a78ff6325b1/call-UnmappedBamToAlignedBam/UnmappedBamToAlignedBam/e5dd9295-79be-4223-84e9-2c3cbc52bcd0/call-SplitRG/shard-0/SplitLargeReadGroup/0d04d95d-22fb-4959-bcd5-691d6afa1502/call-GatherMonolithicBamFile/inputs/-2061844447/shard_0004.bam INPUT=/cromwell-executions1/WholeGenomeGermlineSingleSample/06160bfb-7bc0-413b-9ba8-6a78ff6325b1/call-UnmappedBamToAlignedBam/UnmappedBamToAlignedBam/e5dd9295-79be-4223-84e9-2c3cbc52bcd0/call-SplitRG/shard-0/SplitLargeReadGroup/0d04d95d-22fb-4959-bcd5-691d6afa1502/call-GatherMonolithicBamFile/inputs/436171490/shard_0005.bam INPUT=/cromwell-executions1/WholeGenomeGermlineSingleSample/06160bfb-7bc0-413b-9ba8-6a78ff6325b1/call-UnmappedBamToAlignedBam/UnmappedBamToAlignedBam/e5dd9295-79be-4223-84e9-2c3cbc52bcd0/call-SplitRG/shard-0/SplitLargeReadGroup/0d04d95d-22fb-4959-bcd5-691d6afa1502/call-GatherMonolithicBamFile/inputs/-1360779869/shard_0006.bam INPUT=/cromwell-executions1/WholeGenomeGermlineSingleSample/06160bfb-7bc0-413b-9ba8-6a78ff6325b1/call-UnmappedBamToAlignedBam/UnmappedBamToAlignedBam/e5dd9295-79be-4223-84e9-2c3cbc52bcd0/call-SplitRG/shard-0/SplitLargeReadGroup/0d04d95d-22fb-4959-bcd5-691d6afa1502/call-GatherMonolithicBamFile/inputs/1137236068/shard_0007.bam INPUT=/cromwell-executions1/WholeGenomeGermlineSingleSample/06160bfb-7bc0-413b-9ba8-6a78ff6325b1/call-UnmappedBamToAlignedBam/UnmappedBamToAlignedBam/e5dd9295-79be-4223-84e9-2c3cbc52bcd0/call-SplitRG/shard-0/SplitLargeReadGroup/0d04d95d-22fb-4959-bcd5-691d6afa1502/call-GatherMonolithicBamFile/inputs/-659715291/shard_0008.bam INPUT=/cromwell-executions1/WholeGenomeGermlineSingleSample/06160bfb-7bc0-413b-9ba8-6a78ff6325b1/call-UnmappedBamToAlignedBam/UnmappedBamToAlignedBam/e5dd9295-79be-4223-84e9-2c3cbc52bcd0/call-SplitRG/shard-0/SplitLargeReadGroup/0d04d95d-22fb-4959-bcd5-691d6afa1502/call-GatherMonolithicBamFile/inputs/1838300646/shard_0009.bam INPUT=/cromwell-executions1/WholeGenomeGermlineSingleSample/06160bfb-7bc0-413b-9ba8-6a78ff6325b1/call-UnmappedBamToAlignedBam/UnmappedBamToAlignedBam/e5dd9295-79be-4223-84e9-2c3cbc52bcd0/call-SplitRG/shard-0/SplitLargeReadGroup/0d04d95d-22fb-4959-bcd5-691d6afa1502/call-GatherMonolithicBamFile/inputs/41349287/shard_0010.bam INPUT=/cromwell-executions1/WholeGenomeGermlineSingleSample/06160bfb-7bc0-413b-9ba8-6a78ff6325b1/call-UnmappedBamToAlignedBam/UnmappedBamToAlignedBam/e5dd9295-79be-4223-84e9-2c3cbc52bcd0/call-SplitRG/shard-0/SplitLargeReadGroup/0d04d95d-22fb-4959-bcd5-691d6afa1502/call-GatherMonolithicBamFile/inputs/470492131/shard_0011.bam INPUT=/cromwell-executions1/WholeGenomeGermlineSingleSample/06160bfb-7bc0-413b-9ba8-6a78ff6325b1/call-UnmappedBamToAlignedBam/UnmappedBamToAlignedBam/e5dd9295-79be-4223-84e9-2c3cbc52bcd0/call-SplitRG/shard-0/SplitLargeReadGroup/0d04d95d-22fb-4959-bcd5-691d6afa1502/call-GatherMonolithicBamFile/inputs/-1326459228/shard_0012.bam INPUT=/cromwell-executions1/WholeGenomeGermlineSingleSample/06160bfb-7bc0-413b-9ba8-6a78ff6325b1/call-UnmappedBamToAlignedBam/UnmappedBamToAlignedBam/e5dd9295-79be-4223-84e9-2c3cbc52bcd0/call-SplitRG/shard-0/SplitLargeReadGroup/0d04d95d-22fb-4959-bcd5-691d6afa1502/call-GatherMonolithicBamFile/inputs/1171556709/shard_0013.bam INPUT=/cromwell-executions1/WholeGenomeGermlineSingleSample/06160bfb-7bc0-413b-9ba8-6a78ff6325b1/call-UnmappedBamToAlignedBam/UnmappedBamToAlignedBam/e5dd9295-79be-4223-84e9-2c3cbc52bcd0/call-SplitRG/shard-0/SplitLargeReadGroup/0d04d95d-22fb-4959-bcd5-691d6afa1502/call-GatherMonolithicBamFile/inputs/-625394650/shard_0014.bam INPUT=/cromwell-executions1/WholeGenomeGermlineSingleSample/06160bfb-7bc0-413b-9ba8-6a78ff6325b1/call-UnmappedBamToAlignedBam/UnmappedBamToAlignedBam/e5dd9295-79be-4223-84e9-2c3cbc52bcd0/call-SplitRG/shard-0/SplitLargeReadGroup/0d04d95d-22fb-4959-bcd5-691d6afa1502/call-GatherMonolithicBamFile/inputs/1872621287/shard_0015.bam INPUT=/cromwell-executions1/WholeGenomeGermlineSingleSample/06160bfb-7bc0-413b-9ba8-6a78ff6325b1/call-UnmappedBamToAlignedBam/UnmappedBamToAlignedBam/e5dd9295-79be-4223-84e9-2c3cbc52bcd0/call-SplitRG/shard-0/SplitLargeReadGroup/0d04d95d-22fb-4959-bcd5-691d6afa1502/call-GatherMonolithicBamFile/inputs/75669928/shard_0016.bam INPUT=/cromwell-executions1/WholeGenomeGermlineSingleSample/06160bfb-7bc0-413b-9ba8-6a78ff6325b1/call-UnmappedBamToAlignedBam/UnmappedBamToAlignedBam/e5dd9295-79be-4223-84e9-2c3cbc52bcd0/call-SplitRG/shard-0/SplitLargeReadGroup/0d04d95d-22fb-4959-bcd5-691d6afa1502/call-GatherMonolithicBamFile/inputs/-1721281431/shard_0017.bam INPUT=/cromwell-executions1/WholeGenomeGermlineSingleSample/06160bfb-7bc0-413b-9ba8-6a78ff6325b1/call-UnmappedBamToAlignedBam/UnmappedBamToAlignedBam/e5dd9295-79be-4223-84e9-2c3cbc52bcd0/call-SplitRG/shard-0/SplitLargeReadGroup/0d04d95d-22fb-4959-bcd5-691d6afa1502/call-GatherMonolithicBamFile/inputs/776734506/shard_0018.bam INPUT=/cromwell-executions1/WholeGenomeGermlineSingleSample/06160bfb-7bc0-413b-9ba8-6a78ff6325b1/call-UnmappedBamToAlignedBam/UnmappedBamToAlignedBam/e5dd9295-79be-4223-84e9-2c3cbc52bcd0/call-SplitRG/shard-0/SplitLargeReadGroup/0d04d95d-22fb-4959-bcd5-691d6afa1502/call-GatherMonolithicBamFile/inputs/-1020216853/shard_0019.bam \
  OUTPUT=ERR3687419_ILMN.aligned.unsorted.bam \
  CREATE_INDEX=false \
  CREATE_MD5_FILE=false[0m
[2026-02-24 10:12:12,32] [info] BackgroundConfigAsyncJobExecutionActor [[38;5;2m0d04d95d[0mSplitLargeReadGroup.GatherMonolithicBamFile:NA:1]: executing: # make sure there is no preexisting Docker CID file
rm -f /home/darja/workflow/cromwell-executions1/WholeGenomeGermlineSingleSample/06160bfb-7bc0-413b-9ba8-6a78ff6325b1/call-UnmappedBamToAlignedBam/UnmappedBamToAlignedBam/e5dd9295-79be-4223-84e9-2c3cbc52bcd0/call-SplitRG/shard-0/SplitLargeReadGroup/0d04d95d-22fb-4959-bcd5-691d6afa1502/call-GatherMonolithicBamFile/execution/docker_cid
# run as in the original configuration without --rm flag (will remove later)
docker run \
  --cidfile /home/darja/workflow/cromwell-executions1/WholeGenomeGermlineSingleSample/06160bfb-7bc0-413b-9ba8-6a78ff6325b1/call-UnmappedBamToAlignedBam/UnmappedBamToAlignedBam/e5dd9295-79be-4223-84e9-2c3cbc52bcd0/call-SplitRG/shard-0/SplitLargeReadGroup/0d04d95d-22fb-4959-bcd5-691d6afa1502/call-GatherMonolithicBamFile/execution/docker_cid \
  -i \
  --user 1027:1028 \
  --cpus="64" \
  --memory="350G" \
  --entrypoint /bin/bash \
  -v /home/darja/workflow/cromwell-executions1/WholeGenomeGermlineSingleSample/06160bfb-7bc0-413b-9ba8-6a78ff6325b1/call-UnmappedBamToAlignedBam/UnmappedBamToAlignedBam/e5dd9295-79be-4223-84e9-2c3cbc52bcd0/call-SplitRG/shard-0/SplitLargeReadGroup/0d04d95d-22fb-4959-bcd5-691d6afa1502/call-GatherMonolithicBamFile:/cromwell-executions1/WholeGenomeGermlineSingleSample/06160bfb-7bc0-413b-9ba8-6a78ff6325b1/call-UnmappedBamToAlignedBam/UnmappedBamToAlignedBam/e5dd9295-79be-4223-84e9-2c3cbc52bcd0/call-SplitRG/shard-0/SplitLargeReadGroup/0d04d95d-22fb-4959-bcd5-691d6afa1502/call-GatherMonolithicBamFile \
  -v /mnt/nas1/projects/lasr/blendseq:/mnt/nas1/projects/lasr/blendseq \
  us.gcr.io/broad-gotc-prod/picard-cloud@sha256:e5ad5339080c3107c04e4a4d000b8ab06f472b77019debc3ff75499d28995b0c /cromwell-executions1/WholeGenomeGermlineSingleSample/06160bfb-7bc0-413b-9ba8-6a78ff6325b1/call-UnmappedBamToAlignedBam/UnmappedBamToAlignedBam/e5dd9295-79be-4223-84e9-2c3cbc52bcd0/call-SplitRG/shard-0/SplitLargeReadGroup/0d04d95d-22fb-4959-bcd5-691d6afa1502/call-GatherMonolithicBamFile/execution/script

# get the return code (working even if the container was detached)
rc=$(docker wait [38;5;5mcat /home/darja/workflow/cromwell-executions1/WholeGenomeGermlineSingleSample/06160bfb-7bc0-413b-9ba8-6a78ff6325b1/call-UnmappedBamToAlignedBam/UnmappedBamToAlignedBam/e5dd9295-79be-4223-84e9-2c3cbc52bcd0/call-SplitRG/shard-0/SplitLargeReadGroup/0d04d95d-22fb-4959-bcd5-691d6afa1502/call-GatherMonolithicBamFile/execution/docker_cid[0m)

# remove the container after waiting
docker rm [38;5;5mcat /home/darja/workflow/cromwell-executions1/WholeGenomeGermlineSingleSample/06160bfb-7bc0-413b-9ba8-6a78ff6325b1/call-UnmappedBamToAlignedBam/UnmappedBamToAlignedBam/e5dd9295-79be-4223-84e9-2c3cbc52bcd0/call-SplitRG/shard-0/SplitLargeReadGroup/0d04d95d-22fb-4959-bcd5-691d6afa1502/call-GatherMonolithicBamFile/execution/docker_cid[0m

# return exit code
exit $rc
[2026-02-24 10:12:14,34] [info] BackgroundConfigAsyncJobExecutionActor [[38;5;2m0d04d95d[0mSplitLargeReadGroup.GatherMonolithicBamFile:NA:1]: job id: 72789
[2026-02-24 10:12:14,34] [info] BackgroundConfigAsyncJobExecutionActor [[38;5;2m0d04d95d[0mSplitLargeReadGroup.GatherMonolithicBamFile:NA:1]: Status change from - to WaitingForReturnCode
[2026-02-24 10:13:32,92] [info] BackgroundConfigAsyncJobExecutionActor [[38;5;2m0d04d95d[0mSplitLargeReadGroup.GatherMonolithicBamFile:NA:1]: Status change from WaitingForReturnCode to Done
[2026-02-24 10:13:33,96] [info] 0d04d95d-22fb-4959-bcd5-691d6afa1502-SubWorkflowActor-SubWorkflow-SplitRG:0:1 [[38;5;2m0d04d95d[0m]: Workflow SplitLargeReadGroup complete. Final Outputs:
{
  "SplitLargeReadGroup.aligned_bam": "/home/darja/workflow/cromwell-executions1/WholeGenomeGermlineSingleSample/06160bfb-7bc0-413b-9ba8-6a78ff6325b1/call-UnmappedBamToAlignedBam/UnmappedBamToAlignedBam/e5dd9295-79be-4223-84e9-2c3cbc52bcd0/call-SplitRG/shard-0/SplitLargeReadGroup/0d04d95d-22fb-4959-bcd5-691d6afa1502/call-GatherMonolithicBamFile/execution/ERR3687419_ILMN.aligned.unsorted.bam"
}
[2026-02-24 10:13:38,40] [info] e5dd9295-79be-4223-84e9-2c3cbc52bcd0-SubWorkflowActor-SubWorkflow-UnmappedBamToAlignedBam:-1:1 [[38;5;2me5dd9295[0m]: Starting UnmappedBamToAlignedBam.CollectUnsortedReadgroupBamQualityMetrics
[2026-02-24 10:13:39,46] [info] Assigned new job execution tokens to the following groups: 06160bfb: 1
[2026-02-24 10:13:39,47] [[38;5;220mwarn[0m] BackgroundConfigAsyncJobExecutionActor [[38;5;2me5dd9295[0mUnmappedBamToAlignedBam.CollectUnsortedReadgroupBamQualityMetrics:0:1]: Unrecognized runtime attribute keys: preemptible, disks, memory
[2026-02-24 10:13:40,44] [info] e5dd9295-79be-4223-84e9-2c3cbc52bcd0-SubWorkflowActor-SubWorkflow-UnmappedBamToAlignedBam:-1:1 [[38;5;2me5dd9295[0m]: Starting UnmappedBamToAlignedBam.MarkDuplicates
[2026-02-24 10:14:05,51] [info] BackgroundConfigAsyncJobExecutionActor [[38;5;2me5dd9295[0mUnmappedBamToAlignedBam.CollectUnsortedReadgroupBamQualityMetrics:0:1]: [38;5;5mjava -Xms5000m -Xmx6500m -jar /usr/picard/picard.jar \
  CollectMultipleMetrics \
  INPUT=/cromwell-executions1/WholeGenomeGermlineSingleSample/06160bfb-7bc0-413b-9ba8-6a78ff6325b1/call-UnmappedBamToAlignedBam/UnmappedBamToAlignedBam/e5dd9295-79be-4223-84e9-2c3cbc52bcd0/call-CollectUnsortedReadgroupBamQualityMetrics/shard-0/inputs/163613224/ERR3687419_ILMN.aligned.unsorted.bam \
  OUTPUT=ERR3687419_ILMN.readgroup \
  ASSUME_SORTED=true \
  PROGRAM=null \
  PROGRAM=CollectBaseDistributionByCycle \
  PROGRAM=CollectInsertSizeMetrics \
  PROGRAM=MeanQualityByCycle \
  PROGRAM=QualityScoreDistribution \
  METRIC_ACCUMULATION_LEVEL=null \
  METRIC_ACCUMULATION_LEVEL=ALL_READS

touch ERR3687419_ILMN.readgroup.insert_size_metrics
touch ERR3687419_ILMN.readgroup.insert_size_histogram.pdf[0m
[2026-02-24 10:14:05,51] [info] BackgroundConfigAsyncJobExecutionActor [[38;5;2me5dd9295[0mUnmappedBamToAlignedBam.CollectUnsortedReadgroupBamQualityMetrics:0:1]: executing: # make sure there is no preexisting Docker CID file
rm -f /home/darja/workflow/cromwell-executions1/WholeGenomeGermlineSingleSample/06160bfb-7bc0-413b-9ba8-6a78ff6325b1/call-UnmappedBamToAlignedBam/UnmappedBamToAlignedBam/e5dd9295-79be-4223-84e9-2c3cbc52bcd0/call-CollectUnsortedReadgroupBamQualityMetrics/shard-0/execution/docker_cid
# run as in the original configuration without --rm flag (will remove later)
docker run \
  --cidfile /home/darja/workflow/cromwell-executions1/WholeGenomeGermlineSingleSample/06160bfb-7bc0-413b-9ba8-6a78ff6325b1/call-UnmappedBamToAlignedBam/UnmappedBamToAlignedBam/e5dd9295-79be-4223-84e9-2c3cbc52bcd0/call-CollectUnsortedReadgroupBamQualityMetrics/shard-0/execution/docker_cid \
  -i \
  --user 1027:1028 \
  --cpus="64" \
  --memory="350G" \
  --entrypoint /bin/bash \
  -v /home/darja/workflow/cromwell-executions1/WholeGenomeGermlineSingleSample/06160bfb-7bc0-413b-9ba8-6a78ff6325b1/call-UnmappedBamToAlignedBam/UnmappedBamToAlignedBam/e5dd9295-79be-4223-84e9-2c3cbc52bcd0/call-CollectUnsortedReadgroupBamQualityMetrics/shard-0:/cromwell-executions1/WholeGenomeGermlineSingleSample/06160bfb-7bc0-413b-9ba8-6a78ff6325b1/call-UnmappedBamToAlignedBam/UnmappedBamToAlignedBam/e5dd9295-79be-4223-84e9-2c3cbc52bcd0/call-CollectUnsortedReadgroupBamQualityMetrics/shard-0 \
  -v /mnt/nas1/projects/lasr/blendseq:/mnt/nas1/projects/lasr/blendseq \
  us.gcr.io/broad-gotc-prod/picard-cloud@sha256:e5ad5339080c3107c04e4a4d000b8ab06f472b77019debc3ff75499d28995b0c /cromwell-executions1/WholeGenomeGermlineSingleSample/06160bfb-7bc0-413b-9ba8-6a78ff6325b1/call-UnmappedBamToAlignedBam/UnmappedBamToAlignedBam/e5dd9295-79be-4223-84e9-2c3cbc52bcd0/call-CollectUnsortedReadgroupBamQualityMetrics/shard-0/execution/script

# get the return code (working even if the container was detached)
rc=$(docker wait [38;5;5mcat /home/darja/workflow/cromwell-executions1/WholeGenomeGermlineSingleSample/06160bfb-7bc0-413b-9ba8-6a78ff6325b1/call-UnmappedBamToAlignedBam/UnmappedBamToAlignedBam/e5dd9295-79be-4223-84e9-2c3cbc52bcd0/call-CollectUnsortedReadgroupBamQualityMetrics/shard-0/execution/docker_cid[0m)

# remove the container after waiting
docker rm [38;5;5mcat /home/darja/workflow/cromwell-executions1/WholeGenomeGermlineSingleSample/06160bfb-7bc0-413b-9ba8-6a78ff6325b1/call-UnmappedBamToAlignedBam/UnmappedBamToAlignedBam/e5dd9295-79be-4223-84e9-2c3cbc52bcd0/call-CollectUnsortedReadgroupBamQualityMetrics/shard-0/execution/docker_cid[0m

# return exit code
exit $rc
[2026-02-24 10:14:09,34] [info] BackgroundConfigAsyncJobExecutionActor [[38;5;2me5dd9295[0mUnmappedBamToAlignedBam.CollectUnsortedReadgroupBamQualityMetrics:0:1]: job id: 73150
[2026-02-24 10:14:09,34] [info] BackgroundConfigAsyncJobExecutionActor [[38;5;2me5dd9295[0mUnmappedBamToAlignedBam.CollectUnsortedReadgroupBamQualityMetrics:0:1]: Status change from - to WaitingForReturnCode
[2026-02-24 11:08:05,92] [info] BackgroundConfigAsyncJobExecutionActor [[38;5;2me5dd9295[0mUnmappedBamToAlignedBam.CollectUnsortedReadgroupBamQualityMetrics:0:1]: Status change from WaitingForReturnCode to Done
[2026-02-24 11:08:09,46] [info] Assigned new job execution tokens to the following groups: 06160bfb: 1
[2026-02-24 11:08:09,47] [[38;5;220mwarn[0m] BackgroundConfigAsyncJobExecutionActor [[38;5;2me5dd9295[0mUnmappedBamToAlignedBam.MarkDuplicates:NA:1]: Unrecognized runtime attribute keys: preemptible, disks, memory
[2026-02-24 11:08:09,47] [info] BackgroundConfigAsyncJobExecutionActor [[38;5;2me5dd9295[0mUnmappedBamToAlignedBam.MarkDuplicates:NA:1]: [38;5;5mjava -Dsamjdk.compression_level=2 -Xms6g -jar /usr/picard/picard.jar \
  MarkDuplicates \
  INPUT=/cromwell-executions1/WholeGenomeGermlineSingleSample/06160bfb-7bc0-413b-9ba8-6a78ff6325b1/call-UnmappedBamToAlignedBam/UnmappedBamToAlignedBam/e5dd9295-79be-4223-84e9-2c3cbc52bcd0/call-MarkDuplicates/inputs/163613224/ERR3687419_ILMN.aligned.unsorted.bam \
  OUTPUT=ERR3687419_ILMN.aligned.unsorted.duplicates_marked.bam \
  METRICS_FILE=ERR3687419_ILMN.duplicate_metrics \
  VALIDATION_STRINGENCY=SILENT \
   \
   \
  OPTICAL_DUPLICATE_PIXEL_DISTANCE=2500 \
  ASSUME_SORT_ORDER="queryname" \
  CLEAR_DT="false" \
  ADD_PG_TAG_TO_READS=false[0m
[2026-02-24 11:08:09,48] [info] BackgroundConfigAsyncJobExecutionActor [[38;5;2me5dd9295[0mUnmappedBamToAlignedBam.MarkDuplicates:NA:1]: executing: # make sure there is no preexisting Docker CID file
rm -f /home/darja/workflow/cromwell-executions1/WholeGenomeGermlineSingleSample/06160bfb-7bc0-413b-9ba8-6a78ff6325b1/call-UnmappedBamToAlignedBam/UnmappedBamToAlignedBam/e5dd9295-79be-4223-84e9-2c3cbc52bcd0/call-MarkDuplicates/execution/docker_cid
# run as in the original configuration without --rm flag (will remove later)
docker run \
  --cidfile /home/darja/workflow/cromwell-executions1/WholeGenomeGermlineSingleSample/06160bfb-7bc0-413b-9ba8-6a78ff6325b1/call-UnmappedBamToAlignedBam/UnmappedBamToAlignedBam/e5dd9295-79be-4223-84e9-2c3cbc52bcd0/call-MarkDuplicates/execution/docker_cid \
  -i \
  --user 1027:1028 \
  --cpus="64" \
  --memory="350G" \
  --entrypoint /bin/bash \
  -v /home/darja/workflow/cromwell-executions1/WholeGenomeGermlineSingleSample/06160bfb-7bc0-413b-9ba8-6a78ff6325b1/call-UnmappedBamToAlignedBam/UnmappedBamToAlignedBam/e5dd9295-79be-4223-84e9-2c3cbc52bcd0/call-MarkDuplicates:/cromwell-executions1/WholeGenomeGermlineSingleSample/06160bfb-7bc0-413b-9ba8-6a78ff6325b1/call-UnmappedBamToAlignedBam/UnmappedBamToAlignedBam/e5dd9295-79be-4223-84e9-2c3cbc52bcd0/call-MarkDuplicates \
  -v /mnt/nas1/projects/lasr/blendseq:/mnt/nas1/projects/lasr/blendseq \
  us.gcr.io/broad-gotc-prod/picard-cloud@sha256:e5ad5339080c3107c04e4a4d000b8ab06f472b77019debc3ff75499d28995b0c /cromwell-executions1/WholeGenomeGermlineSingleSample/06160bfb-7bc0-413b-9ba8-6a78ff6325b1/call-UnmappedBamToAlignedBam/UnmappedBamToAlignedBam/e5dd9295-79be-4223-84e9-2c3cbc52bcd0/call-MarkDuplicates/execution/script

# get the return code (working even if the container was detached)
rc=$(docker wait [38;5;5mcat /home/darja/workflow/cromwell-executions1/WholeGenomeGermlineSingleSample/06160bfb-7bc0-413b-9ba8-6a78ff6325b1/call-UnmappedBamToAlignedBam/UnmappedBamToAlignedBam/e5dd9295-79be-4223-84e9-2c3cbc52bcd0/call-MarkDuplicates/execution/docker_cid[0m)

# remove the container after waiting
docker rm [38;5;5mcat /home/darja/workflow/cromwell-executions1/WholeGenomeGermlineSingleSample/06160bfb-7bc0-413b-9ba8-6a78ff6325b1/call-UnmappedBamToAlignedBam/UnmappedBamToAlignedBam/e5dd9295-79be-4223-84e9-2c3cbc52bcd0/call-MarkDuplicates/execution/docker_cid[0m

# return exit code
exit $rc
[2026-02-24 11:08:14,34] [info] BackgroundConfigAsyncJobExecutionActor [[38;5;2me5dd9295[0mUnmappedBamToAlignedBam.MarkDuplicates:NA:1]: job id: 73808
[2026-02-24 11:08:14,34] [info] BackgroundConfigAsyncJobExecutionActor [[38;5;2me5dd9295[0mUnmappedBamToAlignedBam.MarkDuplicates:NA:1]: Status change from - to WaitingForReturnCode
[2026-02-24 13:05:16,82] [info] BackgroundConfigAsyncJobExecutionActor [[38;5;2me5dd9295[0mUnmappedBamToAlignedBam.MarkDuplicates:NA:1]: Status change from WaitingForReturnCode to Done
[2026-02-24 13:05:18,32] [info] e5dd9295-79be-4223-84e9-2c3cbc52bcd0-SubWorkflowActor-SubWorkflow-UnmappedBamToAlignedBam:-1:1 [[38;5;2me5dd9295[0m]: Starting UnmappedBamToAlignedBam.SortSampleBam
[2026-02-24 13:05:19,46] [info] Assigned new job execution tokens to the following groups: 06160bfb: 1
[2026-02-24 13:05:19,47] [[38;5;220mwarn[0m] BackgroundConfigAsyncJobExecutionActor [[38;5;2me5dd9295[0mUnmappedBamToAlignedBam.SortSampleBam:NA:1]: Unrecognized runtime attribute keys: preemptible, disks, cpu, memory
[2026-02-24 13:05:43,31] [info] BackgroundConfigAsyncJobExecutionActor [[38;5;2me5dd9295[0mUnmappedBamToAlignedBam.SortSampleBam:NA:1]: [38;5;5mjava -Dsamjdk.compression_level=2 -Xms4000m -Xmx4500m -jar /usr/picard/picard.jar \
  SortSam \
  INPUT=/cromwell-executions1/WholeGenomeGermlineSingleSample/06160bfb-7bc0-413b-9ba8-6a78ff6325b1/call-UnmappedBamToAlignedBam/UnmappedBamToAlignedBam/e5dd9295-79be-4223-84e9-2c3cbc52bcd0/call-SortSampleBam/inputs/-447840974/ERR3687419_ILMN.aligned.unsorted.duplicates_marked.bam \
  OUTPUT=ERR3687419_ILMN.aligned.duplicate_marked.sorted.bam \
  SORT_ORDER="coordinate" \
  CREATE_INDEX=true \
  CREATE_MD5_FILE=true \
  MAX_RECORDS_IN_RAM=300000[0m
[2026-02-24 13:05:43,31] [info] BackgroundConfigAsyncJobExecutionActor [[38;5;2me5dd9295[0mUnmappedBamToAlignedBam.SortSampleBam:NA:1]: executing: # make sure there is no preexisting Docker CID file
rm -f /home/darja/workflow/cromwell-executions1/WholeGenomeGermlineSingleSample/06160bfb-7bc0-413b-9ba8-6a78ff6325b1/call-UnmappedBamToAlignedBam/UnmappedBamToAlignedBam/e5dd9295-79be-4223-84e9-2c3cbc52bcd0/call-SortSampleBam/execution/docker_cid
# run as in the original configuration without --rm flag (will remove later)
docker run \
  --cidfile /home/darja/workflow/cromwell-executions1/WholeGenomeGermlineSingleSample/06160bfb-7bc0-413b-9ba8-6a78ff6325b1/call-UnmappedBamToAlignedBam/UnmappedBamToAlignedBam/e5dd9295-79be-4223-84e9-2c3cbc52bcd0/call-SortSampleBam/execution/docker_cid \
  -i \
  --user 1027:1028 \
  --cpus="64" \
  --memory="350G" \
  --entrypoint /bin/bash \
  -v /home/darja/workflow/cromwell-executions1/WholeGenomeGermlineSingleSample/06160bfb-7bc0-413b-9ba8-6a78ff6325b1/call-UnmappedBamToAlignedBam/UnmappedBamToAlignedBam/e5dd9295-79be-4223-84e9-2c3cbc52bcd0/call-SortSampleBam:/cromwell-executions1/WholeGenomeGermlineSingleSample/06160bfb-7bc0-413b-9ba8-6a78ff6325b1/call-UnmappedBamToAlignedBam/UnmappedBamToAlignedBam/e5dd9295-79be-4223-84e9-2c3cbc52bcd0/call-SortSampleBam \
  -v /mnt/nas1/projects/lasr/blendseq:/mnt/nas1/projects/lasr/blendseq \
  us.gcr.io/broad-gotc-prod/picard-cloud@sha256:e5ad5339080c3107c04e4a4d000b8ab06f472b77019debc3ff75499d28995b0c /cromwell-executions1/WholeGenomeGermlineSingleSample/06160bfb-7bc0-413b-9ba8-6a78ff6325b1/call-UnmappedBamToAlignedBam/UnmappedBamToAlignedBam/e5dd9295-79be-4223-84e9-2c3cbc52bcd0/call-SortSampleBam/execution/script

# get the return code (working even if the container was detached)
rc=$(docker wait [38;5;5mcat /home/darja/workflow/cromwell-executions1/WholeGenomeGermlineSingleSample/06160bfb-7bc0-413b-9ba8-6a78ff6325b1/call-UnmappedBamToAlignedBam/UnmappedBamToAlignedBam/e5dd9295-79be-4223-84e9-2c3cbc52bcd0/call-SortSampleBam/execution/docker_cid[0m)

# remove the container after waiting
docker rm [38;5;5mcat /home/darja/workflow/cromwell-executions1/WholeGenomeGermlineSingleSample/06160bfb-7bc0-413b-9ba8-6a78ff6325b1/call-UnmappedBamToAlignedBam/UnmappedBamToAlignedBam/e5dd9295-79be-4223-84e9-2c3cbc52bcd0/call-SortSampleBam/execution/docker_cid[0m

# return exit code
exit $rc
[2026-02-24 13:05:44,34] [info] BackgroundConfigAsyncJobExecutionActor [[38;5;2me5dd9295[0mUnmappedBamToAlignedBam.SortSampleBam:NA:1]: job id: 74909
[2026-02-24 13:05:44,34] [info] BackgroundConfigAsyncJobExecutionActor [[38;5;2me5dd9295[0mUnmappedBamToAlignedBam.SortSampleBam:NA:1]: Status change from - to WaitingForReturnCode
[2026-02-24 14:23:14,31] [info] BackgroundConfigAsyncJobExecutionActor [[38;5;2me5dd9295[0mUnmappedBamToAlignedBam.SortSampleBam:NA:1]: Status change from WaitingForReturnCode to Done
[2026-02-24 14:23:16,04] [info] e5dd9295-79be-4223-84e9-2c3cbc52bcd0-SubWorkflowActor-SubWorkflow-UnmappedBamToAlignedBam:-1:1 [[38;5;2me5dd9295[0m]: Starting UnmappedBamToAlignedBam.CheckContamination
[2026-02-24 14:23:17,06] [info] e5dd9295-79be-4223-84e9-2c3cbc52bcd0-SubWorkflowActor-SubWorkflow-UnmappedBamToAlignedBam:-1:1 [[38;5;2me5dd9295[0m]: Starting UnmappedBamToAlignedBam.CrossCheckFingerprints, UnmappedBamToAlignedBam.GatherBamFiles
[2026-02-24 14:23:19,46] [info] Assigned new job execution tokens to the following groups: 06160bfb: 1
[2026-02-24 14:23:20,07] [[38;5;220mwarn[0m] BackgroundConfigAsyncJobExecutionActor [[38;5;2me5dd9295[0mUnmappedBamToAlignedBam.CheckContamination:NA:1]: Unrecognized runtime attribute keys: preemptible, disks, cpu, memory
[2026-02-24 14:23:40,69] [info] BackgroundConfigAsyncJobExecutionActor [[38;5;2me5dd9295[0mUnmappedBamToAlignedBam.CheckContamination:NA:1]: [38;5;5mset -e

# creates a ERR3687419_ILMN.preBqsr.selfSM file, a TSV file with 2 rows, 19 columns.
# First row are the keys (e.g., SEQ_SM, RG, FREEMIX), second row are the associated values
/usr/gitc/VerifyBamID \
--Verbose \
--NumPC 4 \
--Output ERR3687419_ILMN.preBqsr \
--BamFile /cromwell-executions1/WholeGenomeGermlineSingleSample/06160bfb-7bc0-413b-9ba8-6a78ff6325b1/call-UnmappedBamToAlignedBam/UnmappedBamToAlignedBam/e5dd9295-79be-4223-84e9-2c3cbc52bcd0/call-CheckContamination/inputs/1423842203/ERR3687419_ILMN.aligned.duplicate_marked.sorted.bam \
--Reference /cromwell-executions1/WholeGenomeGermlineSingleSample/06160bfb-7bc0-413b-9ba8-6a78ff6325b1/call-UnmappedBamToAlignedBam/UnmappedBamToAlignedBam/e5dd9295-79be-4223-84e9-2c3cbc52bcd0/call-CheckContamination/inputs/-1569105944/Homo_sapiens_assembly38_masked.fasta \
--UDPath /cromwell-executions1/WholeGenomeGermlineSingleSample/06160bfb-7bc0-413b-9ba8-6a78ff6325b1/call-UnmappedBamToAlignedBam/UnmappedBamToAlignedBam/e5dd9295-79be-4223-84e9-2c3cbc52bcd0/call-CheckContamination/inputs/-1034781492/1000g.phase3.100k.b38.vcf.gz.dat.UD \
--MeanPath /cromwell-executions1/WholeGenomeGermlineSingleSample/06160bfb-7bc0-413b-9ba8-6a78ff6325b1/call-UnmappedBamToAlignedBam/UnmappedBamToAlignedBam/e5dd9295-79be-4223-84e9-2c3cbc52bcd0/call-CheckContamination/inputs/-1034781492/1000g.phase3.100k.b38.vcf.gz.dat.mu \
--BedPath /cromwell-executions1/WholeGenomeGermlineSingleSample/06160bfb-7bc0-413b-9ba8-6a78ff6325b1/call-UnmappedBamToAlignedBam/UnmappedBamToAlignedBam/e5dd9295-79be-4223-84e9-2c3cbc52bcd0/call-CheckContamination/inputs/-1034781492/1000g.phase3.100k.b38.vcf.gz.dat.bed \
 \
1>/dev/null

# used to read from the selfSM file and calculate contamination, which gets printed out
python3 <<CODE
import csv
import sys
with open('ERR3687419_ILMN.preBqsr.selfSM') as selfSM:
  reader = csv.DictReader(selfSM, delimiter='\t')
  i = 0
  for row in reader:
    if float(row["FREELK0"])==0 and float(row["FREELK1"])==0:
      # a zero value for the likelihoods implies no data. This usually indicates a problem rather than a real event.
      # if the bam isn't really empty, this is probably due to the use of a incompatible reference build between
      # vcf and bam.
      sys.stderr.write("Found zero likelihoods. Bam is either very-very shallow, or aligned to the wrong reference (relative to the vcf).")
      sys.exit(1)
    print(float(row["FREEMIX"])/0.75)
    i = i + 1
    # there should be exactly one row, and if this isn't the case the format of the output is unexpectedly different
    # and the results are not reliable.
    if i != 1:
      sys.stderr.write("Found %d rows in .selfSM file. Was expecting exactly 1. This is an error"%(i))
      sys.exit(2)
CODE[0m
[2026-02-24 14:23:40,70] [info] BackgroundConfigAsyncJobExecutionActor [[38;5;2me5dd9295[0mUnmappedBamToAlignedBam.CheckContamination:NA:1]: executing: # make sure there is no preexisting Docker CID file
rm -f /home/darja/workflow/cromwell-executions1/WholeGenomeGermlineSingleSample/06160bfb-7bc0-413b-9ba8-6a78ff6325b1/call-UnmappedBamToAlignedBam/UnmappedBamToAlignedBam/e5dd9295-79be-4223-84e9-2c3cbc52bcd0/call-CheckContamination/execution/docker_cid
# run as in the original configuration without --rm flag (will remove later)
docker run \
  --cidfile /home/darja/workflow/cromwell-executions1/WholeGenomeGermlineSingleSample/06160bfb-7bc0-413b-9ba8-6a78ff6325b1/call-UnmappedBamToAlignedBam/UnmappedBamToAlignedBam/e5dd9295-79be-4223-84e9-2c3cbc52bcd0/call-CheckContamination/execution/docker_cid \
  -i \
  --user 1027:1028 \
  --cpus="64" \
  --memory="350G" \
  --entrypoint /bin/bash \
  -v /home/darja/workflow/cromwell-executions1/WholeGenomeGermlineSingleSample/06160bfb-7bc0-413b-9ba8-6a78ff6325b1/call-UnmappedBamToAlignedBam/UnmappedBamToAlignedBam/e5dd9295-79be-4223-84e9-2c3cbc52bcd0/call-CheckContamination:/cromwell-executions1/WholeGenomeGermlineSingleSample/06160bfb-7bc0-413b-9ba8-6a78ff6325b1/call-UnmappedBamToAlignedBam/UnmappedBamToAlignedBam/e5dd9295-79be-4223-84e9-2c3cbc52bcd0/call-CheckContamination \
  -v /mnt/nas1/projects/lasr/blendseq:/mnt/nas1/projects/lasr/blendseq \
  us.gcr.io/broad-gotc-prod/verify-bam-id@sha256:c2b59ed40409a0f4c8696e7cf05f6673e964f94865d43bbdf97ec5ec671f1ecf /cromwell-executions1/WholeGenomeGermlineSingleSample/06160bfb-7bc0-413b-9ba8-6a78ff6325b1/call-UnmappedBamToAlignedBam/UnmappedBamToAlignedBam/e5dd9295-79be-4223-84e9-2c3cbc52bcd0/call-CheckContamination/execution/script

# get the return code (working even if the container was detached)
rc=$(docker wait [38;5;5mcat /home/darja/workflow/cromwell-executions1/WholeGenomeGermlineSingleSample/06160bfb-7bc0-413b-9ba8-6a78ff6325b1/call-UnmappedBamToAlignedBam/UnmappedBamToAlignedBam/e5dd9295-79be-4223-84e9-2c3cbc52bcd0/call-CheckContamination/execution/docker_cid[0m)

# remove the container after waiting
docker rm [38;5;5mcat /home/darja/workflow/cromwell-executions1/WholeGenomeGermlineSingleSample/06160bfb-7bc0-413b-9ba8-6a78ff6325b1/call-UnmappedBamToAlignedBam/UnmappedBamToAlignedBam/e5dd9295-79be-4223-84e9-2c3cbc52bcd0/call-CheckContamination/execution/docker_cid[0m

# return exit code
exit $rc
[2026-02-24 14:23:44,34] [info] BackgroundConfigAsyncJobExecutionActor [[38;5;2me5dd9295[0mUnmappedBamToAlignedBam.CheckContamination:NA:1]: job id: 76044
[2026-02-24 14:23:44,34] [info] BackgroundConfigAsyncJobExecutionActor [[38;5;2me5dd9295[0mUnmappedBamToAlignedBam.CheckContamination:NA:1]: Status change from - to WaitingForReturnCode
[2026-02-24 14:45:16,04] [info] BackgroundConfigAsyncJobExecutionActor [[38;5;2me5dd9295[0mUnmappedBamToAlignedBam.CheckContamination:NA:1]: Status change from WaitingForReturnCode to Done
[2026-02-24 14:45:19,46] [info] Assigned new job execution tokens to the following groups: 06160bfb: 1
[2026-02-24 14:45:19,47] [[38;5;220mwarn[0m] BackgroundConfigAsyncJobExecutionActor [[38;5;2me5dd9295[0mUnmappedBamToAlignedBam.GatherBamFiles:NA:1]: Unrecognized runtime attribute keys: preemptible, disks, memory
[2026-02-24 14:45:19,47] [info] BackgroundConfigAsyncJobExecutionActor [[38;5;2me5dd9295[0mUnmappedBamToAlignedBam.GatherBamFiles:NA:1]: [38;5;5mjava -Dsamjdk.compression_level=2 -Xms2000m -Xmx2500m -jar /usr/picard/picard.jar \
  GatherBamFiles \
  INPUT=/cromwell-executions1/WholeGenomeGermlineSingleSample/06160bfb-7bc0-413b-9ba8-6a78ff6325b1/call-UnmappedBamToAlignedBam/UnmappedBamToAlignedBam/e5dd9295-79be-4223-84e9-2c3cbc52bcd0/call-GatherBamFiles/inputs/1423842203/ERR3687419_ILMN.aligned.duplicate_marked.sorted.bam \
  OUTPUT=ERR3687419_ILMN.bam \
  CREATE_INDEX=true \
  CREATE_MD5_FILE=true[0m
[2026-02-24 14:45:19,48] [info] BackgroundConfigAsyncJobExecutionActor [[38;5;2me5dd9295[0mUnmappedBamToAlignedBam.GatherBamFiles:NA:1]: executing: # make sure there is no preexisting Docker CID file
rm -f /home/darja/workflow/cromwell-executions1/WholeGenomeGermlineSingleSample/06160bfb-7bc0-413b-9ba8-6a78ff6325b1/call-UnmappedBamToAlignedBam/UnmappedBamToAlignedBam/e5dd9295-79be-4223-84e9-2c3cbc52bcd0/call-GatherBamFiles/execution/docker_cid
# run as in the original configuration without --rm flag (will remove later)
docker run \
  --cidfile /home/darja/workflow/cromwell-executions1/WholeGenomeGermlineSingleSample/06160bfb-7bc0-413b-9ba8-6a78ff6325b1/call-UnmappedBamToAlignedBam/UnmappedBamToAlignedBam/e5dd9295-79be-4223-84e9-2c3cbc52bcd0/call-GatherBamFiles/execution/docker_cid \
  -i \
  --user 1027:1028 \
  --cpus="64" \
  --memory="350G" \
  --entrypoint /bin/bash \
  -v /home/darja/workflow/cromwell-executions1/WholeGenomeGermlineSingleSample/06160bfb-7bc0-413b-9ba8-6a78ff6325b1/call-UnmappedBamToAlignedBam/UnmappedBamToAlignedBam/e5dd9295-79be-4223-84e9-2c3cbc52bcd0/call-GatherBamFiles:/cromwell-executions1/WholeGenomeGermlineSingleSample/06160bfb-7bc0-413b-9ba8-6a78ff6325b1/call-UnmappedBamToAlignedBam/UnmappedBamToAlignedBam/e5dd9295-79be-4223-84e9-2c3cbc52bcd0/call-GatherBamFiles \
  -v /mnt/nas1/projects/lasr/blendseq:/mnt/nas1/projects/lasr/blendseq \
  us.gcr.io/broad-gotc-prod/picard-cloud@sha256:e5ad5339080c3107c04e4a4d000b8ab06f472b77019debc3ff75499d28995b0c /cromwell-executions1/WholeGenomeGermlineSingleSample/06160bfb-7bc0-413b-9ba8-6a78ff6325b1/call-UnmappedBamToAlignedBam/UnmappedBamToAlignedBam/e5dd9295-79be-4223-84e9-2c3cbc52bcd0/call-GatherBamFiles/execution/script

# get the return code (working even if the container was detached)
rc=$(docker wait [38;5;5mcat /home/darja/workflow/cromwell-executions1/WholeGenomeGermlineSingleSample/06160bfb-7bc0-413b-9ba8-6a78ff6325b1/call-UnmappedBamToAlignedBam/UnmappedBamToAlignedBam/e5dd9295-79be-4223-84e9-2c3cbc52bcd0/call-GatherBamFiles/execution/docker_cid[0m)

# remove the container after waiting
docker rm [38;5;5mcat /home/darja/workflow/cromwell-executions1/WholeGenomeGermlineSingleSample/06160bfb-7bc0-413b-9ba8-6a78ff6325b1/call-UnmappedBamToAlignedBam/UnmappedBamToAlignedBam/e5dd9295-79be-4223-84e9-2c3cbc52bcd0/call-GatherBamFiles/execution/docker_cid[0m

# return exit code
exit $rc
[2026-02-24 14:45:24,34] [info] BackgroundConfigAsyncJobExecutionActor [[38;5;2me5dd9295[0mUnmappedBamToAlignedBam.GatherBamFiles:NA:1]: job id: 76451
[2026-02-24 14:45:24,34] [info] BackgroundConfigAsyncJobExecutionActor [[38;5;2me5dd9295[0mUnmappedBamToAlignedBam.GatherBamFiles:NA:1]: Status change from - to WaitingForReturnCode
[2026-02-24 15:19:18,21] [info] BackgroundConfigAsyncJobExecutionActor [[38;5;2me5dd9295[0mUnmappedBamToAlignedBam.GatherBamFiles:NA:1]: Status change from WaitingForReturnCode to Done
[2026-02-24 15:19:19,46] [info] Assigned new job execution tokens to the following groups: 06160bfb: 1
[2026-02-24 15:19:19,47] [[38;5;220mwarn[0m] BackgroundConfigAsyncJobExecutionActor [[38;5;2me5dd9295[0mUnmappedBamToAlignedBam.CrossCheckFingerprints:NA:1]: Unrecognized runtime attribute keys: preemptible, disks, memory
[2026-02-24 15:19:19,59] [info] BackgroundConfigAsyncJobExecutionActor [[38;5;2me5dd9295[0mUnmappedBamToAlignedBam.CrossCheckFingerprints:NA:1]: [38;5;5mjava -Dsamjdk.buffer_size=131072 \
  -XX:GCTimeLimit=50 -XX:GCHeapFreeLimit=10 -Xms3000m -Xmx3000m \
  -jar /usr/picard/picard.jar \
  CrosscheckFingerprints \
  OUTPUT=ERR3687419_ILMN.crosscheck \
  HAPLOTYPE_MAP=/cromwell-executions1/WholeGenomeGermlineSingleSample/06160bfb-7bc0-413b-9ba8-6a78ff6325b1/call-UnmappedBamToAlignedBam/UnmappedBamToAlignedBam/e5dd9295-79be-4223-84e9-2c3cbc52bcd0/call-CrossCheckFingerprints/inputs/-1839652262/Homo_sapiens_assembly38.haplotype_database.txt \
  EXPECT_ALL_GROUPS_TO_MATCH=true \
  INPUT=/cromwell-executions1/WholeGenomeGermlineSingleSample/06160bfb-7bc0-413b-9ba8-6a78ff6325b1/call-UnmappedBamToAlignedBam/UnmappedBamToAlignedBam/e5dd9295-79be-4223-84e9-2c3cbc52bcd0/call-CrossCheckFingerprints/inputs/1423842203/ERR3687419_ILMN.aligned.duplicate_marked.sorted.bam \
  LOD_THRESHOLD=-20.0 \
  CROSSCHECK_BY=READGROUP[0m
[2026-02-24 15:19:19,59] [info] BackgroundConfigAsyncJobExecutionActor [[38;5;2me5dd9295[0mUnmappedBamToAlignedBam.CrossCheckFingerprints:NA:1]: executing: # make sure there is no preexisting Docker CID file
rm -f /home/darja/workflow/cromwell-executions1/WholeGenomeGermlineSingleSample/06160bfb-7bc0-413b-9ba8-6a78ff6325b1/call-UnmappedBamToAlignedBam/UnmappedBamToAlignedBam/e5dd9295-79be-4223-84e9-2c3cbc52bcd0/call-CrossCheckFingerprints/execution/docker_cid
# run as in the original configuration without --rm flag (will remove later)
docker run \
  --cidfile /home/darja/workflow/cromwell-executions1/WholeGenomeGermlineSingleSample/06160bfb-7bc0-413b-9ba8-6a78ff6325b1/call-UnmappedBamToAlignedBam/UnmappedBamToAlignedBam/e5dd9295-79be-4223-84e9-2c3cbc52bcd0/call-CrossCheckFingerprints/execution/docker_cid \
  -i \
  --user 1027:1028 \
  --cpus="64" \
  --memory="350G" \
  --entrypoint /bin/bash \
  -v /home/darja/workflow/cromwell-executions1/WholeGenomeGermlineSingleSample/06160bfb-7bc0-413b-9ba8-6a78ff6325b1/call-UnmappedBamToAlignedBam/UnmappedBamToAlignedBam/e5dd9295-79be-4223-84e9-2c3cbc52bcd0/call-CrossCheckFingerprints:/cromwell-executions1/WholeGenomeGermlineSingleSample/06160bfb-7bc0-413b-9ba8-6a78ff6325b1/call-UnmappedBamToAlignedBam/UnmappedBamToAlignedBam/e5dd9295-79be-4223-84e9-2c3cbc52bcd0/call-CrossCheckFingerprints \
  -v /mnt/nas1/projects/lasr/blendseq:/mnt/nas1/projects/lasr/blendseq \
  us.gcr.io/broad-gotc-prod/picard-cloud@sha256:e5ad5339080c3107c04e4a4d000b8ab06f472b77019debc3ff75499d28995b0c /cromwell-executions1/WholeGenomeGermlineSingleSample/06160bfb-7bc0-413b-9ba8-6a78ff6325b1/call-UnmappedBamToAlignedBam/UnmappedBamToAlignedBam/e5dd9295-79be-4223-84e9-2c3cbc52bcd0/call-CrossCheckFingerprints/execution/script

# get the return code (working even if the container was detached)
rc=$(docker wait [38;5;5mcat /home/darja/workflow/cromwell-executions1/WholeGenomeGermlineSingleSample/06160bfb-7bc0-413b-9ba8-6a78ff6325b1/call-UnmappedBamToAlignedBam/UnmappedBamToAlignedBam/e5dd9295-79be-4223-84e9-2c3cbc52bcd0/call-CrossCheckFingerprints/execution/docker_cid[0m)

# remove the container after waiting
docker rm [38;5;5mcat /home/darja/workflow/cromwell-executions1/WholeGenomeGermlineSingleSample/06160bfb-7bc0-413b-9ba8-6a78ff6325b1/call-UnmappedBamToAlignedBam/UnmappedBamToAlignedBam/e5dd9295-79be-4223-84e9-2c3cbc52bcd0/call-CrossCheckFingerprints/execution/docker_cid[0m

# return exit code
exit $rc
[2026-02-24 15:19:24,34] [info] BackgroundConfigAsyncJobExecutionActor [[38;5;2me5dd9295[0mUnmappedBamToAlignedBam.CrossCheckFingerprints:NA:1]: job id: 76954
[2026-02-24 15:19:24,34] [info] BackgroundConfigAsyncJobExecutionActor [[38;5;2me5dd9295[0mUnmappedBamToAlignedBam.CrossCheckFingerprints:NA:1]: Status change from - to WaitingForReturnCode
[2026-02-24 15:19:27,60] [info] BackgroundConfigAsyncJobExecutionActor [[38;5;2me5dd9295[0mUnmappedBamToAlignedBam.CrossCheckFingerprints:NA:1]: Status change from WaitingForReturnCode to Done
[2026-02-24 15:19:30,22] [info] e5dd9295-79be-4223-84e9-2c3cbc52bcd0-SubWorkflowActor-SubWorkflow-UnmappedBamToAlignedBam:-1:1 [[38;5;2me5dd9295[0m]: Workflow UnmappedBamToAlignedBam complete. Final Outputs:
{
  "UnmappedBamToAlignedBam.contamination": 9.70584E-9,
  "UnmappedBamToAlignedBam.unsorted_read_group_quality_distribution_metrics": ["/home/darja/workflow/cromwell-executions1/WholeGenomeGermlineSingleSample/06160bfb-7bc0-413b-9ba8-6a78ff6325b1/call-UnmappedBamToAlignedBam/UnmappedBamToAlignedBam/e5dd9295-79be-4223-84e9-2c3cbc52bcd0/call-CollectUnsortedReadgroupBamQualityMetrics/shard-0/execution/ERR3687419_ILMN.readgroup.quality_distribution_metrics"],
  "UnmappedBamToAlignedBam.unsorted_read_group_insert_size_histogram_pdf": ["/home/darja/workflow/cromwell-executions1/WholeGenomeGermlineSingleSample/06160bfb-7bc0-413b-9ba8-6a78ff6325b1/call-UnmappedBamToAlignedBam/UnmappedBamToAlignedBam/e5dd9295-79be-4223-84e9-2c3cbc52bcd0/call-CollectUnsortedReadgroupBamQualityMetrics/shard-0/execution/ERR3687419_ILMN.readgroup.insert_size_histogram.pdf"],
  "UnmappedBamToAlignedBam.unsorted_read_group_quality_distribution_pdf": ["/home/darja/workflow/cromwell-executions1/WholeGenomeGermlineSingleSample/06160bfb-7bc0-413b-9ba8-6a78ff6325b1/call-UnmappedBamToAlignedBam/UnmappedBamToAlignedBam/e5dd9295-79be-4223-84e9-2c3cbc52bcd0/call-CollectUnsortedReadgroupBamQualityMetrics/shard-0/execution/ERR3687419_ILMN.readgroup.quality_distribution.pdf"],
  "UnmappedBamToAlignedBam.output_bam_index": "/home/darja/workflow/cromwell-executions1/WholeGenomeGermlineSingleSample/06160bfb-7bc0-413b-9ba8-6a78ff6325b1/call-UnmappedBamToAlignedBam/UnmappedBamToAlignedBam/e5dd9295-79be-4223-84e9-2c3cbc52bcd0/call-GatherBamFiles/execution/ERR3687419_ILMN.bai",
  "UnmappedBamToAlignedBam.quality_yield_metrics": ["/home/darja/workflow/cromwell-executions1/WholeGenomeGermlineSingleSample/06160bfb-7bc0-413b-9ba8-6a78ff6325b1/call-UnmappedBamToAlignedBam/UnmappedBamToAlignedBam/e5dd9295-79be-4223-84e9-2c3cbc52bcd0/call-CollectQualityYieldMetrics/shard-0/execution/ERR3687419_ILMN.unmapped.quality_yield_metrics"],
  "UnmappedBamToAlignedBam.unsorted_read_group_base_distribution_by_cycle_metrics": ["/home/darja/workflow/cromwell-executions1/WholeGenomeGermlineSingleSample/06160bfb-7bc0-413b-9ba8-6a78ff6325b1/call-UnmappedBamToAlignedBam/UnmappedBamToAlignedBam/e5dd9295-79be-4223-84e9-2c3cbc52bcd0/call-CollectUnsortedReadgroupBamQualityMetrics/shard-0/execution/ERR3687419_ILMN.readgroup.base_distribution_by_cycle_metrics"],
  "UnmappedBamToAlignedBam.unsorted_read_group_insert_size_metrics": ["/home/darja/workflow/cromwell-executions1/WholeGenomeGermlineSingleSample/06160bfb-7bc0-413b-9ba8-6a78ff6325b1/call-UnmappedBamToAlignedBam/UnmappedBamToAlignedBam/e5dd9295-79be-4223-84e9-2c3cbc52bcd0/call-CollectUnsortedReadgroupBamQualityMetrics/shard-0/execution/ERR3687419_ILMN.readgroup.insert_size_metrics"],
  "UnmappedBamToAlignedBam.selfSM": "/home/darja/workflow/cromwell-executions1/WholeGenomeGermlineSingleSample/06160bfb-7bc0-413b-9ba8-6a78ff6325b1/call-UnmappedBamToAlignedBam/UnmappedBamToAlignedBam/e5dd9295-79be-4223-84e9-2c3cbc52bcd0/call-CheckContamination/execution/ERR3687419_ILMN.preBqsr.selfSM",
  "UnmappedBamToAlignedBam.unsorted_read_group_base_distribution_by_cycle_pdf": ["/home/darja/workflow/cromwell-executions1/WholeGenomeGermlineSingleSample/06160bfb-7bc0-413b-9ba8-6a78ff6325b1/call-UnmappedBamToAlignedBam/UnmappedBamToAlignedBam/e5dd9295-79be-4223-84e9-2c3cbc52bcd0/call-CollectUnsortedReadgroupBamQualityMetrics/shard-0/execution/ERR3687419_ILMN.readgroup.base_distribution_by_cycle.pdf"],
  "UnmappedBamToAlignedBam.duplicate_metrics": "/home/darja/workflow/cromwell-executions1/WholeGenomeGermlineSingleSample/06160bfb-7bc0-413b-9ba8-6a78ff6325b1/call-UnmappedBamToAlignedBam/UnmappedBamToAlignedBam/e5dd9295-79be-4223-84e9-2c3cbc52bcd0/call-MarkDuplicates/execution/ERR3687419_ILMN.duplicate_metrics",
  "UnmappedBamToAlignedBam.unsorted_read_group_quality_by_cycle_pdf": ["/home/darja/workflow/cromwell-executions1/WholeGenomeGermlineSingleSample/06160bfb-7bc0-413b-9ba8-6a78ff6325b1/call-UnmappedBamToAlignedBam/UnmappedBamToAlignedBam/e5dd9295-79be-4223-84e9-2c3cbc52bcd0/call-CollectUnsortedReadgroupBamQualityMetrics/shard-0/execution/ERR3687419_ILMN.readgroup.quality_by_cycle.pdf"],
  "UnmappedBamToAlignedBam.output_bqsr_reports": null,
  "UnmappedBamToAlignedBam.unsorted_read_group_quality_by_cycle_metrics": ["/home/darja/workflow/cromwell-executions1/WholeGenomeGermlineSingleSample/06160bfb-7bc0-413b-9ba8-6a78ff6325b1/call-UnmappedBamToAlignedBam/UnmappedBamToAlignedBam/e5dd9295-79be-4223-84e9-2c3cbc52bcd0/call-CollectUnsortedReadgroupBamQualityMetrics/shard-0/execution/ERR3687419_ILMN.readgroup.quality_by_cycle_metrics"],
  "UnmappedBamToAlignedBam.cross_check_fingerprints_metrics": "/home/darja/workflow/cromwell-executions1/WholeGenomeGermlineSingleSample/06160bfb-7bc0-413b-9ba8-6a78ff6325b1/call-UnmappedBamToAlignedBam/UnmappedBamToAlignedBam/e5dd9295-79be-4223-84e9-2c3cbc52bcd0/call-CrossCheckFingerprints/execution/ERR3687419_ILMN.crosscheck",
  "UnmappedBamToAlignedBam.output_bam": "/home/darja/workflow/cromwell-executions1/WholeGenomeGermlineSingleSample/06160bfb-7bc0-413b-9ba8-6a78ff6325b1/call-UnmappedBamToAlignedBam/UnmappedBamToAlignedBam/e5dd9295-79be-4223-84e9-2c3cbc52bcd0/call-GatherBamFiles/execution/ERR3687419_ILMN.bam"
}
[2026-02-24 15:19:35,50] [info] WorkflowExecutionActor-06160bfb-7bc0-413b-9ba8-6a78ff6325b1 [[38;5;2m06160bfb[0m]: Starting WholeGenomeGermlineSingleSample.CollectRawWgsMetrics, WholeGenomeGermlineSingleSample.CollectWgsMetrics
[2026-02-24 15:19:35,51] [info] 06160bfb-7bc0-413b-9ba8-6a78ff6325b1-SubWorkflowExecutionActor-SubWorkflow-AggregatedBamQC:-1:1 [[38;5;2m06160bfb[0mSubWorkflow-AggregatedBamQC:-1:1]: Running subworkflow: e9d68d94-878d-42f2-86cf-143188c51b56, root: 06160bfb-7bc0-413b-9ba8-6a78ff6325b1
[2026-02-24 15:19:35,51] [info] 06160bfb-7bc0-413b-9ba8-6a78ff6325b1-SubWorkflowExecutionActor-SubWorkflow-BamToGvcf:-1:1 [[38;5;2m06160bfb[0mSubWorkflow-BamToGvcf:-1:1]: Running subworkflow: 5b8f550e-3447-4d42-8f2c-f8f7b00d3ef3, root: 06160bfb-7bc0-413b-9ba8-6a78ff6325b1
[2026-02-24 15:19:37,54] [info] e9d68d94-878d-42f2-86cf-143188c51b56-SubWorkflowActor-SubWorkflow-AggregatedBamQC:-1:1 [[38;5;2me9d68d94[0m]: Starting AggregatedBamQC.CollectReadgroupBamQualityMetrics, AggregatedBamQC.CollectAggregationMetrics, AggregatedBamQC.CalculateReadGroupChecksum
[2026-02-24 15:19:39,46] [info] Assigned new job execution tokens to the following groups: 06160bfb: 1
[2026-02-24 15:19:39,48] [[38;5;220mwarn[0m] BackgroundConfigAsyncJobExecutionActor [[38;5;2m06160bfb[0mWholeGenomeGermlineSingleSample.CollectRawWgsMetrics:NA:1]: Unrecognized runtime attribute keys: preemptible, disks, memory
[2026-02-24 15:19:39,58] [info] 5b8f550e-3447-4d42-8f2c-f8f7b00d3ef3-SubWorkflowActor-SubWorkflow-BamToGvcf:-1:1 [[38;5;2m5b8f550e[0m]: Starting VariantCalling.ScatterIntervalList, VariantCalling.DragstrAutoCalibration
[2026-02-24 15:20:00,59] [info] BackgroundConfigAsyncJobExecutionActor [[38;5;2m06160bfb[0mWholeGenomeGermlineSingleSample.CollectRawWgsMetrics:NA:1]: [38;5;5mjava -Xms4000m -jar /usr/picard/picard.jar \
  CollectRawWgsMetrics \
  INPUT=/cromwell-executions1/WholeGenomeGermlineSingleSample/06160bfb-7bc0-413b-9ba8-6a78ff6325b1/call-CollectRawWgsMetrics/inputs/-2128441055/ERR3687419_ILMN.bam \
  VALIDATION_STRINGENCY=SILENT \
  REFERENCE_SEQUENCE=/cromwell-executions1/WholeGenomeGermlineSingleSample/06160bfb-7bc0-413b-9ba8-6a78ff6325b1/call-CollectRawWgsMetrics/inputs/-1569105944/Homo_sapiens_assembly38_masked.fasta \
  INCLUDE_BQ_HISTOGRAM=true \
  INTERVALS=/cromwell-executions1/WholeGenomeGermlineSingleSample/06160bfb-7bc0-413b-9ba8-6a78ff6325b1/call-CollectRawWgsMetrics/inputs/-790663736/wgs_coverage_regions.hg38.interval_list \
  OUTPUT=ERR3687419_ILMN.raw_wgs_metrics \
  USE_FAST_ALGORITHM=true \
  READ_LENGTH=250[0m
[2026-02-24 15:20:00,59] [info] BackgroundConfigAsyncJobExecutionActor [[38;5;2m06160bfb[0mWholeGenomeGermlineSingleSample.CollectRawWgsMetrics:NA:1]: executing: # make sure there is no preexisting Docker CID file
rm -f /home/darja/workflow/cromwell-executions1/WholeGenomeGermlineSingleSample/06160bfb-7bc0-413b-9ba8-6a78ff6325b1/call-CollectRawWgsMetrics/execution/docker_cid
# run as in the original configuration without --rm flag (will remove later)
docker run \
  --cidfile /home/darja/workflow/cromwell-executions1/WholeGenomeGermlineSingleSample/06160bfb-7bc0-413b-9ba8-6a78ff6325b1/call-CollectRawWgsMetrics/execution/docker_cid \
  -i \
  --user 1027:1028 \
  --cpus="64" \
  --memory="350G" \
  --entrypoint /bin/bash \
  -v /home/darja/workflow/cromwell-executions1/WholeGenomeGermlineSingleSample/06160bfb-7bc0-413b-9ba8-6a78ff6325b1/call-CollectRawWgsMetrics:/cromwell-executions1/WholeGenomeGermlineSingleSample/06160bfb-7bc0-413b-9ba8-6a78ff6325b1/call-CollectRawWgsMetrics \
  -v /mnt/nas1/projects/lasr/blendseq:/mnt/nas1/projects/lasr/blendseq \
  us.gcr.io/broad-gotc-prod/picard-cloud@sha256:e5ad5339080c3107c04e4a4d000b8ab06f472b77019debc3ff75499d28995b0c /cromwell-executions1/WholeGenomeGermlineSingleSample/06160bfb-7bc0-413b-9ba8-6a78ff6325b1/call-CollectRawWgsMetrics/execution/script

# get the return code (working even if the container was detached)
rc=$(docker wait [38;5;5mcat /home/darja/workflow/cromwell-executions1/WholeGenomeGermlineSingleSample/06160bfb-7bc0-413b-9ba8-6a78ff6325b1/call-CollectRawWgsMetrics/execution/docker_cid[0m)

# remove the container after waiting
docker rm [38;5;5mcat /home/darja/workflow/cromwell-executions1/WholeGenomeGermlineSingleSample/06160bfb-7bc0-413b-9ba8-6a78ff6325b1/call-CollectRawWgsMetrics/execution/docker_cid[0m

# return exit code
exit $rc
[2026-02-24 15:20:04,34] [info] BackgroundConfigAsyncJobExecutionActor [[38;5;2m06160bfb[0mWholeGenomeGermlineSingleSample.CollectRawWgsMetrics:NA:1]: job id: 77312
[2026-02-24 15:20:04,34] [info] BackgroundConfigAsyncJobExecutionActor [[38;5;2m06160bfb[0mWholeGenomeGermlineSingleSample.CollectRawWgsMetrics:NA:1]: Status change from - to WaitingForReturnCode
[2026-02-24 16:21:40,64] [info] BackgroundConfigAsyncJobExecutionActor [[38;5;2m06160bfb[0mWholeGenomeGermlineSingleSample.CollectRawWgsMetrics:NA:1]: Status change from WaitingForReturnCode to Done
[2026-02-24 16:21:49,46] [info] Assigned new job execution tokens to the following groups: 06160bfb: 1
[2026-02-24 16:21:49,48] [[38;5;220mwarn[0m] BackgroundConfigAsyncJobExecutionActor [[38;5;2m06160bfb[0mWholeGenomeGermlineSingleSample.CollectWgsMetrics:NA:1]: Unrecognized runtime attribute keys: preemptible, disks, memory
[2026-02-24 16:21:49,48] [info] BackgroundConfigAsyncJobExecutionActor [[38;5;2m06160bfb[0mWholeGenomeGermlineSingleSample.CollectWgsMetrics:NA:1]: [38;5;5mjava -Xms2000m -Xmx2500m -jar /usr/picard/picard.jar \
  CollectWgsMetrics \
  INPUT=/cromwell-executions1/WholeGenomeGermlineSingleSample/06160bfb-7bc0-413b-9ba8-6a78ff6325b1/call-CollectWgsMetrics/inputs/-2128441055/ERR3687419_ILMN.bam \
  VALIDATION_STRINGENCY=SILENT \
  REFERENCE_SEQUENCE=/cromwell-executions1/WholeGenomeGermlineSingleSample/06160bfb-7bc0-413b-9ba8-6a78ff6325b1/call-CollectWgsMetrics/inputs/-1569105944/Homo_sapiens_assembly38_masked.fasta \
  INCLUDE_BQ_HISTOGRAM=true \
  INTERVALS=/cromwell-executions1/WholeGenomeGermlineSingleSample/06160bfb-7bc0-413b-9ba8-6a78ff6325b1/call-CollectWgsMetrics/inputs/-790663736/wgs_coverage_regions.hg38.interval_list \
  OUTPUT=ERR3687419_ILMN.wgs_metrics \
  USE_FAST_ALGORITHM=true \
  READ_LENGTH=250[0m
[2026-02-24 16:21:49,49] [info] BackgroundConfigAsyncJobExecutionActor [[38;5;2m06160bfb[0mWholeGenomeGermlineSingleSample.CollectWgsMetrics:NA:1]: executing: # make sure there is no preexisting Docker CID file
rm -f /home/darja/workflow/cromwell-executions1/WholeGenomeGermlineSingleSample/06160bfb-7bc0-413b-9ba8-6a78ff6325b1/call-CollectWgsMetrics/execution/docker_cid
# run as in the original configuration without --rm flag (will remove later)
docker run \
  --cidfile /home/darja/workflow/cromwell-executions1/WholeGenomeGermlineSingleSample/06160bfb-7bc0-413b-9ba8-6a78ff6325b1/call-CollectWgsMetrics/execution/docker_cid \
  -i \
  --user 1027:1028 \
  --cpus="64" \
  --memory="350G" \
  --entrypoint /bin/bash \
  -v /home/darja/workflow/cromwell-executions1/WholeGenomeGermlineSingleSample/06160bfb-7bc0-413b-9ba8-6a78ff6325b1/call-CollectWgsMetrics:/cromwell-executions1/WholeGenomeGermlineSingleSample/06160bfb-7bc0-413b-9ba8-6a78ff6325b1/call-CollectWgsMetrics \
  -v /mnt/nas1/projects/lasr/blendseq:/mnt/nas1/projects/lasr/blendseq \
  us.gcr.io/broad-gotc-prod/picard-cloud@sha256:e5ad5339080c3107c04e4a4d000b8ab06f472b77019debc3ff75499d28995b0c /cromwell-executions1/WholeGenomeGermlineSingleSample/06160bfb-7bc0-413b-9ba8-6a78ff6325b1/call-CollectWgsMetrics/execution/script

# get the return code (working even if the container was detached)
rc=$(docker wait [38;5;5mcat /home/darja/workflow/cromwell-executions1/WholeGenomeGermlineSingleSample/06160bfb-7bc0-413b-9ba8-6a78ff6325b1/call-CollectWgsMetrics/execution/docker_cid[0m)

# remove the container after waiting
docker rm [38;5;5mcat /home/darja/workflow/cromwell-executions1/WholeGenomeGermlineSingleSample/06160bfb-7bc0-413b-9ba8-6a78ff6325b1/call-CollectWgsMetrics/execution/docker_cid[0m

# return exit code
exit $rc
[2026-02-24 16:21:54,34] [info] BackgroundConfigAsyncJobExecutionActor [[38;5;2m06160bfb[0mWholeGenomeGermlineSingleSample.CollectWgsMetrics:NA:1]: job id: 77920
[2026-02-24 16:21:54,35] [info] BackgroundConfigAsyncJobExecutionActor [[38;5;2m06160bfb[0mWholeGenomeGermlineSingleSample.CollectWgsMetrics:NA:1]: Status change from - to WaitingForReturnCode
[2026-02-24 17:30:59,91] [info] BackgroundConfigAsyncJobExecutionActor [[38;5;2m06160bfb[0mWholeGenomeGermlineSingleSample.CollectWgsMetrics:NA:1]: Status change from WaitingForReturnCode to Done
[2026-02-24 17:31:09,46] [info] Assigned new job execution tokens to the following groups: 06160bfb: 1
[2026-02-24 17:31:09,48] [[38;5;220mwarn[0m] BackgroundConfigAsyncJobExecutionActor [[38;5;2me9d68d94[0mAggregatedBamQC.CollectReadgroupBamQualityMetrics:NA:1]: Unrecognized runtime attribute keys: preemptible, disks, memory
[2026-02-24 17:31:09,49] [info] BackgroundConfigAsyncJobExecutionActor [[38;5;2me9d68d94[0mAggregatedBamQC.CollectReadgroupBamQualityMetrics:NA:1]: [38;5;5m# These are optionally generated, but need to exist for Cromwell's sake
touch ERR3687419_ILMN.readgroup.gc_bias.detail_metrics \
  ERR3687419_ILMN.readgroup.gc_bias.pdf \
  ERR3687419_ILMN.readgroup.gc_bias.summary_metrics

java -Xms5000m -Xmx6500m -jar /usr/picard/picard.jar \
  CollectMultipleMetrics \
  INPUT=/cromwell-executions1/WholeGenomeGermlineSingleSample/06160bfb-7bc0-413b-9ba8-6a78ff6325b1/call-AggregatedBamQC/AggregatedBamQC/e9d68d94-878d-42f2-86cf-143188c51b56/call-CollectReadgroupBamQualityMetrics/inputs/-2128441055/ERR3687419_ILMN.bam \
  REFERENCE_SEQUENCE=/cromwell-executions1/WholeGenomeGermlineSingleSample/06160bfb-7bc0-413b-9ba8-6a78ff6325b1/call-AggregatedBamQC/AggregatedBamQC/e9d68d94-878d-42f2-86cf-143188c51b56/call-CollectReadgroupBamQualityMetrics/inputs/-1569105944/Homo_sapiens_assembly38_masked.fasta \
  OUTPUT=ERR3687419_ILMN.readgroup \
  ASSUME_SORTED=true \
  PROGRAM=null \
  PROGRAM=CollectAlignmentSummaryMetrics \
  PROGRAM="CollectGcBiasMetrics" \
  METRIC_ACCUMULATION_LEVEL=null \
  METRIC_ACCUMULATION_LEVEL=READ_GROUP[0m
[2026-02-24 17:31:09,49] [info] BackgroundConfigAsyncJobExecutionActor [[38;5;2me9d68d94[0mAggregatedBamQC.CollectReadgroupBamQualityMetrics:NA:1]: executing: # make sure there is no preexisting Docker CID file
rm -f /home/darja/workflow/cromwell-executions1/WholeGenomeGermlineSingleSample/06160bfb-7bc0-413b-9ba8-6a78ff6325b1/call-AggregatedBamQC/AggregatedBamQC/e9d68d94-878d-42f2-86cf-143188c51b56/call-CollectReadgroupBamQualityMetrics/execution/docker_cid
# run as in the original configuration without --rm flag (will remove later)
docker run \
  --cidfile /home/darja/workflow/cromwell-executions1/WholeGenomeGermlineSingleSample/06160bfb-7bc0-413b-9ba8-6a78ff6325b1/call-AggregatedBamQC/AggregatedBamQC/e9d68d94-878d-42f2-86cf-143188c51b56/call-CollectReadgroupBamQualityMetrics/execution/docker_cid \
  -i \
  --user 1027:1028 \
  --cpus="64" \
  --memory="350G" \
  --entrypoint /bin/bash \
  -v /home/darja/workflow/cromwell-executions1/WholeGenomeGermlineSingleSample/06160bfb-7bc0-413b-9ba8-6a78ff6325b1/call-AggregatedBamQC/AggregatedBamQC/e9d68d94-878d-42f2-86cf-143188c51b56/call-CollectReadgroupBamQualityMetrics:/cromwell-executions1/WholeGenomeGermlineSingleSample/06160bfb-7bc0-413b-9ba8-6a78ff6325b1/call-AggregatedBamQC/AggregatedBamQC/e9d68d94-878d-42f2-86cf-143188c51b56/call-CollectReadgroupBamQualityMetrics \
  -v /mnt/nas1/projects/lasr/blendseq:/mnt/nas1/projects/lasr/blendseq \
  us.gcr.io/broad-gotc-prod/picard-cloud@sha256:e5ad5339080c3107c04e4a4d000b8ab06f472b77019debc3ff75499d28995b0c /cromwell-executions1/WholeGenomeGermlineSingleSample/06160bfb-7bc0-413b-9ba8-6a78ff6325b1/call-AggregatedBamQC/AggregatedBamQC/e9d68d94-878d-42f2-86cf-143188c51b56/call-CollectReadgroupBamQualityMetrics/execution/script

# get the return code (working even if the container was detached)
rc=$(docker wait [38;5;5mcat /home/darja/workflow/cromwell-executions1/WholeGenomeGermlineSingleSample/06160bfb-7bc0-413b-9ba8-6a78ff6325b1/call-AggregatedBamQC/AggregatedBamQC/e9d68d94-878d-42f2-86cf-143188c51b56/call-CollectReadgroupBamQualityMetrics/execution/docker_cid[0m)

# remove the container after waiting
docker rm [38;5;5mcat /home/darja/workflow/cromwell-executions1/WholeGenomeGermlineSingleSample/06160bfb-7bc0-413b-9ba8-6a78ff6325b1/call-AggregatedBamQC/AggregatedBamQC/e9d68d94-878d-42f2-86cf-143188c51b56/call-CollectReadgroupBamQualityMetrics/execution/docker_cid[0m

# return exit code
exit $rc
[2026-02-24 17:31:14,34] [info] BackgroundConfigAsyncJobExecutionActor [[38;5;2me9d68d94[0mAggregatedBamQC.CollectReadgroupBamQualityMetrics:NA:1]: job id: 78618
[2026-02-24 17:31:14,34] [info] BackgroundConfigAsyncJobExecutionActor [[38;5;2me9d68d94[0mAggregatedBamQC.CollectReadgroupBamQualityMetrics:NA:1]: Status change from - to WaitingForReturnCode
[2026-02-24 18:55:56,12] [info] BackgroundConfigAsyncJobExecutionActor [[38;5;2me9d68d94[0mAggregatedBamQC.CollectReadgroupBamQualityMetrics:NA:1]: Status change from WaitingForReturnCode to Done
[2026-02-24 18:55:59,46] [info] Assigned new job execution tokens to the following groups: 06160bfb: 1
[2026-02-24 18:55:59,48] [[38;5;220mwarn[0m] BackgroundConfigAsyncJobExecutionActor [[38;5;2me9d68d94[0mAggregatedBamQC.CollectAggregationMetrics:NA:1]: Unrecognized runtime attribute keys: preemptible, disks, memory
[2026-02-24 18:55:59,49] [info] BackgroundConfigAsyncJobExecutionActor [[38;5;2me9d68d94[0mAggregatedBamQC.CollectAggregationMetrics:NA:1]: [38;5;5m# These are optionally generated, but need to exist for Cromwell's sake
touch ERR3687419_ILMN.gc_bias.detail_metrics \
  ERR3687419_ILMN.gc_bias.pdf \
  ERR3687419_ILMN.gc_bias.summary_metrics \
  ERR3687419_ILMN.insert_size_metrics \
  ERR3687419_ILMN.insert_size_histogram.pdf

java -Xms5000m -Xmx6500m -jar /usr/picard/picard.jar \
  CollectMultipleMetrics \
  INPUT=/cromwell-executions1/WholeGenomeGermlineSingleSample/06160bfb-7bc0-413b-9ba8-6a78ff6325b1/call-AggregatedBamQC/AggregatedBamQC/e9d68d94-878d-42f2-86cf-143188c51b56/call-CollectAggregationMetrics/inputs/-2128441055/ERR3687419_ILMN.bam \
  REFERENCE_SEQUENCE=/cromwell-executions1/WholeGenomeGermlineSingleSample/06160bfb-7bc0-413b-9ba8-6a78ff6325b1/call-AggregatedBamQC/AggregatedBamQC/e9d68d94-878d-42f2-86cf-143188c51b56/call-CollectAggregationMetrics/inputs/-1569105944/Homo_sapiens_assembly38_masked.fasta \
  OUTPUT=ERR3687419_ILMN \
  ASSUME_SORTED=true \
  PROGRAM=null \
  PROGRAM=CollectAlignmentSummaryMetrics \
  PROGRAM=CollectInsertSizeMetrics \
  PROGRAM=CollectSequencingArtifactMetrics \
  PROGRAM=QualityScoreDistribution \
  PROGRAM="CollectGcBiasMetrics" \
  METRIC_ACCUMULATION_LEVEL=null \
  METRIC_ACCUMULATION_LEVEL=SAMPLE \
  METRIC_ACCUMULATION_LEVEL=LIBRARY[0m
[2026-02-24 18:55:59,49] [info] BackgroundConfigAsyncJobExecutionActor [[38;5;2me9d68d94[0mAggregatedBamQC.CollectAggregationMetrics:NA:1]: executing: # make sure there is no preexisting Docker CID file
rm -f /home/darja/workflow/cromwell-executions1/WholeGenomeGermlineSingleSample/06160bfb-7bc0-413b-9ba8-6a78ff6325b1/call-AggregatedBamQC/AggregatedBamQC/e9d68d94-878d-42f2-86cf-143188c51b56/call-CollectAggregationMetrics/execution/docker_cid
# run as in the original configuration without --rm flag (will remove later)
docker run \
  --cidfile /home/darja/workflow/cromwell-executions1/WholeGenomeGermlineSingleSample/06160bfb-7bc0-413b-9ba8-6a78ff6325b1/call-AggregatedBamQC/AggregatedBamQC/e9d68d94-878d-42f2-86cf-143188c51b56/call-CollectAggregationMetrics/execution/docker_cid \
  -i \
  --user 1027:1028 \
  --cpus="64" \
  --memory="350G" \
  --entrypoint /bin/bash \
  -v /home/darja/workflow/cromwell-executions1/WholeGenomeGermlineSingleSample/06160bfb-7bc0-413b-9ba8-6a78ff6325b1/call-AggregatedBamQC/AggregatedBamQC/e9d68d94-878d-42f2-86cf-143188c51b56/call-CollectAggregationMetrics:/cromwell-executions1/WholeGenomeGermlineSingleSample/06160bfb-7bc0-413b-9ba8-6a78ff6325b1/call-AggregatedBamQC/AggregatedBamQC/e9d68d94-878d-42f2-86cf-143188c51b56/call-CollectAggregationMetrics \
  -v /mnt/nas1/projects/lasr/blendseq:/mnt/nas1/projects/lasr/blendseq \
  us.gcr.io/broad-gotc-prod/picard-cloud@sha256:e5ad5339080c3107c04e4a4d000b8ab06f472b77019debc3ff75499d28995b0c /cromwell-executions1/WholeGenomeGermlineSingleSample/06160bfb-7bc0-413b-9ba8-6a78ff6325b1/call-AggregatedBamQC/AggregatedBamQC/e9d68d94-878d-42f2-86cf-143188c51b56/call-CollectAggregationMetrics/execution/script

# get the return code (working even if the container was detached)
rc=$(docker wait [38;5;5mcat /home/darja/workflow/cromwell-executions1/WholeGenomeGermlineSingleSample/06160bfb-7bc0-413b-9ba8-6a78ff6325b1/call-AggregatedBamQC/AggregatedBamQC/e9d68d94-878d-42f2-86cf-143188c51b56/call-CollectAggregationMetrics/execution/docker_cid[0m)

# remove the container after waiting
docker rm [38;5;5mcat /home/darja/workflow/cromwell-executions1/WholeGenomeGermlineSingleSample/06160bfb-7bc0-413b-9ba8-6a78ff6325b1/call-AggregatedBamQC/AggregatedBamQC/e9d68d94-878d-42f2-86cf-143188c51b56/call-CollectAggregationMetrics/execution/docker_cid[0m

# return exit code
exit $rc
[2026-02-24 18:56:04,34] [info] BackgroundConfigAsyncJobExecutionActor [[38;5;2me9d68d94[0mAggregatedBamQC.CollectAggregationMetrics:NA:1]: job id: 79406
[2026-02-24 18:56:04,34] [info] BackgroundConfigAsyncJobExecutionActor [[38;5;2me9d68d94[0mAggregatedBamQC.CollectAggregationMetrics:NA:1]: Status change from - to WaitingForReturnCode
[2026-02-24 22:02:25,52] [info] BackgroundConfigAsyncJobExecutionActor [[38;5;2me9d68d94[0mAggregatedBamQC.CollectAggregationMetrics:NA:1]: Status change from WaitingForReturnCode to Done
[2026-02-24 22:02:29,46] [info] Assigned new job execution tokens to the following groups: 06160bfb: 1
[2026-02-24 22:02:29,47] [[38;5;220mwarn[0m] BackgroundConfigAsyncJobExecutionActor [[38;5;2me9d68d94[0mAggregatedBamQC.CalculateReadGroupChecksum:NA:1]: Unrecognized runtime attribute keys: preemptible, disks, memory
[2026-02-24 22:02:29,47] [info] BackgroundConfigAsyncJobExecutionActor [[38;5;2me9d68d94[0mAggregatedBamQC.CalculateReadGroupChecksum:NA:1]: [38;5;5mjava -Xms1000m -Xmx3500m -jar /usr/picard/picard.jar \
  CalculateReadGroupChecksum \
  INPUT=/cromwell-executions1/WholeGenomeGermlineSingleSample/06160bfb-7bc0-413b-9ba8-6a78ff6325b1/call-AggregatedBamQC/AggregatedBamQC/e9d68d94-878d-42f2-86cf-143188c51b56/call-CalculateReadGroupChecksum/inputs/-2128441055/ERR3687419_ILMN.bam \
  OUTPUT=ERR3687419_ILMN.aligned.duplicates_marked.recalibrated.bam.read_group_md5[0m
[2026-02-24 22:02:29,48] [info] BackgroundConfigAsyncJobExecutionActor [[38;5;2me9d68d94[0mAggregatedBamQC.CalculateReadGroupChecksum:NA:1]: executing: # make sure there is no preexisting Docker CID file
rm -f /home/darja/workflow/cromwell-executions1/WholeGenomeGermlineSingleSample/06160bfb-7bc0-413b-9ba8-6a78ff6325b1/call-AggregatedBamQC/AggregatedBamQC/e9d68d94-878d-42f2-86cf-143188c51b56/call-CalculateReadGroupChecksum/execution/docker_cid
# run as in the original configuration without --rm flag (will remove later)
docker run \
  --cidfile /home/darja/workflow/cromwell-executions1/WholeGenomeGermlineSingleSample/06160bfb-7bc0-413b-9ba8-6a78ff6325b1/call-AggregatedBamQC/AggregatedBamQC/e9d68d94-878d-42f2-86cf-143188c51b56/call-CalculateReadGroupChecksum/execution/docker_cid \
  -i \
  --user 1027:1028 \
  --cpus="64" \
  --memory="350G" \
  --entrypoint /bin/bash \
  -v /home/darja/workflow/cromwell-executions1/WholeGenomeGermlineSingleSample/06160bfb-7bc0-413b-9ba8-6a78ff6325b1/call-AggregatedBamQC/AggregatedBamQC/e9d68d94-878d-42f2-86cf-143188c51b56/call-CalculateReadGroupChecksum:/cromwell-executions1/WholeGenomeGermlineSingleSample/06160bfb-7bc0-413b-9ba8-6a78ff6325b1/call-AggregatedBamQC/AggregatedBamQC/e9d68d94-878d-42f2-86cf-143188c51b56/call-CalculateReadGroupChecksum \
  -v /mnt/nas1/projects/lasr/blendseq:/mnt/nas1/projects/lasr/blendseq \
  us.gcr.io/broad-gotc-prod/picard-cloud@sha256:e5ad5339080c3107c04e4a4d000b8ab06f472b77019debc3ff75499d28995b0c /cromwell-executions1/WholeGenomeGermlineSingleSample/06160bfb-7bc0-413b-9ba8-6a78ff6325b1/call-AggregatedBamQC/AggregatedBamQC/e9d68d94-878d-42f2-86cf-143188c51b56/call-CalculateReadGroupChecksum/execution/script

# get the return code (working even if the container was detached)
rc=$(docker wait [38;5;5mcat /home/darja/workflow/cromwell-executions1/WholeGenomeGermlineSingleSample/06160bfb-7bc0-413b-9ba8-6a78ff6325b1/call-AggregatedBamQC/AggregatedBamQC/e9d68d94-878d-42f2-86cf-143188c51b56/call-CalculateReadGroupChecksum/execution/docker_cid[0m)

# remove the container after waiting
docker rm [38;5;5mcat /home/darja/workflow/cromwell-executions1/WholeGenomeGermlineSingleSample/06160bfb-7bc0-413b-9ba8-6a78ff6325b1/call-AggregatedBamQC/AggregatedBamQC/e9d68d94-878d-42f2-86cf-143188c51b56/call-CalculateReadGroupChecksum/execution/docker_cid[0m

# return exit code
exit $rc
[2026-02-24 22:02:34,34] [info] BackgroundConfigAsyncJobExecutionActor [[38;5;2me9d68d94[0mAggregatedBamQC.CalculateReadGroupChecksum:NA:1]: job id: 80621
[2026-02-24 22:02:34,34] [info] BackgroundConfigAsyncJobExecutionActor [[38;5;2me9d68d94[0mAggregatedBamQC.CalculateReadGroupChecksum:NA:1]: Status change from - to Done
[2026-02-24 22:02:35,73] [info] e9d68d94-878d-42f2-86cf-143188c51b56-SubWorkflowActor-SubWorkflow-AggregatedBamQC:-1:1 [[38;5;2me9d68d94[0m]: Workflow AggregatedBamQC complete. Final Outputs:
{
  "AggregatedBamQC.fingerprint_summary_metrics": null,
  "AggregatedBamQC.calculate_read_group_checksum_md5": "/home/darja/workflow/cromwell-executions1/WholeGenomeGermlineSingleSample/06160bfb-7bc0-413b-9ba8-6a78ff6325b1/call-AggregatedBamQC/AggregatedBamQC/e9d68d94-878d-42f2-86cf-143188c51b56/call-CalculateReadGroupChecksum/execution/ERR3687419_ILMN.aligned.duplicates_marked.recalibrated.bam.read_group_md5",
  "AggregatedBamQC.fingerprint_detail_metrics": null,
  "AggregatedBamQC.agg_gc_bias_summary_metrics": "/home/darja/workflow/cromwell-executions1/WholeGenomeGermlineSingleSample/06160bfb-7bc0-413b-9ba8-6a78ff6325b1/call-AggregatedBamQC/AggregatedBamQC/e9d68d94-878d-42f2-86cf-143188c51b56/call-CollectAggregationMetrics/execution/ERR3687419_ILMN.gc_bias.summary_metrics",
  "AggregatedBamQC.agg_quality_distribution_pdf": "/home/darja/workflow/cromwell-executions1/WholeGenomeGermlineSingleSample/06160bfb-7bc0-413b-9ba8-6a78ff6325b1/call-AggregatedBamQC/AggregatedBamQC/e9d68d94-878d-42f2-86cf-143188c51b56/call-CollectAggregationMetrics/execution/ERR3687419_ILMN.quality_distribution.pdf",
  "AggregatedBamQC.agg_bait_bias_summary_metrics": "/home/darja/workflow/cromwell-executions1/WholeGenomeGermlineSingleSample/06160bfb-7bc0-413b-9ba8-6a78ff6325b1/call-AggregatedBamQC/AggregatedBamQC/e9d68d94-878d-42f2-86cf-143188c51b56/call-CollectAggregationMetrics/execution/ERR3687419_ILMN.bait_bias_summary_metrics",
  "AggregatedBamQC.agg_bait_bias_detail_metrics": "/home/darja/workflow/cromwell-executions1/WholeGenomeGermlineSingleSample/06160bfb-7bc0-413b-9ba8-6a78ff6325b1/call-AggregatedBamQC/AggregatedBamQC/e9d68d94-878d-42f2-86cf-143188c51b56/call-CollectAggregationMetrics/execution/ERR3687419_ILMN.bait_bias_detail_metrics",
  "AggregatedBamQC.agg_gc_bias_pdf": "/home/darja/workflow/cromwell-executions1/WholeGenomeGermlineSingleSample/06160bfb-7bc0-413b-9ba8-6a78ff6325b1/call-AggregatedBamQC/AggregatedBamQC/e9d68d94-878d-42f2-86cf-143188c51b56/call-CollectAggregationMetrics/execution/ERR3687419_ILMN.gc_bias.pdf",
  "AggregatedBamQC.agg_pre_adapter_summary_metrics": "/home/darja/workflow/cromwell-executions1/WholeGenomeGermlineSingleSample/06160bfb-7bc0-413b-9ba8-6a78ff6325b1/call-AggregatedBamQC/AggregatedBamQC/e9d68d94-878d-42f2-86cf-143188c51b56/call-CollectAggregationMetrics/execution/ERR3687419_ILMN.pre_adapter_summary_metrics",
  "AggregatedBamQC.read_group_gc_bias_detail_metrics": "/home/darja/workflow/cromwell-executions1/WholeGenomeGermlineSingleSample/06160bfb-7bc0-413b-9ba8-6a78ff6325b1/call-AggregatedBamQC/AggregatedBamQC/e9d68d94-878d-42f2-86cf-143188c51b56/call-CollectReadgroupBamQualityMetrics/execution/ERR3687419_ILMN.readgroup.gc_bias.detail_metrics",
  "AggregatedBamQC.agg_pre_adapter_detail_metrics": "/home/darja/workflow/cromwell-executions1/WholeGenomeGermlineSingleSample/06160bfb-7bc0-413b-9ba8-6a78ff6325b1/call-AggregatedBamQC/AggregatedBamQC/e9d68d94-878d-42f2-86cf-143188c51b56/call-CollectAggregationMetrics/execution/ERR3687419_ILMN.pre_adapter_detail_metrics",
  "AggregatedBamQC.agg_insert_size_metrics": "/home/darja/workflow/cromwell-executions1/WholeGenomeGermlineSingleSample/06160bfb-7bc0-413b-9ba8-6a78ff6325b1/call-AggregatedBamQC/AggregatedBamQC/e9d68d94-878d-42f2-86cf-143188c51b56/call-CollectAggregationMetrics/execution/ERR3687419_ILMN.insert_size_metrics",
  "AggregatedBamQC.read_group_gc_bias_pdf": "/home/darja/workflow/cromwell-executions1/WholeGenomeGermlineSingleSample/06160bfb-7bc0-413b-9ba8-6a78ff6325b1/call-AggregatedBamQC/AggregatedBamQC/e9d68d94-878d-42f2-86cf-143188c51b56/call-CollectReadgroupBamQualityMetrics/execution/ERR3687419_ILMN.readgroup.gc_bias.pdf",
  "AggregatedBamQC.agg_insert_size_histogram_pdf": "/home/darja/workflow/cromwell-executions1/WholeGenomeGermlineSingleSample/06160bfb-7bc0-413b-9ba8-6a78ff6325b1/call-AggregatedBamQC/AggregatedBamQC/e9d68d94-878d-42f2-86cf-143188c51b56/call-CollectAggregationMetrics/execution/ERR3687419_ILMN.insert_size_histogram.pdf",
  "AggregatedBamQC.agg_quality_distribution_metrics": "/home/darja/workflow/cromwell-executions1/WholeGenomeGermlineSingleSample/06160bfb-7bc0-413b-9ba8-6a78ff6325b1/call-AggregatedBamQC/AggregatedBamQC/e9d68d94-878d-42f2-86cf-143188c51b56/call-CollectAggregationMetrics/execution/ERR3687419_ILMN.quality_distribution_metrics",
  "AggregatedBamQC.agg_alignment_summary_metrics": "/home/darja/workflow/cromwell-executions1/WholeGenomeGermlineSingleSample/06160bfb-7bc0-413b-9ba8-6a78ff6325b1/call-AggregatedBamQC/AggregatedBamQC/e9d68d94-878d-42f2-86cf-143188c51b56/call-CollectAggregationMetrics/execution/ERR3687419_ILMN.alignment_summary_metrics",
  "AggregatedBamQC.agg_error_summary_metrics": "/home/darja/workflow/cromwell-executions1/WholeGenomeGermlineSingleSample/06160bfb-7bc0-413b-9ba8-6a78ff6325b1/call-AggregatedBamQC/AggregatedBamQC/e9d68d94-878d-42f2-86cf-143188c51b56/call-CollectAggregationMetrics/execution/ERR3687419_ILMN.error_summary_metrics",
  "AggregatedBamQC.read_group_gc_bias_summary_metrics": "/home/darja/workflow/cromwell-executions1/WholeGenomeGermlineSingleSample/06160bfb-7bc0-413b-9ba8-6a78ff6325b1/call-AggregatedBamQC/AggregatedBamQC/e9d68d94-878d-42f2-86cf-143188c51b56/call-CollectReadgroupBamQualityMetrics/execution/ERR3687419_ILMN.readgroup.gc_bias.summary_metrics",
  "AggregatedBamQC.agg_gc_bias_detail_metrics": "/home/darja/workflow/cromwell-executions1/WholeGenomeGermlineSingleSample/06160bfb-7bc0-413b-9ba8-6a78ff6325b1/call-AggregatedBamQC/AggregatedBamQC/e9d68d94-878d-42f2-86cf-143188c51b56/call-CollectAggregationMetrics/execution/ERR3687419_ILMN.gc_bias.detail_metrics",
  "AggregatedBamQC.read_group_alignment_summary_metrics": "/home/darja/workflow/cromwell-executions1/WholeGenomeGermlineSingleSample/06160bfb-7bc0-413b-9ba8-6a78ff6325b1/call-AggregatedBamQC/AggregatedBamQC/e9d68d94-878d-42f2-86cf-143188c51b56/call-CollectReadgroupBamQualityMetrics/execution/ERR3687419_ILMN.readgroup.alignment_summary_metrics"
}
[2026-02-24 22:02:39,46] [info] Assigned new job execution tokens to the following groups: 06160bfb: 1
[2026-02-24 22:02:40,18] [[38;5;220mwarn[0m] BackgroundConfigAsyncJobExecutionActor [[38;5;2m5b8f550e[0mVariantCalling.ScatterIntervalList:NA:1]: Unrecognized runtime attribute keys: memory
[2026-02-24 22:02:40,29] [info] BackgroundConfigAsyncJobExecutionActor [[38;5;2m5b8f550e[0mVariantCalling.ScatterIntervalList:NA:1]: [38;5;5mset -e
mkdir out
java -Xms1000m -Xmx1500m -jar /usr/gitc/picard.jar \
  IntervalListTools \
  SCATTER_COUNT=50 \
  SUBDIVISION_MODE=BALANCING_WITHOUT_INTERVAL_SUBDIVISION_WITH_OVERFLOW \
  UNIQUE=true \
  SORT=true \
  BREAK_BANDS_AT_MULTIPLES_OF=1000000 \
  INPUT=/cromwell-executions1/WholeGenomeGermlineSingleSample/06160bfb-7bc0-413b-9ba8-6a78ff6325b1/call-BamToGvcf/VariantCalling/5b8f550e-3447-4d42-8f2c-f8f7b00d3ef3/call-ScatterIntervalList/inputs/-790663736/wgs_calling_regions.hg38.interval_list \
  OUTPUT=out

python3 <<CODE
import glob, os
# Works around a JES limitation where multiples files with the same name overwrite each other when globbed
intervals = sorted(glob.glob("out/*/*.interval_list"))
for i, interval in enumerate(intervals):
  (directory, filename) = os.path.split(interval)
  newName = os.path.join(directory, str(i + 1) + filename)
  os.rename(interval, newName)
print(len(intervals))
CODE[0m
[2026-02-24 22:02:40,30] [info] BackgroundConfigAsyncJobExecutionActor [[38;5;2m5b8f550e[0mVariantCalling.ScatterIntervalList:NA:1]: executing: # make sure there is no preexisting Docker CID file
rm -f /home/darja/workflow/cromwell-executions1/WholeGenomeGermlineSingleSample/06160bfb-7bc0-413b-9ba8-6a78ff6325b1/call-BamToGvcf/VariantCalling/5b8f550e-3447-4d42-8f2c-f8f7b00d3ef3/call-ScatterIntervalList/execution/docker_cid
# run as in the original configuration without --rm flag (will remove later)
docker run \
  --cidfile /home/darja/workflow/cromwell-executions1/WholeGenomeGermlineSingleSample/06160bfb-7bc0-413b-9ba8-6a78ff6325b1/call-BamToGvcf/VariantCalling/5b8f550e-3447-4d42-8f2c-f8f7b00d3ef3/call-ScatterIntervalList/execution/docker_cid \
  -i \
  --user 1027:1028 \
  --cpus="64" \
  --memory="350G" \
  --entrypoint /bin/bash \
  -v /home/darja/workflow/cromwell-executions1/WholeGenomeGermlineSingleSample/06160bfb-7bc0-413b-9ba8-6a78ff6325b1/call-BamToGvcf/VariantCalling/5b8f550e-3447-4d42-8f2c-f8f7b00d3ef3/call-ScatterIntervalList:/cromwell-executions1/WholeGenomeGermlineSingleSample/06160bfb-7bc0-413b-9ba8-6a78ff6325b1/call-BamToGvcf/VariantCalling/5b8f550e-3447-4d42-8f2c-f8f7b00d3ef3/call-ScatterIntervalList \
  -v /mnt/nas1/projects/lasr/blendseq:/mnt/nas1/projects/lasr/blendseq \
  us.gcr.io/broad-gotc-prod/picard-python@sha256:18e5d917ab46b03ae08ecc11e74b962278f885deedd21a057c72ce0b517c93a2 /cromwell-executions1/WholeGenomeGermlineSingleSample/06160bfb-7bc0-413b-9ba8-6a78ff6325b1/call-BamToGvcf/VariantCalling/5b8f550e-3447-4d42-8f2c-f8f7b00d3ef3/call-ScatterIntervalList/execution/script

# get the return code (working even if the container was detached)
rc=$(docker wait [38;5;5mcat /home/darja/workflow/cromwell-executions1/WholeGenomeGermlineSingleSample/06160bfb-7bc0-413b-9ba8-6a78ff6325b1/call-BamToGvcf/VariantCalling/5b8f550e-3447-4d42-8f2c-f8f7b00d3ef3/call-ScatterIntervalList/execution/docker_cid[0m)

# remove the container after waiting
docker rm [38;5;5mcat /home/darja/workflow/cromwell-executions1/WholeGenomeGermlineSingleSample/06160bfb-7bc0-413b-9ba8-6a78ff6325b1/call-BamToGvcf/VariantCalling/5b8f550e-3447-4d42-8f2c-f8f7b00d3ef3/call-ScatterIntervalList/execution/docker_cid[0m

# return exit code
exit $rc
[2026-02-24 22:02:40,83] [info] 06160bfb-7bc0-413b-9ba8-6a78ff6325b1-SubWorkflowExecutionActor-SubWorkflow-BamToCram:-1:1 [[38;5;2m06160bfb[0mSubWorkflow-BamToCram:-1:1]: Running subworkflow: 7db7689e-7771-4054-9929-ae6396efd402, root: 06160bfb-7bc0-413b-9ba8-6a78ff6325b1
[2026-02-24 22:02:42,87] [info] 7db7689e-7771-4054-9929-ae6396efd402-SubWorkflowActor-SubWorkflow-BamToCram:-1:1 [[38;5;2m7db7689e[0m]: Starting BamToCram.ConvertToCram
[2026-02-24 22:02:43,89] [info] 7db7689e-7771-4054-9929-ae6396efd402-SubWorkflowActor-SubWorkflow-BamToCram:-1:1 [[38;5;2m7db7689e[0m]: Starting BamToCram.CheckPreValidation
[2026-02-24 22:02:44,34] [info] BackgroundConfigAsyncJobExecutionActor [[38;5;2m5b8f550e[0mVariantCalling.ScatterIntervalList:NA:1]: job id: 80978
[2026-02-24 22:02:44,34] [info] BackgroundConfigAsyncJobExecutionActor [[38;5;2m5b8f550e[0mVariantCalling.ScatterIntervalList:NA:1]: Status change from - to Done
[2026-02-24 22:02:49,46] [info] Assigned new job execution tokens to the following groups: 06160bfb: 1
[2026-02-24 22:02:50,01] [[38;5;220mwarn[0m] BackgroundConfigAsyncJobExecutionActor [[38;5;2m5b8f550e[0mVariantCalling.DragstrAutoCalibration:NA:1]: Unrecognized runtime attribute keys: preemptible, disks, cpu, memory
[2026-02-24 22:02:50,02] [info] BackgroundConfigAsyncJobExecutionActor [[38;5;2m5b8f550e[0mVariantCalling.DragstrAutoCalibration:NA:1]: [38;5;5mset -x
gatk --java-options "-Xmx1400m -DGATK_STACKTRACE_ON_USER_EXCEPTION=true -Dsamjdk.reference_fasta=/cromwell-executions1/WholeGenomeGermlineSingleSample/06160bfb-7bc0-413b-9ba8-6a78ff6325b1/call-BamToGvcf/VariantCalling/5b8f550e-3447-4d42-8f2c-f8f7b00d3ef3/call-DragstrAutoCalibration/inputs/-1569105944/Homo_sapiens_assembly38_masked.fasta" \
  CalibrateDragstrModel \
    -R /cromwell-executions1/WholeGenomeGermlineSingleSample/06160bfb-7bc0-413b-9ba8-6a78ff6325b1/call-BamToGvcf/VariantCalling/5b8f550e-3447-4d42-8f2c-f8f7b00d3ef3/call-DragstrAutoCalibration/inputs/-1569105944/Homo_sapiens_assembly38_masked.fasta \
    -I /cromwell-executions1/WholeGenomeGermlineSingleSample/06160bfb-7bc0-413b-9ba8-6a78ff6325b1/call-BamToGvcf/VariantCalling/5b8f550e-3447-4d42-8f2c-f8f7b00d3ef3/call-DragstrAutoCalibration/inputs/-2128441055/ERR3687419_ILMN.bam \
    -str /cromwell-executions1/WholeGenomeGermlineSingleSample/06160bfb-7bc0-413b-9ba8-6a78ff6325b1/call-BamToGvcf/VariantCalling/5b8f550e-3447-4d42-8f2c-f8f7b00d3ef3/call-DragstrAutoCalibration/inputs/-1829625260/Homo_sapiens_assembly38.str \
    -O ERR3687419_ILMN.bam.dragstr \
    --threads 4[0m
[2026-02-24 22:02:50,02] [info] BackgroundConfigAsyncJobExecutionActor [[38;5;2m5b8f550e[0mVariantCalling.DragstrAutoCalibration:NA:1]: executing: # make sure there is no preexisting Docker CID file
rm -f /home/darja/workflow/cromwell-executions1/WholeGenomeGermlineSingleSample/06160bfb-7bc0-413b-9ba8-6a78ff6325b1/call-BamToGvcf/VariantCalling/5b8f550e-3447-4d42-8f2c-f8f7b00d3ef3/call-DragstrAutoCalibration/execution/docker_cid
# run as in the original configuration without --rm flag (will remove later)
docker run \
  --cidfile /home/darja/workflow/cromwell-executions1/WholeGenomeGermlineSingleSample/06160bfb-7bc0-413b-9ba8-6a78ff6325b1/call-BamToGvcf/VariantCalling/5b8f550e-3447-4d42-8f2c-f8f7b00d3ef3/call-DragstrAutoCalibration/execution/docker_cid \
  -i \
  --user 1027:1028 \
  --cpus="64" \
  --memory="350G" \
  --entrypoint /bin/bash \
  -v /home/darja/workflow/cromwell-executions1/WholeGenomeGermlineSingleSample/06160bfb-7bc0-413b-9ba8-6a78ff6325b1/call-BamToGvcf/VariantCalling/5b8f550e-3447-4d42-8f2c-f8f7b00d3ef3/call-DragstrAutoCalibration:/cromwell-executions1/WholeGenomeGermlineSingleSample/06160bfb-7bc0-413b-9ba8-6a78ff6325b1/call-BamToGvcf/VariantCalling/5b8f550e-3447-4d42-8f2c-f8f7b00d3ef3/call-DragstrAutoCalibration \
  -v /mnt/nas1/projects/lasr/blendseq:/mnt/nas1/projects/lasr/blendseq \
  us.gcr.io/broad-gatk/gatk@sha256:c88912855b845bd40c6b4bc8f3dd1d4b333ed2549cd3e8386987ee7c0c284f5a /cromwell-executions1/WholeGenomeGermlineSingleSample/06160bfb-7bc0-413b-9ba8-6a78ff6325b1/call-BamToGvcf/VariantCalling/5b8f550e-3447-4d42-8f2c-f8f7b00d3ef3/call-DragstrAutoCalibration/execution/script

# get the return code (working even if the container was detached)
rc=$(docker wait [38;5;5mcat /home/darja/workflow/cromwell-executions1/WholeGenomeGermlineSingleSample/06160bfb-7bc0-413b-9ba8-6a78ff6325b1/call-BamToGvcf/VariantCalling/5b8f550e-3447-4d42-8f2c-f8f7b00d3ef3/call-DragstrAutoCalibration/execution/docker_cid[0m)

# remove the container after waiting
docker rm [38;5;5mcat /home/darja/workflow/cromwell-executions1/WholeGenomeGermlineSingleSample/06160bfb-7bc0-413b-9ba8-6a78ff6325b1/call-BamToGvcf/VariantCalling/5b8f550e-3447-4d42-8f2c-f8f7b00d3ef3/call-DragstrAutoCalibration/execution/docker_cid[0m

# return exit code
exit $rc
[2026-02-24 22:02:54,34] [info] BackgroundConfigAsyncJobExecutionActor [[38;5;2m5b8f550e[0mVariantCalling.DragstrAutoCalibration:NA:1]: job id: 81443
[2026-02-24 22:02:54,34] [info] BackgroundConfigAsyncJobExecutionActor [[38;5;2m5b8f550e[0mVariantCalling.DragstrAutoCalibration:NA:1]: Status change from - to WaitingForReturnCode
[2026-02-24 22:07:58,80] [info] BackgroundConfigAsyncJobExecutionActor [[38;5;2m5b8f550e[0mVariantCalling.DragstrAutoCalibration:NA:1]: Status change from WaitingForReturnCode to Done
[2026-02-24 22:07:59,46] [info] Assigned new job execution tokens to the following groups: 06160bfb: 1
[2026-02-24 22:08:00,20] [[38;5;220mwarn[0m] BackgroundConfigAsyncJobExecutionActor [[38;5;2m7db7689e[0mBamToCram.ConvertToCram:NA:1]: Unrecognized runtime attribute keys: preemptible, disks, cpu, memory
[2026-02-24 22:08:00,20] [info] BackgroundConfigAsyncJobExecutionActor [[38;5;2m7db7689e[0mBamToCram.ConvertToCram:NA:1]: [38;5;5mset -e
set -o pipefail

samtools view -C -T /cromwell-executions1/WholeGenomeGermlineSingleSample/06160bfb-7bc0-413b-9ba8-6a78ff6325b1/call-BamToCram/BamToCram/7db7689e-7771-4054-9929-ae6396efd402/call-ConvertToCram/inputs/-1569105944/Homo_sapiens_assembly38_masked.fasta /cromwell-executions1/WholeGenomeGermlineSingleSample/06160bfb-7bc0-413b-9ba8-6a78ff6325b1/call-BamToCram/BamToCram/7db7689e-7771-4054-9929-ae6396efd402/call-ConvertToCram/inputs/-2128441055/ERR3687419_ILMN.bam | \
tee ERR3687419_ILMN.cram | \
md5sum | awk '{print $1}' > ERR3687419_ILMN.cram.md5

# Create REF_CACHE. Used when indexing a CRAM
seq_cache_populate.pl -root ./ref/cache /cromwell-executions1/WholeGenomeGermlineSingleSample/06160bfb-7bc0-413b-9ba8-6a78ff6325b1/call-BamToCram/BamToCram/7db7689e-7771-4054-9929-ae6396efd402/call-ConvertToCram/inputs/-1569105944/Homo_sapiens_assembly38_masked.fasta
export REF_PATH=:
export REF_CACHE=./ref/cache/%2s/%2s/%s

samtools index ERR3687419_ILMN.cram[0m
[2026-02-24 22:08:00,21] [info] BackgroundConfigAsyncJobExecutionActor [[38;5;2m7db7689e[0mBamToCram.ConvertToCram:NA:1]: executing: # make sure there is no preexisting Docker CID file
rm -f /home/darja/workflow/cromwell-executions1/WholeGenomeGermlineSingleSample/06160bfb-7bc0-413b-9ba8-6a78ff6325b1/call-BamToCram/BamToCram/7db7689e-7771-4054-9929-ae6396efd402/call-ConvertToCram/execution/docker_cid
# run as in the original configuration without --rm flag (will remove later)
docker run \
  --cidfile /home/darja/workflow/cromwell-executions1/WholeGenomeGermlineSingleSample/06160bfb-7bc0-413b-9ba8-6a78ff6325b1/call-BamToCram/BamToCram/7db7689e-7771-4054-9929-ae6396efd402/call-ConvertToCram/execution/docker_cid \
  -i \
  --user 1027:1028 \
  --cpus="64" \
  --memory="350G" \
  --entrypoint /bin/bash \
  -v /home/darja/workflow/cromwell-executions1/WholeGenomeGermlineSingleSample/06160bfb-7bc0-413b-9ba8-6a78ff6325b1/call-BamToCram/BamToCram/7db7689e-7771-4054-9929-ae6396efd402/call-ConvertToCram:/cromwell-executions1/WholeGenomeGermlineSingleSample/06160bfb-7bc0-413b-9ba8-6a78ff6325b1/call-BamToCram/BamToCram/7db7689e-7771-4054-9929-ae6396efd402/call-ConvertToCram \
  -v /mnt/nas1/projects/lasr/blendseq:/mnt/nas1/projects/lasr/blendseq \
  us.gcr.io/broad-gotc-prod/samtools@sha256:cb03231b6445a254d7da4372cea817692ae8802a643e1a8f57fa084b859775e3 /cromwell-executions1/WholeGenomeGermlineSingleSample/06160bfb-7bc0-413b-9ba8-6a78ff6325b1/call-BamToCram/BamToCram/7db7689e-7771-4054-9929-ae6396efd402/call-ConvertToCram/execution/script

# get the return code (working even if the container was detached)
rc=$(docker wait [38;5;5mcat /home/darja/workflow/cromwell-executions1/WholeGenomeGermlineSingleSample/06160bfb-7bc0-413b-9ba8-6a78ff6325b1/call-BamToCram/BamToCram/7db7689e-7771-4054-9929-ae6396efd402/call-ConvertToCram/execution/docker_cid[0m)

# remove the container after waiting
docker rm [38;5;5mcat /home/darja/workflow/cromwell-executions1/WholeGenomeGermlineSingleSample/06160bfb-7bc0-413b-9ba8-6a78ff6325b1/call-BamToCram/BamToCram/7db7689e-7771-4054-9929-ae6396efd402/call-ConvertToCram/execution/docker_cid[0m

# return exit code
exit $rc
[2026-02-24 22:08:01,26] [info] 5b8f550e-3447-4d42-8f2c-f8f7b00d3ef3-SubWorkflowActor-SubWorkflow-BamToGvcf:-1:1 [[38;5;2m5b8f550e[0m]: Starting VariantCalling.HaplotypeCallerGATK4 (50 shards)
[2026-02-24 22:08:04,34] [info] BackgroundConfigAsyncJobExecutionActor [[38;5;2m7db7689e[0mBamToCram.ConvertToCram:NA:1]: job id: 81871
[2026-02-24 22:08:04,34] [info] BackgroundConfigAsyncJobExecutionActor [[38;5;2m7db7689e[0mBamToCram.ConvertToCram:NA:1]: Status change from - to WaitingForReturnCode
[2026-02-24 23:02:19,25] [info] BackgroundConfigAsyncJobExecutionActor [[38;5;2m7db7689e[0mBamToCram.ConvertToCram:NA:1]: Status change from WaitingForReturnCode to Done
[2026-02-24 23:02:19,46] [info] Assigned new job execution tokens to the following groups: 06160bfb: 1
[2026-02-24 23:02:19,47] [[38;5;220mwarn[0m] BackgroundConfigAsyncJobExecutionActor [[38;5;2m7db7689e[0mBamToCram.CheckPreValidation:NA:1]: Unrecognized runtime attribute keys: preemptible, memory
[2026-02-24 23:02:19,47] [info] BackgroundConfigAsyncJobExecutionActor [[38;5;2m7db7689e[0mBamToCram.CheckPreValidation:NA:1]: [38;5;5mset -o pipefail
set -e

grep -A 1 PERCENT_DUPLICATION /cromwell-executions1/WholeGenomeGermlineSingleSample/06160bfb-7bc0-413b-9ba8-6a78ff6325b1/call-BamToCram/BamToCram/7db7689e-7771-4054-9929-ae6396efd402/call-CheckPreValidation/inputs/-447840974/ERR3687419_ILMN.duplicate_metrics > duplication.csv
grep -A 3 PCT_CHIMERAS /cromwell-executions1/WholeGenomeGermlineSingleSample/06160bfb-7bc0-413b-9ba8-6a78ff6325b1/call-BamToCram/BamToCram/7db7689e-7771-4054-9929-ae6396efd402/call-CheckPreValidation/inputs/547298899/ERR3687419_ILMN.alignment_summary_metrics | grep -v OF_PAIR > chimerism.csv

python3 <<CODE

import csv
with open('duplication.csv') as dupfile:
  reader = csv.DictReader(dupfile, delimiter='\t')
  for row in reader:
    with open("duplication_value.txt","w") as file:
      file.write(row['PERCENT_DUPLICATION'])
      file.close()

with open('chimerism.csv') as chimfile:
  reader = csv.DictReader(chimfile, delimiter='\t')
  for row in reader:
    with open("chimerism_value.txt","w") as file:
      file.write(row['PCT_CHIMERAS'])
      file.close()

CODE[0m
[2026-02-24 23:02:19,49] [info] BackgroundConfigAsyncJobExecutionActor [[38;5;2m7db7689e[0mBamToCram.CheckPreValidation:NA:1]: executing: # make sure there is no preexisting Docker CID file
rm -f /home/darja/workflow/cromwell-executions1/WholeGenomeGermlineSingleSample/06160bfb-7bc0-413b-9ba8-6a78ff6325b1/call-BamToCram/BamToCram/7db7689e-7771-4054-9929-ae6396efd402/call-CheckPreValidation/execution/docker_cid
# run as in the original configuration without --rm flag (will remove later)
docker run \
  --cidfile /home/darja/workflow/cromwell-executions1/WholeGenomeGermlineSingleSample/06160bfb-7bc0-413b-9ba8-6a78ff6325b1/call-BamToCram/BamToCram/7db7689e-7771-4054-9929-ae6396efd402/call-CheckPreValidation/execution/docker_cid \
  -i \
  --user 1027:1028 \
  --cpus="64" \
  --memory="350G" \
  --entrypoint /bin/bash \
  -v /home/darja/workflow/cromwell-executions1/WholeGenomeGermlineSingleSample/06160bfb-7bc0-413b-9ba8-6a78ff6325b1/call-BamToCram/BamToCram/7db7689e-7771-4054-9929-ae6396efd402/call-CheckPreValidation:/cromwell-executions1/WholeGenomeGermlineSingleSample/06160bfb-7bc0-413b-9ba8-6a78ff6325b1/call-BamToCram/BamToCram/7db7689e-7771-4054-9929-ae6396efd402/call-CheckPreValidation \
  -v /mnt/nas1/projects/lasr/blendseq:/mnt/nas1/projects/lasr/blendseq \
  us.gcr.io/broad-dsp-gcr-public/base/python@sha256:af87295ec55957b9997a20803e5e612fe819e39be40a6cd817d696f6b758ad1a /cromwell-executions1/WholeGenomeGermlineSingleSample/06160bfb-7bc0-413b-9ba8-6a78ff6325b1/call-BamToCram/BamToCram/7db7689e-7771-4054-9929-ae6396efd402/call-CheckPreValidation/execution/script

# get the return code (working even if the container was detached)
rc=$(docker wait [38;5;5mcat /home/darja/workflow/cromwell-executions1/WholeGenomeGermlineSingleSample/06160bfb-7bc0-413b-9ba8-6a78ff6325b1/call-BamToCram/BamToCram/7db7689e-7771-4054-9929-ae6396efd402/call-CheckPreValidation/execution/docker_cid[0m)

# remove the container after waiting
docker rm [38;5;5mcat /home/darja/workflow/cromwell-executions1/WholeGenomeGermlineSingleSample/06160bfb-7bc0-413b-9ba8-6a78ff6325b1/call-BamToCram/BamToCram/7db7689e-7771-4054-9929-ae6396efd402/call-CheckPreValidation/execution/docker_cid[0m

# return exit code
exit $rc
[2026-02-24 23:02:24,34] [info] BackgroundConfigAsyncJobExecutionActor [[38;5;2m7db7689e[0mBamToCram.CheckPreValidation:NA:1]: job id: 89013
[2026-02-24 23:02:24,34] [info] BackgroundConfigAsyncJobExecutionActor [[38;5;2m7db7689e[0mBamToCram.CheckPreValidation:NA:1]: Status change from - to Done
[2026-02-24 23:02:26,13] [info] 7db7689e-7771-4054-9929-ae6396efd402-SubWorkflowActor-SubWorkflow-BamToCram:-1:1 [[38;5;2m7db7689e[0m]: Starting BamToCram.ValidateCram
[2026-02-24 23:02:29,46] [info] Assigned new job execution tokens to the following groups: 06160bfb: 1
[2026-02-24 23:02:29,48] [[38;5;220mwarn[0m] BackgroundConfigAsyncJobExecutionActor [[38;5;2m5b8f550e[0mVariantCalling.HaplotypeCallerGATK4:28:1]: Unrecognized runtime attribute keys: preemptible, bootDiskSizeGb, disks, cpu, memory
[2026-02-24 23:02:29,49] [info] BackgroundConfigAsyncJobExecutionActor [[38;5;2m5b8f550e[0mVariantCalling.HaplotypeCallerGATK4:28:1]: [38;5;5mset -e

# We need at least 1 GB of available memory outside of the Java heap in order to execute native code, thus, limit
# Java's memory by the total memory minus 1 GB. We need to compute the total memory as it might differ from
# memory_size_gb because of Cromwell's retry with more memory feature.
mem_unit=$(echo "${MEM_UNIT:-}" | cut -c 1)

if [[ $mem_unit == "M" ]]; then
  available_memory_mb=$(awk "BEGIN {print int($MEM_SIZE)}")
elif [[ $mem_unit == "G" ]]; then
  available_memory_mb=$(awk "BEGIN {print int($MEM_SIZE * 1024)}")
else
  available_memory_mb=$(free -m | awk '/^Mem/ {print $2}')
fi

let java_memory_size_mb=available_memory_mb-1024
echo Total available memory: ${available_memory_mb} MB >&2
echo Memory reserved for Java: ${java_memory_size_mb} MB >&2

gatk --java-options "-Xmx150000m -Xms150000m -XX:GCTimeLimit=50 -XX:GCHeapFreeLimit=10" \
  HaplotypeCaller \
  -R /cromwell-executions1/WholeGenomeGermlineSingleSample/06160bfb-7bc0-413b-9ba8-6a78ff6325b1/call-BamToGvcf/VariantCalling/5b8f550e-3447-4d42-8f2c-f8f7b00d3ef3/call-HaplotypeCallerGATK4/shard-28/inputs/-1569105944/Homo_sapiens_assembly38_masked.fasta \
  -I /cromwell-executions1/WholeGenomeGermlineSingleSample/06160bfb-7bc0-413b-9ba8-6a78ff6325b1/call-BamToGvcf/VariantCalling/5b8f550e-3447-4d42-8f2c-f8f7b00d3ef3/call-HaplotypeCallerGATK4/shard-28/inputs/-2128441055/ERR3687419_ILMN.bam \
  -L /cromwell-executions1/WholeGenomeGermlineSingleSample/06160bfb-7bc0-413b-9ba8-6a78ff6325b1/call-BamToGvcf/VariantCalling/5b8f550e-3447-4d42-8f2c-f8f7b00d3ef3/call-HaplotypeCallerGATK4/shard-28/inputs/-661313523/36scattered.interval_list \
  -O ERR3687419_ILMN.g.vcf.gz \
  -contamination 0.0 \
  -G StandardAnnotation -G StandardHCAnnotation -G AS_StandardAnnotation \
  --dragen-mode \
   \
  --dragstr-params-path /cromwell-executions1/WholeGenomeGermlineSingleSample/06160bfb-7bc0-413b-9ba8-6a78ff6325b1/call-BamToGvcf/VariantCalling/5b8f550e-3447-4d42-8f2c-f8f7b00d3ef3/call-HaplotypeCallerGATK4/shard-28/inputs/-463548327/ERR3687419_ILMN.bam.dragstr \
  -GQB 10 -GQB 20 -GQB 30 -GQB 40 -GQB 50 -GQB 60 -GQB 70 -GQB 80 -GQB 90 \
  -ERC GVCF \
  

# Cromwell doesn't like optional task outputs, so we have to touch this file.
touch ERR3687419_ILMN.bamout.bam[0m
[2026-02-24 23:02:29,49] [info] BackgroundConfigAsyncJobExecutionActor [[38;5;2m5b8f550e[0mVariantCalling.HaplotypeCallerGATK4:28:1]: executing: # make sure there is no preexisting Docker CID file
rm -f /home/darja/workflow/cromwell-executions1/WholeGenomeGermlineSingleSample/06160bfb-7bc0-413b-9ba8-6a78ff6325b1/call-BamToGvcf/VariantCalling/5b8f550e-3447-4d42-8f2c-f8f7b00d3ef3/call-HaplotypeCallerGATK4/shard-28/execution/docker_cid
# run as in the original configuration without --rm flag (will remove later)
docker run \
  --cidfile /home/darja/workflow/cromwell-executions1/WholeGenomeGermlineSingleSample/06160bfb-7bc0-413b-9ba8-6a78ff6325b1/call-BamToGvcf/VariantCalling/5b8f550e-3447-4d42-8f2c-f8f7b00d3ef3/call-HaplotypeCallerGATK4/shard-28/execution/docker_cid \
  -i \
  --user 1027:1028 \
  --cpus="64" \
  --memory="350G" \
  --entrypoint /bin/bash \
  -v /home/darja/workflow/cromwell-executions1/WholeGenomeGermlineSingleSample/06160bfb-7bc0-413b-9ba8-6a78ff6325b1/call-BamToGvcf/VariantCalling/5b8f550e-3447-4d42-8f2c-f8f7b00d3ef3/call-HaplotypeCallerGATK4/shard-28:/cromwell-executions1/WholeGenomeGermlineSingleSample/06160bfb-7bc0-413b-9ba8-6a78ff6325b1/call-BamToGvcf/VariantCalling/5b8f550e-3447-4d42-8f2c-f8f7b00d3ef3/call-HaplotypeCallerGATK4/shard-28 \
  -v /mnt/nas1/projects/lasr/blendseq:/mnt/nas1/projects/lasr/blendseq \
  us.gcr.io/broad-gatk/gatk@sha256:c88912855b845bd40c6b4bc8f3dd1d4b333ed2549cd3e8386987ee7c0c284f5a /cromwell-executions1/WholeGenomeGermlineSingleSample/06160bfb-7bc0-413b-9ba8-6a78ff6325b1/call-BamToGvcf/VariantCalling/5b8f550e-3447-4d42-8f2c-f8f7b00d3ef3/call-HaplotypeCallerGATK4/shard-28/execution/script

# get the return code (working even if the container was detached)
rc=$(docker wait [38;5;5mcat /home/darja/workflow/cromwell-executions1/WholeGenomeGermlineSingleSample/06160bfb-7bc0-413b-9ba8-6a78ff6325b1/call-BamToGvcf/VariantCalling/5b8f550e-3447-4d42-8f2c-f8f7b00d3ef3/call-HaplotypeCallerGATK4/shard-28/execution/docker_cid[0m)

# remove the container after waiting
docker rm [38;5;5mcat /home/darja/workflow/cromwell-executions1/WholeGenomeGermlineSingleSample/06160bfb-7bc0-413b-9ba8-6a78ff6325b1/call-BamToGvcf/VariantCalling/5b8f550e-3447-4d42-8f2c-f8f7b00d3ef3/call-HaplotypeCallerGATK4/shard-28/execution/docker_cid[0m

# return exit code
exit $rc
[2026-02-24 23:02:34,34] [info] BackgroundConfigAsyncJobExecutionActor [[38;5;2m5b8f550e[0mVariantCalling.HaplotypeCallerGATK4:28:1]: job id: 89310
[2026-02-24 23:02:34,34] [info] BackgroundConfigAsyncJobExecutionActor [[38;5;2m5b8f550e[0mVariantCalling.HaplotypeCallerGATK4:28:1]: Status change from - to WaitingForReturnCode
[2026-02-24 23:30:02,78] [info] BackgroundConfigAsyncJobExecutionActor [[38;5;2m5b8f550e[0mVariantCalling.HaplotypeCallerGATK4:28:1]: Status change from WaitingForReturnCode to Done
[2026-02-24 23:30:04,83] [info] 5b8f550e-3447-4d42-8f2c-f8f7b00d3ef3-SubWorkflowActor-SubWorkflow-BamToGvcf:-1:1 [[38;5;2m5b8f550e[0m]: Starting VariantCalling.DragenHardFilterVcf
[2026-02-24 23:30:09,46] [info] Assigned new job execution tokens to the following groups: 06160bfb: 1
[2026-02-24 23:30:09,48] [[38;5;220mwarn[0m] BackgroundConfigAsyncJobExecutionActor [[38;5;2m5b8f550e[0mVariantCalling.HaplotypeCallerGATK4:7:1]: Unrecognized runtime attribute keys: preemptible, bootDiskSizeGb, disks, cpu, memory
[2026-02-24 23:30:09,50] [info] BackgroundConfigAsyncJobExecutionActor [[38;5;2m5b8f550e[0mVariantCalling.HaplotypeCallerGATK4:7:1]: [38;5;5mset -e

# We need at least 1 GB of available memory outside of the Java heap in order to execute native code, thus, limit
# Java's memory by the total memory minus 1 GB. We need to compute the total memory as it might differ from
# memory_size_gb because of Cromwell's retry with more memory feature.
mem_unit=$(echo "${MEM_UNIT:-}" | cut -c 1)

if [[ $mem_unit == "M" ]]; then
  available_memory_mb=$(awk "BEGIN {print int($MEM_SIZE)}")
elif [[ $mem_unit == "G" ]]; then
  available_memory_mb=$(awk "BEGIN {print int($MEM_SIZE * 1024)}")
else
  available_memory_mb=$(free -m | awk '/^Mem/ {print $2}')
fi

let java_memory_size_mb=available_memory_mb-1024
echo Total available memory: ${available_memory_mb} MB >&2
echo Memory reserved for Java: ${java_memory_size_mb} MB >&2

gatk --java-options "-Xmx150000m -Xms150000m -XX:GCTimeLimit=50 -XX:GCHeapFreeLimit=10" \
  HaplotypeCaller \
  -R /cromwell-executions1/WholeGenomeGermlineSingleSample/06160bfb-7bc0-413b-9ba8-6a78ff6325b1/call-BamToGvcf/VariantCalling/5b8f550e-3447-4d42-8f2c-f8f7b00d3ef3/call-HaplotypeCallerGATK4/shard-7/inputs/-1569105944/Homo_sapiens_assembly38_masked.fasta \
  -I /cromwell-executions1/WholeGenomeGermlineSingleSample/06160bfb-7bc0-413b-9ba8-6a78ff6325b1/call-BamToGvcf/VariantCalling/5b8f550e-3447-4d42-8f2c-f8f7b00d3ef3/call-HaplotypeCallerGATK4/shard-7/inputs/-2128441055/ERR3687419_ILMN.bam \
  -L /cromwell-executions1/WholeGenomeGermlineSingleSample/06160bfb-7bc0-413b-9ba8-6a78ff6325b1/call-BamToGvcf/VariantCalling/5b8f550e-3447-4d42-8f2c-f8f7b00d3ef3/call-HaplotypeCallerGATK4/shard-7/inputs/-661313523/17scattered.interval_list \
  -O ERR3687419_ILMN.g.vcf.gz \
  -contamination 0.0 \
  -G StandardAnnotation -G StandardHCAnnotation -G AS_StandardAnnotation \
  --dragen-mode \
   \
  --dragstr-params-path /cromwell-executions1/WholeGenomeGermlineSingleSample/06160bfb-7bc0-413b-9ba8-6a78ff6325b1/call-BamToGvcf/VariantCalling/5b8f550e-3447-4d42-8f2c-f8f7b00d3ef3/call-HaplotypeCallerGATK4/shard-7/inputs/-463548327/ERR3687419_ILMN.bam.dragstr \
  -GQB 10 -GQB 20 -GQB 30 -GQB 40 -GQB 50 -GQB 60 -GQB 70 -GQB 80 -GQB 90 \
  -ERC GVCF \
  

# Cromwell doesn't like optional task outputs, so we have to touch this file.
touch ERR3687419_ILMN.bamout.bam[0m
[2026-02-24 23:30:09,50] [info] BackgroundConfigAsyncJobExecutionActor [[38;5;2m5b8f550e[0mVariantCalling.HaplotypeCallerGATK4:7:1]: executing: # make sure there is no preexisting Docker CID file
rm -f /home/darja/workflow/cromwell-executions1/WholeGenomeGermlineSingleSample/06160bfb-7bc0-413b-9ba8-6a78ff6325b1/call-BamToGvcf/VariantCalling/5b8f550e-3447-4d42-8f2c-f8f7b00d3ef3/call-HaplotypeCallerGATK4/shard-7/execution/docker_cid
# run as in the original configuration without --rm flag (will remove later)
docker run \
  --cidfile /home/darja/workflow/cromwell-executions1/WholeGenomeGermlineSingleSample/06160bfb-7bc0-413b-9ba8-6a78ff6325b1/call-BamToGvcf/VariantCalling/5b8f550e-3447-4d42-8f2c-f8f7b00d3ef3/call-HaplotypeCallerGATK4/shard-7/execution/docker_cid \
  -i \
  --user 1027:1028 \
  --cpus="64" \
  --memory="350G" \
  --entrypoint /bin/bash \
  -v /home/darja/workflow/cromwell-executions1/WholeGenomeGermlineSingleSample/06160bfb-7bc0-413b-9ba8-6a78ff6325b1/call-BamToGvcf/VariantCalling/5b8f550e-3447-4d42-8f2c-f8f7b00d3ef3/call-HaplotypeCallerGATK4/shard-7:/cromwell-executions1/WholeGenomeGermlineSingleSample/06160bfb-7bc0-413b-9ba8-6a78ff6325b1/call-BamToGvcf/VariantCalling/5b8f550e-3447-4d42-8f2c-f8f7b00d3ef3/call-HaplotypeCallerGATK4/shard-7 \
  -v /mnt/nas1/projects/lasr/blendseq:/mnt/nas1/projects/lasr/blendseq \
  us.gcr.io/broad-gatk/gatk@sha256:c88912855b845bd40c6b4bc8f3dd1d4b333ed2549cd3e8386987ee7c0c284f5a /cromwell-executions1/WholeGenomeGermlineSingleSample/06160bfb-7bc0-413b-9ba8-6a78ff6325b1/call-BamToGvcf/VariantCalling/5b8f550e-3447-4d42-8f2c-f8f7b00d3ef3/call-HaplotypeCallerGATK4/shard-7/execution/script

# get the return code (working even if the container was detached)
rc=$(docker wait [38;5;5mcat /home/darja/workflow/cromwell-executions1/WholeGenomeGermlineSingleSample/06160bfb-7bc0-413b-9ba8-6a78ff6325b1/call-BamToGvcf/VariantCalling/5b8f550e-3447-4d42-8f2c-f8f7b00d3ef3/call-HaplotypeCallerGATK4/shard-7/execution/docker_cid[0m)

# remove the container after waiting
docker rm [38;5;5mcat /home/darja/workflow/cromwell-executions1/WholeGenomeGermlineSingleSample/06160bfb-7bc0-413b-9ba8-6a78ff6325b1/call-BamToGvcf/VariantCalling/5b8f550e-3447-4d42-8f2c-f8f7b00d3ef3/call-HaplotypeCallerGATK4/shard-7/execution/docker_cid[0m

# return exit code
exit $rc
[2026-02-24 23:30:14,34] [info] BackgroundConfigAsyncJobExecutionActor [[38;5;2m5b8f550e[0mVariantCalling.HaplotypeCallerGATK4:7:1]: job id: 89872
[2026-02-24 23:30:14,34] [info] BackgroundConfigAsyncJobExecutionActor [[38;5;2m5b8f550e[0mVariantCalling.HaplotypeCallerGATK4:7:1]: Status change from - to WaitingForReturnCode
[2026-02-24 23:57:51,56] [info] BackgroundConfigAsyncJobExecutionActor [[38;5;2m5b8f550e[0mVariantCalling.HaplotypeCallerGATK4:7:1]: Status change from WaitingForReturnCode to Done
[2026-02-24 23:57:53,57] [info] 5b8f550e-3447-4d42-8f2c-f8f7b00d3ef3-SubWorkflowActor-SubWorkflow-BamToGvcf:-1:1 [[38;5;2m5b8f550e[0m]: Starting VariantCalling.DragenHardFilterVcf
[2026-02-24 23:57:59,46] [info] Assigned new job execution tokens to the following groups: 06160bfb: 1
[2026-02-24 23:57:59,48] [[38;5;220mwarn[0m] BackgroundConfigAsyncJobExecutionActor [[38;5;2m5b8f550e[0mVariantCalling.HaplotypeCallerGATK4:46:1]: Unrecognized runtime attribute keys: preemptible, bootDiskSizeGb, disks, cpu, memory
[2026-02-24 23:57:59,50] [info] BackgroundConfigAsyncJobExecutionActor [[38;5;2m5b8f550e[0mVariantCalling.HaplotypeCallerGATK4:46:1]: [38;5;5mset -e

# We need at least 1 GB of available memory outside of the Java heap in order to execute native code, thus, limit
# Java's memory by the total memory minus 1 GB. We need to compute the total memory as it might differ from
# memory_size_gb because of Cromwell's retry with more memory feature.
mem_unit=$(echo "${MEM_UNIT:-}" | cut -c 1)

if [[ $mem_unit == "M" ]]; then
  available_memory_mb=$(awk "BEGIN {print int($MEM_SIZE)}")
elif [[ $mem_unit == "G" ]]; then
  available_memory_mb=$(awk "BEGIN {print int($MEM_SIZE * 1024)}")
else
  available_memory_mb=$(free -m | awk '/^Mem/ {print $2}')
fi

let java_memory_size_mb=available_memory_mb-1024
echo Total available memory: ${available_memory_mb} MB >&2
echo Memory reserved for Java: ${java_memory_size_mb} MB >&2

gatk --java-options "-Xmx150000m -Xms150000m -XX:GCTimeLimit=50 -XX:GCHeapFreeLimit=10" \
  HaplotypeCaller \
  -R /cromwell-executions1/WholeGenomeGermlineSingleSample/06160bfb-7bc0-413b-9ba8-6a78ff6325b1/call-BamToGvcf/VariantCalling/5b8f550e-3447-4d42-8f2c-f8f7b00d3ef3/call-HaplotypeCallerGATK4/shard-46/inputs/-1569105944/Homo_sapiens_assembly38_masked.fasta \
  -I /cromwell-executions1/WholeGenomeGermlineSingleSample/06160bfb-7bc0-413b-9ba8-6a78ff6325b1/call-BamToGvcf/VariantCalling/5b8f550e-3447-4d42-8f2c-f8f7b00d3ef3/call-HaplotypeCallerGATK4/shard-46/inputs/-2128441055/ERR3687419_ILMN.bam \
  -L /cromwell-executions1/WholeGenomeGermlineSingleSample/06160bfb-7bc0-413b-9ba8-6a78ff6325b1/call-BamToGvcf/VariantCalling/5b8f550e-3447-4d42-8f2c-f8f7b00d3ef3/call-HaplotypeCallerGATK4/shard-46/inputs/-661313523/6scattered.interval_list \
  -O ERR3687419_ILMN.g.vcf.gz \
  -contamination 0.0 \
  -G StandardAnnotation -G StandardHCAnnotation -G AS_StandardAnnotation \
  --dragen-mode \
   \
  --dragstr-params-path /cromwell-executions1/WholeGenomeGermlineSingleSample/06160bfb-7bc0-413b-9ba8-6a78ff6325b1/call-BamToGvcf/VariantCalling/5b8f550e-3447-4d42-8f2c-f8f7b00d3ef3/call-HaplotypeCallerGATK4/shard-46/inputs/-463548327/ERR3687419_ILMN.bam.dragstr \
  -GQB 10 -GQB 20 -GQB 30 -GQB 40 -GQB 50 -GQB 60 -GQB 70 -GQB 80 -GQB 90 \
  -ERC GVCF \
  

# Cromwell doesn't like optional task outputs, so we have to touch this file.
touch ERR3687419_ILMN.bamout.bam[0m
[2026-02-24 23:57:59,50] [info] BackgroundConfigAsyncJobExecutionActor [[38;5;2m5b8f550e[0mVariantCalling.HaplotypeCallerGATK4:46:1]: executing: # make sure there is no preexisting Docker CID file
rm -f /home/darja/workflow/cromwell-executions1/WholeGenomeGermlineSingleSample/06160bfb-7bc0-413b-9ba8-6a78ff6325b1/call-BamToGvcf/VariantCalling/5b8f550e-3447-4d42-8f2c-f8f7b00d3ef3/call-HaplotypeCallerGATK4/shard-46/execution/docker_cid
# run as in the original configuration without --rm flag (will remove later)
docker run \
  --cidfile /home/darja/workflow/cromwell-executions1/WholeGenomeGermlineSingleSample/06160bfb-7bc0-413b-9ba8-6a78ff6325b1/call-BamToGvcf/VariantCalling/5b8f550e-3447-4d42-8f2c-f8f7b00d3ef3/call-HaplotypeCallerGATK4/shard-46/execution/docker_cid \
  -i \
  --user 1027:1028 \
  --cpus="64" \
  --memory="350G" \
  --entrypoint /bin/bash \
  -v /home/darja/workflow/cromwell-executions1/WholeGenomeGermlineSingleSample/06160bfb-7bc0-413b-9ba8-6a78ff6325b1/call-BamToGvcf/VariantCalling/5b8f550e-3447-4d42-8f2c-f8f7b00d3ef3/call-HaplotypeCallerGATK4/shard-46:/cromwell-executions1/WholeGenomeGermlineSingleSample/06160bfb-7bc0-413b-9ba8-6a78ff6325b1/call-BamToGvcf/VariantCalling/5b8f550e-3447-4d42-8f2c-f8f7b00d3ef3/call-HaplotypeCallerGATK4/shard-46 \
  -v /mnt/nas1/projects/lasr/blendseq:/mnt/nas1/projects/lasr/blendseq \
  us.gcr.io/broad-gatk/gatk@sha256:c88912855b845bd40c6b4bc8f3dd1d4b333ed2549cd3e8386987ee7c0c284f5a /cromwell-executions1/WholeGenomeGermlineSingleSample/06160bfb-7bc0-413b-9ba8-6a78ff6325b1/call-BamToGvcf/VariantCalling/5b8f550e-3447-4d42-8f2c-f8f7b00d3ef3/call-HaplotypeCallerGATK4/shard-46/execution/script

# get the return code (working even if the container was detached)
rc=$(docker wait [38;5;5mcat /home/darja/workflow/cromwell-executions1/WholeGenomeGermlineSingleSample/06160bfb-7bc0-413b-9ba8-6a78ff6325b1/call-BamToGvcf/VariantCalling/5b8f550e-3447-4d42-8f2c-f8f7b00d3ef3/call-HaplotypeCallerGATK4/shard-46/execution/docker_cid[0m)

# remove the container after waiting
docker rm [38;5;5mcat /home/darja/workflow/cromwell-executions1/WholeGenomeGermlineSingleSample/06160bfb-7bc0-413b-9ba8-6a78ff6325b1/call-BamToGvcf/VariantCalling/5b8f550e-3447-4d42-8f2c-f8f7b00d3ef3/call-HaplotypeCallerGATK4/shard-46/execution/docker_cid[0m

# return exit code
exit $rc
[2026-02-24 23:58:04,34] [info] BackgroundConfigAsyncJobExecutionActor [[38;5;2m5b8f550e[0mVariantCalling.HaplotypeCallerGATK4:46:1]: job id: 90417
[2026-02-24 23:58:04,34] [info] BackgroundConfigAsyncJobExecutionActor [[38;5;2m5b8f550e[0mVariantCalling.HaplotypeCallerGATK4:46:1]: Status change from - to WaitingForReturnCode
[2026-02-25 00:44:15,65] [info] BackgroundConfigAsyncJobExecutionActor [[38;5;2m5b8f550e[0mVariantCalling.HaplotypeCallerGATK4:46:1]: Status change from WaitingForReturnCode to Done
[2026-02-25 00:44:17,17] [info] 5b8f550e-3447-4d42-8f2c-f8f7b00d3ef3-SubWorkflowActor-SubWorkflow-BamToGvcf:-1:1 [[38;5;2m5b8f550e[0m]: Starting VariantCalling.DragenHardFilterVcf
[2026-02-25 00:44:19,46] [info] Assigned new job execution tokens to the following groups: 06160bfb: 1
[2026-02-25 00:44:19,48] [[38;5;220mwarn[0m] BackgroundConfigAsyncJobExecutionActor [[38;5;2m5b8f550e[0mVariantCalling.HaplotypeCallerGATK4:48:1]: Unrecognized runtime attribute keys: preemptible, bootDiskSizeGb, disks, cpu, memory
[2026-02-25 00:44:19,50] [info] BackgroundConfigAsyncJobExecutionActor [[38;5;2m5b8f550e[0mVariantCalling.HaplotypeCallerGATK4:48:1]: [38;5;5mset -e

# We need at least 1 GB of available memory outside of the Java heap in order to execute native code, thus, limit
# Java's memory by the total memory minus 1 GB. We need to compute the total memory as it might differ from
# memory_size_gb because of Cromwell's retry with more memory feature.
mem_unit=$(echo "${MEM_UNIT:-}" | cut -c 1)

if [[ $mem_unit == "M" ]]; then
  available_memory_mb=$(awk "BEGIN {print int($MEM_SIZE)}")
elif [[ $mem_unit == "G" ]]; then
  available_memory_mb=$(awk "BEGIN {print int($MEM_SIZE * 1024)}")
else
  available_memory_mb=$(free -m | awk '/^Mem/ {print $2}')
fi

let java_memory_size_mb=available_memory_mb-1024
echo Total available memory: ${available_memory_mb} MB >&2
echo Memory reserved for Java: ${java_memory_size_mb} MB >&2

gatk --java-options "-Xmx150000m -Xms150000m -XX:GCTimeLimit=50 -XX:GCHeapFreeLimit=10" \
  HaplotypeCaller \
  -R /cromwell-executions1/WholeGenomeGermlineSingleSample/06160bfb-7bc0-413b-9ba8-6a78ff6325b1/call-BamToGvcf/VariantCalling/5b8f550e-3447-4d42-8f2c-f8f7b00d3ef3/call-HaplotypeCallerGATK4/shard-48/inputs/-1569105944/Homo_sapiens_assembly38_masked.fasta \
  -I /cromwell-executions1/WholeGenomeGermlineSingleSample/06160bfb-7bc0-413b-9ba8-6a78ff6325b1/call-BamToGvcf/VariantCalling/5b8f550e-3447-4d42-8f2c-f8f7b00d3ef3/call-HaplotypeCallerGATK4/shard-48/inputs/-2128441055/ERR3687419_ILMN.bam \
  -L /cromwell-executions1/WholeGenomeGermlineSingleSample/06160bfb-7bc0-413b-9ba8-6a78ff6325b1/call-BamToGvcf/VariantCalling/5b8f550e-3447-4d42-8f2c-f8f7b00d3ef3/call-HaplotypeCallerGATK4/shard-48/inputs/-661313523/8scattered.interval_list \
  -O ERR3687419_ILMN.g.vcf.gz \
  -contamination 0.0 \
  -G StandardAnnotation -G StandardHCAnnotation -G AS_StandardAnnotation \
  --dragen-mode \
   \
  --dragstr-params-path /cromwell-executions1/WholeGenomeGermlineSingleSample/06160bfb-7bc0-413b-9ba8-6a78ff6325b1/call-BamToGvcf/VariantCalling/5b8f550e-3447-4d42-8f2c-f8f7b00d3ef3/call-HaplotypeCallerGATK4/shard-48/inputs/-463548327/ERR3687419_ILMN.bam.dragstr \
  -GQB 10 -GQB 20 -GQB 30 -GQB 40 -GQB 50 -GQB 60 -GQB 70 -GQB 80 -GQB 90 \
  -ERC GVCF \
  

# Cromwell doesn't like optional task outputs, so we have to touch this file.
touch ERR3687419_ILMN.bamout.bam[0m
[2026-02-25 00:44:19,50] [info] BackgroundConfigAsyncJobExecutionActor [[38;5;2m5b8f550e[0mVariantCalling.HaplotypeCallerGATK4:48:1]: executing: # make sure there is no preexisting Docker CID file
rm -f /home/darja/workflow/cromwell-executions1/WholeGenomeGermlineSingleSample/06160bfb-7bc0-413b-9ba8-6a78ff6325b1/call-BamToGvcf/VariantCalling/5b8f550e-3447-4d42-8f2c-f8f7b00d3ef3/call-HaplotypeCallerGATK4/shard-48/execution/docker_cid
# run as in the original configuration without --rm flag (will remove later)
docker run \
  --cidfile /home/darja/workflow/cromwell-executions1/WholeGenomeGermlineSingleSample/06160bfb-7bc0-413b-9ba8-6a78ff6325b1/call-BamToGvcf/VariantCalling/5b8f550e-3447-4d42-8f2c-f8f7b00d3ef3/call-HaplotypeCallerGATK4/shard-48/execution/docker_cid \
  -i \
  --user 1027:1028 \
  --cpus="64" \
  --memory="350G" \
  --entrypoint /bin/bash \
  -v /home/darja/workflow/cromwell-executions1/WholeGenomeGermlineSingleSample/06160bfb-7bc0-413b-9ba8-6a78ff6325b1/call-BamToGvcf/VariantCalling/5b8f550e-3447-4d42-8f2c-f8f7b00d3ef3/call-HaplotypeCallerGATK4/shard-48:/cromwell-executions1/WholeGenomeGermlineSingleSample/06160bfb-7bc0-413b-9ba8-6a78ff6325b1/call-BamToGvcf/VariantCalling/5b8f550e-3447-4d42-8f2c-f8f7b00d3ef3/call-HaplotypeCallerGATK4/shard-48 \
  -v /mnt/nas1/projects/lasr/blendseq:/mnt/nas1/projects/lasr/blendseq \
  us.gcr.io/broad-gatk/gatk@sha256:c88912855b845bd40c6b4bc8f3dd1d4b333ed2549cd3e8386987ee7c0c284f5a /cromwell-executions1/WholeGenomeGermlineSingleSample/06160bfb-7bc0-413b-9ba8-6a78ff6325b1/call-BamToGvcf/VariantCalling/5b8f550e-3447-4d42-8f2c-f8f7b00d3ef3/call-HaplotypeCallerGATK4/shard-48/execution/script

# get the return code (working even if the container was detached)
rc=$(docker wait [38;5;5mcat /home/darja/workflow/cromwell-executions1/WholeGenomeGermlineSingleSample/06160bfb-7bc0-413b-9ba8-6a78ff6325b1/call-BamToGvcf/VariantCalling/5b8f550e-3447-4d42-8f2c-f8f7b00d3ef3/call-HaplotypeCallerGATK4/shard-48/execution/docker_cid[0m)

# remove the container after waiting
docker rm [38;5;5mcat /home/darja/workflow/cromwell-executions1/WholeGenomeGermlineSingleSample/06160bfb-7bc0-413b-9ba8-6a78ff6325b1/call-BamToGvcf/VariantCalling/5b8f550e-3447-4d42-8f2c-f8f7b00d3ef3/call-HaplotypeCallerGATK4/shard-48/execution/docker_cid[0m

# return exit code
exit $rc
[2026-02-25 00:44:24,34] [info] BackgroundConfigAsyncJobExecutionActor [[38;5;2m5b8f550e[0mVariantCalling.HaplotypeCallerGATK4:48:1]: job id: 91060
[2026-02-25 00:44:24,39] [info] BackgroundConfigAsyncJobExecutionActor [[38;5;2m5b8f550e[0mVariantCalling.HaplotypeCallerGATK4:48:1]: Status change from - to WaitingForReturnCode
[2026-02-25 01:10:18,25] [info] BackgroundConfigAsyncJobExecutionActor [[38;5;2m5b8f550e[0mVariantCalling.HaplotypeCallerGATK4:48:1]: Status change from WaitingForReturnCode to Done
[2026-02-25 01:10:19,46] [info] Assigned new job execution tokens to the following groups: 06160bfb: 1
[2026-02-25 01:10:19,48] [[38;5;220mwarn[0m] BackgroundConfigAsyncJobExecutionActor [[38;5;2m5b8f550e[0mVariantCalling.HaplotypeCallerGATK4:29:1]: Unrecognized runtime attribute keys: preemptible, bootDiskSizeGb, disks, cpu, memory
[2026-02-25 01:10:19,52] [info] BackgroundConfigAsyncJobExecutionActor [[38;5;2m5b8f550e[0mVariantCalling.HaplotypeCallerGATK4:29:1]: [38;5;5mset -e

# We need at least 1 GB of available memory outside of the Java heap in order to execute native code, thus, limit
# Java's memory by the total memory minus 1 GB. We need to compute the total memory as it might differ from
# memory_size_gb because of Cromwell's retry with more memory feature.
mem_unit=$(echo "${MEM_UNIT:-}" | cut -c 1)

if [[ $mem_unit == "M" ]]; then
  available_memory_mb=$(awk "BEGIN {print int($MEM_SIZE)}")
elif [[ $mem_unit == "G" ]]; then
  available_memory_mb=$(awk "BEGIN {print int($MEM_SIZE * 1024)}")
else
  available_memory_mb=$(free -m | awk '/^Mem/ {print $2}')
fi

let java_memory_size_mb=available_memory_mb-1024
echo Total available memory: ${available_memory_mb} MB >&2
echo Memory reserved for Java: ${java_memory_size_mb} MB >&2

gatk --java-options "-Xmx150000m -Xms150000m -XX:GCTimeLimit=50 -XX:GCHeapFreeLimit=10" \
  HaplotypeCaller \
  -R /cromwell-executions1/WholeGenomeGermlineSingleSample/06160bfb-7bc0-413b-9ba8-6a78ff6325b1/call-BamToGvcf/VariantCalling/5b8f550e-3447-4d42-8f2c-f8f7b00d3ef3/call-HaplotypeCallerGATK4/shard-29/inputs/-1569105944/Homo_sapiens_assembly38_masked.fasta \
  -I /cromwell-executions1/WholeGenomeGermlineSingleSample/06160bfb-7bc0-413b-9ba8-6a78ff6325b1/call-BamToGvcf/VariantCalling/5b8f550e-3447-4d42-8f2c-f8f7b00d3ef3/call-HaplotypeCallerGATK4/shard-29/inputs/-2128441055/ERR3687419_ILMN.bam \
  -L /cromwell-executions1/WholeGenomeGermlineSingleSample/06160bfb-7bc0-413b-9ba8-6a78ff6325b1/call-BamToGvcf/VariantCalling/5b8f550e-3447-4d42-8f2c-f8f7b00d3ef3/call-HaplotypeCallerGATK4/shard-29/inputs/-661313523/37scattered.interval_list \
  -O ERR3687419_ILMN.g.vcf.gz \
  -contamination 0.0 \
  -G StandardAnnotation -G StandardHCAnnotation -G AS_StandardAnnotation \
  --dragen-mode \
   \
  --dragstr-params-path /cromwell-executions1/WholeGenomeGermlineSingleSample/06160bfb-7bc0-413b-9ba8-6a78ff6325b1/call-BamToGvcf/VariantCalling/5b8f550e-3447-4d42-8f2c-f8f7b00d3ef3/call-HaplotypeCallerGATK4/shard-29/inputs/-463548327/ERR3687419_ILMN.bam.dragstr \
  -GQB 10 -GQB 20 -GQB 30 -GQB 40 -GQB 50 -GQB 60 -GQB 70 -GQB 80 -GQB 90 \
  -ERC GVCF \
  

# Cromwell doesn't like optional task outputs, so we have to touch this file.
touch ERR3687419_ILMN.bamout.bam[0m
[2026-02-25 01:10:19,52] [info] BackgroundConfigAsyncJobExecutionActor [[38;5;2m5b8f550e[0mVariantCalling.HaplotypeCallerGATK4:29:1]: executing: # make sure there is no preexisting Docker CID file
rm -f /home/darja/workflow/cromwell-executions1/WholeGenomeGermlineSingleSample/06160bfb-7bc0-413b-9ba8-6a78ff6325b1/call-BamToGvcf/VariantCalling/5b8f550e-3447-4d42-8f2c-f8f7b00d3ef3/call-HaplotypeCallerGATK4/shard-29/execution/docker_cid
# run as in the original configuration without --rm flag (will remove later)
docker run \
  --cidfile /home/darja/workflow/cromwell-executions1/WholeGenomeGermlineSingleSample/06160bfb-7bc0-413b-9ba8-6a78ff6325b1/call-BamToGvcf/VariantCalling/5b8f550e-3447-4d42-8f2c-f8f7b00d3ef3/call-HaplotypeCallerGATK4/shard-29/execution/docker_cid \
  -i \
  --user 1027:1028 \
  --cpus="64" \
  --memory="350G" \
  --entrypoint /bin/bash \
  -v /home/darja/workflow/cromwell-executions1/WholeGenomeGermlineSingleSample/06160bfb-7bc0-413b-9ba8-6a78ff6325b1/call-BamToGvcf/VariantCalling/5b8f550e-3447-4d42-8f2c-f8f7b00d3ef3/call-HaplotypeCallerGATK4/shard-29:/cromwell-executions1/WholeGenomeGermlineSingleSample/06160bfb-7bc0-413b-9ba8-6a78ff6325b1/call-BamToGvcf/VariantCalling/5b8f550e-3447-4d42-8f2c-f8f7b00d3ef3/call-HaplotypeCallerGATK4/shard-29 \
  -v /mnt/nas1/projects/lasr/blendseq:/mnt/nas1/projects/lasr/blendseq \
  us.gcr.io/broad-gatk/gatk@sha256:c88912855b845bd40c6b4bc8f3dd1d4b333ed2549cd3e8386987ee7c0c284f5a /cromwell-executions1/WholeGenomeGermlineSingleSample/06160bfb-7bc0-413b-9ba8-6a78ff6325b1/call-BamToGvcf/VariantCalling/5b8f550e-3447-4d42-8f2c-f8f7b00d3ef3/call-HaplotypeCallerGATK4/shard-29/execution/script

# get the return code (working even if the container was detached)
rc=$(docker wait [38;5;5mcat /home/darja/workflow/cromwell-executions1/WholeGenomeGermlineSingleSample/06160bfb-7bc0-413b-9ba8-6a78ff6325b1/call-BamToGvcf/VariantCalling/5b8f550e-3447-4d42-8f2c-f8f7b00d3ef3/call-HaplotypeCallerGATK4/shard-29/execution/docker_cid[0m)

# remove the container after waiting
docker rm [38;5;5mcat /home/darja/workflow/cromwell-executions1/WholeGenomeGermlineSingleSample/06160bfb-7bc0-413b-9ba8-6a78ff6325b1/call-BamToGvcf/VariantCalling/5b8f550e-3447-4d42-8f2c-f8f7b00d3ef3/call-HaplotypeCallerGATK4/shard-29/execution/docker_cid[0m

# return exit code
exit $rc
[2026-02-25 01:10:19,83] [info] 5b8f550e-3447-4d42-8f2c-f8f7b00d3ef3-SubWorkflowActor-SubWorkflow-BamToGvcf:-1:1 [[38;5;2m5b8f550e[0m]: Starting VariantCalling.DragenHardFilterVcf
[2026-02-25 01:10:24,34] [info] BackgroundConfigAsyncJobExecutionActor [[38;5;2m5b8f550e[0mVariantCalling.HaplotypeCallerGATK4:29:1]: job id: 91625
[2026-02-25 01:10:24,34] [info] BackgroundConfigAsyncJobExecutionActor [[38;5;2m5b8f550e[0mVariantCalling.HaplotypeCallerGATK4:29:1]: Status change from - to WaitingForReturnCode
[2026-02-25 01:38:23,28] [info] BackgroundConfigAsyncJobExecutionActor [[38;5;2m5b8f550e[0mVariantCalling.HaplotypeCallerGATK4:29:1]: Status change from WaitingForReturnCode to Done
[2026-02-25 01:38:24,89] [info] 5b8f550e-3447-4d42-8f2c-f8f7b00d3ef3-SubWorkflowActor-SubWorkflow-BamToGvcf:-1:1 [[38;5;2m5b8f550e[0m]: Starting VariantCalling.DragenHardFilterVcf
[2026-02-25 01:38:29,46] [info] Assigned new job execution tokens to the following groups: 06160bfb: 1
[2026-02-25 01:38:29,48] [[38;5;220mwarn[0m] BackgroundConfigAsyncJobExecutionActor [[38;5;2m5b8f550e[0mVariantCalling.HaplotypeCallerGATK4:21:1]: Unrecognized runtime attribute keys: preemptible, bootDiskSizeGb, disks, cpu, memory
[2026-02-25 01:38:29,50] [info] BackgroundConfigAsyncJobExecutionActor [[38;5;2m5b8f550e[0mVariantCalling.HaplotypeCallerGATK4:21:1]: [38;5;5mset -e

# We need at least 1 GB of available memory outside of the Java heap in order to execute native code, thus, limit
# Java's memory by the total memory minus 1 GB. We need to compute the total memory as it might differ from
# memory_size_gb because of Cromwell's retry with more memory feature.
mem_unit=$(echo "${MEM_UNIT:-}" | cut -c 1)

if [[ $mem_unit == "M" ]]; then
  available_memory_mb=$(awk "BEGIN {print int($MEM_SIZE)}")
elif [[ $mem_unit == "G" ]]; then
  available_memory_mb=$(awk "BEGIN {print int($MEM_SIZE * 1024)}")
else
  available_memory_mb=$(free -m | awk '/^Mem/ {print $2}')
fi

let java_memory_size_mb=available_memory_mb-1024
echo Total available memory: ${available_memory_mb} MB >&2
echo Memory reserved for Java: ${java_memory_size_mb} MB >&2

gatk --java-options "-Xmx150000m -Xms150000m -XX:GCTimeLimit=50 -XX:GCHeapFreeLimit=10" \
  HaplotypeCaller \
  -R /cromwell-executions1/WholeGenomeGermlineSingleSample/06160bfb-7bc0-413b-9ba8-6a78ff6325b1/call-BamToGvcf/VariantCalling/5b8f550e-3447-4d42-8f2c-f8f7b00d3ef3/call-HaplotypeCallerGATK4/shard-21/inputs/-1569105944/Homo_sapiens_assembly38_masked.fasta \
  -I /cromwell-executions1/WholeGenomeGermlineSingleSample/06160bfb-7bc0-413b-9ba8-6a78ff6325b1/call-BamToGvcf/VariantCalling/5b8f550e-3447-4d42-8f2c-f8f7b00d3ef3/call-HaplotypeCallerGATK4/shard-21/inputs/-2128441055/ERR3687419_ILMN.bam \
  -L /cromwell-executions1/WholeGenomeGermlineSingleSample/06160bfb-7bc0-413b-9ba8-6a78ff6325b1/call-BamToGvcf/VariantCalling/5b8f550e-3447-4d42-8f2c-f8f7b00d3ef3/call-HaplotypeCallerGATK4/shard-21/inputs/-661313523/2scattered.interval_list \
  -O ERR3687419_ILMN.g.vcf.gz \
  -contamination 0.0 \
  -G StandardAnnotation -G StandardHCAnnotation -G AS_StandardAnnotation \
  --dragen-mode \
   \
  --dragstr-params-path /cromwell-executions1/WholeGenomeGermlineSingleSample/06160bfb-7bc0-413b-9ba8-6a78ff6325b1/call-BamToGvcf/VariantCalling/5b8f550e-3447-4d42-8f2c-f8f7b00d3ef3/call-HaplotypeCallerGATK4/shard-21/inputs/-463548327/ERR3687419_ILMN.bam.dragstr \
  -GQB 10 -GQB 20 -GQB 30 -GQB 40 -GQB 50 -GQB 60 -GQB 70 -GQB 80 -GQB 90 \
  -ERC GVCF \
  

# Cromwell doesn't like optional task outputs, so we have to touch this file.
touch ERR3687419_ILMN.bamout.bam[0m
[2026-02-25 01:38:29,50] [info] BackgroundConfigAsyncJobExecutionActor [[38;5;2m5b8f550e[0mVariantCalling.HaplotypeCallerGATK4:21:1]: executing: # make sure there is no preexisting Docker CID file
rm -f /home/darja/workflow/cromwell-executions1/WholeGenomeGermlineSingleSample/06160bfb-7bc0-413b-9ba8-6a78ff6325b1/call-BamToGvcf/VariantCalling/5b8f550e-3447-4d42-8f2c-f8f7b00d3ef3/call-HaplotypeCallerGATK4/shard-21/execution/docker_cid
# run as in the original configuration without --rm flag (will remove later)
docker run \
  --cidfile /home/darja/workflow/cromwell-executions1/WholeGenomeGermlineSingleSample/06160bfb-7bc0-413b-9ba8-6a78ff6325b1/call-BamToGvcf/VariantCalling/5b8f550e-3447-4d42-8f2c-f8f7b00d3ef3/call-HaplotypeCallerGATK4/shard-21/execution/docker_cid \
  -i \
  --user 1027:1028 \
  --cpus="64" \
  --memory="350G" \
  --entrypoint /bin/bash \
  -v /home/darja/workflow/cromwell-executions1/WholeGenomeGermlineSingleSample/06160bfb-7bc0-413b-9ba8-6a78ff6325b1/call-BamToGvcf/VariantCalling/5b8f550e-3447-4d42-8f2c-f8f7b00d3ef3/call-HaplotypeCallerGATK4/shard-21:/cromwell-executions1/WholeGenomeGermlineSingleSample/06160bfb-7bc0-413b-9ba8-6a78ff6325b1/call-BamToGvcf/VariantCalling/5b8f550e-3447-4d42-8f2c-f8f7b00d3ef3/call-HaplotypeCallerGATK4/shard-21 \
  -v /mnt/nas1/projects/lasr/blendseq:/mnt/nas1/projects/lasr/blendseq \
  us.gcr.io/broad-gatk/gatk@sha256:c88912855b845bd40c6b4bc8f3dd1d4b333ed2549cd3e8386987ee7c0c284f5a /cromwell-executions1/WholeGenomeGermlineSingleSample/06160bfb-7bc0-413b-9ba8-6a78ff6325b1/call-BamToGvcf/VariantCalling/5b8f550e-3447-4d42-8f2c-f8f7b00d3ef3/call-HaplotypeCallerGATK4/shard-21/execution/script

# get the return code (working even if the container was detached)
rc=$(docker wait [38;5;5mcat /home/darja/workflow/cromwell-executions1/WholeGenomeGermlineSingleSample/06160bfb-7bc0-413b-9ba8-6a78ff6325b1/call-BamToGvcf/VariantCalling/5b8f550e-3447-4d42-8f2c-f8f7b00d3ef3/call-HaplotypeCallerGATK4/shard-21/execution/docker_cid[0m)

# remove the container after waiting
docker rm [38;5;5mcat /home/darja/workflow/cromwell-executions1/WholeGenomeGermlineSingleSample/06160bfb-7bc0-413b-9ba8-6a78ff6325b1/call-BamToGvcf/VariantCalling/5b8f550e-3447-4d42-8f2c-f8f7b00d3ef3/call-HaplotypeCallerGATK4/shard-21/execution/docker_cid[0m

# return exit code
exit $rc
[2026-02-25 01:38:34,34] [info] BackgroundConfigAsyncJobExecutionActor [[38;5;2m5b8f550e[0mVariantCalling.HaplotypeCallerGATK4:21:1]: job id: 92183
[2026-02-25 01:38:34,34] [info] BackgroundConfigAsyncJobExecutionActor [[38;5;2m5b8f550e[0mVariantCalling.HaplotypeCallerGATK4:21:1]: Status change from - to WaitingForReturnCode
[2026-02-25 02:02:39,78] [info] BackgroundConfigAsyncJobExecutionActor [[38;5;2m5b8f550e[0mVariantCalling.HaplotypeCallerGATK4:21:1]: Status change from WaitingForReturnCode to Done
[2026-02-25 02:02:41,48] [info] 5b8f550e-3447-4d42-8f2c-f8f7b00d3ef3-SubWorkflowActor-SubWorkflow-BamToGvcf:-1:1 [[38;5;2m5b8f550e[0m]: Starting VariantCalling.DragenHardFilterVcf
[2026-02-25 02:02:49,46] [info] Assigned new job execution tokens to the following groups: 06160bfb: 1
[2026-02-25 02:02:49,48] [[38;5;220mwarn[0m] BackgroundConfigAsyncJobExecutionActor [[38;5;2m5b8f550e[0mVariantCalling.HaplotypeCallerGATK4:5:1]: Unrecognized runtime attribute keys: preemptible, bootDiskSizeGb, disks, cpu, memory
[2026-02-25 02:02:49,50] [info] BackgroundConfigAsyncJobExecutionActor [[38;5;2m5b8f550e[0mVariantCalling.HaplotypeCallerGATK4:5:1]: [38;5;5mset -e

# We need at least 1 GB of available memory outside of the Java heap in order to execute native code, thus, limit
# Java's memory by the total memory minus 1 GB. We need to compute the total memory as it might differ from
# memory_size_gb because of Cromwell's retry with more memory feature.
mem_unit=$(echo "${MEM_UNIT:-}" | cut -c 1)

if [[ $mem_unit == "M" ]]; then
  available_memory_mb=$(awk "BEGIN {print int($MEM_SIZE)}")
elif [[ $mem_unit == "G" ]]; then
  available_memory_mb=$(awk "BEGIN {print int($MEM_SIZE * 1024)}")
else
  available_memory_mb=$(free -m | awk '/^Mem/ {print $2}')
fi

let java_memory_size_mb=available_memory_mb-1024
echo Total available memory: ${available_memory_mb} MB >&2
echo Memory reserved for Java: ${java_memory_size_mb} MB >&2

gatk --java-options "-Xmx150000m -Xms150000m -XX:GCTimeLimit=50 -XX:GCHeapFreeLimit=10" \
  HaplotypeCaller \
  -R /cromwell-executions1/WholeGenomeGermlineSingleSample/06160bfb-7bc0-413b-9ba8-6a78ff6325b1/call-BamToGvcf/VariantCalling/5b8f550e-3447-4d42-8f2c-f8f7b00d3ef3/call-HaplotypeCallerGATK4/shard-5/inputs/-1569105944/Homo_sapiens_assembly38_masked.fasta \
  -I /cromwell-executions1/WholeGenomeGermlineSingleSample/06160bfb-7bc0-413b-9ba8-6a78ff6325b1/call-BamToGvcf/VariantCalling/5b8f550e-3447-4d42-8f2c-f8f7b00d3ef3/call-HaplotypeCallerGATK4/shard-5/inputs/-2128441055/ERR3687419_ILMN.bam \
  -L /cromwell-executions1/WholeGenomeGermlineSingleSample/06160bfb-7bc0-413b-9ba8-6a78ff6325b1/call-BamToGvcf/VariantCalling/5b8f550e-3447-4d42-8f2c-f8f7b00d3ef3/call-HaplotypeCallerGATK4/shard-5/inputs/-661313523/15scattered.interval_list \
  -O ERR3687419_ILMN.g.vcf.gz \
  -contamination 0.0 \
  -G StandardAnnotation -G StandardHCAnnotation -G AS_StandardAnnotation \
  --dragen-mode \
   \
  --dragstr-params-path /cromwell-executions1/WholeGenomeGermlineSingleSample/06160bfb-7bc0-413b-9ba8-6a78ff6325b1/call-BamToGvcf/VariantCalling/5b8f550e-3447-4d42-8f2c-f8f7b00d3ef3/call-HaplotypeCallerGATK4/shard-5/inputs/-463548327/ERR3687419_ILMN.bam.dragstr \
  -GQB 10 -GQB 20 -GQB 30 -GQB 40 -GQB 50 -GQB 60 -GQB 70 -GQB 80 -GQB 90 \
  -ERC GVCF \
  

# Cromwell doesn't like optional task outputs, so we have to touch this file.
touch ERR3687419_ILMN.bamout.bam[0m
[2026-02-25 02:02:49,50] [info] BackgroundConfigAsyncJobExecutionActor [[38;5;2m5b8f550e[0mVariantCalling.HaplotypeCallerGATK4:5:1]: executing: # make sure there is no preexisting Docker CID file
rm -f /home/darja/workflow/cromwell-executions1/WholeGenomeGermlineSingleSample/06160bfb-7bc0-413b-9ba8-6a78ff6325b1/call-BamToGvcf/VariantCalling/5b8f550e-3447-4d42-8f2c-f8f7b00d3ef3/call-HaplotypeCallerGATK4/shard-5/execution/docker_cid
# run as in the original configuration without --rm flag (will remove later)
docker run \
  --cidfile /home/darja/workflow/cromwell-executions1/WholeGenomeGermlineSingleSample/06160bfb-7bc0-413b-9ba8-6a78ff6325b1/call-BamToGvcf/VariantCalling/5b8f550e-3447-4d42-8f2c-f8f7b00d3ef3/call-HaplotypeCallerGATK4/shard-5/execution/docker_cid \
  -i \
  --user 1027:1028 \
  --cpus="64" \
  --memory="350G" \
  --entrypoint /bin/bash \
  -v /home/darja/workflow/cromwell-executions1/WholeGenomeGermlineSingleSample/06160bfb-7bc0-413b-9ba8-6a78ff6325b1/call-BamToGvcf/VariantCalling/5b8f550e-3447-4d42-8f2c-f8f7b00d3ef3/call-HaplotypeCallerGATK4/shard-5:/cromwell-executions1/WholeGenomeGermlineSingleSample/06160bfb-7bc0-413b-9ba8-6a78ff6325b1/call-BamToGvcf/VariantCalling/5b8f550e-3447-4d42-8f2c-f8f7b00d3ef3/call-HaplotypeCallerGATK4/shard-5 \
  -v /mnt/nas1/projects/lasr/blendseq:/mnt/nas1/projects/lasr/blendseq \
  us.gcr.io/broad-gatk/gatk@sha256:c88912855b845bd40c6b4bc8f3dd1d4b333ed2549cd3e8386987ee7c0c284f5a /cromwell-executions1/WholeGenomeGermlineSingleSample/06160bfb-7bc0-413b-9ba8-6a78ff6325b1/call-BamToGvcf/VariantCalling/5b8f550e-3447-4d42-8f2c-f8f7b00d3ef3/call-HaplotypeCallerGATK4/shard-5/execution/script

# get the return code (working even if the container was detached)
rc=$(docker wait [38;5;5mcat /home/darja/workflow/cromwell-executions1/WholeGenomeGermlineSingleSample/06160bfb-7bc0-413b-9ba8-6a78ff6325b1/call-BamToGvcf/VariantCalling/5b8f550e-3447-4d42-8f2c-f8f7b00d3ef3/call-HaplotypeCallerGATK4/shard-5/execution/docker_cid[0m)

# remove the container after waiting
docker rm [38;5;5mcat /home/darja/workflow/cromwell-executions1/WholeGenomeGermlineSingleSample/06160bfb-7bc0-413b-9ba8-6a78ff6325b1/call-BamToGvcf/VariantCalling/5b8f550e-3447-4d42-8f2c-f8f7b00d3ef3/call-HaplotypeCallerGATK4/shard-5/execution/docker_cid[0m

# return exit code
exit $rc
[2026-02-25 02:02:54,34] [info] BackgroundConfigAsyncJobExecutionActor [[38;5;2m5b8f550e[0mVariantCalling.HaplotypeCallerGATK4:5:1]: job id: 92744
[2026-02-25 02:02:54,34] [info] BackgroundConfigAsyncJobExecutionActor [[38;5;2m5b8f550e[0mVariantCalling.HaplotypeCallerGATK4:5:1]: Status change from - to WaitingForReturnCode
[2026-02-25 02:37:42,39] [info] BackgroundConfigAsyncJobExecutionActor [[38;5;2m5b8f550e[0mVariantCalling.HaplotypeCallerGATK4:5:1]: Status change from WaitingForReturnCode to Done
[2026-02-25 02:37:43,71] [info] 5b8f550e-3447-4d42-8f2c-f8f7b00d3ef3-SubWorkflowActor-SubWorkflow-BamToGvcf:-1:1 [[38;5;2m5b8f550e[0m]: Starting VariantCalling.DragenHardFilterVcf
[2026-02-25 02:37:49,46] [info] Assigned new job execution tokens to the following groups: 06160bfb: 1
[2026-02-25 02:37:49,48] [[38;5;220mwarn[0m] BackgroundConfigAsyncJobExecutionActor [[38;5;2m5b8f550e[0mVariantCalling.HaplotypeCallerGATK4:32:1]: Unrecognized runtime attribute keys: preemptible, bootDiskSizeGb, disks, cpu, memory
[2026-02-25 02:37:49,50] [info] BackgroundConfigAsyncJobExecutionActor [[38;5;2m5b8f550e[0mVariantCalling.HaplotypeCallerGATK4:32:1]: [38;5;5mset -e

# We need at least 1 GB of available memory outside of the Java heap in order to execute native code, thus, limit
# Java's memory by the total memory minus 1 GB. We need to compute the total memory as it might differ from
# memory_size_gb because of Cromwell's retry with more memory feature.
mem_unit=$(echo "${MEM_UNIT:-}" | cut -c 1)

if [[ $mem_unit == "M" ]]; then
  available_memory_mb=$(awk "BEGIN {print int($MEM_SIZE)}")
elif [[ $mem_unit == "G" ]]; then
  available_memory_mb=$(awk "BEGIN {print int($MEM_SIZE * 1024)}")
else
  available_memory_mb=$(free -m | awk '/^Mem/ {print $2}')
fi

let java_memory_size_mb=available_memory_mb-1024
echo Total available memory: ${available_memory_mb} MB >&2
echo Memory reserved for Java: ${java_memory_size_mb} MB >&2

gatk --java-options "-Xmx150000m -Xms150000m -XX:GCTimeLimit=50 -XX:GCHeapFreeLimit=10" \
  HaplotypeCaller \
  -R /cromwell-executions1/WholeGenomeGermlineSingleSample/06160bfb-7bc0-413b-9ba8-6a78ff6325b1/call-BamToGvcf/VariantCalling/5b8f550e-3447-4d42-8f2c-f8f7b00d3ef3/call-HaplotypeCallerGATK4/shard-32/inputs/-1569105944/Homo_sapiens_assembly38_masked.fasta \
  -I /cromwell-executions1/WholeGenomeGermlineSingleSample/06160bfb-7bc0-413b-9ba8-6a78ff6325b1/call-BamToGvcf/VariantCalling/5b8f550e-3447-4d42-8f2c-f8f7b00d3ef3/call-HaplotypeCallerGATK4/shard-32/inputs/-2128441055/ERR3687419_ILMN.bam \
  -L /cromwell-executions1/WholeGenomeGermlineSingleSample/06160bfb-7bc0-413b-9ba8-6a78ff6325b1/call-BamToGvcf/VariantCalling/5b8f550e-3447-4d42-8f2c-f8f7b00d3ef3/call-HaplotypeCallerGATK4/shard-32/inputs/-661313523/3scattered.interval_list \
  -O ERR3687419_ILMN.g.vcf.gz \
  -contamination 0.0 \
  -G StandardAnnotation -G StandardHCAnnotation -G AS_StandardAnnotation \
  --dragen-mode \
   \
  --dragstr-params-path /cromwell-executions1/WholeGenomeGermlineSingleSample/06160bfb-7bc0-413b-9ba8-6a78ff6325b1/call-BamToGvcf/VariantCalling/5b8f550e-3447-4d42-8f2c-f8f7b00d3ef3/call-HaplotypeCallerGATK4/shard-32/inputs/-463548327/ERR3687419_ILMN.bam.dragstr \
  -GQB 10 -GQB 20 -GQB 30 -GQB 40 -GQB 50 -GQB 60 -GQB 70 -GQB 80 -GQB 90 \
  -ERC GVCF \
  

# Cromwell doesn't like optional task outputs, so we have to touch this file.
touch ERR3687419_ILMN.bamout.bam[0m
[2026-02-25 02:37:49,50] [info] BackgroundConfigAsyncJobExecutionActor [[38;5;2m5b8f550e[0mVariantCalling.HaplotypeCallerGATK4:32:1]: executing: # make sure there is no preexisting Docker CID file
rm -f /home/darja/workflow/cromwell-executions1/WholeGenomeGermlineSingleSample/06160bfb-7bc0-413b-9ba8-6a78ff6325b1/call-BamToGvcf/VariantCalling/5b8f550e-3447-4d42-8f2c-f8f7b00d3ef3/call-HaplotypeCallerGATK4/shard-32/execution/docker_cid
# run as in the original configuration without --rm flag (will remove later)
docker run \
  --cidfile /home/darja/workflow/cromwell-executions1/WholeGenomeGermlineSingleSample/06160bfb-7bc0-413b-9ba8-6a78ff6325b1/call-BamToGvcf/VariantCalling/5b8f550e-3447-4d42-8f2c-f8f7b00d3ef3/call-HaplotypeCallerGATK4/shard-32/execution/docker_cid \
  -i \
  --user 1027:1028 \
  --cpus="64" \
  --memory="350G" \
  --entrypoint /bin/bash \
  -v /home/darja/workflow/cromwell-executions1/WholeGenomeGermlineSingleSample/06160bfb-7bc0-413b-9ba8-6a78ff6325b1/call-BamToGvcf/VariantCalling/5b8f550e-3447-4d42-8f2c-f8f7b00d3ef3/call-HaplotypeCallerGATK4/shard-32:/cromwell-executions1/WholeGenomeGermlineSingleSample/06160bfb-7bc0-413b-9ba8-6a78ff6325b1/call-BamToGvcf/VariantCalling/5b8f550e-3447-4d42-8f2c-f8f7b00d3ef3/call-HaplotypeCallerGATK4/shard-32 \
  -v /mnt/nas1/projects/lasr/blendseq:/mnt/nas1/projects/lasr/blendseq \
  us.gcr.io/broad-gatk/gatk@sha256:c88912855b845bd40c6b4bc8f3dd1d4b333ed2549cd3e8386987ee7c0c284f5a /cromwell-executions1/WholeGenomeGermlineSingleSample/06160bfb-7bc0-413b-9ba8-6a78ff6325b1/call-BamToGvcf/VariantCalling/5b8f550e-3447-4d42-8f2c-f8f7b00d3ef3/call-HaplotypeCallerGATK4/shard-32/execution/script

# get the return code (working even if the container was detached)
rc=$(docker wait [38;5;5mcat /home/darja/workflow/cromwell-executions1/WholeGenomeGermlineSingleSample/06160bfb-7bc0-413b-9ba8-6a78ff6325b1/call-BamToGvcf/VariantCalling/5b8f550e-3447-4d42-8f2c-f8f7b00d3ef3/call-HaplotypeCallerGATK4/shard-32/execution/docker_cid[0m)

# remove the container after waiting
docker rm [38;5;5mcat /home/darja/workflow/cromwell-executions1/WholeGenomeGermlineSingleSample/06160bfb-7bc0-413b-9ba8-6a78ff6325b1/call-BamToGvcf/VariantCalling/5b8f550e-3447-4d42-8f2c-f8f7b00d3ef3/call-HaplotypeCallerGATK4/shard-32/execution/docker_cid[0m

# return exit code
exit $rc
[2026-02-25 02:37:54,34] [info] BackgroundConfigAsyncJobExecutionActor [[38;5;2m5b8f550e[0mVariantCalling.HaplotypeCallerGATK4:32:1]: job id: 93361
[2026-02-25 02:37:54,34] [info] BackgroundConfigAsyncJobExecutionActor [[38;5;2m5b8f550e[0mVariantCalling.HaplotypeCallerGATK4:32:1]: Status change from - to WaitingForReturnCode
[2026-02-25 03:51:28,97] [info] BackgroundConfigAsyncJobExecutionActor [[38;5;2m5b8f550e[0mVariantCalling.HaplotypeCallerGATK4:32:1]: Status change from WaitingForReturnCode to Done
[2026-02-25 03:51:29,46] [info] Assigned new job execution tokens to the following groups: 06160bfb: 1
[2026-02-25 03:51:29,48] [[38;5;220mwarn[0m] BackgroundConfigAsyncJobExecutionActor [[38;5;2m5b8f550e[0mVariantCalling.HaplotypeCallerGATK4:39:1]: Unrecognized runtime attribute keys: preemptible, bootDiskSizeGb, disks, cpu, memory
[2026-02-25 03:51:29,50] [info] BackgroundConfigAsyncJobExecutionActor [[38;5;2m5b8f550e[0mVariantCalling.HaplotypeCallerGATK4:39:1]: [38;5;5mset -e

# We need at least 1 GB of available memory outside of the Java heap in order to execute native code, thus, limit
# Java's memory by the total memory minus 1 GB. We need to compute the total memory as it might differ from
# memory_size_gb because of Cromwell's retry with more memory feature.
mem_unit=$(echo "${MEM_UNIT:-}" | cut -c 1)

if [[ $mem_unit == "M" ]]; then
  available_memory_mb=$(awk "BEGIN {print int($MEM_SIZE)}")
elif [[ $mem_unit == "G" ]]; then
  available_memory_mb=$(awk "BEGIN {print int($MEM_SIZE * 1024)}")
else
  available_memory_mb=$(free -m | awk '/^Mem/ {print $2}')
fi

let java_memory_size_mb=available_memory_mb-1024
echo Total available memory: ${available_memory_mb} MB >&2
echo Memory reserved for Java: ${java_memory_size_mb} MB >&2

gatk --java-options "-Xmx150000m -Xms150000m -XX:GCTimeLimit=50 -XX:GCHeapFreeLimit=10" \
  HaplotypeCaller \
  -R /cromwell-executions1/WholeGenomeGermlineSingleSample/06160bfb-7bc0-413b-9ba8-6a78ff6325b1/call-BamToGvcf/VariantCalling/5b8f550e-3447-4d42-8f2c-f8f7b00d3ef3/call-HaplotypeCallerGATK4/shard-39/inputs/-1569105944/Homo_sapiens_assembly38_masked.fasta \
  -I /cromwell-executions1/WholeGenomeGermlineSingleSample/06160bfb-7bc0-413b-9ba8-6a78ff6325b1/call-BamToGvcf/VariantCalling/5b8f550e-3447-4d42-8f2c-f8f7b00d3ef3/call-HaplotypeCallerGATK4/shard-39/inputs/-2128441055/ERR3687419_ILMN.bam \
  -L /cromwell-executions1/WholeGenomeGermlineSingleSample/06160bfb-7bc0-413b-9ba8-6a78ff6325b1/call-BamToGvcf/VariantCalling/5b8f550e-3447-4d42-8f2c-f8f7b00d3ef3/call-HaplotypeCallerGATK4/shard-39/inputs/-661313523/46scattered.interval_list \
  -O ERR3687419_ILMN.g.vcf.gz \
  -contamination 0.0 \
  -G StandardAnnotation -G StandardHCAnnotation -G AS_StandardAnnotation \
  --dragen-mode \
   \
  --dragstr-params-path /cromwell-executions1/WholeGenomeGermlineSingleSample/06160bfb-7bc0-413b-9ba8-6a78ff6325b1/call-BamToGvcf/VariantCalling/5b8f550e-3447-4d42-8f2c-f8f7b00d3ef3/call-HaplotypeCallerGATK4/shard-39/inputs/-463548327/ERR3687419_ILMN.bam.dragstr \
  -GQB 10 -GQB 20 -GQB 30 -GQB 40 -GQB 50 -GQB 60 -GQB 70 -GQB 80 -GQB 90 \
  -ERC GVCF \
  

# Cromwell doesn't like optional task outputs, so we have to touch this file.
touch ERR3687419_ILMN.bamout.bam[0m
[2026-02-25 03:51:29,50] [info] BackgroundConfigAsyncJobExecutionActor [[38;5;2m5b8f550e[0mVariantCalling.HaplotypeCallerGATK4:39:1]: executing: # make sure there is no preexisting Docker CID file
rm -f /home/darja/workflow/cromwell-executions1/WholeGenomeGermlineSingleSample/06160bfb-7bc0-413b-9ba8-6a78ff6325b1/call-BamToGvcf/VariantCalling/5b8f550e-3447-4d42-8f2c-f8f7b00d3ef3/call-HaplotypeCallerGATK4/shard-39/execution/docker_cid
# run as in the original configuration without --rm flag (will remove later)
docker run \
  --cidfile /home/darja/workflow/cromwell-executions1/WholeGenomeGermlineSingleSample/06160bfb-7bc0-413b-9ba8-6a78ff6325b1/call-BamToGvcf/VariantCalling/5b8f550e-3447-4d42-8f2c-f8f7b00d3ef3/call-HaplotypeCallerGATK4/shard-39/execution/docker_cid \
  -i \
  --user 1027:1028 \
  --cpus="64" \
  --memory="350G" \
  --entrypoint /bin/bash \
  -v /home/darja/workflow/cromwell-executions1/WholeGenomeGermlineSingleSample/06160bfb-7bc0-413b-9ba8-6a78ff6325b1/call-BamToGvcf/VariantCalling/5b8f550e-3447-4d42-8f2c-f8f7b00d3ef3/call-HaplotypeCallerGATK4/shard-39:/cromwell-executions1/WholeGenomeGermlineSingleSample/06160bfb-7bc0-413b-9ba8-6a78ff6325b1/call-BamToGvcf/VariantCalling/5b8f550e-3447-4d42-8f2c-f8f7b00d3ef3/call-HaplotypeCallerGATK4/shard-39 \
  -v /mnt/nas1/projects/lasr/blendseq:/mnt/nas1/projects/lasr/blendseq \
  us.gcr.io/broad-gatk/gatk@sha256:c88912855b845bd40c6b4bc8f3dd1d4b333ed2549cd3e8386987ee7c0c284f5a /cromwell-executions1/WholeGenomeGermlineSingleSample/06160bfb-7bc0-413b-9ba8-6a78ff6325b1/call-BamToGvcf/VariantCalling/5b8f550e-3447-4d42-8f2c-f8f7b00d3ef3/call-HaplotypeCallerGATK4/shard-39/execution/script

# get the return code (working even if the container was detached)
rc=$(docker wait [38;5;5mcat /home/darja/workflow/cromwell-executions1/WholeGenomeGermlineSingleSample/06160bfb-7bc0-413b-9ba8-6a78ff6325b1/call-BamToGvcf/VariantCalling/5b8f550e-3447-4d42-8f2c-f8f7b00d3ef3/call-HaplotypeCallerGATK4/shard-39/execution/docker_cid[0m)

# remove the container after waiting
docker rm [38;5;5mcat /home/darja/workflow/cromwell-executions1/WholeGenomeGermlineSingleSample/06160bfb-7bc0-413b-9ba8-6a78ff6325b1/call-BamToGvcf/VariantCalling/5b8f550e-3447-4d42-8f2c-f8f7b00d3ef3/call-HaplotypeCallerGATK4/shard-39/execution/docker_cid[0m

# return exit code
exit $rc
[2026-02-25 03:51:30,53] [info] 5b8f550e-3447-4d42-8f2c-f8f7b00d3ef3-SubWorkflowActor-SubWorkflow-BamToGvcf:-1:1 [[38;5;2m5b8f550e[0m]: Starting VariantCalling.DragenHardFilterVcf
[2026-02-25 03:51:34,34] [info] BackgroundConfigAsyncJobExecutionActor [[38;5;2m5b8f550e[0mVariantCalling.HaplotypeCallerGATK4:39:1]: job id: 94124
[2026-02-25 03:51:34,34] [info] BackgroundConfigAsyncJobExecutionActor [[38;5;2m5b8f550e[0mVariantCalling.HaplotypeCallerGATK4:39:1]: Status change from - to WaitingForReturnCode
[2026-02-25 04:48:39,65] [info] BackgroundConfigAsyncJobExecutionActor [[38;5;2m5b8f550e[0mVariantCalling.HaplotypeCallerGATK4:39:1]: Status change from WaitingForReturnCode to Done
[2026-02-25 04:48:40,81] [info] 5b8f550e-3447-4d42-8f2c-f8f7b00d3ef3-SubWorkflowActor-SubWorkflow-BamToGvcf:-1:1 [[38;5;2m5b8f550e[0m]: Starting VariantCalling.DragenHardFilterVcf
[2026-02-25 04:48:49,46] [info] Assigned new job execution tokens to the following groups: 06160bfb: 1
[2026-02-25 04:48:49,48] [[38;5;220mwarn[0m] BackgroundConfigAsyncJobExecutionActor [[38;5;2m5b8f550e[0mVariantCalling.HaplotypeCallerGATK4:45:1]: Unrecognized runtime attribute keys: preemptible, bootDiskSizeGb, disks, cpu, memory
[2026-02-25 04:48:49,49] [info] BackgroundConfigAsyncJobExecutionActor [[38;5;2m5b8f550e[0mVariantCalling.HaplotypeCallerGATK4:45:1]: [38;5;5mset -e

# We need at least 1 GB of available memory outside of the Java heap in order to execute native code, thus, limit
# Java's memory by the total memory minus 1 GB. We need to compute the total memory as it might differ from
# memory_size_gb because of Cromwell's retry with more memory feature.
mem_unit=$(echo "${MEM_UNIT:-}" | cut -c 1)

if [[ $mem_unit == "M" ]]; then
  available_memory_mb=$(awk "BEGIN {print int($MEM_SIZE)}")
elif [[ $mem_unit == "G" ]]; then
  available_memory_mb=$(awk "BEGIN {print int($MEM_SIZE * 1024)}")
else
  available_memory_mb=$(free -m | awk '/^Mem/ {print $2}')
fi

let java_memory_size_mb=available_memory_mb-1024
echo Total available memory: ${available_memory_mb} MB >&2
echo Memory reserved for Java: ${java_memory_size_mb} MB >&2

gatk --java-options "-Xmx150000m -Xms150000m -XX:GCTimeLimit=50 -XX:GCHeapFreeLimit=10" \
  HaplotypeCaller \
  -R /cromwell-executions1/WholeGenomeGermlineSingleSample/06160bfb-7bc0-413b-9ba8-6a78ff6325b1/call-BamToGvcf/VariantCalling/5b8f550e-3447-4d42-8f2c-f8f7b00d3ef3/call-HaplotypeCallerGATK4/shard-45/inputs/-1569105944/Homo_sapiens_assembly38_masked.fasta \
  -I /cromwell-executions1/WholeGenomeGermlineSingleSample/06160bfb-7bc0-413b-9ba8-6a78ff6325b1/call-BamToGvcf/VariantCalling/5b8f550e-3447-4d42-8f2c-f8f7b00d3ef3/call-HaplotypeCallerGATK4/shard-45/inputs/-2128441055/ERR3687419_ILMN.bam \
  -L /cromwell-executions1/WholeGenomeGermlineSingleSample/06160bfb-7bc0-413b-9ba8-6a78ff6325b1/call-BamToGvcf/VariantCalling/5b8f550e-3447-4d42-8f2c-f8f7b00d3ef3/call-HaplotypeCallerGATK4/shard-45/inputs/-661313523/5scattered.interval_list \
  -O ERR3687419_ILMN.g.vcf.gz \
  -contamination 0.0 \
  -G StandardAnnotation -G StandardHCAnnotation -G AS_StandardAnnotation \
  --dragen-mode \
   \
  --dragstr-params-path /cromwell-executions1/WholeGenomeGermlineSingleSample/06160bfb-7bc0-413b-9ba8-6a78ff6325b1/call-BamToGvcf/VariantCalling/5b8f550e-3447-4d42-8f2c-f8f7b00d3ef3/call-HaplotypeCallerGATK4/shard-45/inputs/-463548327/ERR3687419_ILMN.bam.dragstr \
  -GQB 10 -GQB 20 -GQB 30 -GQB 40 -GQB 50 -GQB 60 -GQB 70 -GQB 80 -GQB 90 \
  -ERC GVCF \
  

# Cromwell doesn't like optional task outputs, so we have to touch this file.
touch ERR3687419_ILMN.bamout.bam[0m
[2026-02-25 04:48:49,50] [info] BackgroundConfigAsyncJobExecutionActor [[38;5;2m5b8f550e[0mVariantCalling.HaplotypeCallerGATK4:45:1]: executing: # make sure there is no preexisting Docker CID file
rm -f /home/darja/workflow/cromwell-executions1/WholeGenomeGermlineSingleSample/06160bfb-7bc0-413b-9ba8-6a78ff6325b1/call-BamToGvcf/VariantCalling/5b8f550e-3447-4d42-8f2c-f8f7b00d3ef3/call-HaplotypeCallerGATK4/shard-45/execution/docker_cid
# run as in the original configuration without --rm flag (will remove later)
docker run \
  --cidfile /home/darja/workflow/cromwell-executions1/WholeGenomeGermlineSingleSample/06160bfb-7bc0-413b-9ba8-6a78ff6325b1/call-BamToGvcf/VariantCalling/5b8f550e-3447-4d42-8f2c-f8f7b00d3ef3/call-HaplotypeCallerGATK4/shard-45/execution/docker_cid \
  -i \
  --user 1027:1028 \
  --cpus="64" \
  --memory="350G" \
  --entrypoint /bin/bash \
  -v /home/darja/workflow/cromwell-executions1/WholeGenomeGermlineSingleSample/06160bfb-7bc0-413b-9ba8-6a78ff6325b1/call-BamToGvcf/VariantCalling/5b8f550e-3447-4d42-8f2c-f8f7b00d3ef3/call-HaplotypeCallerGATK4/shard-45:/cromwell-executions1/WholeGenomeGermlineSingleSample/06160bfb-7bc0-413b-9ba8-6a78ff6325b1/call-BamToGvcf/VariantCalling/5b8f550e-3447-4d42-8f2c-f8f7b00d3ef3/call-HaplotypeCallerGATK4/shard-45 \
  -v /mnt/nas1/projects/lasr/blendseq:/mnt/nas1/projects/lasr/blendseq \
  us.gcr.io/broad-gatk/gatk@sha256:c88912855b845bd40c6b4bc8f3dd1d4b333ed2549cd3e8386987ee7c0c284f5a /cromwell-executions1/WholeGenomeGermlineSingleSample/06160bfb-7bc0-413b-9ba8-6a78ff6325b1/call-BamToGvcf/VariantCalling/5b8f550e-3447-4d42-8f2c-f8f7b00d3ef3/call-HaplotypeCallerGATK4/shard-45/execution/script

# get the return code (working even if the container was detached)
rc=$(docker wait [38;5;5mcat /home/darja/workflow/cromwell-executions1/WholeGenomeGermlineSingleSample/06160bfb-7bc0-413b-9ba8-6a78ff6325b1/call-BamToGvcf/VariantCalling/5b8f550e-3447-4d42-8f2c-f8f7b00d3ef3/call-HaplotypeCallerGATK4/shard-45/execution/docker_cid[0m)

# remove the container after waiting
docker rm [38;5;5mcat /home/darja/workflow/cromwell-executions1/WholeGenomeGermlineSingleSample/06160bfb-7bc0-413b-9ba8-6a78ff6325b1/call-BamToGvcf/VariantCalling/5b8f550e-3447-4d42-8f2c-f8f7b00d3ef3/call-HaplotypeCallerGATK4/shard-45/execution/docker_cid[0m

# return exit code
exit $rc
[2026-02-25 04:48:54,34] [info] BackgroundConfigAsyncJobExecutionActor [[38;5;2m5b8f550e[0mVariantCalling.HaplotypeCallerGATK4:45:1]: job id: 94786
[2026-02-25 04:48:54,34] [info] BackgroundConfigAsyncJobExecutionActor [[38;5;2m5b8f550e[0mVariantCalling.HaplotypeCallerGATK4:45:1]: Status change from - to WaitingForReturnCode
[2026-02-25 05:17:55,34] [info] BackgroundConfigAsyncJobExecutionActor [[38;5;2m5b8f550e[0mVariantCalling.HaplotypeCallerGATK4:45:1]: Status change from WaitingForReturnCode to Done
[2026-02-25 05:17:57,27] [info] 5b8f550e-3447-4d42-8f2c-f8f7b00d3ef3-SubWorkflowActor-SubWorkflow-BamToGvcf:-1:1 [[38;5;2m5b8f550e[0m]: Starting VariantCalling.DragenHardFilterVcf
[2026-02-25 05:17:59,46] [info] Assigned new job execution tokens to the following groups: 06160bfb: 1
[2026-02-25 05:17:59,48] [[38;5;220mwarn[0m] BackgroundConfigAsyncJobExecutionActor [[38;5;2m5b8f550e[0mVariantCalling.HaplotypeCallerGATK4:30:1]: Unrecognized runtime attribute keys: preemptible, bootDiskSizeGb, disks, cpu, memory
[2026-02-25 05:17:59,50] [info] BackgroundConfigAsyncJobExecutionActor [[38;5;2m5b8f550e[0mVariantCalling.HaplotypeCallerGATK4:30:1]: [38;5;5mset -e

# We need at least 1 GB of available memory outside of the Java heap in order to execute native code, thus, limit
# Java's memory by the total memory minus 1 GB. We need to compute the total memory as it might differ from
# memory_size_gb because of Cromwell's retry with more memory feature.
mem_unit=$(echo "${MEM_UNIT:-}" | cut -c 1)

if [[ $mem_unit == "M" ]]; then
  available_memory_mb=$(awk "BEGIN {print int($MEM_SIZE)}")
elif [[ $mem_unit == "G" ]]; then
  available_memory_mb=$(awk "BEGIN {print int($MEM_SIZE * 1024)}")
else
  available_memory_mb=$(free -m | awk '/^Mem/ {print $2}')
fi

let java_memory_size_mb=available_memory_mb-1024
echo Total available memory: ${available_memory_mb} MB >&2
echo Memory reserved for Java: ${java_memory_size_mb} MB >&2

gatk --java-options "-Xmx150000m -Xms150000m -XX:GCTimeLimit=50 -XX:GCHeapFreeLimit=10" \
  HaplotypeCaller \
  -R /cromwell-executions1/WholeGenomeGermlineSingleSample/06160bfb-7bc0-413b-9ba8-6a78ff6325b1/call-BamToGvcf/VariantCalling/5b8f550e-3447-4d42-8f2c-f8f7b00d3ef3/call-HaplotypeCallerGATK4/shard-30/inputs/-1569105944/Homo_sapiens_assembly38_masked.fasta \
  -I /cromwell-executions1/WholeGenomeGermlineSingleSample/06160bfb-7bc0-413b-9ba8-6a78ff6325b1/call-BamToGvcf/VariantCalling/5b8f550e-3447-4d42-8f2c-f8f7b00d3ef3/call-HaplotypeCallerGATK4/shard-30/inputs/-2128441055/ERR3687419_ILMN.bam \
  -L /cromwell-executions1/WholeGenomeGermlineSingleSample/06160bfb-7bc0-413b-9ba8-6a78ff6325b1/call-BamToGvcf/VariantCalling/5b8f550e-3447-4d42-8f2c-f8f7b00d3ef3/call-HaplotypeCallerGATK4/shard-30/inputs/-661313523/38scattered.interval_list \
  -O ERR3687419_ILMN.g.vcf.gz \
  -contamination 0.0 \
  -G StandardAnnotation -G StandardHCAnnotation -G AS_StandardAnnotation \
  --dragen-mode \
   \
  --dragstr-params-path /cromwell-executions1/WholeGenomeGermlineSingleSample/06160bfb-7bc0-413b-9ba8-6a78ff6325b1/call-BamToGvcf/VariantCalling/5b8f550e-3447-4d42-8f2c-f8f7b00d3ef3/call-HaplotypeCallerGATK4/shard-30/inputs/-463548327/ERR3687419_ILMN.bam.dragstr \
  -GQB 10 -GQB 20 -GQB 30 -GQB 40 -GQB 50 -GQB 60 -GQB 70 -GQB 80 -GQB 90 \
  -ERC GVCF \
  

# Cromwell doesn't like optional task outputs, so we have to touch this file.
touch ERR3687419_ILMN.bamout.bam[0m
[2026-02-25 05:17:59,50] [info] BackgroundConfigAsyncJobExecutionActor [[38;5;2m5b8f550e[0mVariantCalling.HaplotypeCallerGATK4:30:1]: executing: # make sure there is no preexisting Docker CID file
rm -f /home/darja/workflow/cromwell-executions1/WholeGenomeGermlineSingleSample/06160bfb-7bc0-413b-9ba8-6a78ff6325b1/call-BamToGvcf/VariantCalling/5b8f550e-3447-4d42-8f2c-f8f7b00d3ef3/call-HaplotypeCallerGATK4/shard-30/execution/docker_cid
# run as in the original configuration without --rm flag (will remove later)
docker run \
  --cidfile /home/darja/workflow/cromwell-executions1/WholeGenomeGermlineSingleSample/06160bfb-7bc0-413b-9ba8-6a78ff6325b1/call-BamToGvcf/VariantCalling/5b8f550e-3447-4d42-8f2c-f8f7b00d3ef3/call-HaplotypeCallerGATK4/shard-30/execution/docker_cid \
  -i \
  --user 1027:1028 \
  --cpus="64" \
  --memory="350G" \
  --entrypoint /bin/bash \
  -v /home/darja/workflow/cromwell-executions1/WholeGenomeGermlineSingleSample/06160bfb-7bc0-413b-9ba8-6a78ff6325b1/call-BamToGvcf/VariantCalling/5b8f550e-3447-4d42-8f2c-f8f7b00d3ef3/call-HaplotypeCallerGATK4/shard-30:/cromwell-executions1/WholeGenomeGermlineSingleSample/06160bfb-7bc0-413b-9ba8-6a78ff6325b1/call-BamToGvcf/VariantCalling/5b8f550e-3447-4d42-8f2c-f8f7b00d3ef3/call-HaplotypeCallerGATK4/shard-30 \
  -v /mnt/nas1/projects/lasr/blendseq:/mnt/nas1/projects/lasr/blendseq \
  us.gcr.io/broad-gatk/gatk@sha256:c88912855b845bd40c6b4bc8f3dd1d4b333ed2549cd3e8386987ee7c0c284f5a /cromwell-executions1/WholeGenomeGermlineSingleSample/06160bfb-7bc0-413b-9ba8-6a78ff6325b1/call-BamToGvcf/VariantCalling/5b8f550e-3447-4d42-8f2c-f8f7b00d3ef3/call-HaplotypeCallerGATK4/shard-30/execution/script

# get the return code (working even if the container was detached)
rc=$(docker wait [38;5;5mcat /home/darja/workflow/cromwell-executions1/WholeGenomeGermlineSingleSample/06160bfb-7bc0-413b-9ba8-6a78ff6325b1/call-BamToGvcf/VariantCalling/5b8f550e-3447-4d42-8f2c-f8f7b00d3ef3/call-HaplotypeCallerGATK4/shard-30/execution/docker_cid[0m)

# remove the container after waiting
docker rm [38;5;5mcat /home/darja/workflow/cromwell-executions1/WholeGenomeGermlineSingleSample/06160bfb-7bc0-413b-9ba8-6a78ff6325b1/call-BamToGvcf/VariantCalling/5b8f550e-3447-4d42-8f2c-f8f7b00d3ef3/call-HaplotypeCallerGATK4/shard-30/execution/docker_cid[0m

# return exit code
exit $rc
[2026-02-25 05:18:04,34] [info] BackgroundConfigAsyncJobExecutionActor [[38;5;2m5b8f550e[0mVariantCalling.HaplotypeCallerGATK4:30:1]: job id: 95371
[2026-02-25 05:18:04,34] [info] BackgroundConfigAsyncJobExecutionActor [[38;5;2m5b8f550e[0mVariantCalling.HaplotypeCallerGATK4:30:1]: Status change from - to WaitingForReturnCode
[2026-02-25 05:47:05,35] [info] BackgroundConfigAsyncJobExecutionActor [[38;5;2m5b8f550e[0mVariantCalling.HaplotypeCallerGATK4:30:1]: Status change from WaitingForReturnCode to Done
[2026-02-25 05:47:06,59] [info] 5b8f550e-3447-4d42-8f2c-f8f7b00d3ef3-SubWorkflowActor-SubWorkflow-BamToGvcf:-1:1 [[38;5;2m5b8f550e[0m]: Starting VariantCalling.DragenHardFilterVcf
[2026-02-25 05:47:09,46] [info] Assigned new job execution tokens to the following groups: 06160bfb: 1
[2026-02-25 05:47:09,48] [[38;5;220mwarn[0m] BackgroundConfigAsyncJobExecutionActor [[38;5;2m5b8f550e[0mVariantCalling.HaplotypeCallerGATK4:13:1]: Unrecognized runtime attribute keys: preemptible, bootDiskSizeGb, disks, cpu, memory
[2026-02-25 05:47:09,50] [info] BackgroundConfigAsyncJobExecutionActor [[38;5;2m5b8f550e[0mVariantCalling.HaplotypeCallerGATK4:13:1]: [38;5;5mset -e

# We need at least 1 GB of available memory outside of the Java heap in order to execute native code, thus, limit
# Java's memory by the total memory minus 1 GB. We need to compute the total memory as it might differ from
# memory_size_gb because of Cromwell's retry with more memory feature.
mem_unit=$(echo "${MEM_UNIT:-}" | cut -c 1)

if [[ $mem_unit == "M" ]]; then
  available_memory_mb=$(awk "BEGIN {print int($MEM_SIZE)}")
elif [[ $mem_unit == "G" ]]; then
  available_memory_mb=$(awk "BEGIN {print int($MEM_SIZE * 1024)}")
else
  available_memory_mb=$(free -m | awk '/^Mem/ {print $2}')
fi

let java_memory_size_mb=available_memory_mb-1024
echo Total available memory: ${available_memory_mb} MB >&2
echo Memory reserved for Java: ${java_memory_size_mb} MB >&2

gatk --java-options "-Xmx150000m -Xms150000m -XX:GCTimeLimit=50 -XX:GCHeapFreeLimit=10" \
  HaplotypeCaller \
  -R /cromwell-executions1/WholeGenomeGermlineSingleSample/06160bfb-7bc0-413b-9ba8-6a78ff6325b1/call-BamToGvcf/VariantCalling/5b8f550e-3447-4d42-8f2c-f8f7b00d3ef3/call-HaplotypeCallerGATK4/shard-13/inputs/-1569105944/Homo_sapiens_assembly38_masked.fasta \
  -I /cromwell-executions1/WholeGenomeGermlineSingleSample/06160bfb-7bc0-413b-9ba8-6a78ff6325b1/call-BamToGvcf/VariantCalling/5b8f550e-3447-4d42-8f2c-f8f7b00d3ef3/call-HaplotypeCallerGATK4/shard-13/inputs/-2128441055/ERR3687419_ILMN.bam \
  -L /cromwell-executions1/WholeGenomeGermlineSingleSample/06160bfb-7bc0-413b-9ba8-6a78ff6325b1/call-BamToGvcf/VariantCalling/5b8f550e-3447-4d42-8f2c-f8f7b00d3ef3/call-HaplotypeCallerGATK4/shard-13/inputs/-661313523/22scattered.interval_list \
  -O ERR3687419_ILMN.g.vcf.gz \
  -contamination 0.0 \
  -G StandardAnnotation -G StandardHCAnnotation -G AS_StandardAnnotation \
  --dragen-mode \
   \
  --dragstr-params-path /cromwell-executions1/WholeGenomeGermlineSingleSample/06160bfb-7bc0-413b-9ba8-6a78ff6325b1/call-BamToGvcf/VariantCalling/5b8f550e-3447-4d42-8f2c-f8f7b00d3ef3/call-HaplotypeCallerGATK4/shard-13/inputs/-463548327/ERR3687419_ILMN.bam.dragstr \
  -GQB 10 -GQB 20 -GQB 30 -GQB 40 -GQB 50 -GQB 60 -GQB 70 -GQB 80 -GQB 90 \
  -ERC GVCF \
  

# Cromwell doesn't like optional task outputs, so we have to touch this file.
touch ERR3687419_ILMN.bamout.bam[0m
[2026-02-25 05:47:09,50] [info] BackgroundConfigAsyncJobExecutionActor [[38;5;2m5b8f550e[0mVariantCalling.HaplotypeCallerGATK4:13:1]: executing: # make sure there is no preexisting Docker CID file
rm -f /home/darja/workflow/cromwell-executions1/WholeGenomeGermlineSingleSample/06160bfb-7bc0-413b-9ba8-6a78ff6325b1/call-BamToGvcf/VariantCalling/5b8f550e-3447-4d42-8f2c-f8f7b00d3ef3/call-HaplotypeCallerGATK4/shard-13/execution/docker_cid
# run as in the original configuration without --rm flag (will remove later)
docker run \
  --cidfile /home/darja/workflow/cromwell-executions1/WholeGenomeGermlineSingleSample/06160bfb-7bc0-413b-9ba8-6a78ff6325b1/call-BamToGvcf/VariantCalling/5b8f550e-3447-4d42-8f2c-f8f7b00d3ef3/call-HaplotypeCallerGATK4/shard-13/execution/docker_cid \
  -i \
  --user 1027:1028 \
  --cpus="64" \
  --memory="350G" \
  --entrypoint /bin/bash \
  -v /home/darja/workflow/cromwell-executions1/WholeGenomeGermlineSingleSample/06160bfb-7bc0-413b-9ba8-6a78ff6325b1/call-BamToGvcf/VariantCalling/5b8f550e-3447-4d42-8f2c-f8f7b00d3ef3/call-HaplotypeCallerGATK4/shard-13:/cromwell-executions1/WholeGenomeGermlineSingleSample/06160bfb-7bc0-413b-9ba8-6a78ff6325b1/call-BamToGvcf/VariantCalling/5b8f550e-3447-4d42-8f2c-f8f7b00d3ef3/call-HaplotypeCallerGATK4/shard-13 \
  -v /mnt/nas1/projects/lasr/blendseq:/mnt/nas1/projects/lasr/blendseq \
  us.gcr.io/broad-gatk/gatk@sha256:c88912855b845bd40c6b4bc8f3dd1d4b333ed2549cd3e8386987ee7c0c284f5a /cromwell-executions1/WholeGenomeGermlineSingleSample/06160bfb-7bc0-413b-9ba8-6a78ff6325b1/call-BamToGvcf/VariantCalling/5b8f550e-3447-4d42-8f2c-f8f7b00d3ef3/call-HaplotypeCallerGATK4/shard-13/execution/script

# get the return code (working even if the container was detached)
rc=$(docker wait [38;5;5mcat /home/darja/workflow/cromwell-executions1/WholeGenomeGermlineSingleSample/06160bfb-7bc0-413b-9ba8-6a78ff6325b1/call-BamToGvcf/VariantCalling/5b8f550e-3447-4d42-8f2c-f8f7b00d3ef3/call-HaplotypeCallerGATK4/shard-13/execution/docker_cid[0m)

# remove the container after waiting
docker rm [38;5;5mcat /home/darja/workflow/cromwell-executions1/WholeGenomeGermlineSingleSample/06160bfb-7bc0-413b-9ba8-6a78ff6325b1/call-BamToGvcf/VariantCalling/5b8f550e-3447-4d42-8f2c-f8f7b00d3ef3/call-HaplotypeCallerGATK4/shard-13/execution/docker_cid[0m

# return exit code
exit $rc
[2026-02-25 05:47:14,34] [info] BackgroundConfigAsyncJobExecutionActor [[38;5;2m5b8f550e[0mVariantCalling.HaplotypeCallerGATK4:13:1]: job id: 95947
[2026-02-25 05:47:14,34] [info] BackgroundConfigAsyncJobExecutionActor [[38;5;2m5b8f550e[0mVariantCalling.HaplotypeCallerGATK4:13:1]: Status change from - to WaitingForReturnCode
[2026-02-25 06:18:30,87] [info] BackgroundConfigAsyncJobExecutionActor [[38;5;2m5b8f550e[0mVariantCalling.HaplotypeCallerGATK4:13:1]: Status change from WaitingForReturnCode to Done
[2026-02-25 06:18:32,59] [info] 5b8f550e-3447-4d42-8f2c-f8f7b00d3ef3-SubWorkflowActor-SubWorkflow-BamToGvcf:-1:1 [[38;5;2m5b8f550e[0m]: Starting VariantCalling.DragenHardFilterVcf
[2026-02-25 06:18:39,46] [info] Assigned new job execution tokens to the following groups: 06160bfb: 1
[2026-02-25 06:18:39,48] [[38;5;220mwarn[0m] BackgroundConfigAsyncJobExecutionActor [[38;5;2m5b8f550e[0mVariantCalling.HaplotypeCallerGATK4:20:1]: Unrecognized runtime attribute keys: preemptible, bootDiskSizeGb, disks, cpu, memory
[2026-02-25 06:18:39,50] [info] BackgroundConfigAsyncJobExecutionActor [[38;5;2m5b8f550e[0mVariantCalling.HaplotypeCallerGATK4:20:1]: [38;5;5mset -e

# We need at least 1 GB of available memory outside of the Java heap in order to execute native code, thus, limit
# Java's memory by the total memory minus 1 GB. We need to compute the total memory as it might differ from
# memory_size_gb because of Cromwell's retry with more memory feature.
mem_unit=$(echo "${MEM_UNIT:-}" | cut -c 1)

if [[ $mem_unit == "M" ]]; then
  available_memory_mb=$(awk "BEGIN {print int($MEM_SIZE)}")
elif [[ $mem_unit == "G" ]]; then
  available_memory_mb=$(awk "BEGIN {print int($MEM_SIZE * 1024)}")
else
  available_memory_mb=$(free -m | awk '/^Mem/ {print $2}')
fi

let java_memory_size_mb=available_memory_mb-1024
echo Total available memory: ${available_memory_mb} MB >&2
echo Memory reserved for Java: ${java_memory_size_mb} MB >&2

gatk --java-options "-Xmx150000m -Xms150000m -XX:GCTimeLimit=50 -XX:GCHeapFreeLimit=10" \
  HaplotypeCaller \
  -R /cromwell-executions1/WholeGenomeGermlineSingleSample/06160bfb-7bc0-413b-9ba8-6a78ff6325b1/call-BamToGvcf/VariantCalling/5b8f550e-3447-4d42-8f2c-f8f7b00d3ef3/call-HaplotypeCallerGATK4/shard-20/inputs/-1569105944/Homo_sapiens_assembly38_masked.fasta \
  -I /cromwell-executions1/WholeGenomeGermlineSingleSample/06160bfb-7bc0-413b-9ba8-6a78ff6325b1/call-BamToGvcf/VariantCalling/5b8f550e-3447-4d42-8f2c-f8f7b00d3ef3/call-HaplotypeCallerGATK4/shard-20/inputs/-2128441055/ERR3687419_ILMN.bam \
  -L /cromwell-executions1/WholeGenomeGermlineSingleSample/06160bfb-7bc0-413b-9ba8-6a78ff6325b1/call-BamToGvcf/VariantCalling/5b8f550e-3447-4d42-8f2c-f8f7b00d3ef3/call-HaplotypeCallerGATK4/shard-20/inputs/-661313523/29scattered.interval_list \
  -O ERR3687419_ILMN.g.vcf.gz \
  -contamination 0.0 \
  -G StandardAnnotation -G StandardHCAnnotation -G AS_StandardAnnotation \
  --dragen-mode \
   \
  --dragstr-params-path /cromwell-executions1/WholeGenomeGermlineSingleSample/06160bfb-7bc0-413b-9ba8-6a78ff6325b1/call-BamToGvcf/VariantCalling/5b8f550e-3447-4d42-8f2c-f8f7b00d3ef3/call-HaplotypeCallerGATK4/shard-20/inputs/-463548327/ERR3687419_ILMN.bam.dragstr \
  -GQB 10 -GQB 20 -GQB 30 -GQB 40 -GQB 50 -GQB 60 -GQB 70 -GQB 80 -GQB 90 \
  -ERC GVCF \
  

# Cromwell doesn't like optional task outputs, so we have to touch this file.
touch ERR3687419_ILMN.bamout.bam[0m
[2026-02-25 06:18:39,50] [info] BackgroundConfigAsyncJobExecutionActor [[38;5;2m5b8f550e[0mVariantCalling.HaplotypeCallerGATK4:20:1]: executing: # make sure there is no preexisting Docker CID file
rm -f /home/darja/workflow/cromwell-executions1/WholeGenomeGermlineSingleSample/06160bfb-7bc0-413b-9ba8-6a78ff6325b1/call-BamToGvcf/VariantCalling/5b8f550e-3447-4d42-8f2c-f8f7b00d3ef3/call-HaplotypeCallerGATK4/shard-20/execution/docker_cid
# run as in the original configuration without --rm flag (will remove later)
docker run \
  --cidfile /home/darja/workflow/cromwell-executions1/WholeGenomeGermlineSingleSample/06160bfb-7bc0-413b-9ba8-6a78ff6325b1/call-BamToGvcf/VariantCalling/5b8f550e-3447-4d42-8f2c-f8f7b00d3ef3/call-HaplotypeCallerGATK4/shard-20/execution/docker_cid \
  -i \
  --user 1027:1028 \
  --cpus="64" \
  --memory="350G" \
  --entrypoint /bin/bash \
  -v /home/darja/workflow/cromwell-executions1/WholeGenomeGermlineSingleSample/06160bfb-7bc0-413b-9ba8-6a78ff6325b1/call-BamToGvcf/VariantCalling/5b8f550e-3447-4d42-8f2c-f8f7b00d3ef3/call-HaplotypeCallerGATK4/shard-20:/cromwell-executions1/WholeGenomeGermlineSingleSample/06160bfb-7bc0-413b-9ba8-6a78ff6325b1/call-BamToGvcf/VariantCalling/5b8f550e-3447-4d42-8f2c-f8f7b00d3ef3/call-HaplotypeCallerGATK4/shard-20 \
  -v /mnt/nas1/projects/lasr/blendseq:/mnt/nas1/projects/lasr/blendseq \
  us.gcr.io/broad-gatk/gatk@sha256:c88912855b845bd40c6b4bc8f3dd1d4b333ed2549cd3e8386987ee7c0c284f5a /cromwell-executions1/WholeGenomeGermlineSingleSample/06160bfb-7bc0-413b-9ba8-6a78ff6325b1/call-BamToGvcf/VariantCalling/5b8f550e-3447-4d42-8f2c-f8f7b00d3ef3/call-HaplotypeCallerGATK4/shard-20/execution/script

# get the return code (working even if the container was detached)
rc=$(docker wait [38;5;5mcat /home/darja/workflow/cromwell-executions1/WholeGenomeGermlineSingleSample/06160bfb-7bc0-413b-9ba8-6a78ff6325b1/call-BamToGvcf/VariantCalling/5b8f550e-3447-4d42-8f2c-f8f7b00d3ef3/call-HaplotypeCallerGATK4/shard-20/execution/docker_cid[0m)

# remove the container after waiting
docker rm [38;5;5mcat /home/darja/workflow/cromwell-executions1/WholeGenomeGermlineSingleSample/06160bfb-7bc0-413b-9ba8-6a78ff6325b1/call-BamToGvcf/VariantCalling/5b8f550e-3447-4d42-8f2c-f8f7b00d3ef3/call-HaplotypeCallerGATK4/shard-20/execution/docker_cid[0m

# return exit code
exit $rc
[2026-02-25 06:18:44,34] [info] BackgroundConfigAsyncJobExecutionActor [[38;5;2m5b8f550e[0mVariantCalling.HaplotypeCallerGATK4:20:1]: job id: 96526
[2026-02-25 06:18:44,34] [info] BackgroundConfigAsyncJobExecutionActor [[38;5;2m5b8f550e[0mVariantCalling.HaplotypeCallerGATK4:20:1]: Status change from - to WaitingForReturnCode
[2026-02-25 06:58:42,54] [info] BackgroundConfigAsyncJobExecutionActor [[38;5;2m5b8f550e[0mVariantCalling.HaplotypeCallerGATK4:20:1]: Status change from WaitingForReturnCode to Done
[2026-02-25 06:58:43,89] [info] 5b8f550e-3447-4d42-8f2c-f8f7b00d3ef3-SubWorkflowActor-SubWorkflow-BamToGvcf:-1:1 [[38;5;2m5b8f550e[0m]: Starting VariantCalling.DragenHardFilterVcf
[2026-02-25 06:58:49,46] [info] Assigned new job execution tokens to the following groups: 06160bfb: 1
[2026-02-25 06:58:49,48] [[38;5;220mwarn[0m] BackgroundConfigAsyncJobExecutionActor [[38;5;2m5b8f550e[0mVariantCalling.HaplotypeCallerGATK4:16:1]: Unrecognized runtime attribute keys: preemptible, bootDiskSizeGb, disks, cpu, memory
[2026-02-25 06:58:49,52] [info] BackgroundConfigAsyncJobExecutionActor [[38;5;2m5b8f550e[0mVariantCalling.HaplotypeCallerGATK4:16:1]: [38;5;5mset -e

# We need at least 1 GB of available memory outside of the Java heap in order to execute native code, thus, limit
# Java's memory by the total memory minus 1 GB. We need to compute the total memory as it might differ from
# memory_size_gb because of Cromwell's retry with more memory feature.
mem_unit=$(echo "${MEM_UNIT:-}" | cut -c 1)

if [[ $mem_unit == "M" ]]; then
  available_memory_mb=$(awk "BEGIN {print int($MEM_SIZE)}")
elif [[ $mem_unit == "G" ]]; then
  available_memory_mb=$(awk "BEGIN {print int($MEM_SIZE * 1024)}")
else
  available_memory_mb=$(free -m | awk '/^Mem/ {print $2}')
fi

let java_memory_size_mb=available_memory_mb-1024
echo Total available memory: ${available_memory_mb} MB >&2
echo Memory reserved for Java: ${java_memory_size_mb} MB >&2

gatk --java-options "-Xmx150000m -Xms150000m -XX:GCTimeLimit=50 -XX:GCHeapFreeLimit=10" \
  HaplotypeCaller \
  -R /cromwell-executions1/WholeGenomeGermlineSingleSample/06160bfb-7bc0-413b-9ba8-6a78ff6325b1/call-BamToGvcf/VariantCalling/5b8f550e-3447-4d42-8f2c-f8f7b00d3ef3/call-HaplotypeCallerGATK4/shard-16/inputs/-1569105944/Homo_sapiens_assembly38_masked.fasta \
  -I /cromwell-executions1/WholeGenomeGermlineSingleSample/06160bfb-7bc0-413b-9ba8-6a78ff6325b1/call-BamToGvcf/VariantCalling/5b8f550e-3447-4d42-8f2c-f8f7b00d3ef3/call-HaplotypeCallerGATK4/shard-16/inputs/-2128441055/ERR3687419_ILMN.bam \
  -L /cromwell-executions1/WholeGenomeGermlineSingleSample/06160bfb-7bc0-413b-9ba8-6a78ff6325b1/call-BamToGvcf/VariantCalling/5b8f550e-3447-4d42-8f2c-f8f7b00d3ef3/call-HaplotypeCallerGATK4/shard-16/inputs/-661313523/25scattered.interval_list \
  -O ERR3687419_ILMN.g.vcf.gz \
  -contamination 0.0 \
  -G StandardAnnotation -G StandardHCAnnotation -G AS_StandardAnnotation \
  --dragen-mode \
   \
  --dragstr-params-path /cromwell-executions1/WholeGenomeGermlineSingleSample/06160bfb-7bc0-413b-9ba8-6a78ff6325b1/call-BamToGvcf/VariantCalling/5b8f550e-3447-4d42-8f2c-f8f7b00d3ef3/call-HaplotypeCallerGATK4/shard-16/inputs/-463548327/ERR3687419_ILMN.bam.dragstr \
  -GQB 10 -GQB 20 -GQB 30 -GQB 40 -GQB 50 -GQB 60 -GQB 70 -GQB 80 -GQB 90 \
  -ERC GVCF \
  

# Cromwell doesn't like optional task outputs, so we have to touch this file.
touch ERR3687419_ILMN.bamout.bam[0m
[2026-02-25 06:58:49,53] [info] BackgroundConfigAsyncJobExecutionActor [[38;5;2m5b8f550e[0mVariantCalling.HaplotypeCallerGATK4:16:1]: executing: # make sure there is no preexisting Docker CID file
rm -f /home/darja/workflow/cromwell-executions1/WholeGenomeGermlineSingleSample/06160bfb-7bc0-413b-9ba8-6a78ff6325b1/call-BamToGvcf/VariantCalling/5b8f550e-3447-4d42-8f2c-f8f7b00d3ef3/call-HaplotypeCallerGATK4/shard-16/execution/docker_cid
# run as in the original configuration without --rm flag (will remove later)
docker run \
  --cidfile /home/darja/workflow/cromwell-executions1/WholeGenomeGermlineSingleSample/06160bfb-7bc0-413b-9ba8-6a78ff6325b1/call-BamToGvcf/VariantCalling/5b8f550e-3447-4d42-8f2c-f8f7b00d3ef3/call-HaplotypeCallerGATK4/shard-16/execution/docker_cid \
  -i \
  --user 1027:1028 \
  --cpus="64" \
  --memory="350G" \
  --entrypoint /bin/bash \
  -v /home/darja/workflow/cromwell-executions1/WholeGenomeGermlineSingleSample/06160bfb-7bc0-413b-9ba8-6a78ff6325b1/call-BamToGvcf/VariantCalling/5b8f550e-3447-4d42-8f2c-f8f7b00d3ef3/call-HaplotypeCallerGATK4/shard-16:/cromwell-executions1/WholeGenomeGermlineSingleSample/06160bfb-7bc0-413b-9ba8-6a78ff6325b1/call-BamToGvcf/VariantCalling/5b8f550e-3447-4d42-8f2c-f8f7b00d3ef3/call-HaplotypeCallerGATK4/shard-16 \
  -v /mnt/nas1/projects/lasr/blendseq:/mnt/nas1/projects/lasr/blendseq \
  us.gcr.io/broad-gatk/gatk@sha256:c88912855b845bd40c6b4bc8f3dd1d4b333ed2549cd3e8386987ee7c0c284f5a /cromwell-executions1/WholeGenomeGermlineSingleSample/06160bfb-7bc0-413b-9ba8-6a78ff6325b1/call-BamToGvcf/VariantCalling/5b8f550e-3447-4d42-8f2c-f8f7b00d3ef3/call-HaplotypeCallerGATK4/shard-16/execution/script

# get the return code (working even if the container was detached)
rc=$(docker wait [38;5;5mcat /home/darja/workflow/cromwell-executions1/WholeGenomeGermlineSingleSample/06160bfb-7bc0-413b-9ba8-6a78ff6325b1/call-BamToGvcf/VariantCalling/5b8f550e-3447-4d42-8f2c-f8f7b00d3ef3/call-HaplotypeCallerGATK4/shard-16/execution/docker_cid[0m)

# remove the container after waiting
docker rm [38;5;5mcat /home/darja/workflow/cromwell-executions1/WholeGenomeGermlineSingleSample/06160bfb-7bc0-413b-9ba8-6a78ff6325b1/call-BamToGvcf/VariantCalling/5b8f550e-3447-4d42-8f2c-f8f7b00d3ef3/call-HaplotypeCallerGATK4/shard-16/execution/docker_cid[0m

# return exit code
exit $rc
[2026-02-25 06:58:54,34] [info] BackgroundConfigAsyncJobExecutionActor [[38;5;2m5b8f550e[0mVariantCalling.HaplotypeCallerGATK4:16:1]: job id: 97289
[2026-02-25 06:58:54,35] [info] BackgroundConfigAsyncJobExecutionActor [[38;5;2m5b8f550e[0mVariantCalling.HaplotypeCallerGATK4:16:1]: Status change from - to WaitingForReturnCode
[2026-02-25 07:23:34,13] [info] BackgroundConfigAsyncJobExecutionActor [[38;5;2m5b8f550e[0mVariantCalling.HaplotypeCallerGATK4:16:1]: Status change from WaitingForReturnCode to Done
[2026-02-25 07:23:36,17] [info] 5b8f550e-3447-4d42-8f2c-f8f7b00d3ef3-SubWorkflowActor-SubWorkflow-BamToGvcf:-1:1 [[38;5;2m5b8f550e[0m]: Starting VariantCalling.DragenHardFilterVcf
[2026-02-25 07:23:39,46] [info] Assigned new job execution tokens to the following groups: 06160bfb: 1
[2026-02-25 07:23:39,48] [[38;5;220mwarn[0m] BackgroundConfigAsyncJobExecutionActor [[38;5;2m5b8f550e[0mVariantCalling.HaplotypeCallerGATK4:2:1]: Unrecognized runtime attribute keys: preemptible, bootDiskSizeGb, disks, cpu, memory
[2026-02-25 07:23:39,51] [info] BackgroundConfigAsyncJobExecutionActor [[38;5;2m5b8f550e[0mVariantCalling.HaplotypeCallerGATK4:2:1]: [38;5;5mset -e

# We need at least 1 GB of available memory outside of the Java heap in order to execute native code, thus, limit
# Java's memory by the total memory minus 1 GB. We need to compute the total memory as it might differ from
# memory_size_gb because of Cromwell's retry with more memory feature.
mem_unit=$(echo "${MEM_UNIT:-}" | cut -c 1)

if [[ $mem_unit == "M" ]]; then
  available_memory_mb=$(awk "BEGIN {print int($MEM_SIZE)}")
elif [[ $mem_unit == "G" ]]; then
  available_memory_mb=$(awk "BEGIN {print int($MEM_SIZE * 1024)}")
else
  available_memory_mb=$(free -m | awk '/^Mem/ {print $2}')
fi

let java_memory_size_mb=available_memory_mb-1024
echo Total available memory: ${available_memory_mb} MB >&2
echo Memory reserved for Java: ${java_memory_size_mb} MB >&2

gatk --java-options "-Xmx150000m -Xms150000m -XX:GCTimeLimit=50 -XX:GCHeapFreeLimit=10" \
  HaplotypeCaller \
  -R /cromwell-executions1/WholeGenomeGermlineSingleSample/06160bfb-7bc0-413b-9ba8-6a78ff6325b1/call-BamToGvcf/VariantCalling/5b8f550e-3447-4d42-8f2c-f8f7b00d3ef3/call-HaplotypeCallerGATK4/shard-2/inputs/-1569105944/Homo_sapiens_assembly38_masked.fasta \
  -I /cromwell-executions1/WholeGenomeGermlineSingleSample/06160bfb-7bc0-413b-9ba8-6a78ff6325b1/call-BamToGvcf/VariantCalling/5b8f550e-3447-4d42-8f2c-f8f7b00d3ef3/call-HaplotypeCallerGATK4/shard-2/inputs/-2128441055/ERR3687419_ILMN.bam \
  -L /cromwell-executions1/WholeGenomeGermlineSingleSample/06160bfb-7bc0-413b-9ba8-6a78ff6325b1/call-BamToGvcf/VariantCalling/5b8f550e-3447-4d42-8f2c-f8f7b00d3ef3/call-HaplotypeCallerGATK4/shard-2/inputs/-661313523/12scattered.interval_list \
  -O ERR3687419_ILMN.g.vcf.gz \
  -contamination 0.0 \
  -G StandardAnnotation -G StandardHCAnnotation -G AS_StandardAnnotation \
  --dragen-mode \
   \
  --dragstr-params-path /cromwell-executions1/WholeGenomeGermlineSingleSample/06160bfb-7bc0-413b-9ba8-6a78ff6325b1/call-BamToGvcf/VariantCalling/5b8f550e-3447-4d42-8f2c-f8f7b00d3ef3/call-HaplotypeCallerGATK4/shard-2/inputs/-463548327/ERR3687419_ILMN.bam.dragstr \
  -GQB 10 -GQB 20 -GQB 30 -GQB 40 -GQB 50 -GQB 60 -GQB 70 -GQB 80 -GQB 90 \
  -ERC GVCF \
  

# Cromwell doesn't like optional task outputs, so we have to touch this file.
touch ERR3687419_ILMN.bamout.bam[0m
[2026-02-25 07:23:39,52] [info] BackgroundConfigAsyncJobExecutionActor [[38;5;2m5b8f550e[0mVariantCalling.HaplotypeCallerGATK4:2:1]: executing: # make sure there is no preexisting Docker CID file
rm -f /home/darja/workflow/cromwell-executions1/WholeGenomeGermlineSingleSample/06160bfb-7bc0-413b-9ba8-6a78ff6325b1/call-BamToGvcf/VariantCalling/5b8f550e-3447-4d42-8f2c-f8f7b00d3ef3/call-HaplotypeCallerGATK4/shard-2/execution/docker_cid
# run as in the original configuration without --rm flag (will remove later)
docker run \
  --cidfile /home/darja/workflow/cromwell-executions1/WholeGenomeGermlineSingleSample/06160bfb-7bc0-413b-9ba8-6a78ff6325b1/call-BamToGvcf/VariantCalling/5b8f550e-3447-4d42-8f2c-f8f7b00d3ef3/call-HaplotypeCallerGATK4/shard-2/execution/docker_cid \
  -i \
  --user 1027:1028 \
  --cpus="64" \
  --memory="350G" \
  --entrypoint /bin/bash \
  -v /home/darja/workflow/cromwell-executions1/WholeGenomeGermlineSingleSample/06160bfb-7bc0-413b-9ba8-6a78ff6325b1/call-BamToGvcf/VariantCalling/5b8f550e-3447-4d42-8f2c-f8f7b00d3ef3/call-HaplotypeCallerGATK4/shard-2:/cromwell-executions1/WholeGenomeGermlineSingleSample/06160bfb-7bc0-413b-9ba8-6a78ff6325b1/call-BamToGvcf/VariantCalling/5b8f550e-3447-4d42-8f2c-f8f7b00d3ef3/call-HaplotypeCallerGATK4/shard-2 \
  -v /mnt/nas1/projects/lasr/blendseq:/mnt/nas1/projects/lasr/blendseq \
  us.gcr.io/broad-gatk/gatk@sha256:c88912855b845bd40c6b4bc8f3dd1d4b333ed2549cd3e8386987ee7c0c284f5a /cromwell-executions1/WholeGenomeGermlineSingleSample/06160bfb-7bc0-413b-9ba8-6a78ff6325b1/call-BamToGvcf/VariantCalling/5b8f550e-3447-4d42-8f2c-f8f7b00d3ef3/call-HaplotypeCallerGATK4/shard-2/execution/script

# get the return code (working even if the container was detached)
rc=$(docker wait [38;5;5mcat /home/darja/workflow/cromwell-executions1/WholeGenomeGermlineSingleSample/06160bfb-7bc0-413b-9ba8-6a78ff6325b1/call-BamToGvcf/VariantCalling/5b8f550e-3447-4d42-8f2c-f8f7b00d3ef3/call-HaplotypeCallerGATK4/shard-2/execution/docker_cid[0m)

# remove the container after waiting
docker rm [38;5;5mcat /home/darja/workflow/cromwell-executions1/WholeGenomeGermlineSingleSample/06160bfb-7bc0-413b-9ba8-6a78ff6325b1/call-BamToGvcf/VariantCalling/5b8f550e-3447-4d42-8f2c-f8f7b00d3ef3/call-HaplotypeCallerGATK4/shard-2/execution/docker_cid[0m

# return exit code
exit $rc
[2026-02-25 07:23:44,34] [info] BackgroundConfigAsyncJobExecutionActor [[38;5;2m5b8f550e[0mVariantCalling.HaplotypeCallerGATK4:2:1]: job id: 97862
[2026-02-25 07:23:44,34] [info] BackgroundConfigAsyncJobExecutionActor [[38;5;2m5b8f550e[0mVariantCalling.HaplotypeCallerGATK4:2:1]: Status change from - to WaitingForReturnCode
[2026-02-25 07:56:53,34] [info] BackgroundConfigAsyncJobExecutionActor [[38;5;2m5b8f550e[0mVariantCalling.HaplotypeCallerGATK4:2:1]: Status change from WaitingForReturnCode to Done
[2026-02-25 07:56:55,39] [info] 5b8f550e-3447-4d42-8f2c-f8f7b00d3ef3-SubWorkflowActor-SubWorkflow-BamToGvcf:-1:1 [[38;5;2m5b8f550e[0m]: Starting VariantCalling.DragenHardFilterVcf
[2026-02-25 07:56:59,46] [info] Assigned new job execution tokens to the following groups: 06160bfb: 1
[2026-02-25 07:56:59,48] [[38;5;220mwarn[0m] BackgroundConfigAsyncJobExecutionActor [[38;5;2m5b8f550e[0mVariantCalling.HaplotypeCallerGATK4:34:1]: Unrecognized runtime attribute keys: preemptible, bootDiskSizeGb, disks, cpu, memory
[2026-02-25 07:56:59,49] [info] BackgroundConfigAsyncJobExecutionActor [[38;5;2m5b8f550e[0mVariantCalling.HaplotypeCallerGATK4:34:1]: [38;5;5mset -e

# We need at least 1 GB of available memory outside of the Java heap in order to execute native code, thus, limit
# Java's memory by the total memory minus 1 GB. We need to compute the total memory as it might differ from
# memory_size_gb because of Cromwell's retry with more memory feature.
mem_unit=$(echo "${MEM_UNIT:-}" | cut -c 1)

if [[ $mem_unit == "M" ]]; then
  available_memory_mb=$(awk "BEGIN {print int($MEM_SIZE)}")
elif [[ $mem_unit == "G" ]]; then
  available_memory_mb=$(awk "BEGIN {print int($MEM_SIZE * 1024)}")
else
  available_memory_mb=$(free -m | awk '/^Mem/ {print $2}')
fi

let java_memory_size_mb=available_memory_mb-1024
echo Total available memory: ${available_memory_mb} MB >&2
echo Memory reserved for Java: ${java_memory_size_mb} MB >&2

gatk --java-options "-Xmx150000m -Xms150000m -XX:GCTimeLimit=50 -XX:GCHeapFreeLimit=10" \
  HaplotypeCaller \
  -R /cromwell-executions1/WholeGenomeGermlineSingleSample/06160bfb-7bc0-413b-9ba8-6a78ff6325b1/call-BamToGvcf/VariantCalling/5b8f550e-3447-4d42-8f2c-f8f7b00d3ef3/call-HaplotypeCallerGATK4/shard-34/inputs/-1569105944/Homo_sapiens_assembly38_masked.fasta \
  -I /cromwell-executions1/WholeGenomeGermlineSingleSample/06160bfb-7bc0-413b-9ba8-6a78ff6325b1/call-BamToGvcf/VariantCalling/5b8f550e-3447-4d42-8f2c-f8f7b00d3ef3/call-HaplotypeCallerGATK4/shard-34/inputs/-2128441055/ERR3687419_ILMN.bam \
  -L /cromwell-executions1/WholeGenomeGermlineSingleSample/06160bfb-7bc0-413b-9ba8-6a78ff6325b1/call-BamToGvcf/VariantCalling/5b8f550e-3447-4d42-8f2c-f8f7b00d3ef3/call-HaplotypeCallerGATK4/shard-34/inputs/-661313523/41scattered.interval_list \
  -O ERR3687419_ILMN.g.vcf.gz \
  -contamination 0.0 \
  -G StandardAnnotation -G StandardHCAnnotation -G AS_StandardAnnotation \
  --dragen-mode \
   \
  --dragstr-params-path /cromwell-executions1/WholeGenomeGermlineSingleSample/06160bfb-7bc0-413b-9ba8-6a78ff6325b1/call-BamToGvcf/VariantCalling/5b8f550e-3447-4d42-8f2c-f8f7b00d3ef3/call-HaplotypeCallerGATK4/shard-34/inputs/-463548327/ERR3687419_ILMN.bam.dragstr \
  -GQB 10 -GQB 20 -GQB 30 -GQB 40 -GQB 50 -GQB 60 -GQB 70 -GQB 80 -GQB 90 \
  -ERC GVCF \
  

# Cromwell doesn't like optional task outputs, so we have to touch this file.
touch ERR3687419_ILMN.bamout.bam[0m
[2026-02-25 07:56:59,50] [info] BackgroundConfigAsyncJobExecutionActor [[38;5;2m5b8f550e[0mVariantCalling.HaplotypeCallerGATK4:34:1]: executing: # make sure there is no preexisting Docker CID file
rm -f /home/darja/workflow/cromwell-executions1/WholeGenomeGermlineSingleSample/06160bfb-7bc0-413b-9ba8-6a78ff6325b1/call-BamToGvcf/VariantCalling/5b8f550e-3447-4d42-8f2c-f8f7b00d3ef3/call-HaplotypeCallerGATK4/shard-34/execution/docker_cid
# run as in the original configuration without --rm flag (will remove later)
docker run \
  --cidfile /home/darja/workflow/cromwell-executions1/WholeGenomeGermlineSingleSample/06160bfb-7bc0-413b-9ba8-6a78ff6325b1/call-BamToGvcf/VariantCalling/5b8f550e-3447-4d42-8f2c-f8f7b00d3ef3/call-HaplotypeCallerGATK4/shard-34/execution/docker_cid \
  -i \
  --user 1027:1028 \
  --cpus="64" \
  --memory="350G" \
  --entrypoint /bin/bash \
  -v /home/darja/workflow/cromwell-executions1/WholeGenomeGermlineSingleSample/06160bfb-7bc0-413b-9ba8-6a78ff6325b1/call-BamToGvcf/VariantCalling/5b8f550e-3447-4d42-8f2c-f8f7b00d3ef3/call-HaplotypeCallerGATK4/shard-34:/cromwell-executions1/WholeGenomeGermlineSingleSample/06160bfb-7bc0-413b-9ba8-6a78ff6325b1/call-BamToGvcf/VariantCalling/5b8f550e-3447-4d42-8f2c-f8f7b00d3ef3/call-HaplotypeCallerGATK4/shard-34 \
  -v /mnt/nas1/projects/lasr/blendseq:/mnt/nas1/projects/lasr/blendseq \
  us.gcr.io/broad-gatk/gatk@sha256:c88912855b845bd40c6b4bc8f3dd1d4b333ed2549cd3e8386987ee7c0c284f5a /cromwell-executions1/WholeGenomeGermlineSingleSample/06160bfb-7bc0-413b-9ba8-6a78ff6325b1/call-BamToGvcf/VariantCalling/5b8f550e-3447-4d42-8f2c-f8f7b00d3ef3/call-HaplotypeCallerGATK4/shard-34/execution/script

# get the return code (working even if the container was detached)
rc=$(docker wait [38;5;5mcat /home/darja/workflow/cromwell-executions1/WholeGenomeGermlineSingleSample/06160bfb-7bc0-413b-9ba8-6a78ff6325b1/call-BamToGvcf/VariantCalling/5b8f550e-3447-4d42-8f2c-f8f7b00d3ef3/call-HaplotypeCallerGATK4/shard-34/execution/docker_cid[0m)

# remove the container after waiting
docker rm [38;5;5mcat /home/darja/workflow/cromwell-executions1/WholeGenomeGermlineSingleSample/06160bfb-7bc0-413b-9ba8-6a78ff6325b1/call-BamToGvcf/VariantCalling/5b8f550e-3447-4d42-8f2c-f8f7b00d3ef3/call-HaplotypeCallerGATK4/shard-34/execution/docker_cid[0m

# return exit code
exit $rc
[2026-02-25 07:57:04,34] [info] BackgroundConfigAsyncJobExecutionActor [[38;5;2m5b8f550e[0mVariantCalling.HaplotypeCallerGATK4:34:1]: job id: 98456
[2026-02-25 07:57:04,34] [info] BackgroundConfigAsyncJobExecutionActor [[38;5;2m5b8f550e[0mVariantCalling.HaplotypeCallerGATK4:34:1]: Status change from - to WaitingForReturnCode
[2026-02-25 09:06:08,58] [info] BackgroundConfigAsyncJobExecutionActor [[38;5;2m5b8f550e[0mVariantCalling.HaplotypeCallerGATK4:34:1]: Status change from WaitingForReturnCode to Done
[2026-02-25 09:06:09,46] [info] Assigned new job execution tokens to the following groups: 06160bfb: 1
[2026-02-25 09:06:09,48] [[38;5;220mwarn[0m] BackgroundConfigAsyncJobExecutionActor [[38;5;2m5b8f550e[0mVariantCalling.HaplotypeCallerGATK4:0:1]: Unrecognized runtime attribute keys: preemptible, bootDiskSizeGb, disks, cpu, memory
[2026-02-25 09:06:09,50] [info] BackgroundConfigAsyncJobExecutionActor [[38;5;2m5b8f550e[0mVariantCalling.HaplotypeCallerGATK4:0:1]: [38;5;5mset -e

# We need at least 1 GB of available memory outside of the Java heap in order to execute native code, thus, limit
# Java's memory by the total memory minus 1 GB. We need to compute the total memory as it might differ from
# memory_size_gb because of Cromwell's retry with more memory feature.
mem_unit=$(echo "${MEM_UNIT:-}" | cut -c 1)

if [[ $mem_unit == "M" ]]; then
  available_memory_mb=$(awk "BEGIN {print int($MEM_SIZE)}")
elif [[ $mem_unit == "G" ]]; then
  available_memory_mb=$(awk "BEGIN {print int($MEM_SIZE * 1024)}")
else
  available_memory_mb=$(free -m | awk '/^Mem/ {print $2}')
fi

let java_memory_size_mb=available_memory_mb-1024
echo Total available memory: ${available_memory_mb} MB >&2
echo Memory reserved for Java: ${java_memory_size_mb} MB >&2

gatk --java-options "-Xmx150000m -Xms150000m -XX:GCTimeLimit=50 -XX:GCHeapFreeLimit=10" \
  HaplotypeCaller \
  -R /cromwell-executions1/WholeGenomeGermlineSingleSample/06160bfb-7bc0-413b-9ba8-6a78ff6325b1/call-BamToGvcf/VariantCalling/5b8f550e-3447-4d42-8f2c-f8f7b00d3ef3/call-HaplotypeCallerGATK4/shard-0/inputs/-1569105944/Homo_sapiens_assembly38_masked.fasta \
  -I /cromwell-executions1/WholeGenomeGermlineSingleSample/06160bfb-7bc0-413b-9ba8-6a78ff6325b1/call-BamToGvcf/VariantCalling/5b8f550e-3447-4d42-8f2c-f8f7b00d3ef3/call-HaplotypeCallerGATK4/shard-0/inputs/-2128441055/ERR3687419_ILMN.bam \
  -L /cromwell-executions1/WholeGenomeGermlineSingleSample/06160bfb-7bc0-413b-9ba8-6a78ff6325b1/call-BamToGvcf/VariantCalling/5b8f550e-3447-4d42-8f2c-f8f7b00d3ef3/call-HaplotypeCallerGATK4/shard-0/inputs/-661313523/10scattered.interval_list \
  -O ERR3687419_ILMN.g.vcf.gz \
  -contamination 0.0 \
  -G StandardAnnotation -G StandardHCAnnotation -G AS_StandardAnnotation \
  --dragen-mode \
   \
  --dragstr-params-path /cromwell-executions1/WholeGenomeGermlineSingleSample/06160bfb-7bc0-413b-9ba8-6a78ff6325b1/call-BamToGvcf/VariantCalling/5b8f550e-3447-4d42-8f2c-f8f7b00d3ef3/call-HaplotypeCallerGATK4/shard-0/inputs/-463548327/ERR3687419_ILMN.bam.dragstr \
  -GQB 10 -GQB 20 -GQB 30 -GQB 40 -GQB 50 -GQB 60 -GQB 70 -GQB 80 -GQB 90 \
  -ERC GVCF \
  

# Cromwell doesn't like optional task outputs, so we have to touch this file.
touch ERR3687419_ILMN.bamout.bam[0m
[2026-02-25 09:06:09,50] [info] BackgroundConfigAsyncJobExecutionActor [[38;5;2m5b8f550e[0mVariantCalling.HaplotypeCallerGATK4:0:1]: executing: # make sure there is no preexisting Docker CID file
rm -f /home/darja/workflow/cromwell-executions1/WholeGenomeGermlineSingleSample/06160bfb-7bc0-413b-9ba8-6a78ff6325b1/call-BamToGvcf/VariantCalling/5b8f550e-3447-4d42-8f2c-f8f7b00d3ef3/call-HaplotypeCallerGATK4/shard-0/execution/docker_cid
# run as in the original configuration without --rm flag (will remove later)
docker run \
  --cidfile /home/darja/workflow/cromwell-executions1/WholeGenomeGermlineSingleSample/06160bfb-7bc0-413b-9ba8-6a78ff6325b1/call-BamToGvcf/VariantCalling/5b8f550e-3447-4d42-8f2c-f8f7b00d3ef3/call-HaplotypeCallerGATK4/shard-0/execution/docker_cid \
  -i \
  --user 1027:1028 \
  --cpus="64" \
  --memory="350G" \
  --entrypoint /bin/bash \
  -v /home/darja/workflow/cromwell-executions1/WholeGenomeGermlineSingleSample/06160bfb-7bc0-413b-9ba8-6a78ff6325b1/call-BamToGvcf/VariantCalling/5b8f550e-3447-4d42-8f2c-f8f7b00d3ef3/call-HaplotypeCallerGATK4/shard-0:/cromwell-executions1/WholeGenomeGermlineSingleSample/06160bfb-7bc0-413b-9ba8-6a78ff6325b1/call-BamToGvcf/VariantCalling/5b8f550e-3447-4d42-8f2c-f8f7b00d3ef3/call-HaplotypeCallerGATK4/shard-0 \
  -v /mnt/nas1/projects/lasr/blendseq:/mnt/nas1/projects/lasr/blendseq \
  us.gcr.io/broad-gatk/gatk@sha256:c88912855b845bd40c6b4bc8f3dd1d4b333ed2549cd3e8386987ee7c0c284f5a /cromwell-executions1/WholeGenomeGermlineSingleSample/06160bfb-7bc0-413b-9ba8-6a78ff6325b1/call-BamToGvcf/VariantCalling/5b8f550e-3447-4d42-8f2c-f8f7b00d3ef3/call-HaplotypeCallerGATK4/shard-0/execution/script

# get the return code (working even if the container was detached)
rc=$(docker wait [38;5;5mcat /home/darja/workflow/cromwell-executions1/WholeGenomeGermlineSingleSample/06160bfb-7bc0-413b-9ba8-6a78ff6325b1/call-BamToGvcf/VariantCalling/5b8f550e-3447-4d42-8f2c-f8f7b00d3ef3/call-HaplotypeCallerGATK4/shard-0/execution/docker_cid[0m)

# remove the container after waiting
docker rm [38;5;5mcat /home/darja/workflow/cromwell-executions1/WholeGenomeGermlineSingleSample/06160bfb-7bc0-413b-9ba8-6a78ff6325b1/call-BamToGvcf/VariantCalling/5b8f550e-3447-4d42-8f2c-f8f7b00d3ef3/call-HaplotypeCallerGATK4/shard-0/execution/docker_cid[0m

# return exit code
exit $rc
[2026-02-25 09:06:09,87] [info] 5b8f550e-3447-4d42-8f2c-f8f7b00d3ef3-SubWorkflowActor-SubWorkflow-BamToGvcf:-1:1 [[38;5;2m5b8f550e[0m]: Starting VariantCalling.DragenHardFilterVcf
[2026-02-25 09:06:14,34] [info] BackgroundConfigAsyncJobExecutionActor [[38;5;2m5b8f550e[0mVariantCalling.HaplotypeCallerGATK4:0:1]: job id: 99197
[2026-02-25 09:06:14,34] [info] BackgroundConfigAsyncJobExecutionActor [[38;5;2m5b8f550e[0mVariantCalling.HaplotypeCallerGATK4:0:1]: Status change from - to WaitingForReturnCode
[2026-02-25 09:31:43,98] [info] BackgroundConfigAsyncJobExecutionActor [[38;5;2m5b8f550e[0mVariantCalling.HaplotypeCallerGATK4:0:1]: Status change from WaitingForReturnCode to Done
[2026-02-25 09:31:46,01] [info] 5b8f550e-3447-4d42-8f2c-f8f7b00d3ef3-SubWorkflowActor-SubWorkflow-BamToGvcf:-1:1 [[38;5;2m5b8f550e[0m]: Starting VariantCalling.DragenHardFilterVcf
[2026-02-25 09:31:49,46] [info] Assigned new job execution tokens to the following groups: 06160bfb: 1
[2026-02-25 09:31:49,48] [[38;5;220mwarn[0m] BackgroundConfigAsyncJobExecutionActor [[38;5;2m5b8f550e[0mVariantCalling.HaplotypeCallerGATK4:22:1]: Unrecognized runtime attribute keys: preemptible, bootDiskSizeGb, disks, cpu, memory
[2026-02-25 09:31:49,50] [info] BackgroundConfigAsyncJobExecutionActor [[38;5;2m5b8f550e[0mVariantCalling.HaplotypeCallerGATK4:22:1]: [38;5;5mset -e

# We need at least 1 GB of available memory outside of the Java heap in order to execute native code, thus, limit
# Java's memory by the total memory minus 1 GB. We need to compute the total memory as it might differ from
# memory_size_gb because of Cromwell's retry with more memory feature.
mem_unit=$(echo "${MEM_UNIT:-}" | cut -c 1)

if [[ $mem_unit == "M" ]]; then
  available_memory_mb=$(awk "BEGIN {print int($MEM_SIZE)}")
elif [[ $mem_unit == "G" ]]; then
  available_memory_mb=$(awk "BEGIN {print int($MEM_SIZE * 1024)}")
else
  available_memory_mb=$(free -m | awk '/^Mem/ {print $2}')
fi

let java_memory_size_mb=available_memory_mb-1024
echo Total available memory: ${available_memory_mb} MB >&2
echo Memory reserved for Java: ${java_memory_size_mb} MB >&2

gatk --java-options "-Xmx150000m -Xms150000m -XX:GCTimeLimit=50 -XX:GCHeapFreeLimit=10" \
  HaplotypeCaller \
  -R /cromwell-executions1/WholeGenomeGermlineSingleSample/06160bfb-7bc0-413b-9ba8-6a78ff6325b1/call-BamToGvcf/VariantCalling/5b8f550e-3447-4d42-8f2c-f8f7b00d3ef3/call-HaplotypeCallerGATK4/shard-22/inputs/-1569105944/Homo_sapiens_assembly38_masked.fasta \
  -I /cromwell-executions1/WholeGenomeGermlineSingleSample/06160bfb-7bc0-413b-9ba8-6a78ff6325b1/call-BamToGvcf/VariantCalling/5b8f550e-3447-4d42-8f2c-f8f7b00d3ef3/call-HaplotypeCallerGATK4/shard-22/inputs/-2128441055/ERR3687419_ILMN.bam \
  -L /cromwell-executions1/WholeGenomeGermlineSingleSample/06160bfb-7bc0-413b-9ba8-6a78ff6325b1/call-BamToGvcf/VariantCalling/5b8f550e-3447-4d42-8f2c-f8f7b00d3ef3/call-HaplotypeCallerGATK4/shard-22/inputs/-661313523/30scattered.interval_list \
  -O ERR3687419_ILMN.g.vcf.gz \
  -contamination 0.0 \
  -G StandardAnnotation -G StandardHCAnnotation -G AS_StandardAnnotation \
  --dragen-mode \
   \
  --dragstr-params-path /cromwell-executions1/WholeGenomeGermlineSingleSample/06160bfb-7bc0-413b-9ba8-6a78ff6325b1/call-BamToGvcf/VariantCalling/5b8f550e-3447-4d42-8f2c-f8f7b00d3ef3/call-HaplotypeCallerGATK4/shard-22/inputs/-463548327/ERR3687419_ILMN.bam.dragstr \
  -GQB 10 -GQB 20 -GQB 30 -GQB 40 -GQB 50 -GQB 60 -GQB 70 -GQB 80 -GQB 90 \
  -ERC GVCF \
  

# Cromwell doesn't like optional task outputs, so we have to touch this file.
touch ERR3687419_ILMN.bamout.bam[0m
[2026-02-25 09:31:49,50] [info] BackgroundConfigAsyncJobExecutionActor [[38;5;2m5b8f550e[0mVariantCalling.HaplotypeCallerGATK4:22:1]: executing: # make sure there is no preexisting Docker CID file
rm -f /home/darja/workflow/cromwell-executions1/WholeGenomeGermlineSingleSample/06160bfb-7bc0-413b-9ba8-6a78ff6325b1/call-BamToGvcf/VariantCalling/5b8f550e-3447-4d42-8f2c-f8f7b00d3ef3/call-HaplotypeCallerGATK4/shard-22/execution/docker_cid
# run as in the original configuration without --rm flag (will remove later)
docker run \
  --cidfile /home/darja/workflow/cromwell-executions1/WholeGenomeGermlineSingleSample/06160bfb-7bc0-413b-9ba8-6a78ff6325b1/call-BamToGvcf/VariantCalling/5b8f550e-3447-4d42-8f2c-f8f7b00d3ef3/call-HaplotypeCallerGATK4/shard-22/execution/docker_cid \
  -i \
  --user 1027:1028 \
  --cpus="64" \
  --memory="350G" \
  --entrypoint /bin/bash \
  -v /home/darja/workflow/cromwell-executions1/WholeGenomeGermlineSingleSample/06160bfb-7bc0-413b-9ba8-6a78ff6325b1/call-BamToGvcf/VariantCalling/5b8f550e-3447-4d42-8f2c-f8f7b00d3ef3/call-HaplotypeCallerGATK4/shard-22:/cromwell-executions1/WholeGenomeGermlineSingleSample/06160bfb-7bc0-413b-9ba8-6a78ff6325b1/call-BamToGvcf/VariantCalling/5b8f550e-3447-4d42-8f2c-f8f7b00d3ef3/call-HaplotypeCallerGATK4/shard-22 \
  -v /mnt/nas1/projects/lasr/blendseq:/mnt/nas1/projects/lasr/blendseq \
  us.gcr.io/broad-gatk/gatk@sha256:c88912855b845bd40c6b4bc8f3dd1d4b333ed2549cd3e8386987ee7c0c284f5a /cromwell-executions1/WholeGenomeGermlineSingleSample/06160bfb-7bc0-413b-9ba8-6a78ff6325b1/call-BamToGvcf/VariantCalling/5b8f550e-3447-4d42-8f2c-f8f7b00d3ef3/call-HaplotypeCallerGATK4/shard-22/execution/script

# get the return code (working even if the container was detached)
rc=$(docker wait [38;5;5mcat /home/darja/workflow/cromwell-executions1/WholeGenomeGermlineSingleSample/06160bfb-7bc0-413b-9ba8-6a78ff6325b1/call-BamToGvcf/VariantCalling/5b8f550e-3447-4d42-8f2c-f8f7b00d3ef3/call-HaplotypeCallerGATK4/shard-22/execution/docker_cid[0m)

# remove the container after waiting
docker rm [38;5;5mcat /home/darja/workflow/cromwell-executions1/WholeGenomeGermlineSingleSample/06160bfb-7bc0-413b-9ba8-6a78ff6325b1/call-BamToGvcf/VariantCalling/5b8f550e-3447-4d42-8f2c-f8f7b00d3ef3/call-HaplotypeCallerGATK4/shard-22/execution/docker_cid[0m

# return exit code
exit $rc
[2026-02-25 09:31:54,34] [info] BackgroundConfigAsyncJobExecutionActor [[38;5;2m5b8f550e[0mVariantCalling.HaplotypeCallerGATK4:22:1]: job id: 100250
[2026-02-25 09:31:54,34] [info] BackgroundConfigAsyncJobExecutionActor [[38;5;2m5b8f550e[0mVariantCalling.HaplotypeCallerGATK4:22:1]: Status change from - to WaitingForReturnCode
[2026-02-25 09:58:37,93] [info] BackgroundConfigAsyncJobExecutionActor [[38;5;2m5b8f550e[0mVariantCalling.HaplotypeCallerGATK4:22:1]: Status change from WaitingForReturnCode to Done
[2026-02-25 09:58:39,46] [info] Assigned new job execution tokens to the following groups: 06160bfb: 1
[2026-02-25 09:58:39,48] [[38;5;220mwarn[0m] BackgroundConfigAsyncJobExecutionActor [[38;5;2m5b8f550e[0mVariantCalling.HaplotypeCallerGATK4:11:1]: Unrecognized runtime attribute keys: preemptible, bootDiskSizeGb, disks, cpu, memory
[2026-02-25 09:58:39,49] [info] BackgroundConfigAsyncJobExecutionActor [[38;5;2m5b8f550e[0mVariantCalling.HaplotypeCallerGATK4:11:1]: [38;5;5mset -e

# We need at least 1 GB of available memory outside of the Java heap in order to execute native code, thus, limit
# Java's memory by the total memory minus 1 GB. We need to compute the total memory as it might differ from
# memory_size_gb because of Cromwell's retry with more memory feature.
mem_unit=$(echo "${MEM_UNIT:-}" | cut -c 1)

if [[ $mem_unit == "M" ]]; then
  available_memory_mb=$(awk "BEGIN {print int($MEM_SIZE)}")
elif [[ $mem_unit == "G" ]]; then
  available_memory_mb=$(awk "BEGIN {print int($MEM_SIZE * 1024)}")
else
  available_memory_mb=$(free -m | awk '/^Mem/ {print $2}')
fi

let java_memory_size_mb=available_memory_mb-1024
echo Total available memory: ${available_memory_mb} MB >&2
echo Memory reserved for Java: ${java_memory_size_mb} MB >&2

gatk --java-options "-Xmx150000m -Xms150000m -XX:GCTimeLimit=50 -XX:GCHeapFreeLimit=10" \
  HaplotypeCaller \
  -R /cromwell-executions1/WholeGenomeGermlineSingleSample/06160bfb-7bc0-413b-9ba8-6a78ff6325b1/call-BamToGvcf/VariantCalling/5b8f550e-3447-4d42-8f2c-f8f7b00d3ef3/call-HaplotypeCallerGATK4/shard-11/inputs/-1569105944/Homo_sapiens_assembly38_masked.fasta \
  -I /cromwell-executions1/WholeGenomeGermlineSingleSample/06160bfb-7bc0-413b-9ba8-6a78ff6325b1/call-BamToGvcf/VariantCalling/5b8f550e-3447-4d42-8f2c-f8f7b00d3ef3/call-HaplotypeCallerGATK4/shard-11/inputs/-2128441055/ERR3687419_ILMN.bam \
  -L /cromwell-executions1/WholeGenomeGermlineSingleSample/06160bfb-7bc0-413b-9ba8-6a78ff6325b1/call-BamToGvcf/VariantCalling/5b8f550e-3447-4d42-8f2c-f8f7b00d3ef3/call-HaplotypeCallerGATK4/shard-11/inputs/-661313523/20scattered.interval_list \
  -O ERR3687419_ILMN.g.vcf.gz \
  -contamination 0.0 \
  -G StandardAnnotation -G StandardHCAnnotation -G AS_StandardAnnotation \
  --dragen-mode \
   \
  --dragstr-params-path /cromwell-executions1/WholeGenomeGermlineSingleSample/06160bfb-7bc0-413b-9ba8-6a78ff6325b1/call-BamToGvcf/VariantCalling/5b8f550e-3447-4d42-8f2c-f8f7b00d3ef3/call-HaplotypeCallerGATK4/shard-11/inputs/-463548327/ERR3687419_ILMN.bam.dragstr \
  -GQB 10 -GQB 20 -GQB 30 -GQB 40 -GQB 50 -GQB 60 -GQB 70 -GQB 80 -GQB 90 \
  -ERC GVCF \
  

# Cromwell doesn't like optional task outputs, so we have to touch this file.
touch ERR3687419_ILMN.bamout.bam[0m
[2026-02-25 09:58:39,49] [info] BackgroundConfigAsyncJobExecutionActor [[38;5;2m5b8f550e[0mVariantCalling.HaplotypeCallerGATK4:11:1]: executing: # make sure there is no preexisting Docker CID file
rm -f /home/darja/workflow/cromwell-executions1/WholeGenomeGermlineSingleSample/06160bfb-7bc0-413b-9ba8-6a78ff6325b1/call-BamToGvcf/VariantCalling/5b8f550e-3447-4d42-8f2c-f8f7b00d3ef3/call-HaplotypeCallerGATK4/shard-11/execution/docker_cid
# run as in the original configuration without --rm flag (will remove later)
docker run \
  --cidfile /home/darja/workflow/cromwell-executions1/WholeGenomeGermlineSingleSample/06160bfb-7bc0-413b-9ba8-6a78ff6325b1/call-BamToGvcf/VariantCalling/5b8f550e-3447-4d42-8f2c-f8f7b00d3ef3/call-HaplotypeCallerGATK4/shard-11/execution/docker_cid \
  -i \
  --user 1027:1028 \
  --cpus="64" \
  --memory="350G" \
  --entrypoint /bin/bash \
  -v /home/darja/workflow/cromwell-executions1/WholeGenomeGermlineSingleSample/06160bfb-7bc0-413b-9ba8-6a78ff6325b1/call-BamToGvcf/VariantCalling/5b8f550e-3447-4d42-8f2c-f8f7b00d3ef3/call-HaplotypeCallerGATK4/shard-11:/cromwell-executions1/WholeGenomeGermlineSingleSample/06160bfb-7bc0-413b-9ba8-6a78ff6325b1/call-BamToGvcf/VariantCalling/5b8f550e-3447-4d42-8f2c-f8f7b00d3ef3/call-HaplotypeCallerGATK4/shard-11 \
  -v /mnt/nas1/projects/lasr/blendseq:/mnt/nas1/projects/lasr/blendseq \
  us.gcr.io/broad-gatk/gatk@sha256:c88912855b845bd40c6b4bc8f3dd1d4b333ed2549cd3e8386987ee7c0c284f5a /cromwell-executions1/WholeGenomeGermlineSingleSample/06160bfb-7bc0-413b-9ba8-6a78ff6325b1/call-BamToGvcf/VariantCalling/5b8f550e-3447-4d42-8f2c-f8f7b00d3ef3/call-HaplotypeCallerGATK4/shard-11/execution/script

# get the return code (working even if the container was detached)
rc=$(docker wait [38;5;5mcat /home/darja/workflow/cromwell-executions1/WholeGenomeGermlineSingleSample/06160bfb-7bc0-413b-9ba8-6a78ff6325b1/call-BamToGvcf/VariantCalling/5b8f550e-3447-4d42-8f2c-f8f7b00d3ef3/call-HaplotypeCallerGATK4/shard-11/execution/docker_cid[0m)

# remove the container after waiting
docker rm [38;5;5mcat /home/darja/workflow/cromwell-executions1/WholeGenomeGermlineSingleSample/06160bfb-7bc0-413b-9ba8-6a78ff6325b1/call-BamToGvcf/VariantCalling/5b8f550e-3447-4d42-8f2c-f8f7b00d3ef3/call-HaplotypeCallerGATK4/shard-11/execution/docker_cid[0m

# return exit code
exit $rc
[2026-02-25 09:58:39,67] [info] 5b8f550e-3447-4d42-8f2c-f8f7b00d3ef3-SubWorkflowActor-SubWorkflow-BamToGvcf:-1:1 [[38;5;2m5b8f550e[0m]: Starting VariantCalling.DragenHardFilterVcf
[2026-02-25 09:58:44,34] [info] BackgroundConfigAsyncJobExecutionActor [[38;5;2m5b8f550e[0mVariantCalling.HaplotypeCallerGATK4:11:1]: job id: 100811
[2026-02-25 09:58:44,34] [info] BackgroundConfigAsyncJobExecutionActor [[38;5;2m5b8f550e[0mVariantCalling.HaplotypeCallerGATK4:11:1]: Status change from - to WaitingForReturnCode
[2026-02-25 10:26:49,03] [info] BackgroundConfigAsyncJobExecutionActor [[38;5;2m5b8f550e[0mVariantCalling.HaplotypeCallerGATK4:11:1]: Status change from WaitingForReturnCode to Done
[2026-02-25 10:26:49,46] [info] Assigned new job execution tokens to the following groups: 06160bfb: 1
[2026-02-25 10:26:49,48] [[38;5;220mwarn[0m] BackgroundConfigAsyncJobExecutionActor [[38;5;2m5b8f550e[0mVariantCalling.HaplotypeCallerGATK4:31:1]: Unrecognized runtime attribute keys: preemptible, bootDiskSizeGb, disks, cpu, memory
[2026-02-25 10:26:49,49] [info] BackgroundConfigAsyncJobExecutionActor [[38;5;2m5b8f550e[0mVariantCalling.HaplotypeCallerGATK4:31:1]: [38;5;5mset -e

# We need at least 1 GB of available memory outside of the Java heap in order to execute native code, thus, limit
# Java's memory by the total memory minus 1 GB. We need to compute the total memory as it might differ from
# memory_size_gb because of Cromwell's retry with more memory feature.
mem_unit=$(echo "${MEM_UNIT:-}" | cut -c 1)

if [[ $mem_unit == "M" ]]; then
  available_memory_mb=$(awk "BEGIN {print int($MEM_SIZE)}")
elif [[ $mem_unit == "G" ]]; then
  available_memory_mb=$(awk "BEGIN {print int($MEM_SIZE * 1024)}")
else
  available_memory_mb=$(free -m | awk '/^Mem/ {print $2}')
fi

let java_memory_size_mb=available_memory_mb-1024
echo Total available memory: ${available_memory_mb} MB >&2
echo Memory reserved for Java: ${java_memory_size_mb} MB >&2

gatk --java-options "-Xmx150000m -Xms150000m -XX:GCTimeLimit=50 -XX:GCHeapFreeLimit=10" \
  HaplotypeCaller \
  -R /cromwell-executions1/WholeGenomeGermlineSingleSample/06160bfb-7bc0-413b-9ba8-6a78ff6325b1/call-BamToGvcf/VariantCalling/5b8f550e-3447-4d42-8f2c-f8f7b00d3ef3/call-HaplotypeCallerGATK4/shard-31/inputs/-1569105944/Homo_sapiens_assembly38_masked.fasta \
  -I /cromwell-executions1/WholeGenomeGermlineSingleSample/06160bfb-7bc0-413b-9ba8-6a78ff6325b1/call-BamToGvcf/VariantCalling/5b8f550e-3447-4d42-8f2c-f8f7b00d3ef3/call-HaplotypeCallerGATK4/shard-31/inputs/-2128441055/ERR3687419_ILMN.bam \
  -L /cromwell-executions1/WholeGenomeGermlineSingleSample/06160bfb-7bc0-413b-9ba8-6a78ff6325b1/call-BamToGvcf/VariantCalling/5b8f550e-3447-4d42-8f2c-f8f7b00d3ef3/call-HaplotypeCallerGATK4/shard-31/inputs/-661313523/39scattered.interval_list \
  -O ERR3687419_ILMN.g.vcf.gz \
  -contamination 0.0 \
  -G StandardAnnotation -G StandardHCAnnotation -G AS_StandardAnnotation \
  --dragen-mode \
   \
  --dragstr-params-path /cromwell-executions1/WholeGenomeGermlineSingleSample/06160bfb-7bc0-413b-9ba8-6a78ff6325b1/call-BamToGvcf/VariantCalling/5b8f550e-3447-4d42-8f2c-f8f7b00d3ef3/call-HaplotypeCallerGATK4/shard-31/inputs/-463548327/ERR3687419_ILMN.bam.dragstr \
  -GQB 10 -GQB 20 -GQB 30 -GQB 40 -GQB 50 -GQB 60 -GQB 70 -GQB 80 -GQB 90 \
  -ERC GVCF \
  

# Cromwell doesn't like optional task outputs, so we have to touch this file.
touch ERR3687419_ILMN.bamout.bam[0m
[2026-02-25 10:26:49,50] [info] BackgroundConfigAsyncJobExecutionActor [[38;5;2m5b8f550e[0mVariantCalling.HaplotypeCallerGATK4:31:1]: executing: # make sure there is no preexisting Docker CID file
rm -f /home/darja/workflow/cromwell-executions1/WholeGenomeGermlineSingleSample/06160bfb-7bc0-413b-9ba8-6a78ff6325b1/call-BamToGvcf/VariantCalling/5b8f550e-3447-4d42-8f2c-f8f7b00d3ef3/call-HaplotypeCallerGATK4/shard-31/execution/docker_cid
# run as in the original configuration without --rm flag (will remove later)
docker run \
  --cidfile /home/darja/workflow/cromwell-executions1/WholeGenomeGermlineSingleSample/06160bfb-7bc0-413b-9ba8-6a78ff6325b1/call-BamToGvcf/VariantCalling/5b8f550e-3447-4d42-8f2c-f8f7b00d3ef3/call-HaplotypeCallerGATK4/shard-31/execution/docker_cid \
  -i \
  --user 1027:1028 \
  --cpus="64" \
  --memory="350G" \
  --entrypoint /bin/bash \
  -v /home/darja/workflow/cromwell-executions1/WholeGenomeGermlineSingleSample/06160bfb-7bc0-413b-9ba8-6a78ff6325b1/call-BamToGvcf/VariantCalling/5b8f550e-3447-4d42-8f2c-f8f7b00d3ef3/call-HaplotypeCallerGATK4/shard-31:/cromwell-executions1/WholeGenomeGermlineSingleSample/06160bfb-7bc0-413b-9ba8-6a78ff6325b1/call-BamToGvcf/VariantCalling/5b8f550e-3447-4d42-8f2c-f8f7b00d3ef3/call-HaplotypeCallerGATK4/shard-31 \
  -v /mnt/nas1/projects/lasr/blendseq:/mnt/nas1/projects/lasr/blendseq \
  us.gcr.io/broad-gatk/gatk@sha256:c88912855b845bd40c6b4bc8f3dd1d4b333ed2549cd3e8386987ee7c0c284f5a /cromwell-executions1/WholeGenomeGermlineSingleSample/06160bfb-7bc0-413b-9ba8-6a78ff6325b1/call-BamToGvcf/VariantCalling/5b8f550e-3447-4d42-8f2c-f8f7b00d3ef3/call-HaplotypeCallerGATK4/shard-31/execution/script

# get the return code (working even if the container was detached)
rc=$(docker wait [38;5;5mcat /home/darja/workflow/cromwell-executions1/WholeGenomeGermlineSingleSample/06160bfb-7bc0-413b-9ba8-6a78ff6325b1/call-BamToGvcf/VariantCalling/5b8f550e-3447-4d42-8f2c-f8f7b00d3ef3/call-HaplotypeCallerGATK4/shard-31/execution/docker_cid[0m)

# remove the container after waiting
docker rm [38;5;5mcat /home/darja/workflow/cromwell-executions1/WholeGenomeGermlineSingleSample/06160bfb-7bc0-413b-9ba8-6a78ff6325b1/call-BamToGvcf/VariantCalling/5b8f550e-3447-4d42-8f2c-f8f7b00d3ef3/call-HaplotypeCallerGATK4/shard-31/execution/docker_cid[0m

# return exit code
exit $rc
[2026-02-25 10:26:50,85] [info] 5b8f550e-3447-4d42-8f2c-f8f7b00d3ef3-SubWorkflowActor-SubWorkflow-BamToGvcf:-1:1 [[38;5;2m5b8f550e[0m]: Starting VariantCalling.DragenHardFilterVcf
[2026-02-25 10:26:54,34] [info] BackgroundConfigAsyncJobExecutionActor [[38;5;2m5b8f550e[0mVariantCalling.HaplotypeCallerGATK4:31:1]: job id: 101386
[2026-02-25 10:26:54,34] [info] BackgroundConfigAsyncJobExecutionActor [[38;5;2m5b8f550e[0mVariantCalling.HaplotypeCallerGATK4:31:1]: Status change from - to WaitingForReturnCode
[2026-02-25 10:58:00,94] [info] BackgroundConfigAsyncJobExecutionActor [[38;5;2m5b8f550e[0mVariantCalling.HaplotypeCallerGATK4:31:1]: Status change from WaitingForReturnCode to Done
[2026-02-25 10:58:02,57] [info] 5b8f550e-3447-4d42-8f2c-f8f7b00d3ef3-SubWorkflowActor-SubWorkflow-BamToGvcf:-1:1 [[38;5;2m5b8f550e[0m]: Starting VariantCalling.DragenHardFilterVcf
[2026-02-25 10:58:09,46] [info] Assigned new job execution tokens to the following groups: 06160bfb: 1
[2026-02-25 10:58:09,48] [[38;5;220mwarn[0m] BackgroundConfigAsyncJobExecutionActor [[38;5;2m5b8f550e[0mVariantCalling.HaplotypeCallerGATK4:40:1]: Unrecognized runtime attribute keys: preemptible, bootDiskSizeGb, disks, cpu, memory
[2026-02-25 10:58:09,50] [info] BackgroundConfigAsyncJobExecutionActor [[38;5;2m5b8f550e[0mVariantCalling.HaplotypeCallerGATK4:40:1]: [38;5;5mset -e

# We need at least 1 GB of available memory outside of the Java heap in order to execute native code, thus, limit
# Java's memory by the total memory minus 1 GB. We need to compute the total memory as it might differ from
# memory_size_gb because of Cromwell's retry with more memory feature.
mem_unit=$(echo "${MEM_UNIT:-}" | cut -c 1)

if [[ $mem_unit == "M" ]]; then
  available_memory_mb=$(awk "BEGIN {print int($MEM_SIZE)}")
elif [[ $mem_unit == "G" ]]; then
  available_memory_mb=$(awk "BEGIN {print int($MEM_SIZE * 1024)}")
else
  available_memory_mb=$(free -m | awk '/^Mem/ {print $2}')
fi

let java_memory_size_mb=available_memory_mb-1024
echo Total available memory: ${available_memory_mb} MB >&2
echo Memory reserved for Java: ${java_memory_size_mb} MB >&2

gatk --java-options "-Xmx150000m -Xms150000m -XX:GCTimeLimit=50 -XX:GCHeapFreeLimit=10" \
  HaplotypeCaller \
  -R /cromwell-executions1/WholeGenomeGermlineSingleSample/06160bfb-7bc0-413b-9ba8-6a78ff6325b1/call-BamToGvcf/VariantCalling/5b8f550e-3447-4d42-8f2c-f8f7b00d3ef3/call-HaplotypeCallerGATK4/shard-40/inputs/-1569105944/Homo_sapiens_assembly38_masked.fasta \
  -I /cromwell-executions1/WholeGenomeGermlineSingleSample/06160bfb-7bc0-413b-9ba8-6a78ff6325b1/call-BamToGvcf/VariantCalling/5b8f550e-3447-4d42-8f2c-f8f7b00d3ef3/call-HaplotypeCallerGATK4/shard-40/inputs/-2128441055/ERR3687419_ILMN.bam \
  -L /cromwell-executions1/WholeGenomeGermlineSingleSample/06160bfb-7bc0-413b-9ba8-6a78ff6325b1/call-BamToGvcf/VariantCalling/5b8f550e-3447-4d42-8f2c-f8f7b00d3ef3/call-HaplotypeCallerGATK4/shard-40/inputs/-661313523/47scattered.interval_list \
  -O ERR3687419_ILMN.g.vcf.gz \
  -contamination 0.0 \
  -G StandardAnnotation -G StandardHCAnnotation -G AS_StandardAnnotation \
  --dragen-mode \
   \
  --dragstr-params-path /cromwell-executions1/WholeGenomeGermlineSingleSample/06160bfb-7bc0-413b-9ba8-6a78ff6325b1/call-BamToGvcf/VariantCalling/5b8f550e-3447-4d42-8f2c-f8f7b00d3ef3/call-HaplotypeCallerGATK4/shard-40/inputs/-463548327/ERR3687419_ILMN.bam.dragstr \
  -GQB 10 -GQB 20 -GQB 30 -GQB 40 -GQB 50 -GQB 60 -GQB 70 -GQB 80 -GQB 90 \
  -ERC GVCF \
  

# Cromwell doesn't like optional task outputs, so we have to touch this file.
touch ERR3687419_ILMN.bamout.bam[0m
[2026-02-25 10:58:09,50] [info] BackgroundConfigAsyncJobExecutionActor [[38;5;2m5b8f550e[0mVariantCalling.HaplotypeCallerGATK4:40:1]: executing: # make sure there is no preexisting Docker CID file
rm -f /home/darja/workflow/cromwell-executions1/WholeGenomeGermlineSingleSample/06160bfb-7bc0-413b-9ba8-6a78ff6325b1/call-BamToGvcf/VariantCalling/5b8f550e-3447-4d42-8f2c-f8f7b00d3ef3/call-HaplotypeCallerGATK4/shard-40/execution/docker_cid
# run as in the original configuration without --rm flag (will remove later)
docker run \
  --cidfile /home/darja/workflow/cromwell-executions1/WholeGenomeGermlineSingleSample/06160bfb-7bc0-413b-9ba8-6a78ff6325b1/call-BamToGvcf/VariantCalling/5b8f550e-3447-4d42-8f2c-f8f7b00d3ef3/call-HaplotypeCallerGATK4/shard-40/execution/docker_cid \
  -i \
  --user 1027:1028 \
  --cpus="64" \
  --memory="350G" \
  --entrypoint /bin/bash \
  -v /home/darja/workflow/cromwell-executions1/WholeGenomeGermlineSingleSample/06160bfb-7bc0-413b-9ba8-6a78ff6325b1/call-BamToGvcf/VariantCalling/5b8f550e-3447-4d42-8f2c-f8f7b00d3ef3/call-HaplotypeCallerGATK4/shard-40:/cromwell-executions1/WholeGenomeGermlineSingleSample/06160bfb-7bc0-413b-9ba8-6a78ff6325b1/call-BamToGvcf/VariantCalling/5b8f550e-3447-4d42-8f2c-f8f7b00d3ef3/call-HaplotypeCallerGATK4/shard-40 \
  -v /mnt/nas1/projects/lasr/blendseq:/mnt/nas1/projects/lasr/blendseq \
  us.gcr.io/broad-gatk/gatk@sha256:c88912855b845bd40c6b4bc8f3dd1d4b333ed2549cd3e8386987ee7c0c284f5a /cromwell-executions1/WholeGenomeGermlineSingleSample/06160bfb-7bc0-413b-9ba8-6a78ff6325b1/call-BamToGvcf/VariantCalling/5b8f550e-3447-4d42-8f2c-f8f7b00d3ef3/call-HaplotypeCallerGATK4/shard-40/execution/script

# get the return code (working even if the container was detached)
rc=$(docker wait [38;5;5mcat /home/darja/workflow/cromwell-executions1/WholeGenomeGermlineSingleSample/06160bfb-7bc0-413b-9ba8-6a78ff6325b1/call-BamToGvcf/VariantCalling/5b8f550e-3447-4d42-8f2c-f8f7b00d3ef3/call-HaplotypeCallerGATK4/shard-40/execution/docker_cid[0m)

# remove the container after waiting
docker rm [38;5;5mcat /home/darja/workflow/cromwell-executions1/WholeGenomeGermlineSingleSample/06160bfb-7bc0-413b-9ba8-6a78ff6325b1/call-BamToGvcf/VariantCalling/5b8f550e-3447-4d42-8f2c-f8f7b00d3ef3/call-HaplotypeCallerGATK4/shard-40/execution/docker_cid[0m

# return exit code
exit $rc
[2026-02-25 10:58:14,34] [info] BackgroundConfigAsyncJobExecutionActor [[38;5;2m5b8f550e[0mVariantCalling.HaplotypeCallerGATK4:40:1]: job id: 101952
[2026-02-25 10:58:14,34] [info] BackgroundConfigAsyncJobExecutionActor [[38;5;2m5b8f550e[0mVariantCalling.HaplotypeCallerGATK4:40:1]: Status change from - to WaitingForReturnCode
[2026-02-25 11:36:39,32] [info] BackgroundConfigAsyncJobExecutionActor [[38;5;2m5b8f550e[0mVariantCalling.HaplotypeCallerGATK4:40:1]: Status change from WaitingForReturnCode to Done
[2026-02-25 11:36:39,46] [info] Assigned new job execution tokens to the following groups: 06160bfb: 1
[2026-02-25 11:36:39,48] [[38;5;220mwarn[0m] BackgroundConfigAsyncJobExecutionActor [[38;5;2m5b8f550e[0mVariantCalling.HaplotypeCallerGATK4:42:1]: Unrecognized runtime attribute keys: preemptible, bootDiskSizeGb, disks, cpu, memory
[2026-02-25 11:36:39,49] [info] BackgroundConfigAsyncJobExecutionActor [[38;5;2m5b8f550e[0mVariantCalling.HaplotypeCallerGATK4:42:1]: [38;5;5mset -e

# We need at least 1 GB of available memory outside of the Java heap in order to execute native code, thus, limit
# Java's memory by the total memory minus 1 GB. We need to compute the total memory as it might differ from
# memory_size_gb because of Cromwell's retry with more memory feature.
mem_unit=$(echo "${MEM_UNIT:-}" | cut -c 1)

if [[ $mem_unit == "M" ]]; then
  available_memory_mb=$(awk "BEGIN {print int($MEM_SIZE)}")
elif [[ $mem_unit == "G" ]]; then
  available_memory_mb=$(awk "BEGIN {print int($MEM_SIZE * 1024)}")
else
  available_memory_mb=$(free -m | awk '/^Mem/ {print $2}')
fi

let java_memory_size_mb=available_memory_mb-1024
echo Total available memory: ${available_memory_mb} MB >&2
echo Memory reserved for Java: ${java_memory_size_mb} MB >&2

gatk --java-options "-Xmx150000m -Xms150000m -XX:GCTimeLimit=50 -XX:GCHeapFreeLimit=10" \
  HaplotypeCaller \
  -R /cromwell-executions1/WholeGenomeGermlineSingleSample/06160bfb-7bc0-413b-9ba8-6a78ff6325b1/call-BamToGvcf/VariantCalling/5b8f550e-3447-4d42-8f2c-f8f7b00d3ef3/call-HaplotypeCallerGATK4/shard-42/inputs/-1569105944/Homo_sapiens_assembly38_masked.fasta \
  -I /cromwell-executions1/WholeGenomeGermlineSingleSample/06160bfb-7bc0-413b-9ba8-6a78ff6325b1/call-BamToGvcf/VariantCalling/5b8f550e-3447-4d42-8f2c-f8f7b00d3ef3/call-HaplotypeCallerGATK4/shard-42/inputs/-2128441055/ERR3687419_ILMN.bam \
  -L /cromwell-executions1/WholeGenomeGermlineSingleSample/06160bfb-7bc0-413b-9ba8-6a78ff6325b1/call-BamToGvcf/VariantCalling/5b8f550e-3447-4d42-8f2c-f8f7b00d3ef3/call-HaplotypeCallerGATK4/shard-42/inputs/-661313523/49scattered.interval_list \
  -O ERR3687419_ILMN.g.vcf.gz \
  -contamination 0.0 \
  -G StandardAnnotation -G StandardHCAnnotation -G AS_StandardAnnotation \
  --dragen-mode \
   \
  --dragstr-params-path /cromwell-executions1/WholeGenomeGermlineSingleSample/06160bfb-7bc0-413b-9ba8-6a78ff6325b1/call-BamToGvcf/VariantCalling/5b8f550e-3447-4d42-8f2c-f8f7b00d3ef3/call-HaplotypeCallerGATK4/shard-42/inputs/-463548327/ERR3687419_ILMN.bam.dragstr \
  -GQB 10 -GQB 20 -GQB 30 -GQB 40 -GQB 50 -GQB 60 -GQB 70 -GQB 80 -GQB 90 \
  -ERC GVCF \
  

# Cromwell doesn't like optional task outputs, so we have to touch this file.
touch ERR3687419_ILMN.bamout.bam[0m
[2026-02-25 11:36:39,49] [info] BackgroundConfigAsyncJobExecutionActor [[38;5;2m5b8f550e[0mVariantCalling.HaplotypeCallerGATK4:42:1]: executing: # make sure there is no preexisting Docker CID file
rm -f /home/darja/workflow/cromwell-executions1/WholeGenomeGermlineSingleSample/06160bfb-7bc0-413b-9ba8-6a78ff6325b1/call-BamToGvcf/VariantCalling/5b8f550e-3447-4d42-8f2c-f8f7b00d3ef3/call-HaplotypeCallerGATK4/shard-42/execution/docker_cid
# run as in the original configuration without --rm flag (will remove later)
docker run \
  --cidfile /home/darja/workflow/cromwell-executions1/WholeGenomeGermlineSingleSample/06160bfb-7bc0-413b-9ba8-6a78ff6325b1/call-BamToGvcf/VariantCalling/5b8f550e-3447-4d42-8f2c-f8f7b00d3ef3/call-HaplotypeCallerGATK4/shard-42/execution/docker_cid \
  -i \
  --user 1027:1028 \
  --cpus="64" \
  --memory="350G" \
  --entrypoint /bin/bash \
  -v /home/darja/workflow/cromwell-executions1/WholeGenomeGermlineSingleSample/06160bfb-7bc0-413b-9ba8-6a78ff6325b1/call-BamToGvcf/VariantCalling/5b8f550e-3447-4d42-8f2c-f8f7b00d3ef3/call-HaplotypeCallerGATK4/shard-42:/cromwell-executions1/WholeGenomeGermlineSingleSample/06160bfb-7bc0-413b-9ba8-6a78ff6325b1/call-BamToGvcf/VariantCalling/5b8f550e-3447-4d42-8f2c-f8f7b00d3ef3/call-HaplotypeCallerGATK4/shard-42 \
  -v /mnt/nas1/projects/lasr/blendseq:/mnt/nas1/projects/lasr/blendseq \
  us.gcr.io/broad-gatk/gatk@sha256:c88912855b845bd40c6b4bc8f3dd1d4b333ed2549cd3e8386987ee7c0c284f5a /cromwell-executions1/WholeGenomeGermlineSingleSample/06160bfb-7bc0-413b-9ba8-6a78ff6325b1/call-BamToGvcf/VariantCalling/5b8f550e-3447-4d42-8f2c-f8f7b00d3ef3/call-HaplotypeCallerGATK4/shard-42/execution/script

# get the return code (working even if the container was detached)
rc=$(docker wait [38;5;5mcat /home/darja/workflow/cromwell-executions1/WholeGenomeGermlineSingleSample/06160bfb-7bc0-413b-9ba8-6a78ff6325b1/call-BamToGvcf/VariantCalling/5b8f550e-3447-4d42-8f2c-f8f7b00d3ef3/call-HaplotypeCallerGATK4/shard-42/execution/docker_cid[0m)

# remove the container after waiting
docker rm [38;5;5mcat /home/darja/workflow/cromwell-executions1/WholeGenomeGermlineSingleSample/06160bfb-7bc0-413b-9ba8-6a78ff6325b1/call-BamToGvcf/VariantCalling/5b8f550e-3447-4d42-8f2c-f8f7b00d3ef3/call-HaplotypeCallerGATK4/shard-42/execution/docker_cid[0m

# return exit code
exit $rc
[2026-02-25 11:36:41,05] [info] 5b8f550e-3447-4d42-8f2c-f8f7b00d3ef3-SubWorkflowActor-SubWorkflow-BamToGvcf:-1:1 [[38;5;2m5b8f550e[0m]: Starting VariantCalling.DragenHardFilterVcf
[2026-02-25 11:36:44,34] [info] BackgroundConfigAsyncJobExecutionActor [[38;5;2m5b8f550e[0mVariantCalling.HaplotypeCallerGATK4:42:1]: job id: 102552
[2026-02-25 11:36:44,35] [info] BackgroundConfigAsyncJobExecutionActor [[38;5;2m5b8f550e[0mVariantCalling.HaplotypeCallerGATK4:42:1]: Status change from - to WaitingForReturnCode
[2026-02-25 11:48:34,44] [info] BackgroundConfigAsyncJobExecutionActor [[38;5;2m5b8f550e[0mVariantCalling.HaplotypeCallerGATK4:42:1]: Status change from WaitingForReturnCode to Done
[2026-02-25 11:48:36,09] [info] 5b8f550e-3447-4d42-8f2c-f8f7b00d3ef3-SubWorkflowActor-SubWorkflow-BamToGvcf:-1:1 [[38;5;2m5b8f550e[0m]: Starting VariantCalling.DragenHardFilterVcf
[2026-02-25 11:48:39,46] [info] Assigned new job execution tokens to the following groups: 06160bfb: 1
[2026-02-25 11:48:39,48] [[38;5;220mwarn[0m] BackgroundConfigAsyncJobExecutionActor [[38;5;2m5b8f550e[0mVariantCalling.HaplotypeCallerGATK4:4:1]: Unrecognized runtime attribute keys: preemptible, bootDiskSizeGb, disks, cpu, memory
[2026-02-25 11:48:39,51] [info] BackgroundConfigAsyncJobExecutionActor [[38;5;2m5b8f550e[0mVariantCalling.HaplotypeCallerGATK4:4:1]: [38;5;5mset -e

# We need at least 1 GB of available memory outside of the Java heap in order to execute native code, thus, limit
# Java's memory by the total memory minus 1 GB. We need to compute the total memory as it might differ from
# memory_size_gb because of Cromwell's retry with more memory feature.
mem_unit=$(echo "${MEM_UNIT:-}" | cut -c 1)

if [[ $mem_unit == "M" ]]; then
  available_memory_mb=$(awk "BEGIN {print int($MEM_SIZE)}")
elif [[ $mem_unit == "G" ]]; then
  available_memory_mb=$(awk "BEGIN {print int($MEM_SIZE * 1024)}")
else
  available_memory_mb=$(free -m | awk '/^Mem/ {print $2}')
fi

let java_memory_size_mb=available_memory_mb-1024
echo Total available memory: ${available_memory_mb} MB >&2
echo Memory reserved for Java: ${java_memory_size_mb} MB >&2

gatk --java-options "-Xmx150000m -Xms150000m -XX:GCTimeLimit=50 -XX:GCHeapFreeLimit=10" \
  HaplotypeCaller \
  -R /cromwell-executions1/WholeGenomeGermlineSingleSample/06160bfb-7bc0-413b-9ba8-6a78ff6325b1/call-BamToGvcf/VariantCalling/5b8f550e-3447-4d42-8f2c-f8f7b00d3ef3/call-HaplotypeCallerGATK4/shard-4/inputs/-1569105944/Homo_sapiens_assembly38_masked.fasta \
  -I /cromwell-executions1/WholeGenomeGermlineSingleSample/06160bfb-7bc0-413b-9ba8-6a78ff6325b1/call-BamToGvcf/VariantCalling/5b8f550e-3447-4d42-8f2c-f8f7b00d3ef3/call-HaplotypeCallerGATK4/shard-4/inputs/-2128441055/ERR3687419_ILMN.bam \
  -L /cromwell-executions1/WholeGenomeGermlineSingleSample/06160bfb-7bc0-413b-9ba8-6a78ff6325b1/call-BamToGvcf/VariantCalling/5b8f550e-3447-4d42-8f2c-f8f7b00d3ef3/call-HaplotypeCallerGATK4/shard-4/inputs/-661313523/14scattered.interval_list \
  -O ERR3687419_ILMN.g.vcf.gz \
  -contamination 0.0 \
  -G StandardAnnotation -G StandardHCAnnotation -G AS_StandardAnnotation \
  --dragen-mode \
   \
  --dragstr-params-path /cromwell-executions1/WholeGenomeGermlineSingleSample/06160bfb-7bc0-413b-9ba8-6a78ff6325b1/call-BamToGvcf/VariantCalling/5b8f550e-3447-4d42-8f2c-f8f7b00d3ef3/call-HaplotypeCallerGATK4/shard-4/inputs/-463548327/ERR3687419_ILMN.bam.dragstr \
  -GQB 10 -GQB 20 -GQB 30 -GQB 40 -GQB 50 -GQB 60 -GQB 70 -GQB 80 -GQB 90 \
  -ERC GVCF \
  

# Cromwell doesn't like optional task outputs, so we have to touch this file.
touch ERR3687419_ILMN.bamout.bam[0m
[2026-02-25 11:48:39,52] [info] BackgroundConfigAsyncJobExecutionActor [[38;5;2m5b8f550e[0mVariantCalling.HaplotypeCallerGATK4:4:1]: executing: # make sure there is no preexisting Docker CID file
rm -f /home/darja/workflow/cromwell-executions1/WholeGenomeGermlineSingleSample/06160bfb-7bc0-413b-9ba8-6a78ff6325b1/call-BamToGvcf/VariantCalling/5b8f550e-3447-4d42-8f2c-f8f7b00d3ef3/call-HaplotypeCallerGATK4/shard-4/execution/docker_cid
# run as in the original configuration without --rm flag (will remove later)
docker run \
  --cidfile /home/darja/workflow/cromwell-executions1/WholeGenomeGermlineSingleSample/06160bfb-7bc0-413b-9ba8-6a78ff6325b1/call-BamToGvcf/VariantCalling/5b8f550e-3447-4d42-8f2c-f8f7b00d3ef3/call-HaplotypeCallerGATK4/shard-4/execution/docker_cid \
  -i \
  --user 1027:1028 \
  --cpus="64" \
  --memory="350G" \
  --entrypoint /bin/bash \
  -v /home/darja/workflow/cromwell-executions1/WholeGenomeGermlineSingleSample/06160bfb-7bc0-413b-9ba8-6a78ff6325b1/call-BamToGvcf/VariantCalling/5b8f550e-3447-4d42-8f2c-f8f7b00d3ef3/call-HaplotypeCallerGATK4/shard-4:/cromwell-executions1/WholeGenomeGermlineSingleSample/06160bfb-7bc0-413b-9ba8-6a78ff6325b1/call-BamToGvcf/VariantCalling/5b8f550e-3447-4d42-8f2c-f8f7b00d3ef3/call-HaplotypeCallerGATK4/shard-4 \
  -v /mnt/nas1/projects/lasr/blendseq:/mnt/nas1/projects/lasr/blendseq \
  us.gcr.io/broad-gatk/gatk@sha256:c88912855b845bd40c6b4bc8f3dd1d4b333ed2549cd3e8386987ee7c0c284f5a /cromwell-executions1/WholeGenomeGermlineSingleSample/06160bfb-7bc0-413b-9ba8-6a78ff6325b1/call-BamToGvcf/VariantCalling/5b8f550e-3447-4d42-8f2c-f8f7b00d3ef3/call-HaplotypeCallerGATK4/shard-4/execution/script

# get the return code (working even if the container was detached)
rc=$(docker wait [38;5;5mcat /home/darja/workflow/cromwell-executions1/WholeGenomeGermlineSingleSample/06160bfb-7bc0-413b-9ba8-6a78ff6325b1/call-BamToGvcf/VariantCalling/5b8f550e-3447-4d42-8f2c-f8f7b00d3ef3/call-HaplotypeCallerGATK4/shard-4/execution/docker_cid[0m)

# remove the container after waiting
docker rm [38;5;5mcat /home/darja/workflow/cromwell-executions1/WholeGenomeGermlineSingleSample/06160bfb-7bc0-413b-9ba8-6a78ff6325b1/call-BamToGvcf/VariantCalling/5b8f550e-3447-4d42-8f2c-f8f7b00d3ef3/call-HaplotypeCallerGATK4/shard-4/execution/docker_cid[0m

# return exit code
exit $rc
[2026-02-25 11:48:44,34] [info] BackgroundConfigAsyncJobExecutionActor [[38;5;2m5b8f550e[0mVariantCalling.HaplotypeCallerGATK4:4:1]: job id: 103082
[2026-02-25 11:48:44,34] [info] BackgroundConfigAsyncJobExecutionActor [[38;5;2m5b8f550e[0mVariantCalling.HaplotypeCallerGATK4:4:1]: Status change from - to WaitingForReturnCode
[2026-02-25 12:13:26,42] [info] BackgroundConfigAsyncJobExecutionActor [[38;5;2m5b8f550e[0mVariantCalling.HaplotypeCallerGATK4:4:1]: Status change from WaitingForReturnCode to Done
[2026-02-25 12:13:28,37] [info] 5b8f550e-3447-4d42-8f2c-f8f7b00d3ef3-SubWorkflowActor-SubWorkflow-BamToGvcf:-1:1 [[38;5;2m5b8f550e[0m]: Starting VariantCalling.DragenHardFilterVcf
[2026-02-25 12:13:29,46] [info] Assigned new job execution tokens to the following groups: 06160bfb: 1
[2026-02-25 12:13:29,48] [[38;5;220mwarn[0m] BackgroundConfigAsyncJobExecutionActor [[38;5;2m5b8f550e[0mVariantCalling.HaplotypeCallerGATK4:6:1]: Unrecognized runtime attribute keys: preemptible, bootDiskSizeGb, disks, cpu, memory
[2026-02-25 12:13:29,50] [info] BackgroundConfigAsyncJobExecutionActor [[38;5;2m5b8f550e[0mVariantCalling.HaplotypeCallerGATK4:6:1]: [38;5;5mset -e

# We need at least 1 GB of available memory outside of the Java heap in order to execute native code, thus, limit
# Java's memory by the total memory minus 1 GB. We need to compute the total memory as it might differ from
# memory_size_gb because of Cromwell's retry with more memory feature.
mem_unit=$(echo "${MEM_UNIT:-}" | cut -c 1)

if [[ $mem_unit == "M" ]]; then
  available_memory_mb=$(awk "BEGIN {print int($MEM_SIZE)}")
elif [[ $mem_unit == "G" ]]; then
  available_memory_mb=$(awk "BEGIN {print int($MEM_SIZE * 1024)}")
else
  available_memory_mb=$(free -m | awk '/^Mem/ {print $2}')
fi

let java_memory_size_mb=available_memory_mb-1024
echo Total available memory: ${available_memory_mb} MB >&2
echo Memory reserved for Java: ${java_memory_size_mb} MB >&2

gatk --java-options "-Xmx150000m -Xms150000m -XX:GCTimeLimit=50 -XX:GCHeapFreeLimit=10" \
  HaplotypeCaller \
  -R /cromwell-executions1/WholeGenomeGermlineSingleSample/06160bfb-7bc0-413b-9ba8-6a78ff6325b1/call-BamToGvcf/VariantCalling/5b8f550e-3447-4d42-8f2c-f8f7b00d3ef3/call-HaplotypeCallerGATK4/shard-6/inputs/-1569105944/Homo_sapiens_assembly38_masked.fasta \
  -I /cromwell-executions1/WholeGenomeGermlineSingleSample/06160bfb-7bc0-413b-9ba8-6a78ff6325b1/call-BamToGvcf/VariantCalling/5b8f550e-3447-4d42-8f2c-f8f7b00d3ef3/call-HaplotypeCallerGATK4/shard-6/inputs/-2128441055/ERR3687419_ILMN.bam \
  -L /cromwell-executions1/WholeGenomeGermlineSingleSample/06160bfb-7bc0-413b-9ba8-6a78ff6325b1/call-BamToGvcf/VariantCalling/5b8f550e-3447-4d42-8f2c-f8f7b00d3ef3/call-HaplotypeCallerGATK4/shard-6/inputs/-661313523/16scattered.interval_list \
  -O ERR3687419_ILMN.g.vcf.gz \
  -contamination 0.0 \
  -G StandardAnnotation -G StandardHCAnnotation -G AS_StandardAnnotation \
  --dragen-mode \
   \
  --dragstr-params-path /cromwell-executions1/WholeGenomeGermlineSingleSample/06160bfb-7bc0-413b-9ba8-6a78ff6325b1/call-BamToGvcf/VariantCalling/5b8f550e-3447-4d42-8f2c-f8f7b00d3ef3/call-HaplotypeCallerGATK4/shard-6/inputs/-463548327/ERR3687419_ILMN.bam.dragstr \
  -GQB 10 -GQB 20 -GQB 30 -GQB 40 -GQB 50 -GQB 60 -GQB 70 -GQB 80 -GQB 90 \
  -ERC GVCF \
  

# Cromwell doesn't like optional task outputs, so we have to touch this file.
touch ERR3687419_ILMN.bamout.bam[0m
[2026-02-25 12:13:29,50] [info] BackgroundConfigAsyncJobExecutionActor [[38;5;2m5b8f550e[0mVariantCalling.HaplotypeCallerGATK4:6:1]: executing: # make sure there is no preexisting Docker CID file
rm -f /home/darja/workflow/cromwell-executions1/WholeGenomeGermlineSingleSample/06160bfb-7bc0-413b-9ba8-6a78ff6325b1/call-BamToGvcf/VariantCalling/5b8f550e-3447-4d42-8f2c-f8f7b00d3ef3/call-HaplotypeCallerGATK4/shard-6/execution/docker_cid
# run as in the original configuration without --rm flag (will remove later)
docker run \
  --cidfile /home/darja/workflow/cromwell-executions1/WholeGenomeGermlineSingleSample/06160bfb-7bc0-413b-9ba8-6a78ff6325b1/call-BamToGvcf/VariantCalling/5b8f550e-3447-4d42-8f2c-f8f7b00d3ef3/call-HaplotypeCallerGATK4/shard-6/execution/docker_cid \
  -i \
  --user 1027:1028 \
  --cpus="64" \
  --memory="350G" \
  --entrypoint /bin/bash \
  -v /home/darja/workflow/cromwell-executions1/WholeGenomeGermlineSingleSample/06160bfb-7bc0-413b-9ba8-6a78ff6325b1/call-BamToGvcf/VariantCalling/5b8f550e-3447-4d42-8f2c-f8f7b00d3ef3/call-HaplotypeCallerGATK4/shard-6:/cromwell-executions1/WholeGenomeGermlineSingleSample/06160bfb-7bc0-413b-9ba8-6a78ff6325b1/call-BamToGvcf/VariantCalling/5b8f550e-3447-4d42-8f2c-f8f7b00d3ef3/call-HaplotypeCallerGATK4/shard-6 \
  -v /mnt/nas1/projects/lasr/blendseq:/mnt/nas1/projects/lasr/blendseq \
  us.gcr.io/broad-gatk/gatk@sha256:c88912855b845bd40c6b4bc8f3dd1d4b333ed2549cd3e8386987ee7c0c284f5a /cromwell-executions1/WholeGenomeGermlineSingleSample/06160bfb-7bc0-413b-9ba8-6a78ff6325b1/call-BamToGvcf/VariantCalling/5b8f550e-3447-4d42-8f2c-f8f7b00d3ef3/call-HaplotypeCallerGATK4/shard-6/execution/script

# get the return code (working even if the container was detached)
rc=$(docker wait [38;5;5mcat /home/darja/workflow/cromwell-executions1/WholeGenomeGermlineSingleSample/06160bfb-7bc0-413b-9ba8-6a78ff6325b1/call-BamToGvcf/VariantCalling/5b8f550e-3447-4d42-8f2c-f8f7b00d3ef3/call-HaplotypeCallerGATK4/shard-6/execution/docker_cid[0m)

# remove the container after waiting
docker rm [38;5;5mcat /home/darja/workflow/cromwell-executions1/WholeGenomeGermlineSingleSample/06160bfb-7bc0-413b-9ba8-6a78ff6325b1/call-BamToGvcf/VariantCalling/5b8f550e-3447-4d42-8f2c-f8f7b00d3ef3/call-HaplotypeCallerGATK4/shard-6/execution/docker_cid[0m

# return exit code
exit $rc
[2026-02-25 12:13:34,34] [info] BackgroundConfigAsyncJobExecutionActor [[38;5;2m5b8f550e[0mVariantCalling.HaplotypeCallerGATK4:6:1]: job id: 103591
[2026-02-25 12:13:34,34] [info] BackgroundConfigAsyncJobExecutionActor [[38;5;2m5b8f550e[0mVariantCalling.HaplotypeCallerGATK4:6:1]: Status change from - to WaitingForReturnCode
[2026-02-25 12:42:24,59] [info] BackgroundConfigAsyncJobExecutionActor [[38;5;2m5b8f550e[0mVariantCalling.HaplotypeCallerGATK4:6:1]: Status change from WaitingForReturnCode to Done
[2026-02-25 12:42:26,47] [info] 5b8f550e-3447-4d42-8f2c-f8f7b00d3ef3-SubWorkflowActor-SubWorkflow-BamToGvcf:-1:1 [[38;5;2m5b8f550e[0m]: Starting VariantCalling.DragenHardFilterVcf
[2026-02-25 12:42:29,46] [info] Assigned new job execution tokens to the following groups: 06160bfb: 1
[2026-02-25 12:42:29,48] [[38;5;220mwarn[0m] BackgroundConfigAsyncJobExecutionActor [[38;5;2m5b8f550e[0mVariantCalling.HaplotypeCallerGATK4:36:1]: Unrecognized runtime attribute keys: preemptible, bootDiskSizeGb, disks, cpu, memory
[2026-02-25 12:42:29,50] [info] BackgroundConfigAsyncJobExecutionActor [[38;5;2m5b8f550e[0mVariantCalling.HaplotypeCallerGATK4:36:1]: [38;5;5mset -e

# We need at least 1 GB of available memory outside of the Java heap in order to execute native code, thus, limit
# Java's memory by the total memory minus 1 GB. We need to compute the total memory as it might differ from
# memory_size_gb because of Cromwell's retry with more memory feature.
mem_unit=$(echo "${MEM_UNIT:-}" | cut -c 1)

if [[ $mem_unit == "M" ]]; then
  available_memory_mb=$(awk "BEGIN {print int($MEM_SIZE)}")
elif [[ $mem_unit == "G" ]]; then
  available_memory_mb=$(awk "BEGIN {print int($MEM_SIZE * 1024)}")
else
  available_memory_mb=$(free -m | awk '/^Mem/ {print $2}')
fi

let java_memory_size_mb=available_memory_mb-1024
echo Total available memory: ${available_memory_mb} MB >&2
echo Memory reserved for Java: ${java_memory_size_mb} MB >&2

gatk --java-options "-Xmx150000m -Xms150000m -XX:GCTimeLimit=50 -XX:GCHeapFreeLimit=10" \
  HaplotypeCaller \
  -R /cromwell-executions1/WholeGenomeGermlineSingleSample/06160bfb-7bc0-413b-9ba8-6a78ff6325b1/call-BamToGvcf/VariantCalling/5b8f550e-3447-4d42-8f2c-f8f7b00d3ef3/call-HaplotypeCallerGATK4/shard-36/inputs/-1569105944/Homo_sapiens_assembly38_masked.fasta \
  -I /cromwell-executions1/WholeGenomeGermlineSingleSample/06160bfb-7bc0-413b-9ba8-6a78ff6325b1/call-BamToGvcf/VariantCalling/5b8f550e-3447-4d42-8f2c-f8f7b00d3ef3/call-HaplotypeCallerGATK4/shard-36/inputs/-2128441055/ERR3687419_ILMN.bam \
  -L /cromwell-executions1/WholeGenomeGermlineSingleSample/06160bfb-7bc0-413b-9ba8-6a78ff6325b1/call-BamToGvcf/VariantCalling/5b8f550e-3447-4d42-8f2c-f8f7b00d3ef3/call-HaplotypeCallerGATK4/shard-36/inputs/-661313523/43scattered.interval_list \
  -O ERR3687419_ILMN.g.vcf.gz \
  -contamination 0.0 \
  -G StandardAnnotation -G StandardHCAnnotation -G AS_StandardAnnotation \
  --dragen-mode \
   \
  --dragstr-params-path /cromwell-executions1/WholeGenomeGermlineSingleSample/06160bfb-7bc0-413b-9ba8-6a78ff6325b1/call-BamToGvcf/VariantCalling/5b8f550e-3447-4d42-8f2c-f8f7b00d3ef3/call-HaplotypeCallerGATK4/shard-36/inputs/-463548327/ERR3687419_ILMN.bam.dragstr \
  -GQB 10 -GQB 20 -GQB 30 -GQB 40 -GQB 50 -GQB 60 -GQB 70 -GQB 80 -GQB 90 \
  -ERC GVCF \
  

# Cromwell doesn't like optional task outputs, so we have to touch this file.
touch ERR3687419_ILMN.bamout.bam[0m
[2026-02-25 12:42:29,50] [info] BackgroundConfigAsyncJobExecutionActor [[38;5;2m5b8f550e[0mVariantCalling.HaplotypeCallerGATK4:36:1]: executing: # make sure there is no preexisting Docker CID file
rm -f /home/darja/workflow/cromwell-executions1/WholeGenomeGermlineSingleSample/06160bfb-7bc0-413b-9ba8-6a78ff6325b1/call-BamToGvcf/VariantCalling/5b8f550e-3447-4d42-8f2c-f8f7b00d3ef3/call-HaplotypeCallerGATK4/shard-36/execution/docker_cid
# run as in the original configuration without --rm flag (will remove later)
docker run \
  --cidfile /home/darja/workflow/cromwell-executions1/WholeGenomeGermlineSingleSample/06160bfb-7bc0-413b-9ba8-6a78ff6325b1/call-BamToGvcf/VariantCalling/5b8f550e-3447-4d42-8f2c-f8f7b00d3ef3/call-HaplotypeCallerGATK4/shard-36/execution/docker_cid \
  -i \
  --user 1027:1028 \
  --cpus="64" \
  --memory="350G" \
  --entrypoint /bin/bash \
  -v /home/darja/workflow/cromwell-executions1/WholeGenomeGermlineSingleSample/06160bfb-7bc0-413b-9ba8-6a78ff6325b1/call-BamToGvcf/VariantCalling/5b8f550e-3447-4d42-8f2c-f8f7b00d3ef3/call-HaplotypeCallerGATK4/shard-36:/cromwell-executions1/WholeGenomeGermlineSingleSample/06160bfb-7bc0-413b-9ba8-6a78ff6325b1/call-BamToGvcf/VariantCalling/5b8f550e-3447-4d42-8f2c-f8f7b00d3ef3/call-HaplotypeCallerGATK4/shard-36 \
  -v /mnt/nas1/projects/lasr/blendseq:/mnt/nas1/projects/lasr/blendseq \
  us.gcr.io/broad-gatk/gatk@sha256:c88912855b845bd40c6b4bc8f3dd1d4b333ed2549cd3e8386987ee7c0c284f5a /cromwell-executions1/WholeGenomeGermlineSingleSample/06160bfb-7bc0-413b-9ba8-6a78ff6325b1/call-BamToGvcf/VariantCalling/5b8f550e-3447-4d42-8f2c-f8f7b00d3ef3/call-HaplotypeCallerGATK4/shard-36/execution/script

# get the return code (working even if the container was detached)
rc=$(docker wait [38;5;5mcat /home/darja/workflow/cromwell-executions1/WholeGenomeGermlineSingleSample/06160bfb-7bc0-413b-9ba8-6a78ff6325b1/call-BamToGvcf/VariantCalling/5b8f550e-3447-4d42-8f2c-f8f7b00d3ef3/call-HaplotypeCallerGATK4/shard-36/execution/docker_cid[0m)

# remove the container after waiting
docker rm [38;5;5mcat /home/darja/workflow/cromwell-executions1/WholeGenomeGermlineSingleSample/06160bfb-7bc0-413b-9ba8-6a78ff6325b1/call-BamToGvcf/VariantCalling/5b8f550e-3447-4d42-8f2c-f8f7b00d3ef3/call-HaplotypeCallerGATK4/shard-36/execution/docker_cid[0m

# return exit code
exit $rc
[2026-02-25 12:42:34,34] [info] BackgroundConfigAsyncJobExecutionActor [[38;5;2m5b8f550e[0mVariantCalling.HaplotypeCallerGATK4:36:1]: job id: 104149
[2026-02-25 12:42:34,34] [info] BackgroundConfigAsyncJobExecutionActor [[38;5;2m5b8f550e[0mVariantCalling.HaplotypeCallerGATK4:36:1]: Status change from - to WaitingForReturnCode
[2026-02-25 13:10:48,92] [info] BackgroundConfigAsyncJobExecutionActor [[38;5;2m5b8f550e[0mVariantCalling.HaplotypeCallerGATK4:36:1]: Status change from WaitingForReturnCode to Done
[2026-02-25 13:10:49,46] [info] Assigned new job execution tokens to the following groups: 06160bfb: 1
[2026-02-25 13:10:49,48] [[38;5;220mwarn[0m] BackgroundConfigAsyncJobExecutionActor [[38;5;2m5b8f550e[0mVariantCalling.HaplotypeCallerGATK4:44:1]: Unrecognized runtime attribute keys: preemptible, bootDiskSizeGb, disks, cpu, memory
[2026-02-25 13:10:49,50] [info] BackgroundConfigAsyncJobExecutionActor [[38;5;2m5b8f550e[0mVariantCalling.HaplotypeCallerGATK4:44:1]: [38;5;5mset -e

# We need at least 1 GB of available memory outside of the Java heap in order to execute native code, thus, limit
# Java's memory by the total memory minus 1 GB. We need to compute the total memory as it might differ from
# memory_size_gb because of Cromwell's retry with more memory feature.
mem_unit=$(echo "${MEM_UNIT:-}" | cut -c 1)

if [[ $mem_unit == "M" ]]; then
  available_memory_mb=$(awk "BEGIN {print int($MEM_SIZE)}")
elif [[ $mem_unit == "G" ]]; then
  available_memory_mb=$(awk "BEGIN {print int($MEM_SIZE * 1024)}")
else
  available_memory_mb=$(free -m | awk '/^Mem/ {print $2}')
fi

let java_memory_size_mb=available_memory_mb-1024
echo Total available memory: ${available_memory_mb} MB >&2
echo Memory reserved for Java: ${java_memory_size_mb} MB >&2

gatk --java-options "-Xmx150000m -Xms150000m -XX:GCTimeLimit=50 -XX:GCHeapFreeLimit=10" \
  HaplotypeCaller \
  -R /cromwell-executions1/WholeGenomeGermlineSingleSample/06160bfb-7bc0-413b-9ba8-6a78ff6325b1/call-BamToGvcf/VariantCalling/5b8f550e-3447-4d42-8f2c-f8f7b00d3ef3/call-HaplotypeCallerGATK4/shard-44/inputs/-1569105944/Homo_sapiens_assembly38_masked.fasta \
  -I /cromwell-executions1/WholeGenomeGermlineSingleSample/06160bfb-7bc0-413b-9ba8-6a78ff6325b1/call-BamToGvcf/VariantCalling/5b8f550e-3447-4d42-8f2c-f8f7b00d3ef3/call-HaplotypeCallerGATK4/shard-44/inputs/-2128441055/ERR3687419_ILMN.bam \
  -L /cromwell-executions1/WholeGenomeGermlineSingleSample/06160bfb-7bc0-413b-9ba8-6a78ff6325b1/call-BamToGvcf/VariantCalling/5b8f550e-3447-4d42-8f2c-f8f7b00d3ef3/call-HaplotypeCallerGATK4/shard-44/inputs/-661313523/50scattered.interval_list \
  -O ERR3687419_ILMN.g.vcf.gz \
  -contamination 0.0 \
  -G StandardAnnotation -G StandardHCAnnotation -G AS_StandardAnnotation \
  --dragen-mode \
   \
  --dragstr-params-path /cromwell-executions1/WholeGenomeGermlineSingleSample/06160bfb-7bc0-413b-9ba8-6a78ff6325b1/call-BamToGvcf/VariantCalling/5b8f550e-3447-4d42-8f2c-f8f7b00d3ef3/call-HaplotypeCallerGATK4/shard-44/inputs/-463548327/ERR3687419_ILMN.bam.dragstr \
  -GQB 10 -GQB 20 -GQB 30 -GQB 40 -GQB 50 -GQB 60 -GQB 70 -GQB 80 -GQB 90 \
  -ERC GVCF \
  

# Cromwell doesn't like optional task outputs, so we have to touch this file.
touch ERR3687419_ILMN.bamout.bam[0m
[2026-02-25 13:10:49,50] [info] BackgroundConfigAsyncJobExecutionActor [[38;5;2m5b8f550e[0mVariantCalling.HaplotypeCallerGATK4:44:1]: executing: # make sure there is no preexisting Docker CID file
rm -f /home/darja/workflow/cromwell-executions1/WholeGenomeGermlineSingleSample/06160bfb-7bc0-413b-9ba8-6a78ff6325b1/call-BamToGvcf/VariantCalling/5b8f550e-3447-4d42-8f2c-f8f7b00d3ef3/call-HaplotypeCallerGATK4/shard-44/execution/docker_cid
# run as in the original configuration without --rm flag (will remove later)
docker run \
  --cidfile /home/darja/workflow/cromwell-executions1/WholeGenomeGermlineSingleSample/06160bfb-7bc0-413b-9ba8-6a78ff6325b1/call-BamToGvcf/VariantCalling/5b8f550e-3447-4d42-8f2c-f8f7b00d3ef3/call-HaplotypeCallerGATK4/shard-44/execution/docker_cid \
  -i \
  --user 1027:1028 \
  --cpus="64" \
  --memory="350G" \
  --entrypoint /bin/bash \
  -v /home/darja/workflow/cromwell-executions1/WholeGenomeGermlineSingleSample/06160bfb-7bc0-413b-9ba8-6a78ff6325b1/call-BamToGvcf/VariantCalling/5b8f550e-3447-4d42-8f2c-f8f7b00d3ef3/call-HaplotypeCallerGATK4/shard-44:/cromwell-executions1/WholeGenomeGermlineSingleSample/06160bfb-7bc0-413b-9ba8-6a78ff6325b1/call-BamToGvcf/VariantCalling/5b8f550e-3447-4d42-8f2c-f8f7b00d3ef3/call-HaplotypeCallerGATK4/shard-44 \
  -v /mnt/nas1/projects/lasr/blendseq:/mnt/nas1/projects/lasr/blendseq \
  us.gcr.io/broad-gatk/gatk@sha256:c88912855b845bd40c6b4bc8f3dd1d4b333ed2549cd3e8386987ee7c0c284f5a /cromwell-executions1/WholeGenomeGermlineSingleSample/06160bfb-7bc0-413b-9ba8-6a78ff6325b1/call-BamToGvcf/VariantCalling/5b8f550e-3447-4d42-8f2c-f8f7b00d3ef3/call-HaplotypeCallerGATK4/shard-44/execution/script

# get the return code (working even if the container was detached)
rc=$(docker wait [38;5;5mcat /home/darja/workflow/cromwell-executions1/WholeGenomeGermlineSingleSample/06160bfb-7bc0-413b-9ba8-6a78ff6325b1/call-BamToGvcf/VariantCalling/5b8f550e-3447-4d42-8f2c-f8f7b00d3ef3/call-HaplotypeCallerGATK4/shard-44/execution/docker_cid[0m)

# remove the container after waiting
docker rm [38;5;5mcat /home/darja/workflow/cromwell-executions1/WholeGenomeGermlineSingleSample/06160bfb-7bc0-413b-9ba8-6a78ff6325b1/call-BamToGvcf/VariantCalling/5b8f550e-3447-4d42-8f2c-f8f7b00d3ef3/call-HaplotypeCallerGATK4/shard-44/execution/docker_cid[0m

# return exit code
exit $rc
[2026-02-25 13:10:50,91] [info] 5b8f550e-3447-4d42-8f2c-f8f7b00d3ef3-SubWorkflowActor-SubWorkflow-BamToGvcf:-1:1 [[38;5;2m5b8f550e[0m]: Starting VariantCalling.DragenHardFilterVcf
[2026-02-25 13:10:54,34] [info] BackgroundConfigAsyncJobExecutionActor [[38;5;2m5b8f550e[0mVariantCalling.HaplotypeCallerGATK4:44:1]: job id: 104735
[2026-02-25 13:10:54,34] [info] BackgroundConfigAsyncJobExecutionActor [[38;5;2m5b8f550e[0mVariantCalling.HaplotypeCallerGATK4:44:1]: Status change from - to WaitingForReturnCode
[2026-02-25 13:39:23,09] [info] BackgroundConfigAsyncJobExecutionActor [[38;5;2m5b8f550e[0mVariantCalling.HaplotypeCallerGATK4:44:1]: Status change from WaitingForReturnCode to Done
[2026-02-25 13:39:24,53] [info] 5b8f550e-3447-4d42-8f2c-f8f7b00d3ef3-SubWorkflowActor-SubWorkflow-BamToGvcf:-1:1 [[38;5;2m5b8f550e[0m]: Starting VariantCalling.DragenHardFilterVcf
[2026-02-25 13:39:29,46] [info] Assigned new job execution tokens to the following groups: 06160bfb: 1
[2026-02-25 13:39:29,48] [[38;5;220mwarn[0m] BackgroundConfigAsyncJobExecutionActor [[38;5;2m5b8f550e[0mVariantCalling.HaplotypeCallerGATK4:24:1]: Unrecognized runtime attribute keys: preemptible, bootDiskSizeGb, disks, cpu, memory
[2026-02-25 13:39:29,49] [info] BackgroundConfigAsyncJobExecutionActor [[38;5;2m5b8f550e[0mVariantCalling.HaplotypeCallerGATK4:24:1]: [38;5;5mset -e

# We need at least 1 GB of available memory outside of the Java heap in order to execute native code, thus, limit
# Java's memory by the total memory minus 1 GB. We need to compute the total memory as it might differ from
# memory_size_gb because of Cromwell's retry with more memory feature.
mem_unit=$(echo "${MEM_UNIT:-}" | cut -c 1)

if [[ $mem_unit == "M" ]]; then
  available_memory_mb=$(awk "BEGIN {print int($MEM_SIZE)}")
elif [[ $mem_unit == "G" ]]; then
  available_memory_mb=$(awk "BEGIN {print int($MEM_SIZE * 1024)}")
else
  available_memory_mb=$(free -m | awk '/^Mem/ {print $2}')
fi

let java_memory_size_mb=available_memory_mb-1024
echo Total available memory: ${available_memory_mb} MB >&2
echo Memory reserved for Java: ${java_memory_size_mb} MB >&2

gatk --java-options "-Xmx150000m -Xms150000m -XX:GCTimeLimit=50 -XX:GCHeapFreeLimit=10" \
  HaplotypeCaller \
  -R /cromwell-executions1/WholeGenomeGermlineSingleSample/06160bfb-7bc0-413b-9ba8-6a78ff6325b1/call-BamToGvcf/VariantCalling/5b8f550e-3447-4d42-8f2c-f8f7b00d3ef3/call-HaplotypeCallerGATK4/shard-24/inputs/-1569105944/Homo_sapiens_assembly38_masked.fasta \
  -I /cromwell-executions1/WholeGenomeGermlineSingleSample/06160bfb-7bc0-413b-9ba8-6a78ff6325b1/call-BamToGvcf/VariantCalling/5b8f550e-3447-4d42-8f2c-f8f7b00d3ef3/call-HaplotypeCallerGATK4/shard-24/inputs/-2128441055/ERR3687419_ILMN.bam \
  -L /cromwell-executions1/WholeGenomeGermlineSingleSample/06160bfb-7bc0-413b-9ba8-6a78ff6325b1/call-BamToGvcf/VariantCalling/5b8f550e-3447-4d42-8f2c-f8f7b00d3ef3/call-HaplotypeCallerGATK4/shard-24/inputs/-661313523/32scattered.interval_list \
  -O ERR3687419_ILMN.g.vcf.gz \
  -contamination 0.0 \
  -G StandardAnnotation -G StandardHCAnnotation -G AS_StandardAnnotation \
  --dragen-mode \
   \
  --dragstr-params-path /cromwell-executions1/WholeGenomeGermlineSingleSample/06160bfb-7bc0-413b-9ba8-6a78ff6325b1/call-BamToGvcf/VariantCalling/5b8f550e-3447-4d42-8f2c-f8f7b00d3ef3/call-HaplotypeCallerGATK4/shard-24/inputs/-463548327/ERR3687419_ILMN.bam.dragstr \
  -GQB 10 -GQB 20 -GQB 30 -GQB 40 -GQB 50 -GQB 60 -GQB 70 -GQB 80 -GQB 90 \
  -ERC GVCF \
  

# Cromwell doesn't like optional task outputs, so we have to touch this file.
touch ERR3687419_ILMN.bamout.bam[0m
[2026-02-25 13:39:29,50] [info] BackgroundConfigAsyncJobExecutionActor [[38;5;2m5b8f550e[0mVariantCalling.HaplotypeCallerGATK4:24:1]: executing: # make sure there is no preexisting Docker CID file
rm -f /home/darja/workflow/cromwell-executions1/WholeGenomeGermlineSingleSample/06160bfb-7bc0-413b-9ba8-6a78ff6325b1/call-BamToGvcf/VariantCalling/5b8f550e-3447-4d42-8f2c-f8f7b00d3ef3/call-HaplotypeCallerGATK4/shard-24/execution/docker_cid
# run as in the original configuration without --rm flag (will remove later)
docker run \
  --cidfile /home/darja/workflow/cromwell-executions1/WholeGenomeGermlineSingleSample/06160bfb-7bc0-413b-9ba8-6a78ff6325b1/call-BamToGvcf/VariantCalling/5b8f550e-3447-4d42-8f2c-f8f7b00d3ef3/call-HaplotypeCallerGATK4/shard-24/execution/docker_cid \
  -i \
  --user 1027:1028 \
  --cpus="64" \
  --memory="350G" \
  --entrypoint /bin/bash \
  -v /home/darja/workflow/cromwell-executions1/WholeGenomeGermlineSingleSample/06160bfb-7bc0-413b-9ba8-6a78ff6325b1/call-BamToGvcf/VariantCalling/5b8f550e-3447-4d42-8f2c-f8f7b00d3ef3/call-HaplotypeCallerGATK4/shard-24:/cromwell-executions1/WholeGenomeGermlineSingleSample/06160bfb-7bc0-413b-9ba8-6a78ff6325b1/call-BamToGvcf/VariantCalling/5b8f550e-3447-4d42-8f2c-f8f7b00d3ef3/call-HaplotypeCallerGATK4/shard-24 \
  -v /mnt/nas1/projects/lasr/blendseq:/mnt/nas1/projects/lasr/blendseq \
  us.gcr.io/broad-gatk/gatk@sha256:c88912855b845bd40c6b4bc8f3dd1d4b333ed2549cd3e8386987ee7c0c284f5a /cromwell-executions1/WholeGenomeGermlineSingleSample/06160bfb-7bc0-413b-9ba8-6a78ff6325b1/call-BamToGvcf/VariantCalling/5b8f550e-3447-4d42-8f2c-f8f7b00d3ef3/call-HaplotypeCallerGATK4/shard-24/execution/script

# get the return code (working even if the container was detached)
rc=$(docker wait [38;5;5mcat /home/darja/workflow/cromwell-executions1/WholeGenomeGermlineSingleSample/06160bfb-7bc0-413b-9ba8-6a78ff6325b1/call-BamToGvcf/VariantCalling/5b8f550e-3447-4d42-8f2c-f8f7b00d3ef3/call-HaplotypeCallerGATK4/shard-24/execution/docker_cid[0m)

# remove the container after waiting
docker rm [38;5;5mcat /home/darja/workflow/cromwell-executions1/WholeGenomeGermlineSingleSample/06160bfb-7bc0-413b-9ba8-6a78ff6325b1/call-BamToGvcf/VariantCalling/5b8f550e-3447-4d42-8f2c-f8f7b00d3ef3/call-HaplotypeCallerGATK4/shard-24/execution/docker_cid[0m

# return exit code
exit $rc
[2026-02-25 13:39:34,34] [info] BackgroundConfigAsyncJobExecutionActor [[38;5;2m5b8f550e[0mVariantCalling.HaplotypeCallerGATK4:24:1]: job id: 105304
[2026-02-25 13:39:34,34] [info] BackgroundConfigAsyncJobExecutionActor [[38;5;2m5b8f550e[0mVariantCalling.HaplotypeCallerGATK4:24:1]: Status change from - to WaitingForReturnCode
[2026-02-25 14:07:48,79] [info] BackgroundConfigAsyncJobExecutionActor [[38;5;2m5b8f550e[0mVariantCalling.HaplotypeCallerGATK4:24:1]: Status change from WaitingForReturnCode to Done
[2026-02-25 14:07:49,46] [info] Assigned new job execution tokens to the following groups: 06160bfb: 1
[2026-02-25 14:07:49,48] [[38;5;220mwarn[0m] BackgroundConfigAsyncJobExecutionActor [[38;5;2m5b8f550e[0mVariantCalling.HaplotypeCallerGATK4:9:1]: Unrecognized runtime attribute keys: preemptible, bootDiskSizeGb, disks, cpu, memory
[2026-02-25 14:07:49,49] [info] BackgroundConfigAsyncJobExecutionActor [[38;5;2m5b8f550e[0mVariantCalling.HaplotypeCallerGATK4:9:1]: [38;5;5mset -e

# We need at least 1 GB of available memory outside of the Java heap in order to execute native code, thus, limit
# Java's memory by the total memory minus 1 GB. We need to compute the total memory as it might differ from
# memory_size_gb because of Cromwell's retry with more memory feature.
mem_unit=$(echo "${MEM_UNIT:-}" | cut -c 1)

if [[ $mem_unit == "M" ]]; then
  available_memory_mb=$(awk "BEGIN {print int($MEM_SIZE)}")
elif [[ $mem_unit == "G" ]]; then
  available_memory_mb=$(awk "BEGIN {print int($MEM_SIZE * 1024)}")
else
  available_memory_mb=$(free -m | awk '/^Mem/ {print $2}')
fi

let java_memory_size_mb=available_memory_mb-1024
echo Total available memory: ${available_memory_mb} MB >&2
echo Memory reserved for Java: ${java_memory_size_mb} MB >&2

gatk --java-options "-Xmx150000m -Xms150000m -XX:GCTimeLimit=50 -XX:GCHeapFreeLimit=10" \
  HaplotypeCaller \
  -R /cromwell-executions1/WholeGenomeGermlineSingleSample/06160bfb-7bc0-413b-9ba8-6a78ff6325b1/call-BamToGvcf/VariantCalling/5b8f550e-3447-4d42-8f2c-f8f7b00d3ef3/call-HaplotypeCallerGATK4/shard-9/inputs/-1569105944/Homo_sapiens_assembly38_masked.fasta \
  -I /cromwell-executions1/WholeGenomeGermlineSingleSample/06160bfb-7bc0-413b-9ba8-6a78ff6325b1/call-BamToGvcf/VariantCalling/5b8f550e-3447-4d42-8f2c-f8f7b00d3ef3/call-HaplotypeCallerGATK4/shard-9/inputs/-2128441055/ERR3687419_ILMN.bam \
  -L /cromwell-executions1/WholeGenomeGermlineSingleSample/06160bfb-7bc0-413b-9ba8-6a78ff6325b1/call-BamToGvcf/VariantCalling/5b8f550e-3447-4d42-8f2c-f8f7b00d3ef3/call-HaplotypeCallerGATK4/shard-9/inputs/-661313523/19scattered.interval_list \
  -O ERR3687419_ILMN.g.vcf.gz \
  -contamination 0.0 \
  -G StandardAnnotation -G StandardHCAnnotation -G AS_StandardAnnotation \
  --dragen-mode \
   \
  --dragstr-params-path /cromwell-executions1/WholeGenomeGermlineSingleSample/06160bfb-7bc0-413b-9ba8-6a78ff6325b1/call-BamToGvcf/VariantCalling/5b8f550e-3447-4d42-8f2c-f8f7b00d3ef3/call-HaplotypeCallerGATK4/shard-9/inputs/-463548327/ERR3687419_ILMN.bam.dragstr \
  -GQB 10 -GQB 20 -GQB 30 -GQB 40 -GQB 50 -GQB 60 -GQB 70 -GQB 80 -GQB 90 \
  -ERC GVCF \
  

# Cromwell doesn't like optional task outputs, so we have to touch this file.
touch ERR3687419_ILMN.bamout.bam[0m
[2026-02-25 14:07:49,49] [info] BackgroundConfigAsyncJobExecutionActor [[38;5;2m5b8f550e[0mVariantCalling.HaplotypeCallerGATK4:9:1]: executing: # make sure there is no preexisting Docker CID file
rm -f /home/darja/workflow/cromwell-executions1/WholeGenomeGermlineSingleSample/06160bfb-7bc0-413b-9ba8-6a78ff6325b1/call-BamToGvcf/VariantCalling/5b8f550e-3447-4d42-8f2c-f8f7b00d3ef3/call-HaplotypeCallerGATK4/shard-9/execution/docker_cid
# run as in the original configuration without --rm flag (will remove later)
docker run \
  --cidfile /home/darja/workflow/cromwell-executions1/WholeGenomeGermlineSingleSample/06160bfb-7bc0-413b-9ba8-6a78ff6325b1/call-BamToGvcf/VariantCalling/5b8f550e-3447-4d42-8f2c-f8f7b00d3ef3/call-HaplotypeCallerGATK4/shard-9/execution/docker_cid \
  -i \
  --user 1027:1028 \
  --cpus="64" \
  --memory="350G" \
  --entrypoint /bin/bash \
  -v /home/darja/workflow/cromwell-executions1/WholeGenomeGermlineSingleSample/06160bfb-7bc0-413b-9ba8-6a78ff6325b1/call-BamToGvcf/VariantCalling/5b8f550e-3447-4d42-8f2c-f8f7b00d3ef3/call-HaplotypeCallerGATK4/shard-9:/cromwell-executions1/WholeGenomeGermlineSingleSample/06160bfb-7bc0-413b-9ba8-6a78ff6325b1/call-BamToGvcf/VariantCalling/5b8f550e-3447-4d42-8f2c-f8f7b00d3ef3/call-HaplotypeCallerGATK4/shard-9 \
  -v /mnt/nas1/projects/lasr/blendseq:/mnt/nas1/projects/lasr/blendseq \
  us.gcr.io/broad-gatk/gatk@sha256:c88912855b845bd40c6b4bc8f3dd1d4b333ed2549cd3e8386987ee7c0c284f5a /cromwell-executions1/WholeGenomeGermlineSingleSample/06160bfb-7bc0-413b-9ba8-6a78ff6325b1/call-BamToGvcf/VariantCalling/5b8f550e-3447-4d42-8f2c-f8f7b00d3ef3/call-HaplotypeCallerGATK4/shard-9/execution/script

# get the return code (working even if the container was detached)
rc=$(docker wait [38;5;5mcat /home/darja/workflow/cromwell-executions1/WholeGenomeGermlineSingleSample/06160bfb-7bc0-413b-9ba8-6a78ff6325b1/call-BamToGvcf/VariantCalling/5b8f550e-3447-4d42-8f2c-f8f7b00d3ef3/call-HaplotypeCallerGATK4/shard-9/execution/docker_cid[0m)

# remove the container after waiting
docker rm [38;5;5mcat /home/darja/workflow/cromwell-executions1/WholeGenomeGermlineSingleSample/06160bfb-7bc0-413b-9ba8-6a78ff6325b1/call-BamToGvcf/VariantCalling/5b8f550e-3447-4d42-8f2c-f8f7b00d3ef3/call-HaplotypeCallerGATK4/shard-9/execution/docker_cid[0m

# return exit code
exit $rc
[2026-02-25 14:07:49,99] [info] 5b8f550e-3447-4d42-8f2c-f8f7b00d3ef3-SubWorkflowActor-SubWorkflow-BamToGvcf:-1:1 [[38;5;2m5b8f550e[0m]: Starting VariantCalling.DragenHardFilterVcf
[2026-02-25 14:07:54,34] [info] BackgroundConfigAsyncJobExecutionActor [[38;5;2m5b8f550e[0mVariantCalling.HaplotypeCallerGATK4:9:1]: job id: 106046
[2026-02-25 14:07:54,34] [info] BackgroundConfigAsyncJobExecutionActor [[38;5;2m5b8f550e[0mVariantCalling.HaplotypeCallerGATK4:9:1]: Status change from - to WaitingForReturnCode
[2026-02-25 14:38:28,32] [info] BackgroundConfigAsyncJobExecutionActor [[38;5;2m5b8f550e[0mVariantCalling.HaplotypeCallerGATK4:9:1]: Status change from WaitingForReturnCode to Done
[2026-02-25 14:38:29,46] [info] Assigned new job execution tokens to the following groups: 06160bfb: 1
[2026-02-25 14:38:29,48] [[38;5;220mwarn[0m] BackgroundConfigAsyncJobExecutionActor [[38;5;2m5b8f550e[0mVariantCalling.HaplotypeCallerGATK4:33:1]: Unrecognized runtime attribute keys: preemptible, bootDiskSizeGb, disks, cpu, memory
[2026-02-25 14:38:29,50] [info] BackgroundConfigAsyncJobExecutionActor [[38;5;2m5b8f550e[0mVariantCalling.HaplotypeCallerGATK4:33:1]: [38;5;5mset -e

# We need at least 1 GB of available memory outside of the Java heap in order to execute native code, thus, limit
# Java's memory by the total memory minus 1 GB. We need to compute the total memory as it might differ from
# memory_size_gb because of Cromwell's retry with more memory feature.
mem_unit=$(echo "${MEM_UNIT:-}" | cut -c 1)

if [[ $mem_unit == "M" ]]; then
  available_memory_mb=$(awk "BEGIN {print int($MEM_SIZE)}")
elif [[ $mem_unit == "G" ]]; then
  available_memory_mb=$(awk "BEGIN {print int($MEM_SIZE * 1024)}")
else
  available_memory_mb=$(free -m | awk '/^Mem/ {print $2}')
fi

let java_memory_size_mb=available_memory_mb-1024
echo Total available memory: ${available_memory_mb} MB >&2
echo Memory reserved for Java: ${java_memory_size_mb} MB >&2

gatk --java-options "-Xmx150000m -Xms150000m -XX:GCTimeLimit=50 -XX:GCHeapFreeLimit=10" \
  HaplotypeCaller \
  -R /cromwell-executions1/WholeGenomeGermlineSingleSample/06160bfb-7bc0-413b-9ba8-6a78ff6325b1/call-BamToGvcf/VariantCalling/5b8f550e-3447-4d42-8f2c-f8f7b00d3ef3/call-HaplotypeCallerGATK4/shard-33/inputs/-1569105944/Homo_sapiens_assembly38_masked.fasta \
  -I /cromwell-executions1/WholeGenomeGermlineSingleSample/06160bfb-7bc0-413b-9ba8-6a78ff6325b1/call-BamToGvcf/VariantCalling/5b8f550e-3447-4d42-8f2c-f8f7b00d3ef3/call-HaplotypeCallerGATK4/shard-33/inputs/-2128441055/ERR3687419_ILMN.bam \
  -L /cromwell-executions1/WholeGenomeGermlineSingleSample/06160bfb-7bc0-413b-9ba8-6a78ff6325b1/call-BamToGvcf/VariantCalling/5b8f550e-3447-4d42-8f2c-f8f7b00d3ef3/call-HaplotypeCallerGATK4/shard-33/inputs/-661313523/40scattered.interval_list \
  -O ERR3687419_ILMN.g.vcf.gz \
  -contamination 0.0 \
  -G StandardAnnotation -G StandardHCAnnotation -G AS_StandardAnnotation \
  --dragen-mode \
   \
  --dragstr-params-path /cromwell-executions1/WholeGenomeGermlineSingleSample/06160bfb-7bc0-413b-9ba8-6a78ff6325b1/call-BamToGvcf/VariantCalling/5b8f550e-3447-4d42-8f2c-f8f7b00d3ef3/call-HaplotypeCallerGATK4/shard-33/inputs/-463548327/ERR3687419_ILMN.bam.dragstr \
  -GQB 10 -GQB 20 -GQB 30 -GQB 40 -GQB 50 -GQB 60 -GQB 70 -GQB 80 -GQB 90 \
  -ERC GVCF \
  

# Cromwell doesn't like optional task outputs, so we have to touch this file.
touch ERR3687419_ILMN.bamout.bam[0m
[2026-02-25 14:38:29,50] [info] BackgroundConfigAsyncJobExecutionActor [[38;5;2m5b8f550e[0mVariantCalling.HaplotypeCallerGATK4:33:1]: executing: # make sure there is no preexisting Docker CID file
rm -f /home/darja/workflow/cromwell-executions1/WholeGenomeGermlineSingleSample/06160bfb-7bc0-413b-9ba8-6a78ff6325b1/call-BamToGvcf/VariantCalling/5b8f550e-3447-4d42-8f2c-f8f7b00d3ef3/call-HaplotypeCallerGATK4/shard-33/execution/docker_cid
# run as in the original configuration without --rm flag (will remove later)
docker run \
  --cidfile /home/darja/workflow/cromwell-executions1/WholeGenomeGermlineSingleSample/06160bfb-7bc0-413b-9ba8-6a78ff6325b1/call-BamToGvcf/VariantCalling/5b8f550e-3447-4d42-8f2c-f8f7b00d3ef3/call-HaplotypeCallerGATK4/shard-33/execution/docker_cid \
  -i \
  --user 1027:1028 \
  --cpus="64" \
  --memory="350G" \
  --entrypoint /bin/bash \
  -v /home/darja/workflow/cromwell-executions1/WholeGenomeGermlineSingleSample/06160bfb-7bc0-413b-9ba8-6a78ff6325b1/call-BamToGvcf/VariantCalling/5b8f550e-3447-4d42-8f2c-f8f7b00d3ef3/call-HaplotypeCallerGATK4/shard-33:/cromwell-executions1/WholeGenomeGermlineSingleSample/06160bfb-7bc0-413b-9ba8-6a78ff6325b1/call-BamToGvcf/VariantCalling/5b8f550e-3447-4d42-8f2c-f8f7b00d3ef3/call-HaplotypeCallerGATK4/shard-33 \
  -v /mnt/nas1/projects/lasr/blendseq:/mnt/nas1/projects/lasr/blendseq \
  us.gcr.io/broad-gatk/gatk@sha256:c88912855b845bd40c6b4bc8f3dd1d4b333ed2549cd3e8386987ee7c0c284f5a /cromwell-executions1/WholeGenomeGermlineSingleSample/06160bfb-7bc0-413b-9ba8-6a78ff6325b1/call-BamToGvcf/VariantCalling/5b8f550e-3447-4d42-8f2c-f8f7b00d3ef3/call-HaplotypeCallerGATK4/shard-33/execution/script

# get the return code (working even if the container was detached)
rc=$(docker wait [38;5;5mcat /home/darja/workflow/cromwell-executions1/WholeGenomeGermlineSingleSample/06160bfb-7bc0-413b-9ba8-6a78ff6325b1/call-BamToGvcf/VariantCalling/5b8f550e-3447-4d42-8f2c-f8f7b00d3ef3/call-HaplotypeCallerGATK4/shard-33/execution/docker_cid[0m)

# remove the container after waiting
docker rm [38;5;5mcat /home/darja/workflow/cromwell-executions1/WholeGenomeGermlineSingleSample/06160bfb-7bc0-413b-9ba8-6a78ff6325b1/call-BamToGvcf/VariantCalling/5b8f550e-3447-4d42-8f2c-f8f7b00d3ef3/call-HaplotypeCallerGATK4/shard-33/execution/docker_cid[0m

# return exit code
exit $rc
[2026-02-25 14:38:30,09] [info] 5b8f550e-3447-4d42-8f2c-f8f7b00d3ef3-SubWorkflowActor-SubWorkflow-BamToGvcf:-1:1 [[38;5;2m5b8f550e[0m]: Starting VariantCalling.DragenHardFilterVcf
[2026-02-25 14:38:34,34] [info] BackgroundConfigAsyncJobExecutionActor [[38;5;2m5b8f550e[0mVariantCalling.HaplotypeCallerGATK4:33:1]: job id: 106640
[2026-02-25 14:38:34,34] [info] BackgroundConfigAsyncJobExecutionActor [[38;5;2m5b8f550e[0mVariantCalling.HaplotypeCallerGATK4:33:1]: Status change from - to WaitingForReturnCode
[2026-02-25 15:17:45,15] [info] BackgroundConfigAsyncJobExecutionActor [[38;5;2m5b8f550e[0mVariantCalling.HaplotypeCallerGATK4:33:1]: Status change from WaitingForReturnCode to Done
[2026-02-25 15:17:46,31] [info] 5b8f550e-3447-4d42-8f2c-f8f7b00d3ef3-SubWorkflowActor-SubWorkflow-BamToGvcf:-1:1 [[38;5;2m5b8f550e[0m]: Starting VariantCalling.DragenHardFilterVcf
[2026-02-25 15:17:49,46] [info] Assigned new job execution tokens to the following groups: 06160bfb: 1
[2026-02-25 15:17:49,48] [[38;5;220mwarn[0m] BackgroundConfigAsyncJobExecutionActor [[38;5;2m5b8f550e[0mVariantCalling.HaplotypeCallerGATK4:43:1]: Unrecognized runtime attribute keys: preemptible, bootDiskSizeGb, disks, cpu, memory
[2026-02-25 15:17:49,50] [info] BackgroundConfigAsyncJobExecutionActor [[38;5;2m5b8f550e[0mVariantCalling.HaplotypeCallerGATK4:43:1]: [38;5;5mset -e

# We need at least 1 GB of available memory outside of the Java heap in order to execute native code, thus, limit
# Java's memory by the total memory minus 1 GB. We need to compute the total memory as it might differ from
# memory_size_gb because of Cromwell's retry with more memory feature.
mem_unit=$(echo "${MEM_UNIT:-}" | cut -c 1)

if [[ $mem_unit == "M" ]]; then
  available_memory_mb=$(awk "BEGIN {print int($MEM_SIZE)}")
elif [[ $mem_unit == "G" ]]; then
  available_memory_mb=$(awk "BEGIN {print int($MEM_SIZE * 1024)}")
else
  available_memory_mb=$(free -m | awk '/^Mem/ {print $2}')
fi

let java_memory_size_mb=available_memory_mb-1024
echo Total available memory: ${available_memory_mb} MB >&2
echo Memory reserved for Java: ${java_memory_size_mb} MB >&2

gatk --java-options "-Xmx150000m -Xms150000m -XX:GCTimeLimit=50 -XX:GCHeapFreeLimit=10" \
  HaplotypeCaller \
  -R /cromwell-executions1/WholeGenomeGermlineSingleSample/06160bfb-7bc0-413b-9ba8-6a78ff6325b1/call-BamToGvcf/VariantCalling/5b8f550e-3447-4d42-8f2c-f8f7b00d3ef3/call-HaplotypeCallerGATK4/shard-43/inputs/-1569105944/Homo_sapiens_assembly38_masked.fasta \
  -I /cromwell-executions1/WholeGenomeGermlineSingleSample/06160bfb-7bc0-413b-9ba8-6a78ff6325b1/call-BamToGvcf/VariantCalling/5b8f550e-3447-4d42-8f2c-f8f7b00d3ef3/call-HaplotypeCallerGATK4/shard-43/inputs/-2128441055/ERR3687419_ILMN.bam \
  -L /cromwell-executions1/WholeGenomeGermlineSingleSample/06160bfb-7bc0-413b-9ba8-6a78ff6325b1/call-BamToGvcf/VariantCalling/5b8f550e-3447-4d42-8f2c-f8f7b00d3ef3/call-HaplotypeCallerGATK4/shard-43/inputs/-661313523/4scattered.interval_list \
  -O ERR3687419_ILMN.g.vcf.gz \
  -contamination 0.0 \
  -G StandardAnnotation -G StandardHCAnnotation -G AS_StandardAnnotation \
  --dragen-mode \
   \
  --dragstr-params-path /cromwell-executions1/WholeGenomeGermlineSingleSample/06160bfb-7bc0-413b-9ba8-6a78ff6325b1/call-BamToGvcf/VariantCalling/5b8f550e-3447-4d42-8f2c-f8f7b00d3ef3/call-HaplotypeCallerGATK4/shard-43/inputs/-463548327/ERR3687419_ILMN.bam.dragstr \
  -GQB 10 -GQB 20 -GQB 30 -GQB 40 -GQB 50 -GQB 60 -GQB 70 -GQB 80 -GQB 90 \
  -ERC GVCF \
  

# Cromwell doesn't like optional task outputs, so we have to touch this file.
touch ERR3687419_ILMN.bamout.bam[0m
[2026-02-25 15:17:49,50] [info] BackgroundConfigAsyncJobExecutionActor [[38;5;2m5b8f550e[0mVariantCalling.HaplotypeCallerGATK4:43:1]: executing: # make sure there is no preexisting Docker CID file
rm -f /home/darja/workflow/cromwell-executions1/WholeGenomeGermlineSingleSample/06160bfb-7bc0-413b-9ba8-6a78ff6325b1/call-BamToGvcf/VariantCalling/5b8f550e-3447-4d42-8f2c-f8f7b00d3ef3/call-HaplotypeCallerGATK4/shard-43/execution/docker_cid
# run as in the original configuration without --rm flag (will remove later)
docker run \
  --cidfile /home/darja/workflow/cromwell-executions1/WholeGenomeGermlineSingleSample/06160bfb-7bc0-413b-9ba8-6a78ff6325b1/call-BamToGvcf/VariantCalling/5b8f550e-3447-4d42-8f2c-f8f7b00d3ef3/call-HaplotypeCallerGATK4/shard-43/execution/docker_cid \
  -i \
  --user 1027:1028 \
  --cpus="64" \
  --memory="350G" \
  --entrypoint /bin/bash \
  -v /home/darja/workflow/cromwell-executions1/WholeGenomeGermlineSingleSample/06160bfb-7bc0-413b-9ba8-6a78ff6325b1/call-BamToGvcf/VariantCalling/5b8f550e-3447-4d42-8f2c-f8f7b00d3ef3/call-HaplotypeCallerGATK4/shard-43:/cromwell-executions1/WholeGenomeGermlineSingleSample/06160bfb-7bc0-413b-9ba8-6a78ff6325b1/call-BamToGvcf/VariantCalling/5b8f550e-3447-4d42-8f2c-f8f7b00d3ef3/call-HaplotypeCallerGATK4/shard-43 \
  -v /mnt/nas1/projects/lasr/blendseq:/mnt/nas1/projects/lasr/blendseq \
  us.gcr.io/broad-gatk/gatk@sha256:c88912855b845bd40c6b4bc8f3dd1d4b333ed2549cd3e8386987ee7c0c284f5a /cromwell-executions1/WholeGenomeGermlineSingleSample/06160bfb-7bc0-413b-9ba8-6a78ff6325b1/call-BamToGvcf/VariantCalling/5b8f550e-3447-4d42-8f2c-f8f7b00d3ef3/call-HaplotypeCallerGATK4/shard-43/execution/script

# get the return code (working even if the container was detached)
rc=$(docker wait [38;5;5mcat /home/darja/workflow/cromwell-executions1/WholeGenomeGermlineSingleSample/06160bfb-7bc0-413b-9ba8-6a78ff6325b1/call-BamToGvcf/VariantCalling/5b8f550e-3447-4d42-8f2c-f8f7b00d3ef3/call-HaplotypeCallerGATK4/shard-43/execution/docker_cid[0m)

# remove the container after waiting
docker rm [38;5;5mcat /home/darja/workflow/cromwell-executions1/WholeGenomeGermlineSingleSample/06160bfb-7bc0-413b-9ba8-6a78ff6325b1/call-BamToGvcf/VariantCalling/5b8f550e-3447-4d42-8f2c-f8f7b00d3ef3/call-HaplotypeCallerGATK4/shard-43/execution/docker_cid[0m

# return exit code
exit $rc
[2026-02-25 15:17:54,34] [info] BackgroundConfigAsyncJobExecutionActor [[38;5;2m5b8f550e[0mVariantCalling.HaplotypeCallerGATK4:43:1]: job id: 107311
[2026-02-25 15:17:54,34] [info] BackgroundConfigAsyncJobExecutionActor [[38;5;2m5b8f550e[0mVariantCalling.HaplotypeCallerGATK4:43:1]: Status change from - to WaitingForReturnCode
[2026-02-25 15:46:54,02] [info] BackgroundConfigAsyncJobExecutionActor [[38;5;2m5b8f550e[0mVariantCalling.HaplotypeCallerGATK4:43:1]: Status change from WaitingForReturnCode to Done
[2026-02-25 15:46:55,63] [info] 5b8f550e-3447-4d42-8f2c-f8f7b00d3ef3-SubWorkflowActor-SubWorkflow-BamToGvcf:-1:1 [[38;5;2m5b8f550e[0m]: Starting VariantCalling.DragenHardFilterVcf
[2026-02-25 15:46:59,46] [info] Assigned new job execution tokens to the following groups: 06160bfb: 1
[2026-02-25 15:46:59,48] [[38;5;220mwarn[0m] BackgroundConfigAsyncJobExecutionActor [[38;5;2m5b8f550e[0mVariantCalling.HaplotypeCallerGATK4:23:1]: Unrecognized runtime attribute keys: preemptible, bootDiskSizeGb, disks, cpu, memory
[2026-02-25 15:46:59,49] [info] BackgroundConfigAsyncJobExecutionActor [[38;5;2m5b8f550e[0mVariantCalling.HaplotypeCallerGATK4:23:1]: [38;5;5mset -e

# We need at least 1 GB of available memory outside of the Java heap in order to execute native code, thus, limit
# Java's memory by the total memory minus 1 GB. We need to compute the total memory as it might differ from
# memory_size_gb because of Cromwell's retry with more memory feature.
mem_unit=$(echo "${MEM_UNIT:-}" | cut -c 1)

if [[ $mem_unit == "M" ]]; then
  available_memory_mb=$(awk "BEGIN {print int($MEM_SIZE)}")
elif [[ $mem_unit == "G" ]]; then
  available_memory_mb=$(awk "BEGIN {print int($MEM_SIZE * 1024)}")
else
  available_memory_mb=$(free -m | awk '/^Mem/ {print $2}')
fi

let java_memory_size_mb=available_memory_mb-1024
echo Total available memory: ${available_memory_mb} MB >&2
echo Memory reserved for Java: ${java_memory_size_mb} MB >&2

gatk --java-options "-Xmx150000m -Xms150000m -XX:GCTimeLimit=50 -XX:GCHeapFreeLimit=10" \
  HaplotypeCaller \
  -R /cromwell-executions1/WholeGenomeGermlineSingleSample/06160bfb-7bc0-413b-9ba8-6a78ff6325b1/call-BamToGvcf/VariantCalling/5b8f550e-3447-4d42-8f2c-f8f7b00d3ef3/call-HaplotypeCallerGATK4/shard-23/inputs/-1569105944/Homo_sapiens_assembly38_masked.fasta \
  -I /cromwell-executions1/WholeGenomeGermlineSingleSample/06160bfb-7bc0-413b-9ba8-6a78ff6325b1/call-BamToGvcf/VariantCalling/5b8f550e-3447-4d42-8f2c-f8f7b00d3ef3/call-HaplotypeCallerGATK4/shard-23/inputs/-2128441055/ERR3687419_ILMN.bam \
  -L /cromwell-executions1/WholeGenomeGermlineSingleSample/06160bfb-7bc0-413b-9ba8-6a78ff6325b1/call-BamToGvcf/VariantCalling/5b8f550e-3447-4d42-8f2c-f8f7b00d3ef3/call-HaplotypeCallerGATK4/shard-23/inputs/-661313523/31scattered.interval_list \
  -O ERR3687419_ILMN.g.vcf.gz \
  -contamination 0.0 \
  -G StandardAnnotation -G StandardHCAnnotation -G AS_StandardAnnotation \
  --dragen-mode \
   \
  --dragstr-params-path /cromwell-executions1/WholeGenomeGermlineSingleSample/06160bfb-7bc0-413b-9ba8-6a78ff6325b1/call-BamToGvcf/VariantCalling/5b8f550e-3447-4d42-8f2c-f8f7b00d3ef3/call-HaplotypeCallerGATK4/shard-23/inputs/-463548327/ERR3687419_ILMN.bam.dragstr \
  -GQB 10 -GQB 20 -GQB 30 -GQB 40 -GQB 50 -GQB 60 -GQB 70 -GQB 80 -GQB 90 \
  -ERC GVCF \
  

# Cromwell doesn't like optional task outputs, so we have to touch this file.
touch ERR3687419_ILMN.bamout.bam[0m
[2026-02-25 15:46:59,50] [info] BackgroundConfigAsyncJobExecutionActor [[38;5;2m5b8f550e[0mVariantCalling.HaplotypeCallerGATK4:23:1]: executing: # make sure there is no preexisting Docker CID file
rm -f /home/darja/workflow/cromwell-executions1/WholeGenomeGermlineSingleSample/06160bfb-7bc0-413b-9ba8-6a78ff6325b1/call-BamToGvcf/VariantCalling/5b8f550e-3447-4d42-8f2c-f8f7b00d3ef3/call-HaplotypeCallerGATK4/shard-23/execution/docker_cid
# run as in the original configuration without --rm flag (will remove later)
docker run \
  --cidfile /home/darja/workflow/cromwell-executions1/WholeGenomeGermlineSingleSample/06160bfb-7bc0-413b-9ba8-6a78ff6325b1/call-BamToGvcf/VariantCalling/5b8f550e-3447-4d42-8f2c-f8f7b00d3ef3/call-HaplotypeCallerGATK4/shard-23/execution/docker_cid \
  -i \
  --user 1027:1028 \
  --cpus="64" \
  --memory="350G" \
  --entrypoint /bin/bash \
  -v /home/darja/workflow/cromwell-executions1/WholeGenomeGermlineSingleSample/06160bfb-7bc0-413b-9ba8-6a78ff6325b1/call-BamToGvcf/VariantCalling/5b8f550e-3447-4d42-8f2c-f8f7b00d3ef3/call-HaplotypeCallerGATK4/shard-23:/cromwell-executions1/WholeGenomeGermlineSingleSample/06160bfb-7bc0-413b-9ba8-6a78ff6325b1/call-BamToGvcf/VariantCalling/5b8f550e-3447-4d42-8f2c-f8f7b00d3ef3/call-HaplotypeCallerGATK4/shard-23 \
  -v /mnt/nas1/projects/lasr/blendseq:/mnt/nas1/projects/lasr/blendseq \
  us.gcr.io/broad-gatk/gatk@sha256:c88912855b845bd40c6b4bc8f3dd1d4b333ed2549cd3e8386987ee7c0c284f5a /cromwell-executions1/WholeGenomeGermlineSingleSample/06160bfb-7bc0-413b-9ba8-6a78ff6325b1/call-BamToGvcf/VariantCalling/5b8f550e-3447-4d42-8f2c-f8f7b00d3ef3/call-HaplotypeCallerGATK4/shard-23/execution/script

# get the return code (working even if the container was detached)
rc=$(docker wait [38;5;5mcat /home/darja/workflow/cromwell-executions1/WholeGenomeGermlineSingleSample/06160bfb-7bc0-413b-9ba8-6a78ff6325b1/call-BamToGvcf/VariantCalling/5b8f550e-3447-4d42-8f2c-f8f7b00d3ef3/call-HaplotypeCallerGATK4/shard-23/execution/docker_cid[0m)

# remove the container after waiting
docker rm [38;5;5mcat /home/darja/workflow/cromwell-executions1/WholeGenomeGermlineSingleSample/06160bfb-7bc0-413b-9ba8-6a78ff6325b1/call-BamToGvcf/VariantCalling/5b8f550e-3447-4d42-8f2c-f8f7b00d3ef3/call-HaplotypeCallerGATK4/shard-23/execution/docker_cid[0m

# return exit code
exit $rc
[2026-02-25 15:47:04,34] [info] BackgroundConfigAsyncJobExecutionActor [[38;5;2m5b8f550e[0mVariantCalling.HaplotypeCallerGATK4:23:1]: job id: 107897
[2026-02-25 15:47:04,34] [info] BackgroundConfigAsyncJobExecutionActor [[38;5;2m5b8f550e[0mVariantCalling.HaplotypeCallerGATK4:23:1]: Status change from - to WaitingForReturnCode
[2026-02-25 16:15:24,82] [info] BackgroundConfigAsyncJobExecutionActor [[38;5;2m5b8f550e[0mVariantCalling.HaplotypeCallerGATK4:23:1]: Status change from WaitingForReturnCode to Done
[2026-02-25 16:15:26,19] [info] 5b8f550e-3447-4d42-8f2c-f8f7b00d3ef3-SubWorkflowActor-SubWorkflow-BamToGvcf:-1:1 [[38;5;2m5b8f550e[0m]: Starting VariantCalling.DragenHardFilterVcf
[2026-02-25 16:15:29,46] [info] Assigned new job execution tokens to the following groups: 06160bfb: 1
[2026-02-25 16:15:29,48] [[38;5;220mwarn[0m] BackgroundConfigAsyncJobExecutionActor [[38;5;2m5b8f550e[0mVariantCalling.HaplotypeCallerGATK4:25:1]: Unrecognized runtime attribute keys: preemptible, bootDiskSizeGb, disks, cpu, memory
[2026-02-25 16:15:29,49] [info] BackgroundConfigAsyncJobExecutionActor [[38;5;2m5b8f550e[0mVariantCalling.HaplotypeCallerGATK4:25:1]: [38;5;5mset -e

# We need at least 1 GB of available memory outside of the Java heap in order to execute native code, thus, limit
# Java's memory by the total memory minus 1 GB. We need to compute the total memory as it might differ from
# memory_size_gb because of Cromwell's retry with more memory feature.
mem_unit=$(echo "${MEM_UNIT:-}" | cut -c 1)

if [[ $mem_unit == "M" ]]; then
  available_memory_mb=$(awk "BEGIN {print int($MEM_SIZE)}")
elif [[ $mem_unit == "G" ]]; then
  available_memory_mb=$(awk "BEGIN {print int($MEM_SIZE * 1024)}")
else
  available_memory_mb=$(free -m | awk '/^Mem/ {print $2}')
fi

let java_memory_size_mb=available_memory_mb-1024
echo Total available memory: ${available_memory_mb} MB >&2
echo Memory reserved for Java: ${java_memory_size_mb} MB >&2

gatk --java-options "-Xmx150000m -Xms150000m -XX:GCTimeLimit=50 -XX:GCHeapFreeLimit=10" \
  HaplotypeCaller \
  -R /cromwell-executions1/WholeGenomeGermlineSingleSample/06160bfb-7bc0-413b-9ba8-6a78ff6325b1/call-BamToGvcf/VariantCalling/5b8f550e-3447-4d42-8f2c-f8f7b00d3ef3/call-HaplotypeCallerGATK4/shard-25/inputs/-1569105944/Homo_sapiens_assembly38_masked.fasta \
  -I /cromwell-executions1/WholeGenomeGermlineSingleSample/06160bfb-7bc0-413b-9ba8-6a78ff6325b1/call-BamToGvcf/VariantCalling/5b8f550e-3447-4d42-8f2c-f8f7b00d3ef3/call-HaplotypeCallerGATK4/shard-25/inputs/-2128441055/ERR3687419_ILMN.bam \
  -L /cromwell-executions1/WholeGenomeGermlineSingleSample/06160bfb-7bc0-413b-9ba8-6a78ff6325b1/call-BamToGvcf/VariantCalling/5b8f550e-3447-4d42-8f2c-f8f7b00d3ef3/call-HaplotypeCallerGATK4/shard-25/inputs/-661313523/33scattered.interval_list \
  -O ERR3687419_ILMN.g.vcf.gz \
  -contamination 0.0 \
  -G StandardAnnotation -G StandardHCAnnotation -G AS_StandardAnnotation \
  --dragen-mode \
   \
  --dragstr-params-path /cromwell-executions1/WholeGenomeGermlineSingleSample/06160bfb-7bc0-413b-9ba8-6a78ff6325b1/call-BamToGvcf/VariantCalling/5b8f550e-3447-4d42-8f2c-f8f7b00d3ef3/call-HaplotypeCallerGATK4/shard-25/inputs/-463548327/ERR3687419_ILMN.bam.dragstr \
  -GQB 10 -GQB 20 -GQB 30 -GQB 40 -GQB 50 -GQB 60 -GQB 70 -GQB 80 -GQB 90 \
  -ERC GVCF \
  

# Cromwell doesn't like optional task outputs, so we have to touch this file.
touch ERR3687419_ILMN.bamout.bam[0m
[2026-02-25 16:15:29,50] [info] BackgroundConfigAsyncJobExecutionActor [[38;5;2m5b8f550e[0mVariantCalling.HaplotypeCallerGATK4:25:1]: executing: # make sure there is no preexisting Docker CID file
rm -f /home/darja/workflow/cromwell-executions1/WholeGenomeGermlineSingleSample/06160bfb-7bc0-413b-9ba8-6a78ff6325b1/call-BamToGvcf/VariantCalling/5b8f550e-3447-4d42-8f2c-f8f7b00d3ef3/call-HaplotypeCallerGATK4/shard-25/execution/docker_cid
# run as in the original configuration without --rm flag (will remove later)
docker run \
  --cidfile /home/darja/workflow/cromwell-executions1/WholeGenomeGermlineSingleSample/06160bfb-7bc0-413b-9ba8-6a78ff6325b1/call-BamToGvcf/VariantCalling/5b8f550e-3447-4d42-8f2c-f8f7b00d3ef3/call-HaplotypeCallerGATK4/shard-25/execution/docker_cid \
  -i \
  --user 1027:1028 \
  --cpus="64" \
  --memory="350G" \
  --entrypoint /bin/bash \
  -v /home/darja/workflow/cromwell-executions1/WholeGenomeGermlineSingleSample/06160bfb-7bc0-413b-9ba8-6a78ff6325b1/call-BamToGvcf/VariantCalling/5b8f550e-3447-4d42-8f2c-f8f7b00d3ef3/call-HaplotypeCallerGATK4/shard-25:/cromwell-executions1/WholeGenomeGermlineSingleSample/06160bfb-7bc0-413b-9ba8-6a78ff6325b1/call-BamToGvcf/VariantCalling/5b8f550e-3447-4d42-8f2c-f8f7b00d3ef3/call-HaplotypeCallerGATK4/shard-25 \
  -v /mnt/nas1/projects/lasr/blendseq:/mnt/nas1/projects/lasr/blendseq \
  us.gcr.io/broad-gatk/gatk@sha256:c88912855b845bd40c6b4bc8f3dd1d4b333ed2549cd3e8386987ee7c0c284f5a /cromwell-executions1/WholeGenomeGermlineSingleSample/06160bfb-7bc0-413b-9ba8-6a78ff6325b1/call-BamToGvcf/VariantCalling/5b8f550e-3447-4d42-8f2c-f8f7b00d3ef3/call-HaplotypeCallerGATK4/shard-25/execution/script

# get the return code (working even if the container was detached)
rc=$(docker wait [38;5;5mcat /home/darja/workflow/cromwell-executions1/WholeGenomeGermlineSingleSample/06160bfb-7bc0-413b-9ba8-6a78ff6325b1/call-BamToGvcf/VariantCalling/5b8f550e-3447-4d42-8f2c-f8f7b00d3ef3/call-HaplotypeCallerGATK4/shard-25/execution/docker_cid[0m)

# remove the container after waiting
docker rm [38;5;5mcat /home/darja/workflow/cromwell-executions1/WholeGenomeGermlineSingleSample/06160bfb-7bc0-413b-9ba8-6a78ff6325b1/call-BamToGvcf/VariantCalling/5b8f550e-3447-4d42-8f2c-f8f7b00d3ef3/call-HaplotypeCallerGATK4/shard-25/execution/docker_cid[0m

# return exit code
exit $rc
[2026-02-25 16:15:34,34] [info] BackgroundConfigAsyncJobExecutionActor [[38;5;2m5b8f550e[0mVariantCalling.HaplotypeCallerGATK4:25:1]: job id: 108451
[2026-02-25 16:15:34,34] [info] BackgroundConfigAsyncJobExecutionActor [[38;5;2m5b8f550e[0mVariantCalling.HaplotypeCallerGATK4:25:1]: Status change from - to WaitingForReturnCode
[2026-02-25 16:43:08,16] [info] BackgroundConfigAsyncJobExecutionActor [[38;5;2m5b8f550e[0mVariantCalling.HaplotypeCallerGATK4:25:1]: Status change from WaitingForReturnCode to Done
[2026-02-25 16:43:09,46] [info] Assigned new job execution tokens to the following groups: 06160bfb: 1
[2026-02-25 16:43:09,48] [[38;5;220mwarn[0m] BackgroundConfigAsyncJobExecutionActor [[38;5;2m5b8f550e[0mVariantCalling.HaplotypeCallerGATK4:47:1]: Unrecognized runtime attribute keys: preemptible, bootDiskSizeGb, disks, cpu, memory
[2026-02-25 16:43:09,49] [info] BackgroundConfigAsyncJobExecutionActor [[38;5;2m5b8f550e[0mVariantCalling.HaplotypeCallerGATK4:47:1]: [38;5;5mset -e

# We need at least 1 GB of available memory outside of the Java heap in order to execute native code, thus, limit
# Java's memory by the total memory minus 1 GB. We need to compute the total memory as it might differ from
# memory_size_gb because of Cromwell's retry with more memory feature.
mem_unit=$(echo "${MEM_UNIT:-}" | cut -c 1)

if [[ $mem_unit == "M" ]]; then
  available_memory_mb=$(awk "BEGIN {print int($MEM_SIZE)}")
elif [[ $mem_unit == "G" ]]; then
  available_memory_mb=$(awk "BEGIN {print int($MEM_SIZE * 1024)}")
else
  available_memory_mb=$(free -m | awk '/^Mem/ {print $2}')
fi

let java_memory_size_mb=available_memory_mb-1024
echo Total available memory: ${available_memory_mb} MB >&2
echo Memory reserved for Java: ${java_memory_size_mb} MB >&2

gatk --java-options "-Xmx150000m -Xms150000m -XX:GCTimeLimit=50 -XX:GCHeapFreeLimit=10" \
  HaplotypeCaller \
  -R /cromwell-executions1/WholeGenomeGermlineSingleSample/06160bfb-7bc0-413b-9ba8-6a78ff6325b1/call-BamToGvcf/VariantCalling/5b8f550e-3447-4d42-8f2c-f8f7b00d3ef3/call-HaplotypeCallerGATK4/shard-47/inputs/-1569105944/Homo_sapiens_assembly38_masked.fasta \
  -I /cromwell-executions1/WholeGenomeGermlineSingleSample/06160bfb-7bc0-413b-9ba8-6a78ff6325b1/call-BamToGvcf/VariantCalling/5b8f550e-3447-4d42-8f2c-f8f7b00d3ef3/call-HaplotypeCallerGATK4/shard-47/inputs/-2128441055/ERR3687419_ILMN.bam \
  -L /cromwell-executions1/WholeGenomeGermlineSingleSample/06160bfb-7bc0-413b-9ba8-6a78ff6325b1/call-BamToGvcf/VariantCalling/5b8f550e-3447-4d42-8f2c-f8f7b00d3ef3/call-HaplotypeCallerGATK4/shard-47/inputs/-661313523/7scattered.interval_list \
  -O ERR3687419_ILMN.g.vcf.gz \
  -contamination 0.0 \
  -G StandardAnnotation -G StandardHCAnnotation -G AS_StandardAnnotation \
  --dragen-mode \
   \
  --dragstr-params-path /cromwell-executions1/WholeGenomeGermlineSingleSample/06160bfb-7bc0-413b-9ba8-6a78ff6325b1/call-BamToGvcf/VariantCalling/5b8f550e-3447-4d42-8f2c-f8f7b00d3ef3/call-HaplotypeCallerGATK4/shard-47/inputs/-463548327/ERR3687419_ILMN.bam.dragstr \
  -GQB 10 -GQB 20 -GQB 30 -GQB 40 -GQB 50 -GQB 60 -GQB 70 -GQB 80 -GQB 90 \
  -ERC GVCF \
  

# Cromwell doesn't like optional task outputs, so we have to touch this file.
touch ERR3687419_ILMN.bamout.bam[0m
[2026-02-25 16:43:09,49] [info] BackgroundConfigAsyncJobExecutionActor [[38;5;2m5b8f550e[0mVariantCalling.HaplotypeCallerGATK4:47:1]: executing: # make sure there is no preexisting Docker CID file
rm -f /home/darja/workflow/cromwell-executions1/WholeGenomeGermlineSingleSample/06160bfb-7bc0-413b-9ba8-6a78ff6325b1/call-BamToGvcf/VariantCalling/5b8f550e-3447-4d42-8f2c-f8f7b00d3ef3/call-HaplotypeCallerGATK4/shard-47/execution/docker_cid
# run as in the original configuration without --rm flag (will remove later)
docker run \
  --cidfile /home/darja/workflow/cromwell-executions1/WholeGenomeGermlineSingleSample/06160bfb-7bc0-413b-9ba8-6a78ff6325b1/call-BamToGvcf/VariantCalling/5b8f550e-3447-4d42-8f2c-f8f7b00d3ef3/call-HaplotypeCallerGATK4/shard-47/execution/docker_cid \
  -i \
  --user 1027:1028 \
  --cpus="64" \
  --memory="350G" \
  --entrypoint /bin/bash \
  -v /home/darja/workflow/cromwell-executions1/WholeGenomeGermlineSingleSample/06160bfb-7bc0-413b-9ba8-6a78ff6325b1/call-BamToGvcf/VariantCalling/5b8f550e-3447-4d42-8f2c-f8f7b00d3ef3/call-HaplotypeCallerGATK4/shard-47:/cromwell-executions1/WholeGenomeGermlineSingleSample/06160bfb-7bc0-413b-9ba8-6a78ff6325b1/call-BamToGvcf/VariantCalling/5b8f550e-3447-4d42-8f2c-f8f7b00d3ef3/call-HaplotypeCallerGATK4/shard-47 \
  -v /mnt/nas1/projects/lasr/blendseq:/mnt/nas1/projects/lasr/blendseq \
  us.gcr.io/broad-gatk/gatk@sha256:c88912855b845bd40c6b4bc8f3dd1d4b333ed2549cd3e8386987ee7c0c284f5a /cromwell-executions1/WholeGenomeGermlineSingleSample/06160bfb-7bc0-413b-9ba8-6a78ff6325b1/call-BamToGvcf/VariantCalling/5b8f550e-3447-4d42-8f2c-f8f7b00d3ef3/call-HaplotypeCallerGATK4/shard-47/execution/script

# get the return code (working even if the container was detached)
rc=$(docker wait [38;5;5mcat /home/darja/workflow/cromwell-executions1/WholeGenomeGermlineSingleSample/06160bfb-7bc0-413b-9ba8-6a78ff6325b1/call-BamToGvcf/VariantCalling/5b8f550e-3447-4d42-8f2c-f8f7b00d3ef3/call-HaplotypeCallerGATK4/shard-47/execution/docker_cid[0m)

# remove the container after waiting
docker rm [38;5;5mcat /home/darja/workflow/cromwell-executions1/WholeGenomeGermlineSingleSample/06160bfb-7bc0-413b-9ba8-6a78ff6325b1/call-BamToGvcf/VariantCalling/5b8f550e-3447-4d42-8f2c-f8f7b00d3ef3/call-HaplotypeCallerGATK4/shard-47/execution/docker_cid[0m

# return exit code
exit $rc
[2026-02-25 16:43:09,84] [info] 5b8f550e-3447-4d42-8f2c-f8f7b00d3ef3-SubWorkflowActor-SubWorkflow-BamToGvcf:-1:1 [[38;5;2m5b8f550e[0m]: Starting VariantCalling.DragenHardFilterVcf
[2026-02-25 16:43:14,34] [info] BackgroundConfigAsyncJobExecutionActor [[38;5;2m5b8f550e[0mVariantCalling.HaplotypeCallerGATK4:47:1]: job id: 108994
[2026-02-25 16:43:14,34] [info] BackgroundConfigAsyncJobExecutionActor [[38;5;2m5b8f550e[0mVariantCalling.HaplotypeCallerGATK4:47:1]: Status change from - to WaitingForReturnCode
[2026-02-25 17:12:06,85] [info] BackgroundConfigAsyncJobExecutionActor [[38;5;2m5b8f550e[0mVariantCalling.HaplotypeCallerGATK4:47:1]: Status change from WaitingForReturnCode to Done
[2026-02-25 17:12:07,93] [info] 5b8f550e-3447-4d42-8f2c-f8f7b00d3ef3-SubWorkflowActor-SubWorkflow-BamToGvcf:-1:1 [[38;5;2m5b8f550e[0m]: Starting VariantCalling.DragenHardFilterVcf
[2026-02-25 17:12:09,46] [info] Assigned new job execution tokens to the following groups: 06160bfb: 1
[2026-02-25 17:12:09,48] [[38;5;220mwarn[0m] BackgroundConfigAsyncJobExecutionActor [[38;5;2m5b8f550e[0mVariantCalling.HaplotypeCallerGATK4:49:1]: Unrecognized runtime attribute keys: preemptible, bootDiskSizeGb, disks, cpu, memory
[2026-02-25 17:12:09,50] [info] BackgroundConfigAsyncJobExecutionActor [[38;5;2m5b8f550e[0mVariantCalling.HaplotypeCallerGATK4:49:1]: [38;5;5mset -e

# We need at least 1 GB of available memory outside of the Java heap in order to execute native code, thus, limit
# Java's memory by the total memory minus 1 GB. We need to compute the total memory as it might differ from
# memory_size_gb because of Cromwell's retry with more memory feature.
mem_unit=$(echo "${MEM_UNIT:-}" | cut -c 1)

if [[ $mem_unit == "M" ]]; then
  available_memory_mb=$(awk "BEGIN {print int($MEM_SIZE)}")
elif [[ $mem_unit == "G" ]]; then
  available_memory_mb=$(awk "BEGIN {print int($MEM_SIZE * 1024)}")
else
  available_memory_mb=$(free -m | awk '/^Mem/ {print $2}')
fi

let java_memory_size_mb=available_memory_mb-1024
echo Total available memory: ${available_memory_mb} MB >&2
echo Memory reserved for Java: ${java_memory_size_mb} MB >&2

gatk --java-options "-Xmx150000m -Xms150000m -XX:GCTimeLimit=50 -XX:GCHeapFreeLimit=10" \
  HaplotypeCaller \
  -R /cromwell-executions1/WholeGenomeGermlineSingleSample/06160bfb-7bc0-413b-9ba8-6a78ff6325b1/call-BamToGvcf/VariantCalling/5b8f550e-3447-4d42-8f2c-f8f7b00d3ef3/call-HaplotypeCallerGATK4/shard-49/inputs/-1569105944/Homo_sapiens_assembly38_masked.fasta \
  -I /cromwell-executions1/WholeGenomeGermlineSingleSample/06160bfb-7bc0-413b-9ba8-6a78ff6325b1/call-BamToGvcf/VariantCalling/5b8f550e-3447-4d42-8f2c-f8f7b00d3ef3/call-HaplotypeCallerGATK4/shard-49/inputs/-2128441055/ERR3687419_ILMN.bam \
  -L /cromwell-executions1/WholeGenomeGermlineSingleSample/06160bfb-7bc0-413b-9ba8-6a78ff6325b1/call-BamToGvcf/VariantCalling/5b8f550e-3447-4d42-8f2c-f8f7b00d3ef3/call-HaplotypeCallerGATK4/shard-49/inputs/-661313523/9scattered.interval_list \
  -O ERR3687419_ILMN.g.vcf.gz \
  -contamination 0.0 \
  -G StandardAnnotation -G StandardHCAnnotation -G AS_StandardAnnotation \
  --dragen-mode \
   \
  --dragstr-params-path /cromwell-executions1/WholeGenomeGermlineSingleSample/06160bfb-7bc0-413b-9ba8-6a78ff6325b1/call-BamToGvcf/VariantCalling/5b8f550e-3447-4d42-8f2c-f8f7b00d3ef3/call-HaplotypeCallerGATK4/shard-49/inputs/-463548327/ERR3687419_ILMN.bam.dragstr \
  -GQB 10 -GQB 20 -GQB 30 -GQB 40 -GQB 50 -GQB 60 -GQB 70 -GQB 80 -GQB 90 \
  -ERC GVCF \
  

# Cromwell doesn't like optional task outputs, so we have to touch this file.
touch ERR3687419_ILMN.bamout.bam[0m
[2026-02-25 17:12:09,50] [info] BackgroundConfigAsyncJobExecutionActor [[38;5;2m5b8f550e[0mVariantCalling.HaplotypeCallerGATK4:49:1]: executing: # make sure there is no preexisting Docker CID file
rm -f /home/darja/workflow/cromwell-executions1/WholeGenomeGermlineSingleSample/06160bfb-7bc0-413b-9ba8-6a78ff6325b1/call-BamToGvcf/VariantCalling/5b8f550e-3447-4d42-8f2c-f8f7b00d3ef3/call-HaplotypeCallerGATK4/shard-49/execution/docker_cid
# run as in the original configuration without --rm flag (will remove later)
docker run \
  --cidfile /home/darja/workflow/cromwell-executions1/WholeGenomeGermlineSingleSample/06160bfb-7bc0-413b-9ba8-6a78ff6325b1/call-BamToGvcf/VariantCalling/5b8f550e-3447-4d42-8f2c-f8f7b00d3ef3/call-HaplotypeCallerGATK4/shard-49/execution/docker_cid \
  -i \
  --user 1027:1028 \
  --cpus="64" \
  --memory="350G" \
  --entrypoint /bin/bash \
  -v /home/darja/workflow/cromwell-executions1/WholeGenomeGermlineSingleSample/06160bfb-7bc0-413b-9ba8-6a78ff6325b1/call-BamToGvcf/VariantCalling/5b8f550e-3447-4d42-8f2c-f8f7b00d3ef3/call-HaplotypeCallerGATK4/shard-49:/cromwell-executions1/WholeGenomeGermlineSingleSample/06160bfb-7bc0-413b-9ba8-6a78ff6325b1/call-BamToGvcf/VariantCalling/5b8f550e-3447-4d42-8f2c-f8f7b00d3ef3/call-HaplotypeCallerGATK4/shard-49 \
  -v /mnt/nas1/projects/lasr/blendseq:/mnt/nas1/projects/lasr/blendseq \
  us.gcr.io/broad-gatk/gatk@sha256:c88912855b845bd40c6b4bc8f3dd1d4b333ed2549cd3e8386987ee7c0c284f5a /cromwell-executions1/WholeGenomeGermlineSingleSample/06160bfb-7bc0-413b-9ba8-6a78ff6325b1/call-BamToGvcf/VariantCalling/5b8f550e-3447-4d42-8f2c-f8f7b00d3ef3/call-HaplotypeCallerGATK4/shard-49/execution/script

# get the return code (working even if the container was detached)
rc=$(docker wait [38;5;5mcat /home/darja/workflow/cromwell-executions1/WholeGenomeGermlineSingleSample/06160bfb-7bc0-413b-9ba8-6a78ff6325b1/call-BamToGvcf/VariantCalling/5b8f550e-3447-4d42-8f2c-f8f7b00d3ef3/call-HaplotypeCallerGATK4/shard-49/execution/docker_cid[0m)

# remove the container after waiting
docker rm [38;5;5mcat /home/darja/workflow/cromwell-executions1/WholeGenomeGermlineSingleSample/06160bfb-7bc0-413b-9ba8-6a78ff6325b1/call-BamToGvcf/VariantCalling/5b8f550e-3447-4d42-8f2c-f8f7b00d3ef3/call-HaplotypeCallerGATK4/shard-49/execution/docker_cid[0m

# return exit code
exit $rc
[2026-02-25 17:12:14,34] [info] BackgroundConfigAsyncJobExecutionActor [[38;5;2m5b8f550e[0mVariantCalling.HaplotypeCallerGATK4:49:1]: job id: 109550
[2026-02-25 17:12:14,34] [info] BackgroundConfigAsyncJobExecutionActor [[38;5;2m5b8f550e[0mVariantCalling.HaplotypeCallerGATK4:49:1]: Status change from - to WaitingForReturnCode
[2026-02-25 17:46:01,20] [info] BackgroundConfigAsyncJobExecutionActor [[38;5;2m5b8f550e[0mVariantCalling.HaplotypeCallerGATK4:49:1]: Status change from WaitingForReturnCode to Done
[2026-02-25 17:46:02,85] [info] 5b8f550e-3447-4d42-8f2c-f8f7b00d3ef3-SubWorkflowActor-SubWorkflow-BamToGvcf:-1:1 [[38;5;2m5b8f550e[0m]: Starting VariantCalling.DragenHardFilterVcf
[2026-02-25 17:46:09,46] [info] Assigned new job execution tokens to the following groups: 06160bfb: 1
[2026-02-25 17:46:09,48] [[38;5;220mwarn[0m] BackgroundConfigAsyncJobExecutionActor [[38;5;2m5b8f550e[0mVariantCalling.HaplotypeCallerGATK4:19:1]: Unrecognized runtime attribute keys: preemptible, bootDiskSizeGb, disks, cpu, memory
[2026-02-25 17:46:09,49] [info] BackgroundConfigAsyncJobExecutionActor [[38;5;2m5b8f550e[0mVariantCalling.HaplotypeCallerGATK4:19:1]: [38;5;5mset -e

# We need at least 1 GB of available memory outside of the Java heap in order to execute native code, thus, limit
# Java's memory by the total memory minus 1 GB. We need to compute the total memory as it might differ from
# memory_size_gb because of Cromwell's retry with more memory feature.
mem_unit=$(echo "${MEM_UNIT:-}" | cut -c 1)

if [[ $mem_unit == "M" ]]; then
  available_memory_mb=$(awk "BEGIN {print int($MEM_SIZE)}")
elif [[ $mem_unit == "G" ]]; then
  available_memory_mb=$(awk "BEGIN {print int($MEM_SIZE * 1024)}")
else
  available_memory_mb=$(free -m | awk '/^Mem/ {print $2}')
fi

let java_memory_size_mb=available_memory_mb-1024
echo Total available memory: ${available_memory_mb} MB >&2
echo Memory reserved for Java: ${java_memory_size_mb} MB >&2

gatk --java-options "-Xmx150000m -Xms150000m -XX:GCTimeLimit=50 -XX:GCHeapFreeLimit=10" \
  HaplotypeCaller \
  -R /cromwell-executions1/WholeGenomeGermlineSingleSample/06160bfb-7bc0-413b-9ba8-6a78ff6325b1/call-BamToGvcf/VariantCalling/5b8f550e-3447-4d42-8f2c-f8f7b00d3ef3/call-HaplotypeCallerGATK4/shard-19/inputs/-1569105944/Homo_sapiens_assembly38_masked.fasta \
  -I /cromwell-executions1/WholeGenomeGermlineSingleSample/06160bfb-7bc0-413b-9ba8-6a78ff6325b1/call-BamToGvcf/VariantCalling/5b8f550e-3447-4d42-8f2c-f8f7b00d3ef3/call-HaplotypeCallerGATK4/shard-19/inputs/-2128441055/ERR3687419_ILMN.bam \
  -L /cromwell-executions1/WholeGenomeGermlineSingleSample/06160bfb-7bc0-413b-9ba8-6a78ff6325b1/call-BamToGvcf/VariantCalling/5b8f550e-3447-4d42-8f2c-f8f7b00d3ef3/call-HaplotypeCallerGATK4/shard-19/inputs/-661313523/28scattered.interval_list \
  -O ERR3687419_ILMN.g.vcf.gz \
  -contamination 0.0 \
  -G StandardAnnotation -G StandardHCAnnotation -G AS_StandardAnnotation \
  --dragen-mode \
   \
  --dragstr-params-path /cromwell-executions1/WholeGenomeGermlineSingleSample/06160bfb-7bc0-413b-9ba8-6a78ff6325b1/call-BamToGvcf/VariantCalling/5b8f550e-3447-4d42-8f2c-f8f7b00d3ef3/call-HaplotypeCallerGATK4/shard-19/inputs/-463548327/ERR3687419_ILMN.bam.dragstr \
  -GQB 10 -GQB 20 -GQB 30 -GQB 40 -GQB 50 -GQB 60 -GQB 70 -GQB 80 -GQB 90 \
  -ERC GVCF \
  

# Cromwell doesn't like optional task outputs, so we have to touch this file.
touch ERR3687419_ILMN.bamout.bam[0m
[2026-02-25 17:46:09,50] [info] BackgroundConfigAsyncJobExecutionActor [[38;5;2m5b8f550e[0mVariantCalling.HaplotypeCallerGATK4:19:1]: executing: # make sure there is no preexisting Docker CID file
rm -f /home/darja/workflow/cromwell-executions1/WholeGenomeGermlineSingleSample/06160bfb-7bc0-413b-9ba8-6a78ff6325b1/call-BamToGvcf/VariantCalling/5b8f550e-3447-4d42-8f2c-f8f7b00d3ef3/call-HaplotypeCallerGATK4/shard-19/execution/docker_cid
# run as in the original configuration without --rm flag (will remove later)
docker run \
  --cidfile /home/darja/workflow/cromwell-executions1/WholeGenomeGermlineSingleSample/06160bfb-7bc0-413b-9ba8-6a78ff6325b1/call-BamToGvcf/VariantCalling/5b8f550e-3447-4d42-8f2c-f8f7b00d3ef3/call-HaplotypeCallerGATK4/shard-19/execution/docker_cid \
  -i \
  --user 1027:1028 \
  --cpus="64" \
  --memory="350G" \
  --entrypoint /bin/bash \
  -v /home/darja/workflow/cromwell-executions1/WholeGenomeGermlineSingleSample/06160bfb-7bc0-413b-9ba8-6a78ff6325b1/call-BamToGvcf/VariantCalling/5b8f550e-3447-4d42-8f2c-f8f7b00d3ef3/call-HaplotypeCallerGATK4/shard-19:/cromwell-executions1/WholeGenomeGermlineSingleSample/06160bfb-7bc0-413b-9ba8-6a78ff6325b1/call-BamToGvcf/VariantCalling/5b8f550e-3447-4d42-8f2c-f8f7b00d3ef3/call-HaplotypeCallerGATK4/shard-19 \
  -v /mnt/nas1/projects/lasr/blendseq:/mnt/nas1/projects/lasr/blendseq \
  us.gcr.io/broad-gatk/gatk@sha256:c88912855b845bd40c6b4bc8f3dd1d4b333ed2549cd3e8386987ee7c0c284f5a /cromwell-executions1/WholeGenomeGermlineSingleSample/06160bfb-7bc0-413b-9ba8-6a78ff6325b1/call-BamToGvcf/VariantCalling/5b8f550e-3447-4d42-8f2c-f8f7b00d3ef3/call-HaplotypeCallerGATK4/shard-19/execution/script

# get the return code (working even if the container was detached)
rc=$(docker wait [38;5;5mcat /home/darja/workflow/cromwell-executions1/WholeGenomeGermlineSingleSample/06160bfb-7bc0-413b-9ba8-6a78ff6325b1/call-BamToGvcf/VariantCalling/5b8f550e-3447-4d42-8f2c-f8f7b00d3ef3/call-HaplotypeCallerGATK4/shard-19/execution/docker_cid[0m)

# remove the container after waiting
docker rm [38;5;5mcat /home/darja/workflow/cromwell-executions1/WholeGenomeGermlineSingleSample/06160bfb-7bc0-413b-9ba8-6a78ff6325b1/call-BamToGvcf/VariantCalling/5b8f550e-3447-4d42-8f2c-f8f7b00d3ef3/call-HaplotypeCallerGATK4/shard-19/execution/docker_cid[0m

# return exit code
exit $rc
[2026-02-25 17:46:14,34] [info] BackgroundConfigAsyncJobExecutionActor [[38;5;2m5b8f550e[0mVariantCalling.HaplotypeCallerGATK4:19:1]: job id: 110197
[2026-02-25 17:46:14,34] [info] BackgroundConfigAsyncJobExecutionActor [[38;5;2m5b8f550e[0mVariantCalling.HaplotypeCallerGATK4:19:1]: Status change from - to WaitingForReturnCode
[2026-02-25 18:16:20,51] [info] BackgroundConfigAsyncJobExecutionActor [[38;5;2m5b8f550e[0mVariantCalling.HaplotypeCallerGATK4:19:1]: Status change from WaitingForReturnCode to Done
[2026-02-25 18:16:22,55] [info] 5b8f550e-3447-4d42-8f2c-f8f7b00d3ef3-SubWorkflowActor-SubWorkflow-BamToGvcf:-1:1 [[38;5;2m5b8f550e[0m]: Starting VariantCalling.DragenHardFilterVcf
[2026-02-25 18:16:29,46] [info] Assigned new job execution tokens to the following groups: 06160bfb: 1
[2026-02-25 18:16:29,48] [[38;5;220mwarn[0m] BackgroundConfigAsyncJobExecutionActor [[38;5;2m5b8f550e[0mVariantCalling.HaplotypeCallerGATK4:41:1]: Unrecognized runtime attribute keys: preemptible, bootDiskSizeGb, disks, cpu, memory
[2026-02-25 18:16:29,49] [info] BackgroundConfigAsyncJobExecutionActor [[38;5;2m5b8f550e[0mVariantCalling.HaplotypeCallerGATK4:41:1]: [38;5;5mset -e

# We need at least 1 GB of available memory outside of the Java heap in order to execute native code, thus, limit
# Java's memory by the total memory minus 1 GB. We need to compute the total memory as it might differ from
# memory_size_gb because of Cromwell's retry with more memory feature.
mem_unit=$(echo "${MEM_UNIT:-}" | cut -c 1)

if [[ $mem_unit == "M" ]]; then
  available_memory_mb=$(awk "BEGIN {print int($MEM_SIZE)}")
elif [[ $mem_unit == "G" ]]; then
  available_memory_mb=$(awk "BEGIN {print int($MEM_SIZE * 1024)}")
else
  available_memory_mb=$(free -m | awk '/^Mem/ {print $2}')
fi

let java_memory_size_mb=available_memory_mb-1024
echo Total available memory: ${available_memory_mb} MB >&2
echo Memory reserved for Java: ${java_memory_size_mb} MB >&2

gatk --java-options "-Xmx150000m -Xms150000m -XX:GCTimeLimit=50 -XX:GCHeapFreeLimit=10" \
  HaplotypeCaller \
  -R /cromwell-executions1/WholeGenomeGermlineSingleSample/06160bfb-7bc0-413b-9ba8-6a78ff6325b1/call-BamToGvcf/VariantCalling/5b8f550e-3447-4d42-8f2c-f8f7b00d3ef3/call-HaplotypeCallerGATK4/shard-41/inputs/-1569105944/Homo_sapiens_assembly38_masked.fasta \
  -I /cromwell-executions1/WholeGenomeGermlineSingleSample/06160bfb-7bc0-413b-9ba8-6a78ff6325b1/call-BamToGvcf/VariantCalling/5b8f550e-3447-4d42-8f2c-f8f7b00d3ef3/call-HaplotypeCallerGATK4/shard-41/inputs/-2128441055/ERR3687419_ILMN.bam \
  -L /cromwell-executions1/WholeGenomeGermlineSingleSample/06160bfb-7bc0-413b-9ba8-6a78ff6325b1/call-BamToGvcf/VariantCalling/5b8f550e-3447-4d42-8f2c-f8f7b00d3ef3/call-HaplotypeCallerGATK4/shard-41/inputs/-661313523/48scattered.interval_list \
  -O ERR3687419_ILMN.g.vcf.gz \
  -contamination 0.0 \
  -G StandardAnnotation -G StandardHCAnnotation -G AS_StandardAnnotation \
  --dragen-mode \
   \
  --dragstr-params-path /cromwell-executions1/WholeGenomeGermlineSingleSample/06160bfb-7bc0-413b-9ba8-6a78ff6325b1/call-BamToGvcf/VariantCalling/5b8f550e-3447-4d42-8f2c-f8f7b00d3ef3/call-HaplotypeCallerGATK4/shard-41/inputs/-463548327/ERR3687419_ILMN.bam.dragstr \
  -GQB 10 -GQB 20 -GQB 30 -GQB 40 -GQB 50 -GQB 60 -GQB 70 -GQB 80 -GQB 90 \
  -ERC GVCF \
  

# Cromwell doesn't like optional task outputs, so we have to touch this file.
touch ERR3687419_ILMN.bamout.bam[0m
[2026-02-25 18:16:29,49] [info] BackgroundConfigAsyncJobExecutionActor [[38;5;2m5b8f550e[0mVariantCalling.HaplotypeCallerGATK4:41:1]: executing: # make sure there is no preexisting Docker CID file
rm -f /home/darja/workflow/cromwell-executions1/WholeGenomeGermlineSingleSample/06160bfb-7bc0-413b-9ba8-6a78ff6325b1/call-BamToGvcf/VariantCalling/5b8f550e-3447-4d42-8f2c-f8f7b00d3ef3/call-HaplotypeCallerGATK4/shard-41/execution/docker_cid
# run as in the original configuration without --rm flag (will remove later)
docker run \
  --cidfile /home/darja/workflow/cromwell-executions1/WholeGenomeGermlineSingleSample/06160bfb-7bc0-413b-9ba8-6a78ff6325b1/call-BamToGvcf/VariantCalling/5b8f550e-3447-4d42-8f2c-f8f7b00d3ef3/call-HaplotypeCallerGATK4/shard-41/execution/docker_cid \
  -i \
  --user 1027:1028 \
  --cpus="64" \
  --memory="350G" \
  --entrypoint /bin/bash \
  -v /home/darja/workflow/cromwell-executions1/WholeGenomeGermlineSingleSample/06160bfb-7bc0-413b-9ba8-6a78ff6325b1/call-BamToGvcf/VariantCalling/5b8f550e-3447-4d42-8f2c-f8f7b00d3ef3/call-HaplotypeCallerGATK4/shard-41:/cromwell-executions1/WholeGenomeGermlineSingleSample/06160bfb-7bc0-413b-9ba8-6a78ff6325b1/call-BamToGvcf/VariantCalling/5b8f550e-3447-4d42-8f2c-f8f7b00d3ef3/call-HaplotypeCallerGATK4/shard-41 \
  -v /mnt/nas1/projects/lasr/blendseq:/mnt/nas1/projects/lasr/blendseq \
  us.gcr.io/broad-gatk/gatk@sha256:c88912855b845bd40c6b4bc8f3dd1d4b333ed2549cd3e8386987ee7c0c284f5a /cromwell-executions1/WholeGenomeGermlineSingleSample/06160bfb-7bc0-413b-9ba8-6a78ff6325b1/call-BamToGvcf/VariantCalling/5b8f550e-3447-4d42-8f2c-f8f7b00d3ef3/call-HaplotypeCallerGATK4/shard-41/execution/script

# get the return code (working even if the container was detached)
rc=$(docker wait [38;5;5mcat /home/darja/workflow/cromwell-executions1/WholeGenomeGermlineSingleSample/06160bfb-7bc0-413b-9ba8-6a78ff6325b1/call-BamToGvcf/VariantCalling/5b8f550e-3447-4d42-8f2c-f8f7b00d3ef3/call-HaplotypeCallerGATK4/shard-41/execution/docker_cid[0m)

# remove the container after waiting
docker rm [38;5;5mcat /home/darja/workflow/cromwell-executions1/WholeGenomeGermlineSingleSample/06160bfb-7bc0-413b-9ba8-6a78ff6325b1/call-BamToGvcf/VariantCalling/5b8f550e-3447-4d42-8f2c-f8f7b00d3ef3/call-HaplotypeCallerGATK4/shard-41/execution/docker_cid[0m

# return exit code
exit $rc
[2026-02-25 18:16:34,34] [info] BackgroundConfigAsyncJobExecutionActor [[38;5;2m5b8f550e[0mVariantCalling.HaplotypeCallerGATK4:41:1]: job id: 110779
[2026-02-25 18:16:34,34] [info] BackgroundConfigAsyncJobExecutionActor [[38;5;2m5b8f550e[0mVariantCalling.HaplotypeCallerGATK4:41:1]: Status change from - to WaitingForReturnCode
[2026-02-25 18:28:05,22] [info] BackgroundConfigAsyncJobExecutionActor [[38;5;2m5b8f550e[0mVariantCalling.HaplotypeCallerGATK4:41:1]: Status change from WaitingForReturnCode to Done
[2026-02-25 18:28:06,37] [info] 5b8f550e-3447-4d42-8f2c-f8f7b00d3ef3-SubWorkflowActor-SubWorkflow-BamToGvcf:-1:1 [[38;5;2m5b8f550e[0m]: Starting VariantCalling.DragenHardFilterVcf
[2026-02-25 18:28:09,46] [info] Assigned new job execution tokens to the following groups: 06160bfb: 1
[2026-02-25 18:28:09,48] [[38;5;220mwarn[0m] BackgroundConfigAsyncJobExecutionActor [[38;5;2m5b8f550e[0mVariantCalling.HaplotypeCallerGATK4:38:1]: Unrecognized runtime attribute keys: preemptible, bootDiskSizeGb, disks, cpu, memory
[2026-02-25 18:28:09,49] [info] BackgroundConfigAsyncJobExecutionActor [[38;5;2m5b8f550e[0mVariantCalling.HaplotypeCallerGATK4:38:1]: [38;5;5mset -e

# We need at least 1 GB of available memory outside of the Java heap in order to execute native code, thus, limit
# Java's memory by the total memory minus 1 GB. We need to compute the total memory as it might differ from
# memory_size_gb because of Cromwell's retry with more memory feature.
mem_unit=$(echo "${MEM_UNIT:-}" | cut -c 1)

if [[ $mem_unit == "M" ]]; then
  available_memory_mb=$(awk "BEGIN {print int($MEM_SIZE)}")
elif [[ $mem_unit == "G" ]]; then
  available_memory_mb=$(awk "BEGIN {print int($MEM_SIZE * 1024)}")
else
  available_memory_mb=$(free -m | awk '/^Mem/ {print $2}')
fi

let java_memory_size_mb=available_memory_mb-1024
echo Total available memory: ${available_memory_mb} MB >&2
echo Memory reserved for Java: ${java_memory_size_mb} MB >&2

gatk --java-options "-Xmx150000m -Xms150000m -XX:GCTimeLimit=50 -XX:GCHeapFreeLimit=10" \
  HaplotypeCaller \
  -R /cromwell-executions1/WholeGenomeGermlineSingleSample/06160bfb-7bc0-413b-9ba8-6a78ff6325b1/call-BamToGvcf/VariantCalling/5b8f550e-3447-4d42-8f2c-f8f7b00d3ef3/call-HaplotypeCallerGATK4/shard-38/inputs/-1569105944/Homo_sapiens_assembly38_masked.fasta \
  -I /cromwell-executions1/WholeGenomeGermlineSingleSample/06160bfb-7bc0-413b-9ba8-6a78ff6325b1/call-BamToGvcf/VariantCalling/5b8f550e-3447-4d42-8f2c-f8f7b00d3ef3/call-HaplotypeCallerGATK4/shard-38/inputs/-2128441055/ERR3687419_ILMN.bam \
  -L /cromwell-executions1/WholeGenomeGermlineSingleSample/06160bfb-7bc0-413b-9ba8-6a78ff6325b1/call-BamToGvcf/VariantCalling/5b8f550e-3447-4d42-8f2c-f8f7b00d3ef3/call-HaplotypeCallerGATK4/shard-38/inputs/-661313523/45scattered.interval_list \
  -O ERR3687419_ILMN.g.vcf.gz \
  -contamination 0.0 \
  -G StandardAnnotation -G StandardHCAnnotation -G AS_StandardAnnotation \
  --dragen-mode \
   \
  --dragstr-params-path /cromwell-executions1/WholeGenomeGermlineSingleSample/06160bfb-7bc0-413b-9ba8-6a78ff6325b1/call-BamToGvcf/VariantCalling/5b8f550e-3447-4d42-8f2c-f8f7b00d3ef3/call-HaplotypeCallerGATK4/shard-38/inputs/-463548327/ERR3687419_ILMN.bam.dragstr \
  -GQB 10 -GQB 20 -GQB 30 -GQB 40 -GQB 50 -GQB 60 -GQB 70 -GQB 80 -GQB 90 \
  -ERC GVCF \
  

# Cromwell doesn't like optional task outputs, so we have to touch this file.
touch ERR3687419_ILMN.bamout.bam[0m
[2026-02-25 18:28:09,50] [info] BackgroundConfigAsyncJobExecutionActor [[38;5;2m5b8f550e[0mVariantCalling.HaplotypeCallerGATK4:38:1]: executing: # make sure there is no preexisting Docker CID file
rm -f /home/darja/workflow/cromwell-executions1/WholeGenomeGermlineSingleSample/06160bfb-7bc0-413b-9ba8-6a78ff6325b1/call-BamToGvcf/VariantCalling/5b8f550e-3447-4d42-8f2c-f8f7b00d3ef3/call-HaplotypeCallerGATK4/shard-38/execution/docker_cid
# run as in the original configuration without --rm flag (will remove later)
docker run \
  --cidfile /home/darja/workflow/cromwell-executions1/WholeGenomeGermlineSingleSample/06160bfb-7bc0-413b-9ba8-6a78ff6325b1/call-BamToGvcf/VariantCalling/5b8f550e-3447-4d42-8f2c-f8f7b00d3ef3/call-HaplotypeCallerGATK4/shard-38/execution/docker_cid \
  -i \
  --user 1027:1028 \
  --cpus="64" \
  --memory="350G" \
  --entrypoint /bin/bash \
  -v /home/darja/workflow/cromwell-executions1/WholeGenomeGermlineSingleSample/06160bfb-7bc0-413b-9ba8-6a78ff6325b1/call-BamToGvcf/VariantCalling/5b8f550e-3447-4d42-8f2c-f8f7b00d3ef3/call-HaplotypeCallerGATK4/shard-38:/cromwell-executions1/WholeGenomeGermlineSingleSample/06160bfb-7bc0-413b-9ba8-6a78ff6325b1/call-BamToGvcf/VariantCalling/5b8f550e-3447-4d42-8f2c-f8f7b00d3ef3/call-HaplotypeCallerGATK4/shard-38 \
  -v /mnt/nas1/projects/lasr/blendseq:/mnt/nas1/projects/lasr/blendseq \
  us.gcr.io/broad-gatk/gatk@sha256:c88912855b845bd40c6b4bc8f3dd1d4b333ed2549cd3e8386987ee7c0c284f5a /cromwell-executions1/WholeGenomeGermlineSingleSample/06160bfb-7bc0-413b-9ba8-6a78ff6325b1/call-BamToGvcf/VariantCalling/5b8f550e-3447-4d42-8f2c-f8f7b00d3ef3/call-HaplotypeCallerGATK4/shard-38/execution/script

# get the return code (working even if the container was detached)
rc=$(docker wait [38;5;5mcat /home/darja/workflow/cromwell-executions1/WholeGenomeGermlineSingleSample/06160bfb-7bc0-413b-9ba8-6a78ff6325b1/call-BamToGvcf/VariantCalling/5b8f550e-3447-4d42-8f2c-f8f7b00d3ef3/call-HaplotypeCallerGATK4/shard-38/execution/docker_cid[0m)

# remove the container after waiting
docker rm [38;5;5mcat /home/darja/workflow/cromwell-executions1/WholeGenomeGermlineSingleSample/06160bfb-7bc0-413b-9ba8-6a78ff6325b1/call-BamToGvcf/VariantCalling/5b8f550e-3447-4d42-8f2c-f8f7b00d3ef3/call-HaplotypeCallerGATK4/shard-38/execution/docker_cid[0m

# return exit code
exit $rc
[2026-02-25 18:28:14,34] [info] BackgroundConfigAsyncJobExecutionActor [[38;5;2m5b8f550e[0mVariantCalling.HaplotypeCallerGATK4:38:1]: job id: 111267
[2026-02-25 18:28:14,34] [info] BackgroundConfigAsyncJobExecutionActor [[38;5;2m5b8f550e[0mVariantCalling.HaplotypeCallerGATK4:38:1]: Status change from - to WaitingForReturnCode
[2026-02-25 19:04:14,14] [info] BackgroundConfigAsyncJobExecutionActor [[38;5;2m5b8f550e[0mVariantCalling.HaplotypeCallerGATK4:38:1]: Status change from WaitingForReturnCode to Done
[2026-02-25 19:04:15,93] [info] 5b8f550e-3447-4d42-8f2c-f8f7b00d3ef3-SubWorkflowActor-SubWorkflow-BamToGvcf:-1:1 [[38;5;2m5b8f550e[0m]: Starting VariantCalling.DragenHardFilterVcf
[2026-02-25 19:04:19,46] [info] Assigned new job execution tokens to the following groups: 06160bfb: 1
[2026-02-25 19:04:19,48] [[38;5;220mwarn[0m] BackgroundConfigAsyncJobExecutionActor [[38;5;2m5b8f550e[0mVariantCalling.HaplotypeCallerGATK4:12:1]: Unrecognized runtime attribute keys: preemptible, bootDiskSizeGb, disks, cpu, memory
[2026-02-25 19:04:19,51] [info] BackgroundConfigAsyncJobExecutionActor [[38;5;2m5b8f550e[0mVariantCalling.HaplotypeCallerGATK4:12:1]: [38;5;5mset -e

# We need at least 1 GB of available memory outside of the Java heap in order to execute native code, thus, limit
# Java's memory by the total memory minus 1 GB. We need to compute the total memory as it might differ from
# memory_size_gb because of Cromwell's retry with more memory feature.
mem_unit=$(echo "${MEM_UNIT:-}" | cut -c 1)

if [[ $mem_unit == "M" ]]; then
  available_memory_mb=$(awk "BEGIN {print int($MEM_SIZE)}")
elif [[ $mem_unit == "G" ]]; then
  available_memory_mb=$(awk "BEGIN {print int($MEM_SIZE * 1024)}")
else
  available_memory_mb=$(free -m | awk '/^Mem/ {print $2}')
fi

let java_memory_size_mb=available_memory_mb-1024
echo Total available memory: ${available_memory_mb} MB >&2
echo Memory reserved for Java: ${java_memory_size_mb} MB >&2

gatk --java-options "-Xmx150000m -Xms150000m -XX:GCTimeLimit=50 -XX:GCHeapFreeLimit=10" \
  HaplotypeCaller \
  -R /cromwell-executions1/WholeGenomeGermlineSingleSample/06160bfb-7bc0-413b-9ba8-6a78ff6325b1/call-BamToGvcf/VariantCalling/5b8f550e-3447-4d42-8f2c-f8f7b00d3ef3/call-HaplotypeCallerGATK4/shard-12/inputs/-1569105944/Homo_sapiens_assembly38_masked.fasta \
  -I /cromwell-executions1/WholeGenomeGermlineSingleSample/06160bfb-7bc0-413b-9ba8-6a78ff6325b1/call-BamToGvcf/VariantCalling/5b8f550e-3447-4d42-8f2c-f8f7b00d3ef3/call-HaplotypeCallerGATK4/shard-12/inputs/-2128441055/ERR3687419_ILMN.bam \
  -L /cromwell-executions1/WholeGenomeGermlineSingleSample/06160bfb-7bc0-413b-9ba8-6a78ff6325b1/call-BamToGvcf/VariantCalling/5b8f550e-3447-4d42-8f2c-f8f7b00d3ef3/call-HaplotypeCallerGATK4/shard-12/inputs/-661313523/21scattered.interval_list \
  -O ERR3687419_ILMN.g.vcf.gz \
  -contamination 0.0 \
  -G StandardAnnotation -G StandardHCAnnotation -G AS_StandardAnnotation \
  --dragen-mode \
   \
  --dragstr-params-path /cromwell-executions1/WholeGenomeGermlineSingleSample/06160bfb-7bc0-413b-9ba8-6a78ff6325b1/call-BamToGvcf/VariantCalling/5b8f550e-3447-4d42-8f2c-f8f7b00d3ef3/call-HaplotypeCallerGATK4/shard-12/inputs/-463548327/ERR3687419_ILMN.bam.dragstr \
  -GQB 10 -GQB 20 -GQB 30 -GQB 40 -GQB 50 -GQB 60 -GQB 70 -GQB 80 -GQB 90 \
  -ERC GVCF \
  

# Cromwell doesn't like optional task outputs, so we have to touch this file.
touch ERR3687419_ILMN.bamout.bam[0m
[2026-02-25 19:04:19,52] [info] BackgroundConfigAsyncJobExecutionActor [[38;5;2m5b8f550e[0mVariantCalling.HaplotypeCallerGATK4:12:1]: executing: # make sure there is no preexisting Docker CID file
rm -f /home/darja/workflow/cromwell-executions1/WholeGenomeGermlineSingleSample/06160bfb-7bc0-413b-9ba8-6a78ff6325b1/call-BamToGvcf/VariantCalling/5b8f550e-3447-4d42-8f2c-f8f7b00d3ef3/call-HaplotypeCallerGATK4/shard-12/execution/docker_cid
# run as in the original configuration without --rm flag (will remove later)
docker run \
  --cidfile /home/darja/workflow/cromwell-executions1/WholeGenomeGermlineSingleSample/06160bfb-7bc0-413b-9ba8-6a78ff6325b1/call-BamToGvcf/VariantCalling/5b8f550e-3447-4d42-8f2c-f8f7b00d3ef3/call-HaplotypeCallerGATK4/shard-12/execution/docker_cid \
  -i \
  --user 1027:1028 \
  --cpus="64" \
  --memory="350G" \
  --entrypoint /bin/bash \
  -v /home/darja/workflow/cromwell-executions1/WholeGenomeGermlineSingleSample/06160bfb-7bc0-413b-9ba8-6a78ff6325b1/call-BamToGvcf/VariantCalling/5b8f550e-3447-4d42-8f2c-f8f7b00d3ef3/call-HaplotypeCallerGATK4/shard-12:/cromwell-executions1/WholeGenomeGermlineSingleSample/06160bfb-7bc0-413b-9ba8-6a78ff6325b1/call-BamToGvcf/VariantCalling/5b8f550e-3447-4d42-8f2c-f8f7b00d3ef3/call-HaplotypeCallerGATK4/shard-12 \
  -v /mnt/nas1/projects/lasr/blendseq:/mnt/nas1/projects/lasr/blendseq \
  us.gcr.io/broad-gatk/gatk@sha256:c88912855b845bd40c6b4bc8f3dd1d4b333ed2549cd3e8386987ee7c0c284f5a /cromwell-executions1/WholeGenomeGermlineSingleSample/06160bfb-7bc0-413b-9ba8-6a78ff6325b1/call-BamToGvcf/VariantCalling/5b8f550e-3447-4d42-8f2c-f8f7b00d3ef3/call-HaplotypeCallerGATK4/shard-12/execution/script

# get the return code (working even if the container was detached)
rc=$(docker wait [38;5;5mcat /home/darja/workflow/cromwell-executions1/WholeGenomeGermlineSingleSample/06160bfb-7bc0-413b-9ba8-6a78ff6325b1/call-BamToGvcf/VariantCalling/5b8f550e-3447-4d42-8f2c-f8f7b00d3ef3/call-HaplotypeCallerGATK4/shard-12/execution/docker_cid[0m)

# remove the container after waiting
docker rm [38;5;5mcat /home/darja/workflow/cromwell-executions1/WholeGenomeGermlineSingleSample/06160bfb-7bc0-413b-9ba8-6a78ff6325b1/call-BamToGvcf/VariantCalling/5b8f550e-3447-4d42-8f2c-f8f7b00d3ef3/call-HaplotypeCallerGATK4/shard-12/execution/docker_cid[0m

# return exit code
exit $rc
[2026-02-25 19:04:24,34] [info] BackgroundConfigAsyncJobExecutionActor [[38;5;2m5b8f550e[0mVariantCalling.HaplotypeCallerGATK4:12:1]: job id: 111848
[2026-02-25 19:04:24,34] [info] BackgroundConfigAsyncJobExecutionActor [[38;5;2m5b8f550e[0mVariantCalling.HaplotypeCallerGATK4:12:1]: Status change from - to WaitingForReturnCode
[2026-02-25 19:38:27,97] [info] BackgroundConfigAsyncJobExecutionActor [[38;5;2m5b8f550e[0mVariantCalling.HaplotypeCallerGATK4:12:1]: Status change from WaitingForReturnCode to Done
[2026-02-25 19:38:29,21] [info] 5b8f550e-3447-4d42-8f2c-f8f7b00d3ef3-SubWorkflowActor-SubWorkflow-BamToGvcf:-1:1 [[38;5;2m5b8f550e[0m]: Starting VariantCalling.DragenHardFilterVcf
[2026-02-25 19:38:29,46] [info] Assigned new job execution tokens to the following groups: 06160bfb: 1
[2026-02-25 19:38:29,48] [[38;5;220mwarn[0m] BackgroundConfigAsyncJobExecutionActor [[38;5;2m5b8f550e[0mVariantCalling.HaplotypeCallerGATK4:17:1]: Unrecognized runtime attribute keys: preemptible, bootDiskSizeGb, disks, cpu, memory
[2026-02-25 19:38:29,50] [info] BackgroundConfigAsyncJobExecutionActor [[38;5;2m5b8f550e[0mVariantCalling.HaplotypeCallerGATK4:17:1]: [38;5;5mset -e

# We need at least 1 GB of available memory outside of the Java heap in order to execute native code, thus, limit
# Java's memory by the total memory minus 1 GB. We need to compute the total memory as it might differ from
# memory_size_gb because of Cromwell's retry with more memory feature.
mem_unit=$(echo "${MEM_UNIT:-}" | cut -c 1)

if [[ $mem_unit == "M" ]]; then
  available_memory_mb=$(awk "BEGIN {print int($MEM_SIZE)}")
elif [[ $mem_unit == "G" ]]; then
  available_memory_mb=$(awk "BEGIN {print int($MEM_SIZE * 1024)}")
else
  available_memory_mb=$(free -m | awk '/^Mem/ {print $2}')
fi

let java_memory_size_mb=available_memory_mb-1024
echo Total available memory: ${available_memory_mb} MB >&2
echo Memory reserved for Java: ${java_memory_size_mb} MB >&2

gatk --java-options "-Xmx150000m -Xms150000m -XX:GCTimeLimit=50 -XX:GCHeapFreeLimit=10" \
  HaplotypeCaller \
  -R /cromwell-executions1/WholeGenomeGermlineSingleSample/06160bfb-7bc0-413b-9ba8-6a78ff6325b1/call-BamToGvcf/VariantCalling/5b8f550e-3447-4d42-8f2c-f8f7b00d3ef3/call-HaplotypeCallerGATK4/shard-17/inputs/-1569105944/Homo_sapiens_assembly38_masked.fasta \
  -I /cromwell-executions1/WholeGenomeGermlineSingleSample/06160bfb-7bc0-413b-9ba8-6a78ff6325b1/call-BamToGvcf/VariantCalling/5b8f550e-3447-4d42-8f2c-f8f7b00d3ef3/call-HaplotypeCallerGATK4/shard-17/inputs/-2128441055/ERR3687419_ILMN.bam \
  -L /cromwell-executions1/WholeGenomeGermlineSingleSample/06160bfb-7bc0-413b-9ba8-6a78ff6325b1/call-BamToGvcf/VariantCalling/5b8f550e-3447-4d42-8f2c-f8f7b00d3ef3/call-HaplotypeCallerGATK4/shard-17/inputs/-661313523/26scattered.interval_list \
  -O ERR3687419_ILMN.g.vcf.gz \
  -contamination 0.0 \
  -G StandardAnnotation -G StandardHCAnnotation -G AS_StandardAnnotation \
  --dragen-mode \
   \
  --dragstr-params-path /cromwell-executions1/WholeGenomeGermlineSingleSample/06160bfb-7bc0-413b-9ba8-6a78ff6325b1/call-BamToGvcf/VariantCalling/5b8f550e-3447-4d42-8f2c-f8f7b00d3ef3/call-HaplotypeCallerGATK4/shard-17/inputs/-463548327/ERR3687419_ILMN.bam.dragstr \
  -GQB 10 -GQB 20 -GQB 30 -GQB 40 -GQB 50 -GQB 60 -GQB 70 -GQB 80 -GQB 90 \
  -ERC GVCF \
  

# Cromwell doesn't like optional task outputs, so we have to touch this file.
touch ERR3687419_ILMN.bamout.bam[0m
[2026-02-25 19:38:29,50] [info] BackgroundConfigAsyncJobExecutionActor [[38;5;2m5b8f550e[0mVariantCalling.HaplotypeCallerGATK4:17:1]: executing: # make sure there is no preexisting Docker CID file
rm -f /home/darja/workflow/cromwell-executions1/WholeGenomeGermlineSingleSample/06160bfb-7bc0-413b-9ba8-6a78ff6325b1/call-BamToGvcf/VariantCalling/5b8f550e-3447-4d42-8f2c-f8f7b00d3ef3/call-HaplotypeCallerGATK4/shard-17/execution/docker_cid
# run as in the original configuration without --rm flag (will remove later)
docker run \
  --cidfile /home/darja/workflow/cromwell-executions1/WholeGenomeGermlineSingleSample/06160bfb-7bc0-413b-9ba8-6a78ff6325b1/call-BamToGvcf/VariantCalling/5b8f550e-3447-4d42-8f2c-f8f7b00d3ef3/call-HaplotypeCallerGATK4/shard-17/execution/docker_cid \
  -i \
  --user 1027:1028 \
  --cpus="64" \
  --memory="350G" \
  --entrypoint /bin/bash \
  -v /home/darja/workflow/cromwell-executions1/WholeGenomeGermlineSingleSample/06160bfb-7bc0-413b-9ba8-6a78ff6325b1/call-BamToGvcf/VariantCalling/5b8f550e-3447-4d42-8f2c-f8f7b00d3ef3/call-HaplotypeCallerGATK4/shard-17:/cromwell-executions1/WholeGenomeGermlineSingleSample/06160bfb-7bc0-413b-9ba8-6a78ff6325b1/call-BamToGvcf/VariantCalling/5b8f550e-3447-4d42-8f2c-f8f7b00d3ef3/call-HaplotypeCallerGATK4/shard-17 \
  -v /mnt/nas1/projects/lasr/blendseq:/mnt/nas1/projects/lasr/blendseq \
  us.gcr.io/broad-gatk/gatk@sha256:c88912855b845bd40c6b4bc8f3dd1d4b333ed2549cd3e8386987ee7c0c284f5a /cromwell-executions1/WholeGenomeGermlineSingleSample/06160bfb-7bc0-413b-9ba8-6a78ff6325b1/call-BamToGvcf/VariantCalling/5b8f550e-3447-4d42-8f2c-f8f7b00d3ef3/call-HaplotypeCallerGATK4/shard-17/execution/script

# get the return code (working even if the container was detached)
rc=$(docker wait [38;5;5mcat /home/darja/workflow/cromwell-executions1/WholeGenomeGermlineSingleSample/06160bfb-7bc0-413b-9ba8-6a78ff6325b1/call-BamToGvcf/VariantCalling/5b8f550e-3447-4d42-8f2c-f8f7b00d3ef3/call-HaplotypeCallerGATK4/shard-17/execution/docker_cid[0m)

# remove the container after waiting
docker rm [38;5;5mcat /home/darja/workflow/cromwell-executions1/WholeGenomeGermlineSingleSample/06160bfb-7bc0-413b-9ba8-6a78ff6325b1/call-BamToGvcf/VariantCalling/5b8f550e-3447-4d42-8f2c-f8f7b00d3ef3/call-HaplotypeCallerGATK4/shard-17/execution/docker_cid[0m

# return exit code
exit $rc
[2026-02-25 19:38:34,34] [info] BackgroundConfigAsyncJobExecutionActor [[38;5;2m5b8f550e[0mVariantCalling.HaplotypeCallerGATK4:17:1]: job id: 112467
[2026-02-25 19:38:34,34] [info] BackgroundConfigAsyncJobExecutionActor [[38;5;2m5b8f550e[0mVariantCalling.HaplotypeCallerGATK4:17:1]: Status change from - to WaitingForReturnCode
[2026-02-25 20:08:06,15] [info] BackgroundConfigAsyncJobExecutionActor [[38;5;2m5b8f550e[0mVariantCalling.HaplotypeCallerGATK4:17:1]: Status change from WaitingForReturnCode to Done
[2026-02-25 20:08:08,11] [info] 5b8f550e-3447-4d42-8f2c-f8f7b00d3ef3-SubWorkflowActor-SubWorkflow-BamToGvcf:-1:1 [[38;5;2m5b8f550e[0m]: Starting VariantCalling.DragenHardFilterVcf
[2026-02-25 20:08:09,46] [info] Assigned new job execution tokens to the following groups: 06160bfb: 1
[2026-02-25 20:08:09,48] [[38;5;220mwarn[0m] BackgroundConfigAsyncJobExecutionActor [[38;5;2m5b8f550e[0mVariantCalling.HaplotypeCallerGATK4:10:1]: Unrecognized runtime attribute keys: preemptible, bootDiskSizeGb, disks, cpu, memory
[2026-02-25 20:08:09,49] [info] BackgroundConfigAsyncJobExecutionActor [[38;5;2m5b8f550e[0mVariantCalling.HaplotypeCallerGATK4:10:1]: [38;5;5mset -e

# We need at least 1 GB of available memory outside of the Java heap in order to execute native code, thus, limit
# Java's memory by the total memory minus 1 GB. We need to compute the total memory as it might differ from
# memory_size_gb because of Cromwell's retry with more memory feature.
mem_unit=$(echo "${MEM_UNIT:-}" | cut -c 1)

if [[ $mem_unit == "M" ]]; then
  available_memory_mb=$(awk "BEGIN {print int($MEM_SIZE)}")
elif [[ $mem_unit == "G" ]]; then
  available_memory_mb=$(awk "BEGIN {print int($MEM_SIZE * 1024)}")
else
  available_memory_mb=$(free -m | awk '/^Mem/ {print $2}')
fi

let java_memory_size_mb=available_memory_mb-1024
echo Total available memory: ${available_memory_mb} MB >&2
echo Memory reserved for Java: ${java_memory_size_mb} MB >&2

gatk --java-options "-Xmx150000m -Xms150000m -XX:GCTimeLimit=50 -XX:GCHeapFreeLimit=10" \
  HaplotypeCaller \
  -R /cromwell-executions1/WholeGenomeGermlineSingleSample/06160bfb-7bc0-413b-9ba8-6a78ff6325b1/call-BamToGvcf/VariantCalling/5b8f550e-3447-4d42-8f2c-f8f7b00d3ef3/call-HaplotypeCallerGATK4/shard-10/inputs/-1569105944/Homo_sapiens_assembly38_masked.fasta \
  -I /cromwell-executions1/WholeGenomeGermlineSingleSample/06160bfb-7bc0-413b-9ba8-6a78ff6325b1/call-BamToGvcf/VariantCalling/5b8f550e-3447-4d42-8f2c-f8f7b00d3ef3/call-HaplotypeCallerGATK4/shard-10/inputs/-2128441055/ERR3687419_ILMN.bam \
  -L /cromwell-executions1/WholeGenomeGermlineSingleSample/06160bfb-7bc0-413b-9ba8-6a78ff6325b1/call-BamToGvcf/VariantCalling/5b8f550e-3447-4d42-8f2c-f8f7b00d3ef3/call-HaplotypeCallerGATK4/shard-10/inputs/-661313523/1scattered.interval_list \
  -O ERR3687419_ILMN.g.vcf.gz \
  -contamination 0.0 \
  -G StandardAnnotation -G StandardHCAnnotation -G AS_StandardAnnotation \
  --dragen-mode \
   \
  --dragstr-params-path /cromwell-executions1/WholeGenomeGermlineSingleSample/06160bfb-7bc0-413b-9ba8-6a78ff6325b1/call-BamToGvcf/VariantCalling/5b8f550e-3447-4d42-8f2c-f8f7b00d3ef3/call-HaplotypeCallerGATK4/shard-10/inputs/-463548327/ERR3687419_ILMN.bam.dragstr \
  -GQB 10 -GQB 20 -GQB 30 -GQB 40 -GQB 50 -GQB 60 -GQB 70 -GQB 80 -GQB 90 \
  -ERC GVCF \
  

# Cromwell doesn't like optional task outputs, so we have to touch this file.
touch ERR3687419_ILMN.bamout.bam[0m
[2026-02-25 20:08:09,49] [info] BackgroundConfigAsyncJobExecutionActor [[38;5;2m5b8f550e[0mVariantCalling.HaplotypeCallerGATK4:10:1]: executing: # make sure there is no preexisting Docker CID file
rm -f /home/darja/workflow/cromwell-executions1/WholeGenomeGermlineSingleSample/06160bfb-7bc0-413b-9ba8-6a78ff6325b1/call-BamToGvcf/VariantCalling/5b8f550e-3447-4d42-8f2c-f8f7b00d3ef3/call-HaplotypeCallerGATK4/shard-10/execution/docker_cid
# run as in the original configuration without --rm flag (will remove later)
docker run \
  --cidfile /home/darja/workflow/cromwell-executions1/WholeGenomeGermlineSingleSample/06160bfb-7bc0-413b-9ba8-6a78ff6325b1/call-BamToGvcf/VariantCalling/5b8f550e-3447-4d42-8f2c-f8f7b00d3ef3/call-HaplotypeCallerGATK4/shard-10/execution/docker_cid \
  -i \
  --user 1027:1028 \
  --cpus="64" \
  --memory="350G" \
  --entrypoint /bin/bash \
  -v /home/darja/workflow/cromwell-executions1/WholeGenomeGermlineSingleSample/06160bfb-7bc0-413b-9ba8-6a78ff6325b1/call-BamToGvcf/VariantCalling/5b8f550e-3447-4d42-8f2c-f8f7b00d3ef3/call-HaplotypeCallerGATK4/shard-10:/cromwell-executions1/WholeGenomeGermlineSingleSample/06160bfb-7bc0-413b-9ba8-6a78ff6325b1/call-BamToGvcf/VariantCalling/5b8f550e-3447-4d42-8f2c-f8f7b00d3ef3/call-HaplotypeCallerGATK4/shard-10 \
  -v /mnt/nas1/projects/lasr/blendseq:/mnt/nas1/projects/lasr/blendseq \
  us.gcr.io/broad-gatk/gatk@sha256:c88912855b845bd40c6b4bc8f3dd1d4b333ed2549cd3e8386987ee7c0c284f5a /cromwell-executions1/WholeGenomeGermlineSingleSample/06160bfb-7bc0-413b-9ba8-6a78ff6325b1/call-BamToGvcf/VariantCalling/5b8f550e-3447-4d42-8f2c-f8f7b00d3ef3/call-HaplotypeCallerGATK4/shard-10/execution/script

# get the return code (working even if the container was detached)
rc=$(docker wait [38;5;5mcat /home/darja/workflow/cromwell-executions1/WholeGenomeGermlineSingleSample/06160bfb-7bc0-413b-9ba8-6a78ff6325b1/call-BamToGvcf/VariantCalling/5b8f550e-3447-4d42-8f2c-f8f7b00d3ef3/call-HaplotypeCallerGATK4/shard-10/execution/docker_cid[0m)

# remove the container after waiting
docker rm [38;5;5mcat /home/darja/workflow/cromwell-executions1/WholeGenomeGermlineSingleSample/06160bfb-7bc0-413b-9ba8-6a78ff6325b1/call-BamToGvcf/VariantCalling/5b8f550e-3447-4d42-8f2c-f8f7b00d3ef3/call-HaplotypeCallerGATK4/shard-10/execution/docker_cid[0m

# return exit code
exit $rc
[2026-02-25 20:08:14,34] [info] BackgroundConfigAsyncJobExecutionActor [[38;5;2m5b8f550e[0mVariantCalling.HaplotypeCallerGATK4:10:1]: job id: 113059
[2026-02-25 20:08:14,34] [info] BackgroundConfigAsyncJobExecutionActor [[38;5;2m5b8f550e[0mVariantCalling.HaplotypeCallerGATK4:10:1]: Status change from - to WaitingForReturnCode
[2026-02-25 20:39:32,15] [info] BackgroundConfigAsyncJobExecutionActor [[38;5;2m5b8f550e[0mVariantCalling.HaplotypeCallerGATK4:10:1]: Status change from WaitingForReturnCode to Done
[2026-02-25 20:39:34,11] [info] 5b8f550e-3447-4d42-8f2c-f8f7b00d3ef3-SubWorkflowActor-SubWorkflow-BamToGvcf:-1:1 [[38;5;2m5b8f550e[0m]: Starting VariantCalling.DragenHardFilterVcf
[2026-02-25 20:39:39,46] [info] Assigned new job execution tokens to the following groups: 06160bfb: 1
[2026-02-25 20:39:39,48] [[38;5;220mwarn[0m] BackgroundConfigAsyncJobExecutionActor [[38;5;2m5b8f550e[0mVariantCalling.HaplotypeCallerGATK4:27:1]: Unrecognized runtime attribute keys: preemptible, bootDiskSizeGb, disks, cpu, memory
[2026-02-25 20:39:39,49] [info] BackgroundConfigAsyncJobExecutionActor [[38;5;2m5b8f550e[0mVariantCalling.HaplotypeCallerGATK4:27:1]: [38;5;5mset -e

# We need at least 1 GB of available memory outside of the Java heap in order to execute native code, thus, limit
# Java's memory by the total memory minus 1 GB. We need to compute the total memory as it might differ from
# memory_size_gb because of Cromwell's retry with more memory feature.
mem_unit=$(echo "${MEM_UNIT:-}" | cut -c 1)

if [[ $mem_unit == "M" ]]; then
  available_memory_mb=$(awk "BEGIN {print int($MEM_SIZE)}")
elif [[ $mem_unit == "G" ]]; then
  available_memory_mb=$(awk "BEGIN {print int($MEM_SIZE * 1024)}")
else
  available_memory_mb=$(free -m | awk '/^Mem/ {print $2}')
fi

let java_memory_size_mb=available_memory_mb-1024
echo Total available memory: ${available_memory_mb} MB >&2
echo Memory reserved for Java: ${java_memory_size_mb} MB >&2

gatk --java-options "-Xmx150000m -Xms150000m -XX:GCTimeLimit=50 -XX:GCHeapFreeLimit=10" \
  HaplotypeCaller \
  -R /cromwell-executions1/WholeGenomeGermlineSingleSample/06160bfb-7bc0-413b-9ba8-6a78ff6325b1/call-BamToGvcf/VariantCalling/5b8f550e-3447-4d42-8f2c-f8f7b00d3ef3/call-HaplotypeCallerGATK4/shard-27/inputs/-1569105944/Homo_sapiens_assembly38_masked.fasta \
  -I /cromwell-executions1/WholeGenomeGermlineSingleSample/06160bfb-7bc0-413b-9ba8-6a78ff6325b1/call-BamToGvcf/VariantCalling/5b8f550e-3447-4d42-8f2c-f8f7b00d3ef3/call-HaplotypeCallerGATK4/shard-27/inputs/-2128441055/ERR3687419_ILMN.bam \
  -L /cromwell-executions1/WholeGenomeGermlineSingleSample/06160bfb-7bc0-413b-9ba8-6a78ff6325b1/call-BamToGvcf/VariantCalling/5b8f550e-3447-4d42-8f2c-f8f7b00d3ef3/call-HaplotypeCallerGATK4/shard-27/inputs/-661313523/35scattered.interval_list \
  -O ERR3687419_ILMN.g.vcf.gz \
  -contamination 0.0 \
  -G StandardAnnotation -G StandardHCAnnotation -G AS_StandardAnnotation \
  --dragen-mode \
   \
  --dragstr-params-path /cromwell-executions1/WholeGenomeGermlineSingleSample/06160bfb-7bc0-413b-9ba8-6a78ff6325b1/call-BamToGvcf/VariantCalling/5b8f550e-3447-4d42-8f2c-f8f7b00d3ef3/call-HaplotypeCallerGATK4/shard-27/inputs/-463548327/ERR3687419_ILMN.bam.dragstr \
  -GQB 10 -GQB 20 -GQB 30 -GQB 40 -GQB 50 -GQB 60 -GQB 70 -GQB 80 -GQB 90 \
  -ERC GVCF \
  

# Cromwell doesn't like optional task outputs, so we have to touch this file.
touch ERR3687419_ILMN.bamout.bam[0m
[2026-02-25 20:39:39,49] [info] BackgroundConfigAsyncJobExecutionActor [[38;5;2m5b8f550e[0mVariantCalling.HaplotypeCallerGATK4:27:1]: executing: # make sure there is no preexisting Docker CID file
rm -f /home/darja/workflow/cromwell-executions1/WholeGenomeGermlineSingleSample/06160bfb-7bc0-413b-9ba8-6a78ff6325b1/call-BamToGvcf/VariantCalling/5b8f550e-3447-4d42-8f2c-f8f7b00d3ef3/call-HaplotypeCallerGATK4/shard-27/execution/docker_cid
# run as in the original configuration without --rm flag (will remove later)
docker run \
  --cidfile /home/darja/workflow/cromwell-executions1/WholeGenomeGermlineSingleSample/06160bfb-7bc0-413b-9ba8-6a78ff6325b1/call-BamToGvcf/VariantCalling/5b8f550e-3447-4d42-8f2c-f8f7b00d3ef3/call-HaplotypeCallerGATK4/shard-27/execution/docker_cid \
  -i \
  --user 1027:1028 \
  --cpus="64" \
  --memory="350G" \
  --entrypoint /bin/bash \
  -v /home/darja/workflow/cromwell-executions1/WholeGenomeGermlineSingleSample/06160bfb-7bc0-413b-9ba8-6a78ff6325b1/call-BamToGvcf/VariantCalling/5b8f550e-3447-4d42-8f2c-f8f7b00d3ef3/call-HaplotypeCallerGATK4/shard-27:/cromwell-executions1/WholeGenomeGermlineSingleSample/06160bfb-7bc0-413b-9ba8-6a78ff6325b1/call-BamToGvcf/VariantCalling/5b8f550e-3447-4d42-8f2c-f8f7b00d3ef3/call-HaplotypeCallerGATK4/shard-27 \
  -v /mnt/nas1/projects/lasr/blendseq:/mnt/nas1/projects/lasr/blendseq \
  us.gcr.io/broad-gatk/gatk@sha256:c88912855b845bd40c6b4bc8f3dd1d4b333ed2549cd3e8386987ee7c0c284f5a /cromwell-executions1/WholeGenomeGermlineSingleSample/06160bfb-7bc0-413b-9ba8-6a78ff6325b1/call-BamToGvcf/VariantCalling/5b8f550e-3447-4d42-8f2c-f8f7b00d3ef3/call-HaplotypeCallerGATK4/shard-27/execution/script

# get the return code (working even if the container was detached)
rc=$(docker wait [38;5;5mcat /home/darja/workflow/cromwell-executions1/WholeGenomeGermlineSingleSample/06160bfb-7bc0-413b-9ba8-6a78ff6325b1/call-BamToGvcf/VariantCalling/5b8f550e-3447-4d42-8f2c-f8f7b00d3ef3/call-HaplotypeCallerGATK4/shard-27/execution/docker_cid[0m)

# remove the container after waiting
docker rm [38;5;5mcat /home/darja/workflow/cromwell-executions1/WholeGenomeGermlineSingleSample/06160bfb-7bc0-413b-9ba8-6a78ff6325b1/call-BamToGvcf/VariantCalling/5b8f550e-3447-4d42-8f2c-f8f7b00d3ef3/call-HaplotypeCallerGATK4/shard-27/execution/docker_cid[0m

# return exit code
exit $rc
[2026-02-25 20:39:44,34] [info] BackgroundConfigAsyncJobExecutionActor [[38;5;2m5b8f550e[0mVariantCalling.HaplotypeCallerGATK4:27:1]: job id: 113671
[2026-02-25 20:39:44,34] [info] BackgroundConfigAsyncJobExecutionActor [[38;5;2m5b8f550e[0mVariantCalling.HaplotypeCallerGATK4:27:1]: Status change from - to WaitingForReturnCode
[2026-02-25 21:17:39,66] [info] BackgroundConfigAsyncJobExecutionActor [[38;5;2m5b8f550e[0mVariantCalling.HaplotypeCallerGATK4:27:1]: Status change from WaitingForReturnCode to Done
[2026-02-25 21:17:40,97] [info] 5b8f550e-3447-4d42-8f2c-f8f7b00d3ef3-SubWorkflowActor-SubWorkflow-BamToGvcf:-1:1 [[38;5;2m5b8f550e[0m]: Starting VariantCalling.DragenHardFilterVcf
[2026-02-25 21:17:49,46] [info] Assigned new job execution tokens to the following groups: 06160bfb: 1
[2026-02-25 21:17:49,48] [[38;5;220mwarn[0m] BackgroundConfigAsyncJobExecutionActor [[38;5;2m5b8f550e[0mVariantCalling.HaplotypeCallerGATK4:18:1]: Unrecognized runtime attribute keys: preemptible, bootDiskSizeGb, disks, cpu, memory
[2026-02-25 21:17:49,49] [info] BackgroundConfigAsyncJobExecutionActor [[38;5;2m5b8f550e[0mVariantCalling.HaplotypeCallerGATK4:18:1]: [38;5;5mset -e

# We need at least 1 GB of available memory outside of the Java heap in order to execute native code, thus, limit
# Java's memory by the total memory minus 1 GB. We need to compute the total memory as it might differ from
# memory_size_gb because of Cromwell's retry with more memory feature.
mem_unit=$(echo "${MEM_UNIT:-}" | cut -c 1)

if [[ $mem_unit == "M" ]]; then
  available_memory_mb=$(awk "BEGIN {print int($MEM_SIZE)}")
elif [[ $mem_unit == "G" ]]; then
  available_memory_mb=$(awk "BEGIN {print int($MEM_SIZE * 1024)}")
else
  available_memory_mb=$(free -m | awk '/^Mem/ {print $2}')
fi

let java_memory_size_mb=available_memory_mb-1024
echo Total available memory: ${available_memory_mb} MB >&2
echo Memory reserved for Java: ${java_memory_size_mb} MB >&2

gatk --java-options "-Xmx150000m -Xms150000m -XX:GCTimeLimit=50 -XX:GCHeapFreeLimit=10" \
  HaplotypeCaller \
  -R /cromwell-executions1/WholeGenomeGermlineSingleSample/06160bfb-7bc0-413b-9ba8-6a78ff6325b1/call-BamToGvcf/VariantCalling/5b8f550e-3447-4d42-8f2c-f8f7b00d3ef3/call-HaplotypeCallerGATK4/shard-18/inputs/-1569105944/Homo_sapiens_assembly38_masked.fasta \
  -I /cromwell-executions1/WholeGenomeGermlineSingleSample/06160bfb-7bc0-413b-9ba8-6a78ff6325b1/call-BamToGvcf/VariantCalling/5b8f550e-3447-4d42-8f2c-f8f7b00d3ef3/call-HaplotypeCallerGATK4/shard-18/inputs/-2128441055/ERR3687419_ILMN.bam \
  -L /cromwell-executions1/WholeGenomeGermlineSingleSample/06160bfb-7bc0-413b-9ba8-6a78ff6325b1/call-BamToGvcf/VariantCalling/5b8f550e-3447-4d42-8f2c-f8f7b00d3ef3/call-HaplotypeCallerGATK4/shard-18/inputs/-661313523/27scattered.interval_list \
  -O ERR3687419_ILMN.g.vcf.gz \
  -contamination 0.0 \
  -G StandardAnnotation -G StandardHCAnnotation -G AS_StandardAnnotation \
  --dragen-mode \
   \
  --dragstr-params-path /cromwell-executions1/WholeGenomeGermlineSingleSample/06160bfb-7bc0-413b-9ba8-6a78ff6325b1/call-BamToGvcf/VariantCalling/5b8f550e-3447-4d42-8f2c-f8f7b00d3ef3/call-HaplotypeCallerGATK4/shard-18/inputs/-463548327/ERR3687419_ILMN.bam.dragstr \
  -GQB 10 -GQB 20 -GQB 30 -GQB 40 -GQB 50 -GQB 60 -GQB 70 -GQB 80 -GQB 90 \
  -ERC GVCF \
  

# Cromwell doesn't like optional task outputs, so we have to touch this file.
touch ERR3687419_ILMN.bamout.bam[0m
[2026-02-25 21:17:49,50] [info] BackgroundConfigAsyncJobExecutionActor [[38;5;2m5b8f550e[0mVariantCalling.HaplotypeCallerGATK4:18:1]: executing: # make sure there is no preexisting Docker CID file
rm -f /home/darja/workflow/cromwell-executions1/WholeGenomeGermlineSingleSample/06160bfb-7bc0-413b-9ba8-6a78ff6325b1/call-BamToGvcf/VariantCalling/5b8f550e-3447-4d42-8f2c-f8f7b00d3ef3/call-HaplotypeCallerGATK4/shard-18/execution/docker_cid
# run as in the original configuration without --rm flag (will remove later)
docker run \
  --cidfile /home/darja/workflow/cromwell-executions1/WholeGenomeGermlineSingleSample/06160bfb-7bc0-413b-9ba8-6a78ff6325b1/call-BamToGvcf/VariantCalling/5b8f550e-3447-4d42-8f2c-f8f7b00d3ef3/call-HaplotypeCallerGATK4/shard-18/execution/docker_cid \
  -i \
  --user 1027:1028 \
  --cpus="64" \
  --memory="350G" \
  --entrypoint /bin/bash \
  -v /home/darja/workflow/cromwell-executions1/WholeGenomeGermlineSingleSample/06160bfb-7bc0-413b-9ba8-6a78ff6325b1/call-BamToGvcf/VariantCalling/5b8f550e-3447-4d42-8f2c-f8f7b00d3ef3/call-HaplotypeCallerGATK4/shard-18:/cromwell-executions1/WholeGenomeGermlineSingleSample/06160bfb-7bc0-413b-9ba8-6a78ff6325b1/call-BamToGvcf/VariantCalling/5b8f550e-3447-4d42-8f2c-f8f7b00d3ef3/call-HaplotypeCallerGATK4/shard-18 \
  -v /mnt/nas1/projects/lasr/blendseq:/mnt/nas1/projects/lasr/blendseq \
  us.gcr.io/broad-gatk/gatk@sha256:c88912855b845bd40c6b4bc8f3dd1d4b333ed2549cd3e8386987ee7c0c284f5a /cromwell-executions1/WholeGenomeGermlineSingleSample/06160bfb-7bc0-413b-9ba8-6a78ff6325b1/call-BamToGvcf/VariantCalling/5b8f550e-3447-4d42-8f2c-f8f7b00d3ef3/call-HaplotypeCallerGATK4/shard-18/execution/script

# get the return code (working even if the container was detached)
rc=$(docker wait [38;5;5mcat /home/darja/workflow/cromwell-executions1/WholeGenomeGermlineSingleSample/06160bfb-7bc0-413b-9ba8-6a78ff6325b1/call-BamToGvcf/VariantCalling/5b8f550e-3447-4d42-8f2c-f8f7b00d3ef3/call-HaplotypeCallerGATK4/shard-18/execution/docker_cid[0m)

# remove the container after waiting
docker rm [38;5;5mcat /home/darja/workflow/cromwell-executions1/WholeGenomeGermlineSingleSample/06160bfb-7bc0-413b-9ba8-6a78ff6325b1/call-BamToGvcf/VariantCalling/5b8f550e-3447-4d42-8f2c-f8f7b00d3ef3/call-HaplotypeCallerGATK4/shard-18/execution/docker_cid[0m

# return exit code
exit $rc
[2026-02-25 21:17:54,34] [info] BackgroundConfigAsyncJobExecutionActor [[38;5;2m5b8f550e[0mVariantCalling.HaplotypeCallerGATK4:18:1]: job id: 114391
[2026-02-25 21:17:54,34] [info] BackgroundConfigAsyncJobExecutionActor [[38;5;2m5b8f550e[0mVariantCalling.HaplotypeCallerGATK4:18:1]: Status change from - to WaitingForReturnCode
[2026-02-25 21:52:51,62] [info] BackgroundConfigAsyncJobExecutionActor [[38;5;2m5b8f550e[0mVariantCalling.HaplotypeCallerGATK4:18:1]: Status change from WaitingForReturnCode to Done
[2026-02-25 21:52:53,41] [info] 5b8f550e-3447-4d42-8f2c-f8f7b00d3ef3-SubWorkflowActor-SubWorkflow-BamToGvcf:-1:1 [[38;5;2m5b8f550e[0m]: Starting VariantCalling.DragenHardFilterVcf
[2026-02-25 21:52:59,46] [info] Assigned new job execution tokens to the following groups: 06160bfb: 1
[2026-02-25 21:52:59,48] [[38;5;220mwarn[0m] BackgroundConfigAsyncJobExecutionActor [[38;5;2m5b8f550e[0mVariantCalling.HaplotypeCallerGATK4:37:1]: Unrecognized runtime attribute keys: preemptible, bootDiskSizeGb, disks, cpu, memory
[2026-02-25 21:52:59,49] [info] BackgroundConfigAsyncJobExecutionActor [[38;5;2m5b8f550e[0mVariantCalling.HaplotypeCallerGATK4:37:1]: [38;5;5mset -e

# We need at least 1 GB of available memory outside of the Java heap in order to execute native code, thus, limit
# Java's memory by the total memory minus 1 GB. We need to compute the total memory as it might differ from
# memory_size_gb because of Cromwell's retry with more memory feature.
mem_unit=$(echo "${MEM_UNIT:-}" | cut -c 1)

if [[ $mem_unit == "M" ]]; then
  available_memory_mb=$(awk "BEGIN {print int($MEM_SIZE)}")
elif [[ $mem_unit == "G" ]]; then
  available_memory_mb=$(awk "BEGIN {print int($MEM_SIZE * 1024)}")
else
  available_memory_mb=$(free -m | awk '/^Mem/ {print $2}')
fi

let java_memory_size_mb=available_memory_mb-1024
echo Total available memory: ${available_memory_mb} MB >&2
echo Memory reserved for Java: ${java_memory_size_mb} MB >&2

gatk --java-options "-Xmx150000m -Xms150000m -XX:GCTimeLimit=50 -XX:GCHeapFreeLimit=10" \
  HaplotypeCaller \
  -R /cromwell-executions1/WholeGenomeGermlineSingleSample/06160bfb-7bc0-413b-9ba8-6a78ff6325b1/call-BamToGvcf/VariantCalling/5b8f550e-3447-4d42-8f2c-f8f7b00d3ef3/call-HaplotypeCallerGATK4/shard-37/inputs/-1569105944/Homo_sapiens_assembly38_masked.fasta \
  -I /cromwell-executions1/WholeGenomeGermlineSingleSample/06160bfb-7bc0-413b-9ba8-6a78ff6325b1/call-BamToGvcf/VariantCalling/5b8f550e-3447-4d42-8f2c-f8f7b00d3ef3/call-HaplotypeCallerGATK4/shard-37/inputs/-2128441055/ERR3687419_ILMN.bam \
  -L /cromwell-executions1/WholeGenomeGermlineSingleSample/06160bfb-7bc0-413b-9ba8-6a78ff6325b1/call-BamToGvcf/VariantCalling/5b8f550e-3447-4d42-8f2c-f8f7b00d3ef3/call-HaplotypeCallerGATK4/shard-37/inputs/-661313523/44scattered.interval_list \
  -O ERR3687419_ILMN.g.vcf.gz \
  -contamination 0.0 \
  -G StandardAnnotation -G StandardHCAnnotation -G AS_StandardAnnotation \
  --dragen-mode \
   \
  --dragstr-params-path /cromwell-executions1/WholeGenomeGermlineSingleSample/06160bfb-7bc0-413b-9ba8-6a78ff6325b1/call-BamToGvcf/VariantCalling/5b8f550e-3447-4d42-8f2c-f8f7b00d3ef3/call-HaplotypeCallerGATK4/shard-37/inputs/-463548327/ERR3687419_ILMN.bam.dragstr \
  -GQB 10 -GQB 20 -GQB 30 -GQB 40 -GQB 50 -GQB 60 -GQB 70 -GQB 80 -GQB 90 \
  -ERC GVCF \
  

# Cromwell doesn't like optional task outputs, so we have to touch this file.
touch ERR3687419_ILMN.bamout.bam[0m
[2026-02-25 21:52:59,50] [info] BackgroundConfigAsyncJobExecutionActor [[38;5;2m5b8f550e[0mVariantCalling.HaplotypeCallerGATK4:37:1]: executing: # make sure there is no preexisting Docker CID file
rm -f /home/darja/workflow/cromwell-executions1/WholeGenomeGermlineSingleSample/06160bfb-7bc0-413b-9ba8-6a78ff6325b1/call-BamToGvcf/VariantCalling/5b8f550e-3447-4d42-8f2c-f8f7b00d3ef3/call-HaplotypeCallerGATK4/shard-37/execution/docker_cid
# run as in the original configuration without --rm flag (will remove later)
docker run \
  --cidfile /home/darja/workflow/cromwell-executions1/WholeGenomeGermlineSingleSample/06160bfb-7bc0-413b-9ba8-6a78ff6325b1/call-BamToGvcf/VariantCalling/5b8f550e-3447-4d42-8f2c-f8f7b00d3ef3/call-HaplotypeCallerGATK4/shard-37/execution/docker_cid \
  -i \
  --user 1027:1028 \
  --cpus="64" \
  --memory="350G" \
  --entrypoint /bin/bash \
  -v /home/darja/workflow/cromwell-executions1/WholeGenomeGermlineSingleSample/06160bfb-7bc0-413b-9ba8-6a78ff6325b1/call-BamToGvcf/VariantCalling/5b8f550e-3447-4d42-8f2c-f8f7b00d3ef3/call-HaplotypeCallerGATK4/shard-37:/cromwell-executions1/WholeGenomeGermlineSingleSample/06160bfb-7bc0-413b-9ba8-6a78ff6325b1/call-BamToGvcf/VariantCalling/5b8f550e-3447-4d42-8f2c-f8f7b00d3ef3/call-HaplotypeCallerGATK4/shard-37 \
  -v /mnt/nas1/projects/lasr/blendseq:/mnt/nas1/projects/lasr/blendseq \
  us.gcr.io/broad-gatk/gatk@sha256:c88912855b845bd40c6b4bc8f3dd1d4b333ed2549cd3e8386987ee7c0c284f5a /cromwell-executions1/WholeGenomeGermlineSingleSample/06160bfb-7bc0-413b-9ba8-6a78ff6325b1/call-BamToGvcf/VariantCalling/5b8f550e-3447-4d42-8f2c-f8f7b00d3ef3/call-HaplotypeCallerGATK4/shard-37/execution/script

# get the return code (working even if the container was detached)
rc=$(docker wait [38;5;5mcat /home/darja/workflow/cromwell-executions1/WholeGenomeGermlineSingleSample/06160bfb-7bc0-413b-9ba8-6a78ff6325b1/call-BamToGvcf/VariantCalling/5b8f550e-3447-4d42-8f2c-f8f7b00d3ef3/call-HaplotypeCallerGATK4/shard-37/execution/docker_cid[0m)

# remove the container after waiting
docker rm [38;5;5mcat /home/darja/workflow/cromwell-executions1/WholeGenomeGermlineSingleSample/06160bfb-7bc0-413b-9ba8-6a78ff6325b1/call-BamToGvcf/VariantCalling/5b8f550e-3447-4d42-8f2c-f8f7b00d3ef3/call-HaplotypeCallerGATK4/shard-37/execution/docker_cid[0m

# return exit code
exit $rc
[2026-02-25 21:53:04,34] [info] BackgroundConfigAsyncJobExecutionActor [[38;5;2m5b8f550e[0mVariantCalling.HaplotypeCallerGATK4:37:1]: job id: 114972
[2026-02-25 21:53:04,34] [info] BackgroundConfigAsyncJobExecutionActor [[38;5;2m5b8f550e[0mVariantCalling.HaplotypeCallerGATK4:37:1]: Status change from - to WaitingForReturnCode
[2026-02-25 22:26:33,20] [info] BackgroundConfigAsyncJobExecutionActor [[38;5;2m5b8f550e[0mVariantCalling.HaplotypeCallerGATK4:37:1]: Status change from WaitingForReturnCode to Done
[2026-02-25 22:26:35,07] [info] 5b8f550e-3447-4d42-8f2c-f8f7b00d3ef3-SubWorkflowActor-SubWorkflow-BamToGvcf:-1:1 [[38;5;2m5b8f550e[0m]: Starting VariantCalling.DragenHardFilterVcf
[2026-02-25 22:26:39,46] [info] Assigned new job execution tokens to the following groups: 06160bfb: 1
[2026-02-25 22:26:39,48] [[38;5;220mwarn[0m] BackgroundConfigAsyncJobExecutionActor [[38;5;2m5b8f550e[0mVariantCalling.HaplotypeCallerGATK4:8:1]: Unrecognized runtime attribute keys: preemptible, bootDiskSizeGb, disks, cpu, memory
[2026-02-25 22:26:39,49] [info] BackgroundConfigAsyncJobExecutionActor [[38;5;2m5b8f550e[0mVariantCalling.HaplotypeCallerGATK4:8:1]: [38;5;5mset -e

# We need at least 1 GB of available memory outside of the Java heap in order to execute native code, thus, limit
# Java's memory by the total memory minus 1 GB. We need to compute the total memory as it might differ from
# memory_size_gb because of Cromwell's retry with more memory feature.
mem_unit=$(echo "${MEM_UNIT:-}" | cut -c 1)

if [[ $mem_unit == "M" ]]; then
  available_memory_mb=$(awk "BEGIN {print int($MEM_SIZE)}")
elif [[ $mem_unit == "G" ]]; then
  available_memory_mb=$(awk "BEGIN {print int($MEM_SIZE * 1024)}")
else
  available_memory_mb=$(free -m | awk '/^Mem/ {print $2}')
fi

let java_memory_size_mb=available_memory_mb-1024
echo Total available memory: ${available_memory_mb} MB >&2
echo Memory reserved for Java: ${java_memory_size_mb} MB >&2

gatk --java-options "-Xmx150000m -Xms150000m -XX:GCTimeLimit=50 -XX:GCHeapFreeLimit=10" \
  HaplotypeCaller \
  -R /cromwell-executions1/WholeGenomeGermlineSingleSample/06160bfb-7bc0-413b-9ba8-6a78ff6325b1/call-BamToGvcf/VariantCalling/5b8f550e-3447-4d42-8f2c-f8f7b00d3ef3/call-HaplotypeCallerGATK4/shard-8/inputs/-1569105944/Homo_sapiens_assembly38_masked.fasta \
  -I /cromwell-executions1/WholeGenomeGermlineSingleSample/06160bfb-7bc0-413b-9ba8-6a78ff6325b1/call-BamToGvcf/VariantCalling/5b8f550e-3447-4d42-8f2c-f8f7b00d3ef3/call-HaplotypeCallerGATK4/shard-8/inputs/-2128441055/ERR3687419_ILMN.bam \
  -L /cromwell-executions1/WholeGenomeGermlineSingleSample/06160bfb-7bc0-413b-9ba8-6a78ff6325b1/call-BamToGvcf/VariantCalling/5b8f550e-3447-4d42-8f2c-f8f7b00d3ef3/call-HaplotypeCallerGATK4/shard-8/inputs/-661313523/18scattered.interval_list \
  -O ERR3687419_ILMN.g.vcf.gz \
  -contamination 0.0 \
  -G StandardAnnotation -G StandardHCAnnotation -G AS_StandardAnnotation \
  --dragen-mode \
   \
  --dragstr-params-path /cromwell-executions1/WholeGenomeGermlineSingleSample/06160bfb-7bc0-413b-9ba8-6a78ff6325b1/call-BamToGvcf/VariantCalling/5b8f550e-3447-4d42-8f2c-f8f7b00d3ef3/call-HaplotypeCallerGATK4/shard-8/inputs/-463548327/ERR3687419_ILMN.bam.dragstr \
  -GQB 10 -GQB 20 -GQB 30 -GQB 40 -GQB 50 -GQB 60 -GQB 70 -GQB 80 -GQB 90 \
  -ERC GVCF \
  

# Cromwell doesn't like optional task outputs, so we have to touch this file.
touch ERR3687419_ILMN.bamout.bam[0m
[2026-02-25 22:26:39,49] [info] BackgroundConfigAsyncJobExecutionActor [[38;5;2m5b8f550e[0mVariantCalling.HaplotypeCallerGATK4:8:1]: executing: # make sure there is no preexisting Docker CID file
rm -f /home/darja/workflow/cromwell-executions1/WholeGenomeGermlineSingleSample/06160bfb-7bc0-413b-9ba8-6a78ff6325b1/call-BamToGvcf/VariantCalling/5b8f550e-3447-4d42-8f2c-f8f7b00d3ef3/call-HaplotypeCallerGATK4/shard-8/execution/docker_cid
# run as in the original configuration without --rm flag (will remove later)
docker run \
  --cidfile /home/darja/workflow/cromwell-executions1/WholeGenomeGermlineSingleSample/06160bfb-7bc0-413b-9ba8-6a78ff6325b1/call-BamToGvcf/VariantCalling/5b8f550e-3447-4d42-8f2c-f8f7b00d3ef3/call-HaplotypeCallerGATK4/shard-8/execution/docker_cid \
  -i \
  --user 1027:1028 \
  --cpus="64" \
  --memory="350G" \
  --entrypoint /bin/bash \
  -v /home/darja/workflow/cromwell-executions1/WholeGenomeGermlineSingleSample/06160bfb-7bc0-413b-9ba8-6a78ff6325b1/call-BamToGvcf/VariantCalling/5b8f550e-3447-4d42-8f2c-f8f7b00d3ef3/call-HaplotypeCallerGATK4/shard-8:/cromwell-executions1/WholeGenomeGermlineSingleSample/06160bfb-7bc0-413b-9ba8-6a78ff6325b1/call-BamToGvcf/VariantCalling/5b8f550e-3447-4d42-8f2c-f8f7b00d3ef3/call-HaplotypeCallerGATK4/shard-8 \
  -v /mnt/nas1/projects/lasr/blendseq:/mnt/nas1/projects/lasr/blendseq \
  us.gcr.io/broad-gatk/gatk@sha256:c88912855b845bd40c6b4bc8f3dd1d4b333ed2549cd3e8386987ee7c0c284f5a /cromwell-executions1/WholeGenomeGermlineSingleSample/06160bfb-7bc0-413b-9ba8-6a78ff6325b1/call-BamToGvcf/VariantCalling/5b8f550e-3447-4d42-8f2c-f8f7b00d3ef3/call-HaplotypeCallerGATK4/shard-8/execution/script

# get the return code (working even if the container was detached)
rc=$(docker wait [38;5;5mcat /home/darja/workflow/cromwell-executions1/WholeGenomeGermlineSingleSample/06160bfb-7bc0-413b-9ba8-6a78ff6325b1/call-BamToGvcf/VariantCalling/5b8f550e-3447-4d42-8f2c-f8f7b00d3ef3/call-HaplotypeCallerGATK4/shard-8/execution/docker_cid[0m)

# remove the container after waiting
docker rm [38;5;5mcat /home/darja/workflow/cromwell-executions1/WholeGenomeGermlineSingleSample/06160bfb-7bc0-413b-9ba8-6a78ff6325b1/call-BamToGvcf/VariantCalling/5b8f550e-3447-4d42-8f2c-f8f7b00d3ef3/call-HaplotypeCallerGATK4/shard-8/execution/docker_cid[0m

# return exit code
exit $rc
[2026-02-25 22:26:44,34] [info] BackgroundConfigAsyncJobExecutionActor [[38;5;2m5b8f550e[0mVariantCalling.HaplotypeCallerGATK4:8:1]: job id: 115568
[2026-02-25 22:26:44,34] [info] BackgroundConfigAsyncJobExecutionActor [[38;5;2m5b8f550e[0mVariantCalling.HaplotypeCallerGATK4:8:1]: Status change from - to WaitingForReturnCode
[2026-02-25 22:53:32,82] [info] BackgroundConfigAsyncJobExecutionActor [[38;5;2m5b8f550e[0mVariantCalling.HaplotypeCallerGATK4:8:1]: Status change from WaitingForReturnCode to Done
[2026-02-25 22:53:34,85] [info] 5b8f550e-3447-4d42-8f2c-f8f7b00d3ef3-SubWorkflowActor-SubWorkflow-BamToGvcf:-1:1 [[38;5;2m5b8f550e[0m]: Starting VariantCalling.DragenHardFilterVcf
[2026-02-25 22:53:39,46] [info] Assigned new job execution tokens to the following groups: 06160bfb: 1
[2026-02-25 22:53:39,48] [[38;5;220mwarn[0m] BackgroundConfigAsyncJobExecutionActor [[38;5;2m5b8f550e[0mVariantCalling.HaplotypeCallerGATK4:14:1]: Unrecognized runtime attribute keys: preemptible, bootDiskSizeGb, disks, cpu, memory
[2026-02-25 22:53:39,50] [info] BackgroundConfigAsyncJobExecutionActor [[38;5;2m5b8f550e[0mVariantCalling.HaplotypeCallerGATK4:14:1]: [38;5;5mset -e

# We need at least 1 GB of available memory outside of the Java heap in order to execute native code, thus, limit
# Java's memory by the total memory minus 1 GB. We need to compute the total memory as it might differ from
# memory_size_gb because of Cromwell's retry with more memory feature.
mem_unit=$(echo "${MEM_UNIT:-}" | cut -c 1)

if [[ $mem_unit == "M" ]]; then
  available_memory_mb=$(awk "BEGIN {print int($MEM_SIZE)}")
elif [[ $mem_unit == "G" ]]; then
  available_memory_mb=$(awk "BEGIN {print int($MEM_SIZE * 1024)}")
else
  available_memory_mb=$(free -m | awk '/^Mem/ {print $2}')
fi

let java_memory_size_mb=available_memory_mb-1024
echo Total available memory: ${available_memory_mb} MB >&2
echo Memory reserved for Java: ${java_memory_size_mb} MB >&2

gatk --java-options "-Xmx150000m -Xms150000m -XX:GCTimeLimit=50 -XX:GCHeapFreeLimit=10" \
  HaplotypeCaller \
  -R /cromwell-executions1/WholeGenomeGermlineSingleSample/06160bfb-7bc0-413b-9ba8-6a78ff6325b1/call-BamToGvcf/VariantCalling/5b8f550e-3447-4d42-8f2c-f8f7b00d3ef3/call-HaplotypeCallerGATK4/shard-14/inputs/-1569105944/Homo_sapiens_assembly38_masked.fasta \
  -I /cromwell-executions1/WholeGenomeGermlineSingleSample/06160bfb-7bc0-413b-9ba8-6a78ff6325b1/call-BamToGvcf/VariantCalling/5b8f550e-3447-4d42-8f2c-f8f7b00d3ef3/call-HaplotypeCallerGATK4/shard-14/inputs/-2128441055/ERR3687419_ILMN.bam \
  -L /cromwell-executions1/WholeGenomeGermlineSingleSample/06160bfb-7bc0-413b-9ba8-6a78ff6325b1/call-BamToGvcf/VariantCalling/5b8f550e-3447-4d42-8f2c-f8f7b00d3ef3/call-HaplotypeCallerGATK4/shard-14/inputs/-661313523/23scattered.interval_list \
  -O ERR3687419_ILMN.g.vcf.gz \
  -contamination 0.0 \
  -G StandardAnnotation -G StandardHCAnnotation -G AS_StandardAnnotation \
  --dragen-mode \
   \
  --dragstr-params-path /cromwell-executions1/WholeGenomeGermlineSingleSample/06160bfb-7bc0-413b-9ba8-6a78ff6325b1/call-BamToGvcf/VariantCalling/5b8f550e-3447-4d42-8f2c-f8f7b00d3ef3/call-HaplotypeCallerGATK4/shard-14/inputs/-463548327/ERR3687419_ILMN.bam.dragstr \
  -GQB 10 -GQB 20 -GQB 30 -GQB 40 -GQB 50 -GQB 60 -GQB 70 -GQB 80 -GQB 90 \
  -ERC GVCF \
  

# Cromwell doesn't like optional task outputs, so we have to touch this file.
touch ERR3687419_ILMN.bamout.bam[0m
[2026-02-25 22:53:39,50] [info] BackgroundConfigAsyncJobExecutionActor [[38;5;2m5b8f550e[0mVariantCalling.HaplotypeCallerGATK4:14:1]: executing: # make sure there is no preexisting Docker CID file
rm -f /home/darja/workflow/cromwell-executions1/WholeGenomeGermlineSingleSample/06160bfb-7bc0-413b-9ba8-6a78ff6325b1/call-BamToGvcf/VariantCalling/5b8f550e-3447-4d42-8f2c-f8f7b00d3ef3/call-HaplotypeCallerGATK4/shard-14/execution/docker_cid
# run as in the original configuration without --rm flag (will remove later)
docker run \
  --cidfile /home/darja/workflow/cromwell-executions1/WholeGenomeGermlineSingleSample/06160bfb-7bc0-413b-9ba8-6a78ff6325b1/call-BamToGvcf/VariantCalling/5b8f550e-3447-4d42-8f2c-f8f7b00d3ef3/call-HaplotypeCallerGATK4/shard-14/execution/docker_cid \
  -i \
  --user 1027:1028 \
  --cpus="64" \
  --memory="350G" \
  --entrypoint /bin/bash \
  -v /home/darja/workflow/cromwell-executions1/WholeGenomeGermlineSingleSample/06160bfb-7bc0-413b-9ba8-6a78ff6325b1/call-BamToGvcf/VariantCalling/5b8f550e-3447-4d42-8f2c-f8f7b00d3ef3/call-HaplotypeCallerGATK4/shard-14:/cromwell-executions1/WholeGenomeGermlineSingleSample/06160bfb-7bc0-413b-9ba8-6a78ff6325b1/call-BamToGvcf/VariantCalling/5b8f550e-3447-4d42-8f2c-f8f7b00d3ef3/call-HaplotypeCallerGATK4/shard-14 \
  -v /mnt/nas1/projects/lasr/blendseq:/mnt/nas1/projects/lasr/blendseq \
  us.gcr.io/broad-gatk/gatk@sha256:c88912855b845bd40c6b4bc8f3dd1d4b333ed2549cd3e8386987ee7c0c284f5a /cromwell-executions1/WholeGenomeGermlineSingleSample/06160bfb-7bc0-413b-9ba8-6a78ff6325b1/call-BamToGvcf/VariantCalling/5b8f550e-3447-4d42-8f2c-f8f7b00d3ef3/call-HaplotypeCallerGATK4/shard-14/execution/script

# get the return code (working even if the container was detached)
rc=$(docker wait [38;5;5mcat /home/darja/workflow/cromwell-executions1/WholeGenomeGermlineSingleSample/06160bfb-7bc0-413b-9ba8-6a78ff6325b1/call-BamToGvcf/VariantCalling/5b8f550e-3447-4d42-8f2c-f8f7b00d3ef3/call-HaplotypeCallerGATK4/shard-14/execution/docker_cid[0m)

# remove the container after waiting
docker rm [38;5;5mcat /home/darja/workflow/cromwell-executions1/WholeGenomeGermlineSingleSample/06160bfb-7bc0-413b-9ba8-6a78ff6325b1/call-BamToGvcf/VariantCalling/5b8f550e-3447-4d42-8f2c-f8f7b00d3ef3/call-HaplotypeCallerGATK4/shard-14/execution/docker_cid[0m

# return exit code
exit $rc
[2026-02-25 22:53:44,34] [info] BackgroundConfigAsyncJobExecutionActor [[38;5;2m5b8f550e[0mVariantCalling.HaplotypeCallerGATK4:14:1]: job id: 116153
[2026-02-25 22:53:44,35] [info] BackgroundConfigAsyncJobExecutionActor [[38;5;2m5b8f550e[0mVariantCalling.HaplotypeCallerGATK4:14:1]: Status change from - to WaitingForReturnCode
[2026-02-25 23:18:00,25] [info] BackgroundConfigAsyncJobExecutionActor [[38;5;2m5b8f550e[0mVariantCalling.HaplotypeCallerGATK4:14:1]: Status change from WaitingForReturnCode to Done
[2026-02-25 23:18:01,63] [info] 5b8f550e-3447-4d42-8f2c-f8f7b00d3ef3-SubWorkflowActor-SubWorkflow-BamToGvcf:-1:1 [[38;5;2m5b8f550e[0m]: Starting VariantCalling.DragenHardFilterVcf
[2026-02-25 23:18:09,46] [info] Assigned new job execution tokens to the following groups: 06160bfb: 1
[2026-02-25 23:18:09,48] [[38;5;220mwarn[0m] BackgroundConfigAsyncJobExecutionActor [[38;5;2m5b8f550e[0mVariantCalling.HaplotypeCallerGATK4:26:1]: Unrecognized runtime attribute keys: preemptible, bootDiskSizeGb, disks, cpu, memory
[2026-02-25 23:18:09,49] [info] BackgroundConfigAsyncJobExecutionActor [[38;5;2m5b8f550e[0mVariantCalling.HaplotypeCallerGATK4:26:1]: [38;5;5mset -e

# We need at least 1 GB of available memory outside of the Java heap in order to execute native code, thus, limit
# Java's memory by the total memory minus 1 GB. We need to compute the total memory as it might differ from
# memory_size_gb because of Cromwell's retry with more memory feature.
mem_unit=$(echo "${MEM_UNIT:-}" | cut -c 1)

if [[ $mem_unit == "M" ]]; then
  available_memory_mb=$(awk "BEGIN {print int($MEM_SIZE)}")
elif [[ $mem_unit == "G" ]]; then
  available_memory_mb=$(awk "BEGIN {print int($MEM_SIZE * 1024)}")
else
  available_memory_mb=$(free -m | awk '/^Mem/ {print $2}')
fi

let java_memory_size_mb=available_memory_mb-1024
echo Total available memory: ${available_memory_mb} MB >&2
echo Memory reserved for Java: ${java_memory_size_mb} MB >&2

gatk --java-options "-Xmx150000m -Xms150000m -XX:GCTimeLimit=50 -XX:GCHeapFreeLimit=10" \
  HaplotypeCaller \
  -R /cromwell-executions1/WholeGenomeGermlineSingleSample/06160bfb-7bc0-413b-9ba8-6a78ff6325b1/call-BamToGvcf/VariantCalling/5b8f550e-3447-4d42-8f2c-f8f7b00d3ef3/call-HaplotypeCallerGATK4/shard-26/inputs/-1569105944/Homo_sapiens_assembly38_masked.fasta \
  -I /cromwell-executions1/WholeGenomeGermlineSingleSample/06160bfb-7bc0-413b-9ba8-6a78ff6325b1/call-BamToGvcf/VariantCalling/5b8f550e-3447-4d42-8f2c-f8f7b00d3ef3/call-HaplotypeCallerGATK4/shard-26/inputs/-2128441055/ERR3687419_ILMN.bam \
  -L /cromwell-executions1/WholeGenomeGermlineSingleSample/06160bfb-7bc0-413b-9ba8-6a78ff6325b1/call-BamToGvcf/VariantCalling/5b8f550e-3447-4d42-8f2c-f8f7b00d3ef3/call-HaplotypeCallerGATK4/shard-26/inputs/-661313523/34scattered.interval_list \
  -O ERR3687419_ILMN.g.vcf.gz \
  -contamination 0.0 \
  -G StandardAnnotation -G StandardHCAnnotation -G AS_StandardAnnotation \
  --dragen-mode \
   \
  --dragstr-params-path /cromwell-executions1/WholeGenomeGermlineSingleSample/06160bfb-7bc0-413b-9ba8-6a78ff6325b1/call-BamToGvcf/VariantCalling/5b8f550e-3447-4d42-8f2c-f8f7b00d3ef3/call-HaplotypeCallerGATK4/shard-26/inputs/-463548327/ERR3687419_ILMN.bam.dragstr \
  -GQB 10 -GQB 20 -GQB 30 -GQB 40 -GQB 50 -GQB 60 -GQB 70 -GQB 80 -GQB 90 \
  -ERC GVCF \
  

# Cromwell doesn't like optional task outputs, so we have to touch this file.
touch ERR3687419_ILMN.bamout.bam[0m
[2026-02-25 23:18:09,49] [info] BackgroundConfigAsyncJobExecutionActor [[38;5;2m5b8f550e[0mVariantCalling.HaplotypeCallerGATK4:26:1]: executing: # make sure there is no preexisting Docker CID file
rm -f /home/darja/workflow/cromwell-executions1/WholeGenomeGermlineSingleSample/06160bfb-7bc0-413b-9ba8-6a78ff6325b1/call-BamToGvcf/VariantCalling/5b8f550e-3447-4d42-8f2c-f8f7b00d3ef3/call-HaplotypeCallerGATK4/shard-26/execution/docker_cid
# run as in the original configuration without --rm flag (will remove later)
docker run \
  --cidfile /home/darja/workflow/cromwell-executions1/WholeGenomeGermlineSingleSample/06160bfb-7bc0-413b-9ba8-6a78ff6325b1/call-BamToGvcf/VariantCalling/5b8f550e-3447-4d42-8f2c-f8f7b00d3ef3/call-HaplotypeCallerGATK4/shard-26/execution/docker_cid \
  -i \
  --user 1027:1028 \
  --cpus="64" \
  --memory="350G" \
  --entrypoint /bin/bash \
  -v /home/darja/workflow/cromwell-executions1/WholeGenomeGermlineSingleSample/06160bfb-7bc0-413b-9ba8-6a78ff6325b1/call-BamToGvcf/VariantCalling/5b8f550e-3447-4d42-8f2c-f8f7b00d3ef3/call-HaplotypeCallerGATK4/shard-26:/cromwell-executions1/WholeGenomeGermlineSingleSample/06160bfb-7bc0-413b-9ba8-6a78ff6325b1/call-BamToGvcf/VariantCalling/5b8f550e-3447-4d42-8f2c-f8f7b00d3ef3/call-HaplotypeCallerGATK4/shard-26 \
  -v /mnt/nas1/projects/lasr/blendseq:/mnt/nas1/projects/lasr/blendseq \
  us.gcr.io/broad-gatk/gatk@sha256:c88912855b845bd40c6b4bc8f3dd1d4b333ed2549cd3e8386987ee7c0c284f5a /cromwell-executions1/WholeGenomeGermlineSingleSample/06160bfb-7bc0-413b-9ba8-6a78ff6325b1/call-BamToGvcf/VariantCalling/5b8f550e-3447-4d42-8f2c-f8f7b00d3ef3/call-HaplotypeCallerGATK4/shard-26/execution/script

# get the return code (working even if the container was detached)
rc=$(docker wait [38;5;5mcat /home/darja/workflow/cromwell-executions1/WholeGenomeGermlineSingleSample/06160bfb-7bc0-413b-9ba8-6a78ff6325b1/call-BamToGvcf/VariantCalling/5b8f550e-3447-4d42-8f2c-f8f7b00d3ef3/call-HaplotypeCallerGATK4/shard-26/execution/docker_cid[0m)

# remove the container after waiting
docker rm [38;5;5mcat /home/darja/workflow/cromwell-executions1/WholeGenomeGermlineSingleSample/06160bfb-7bc0-413b-9ba8-6a78ff6325b1/call-BamToGvcf/VariantCalling/5b8f550e-3447-4d42-8f2c-f8f7b00d3ef3/call-HaplotypeCallerGATK4/shard-26/execution/docker_cid[0m

# return exit code
exit $rc
[2026-02-25 23:18:14,34] [info] BackgroundConfigAsyncJobExecutionActor [[38;5;2m5b8f550e[0mVariantCalling.HaplotypeCallerGATK4:26:1]: job id: 116719
[2026-02-25 23:18:14,34] [info] BackgroundConfigAsyncJobExecutionActor [[38;5;2m5b8f550e[0mVariantCalling.HaplotypeCallerGATK4:26:1]: Status change from - to WaitingForReturnCode
[2026-02-25 23:48:32,22] [info] BackgroundConfigAsyncJobExecutionActor [[38;5;2m5b8f550e[0mVariantCalling.HaplotypeCallerGATK4:26:1]: Status change from WaitingForReturnCode to Done
[2026-02-25 23:48:33,57] [info] 5b8f550e-3447-4d42-8f2c-f8f7b00d3ef3-SubWorkflowActor-SubWorkflow-BamToGvcf:-1:1 [[38;5;2m5b8f550e[0m]: Starting VariantCalling.DragenHardFilterVcf
[2026-02-25 23:48:39,46] [info] Assigned new job execution tokens to the following groups: 06160bfb: 1
[2026-02-25 23:48:39,48] [[38;5;220mwarn[0m] BackgroundConfigAsyncJobExecutionActor [[38;5;2m5b8f550e[0mVariantCalling.HaplotypeCallerGATK4:3:1]: Unrecognized runtime attribute keys: preemptible, bootDiskSizeGb, disks, cpu, memory
[2026-02-25 23:48:39,49] [info] BackgroundConfigAsyncJobExecutionActor [[38;5;2m5b8f550e[0mVariantCalling.HaplotypeCallerGATK4:3:1]: [38;5;5mset -e

# We need at least 1 GB of available memory outside of the Java heap in order to execute native code, thus, limit
# Java's memory by the total memory minus 1 GB. We need to compute the total memory as it might differ from
# memory_size_gb because of Cromwell's retry with more memory feature.
mem_unit=$(echo "${MEM_UNIT:-}" | cut -c 1)

if [[ $mem_unit == "M" ]]; then
  available_memory_mb=$(awk "BEGIN {print int($MEM_SIZE)}")
elif [[ $mem_unit == "G" ]]; then
  available_memory_mb=$(awk "BEGIN {print int($MEM_SIZE * 1024)}")
else
  available_memory_mb=$(free -m | awk '/^Mem/ {print $2}')
fi

let java_memory_size_mb=available_memory_mb-1024
echo Total available memory: ${available_memory_mb} MB >&2
echo Memory reserved for Java: ${java_memory_size_mb} MB >&2

gatk --java-options "-Xmx150000m -Xms150000m -XX:GCTimeLimit=50 -XX:GCHeapFreeLimit=10" \
  HaplotypeCaller \
  -R /cromwell-executions1/WholeGenomeGermlineSingleSample/06160bfb-7bc0-413b-9ba8-6a78ff6325b1/call-BamToGvcf/VariantCalling/5b8f550e-3447-4d42-8f2c-f8f7b00d3ef3/call-HaplotypeCallerGATK4/shard-3/inputs/-1569105944/Homo_sapiens_assembly38_masked.fasta \
  -I /cromwell-executions1/WholeGenomeGermlineSingleSample/06160bfb-7bc0-413b-9ba8-6a78ff6325b1/call-BamToGvcf/VariantCalling/5b8f550e-3447-4d42-8f2c-f8f7b00d3ef3/call-HaplotypeCallerGATK4/shard-3/inputs/-2128441055/ERR3687419_ILMN.bam \
  -L /cromwell-executions1/WholeGenomeGermlineSingleSample/06160bfb-7bc0-413b-9ba8-6a78ff6325b1/call-BamToGvcf/VariantCalling/5b8f550e-3447-4d42-8f2c-f8f7b00d3ef3/call-HaplotypeCallerGATK4/shard-3/inputs/-661313523/13scattered.interval_list \
  -O ERR3687419_ILMN.g.vcf.gz \
  -contamination 0.0 \
  -G StandardAnnotation -G StandardHCAnnotation -G AS_StandardAnnotation \
  --dragen-mode \
   \
  --dragstr-params-path /cromwell-executions1/WholeGenomeGermlineSingleSample/06160bfb-7bc0-413b-9ba8-6a78ff6325b1/call-BamToGvcf/VariantCalling/5b8f550e-3447-4d42-8f2c-f8f7b00d3ef3/call-HaplotypeCallerGATK4/shard-3/inputs/-463548327/ERR3687419_ILMN.bam.dragstr \
  -GQB 10 -GQB 20 -GQB 30 -GQB 40 -GQB 50 -GQB 60 -GQB 70 -GQB 80 -GQB 90 \
  -ERC GVCF \
  

# Cromwell doesn't like optional task outputs, so we have to touch this file.
touch ERR3687419_ILMN.bamout.bam[0m
[2026-02-25 23:48:39,50] [info] BackgroundConfigAsyncJobExecutionActor [[38;5;2m5b8f550e[0mVariantCalling.HaplotypeCallerGATK4:3:1]: executing: # make sure there is no preexisting Docker CID file
rm -f /home/darja/workflow/cromwell-executions1/WholeGenomeGermlineSingleSample/06160bfb-7bc0-413b-9ba8-6a78ff6325b1/call-BamToGvcf/VariantCalling/5b8f550e-3447-4d42-8f2c-f8f7b00d3ef3/call-HaplotypeCallerGATK4/shard-3/execution/docker_cid
# run as in the original configuration without --rm flag (will remove later)
docker run \
  --cidfile /home/darja/workflow/cromwell-executions1/WholeGenomeGermlineSingleSample/06160bfb-7bc0-413b-9ba8-6a78ff6325b1/call-BamToGvcf/VariantCalling/5b8f550e-3447-4d42-8f2c-f8f7b00d3ef3/call-HaplotypeCallerGATK4/shard-3/execution/docker_cid \
  -i \
  --user 1027:1028 \
  --cpus="64" \
  --memory="350G" \
  --entrypoint /bin/bash \
  -v /home/darja/workflow/cromwell-executions1/WholeGenomeGermlineSingleSample/06160bfb-7bc0-413b-9ba8-6a78ff6325b1/call-BamToGvcf/VariantCalling/5b8f550e-3447-4d42-8f2c-f8f7b00d3ef3/call-HaplotypeCallerGATK4/shard-3:/cromwell-executions1/WholeGenomeGermlineSingleSample/06160bfb-7bc0-413b-9ba8-6a78ff6325b1/call-BamToGvcf/VariantCalling/5b8f550e-3447-4d42-8f2c-f8f7b00d3ef3/call-HaplotypeCallerGATK4/shard-3 \
  -v /mnt/nas1/projects/lasr/blendseq:/mnt/nas1/projects/lasr/blendseq \
  us.gcr.io/broad-gatk/gatk@sha256:c88912855b845bd40c6b4bc8f3dd1d4b333ed2549cd3e8386987ee7c0c284f5a /cromwell-executions1/WholeGenomeGermlineSingleSample/06160bfb-7bc0-413b-9ba8-6a78ff6325b1/call-BamToGvcf/VariantCalling/5b8f550e-3447-4d42-8f2c-f8f7b00d3ef3/call-HaplotypeCallerGATK4/shard-3/execution/script

# get the return code (working even if the container was detached)
rc=$(docker wait [38;5;5mcat /home/darja/workflow/cromwell-executions1/WholeGenomeGermlineSingleSample/06160bfb-7bc0-413b-9ba8-6a78ff6325b1/call-BamToGvcf/VariantCalling/5b8f550e-3447-4d42-8f2c-f8f7b00d3ef3/call-HaplotypeCallerGATK4/shard-3/execution/docker_cid[0m)

# remove the container after waiting
docker rm [38;5;5mcat /home/darja/workflow/cromwell-executions1/WholeGenomeGermlineSingleSample/06160bfb-7bc0-413b-9ba8-6a78ff6325b1/call-BamToGvcf/VariantCalling/5b8f550e-3447-4d42-8f2c-f8f7b00d3ef3/call-HaplotypeCallerGATK4/shard-3/execution/docker_cid[0m

# return exit code
exit $rc
[2026-02-25 23:48:44,34] [info] BackgroundConfigAsyncJobExecutionActor [[38;5;2m5b8f550e[0mVariantCalling.HaplotypeCallerGATK4:3:1]: job id: 117292
[2026-02-25 23:48:44,34] [info] BackgroundConfigAsyncJobExecutionActor [[38;5;2m5b8f550e[0mVariantCalling.HaplotypeCallerGATK4:3:1]: Status change from - to WaitingForReturnCode
[2026-02-26 00:24:13,69] [info] BackgroundConfigAsyncJobExecutionActor [[38;5;2m5b8f550e[0mVariantCalling.HaplotypeCallerGATK4:3:1]: Status change from WaitingForReturnCode to Done
[2026-02-26 00:24:15,59] [info] 5b8f550e-3447-4d42-8f2c-f8f7b00d3ef3-SubWorkflowActor-SubWorkflow-BamToGvcf:-1:1 [[38;5;2m5b8f550e[0m]: Starting VariantCalling.DragenHardFilterVcf
[2026-02-26 00:24:19,46] [info] Assigned new job execution tokens to the following groups: 06160bfb: 1
[2026-02-26 00:24:19,48] [[38;5;220mwarn[0m] BackgroundConfigAsyncJobExecutionActor [[38;5;2m5b8f550e[0mVariantCalling.HaplotypeCallerGATK4:35:1]: Unrecognized runtime attribute keys: preemptible, bootDiskSizeGb, disks, cpu, memory
[2026-02-26 00:24:19,49] [info] BackgroundConfigAsyncJobExecutionActor [[38;5;2m5b8f550e[0mVariantCalling.HaplotypeCallerGATK4:35:1]: [38;5;5mset -e

# We need at least 1 GB of available memory outside of the Java heap in order to execute native code, thus, limit
# Java's memory by the total memory minus 1 GB. We need to compute the total memory as it might differ from
# memory_size_gb because of Cromwell's retry with more memory feature.
mem_unit=$(echo "${MEM_UNIT:-}" | cut -c 1)

if [[ $mem_unit == "M" ]]; then
  available_memory_mb=$(awk "BEGIN {print int($MEM_SIZE)}")
elif [[ $mem_unit == "G" ]]; then
  available_memory_mb=$(awk "BEGIN {print int($MEM_SIZE * 1024)}")
else
  available_memory_mb=$(free -m | awk '/^Mem/ {print $2}')
fi

let java_memory_size_mb=available_memory_mb-1024
echo Total available memory: ${available_memory_mb} MB >&2
echo Memory reserved for Java: ${java_memory_size_mb} MB >&2

gatk --java-options "-Xmx150000m -Xms150000m -XX:GCTimeLimit=50 -XX:GCHeapFreeLimit=10" \
  HaplotypeCaller \
  -R /cromwell-executions1/WholeGenomeGermlineSingleSample/06160bfb-7bc0-413b-9ba8-6a78ff6325b1/call-BamToGvcf/VariantCalling/5b8f550e-3447-4d42-8f2c-f8f7b00d3ef3/call-HaplotypeCallerGATK4/shard-35/inputs/-1569105944/Homo_sapiens_assembly38_masked.fasta \
  -I /cromwell-executions1/WholeGenomeGermlineSingleSample/06160bfb-7bc0-413b-9ba8-6a78ff6325b1/call-BamToGvcf/VariantCalling/5b8f550e-3447-4d42-8f2c-f8f7b00d3ef3/call-HaplotypeCallerGATK4/shard-35/inputs/-2128441055/ERR3687419_ILMN.bam \
  -L /cromwell-executions1/WholeGenomeGermlineSingleSample/06160bfb-7bc0-413b-9ba8-6a78ff6325b1/call-BamToGvcf/VariantCalling/5b8f550e-3447-4d42-8f2c-f8f7b00d3ef3/call-HaplotypeCallerGATK4/shard-35/inputs/-661313523/42scattered.interval_list \
  -O ERR3687419_ILMN.g.vcf.gz \
  -contamination 0.0 \
  -G StandardAnnotation -G StandardHCAnnotation -G AS_StandardAnnotation \
  --dragen-mode \
   \
  --dragstr-params-path /cromwell-executions1/WholeGenomeGermlineSingleSample/06160bfb-7bc0-413b-9ba8-6a78ff6325b1/call-BamToGvcf/VariantCalling/5b8f550e-3447-4d42-8f2c-f8f7b00d3ef3/call-HaplotypeCallerGATK4/shard-35/inputs/-463548327/ERR3687419_ILMN.bam.dragstr \
  -GQB 10 -GQB 20 -GQB 30 -GQB 40 -GQB 50 -GQB 60 -GQB 70 -GQB 80 -GQB 90 \
  -ERC GVCF \
  

# Cromwell doesn't like optional task outputs, so we have to touch this file.
touch ERR3687419_ILMN.bamout.bam[0m
[2026-02-26 00:24:19,50] [info] BackgroundConfigAsyncJobExecutionActor [[38;5;2m5b8f550e[0mVariantCalling.HaplotypeCallerGATK4:35:1]: executing: # make sure there is no preexisting Docker CID file
rm -f /home/darja/workflow/cromwell-executions1/WholeGenomeGermlineSingleSample/06160bfb-7bc0-413b-9ba8-6a78ff6325b1/call-BamToGvcf/VariantCalling/5b8f550e-3447-4d42-8f2c-f8f7b00d3ef3/call-HaplotypeCallerGATK4/shard-35/execution/docker_cid
# run as in the original configuration without --rm flag (will remove later)
docker run \
  --cidfile /home/darja/workflow/cromwell-executions1/WholeGenomeGermlineSingleSample/06160bfb-7bc0-413b-9ba8-6a78ff6325b1/call-BamToGvcf/VariantCalling/5b8f550e-3447-4d42-8f2c-f8f7b00d3ef3/call-HaplotypeCallerGATK4/shard-35/execution/docker_cid \
  -i \
  --user 1027:1028 \
  --cpus="64" \
  --memory="350G" \
  --entrypoint /bin/bash \
  -v /home/darja/workflow/cromwell-executions1/WholeGenomeGermlineSingleSample/06160bfb-7bc0-413b-9ba8-6a78ff6325b1/call-BamToGvcf/VariantCalling/5b8f550e-3447-4d42-8f2c-f8f7b00d3ef3/call-HaplotypeCallerGATK4/shard-35:/cromwell-executions1/WholeGenomeGermlineSingleSample/06160bfb-7bc0-413b-9ba8-6a78ff6325b1/call-BamToGvcf/VariantCalling/5b8f550e-3447-4d42-8f2c-f8f7b00d3ef3/call-HaplotypeCallerGATK4/shard-35 \
  -v /mnt/nas1/projects/lasr/blendseq:/mnt/nas1/projects/lasr/blendseq \
  us.gcr.io/broad-gatk/gatk@sha256:c88912855b845bd40c6b4bc8f3dd1d4b333ed2549cd3e8386987ee7c0c284f5a /cromwell-executions1/WholeGenomeGermlineSingleSample/06160bfb-7bc0-413b-9ba8-6a78ff6325b1/call-BamToGvcf/VariantCalling/5b8f550e-3447-4d42-8f2c-f8f7b00d3ef3/call-HaplotypeCallerGATK4/shard-35/execution/script

# get the return code (working even if the container was detached)
rc=$(docker wait [38;5;5mcat /home/darja/workflow/cromwell-executions1/WholeGenomeGermlineSingleSample/06160bfb-7bc0-413b-9ba8-6a78ff6325b1/call-BamToGvcf/VariantCalling/5b8f550e-3447-4d42-8f2c-f8f7b00d3ef3/call-HaplotypeCallerGATK4/shard-35/execution/docker_cid[0m)

# remove the container after waiting
docker rm [38;5;5mcat /home/darja/workflow/cromwell-executions1/WholeGenomeGermlineSingleSample/06160bfb-7bc0-413b-9ba8-6a78ff6325b1/call-BamToGvcf/VariantCalling/5b8f550e-3447-4d42-8f2c-f8f7b00d3ef3/call-HaplotypeCallerGATK4/shard-35/execution/docker_cid[0m

# return exit code
exit $rc
[2026-02-26 00:24:24,34] [info] BackgroundConfigAsyncJobExecutionActor [[38;5;2m5b8f550e[0mVariantCalling.HaplotypeCallerGATK4:35:1]: job id: 117921
[2026-02-26 00:24:24,34] [info] BackgroundConfigAsyncJobExecutionActor [[38;5;2m5b8f550e[0mVariantCalling.HaplotypeCallerGATK4:35:1]: Status change from - to WaitingForReturnCode
[2026-02-26 00:59:14,80] [info] BackgroundConfigAsyncJobExecutionActor [[38;5;2m5b8f550e[0mVariantCalling.HaplotypeCallerGATK4:35:1]: Status change from WaitingForReturnCode to Done
[2026-02-26 00:59:16,81] [info] 5b8f550e-3447-4d42-8f2c-f8f7b00d3ef3-SubWorkflowActor-SubWorkflow-BamToGvcf:-1:1 [[38;5;2m5b8f550e[0m]: Starting VariantCalling.DragenHardFilterVcf
[2026-02-26 00:59:19,46] [info] Assigned new job execution tokens to the following groups: 06160bfb: 1
[2026-02-26 00:59:19,48] [[38;5;220mwarn[0m] BackgroundConfigAsyncJobExecutionActor [[38;5;2m5b8f550e[0mVariantCalling.HaplotypeCallerGATK4:1:1]: Unrecognized runtime attribute keys: preemptible, bootDiskSizeGb, disks, cpu, memory
[2026-02-26 00:59:19,50] [info] BackgroundConfigAsyncJobExecutionActor [[38;5;2m5b8f550e[0mVariantCalling.HaplotypeCallerGATK4:1:1]: [38;5;5mset -e

# We need at least 1 GB of available memory outside of the Java heap in order to execute native code, thus, limit
# Java's memory by the total memory minus 1 GB. We need to compute the total memory as it might differ from
# memory_size_gb because of Cromwell's retry with more memory feature.
mem_unit=$(echo "${MEM_UNIT:-}" | cut -c 1)

if [[ $mem_unit == "M" ]]; then
  available_memory_mb=$(awk "BEGIN {print int($MEM_SIZE)}")
elif [[ $mem_unit == "G" ]]; then
  available_memory_mb=$(awk "BEGIN {print int($MEM_SIZE * 1024)}")
else
  available_memory_mb=$(free -m | awk '/^Mem/ {print $2}')
fi

let java_memory_size_mb=available_memory_mb-1024
echo Total available memory: ${available_memory_mb} MB >&2
echo Memory reserved for Java: ${java_memory_size_mb} MB >&2

gatk --java-options "-Xmx150000m -Xms150000m -XX:GCTimeLimit=50 -XX:GCHeapFreeLimit=10" \
  HaplotypeCaller \
  -R /cromwell-executions1/WholeGenomeGermlineSingleSample/06160bfb-7bc0-413b-9ba8-6a78ff6325b1/call-BamToGvcf/VariantCalling/5b8f550e-3447-4d42-8f2c-f8f7b00d3ef3/call-HaplotypeCallerGATK4/shard-1/inputs/-1569105944/Homo_sapiens_assembly38_masked.fasta \
  -I /cromwell-executions1/WholeGenomeGermlineSingleSample/06160bfb-7bc0-413b-9ba8-6a78ff6325b1/call-BamToGvcf/VariantCalling/5b8f550e-3447-4d42-8f2c-f8f7b00d3ef3/call-HaplotypeCallerGATK4/shard-1/inputs/-2128441055/ERR3687419_ILMN.bam \
  -L /cromwell-executions1/WholeGenomeGermlineSingleSample/06160bfb-7bc0-413b-9ba8-6a78ff6325b1/call-BamToGvcf/VariantCalling/5b8f550e-3447-4d42-8f2c-f8f7b00d3ef3/call-HaplotypeCallerGATK4/shard-1/inputs/-661313523/11scattered.interval_list \
  -O ERR3687419_ILMN.g.vcf.gz \
  -contamination 0.0 \
  -G StandardAnnotation -G StandardHCAnnotation -G AS_StandardAnnotation \
  --dragen-mode \
   \
  --dragstr-params-path /cromwell-executions1/WholeGenomeGermlineSingleSample/06160bfb-7bc0-413b-9ba8-6a78ff6325b1/call-BamToGvcf/VariantCalling/5b8f550e-3447-4d42-8f2c-f8f7b00d3ef3/call-HaplotypeCallerGATK4/shard-1/inputs/-463548327/ERR3687419_ILMN.bam.dragstr \
  -GQB 10 -GQB 20 -GQB 30 -GQB 40 -GQB 50 -GQB 60 -GQB 70 -GQB 80 -GQB 90 \
  -ERC GVCF \
  

# Cromwell doesn't like optional task outputs, so we have to touch this file.
touch ERR3687419_ILMN.bamout.bam[0m
[2026-02-26 00:59:19,50] [info] BackgroundConfigAsyncJobExecutionActor [[38;5;2m5b8f550e[0mVariantCalling.HaplotypeCallerGATK4:1:1]: executing: # make sure there is no preexisting Docker CID file
rm -f /home/darja/workflow/cromwell-executions1/WholeGenomeGermlineSingleSample/06160bfb-7bc0-413b-9ba8-6a78ff6325b1/call-BamToGvcf/VariantCalling/5b8f550e-3447-4d42-8f2c-f8f7b00d3ef3/call-HaplotypeCallerGATK4/shard-1/execution/docker_cid
# run as in the original configuration without --rm flag (will remove later)
docker run \
  --cidfile /home/darja/workflow/cromwell-executions1/WholeGenomeGermlineSingleSample/06160bfb-7bc0-413b-9ba8-6a78ff6325b1/call-BamToGvcf/VariantCalling/5b8f550e-3447-4d42-8f2c-f8f7b00d3ef3/call-HaplotypeCallerGATK4/shard-1/execution/docker_cid \
  -i \
  --user 1027:1028 \
  --cpus="64" \
  --memory="350G" \
  --entrypoint /bin/bash \
  -v /home/darja/workflow/cromwell-executions1/WholeGenomeGermlineSingleSample/06160bfb-7bc0-413b-9ba8-6a78ff6325b1/call-BamToGvcf/VariantCalling/5b8f550e-3447-4d42-8f2c-f8f7b00d3ef3/call-HaplotypeCallerGATK4/shard-1:/cromwell-executions1/WholeGenomeGermlineSingleSample/06160bfb-7bc0-413b-9ba8-6a78ff6325b1/call-BamToGvcf/VariantCalling/5b8f550e-3447-4d42-8f2c-f8f7b00d3ef3/call-HaplotypeCallerGATK4/shard-1 \
  -v /mnt/nas1/projects/lasr/blendseq:/mnt/nas1/projects/lasr/blendseq \
  us.gcr.io/broad-gatk/gatk@sha256:c88912855b845bd40c6b4bc8f3dd1d4b333ed2549cd3e8386987ee7c0c284f5a /cromwell-executions1/WholeGenomeGermlineSingleSample/06160bfb-7bc0-413b-9ba8-6a78ff6325b1/call-BamToGvcf/VariantCalling/5b8f550e-3447-4d42-8f2c-f8f7b00d3ef3/call-HaplotypeCallerGATK4/shard-1/execution/script

# get the return code (working even if the container was detached)
rc=$(docker wait [38;5;5mcat /home/darja/workflow/cromwell-executions1/WholeGenomeGermlineSingleSample/06160bfb-7bc0-413b-9ba8-6a78ff6325b1/call-BamToGvcf/VariantCalling/5b8f550e-3447-4d42-8f2c-f8f7b00d3ef3/call-HaplotypeCallerGATK4/shard-1/execution/docker_cid[0m)

# remove the container after waiting
docker rm [38;5;5mcat /home/darja/workflow/cromwell-executions1/WholeGenomeGermlineSingleSample/06160bfb-7bc0-413b-9ba8-6a78ff6325b1/call-BamToGvcf/VariantCalling/5b8f550e-3447-4d42-8f2c-f8f7b00d3ef3/call-HaplotypeCallerGATK4/shard-1/execution/docker_cid[0m

# return exit code
exit $rc
[2026-02-26 00:59:24,34] [info] BackgroundConfigAsyncJobExecutionActor [[38;5;2m5b8f550e[0mVariantCalling.HaplotypeCallerGATK4:1:1]: job id: 118511
[2026-02-26 00:59:24,34] [info] BackgroundConfigAsyncJobExecutionActor [[38;5;2m5b8f550e[0mVariantCalling.HaplotypeCallerGATK4:1:1]: Status change from - to WaitingForReturnCode
[2026-02-26 01:24:58,45] [info] BackgroundConfigAsyncJobExecutionActor [[38;5;2m5b8f550e[0mVariantCalling.HaplotypeCallerGATK4:1:1]: Status change from WaitingForReturnCode to Done
[2026-02-26 01:24:59,46] [info] Assigned new job execution tokens to the following groups: 06160bfb: 1
[2026-02-26 01:24:59,48] [[38;5;220mwarn[0m] BackgroundConfigAsyncJobExecutionActor [[38;5;2m5b8f550e[0mVariantCalling.HaplotypeCallerGATK4:15:1]: Unrecognized runtime attribute keys: preemptible, bootDiskSizeGb, disks, cpu, memory
[2026-02-26 01:24:59,49] [info] BackgroundConfigAsyncJobExecutionActor [[38;5;2m5b8f550e[0mVariantCalling.HaplotypeCallerGATK4:15:1]: [38;5;5mset -e

# We need at least 1 GB of available memory outside of the Java heap in order to execute native code, thus, limit
# Java's memory by the total memory minus 1 GB. We need to compute the total memory as it might differ from
# memory_size_gb because of Cromwell's retry with more memory feature.
mem_unit=$(echo "${MEM_UNIT:-}" | cut -c 1)

if [[ $mem_unit == "M" ]]; then
  available_memory_mb=$(awk "BEGIN {print int($MEM_SIZE)}")
elif [[ $mem_unit == "G" ]]; then
  available_memory_mb=$(awk "BEGIN {print int($MEM_SIZE * 1024)}")
else
  available_memory_mb=$(free -m | awk '/^Mem/ {print $2}')
fi

let java_memory_size_mb=available_memory_mb-1024
echo Total available memory: ${available_memory_mb} MB >&2
echo Memory reserved for Java: ${java_memory_size_mb} MB >&2

gatk --java-options "-Xmx150000m -Xms150000m -XX:GCTimeLimit=50 -XX:GCHeapFreeLimit=10" \
  HaplotypeCaller \
  -R /cromwell-executions1/WholeGenomeGermlineSingleSample/06160bfb-7bc0-413b-9ba8-6a78ff6325b1/call-BamToGvcf/VariantCalling/5b8f550e-3447-4d42-8f2c-f8f7b00d3ef3/call-HaplotypeCallerGATK4/shard-15/inputs/-1569105944/Homo_sapiens_assembly38_masked.fasta \
  -I /cromwell-executions1/WholeGenomeGermlineSingleSample/06160bfb-7bc0-413b-9ba8-6a78ff6325b1/call-BamToGvcf/VariantCalling/5b8f550e-3447-4d42-8f2c-f8f7b00d3ef3/call-HaplotypeCallerGATK4/shard-15/inputs/-2128441055/ERR3687419_ILMN.bam \
  -L /cromwell-executions1/WholeGenomeGermlineSingleSample/06160bfb-7bc0-413b-9ba8-6a78ff6325b1/call-BamToGvcf/VariantCalling/5b8f550e-3447-4d42-8f2c-f8f7b00d3ef3/call-HaplotypeCallerGATK4/shard-15/inputs/-661313523/24scattered.interval_list \
  -O ERR3687419_ILMN.g.vcf.gz \
  -contamination 0.0 \
  -G StandardAnnotation -G StandardHCAnnotation -G AS_StandardAnnotation \
  --dragen-mode \
   \
  --dragstr-params-path /cromwell-executions1/WholeGenomeGermlineSingleSample/06160bfb-7bc0-413b-9ba8-6a78ff6325b1/call-BamToGvcf/VariantCalling/5b8f550e-3447-4d42-8f2c-f8f7b00d3ef3/call-HaplotypeCallerGATK4/shard-15/inputs/-463548327/ERR3687419_ILMN.bam.dragstr \
  -GQB 10 -GQB 20 -GQB 30 -GQB 40 -GQB 50 -GQB 60 -GQB 70 -GQB 80 -GQB 90 \
  -ERC GVCF \
  

# Cromwell doesn't like optional task outputs, so we have to touch this file.
touch ERR3687419_ILMN.bamout.bam[0m
[2026-02-26 01:24:59,50] [info] BackgroundConfigAsyncJobExecutionActor [[38;5;2m5b8f550e[0mVariantCalling.HaplotypeCallerGATK4:15:1]: executing: # make sure there is no preexisting Docker CID file
rm -f /home/darja/workflow/cromwell-executions1/WholeGenomeGermlineSingleSample/06160bfb-7bc0-413b-9ba8-6a78ff6325b1/call-BamToGvcf/VariantCalling/5b8f550e-3447-4d42-8f2c-f8f7b00d3ef3/call-HaplotypeCallerGATK4/shard-15/execution/docker_cid
# run as in the original configuration without --rm flag (will remove later)
docker run \
  --cidfile /home/darja/workflow/cromwell-executions1/WholeGenomeGermlineSingleSample/06160bfb-7bc0-413b-9ba8-6a78ff6325b1/call-BamToGvcf/VariantCalling/5b8f550e-3447-4d42-8f2c-f8f7b00d3ef3/call-HaplotypeCallerGATK4/shard-15/execution/docker_cid \
  -i \
  --user 1027:1028 \
  --cpus="64" \
  --memory="350G" \
  --entrypoint /bin/bash \
  -v /home/darja/workflow/cromwell-executions1/WholeGenomeGermlineSingleSample/06160bfb-7bc0-413b-9ba8-6a78ff6325b1/call-BamToGvcf/VariantCalling/5b8f550e-3447-4d42-8f2c-f8f7b00d3ef3/call-HaplotypeCallerGATK4/shard-15:/cromwell-executions1/WholeGenomeGermlineSingleSample/06160bfb-7bc0-413b-9ba8-6a78ff6325b1/call-BamToGvcf/VariantCalling/5b8f550e-3447-4d42-8f2c-f8f7b00d3ef3/call-HaplotypeCallerGATK4/shard-15 \
  -v /mnt/nas1/projects/lasr/blendseq:/mnt/nas1/projects/lasr/blendseq \
  us.gcr.io/broad-gatk/gatk@sha256:c88912855b845bd40c6b4bc8f3dd1d4b333ed2549cd3e8386987ee7c0c284f5a /cromwell-executions1/WholeGenomeGermlineSingleSample/06160bfb-7bc0-413b-9ba8-6a78ff6325b1/call-BamToGvcf/VariantCalling/5b8f550e-3447-4d42-8f2c-f8f7b00d3ef3/call-HaplotypeCallerGATK4/shard-15/execution/script

# get the return code (working even if the container was detached)
rc=$(docker wait [38;5;5mcat /home/darja/workflow/cromwell-executions1/WholeGenomeGermlineSingleSample/06160bfb-7bc0-413b-9ba8-6a78ff6325b1/call-BamToGvcf/VariantCalling/5b8f550e-3447-4d42-8f2c-f8f7b00d3ef3/call-HaplotypeCallerGATK4/shard-15/execution/docker_cid[0m)

# remove the container after waiting
docker rm [38;5;5mcat /home/darja/workflow/cromwell-executions1/WholeGenomeGermlineSingleSample/06160bfb-7bc0-413b-9ba8-6a78ff6325b1/call-BamToGvcf/VariantCalling/5b8f550e-3447-4d42-8f2c-f8f7b00d3ef3/call-HaplotypeCallerGATK4/shard-15/execution/docker_cid[0m

# return exit code
exit $rc
[2026-02-26 01:25:00,09] [info] 5b8f550e-3447-4d42-8f2c-f8f7b00d3ef3-SubWorkflowActor-SubWorkflow-BamToGvcf:-1:1 [[38;5;2m5b8f550e[0m]: Starting VariantCalling.DragenHardFilterVcf
[2026-02-26 01:25:04,34] [info] BackgroundConfigAsyncJobExecutionActor [[38;5;2m5b8f550e[0mVariantCalling.HaplotypeCallerGATK4:15:1]: job id: 119068
[2026-02-26 01:25:04,34] [info] BackgroundConfigAsyncJobExecutionActor [[38;5;2m5b8f550e[0mVariantCalling.HaplotypeCallerGATK4:15:1]: Status change from - to WaitingForReturnCode
[2026-02-26 01:56:16,22] [info] BackgroundConfigAsyncJobExecutionActor [[38;5;2m5b8f550e[0mVariantCalling.HaplotypeCallerGATK4:15:1]: Status change from WaitingForReturnCode to Done
[2026-02-26 01:56:17,93] [info] 5b8f550e-3447-4d42-8f2c-f8f7b00d3ef3-SubWorkflowActor-SubWorkflow-BamToGvcf:-1:1 [[38;5;2m5b8f550e[0m]: Starting VariantCalling.DragenHardFilterVcf
[2026-02-26 01:56:19,46] [info] Assigned new job execution tokens to the following groups: 06160bfb: 1
[2026-02-26 01:56:19,48] [[38;5;220mwarn[0m] BackgroundConfigAsyncJobExecutionActor [[38;5;2m7db7689e[0mBamToCram.ValidateCram:NA:1]: Unrecognized runtime attribute keys: preemptible, disks, memory
[2026-02-26 01:56:27,64] [info] BackgroundConfigAsyncJobExecutionActor [[38;5;2m7db7689e[0mBamToCram.ValidateCram:NA:1]: [38;5;5mjava -Xms15000m -Xmx15500m -jar /usr/picard/picard.jar \
  ValidateSamFile \
  INPUT=/cromwell-executions1/WholeGenomeGermlineSingleSample/06160bfb-7bc0-413b-9ba8-6a78ff6325b1/call-BamToCram/BamToCram/7db7689e-7771-4054-9929-ae6396efd402/call-ValidateCram/inputs/1696710136/ERR3687419_ILMN.cram \
  OUTPUT=ERR3687419_ILMN.cram.validation_report \
  REFERENCE_SEQUENCE=/cromwell-executions1/WholeGenomeGermlineSingleSample/06160bfb-7bc0-413b-9ba8-6a78ff6325b1/call-BamToCram/BamToCram/7db7689e-7771-4054-9929-ae6396efd402/call-ValidateCram/inputs/-1569105944/Homo_sapiens_assembly38_masked.fasta \
  MAX_OUTPUT=1000000000 \
  IGNORE=MISSING_TAG_NM \
  MODE=VERBOSE \
  SKIP_MATE_VALIDATION=false \
  IS_BISULFITE_SEQUENCED=false[0m
[2026-02-26 01:56:27,64] [info] BackgroundConfigAsyncJobExecutionActor [[38;5;2m7db7689e[0mBamToCram.ValidateCram:NA:1]: executing: # make sure there is no preexisting Docker CID file
rm -f /home/darja/workflow/cromwell-executions1/WholeGenomeGermlineSingleSample/06160bfb-7bc0-413b-9ba8-6a78ff6325b1/call-BamToCram/BamToCram/7db7689e-7771-4054-9929-ae6396efd402/call-ValidateCram/execution/docker_cid
# run as in the original configuration without --rm flag (will remove later)
docker run \
  --cidfile /home/darja/workflow/cromwell-executions1/WholeGenomeGermlineSingleSample/06160bfb-7bc0-413b-9ba8-6a78ff6325b1/call-BamToCram/BamToCram/7db7689e-7771-4054-9929-ae6396efd402/call-ValidateCram/execution/docker_cid \
  -i \
  --user 1027:1028 \
  --cpus="64" \
  --memory="350G" \
  --entrypoint /bin/bash \
  -v /home/darja/workflow/cromwell-executions1/WholeGenomeGermlineSingleSample/06160bfb-7bc0-413b-9ba8-6a78ff6325b1/call-BamToCram/BamToCram/7db7689e-7771-4054-9929-ae6396efd402/call-ValidateCram:/cromwell-executions1/WholeGenomeGermlineSingleSample/06160bfb-7bc0-413b-9ba8-6a78ff6325b1/call-BamToCram/BamToCram/7db7689e-7771-4054-9929-ae6396efd402/call-ValidateCram \
  -v /mnt/nas1/projects/lasr/blendseq:/mnt/nas1/projects/lasr/blendseq \
  us.gcr.io/broad-gotc-prod/picard-cloud@sha256:e5ad5339080c3107c04e4a4d000b8ab06f472b77019debc3ff75499d28995b0c /cromwell-executions1/WholeGenomeGermlineSingleSample/06160bfb-7bc0-413b-9ba8-6a78ff6325b1/call-BamToCram/BamToCram/7db7689e-7771-4054-9929-ae6396efd402/call-ValidateCram/execution/script

# get the return code (working even if the container was detached)
rc=$(docker wait [38;5;5mcat /home/darja/workflow/cromwell-executions1/WholeGenomeGermlineSingleSample/06160bfb-7bc0-413b-9ba8-6a78ff6325b1/call-BamToCram/BamToCram/7db7689e-7771-4054-9929-ae6396efd402/call-ValidateCram/execution/docker_cid[0m)

# remove the container after waiting
docker rm [38;5;5mcat /home/darja/workflow/cromwell-executions1/WholeGenomeGermlineSingleSample/06160bfb-7bc0-413b-9ba8-6a78ff6325b1/call-BamToCram/BamToCram/7db7689e-7771-4054-9929-ae6396efd402/call-ValidateCram/execution/docker_cid[0m

# return exit code
exit $rc
[2026-02-26 01:56:29,34] [info] BackgroundConfigAsyncJobExecutionActor [[38;5;2m7db7689e[0mBamToCram.ValidateCram:NA:1]: job id: 119649
[2026-02-26 01:56:29,34] [info] BackgroundConfigAsyncJobExecutionActor [[38;5;2m7db7689e[0mBamToCram.ValidateCram:NA:1]: Status change from - to WaitingForReturnCode
[2026-02-26 03:06:50,07] [info] BackgroundConfigAsyncJobExecutionActor [[38;5;2m7db7689e[0mBamToCram.ValidateCram:NA:1]: Status change from WaitingForReturnCode to Done
[2026-02-26 03:06:51,92] [info] 7db7689e-7771-4054-9929-ae6396efd402-SubWorkflowActor-SubWorkflow-BamToCram:-1:1 [[38;5;2m7db7689e[0m]: Workflow BamToCram complete. Final Outputs:
{
  "BamToCram.validate_cram_file_report": "/home/darja/workflow/cromwell-executions1/WholeGenomeGermlineSingleSample/06160bfb-7bc0-413b-9ba8-6a78ff6325b1/call-BamToCram/BamToCram/7db7689e-7771-4054-9929-ae6396efd402/call-ValidateCram/execution/ERR3687419_ILMN.cram.validation_report",
  "BamToCram.output_cram_md5": "/home/darja/workflow/cromwell-executions1/WholeGenomeGermlineSingleSample/06160bfb-7bc0-413b-9ba8-6a78ff6325b1/call-BamToCram/BamToCram/7db7689e-7771-4054-9929-ae6396efd402/call-ConvertToCram/execution/ERR3687419_ILMN.cram.md5",
  "BamToCram.output_cram": "/home/darja/workflow/cromwell-executions1/WholeGenomeGermlineSingleSample/06160bfb-7bc0-413b-9ba8-6a78ff6325b1/call-BamToCram/BamToCram/7db7689e-7771-4054-9929-ae6396efd402/call-ConvertToCram/execution/ERR3687419_ILMN.cram",
  "BamToCram.output_cram_index": "/home/darja/workflow/cromwell-executions1/WholeGenomeGermlineSingleSample/06160bfb-7bc0-413b-9ba8-6a78ff6325b1/call-BamToCram/BamToCram/7db7689e-7771-4054-9929-ae6396efd402/call-ConvertToCram/execution/ERR3687419_ILMN.cram.crai"
}
[2026-02-26 03:06:59,46] [info] Assigned new job execution tokens to the following groups: 06160bfb: 1
[2026-02-26 03:06:59,47] [[38;5;220mwarn[0m] BackgroundConfigAsyncJobExecutionActor [[38;5;2m5b8f550e[0mVariantCalling.DragenHardFilterVcf:28:1]: Unrecognized runtime attribute keys: preemptible, bootDiskSizeGb, disks, memory
[2026-02-26 03:06:59,54] [info] BackgroundConfigAsyncJobExecutionActor [[38;5;2m5b8f550e[0mVariantCalling.DragenHardFilterVcf:28:1]: [38;5;5mgatk --java-options "-Xms2000m -Xmx2500m" \
 VariantFiltration \
 -V /cromwell-executions1/WholeGenomeGermlineSingleSample/06160bfb-7bc0-413b-9ba8-6a78ff6325b1/call-BamToGvcf/VariantCalling/5b8f550e-3447-4d42-8f2c-f8f7b00d3ef3/call-DragenHardFilterVcf/shard-28/inputs/-1864785769/ERR3687419_ILMN.g.vcf.gz \
 --filter-expression "QUAL < 10.4139" \
 --filter-name "DRAGENHardQUAL" \
 -O ERR3687419_ILMN.hard-filtered.g.vcf.gz[0m
[2026-02-26 03:06:59,54] [info] BackgroundConfigAsyncJobExecutionActor [[38;5;2m5b8f550e[0mVariantCalling.DragenHardFilterVcf:28:1]: executing: # make sure there is no preexisting Docker CID file
rm -f /home/darja/workflow/cromwell-executions1/WholeGenomeGermlineSingleSample/06160bfb-7bc0-413b-9ba8-6a78ff6325b1/call-BamToGvcf/VariantCalling/5b8f550e-3447-4d42-8f2c-f8f7b00d3ef3/call-DragenHardFilterVcf/shard-28/execution/docker_cid
# run as in the original configuration without --rm flag (will remove later)
docker run \
  --cidfile /home/darja/workflow/cromwell-executions1/WholeGenomeGermlineSingleSample/06160bfb-7bc0-413b-9ba8-6a78ff6325b1/call-BamToGvcf/VariantCalling/5b8f550e-3447-4d42-8f2c-f8f7b00d3ef3/call-DragenHardFilterVcf/shard-28/execution/docker_cid \
  -i \
  --user 1027:1028 \
  --cpus="64" \
  --memory="350G" \
  --entrypoint /bin/bash \
  -v /home/darja/workflow/cromwell-executions1/WholeGenomeGermlineSingleSample/06160bfb-7bc0-413b-9ba8-6a78ff6325b1/call-BamToGvcf/VariantCalling/5b8f550e-3447-4d42-8f2c-f8f7b00d3ef3/call-DragenHardFilterVcf/shard-28:/cromwell-executions1/WholeGenomeGermlineSingleSample/06160bfb-7bc0-413b-9ba8-6a78ff6325b1/call-BamToGvcf/VariantCalling/5b8f550e-3447-4d42-8f2c-f8f7b00d3ef3/call-DragenHardFilterVcf/shard-28 \
  -v /mnt/nas1/projects/lasr/blendseq:/mnt/nas1/projects/lasr/blendseq \
  us.gcr.io/broad-gatk/gatk@sha256:c88912855b845bd40c6b4bc8f3dd1d4b333ed2549cd3e8386987ee7c0c284f5a /cromwell-executions1/WholeGenomeGermlineSingleSample/06160bfb-7bc0-413b-9ba8-6a78ff6325b1/call-BamToGvcf/VariantCalling/5b8f550e-3447-4d42-8f2c-f8f7b00d3ef3/call-DragenHardFilterVcf/shard-28/execution/script

# get the return code (working even if the container was detached)
rc=$(docker wait [38;5;5mcat /home/darja/workflow/cromwell-executions1/WholeGenomeGermlineSingleSample/06160bfb-7bc0-413b-9ba8-6a78ff6325b1/call-BamToGvcf/VariantCalling/5b8f550e-3447-4d42-8f2c-f8f7b00d3ef3/call-DragenHardFilterVcf/shard-28/execution/docker_cid[0m)

# remove the container after waiting
docker rm [38;5;5mcat /home/darja/workflow/cromwell-executions1/WholeGenomeGermlineSingleSample/06160bfb-7bc0-413b-9ba8-6a78ff6325b1/call-BamToGvcf/VariantCalling/5b8f550e-3447-4d42-8f2c-f8f7b00d3ef3/call-DragenHardFilterVcf/shard-28/execution/docker_cid[0m

# return exit code
exit $rc
[2026-02-26 03:07:04,34] [info] BackgroundConfigAsyncJobExecutionActor [[38;5;2m5b8f550e[0mVariantCalling.DragenHardFilterVcf:28:1]: job id: 120341
[2026-02-26 03:07:04,34] [info] BackgroundConfigAsyncJobExecutionActor [[38;5;2m5b8f550e[0mVariantCalling.DragenHardFilterVcf:28:1]: Status change from - to WaitingForReturnCode
[2026-02-26 03:07:11,15] [info] BackgroundConfigAsyncJobExecutionActor [[38;5;2m5b8f550e[0mVariantCalling.DragenHardFilterVcf:28:1]: Status change from WaitingForReturnCode to Done
[2026-02-26 03:07:19,46] [info] Assigned new job execution tokens to the following groups: 06160bfb: 1
[2026-02-26 03:07:19,47] [[38;5;220mwarn[0m] BackgroundConfigAsyncJobExecutionActor [[38;5;2m5b8f550e[0mVariantCalling.DragenHardFilterVcf:7:1]: Unrecognized runtime attribute keys: preemptible, bootDiskSizeGb, disks, memory
[2026-02-26 03:07:19,52] [info] BackgroundConfigAsyncJobExecutionActor [[38;5;2m5b8f550e[0mVariantCalling.DragenHardFilterVcf:7:1]: [38;5;5mgatk --java-options "-Xms2000m -Xmx2500m" \
 VariantFiltration \
 -V /cromwell-executions1/WholeGenomeGermlineSingleSample/06160bfb-7bc0-413b-9ba8-6a78ff6325b1/call-BamToGvcf/VariantCalling/5b8f550e-3447-4d42-8f2c-f8f7b00d3ef3/call-DragenHardFilterVcf/shard-7/inputs/-414028744/ERR3687419_ILMN.g.vcf.gz \
 --filter-expression "QUAL < 10.4139" \
 --filter-name "DRAGENHardQUAL" \
 -O ERR3687419_ILMN.hard-filtered.g.vcf.gz[0m
[2026-02-26 03:07:19,52] [info] BackgroundConfigAsyncJobExecutionActor [[38;5;2m5b8f550e[0mVariantCalling.DragenHardFilterVcf:7:1]: executing: # make sure there is no preexisting Docker CID file
rm -f /home/darja/workflow/cromwell-executions1/WholeGenomeGermlineSingleSample/06160bfb-7bc0-413b-9ba8-6a78ff6325b1/call-BamToGvcf/VariantCalling/5b8f550e-3447-4d42-8f2c-f8f7b00d3ef3/call-DragenHardFilterVcf/shard-7/execution/docker_cid
# run as in the original configuration without --rm flag (will remove later)
docker run \
  --cidfile /home/darja/workflow/cromwell-executions1/WholeGenomeGermlineSingleSample/06160bfb-7bc0-413b-9ba8-6a78ff6325b1/call-BamToGvcf/VariantCalling/5b8f550e-3447-4d42-8f2c-f8f7b00d3ef3/call-DragenHardFilterVcf/shard-7/execution/docker_cid \
  -i \
  --user 1027:1028 \
  --cpus="64" \
  --memory="350G" \
  --entrypoint /bin/bash \
  -v /home/darja/workflow/cromwell-executions1/WholeGenomeGermlineSingleSample/06160bfb-7bc0-413b-9ba8-6a78ff6325b1/call-BamToGvcf/VariantCalling/5b8f550e-3447-4d42-8f2c-f8f7b00d3ef3/call-DragenHardFilterVcf/shard-7:/cromwell-executions1/WholeGenomeGermlineSingleSample/06160bfb-7bc0-413b-9ba8-6a78ff6325b1/call-BamToGvcf/VariantCalling/5b8f550e-3447-4d42-8f2c-f8f7b00d3ef3/call-DragenHardFilterVcf/shard-7 \
  -v /mnt/nas1/projects/lasr/blendseq:/mnt/nas1/projects/lasr/blendseq \
  us.gcr.io/broad-gatk/gatk@sha256:c88912855b845bd40c6b4bc8f3dd1d4b333ed2549cd3e8386987ee7c0c284f5a /cromwell-executions1/WholeGenomeGermlineSingleSample/06160bfb-7bc0-413b-9ba8-6a78ff6325b1/call-BamToGvcf/VariantCalling/5b8f550e-3447-4d42-8f2c-f8f7b00d3ef3/call-DragenHardFilterVcf/shard-7/execution/script

# get the return code (working even if the container was detached)
rc=$(docker wait [38;5;5mcat /home/darja/workflow/cromwell-executions1/WholeGenomeGermlineSingleSample/06160bfb-7bc0-413b-9ba8-6a78ff6325b1/call-BamToGvcf/VariantCalling/5b8f550e-3447-4d42-8f2c-f8f7b00d3ef3/call-DragenHardFilterVcf/shard-7/execution/docker_cid[0m)

# remove the container after waiting
docker rm [38;5;5mcat /home/darja/workflow/cromwell-executions1/WholeGenomeGermlineSingleSample/06160bfb-7bc0-413b-9ba8-6a78ff6325b1/call-BamToGvcf/VariantCalling/5b8f550e-3447-4d42-8f2c-f8f7b00d3ef3/call-DragenHardFilterVcf/shard-7/execution/docker_cid[0m

# return exit code
exit $rc
[2026-02-26 03:07:24,34] [info] BackgroundConfigAsyncJobExecutionActor [[38;5;2m5b8f550e[0mVariantCalling.DragenHardFilterVcf:7:1]: job id: 120717
[2026-02-26 03:07:24,34] [info] BackgroundConfigAsyncJobExecutionActor [[38;5;2m5b8f550e[0mVariantCalling.DragenHardFilterVcf:7:1]: Status change from - to WaitingForReturnCode
[2026-02-26 03:07:33,57] [info] BackgroundConfigAsyncJobExecutionActor [[38;5;2m5b8f550e[0mVariantCalling.DragenHardFilterVcf:7:1]: Status change from WaitingForReturnCode to Done
[2026-02-26 03:07:39,46] [info] Assigned new job execution tokens to the following groups: 06160bfb: 1
[2026-02-26 03:07:39,47] [[38;5;220mwarn[0m] BackgroundConfigAsyncJobExecutionActor [[38;5;2m5b8f550e[0mVariantCalling.DragenHardFilterVcf:46:1]: Unrecognized runtime attribute keys: preemptible, bootDiskSizeGb, disks, memory
[2026-02-26 03:07:39,51] [info] BackgroundConfigAsyncJobExecutionActor [[38;5;2m5b8f550e[0mVariantCalling.DragenHardFilterVcf:46:1]: [38;5;5mgatk --java-options "-Xms2000m -Xmx2500m" \
 VariantFiltration \
 -V /cromwell-executions1/WholeGenomeGermlineSingleSample/06160bfb-7bc0-413b-9ba8-6a78ff6325b1/call-BamToGvcf/VariantCalling/5b8f550e-3447-4d42-8f2c-f8f7b00d3ef3/call-DragenHardFilterVcf/shard-46/inputs/1987282387/ERR3687419_ILMN.g.vcf.gz \
 --filter-expression "QUAL < 10.4139" \
 --filter-name "DRAGENHardQUAL" \
 -O ERR3687419_ILMN.hard-filtered.g.vcf.gz[0m
[2026-02-26 03:07:39,51] [info] BackgroundConfigAsyncJobExecutionActor [[38;5;2m5b8f550e[0mVariantCalling.DragenHardFilterVcf:46:1]: executing: # make sure there is no preexisting Docker CID file
rm -f /home/darja/workflow/cromwell-executions1/WholeGenomeGermlineSingleSample/06160bfb-7bc0-413b-9ba8-6a78ff6325b1/call-BamToGvcf/VariantCalling/5b8f550e-3447-4d42-8f2c-f8f7b00d3ef3/call-DragenHardFilterVcf/shard-46/execution/docker_cid
# run as in the original configuration without --rm flag (will remove later)
docker run \
  --cidfile /home/darja/workflow/cromwell-executions1/WholeGenomeGermlineSingleSample/06160bfb-7bc0-413b-9ba8-6a78ff6325b1/call-BamToGvcf/VariantCalling/5b8f550e-3447-4d42-8f2c-f8f7b00d3ef3/call-DragenHardFilterVcf/shard-46/execution/docker_cid \
  -i \
  --user 1027:1028 \
  --cpus="64" \
  --memory="350G" \
  --entrypoint /bin/bash \
  -v /home/darja/workflow/cromwell-executions1/WholeGenomeGermlineSingleSample/06160bfb-7bc0-413b-9ba8-6a78ff6325b1/call-BamToGvcf/VariantCalling/5b8f550e-3447-4d42-8f2c-f8f7b00d3ef3/call-DragenHardFilterVcf/shard-46:/cromwell-executions1/WholeGenomeGermlineSingleSample/06160bfb-7bc0-413b-9ba8-6a78ff6325b1/call-BamToGvcf/VariantCalling/5b8f550e-3447-4d42-8f2c-f8f7b00d3ef3/call-DragenHardFilterVcf/shard-46 \
  -v /mnt/nas1/projects/lasr/blendseq:/mnt/nas1/projects/lasr/blendseq \
  us.gcr.io/broad-gatk/gatk@sha256:c88912855b845bd40c6b4bc8f3dd1d4b333ed2549cd3e8386987ee7c0c284f5a /cromwell-executions1/WholeGenomeGermlineSingleSample/06160bfb-7bc0-413b-9ba8-6a78ff6325b1/call-BamToGvcf/VariantCalling/5b8f550e-3447-4d42-8f2c-f8f7b00d3ef3/call-DragenHardFilterVcf/shard-46/execution/script

# get the return code (working even if the container was detached)
rc=$(docker wait [38;5;5mcat /home/darja/workflow/cromwell-executions1/WholeGenomeGermlineSingleSample/06160bfb-7bc0-413b-9ba8-6a78ff6325b1/call-BamToGvcf/VariantCalling/5b8f550e-3447-4d42-8f2c-f8f7b00d3ef3/call-DragenHardFilterVcf/shard-46/execution/docker_cid[0m)

# remove the container after waiting
docker rm [38;5;5mcat /home/darja/workflow/cromwell-executions1/WholeGenomeGermlineSingleSample/06160bfb-7bc0-413b-9ba8-6a78ff6325b1/call-BamToGvcf/VariantCalling/5b8f550e-3447-4d42-8f2c-f8f7b00d3ef3/call-DragenHardFilterVcf/shard-46/execution/docker_cid[0m

# return exit code
exit $rc
[2026-02-26 03:07:44,34] [info] BackgroundConfigAsyncJobExecutionActor [[38;5;2m5b8f550e[0mVariantCalling.DragenHardFilterVcf:46:1]: job id: 121095
[2026-02-26 03:07:44,34] [info] BackgroundConfigAsyncJobExecutionActor [[38;5;2m5b8f550e[0mVariantCalling.DragenHardFilterVcf:46:1]: Status change from - to WaitingForReturnCode
[2026-02-26 03:07:53,54] [info] BackgroundConfigAsyncJobExecutionActor [[38;5;2m5b8f550e[0mVariantCalling.DragenHardFilterVcf:46:1]: Status change from WaitingForReturnCode to Done
[2026-02-26 03:07:59,46] [info] Assigned new job execution tokens to the following groups: 06160bfb: 1
[2026-02-26 03:07:59,47] [[38;5;220mwarn[0m] BackgroundConfigAsyncJobExecutionActor [[38;5;2m5b8f550e[0mVariantCalling.DragenHardFilterVcf:48:1]: Unrecognized runtime attribute keys: preemptible, bootDiskSizeGb, disks, memory
[2026-02-26 03:07:59,52] [info] BackgroundConfigAsyncJobExecutionActor [[38;5;2m5b8f550e[0mVariantCalling.DragenHardFilterVcf:48:1]: [38;5;5mgatk --java-options "-Xms2000m -Xmx2500m" \
 VariantFiltration \
 -V /cromwell-executions1/WholeGenomeGermlineSingleSample/06160bfb-7bc0-413b-9ba8-6a78ff6325b1/call-BamToGvcf/VariantCalling/5b8f550e-3447-4d42-8f2c-f8f7b00d3ef3/call-DragenHardFilterVcf/shard-48/inputs/-1606620331/ERR3687419_ILMN.g.vcf.gz \
 --filter-expression "QUAL < 10.4139" \
 --filter-name "DRAGENHardQUAL" \
 -O ERR3687419_ILMN.hard-filtered.g.vcf.gz[0m
[2026-02-26 03:07:59,52] [info] BackgroundConfigAsyncJobExecutionActor [[38;5;2m5b8f550e[0mVariantCalling.DragenHardFilterVcf:48:1]: executing: # make sure there is no preexisting Docker CID file
rm -f /home/darja/workflow/cromwell-executions1/WholeGenomeGermlineSingleSample/06160bfb-7bc0-413b-9ba8-6a78ff6325b1/call-BamToGvcf/VariantCalling/5b8f550e-3447-4d42-8f2c-f8f7b00d3ef3/call-DragenHardFilterVcf/shard-48/execution/docker_cid
# run as in the original configuration without --rm flag (will remove later)
docker run \
  --cidfile /home/darja/workflow/cromwell-executions1/WholeGenomeGermlineSingleSample/06160bfb-7bc0-413b-9ba8-6a78ff6325b1/call-BamToGvcf/VariantCalling/5b8f550e-3447-4d42-8f2c-f8f7b00d3ef3/call-DragenHardFilterVcf/shard-48/execution/docker_cid \
  -i \
  --user 1027:1028 \
  --cpus="64" \
  --memory="350G" \
  --entrypoint /bin/bash \
  -v /home/darja/workflow/cromwell-executions1/WholeGenomeGermlineSingleSample/06160bfb-7bc0-413b-9ba8-6a78ff6325b1/call-BamToGvcf/VariantCalling/5b8f550e-3447-4d42-8f2c-f8f7b00d3ef3/call-DragenHardFilterVcf/shard-48:/cromwell-executions1/WholeGenomeGermlineSingleSample/06160bfb-7bc0-413b-9ba8-6a78ff6325b1/call-BamToGvcf/VariantCalling/5b8f550e-3447-4d42-8f2c-f8f7b00d3ef3/call-DragenHardFilterVcf/shard-48 \
  -v /mnt/nas1/projects/lasr/blendseq:/mnt/nas1/projects/lasr/blendseq \
  us.gcr.io/broad-gatk/gatk@sha256:c88912855b845bd40c6b4bc8f3dd1d4b333ed2549cd3e8386987ee7c0c284f5a /cromwell-executions1/WholeGenomeGermlineSingleSample/06160bfb-7bc0-413b-9ba8-6a78ff6325b1/call-BamToGvcf/VariantCalling/5b8f550e-3447-4d42-8f2c-f8f7b00d3ef3/call-DragenHardFilterVcf/shard-48/execution/script

# get the return code (working even if the container was detached)
rc=$(docker wait [38;5;5mcat /home/darja/workflow/cromwell-executions1/WholeGenomeGermlineSingleSample/06160bfb-7bc0-413b-9ba8-6a78ff6325b1/call-BamToGvcf/VariantCalling/5b8f550e-3447-4d42-8f2c-f8f7b00d3ef3/call-DragenHardFilterVcf/shard-48/execution/docker_cid[0m)

# remove the container after waiting
docker rm [38;5;5mcat /home/darja/workflow/cromwell-executions1/WholeGenomeGermlineSingleSample/06160bfb-7bc0-413b-9ba8-6a78ff6325b1/call-BamToGvcf/VariantCalling/5b8f550e-3447-4d42-8f2c-f8f7b00d3ef3/call-DragenHardFilterVcf/shard-48/execution/docker_cid[0m

# return exit code
exit $rc
[2026-02-26 03:08:04,34] [info] BackgroundConfigAsyncJobExecutionActor [[38;5;2m5b8f550e[0mVariantCalling.DragenHardFilterVcf:48:1]: job id: 121466
[2026-02-26 03:08:04,34] [info] BackgroundConfigAsyncJobExecutionActor [[38;5;2m5b8f550e[0mVariantCalling.DragenHardFilterVcf:48:1]: Status change from - to WaitingForReturnCode
[2026-02-26 03:08:14,94] [info] BackgroundConfigAsyncJobExecutionActor [[38;5;2m5b8f550e[0mVariantCalling.DragenHardFilterVcf:48:1]: Status change from WaitingForReturnCode to Done
[2026-02-26 03:08:19,46] [info] Assigned new job execution tokens to the following groups: 06160bfb: 1
[2026-02-26 03:08:19,47] [[38;5;220mwarn[0m] BackgroundConfigAsyncJobExecutionActor [[38;5;2m5b8f550e[0mVariantCalling.DragenHardFilterVcf:29:1]: Unrecognized runtime attribute keys: preemptible, bootDiskSizeGb, disks, memory
[2026-02-26 03:08:19,53] [info] BackgroundConfigAsyncJobExecutionActor [[38;5;2m5b8f550e[0mVariantCalling.DragenHardFilterVcf:29:1]: [38;5;5mgatk --java-options "-Xms2000m -Xmx2500m" \
 VariantFiltration \
 -V /cromwell-executions1/WholeGenomeGermlineSingleSample/06160bfb-7bc0-413b-9ba8-6a78ff6325b1/call-BamToGvcf/VariantCalling/5b8f550e-3447-4d42-8f2c-f8f7b00d3ef3/call-DragenHardFilterVcf/shard-29/inputs/633230168/ERR3687419_ILMN.g.vcf.gz \
 --filter-expression "QUAL < 10.4139" \
 --filter-name "DRAGENHardQUAL" \
 -O ERR3687419_ILMN.hard-filtered.g.vcf.gz[0m
[2026-02-26 03:08:19,53] [info] BackgroundConfigAsyncJobExecutionActor [[38;5;2m5b8f550e[0mVariantCalling.DragenHardFilterVcf:29:1]: executing: # make sure there is no preexisting Docker CID file
rm -f /home/darja/workflow/cromwell-executions1/WholeGenomeGermlineSingleSample/06160bfb-7bc0-413b-9ba8-6a78ff6325b1/call-BamToGvcf/VariantCalling/5b8f550e-3447-4d42-8f2c-f8f7b00d3ef3/call-DragenHardFilterVcf/shard-29/execution/docker_cid
# run as in the original configuration without --rm flag (will remove later)
docker run \
  --cidfile /home/darja/workflow/cromwell-executions1/WholeGenomeGermlineSingleSample/06160bfb-7bc0-413b-9ba8-6a78ff6325b1/call-BamToGvcf/VariantCalling/5b8f550e-3447-4d42-8f2c-f8f7b00d3ef3/call-DragenHardFilterVcf/shard-29/execution/docker_cid \
  -i \
  --user 1027:1028 \
  --cpus="64" \
  --memory="350G" \
  --entrypoint /bin/bash \
  -v /home/darja/workflow/cromwell-executions1/WholeGenomeGermlineSingleSample/06160bfb-7bc0-413b-9ba8-6a78ff6325b1/call-BamToGvcf/VariantCalling/5b8f550e-3447-4d42-8f2c-f8f7b00d3ef3/call-DragenHardFilterVcf/shard-29:/cromwell-executions1/WholeGenomeGermlineSingleSample/06160bfb-7bc0-413b-9ba8-6a78ff6325b1/call-BamToGvcf/VariantCalling/5b8f550e-3447-4d42-8f2c-f8f7b00d3ef3/call-DragenHardFilterVcf/shard-29 \
  -v /mnt/nas1/projects/lasr/blendseq:/mnt/nas1/projects/lasr/blendseq \
  us.gcr.io/broad-gatk/gatk@sha256:c88912855b845bd40c6b4bc8f3dd1d4b333ed2549cd3e8386987ee7c0c284f5a /cromwell-executions1/WholeGenomeGermlineSingleSample/06160bfb-7bc0-413b-9ba8-6a78ff6325b1/call-BamToGvcf/VariantCalling/5b8f550e-3447-4d42-8f2c-f8f7b00d3ef3/call-DragenHardFilterVcf/shard-29/execution/script

# get the return code (working even if the container was detached)
rc=$(docker wait [38;5;5mcat /home/darja/workflow/cromwell-executions1/WholeGenomeGermlineSingleSample/06160bfb-7bc0-413b-9ba8-6a78ff6325b1/call-BamToGvcf/VariantCalling/5b8f550e-3447-4d42-8f2c-f8f7b00d3ef3/call-DragenHardFilterVcf/shard-29/execution/docker_cid[0m)

# remove the container after waiting
docker rm [38;5;5mcat /home/darja/workflow/cromwell-executions1/WholeGenomeGermlineSingleSample/06160bfb-7bc0-413b-9ba8-6a78ff6325b1/call-BamToGvcf/VariantCalling/5b8f550e-3447-4d42-8f2c-f8f7b00d3ef3/call-DragenHardFilterVcf/shard-29/execution/docker_cid[0m

# return exit code
exit $rc
[2026-02-26 03:08:24,34] [info] BackgroundConfigAsyncJobExecutionActor [[38;5;2m5b8f550e[0mVariantCalling.DragenHardFilterVcf:29:1]: job id: 121833
[2026-02-26 03:08:24,34] [info] BackgroundConfigAsyncJobExecutionActor [[38;5;2m5b8f550e[0mVariantCalling.DragenHardFilterVcf:29:1]: Status change from - to WaitingForReturnCode
[2026-02-26 03:08:35,71] [info] BackgroundConfigAsyncJobExecutionActor [[38;5;2m5b8f550e[0mVariantCalling.DragenHardFilterVcf:29:1]: Status change from WaitingForReturnCode to Done
[2026-02-26 03:08:39,46] [info] Assigned new job execution tokens to the following groups: 06160bfb: 1
[2026-02-26 03:08:39,47] [[38;5;220mwarn[0m] BackgroundConfigAsyncJobExecutionActor [[38;5;2m5b8f550e[0mVariantCalling.DragenHardFilterVcf:21:1]: Unrecognized runtime attribute keys: preemptible, bootDiskSizeGb, disks, memory
[2026-02-26 03:08:39,53] [info] BackgroundConfigAsyncJobExecutionActor [[38;5;2m5b8f550e[0mVariantCalling.DragenHardFilterVcf:21:1]: [38;5;5mgatk --java-options "-Xms2000m -Xmx2500m" \
 VariantFiltration \
 -V /cromwell-executions1/WholeGenomeGermlineSingleSample/06160bfb-7bc0-413b-9ba8-6a78ff6325b1/call-BamToGvcf/VariantCalling/5b8f550e-3447-4d42-8f2c-f8f7b00d3ef3/call-DragenHardFilterVcf/shard-21/inputs/2123939152/ERR3687419_ILMN.g.vcf.gz \
 --filter-expression "QUAL < 10.4139" \
 --filter-name "DRAGENHardQUAL" \
 -O ERR3687419_ILMN.hard-filtered.g.vcf.gz[0m
[2026-02-26 03:08:39,53] [info] BackgroundConfigAsyncJobExecutionActor [[38;5;2m5b8f550e[0mVariantCalling.DragenHardFilterVcf:21:1]: executing: # make sure there is no preexisting Docker CID file
rm -f /home/darja/workflow/cromwell-executions1/WholeGenomeGermlineSingleSample/06160bfb-7bc0-413b-9ba8-6a78ff6325b1/call-BamToGvcf/VariantCalling/5b8f550e-3447-4d42-8f2c-f8f7b00d3ef3/call-DragenHardFilterVcf/shard-21/execution/docker_cid
# run as in the original configuration without --rm flag (will remove later)
docker run \
  --cidfile /home/darja/workflow/cromwell-executions1/WholeGenomeGermlineSingleSample/06160bfb-7bc0-413b-9ba8-6a78ff6325b1/call-BamToGvcf/VariantCalling/5b8f550e-3447-4d42-8f2c-f8f7b00d3ef3/call-DragenHardFilterVcf/shard-21/execution/docker_cid \
  -i \
  --user 1027:1028 \
  --cpus="64" \
  --memory="350G" \
  --entrypoint /bin/bash \
  -v /home/darja/workflow/cromwell-executions1/WholeGenomeGermlineSingleSample/06160bfb-7bc0-413b-9ba8-6a78ff6325b1/call-BamToGvcf/VariantCalling/5b8f550e-3447-4d42-8f2c-f8f7b00d3ef3/call-DragenHardFilterVcf/shard-21:/cromwell-executions1/WholeGenomeGermlineSingleSample/06160bfb-7bc0-413b-9ba8-6a78ff6325b1/call-BamToGvcf/VariantCalling/5b8f550e-3447-4d42-8f2c-f8f7b00d3ef3/call-DragenHardFilterVcf/shard-21 \
  -v /mnt/nas1/projects/lasr/blendseq:/mnt/nas1/projects/lasr/blendseq \
  us.gcr.io/broad-gatk/gatk@sha256:c88912855b845bd40c6b4bc8f3dd1d4b333ed2549cd3e8386987ee7c0c284f5a /cromwell-executions1/WholeGenomeGermlineSingleSample/06160bfb-7bc0-413b-9ba8-6a78ff6325b1/call-BamToGvcf/VariantCalling/5b8f550e-3447-4d42-8f2c-f8f7b00d3ef3/call-DragenHardFilterVcf/shard-21/execution/script

# get the return code (working even if the container was detached)
rc=$(docker wait [38;5;5mcat /home/darja/workflow/cromwell-executions1/WholeGenomeGermlineSingleSample/06160bfb-7bc0-413b-9ba8-6a78ff6325b1/call-BamToGvcf/VariantCalling/5b8f550e-3447-4d42-8f2c-f8f7b00d3ef3/call-DragenHardFilterVcf/shard-21/execution/docker_cid[0m)

# remove the container after waiting
docker rm [38;5;5mcat /home/darja/workflow/cromwell-executions1/WholeGenomeGermlineSingleSample/06160bfb-7bc0-413b-9ba8-6a78ff6325b1/call-BamToGvcf/VariantCalling/5b8f550e-3447-4d42-8f2c-f8f7b00d3ef3/call-DragenHardFilterVcf/shard-21/execution/docker_cid[0m

# return exit code
exit $rc
[2026-02-26 03:08:44,34] [info] BackgroundConfigAsyncJobExecutionActor [[38;5;2m5b8f550e[0mVariantCalling.DragenHardFilterVcf:21:1]: job id: 122205
[2026-02-26 03:08:44,34] [info] BackgroundConfigAsyncJobExecutionActor [[38;5;2m5b8f550e[0mVariantCalling.DragenHardFilterVcf:21:1]: Status change from - to WaitingForReturnCode
[2026-02-26 03:08:54,33] [info] BackgroundConfigAsyncJobExecutionActor [[38;5;2m5b8f550e[0mVariantCalling.DragenHardFilterVcf:21:1]: Status change from WaitingForReturnCode to Done
[2026-02-26 03:08:59,46] [info] Assigned new job execution tokens to the following groups: 06160bfb: 1
[2026-02-26 03:08:59,47] [[38;5;220mwarn[0m] BackgroundConfigAsyncJobExecutionActor [[38;5;2m5b8f550e[0mVariantCalling.DragenHardFilterVcf:5:1]: Unrecognized runtime attribute keys: preemptible, bootDiskSizeGb, disks, memory
[2026-02-26 03:08:59,52] [info] BackgroundConfigAsyncJobExecutionActor [[38;5;2m5b8f550e[0mVariantCalling.DragenHardFilterVcf:5:1]: [38;5;5mgatk --java-options "-Xms2000m -Xmx2500m" \
 VariantFiltration \
 -V /cromwell-executions1/WholeGenomeGermlineSingleSample/06160bfb-7bc0-413b-9ba8-6a78ff6325b1/call-BamToGvcf/VariantCalling/5b8f550e-3447-4d42-8f2c-f8f7b00d3ef3/call-DragenHardFilterVcf/shard-5/inputs/-1115093322/ERR3687419_ILMN.g.vcf.gz \
 --filter-expression "QUAL < 10.4139" \
 --filter-name "DRAGENHardQUAL" \
 -O ERR3687419_ILMN.hard-filtered.g.vcf.gz[0m
[2026-02-26 03:08:59,52] [info] BackgroundConfigAsyncJobExecutionActor [[38;5;2m5b8f550e[0mVariantCalling.DragenHardFilterVcf:5:1]: executing: # make sure there is no preexisting Docker CID file
rm -f /home/darja/workflow/cromwell-executions1/WholeGenomeGermlineSingleSample/06160bfb-7bc0-413b-9ba8-6a78ff6325b1/call-BamToGvcf/VariantCalling/5b8f550e-3447-4d42-8f2c-f8f7b00d3ef3/call-DragenHardFilterVcf/shard-5/execution/docker_cid
# run as in the original configuration without --rm flag (will remove later)
docker run \
  --cidfile /home/darja/workflow/cromwell-executions1/WholeGenomeGermlineSingleSample/06160bfb-7bc0-413b-9ba8-6a78ff6325b1/call-BamToGvcf/VariantCalling/5b8f550e-3447-4d42-8f2c-f8f7b00d3ef3/call-DragenHardFilterVcf/shard-5/execution/docker_cid \
  -i \
  --user 1027:1028 \
  --cpus="64" \
  --memory="350G" \
  --entrypoint /bin/bash \
  -v /home/darja/workflow/cromwell-executions1/WholeGenomeGermlineSingleSample/06160bfb-7bc0-413b-9ba8-6a78ff6325b1/call-BamToGvcf/VariantCalling/5b8f550e-3447-4d42-8f2c-f8f7b00d3ef3/call-DragenHardFilterVcf/shard-5:/cromwell-executions1/WholeGenomeGermlineSingleSample/06160bfb-7bc0-413b-9ba8-6a78ff6325b1/call-BamToGvcf/VariantCalling/5b8f550e-3447-4d42-8f2c-f8f7b00d3ef3/call-DragenHardFilterVcf/shard-5 \
  -v /mnt/nas1/projects/lasr/blendseq:/mnt/nas1/projects/lasr/blendseq \
  us.gcr.io/broad-gatk/gatk@sha256:c88912855b845bd40c6b4bc8f3dd1d4b333ed2549cd3e8386987ee7c0c284f5a /cromwell-executions1/WholeGenomeGermlineSingleSample/06160bfb-7bc0-413b-9ba8-6a78ff6325b1/call-BamToGvcf/VariantCalling/5b8f550e-3447-4d42-8f2c-f8f7b00d3ef3/call-DragenHardFilterVcf/shard-5/execution/script

# get the return code (working even if the container was detached)
rc=$(docker wait [38;5;5mcat /home/darja/workflow/cromwell-executions1/WholeGenomeGermlineSingleSample/06160bfb-7bc0-413b-9ba8-6a78ff6325b1/call-BamToGvcf/VariantCalling/5b8f550e-3447-4d42-8f2c-f8f7b00d3ef3/call-DragenHardFilterVcf/shard-5/execution/docker_cid[0m)

# remove the container after waiting
docker rm [38;5;5mcat /home/darja/workflow/cromwell-executions1/WholeGenomeGermlineSingleSample/06160bfb-7bc0-413b-9ba8-6a78ff6325b1/call-BamToGvcf/VariantCalling/5b8f550e-3447-4d42-8f2c-f8f7b00d3ef3/call-DragenHardFilterVcf/shard-5/execution/docker_cid[0m

# return exit code
exit $rc
[2026-02-26 03:09:04,34] [info] BackgroundConfigAsyncJobExecutionActor [[38;5;2m5b8f550e[0mVariantCalling.DragenHardFilterVcf:5:1]: job id: 122570
[2026-02-26 03:09:04,34] [info] BackgroundConfigAsyncJobExecutionActor [[38;5;2m5b8f550e[0mVariantCalling.DragenHardFilterVcf:5:1]: Status change from - to WaitingForReturnCode
[2026-02-26 03:09:13,83] [info] BackgroundConfigAsyncJobExecutionActor [[38;5;2m5b8f550e[0mVariantCalling.DragenHardFilterVcf:5:1]: Status change from WaitingForReturnCode to Done
[2026-02-26 03:09:19,46] [info] Assigned new job execution tokens to the following groups: 06160bfb: 1
[2026-02-26 03:09:19,47] [[38;5;220mwarn[0m] BackgroundConfigAsyncJobExecutionActor [[38;5;2m5b8f550e[0mVariantCalling.DragenHardFilterVcf:32:1]: Unrecognized runtime attribute keys: preemptible, bootDiskSizeGb, disks, memory
[2026-02-26 03:09:19,52] [info] BackgroundConfigAsyncJobExecutionActor [[38;5;2m5b8f550e[0mVariantCalling.DragenHardFilterVcf:32:1]: [38;5;5mgatk --java-options "-Xms2000m -Xmx2500m" \
 VariantFiltration \
 -V /cromwell-executions1/WholeGenomeGermlineSingleSample/06160bfb-7bc0-413b-9ba8-6a78ff6325b1/call-BamToGvcf/VariantCalling/5b8f550e-3447-4d42-8f2c-f8f7b00d3ef3/call-DragenHardFilterVcf/shard-32/inputs/456070512/ERR3687419_ILMN.g.vcf.gz \
 --filter-expression "QUAL < 10.4139" \
 --filter-name "DRAGENHardQUAL" \
 -O ERR3687419_ILMN.hard-filtered.g.vcf.gz[0m
[2026-02-26 03:09:19,53] [info] BackgroundConfigAsyncJobExecutionActor [[38;5;2m5b8f550e[0mVariantCalling.DragenHardFilterVcf:32:1]: executing: # make sure there is no preexisting Docker CID file
rm -f /home/darja/workflow/cromwell-executions1/WholeGenomeGermlineSingleSample/06160bfb-7bc0-413b-9ba8-6a78ff6325b1/call-BamToGvcf/VariantCalling/5b8f550e-3447-4d42-8f2c-f8f7b00d3ef3/call-DragenHardFilterVcf/shard-32/execution/docker_cid
# run as in the original configuration without --rm flag (will remove later)
docker run \
  --cidfile /home/darja/workflow/cromwell-executions1/WholeGenomeGermlineSingleSample/06160bfb-7bc0-413b-9ba8-6a78ff6325b1/call-BamToGvcf/VariantCalling/5b8f550e-3447-4d42-8f2c-f8f7b00d3ef3/call-DragenHardFilterVcf/shard-32/execution/docker_cid \
  -i \
  --user 1027:1028 \
  --cpus="64" \
  --memory="350G" \
  --entrypoint /bin/bash \
  -v /home/darja/workflow/cromwell-executions1/WholeGenomeGermlineSingleSample/06160bfb-7bc0-413b-9ba8-6a78ff6325b1/call-BamToGvcf/VariantCalling/5b8f550e-3447-4d42-8f2c-f8f7b00d3ef3/call-DragenHardFilterVcf/shard-32:/cromwell-executions1/WholeGenomeGermlineSingleSample/06160bfb-7bc0-413b-9ba8-6a78ff6325b1/call-BamToGvcf/VariantCalling/5b8f550e-3447-4d42-8f2c-f8f7b00d3ef3/call-DragenHardFilterVcf/shard-32 \
  -v /mnt/nas1/projects/lasr/blendseq:/mnt/nas1/projects/lasr/blendseq \
  us.gcr.io/broad-gatk/gatk@sha256:c88912855b845bd40c6b4bc8f3dd1d4b333ed2549cd3e8386987ee7c0c284f5a /cromwell-executions1/WholeGenomeGermlineSingleSample/06160bfb-7bc0-413b-9ba8-6a78ff6325b1/call-BamToGvcf/VariantCalling/5b8f550e-3447-4d42-8f2c-f8f7b00d3ef3/call-DragenHardFilterVcf/shard-32/execution/script

# get the return code (working even if the container was detached)
rc=$(docker wait [38;5;5mcat /home/darja/workflow/cromwell-executions1/WholeGenomeGermlineSingleSample/06160bfb-7bc0-413b-9ba8-6a78ff6325b1/call-BamToGvcf/VariantCalling/5b8f550e-3447-4d42-8f2c-f8f7b00d3ef3/call-DragenHardFilterVcf/shard-32/execution/docker_cid[0m)

# remove the container after waiting
docker rm [38;5;5mcat /home/darja/workflow/cromwell-executions1/WholeGenomeGermlineSingleSample/06160bfb-7bc0-413b-9ba8-6a78ff6325b1/call-BamToGvcf/VariantCalling/5b8f550e-3447-4d42-8f2c-f8f7b00d3ef3/call-DragenHardFilterVcf/shard-32/execution/docker_cid[0m

# return exit code
exit $rc
[2026-02-26 03:09:24,34] [info] BackgroundConfigAsyncJobExecutionActor [[38;5;2m5b8f550e[0mVariantCalling.DragenHardFilterVcf:32:1]: job id: 122940
[2026-02-26 03:09:24,34] [info] BackgroundConfigAsyncJobExecutionActor [[38;5;2m5b8f550e[0mVariantCalling.DragenHardFilterVcf:32:1]: Status change from - to WaitingForReturnCode
[2026-02-26 03:09:34,03] [info] BackgroundConfigAsyncJobExecutionActor [[38;5;2m5b8f550e[0mVariantCalling.DragenHardFilterVcf:32:1]: Status change from WaitingForReturnCode to Done
[2026-02-26 03:09:39,46] [info] Assigned new job execution tokens to the following groups: 06160bfb: 1
[2026-02-26 03:09:39,47] [[38;5;220mwarn[0m] BackgroundConfigAsyncJobExecutionActor [[38;5;2m5b8f550e[0mVariantCalling.DragenHardFilterVcf:39:1]: Unrecognized runtime attribute keys: preemptible, bootDiskSizeGb, disks, memory
[2026-02-26 03:09:39,53] [info] BackgroundConfigAsyncJobExecutionActor [[38;5;2m5b8f550e[0mVariantCalling.DragenHardFilterVcf:39:1]: [38;5;5mgatk --java-options "-Xms2000m -Xmx2500m" \
 VariantFiltration \
 -V /cromwell-executions1/WholeGenomeGermlineSingleSample/06160bfb-7bc0-413b-9ba8-6a78ff6325b1/call-BamToGvcf/VariantCalling/5b8f550e-3447-4d42-8f2c-f8f7b00d3ef3/call-DragenHardFilterVcf/shard-39/inputs/762312887/ERR3687419_ILMN.g.vcf.gz \
 --filter-expression "QUAL < 10.4139" \
 --filter-name "DRAGENHardQUAL" \
 -O ERR3687419_ILMN.hard-filtered.g.vcf.gz[0m
[2026-02-26 03:09:39,53] [info] BackgroundConfigAsyncJobExecutionActor [[38;5;2m5b8f550e[0mVariantCalling.DragenHardFilterVcf:39:1]: executing: # make sure there is no preexisting Docker CID file
rm -f /home/darja/workflow/cromwell-executions1/WholeGenomeGermlineSingleSample/06160bfb-7bc0-413b-9ba8-6a78ff6325b1/call-BamToGvcf/VariantCalling/5b8f550e-3447-4d42-8f2c-f8f7b00d3ef3/call-DragenHardFilterVcf/shard-39/execution/docker_cid
# run as in the original configuration without --rm flag (will remove later)
docker run \
  --cidfile /home/darja/workflow/cromwell-executions1/WholeGenomeGermlineSingleSample/06160bfb-7bc0-413b-9ba8-6a78ff6325b1/call-BamToGvcf/VariantCalling/5b8f550e-3447-4d42-8f2c-f8f7b00d3ef3/call-DragenHardFilterVcf/shard-39/execution/docker_cid \
  -i \
  --user 1027:1028 \
  --cpus="64" \
  --memory="350G" \
  --entrypoint /bin/bash \
  -v /home/darja/workflow/cromwell-executions1/WholeGenomeGermlineSingleSample/06160bfb-7bc0-413b-9ba8-6a78ff6325b1/call-BamToGvcf/VariantCalling/5b8f550e-3447-4d42-8f2c-f8f7b00d3ef3/call-DragenHardFilterVcf/shard-39:/cromwell-executions1/WholeGenomeGermlineSingleSample/06160bfb-7bc0-413b-9ba8-6a78ff6325b1/call-BamToGvcf/VariantCalling/5b8f550e-3447-4d42-8f2c-f8f7b00d3ef3/call-DragenHardFilterVcf/shard-39 \
  -v /mnt/nas1/projects/lasr/blendseq:/mnt/nas1/projects/lasr/blendseq \
  us.gcr.io/broad-gatk/gatk@sha256:c88912855b845bd40c6b4bc8f3dd1d4b333ed2549cd3e8386987ee7c0c284f5a /cromwell-executions1/WholeGenomeGermlineSingleSample/06160bfb-7bc0-413b-9ba8-6a78ff6325b1/call-BamToGvcf/VariantCalling/5b8f550e-3447-4d42-8f2c-f8f7b00d3ef3/call-DragenHardFilterVcf/shard-39/execution/script

# get the return code (working even if the container was detached)
rc=$(docker wait [38;5;5mcat /home/darja/workflow/cromwell-executions1/WholeGenomeGermlineSingleSample/06160bfb-7bc0-413b-9ba8-6a78ff6325b1/call-BamToGvcf/VariantCalling/5b8f550e-3447-4d42-8f2c-f8f7b00d3ef3/call-DragenHardFilterVcf/shard-39/execution/docker_cid[0m)

# remove the container after waiting
docker rm [38;5;5mcat /home/darja/workflow/cromwell-executions1/WholeGenomeGermlineSingleSample/06160bfb-7bc0-413b-9ba8-6a78ff6325b1/call-BamToGvcf/VariantCalling/5b8f550e-3447-4d42-8f2c-f8f7b00d3ef3/call-DragenHardFilterVcf/shard-39/execution/docker_cid[0m

# return exit code
exit $rc
[2026-02-26 03:09:44,34] [info] BackgroundConfigAsyncJobExecutionActor [[38;5;2m5b8f550e[0mVariantCalling.DragenHardFilterVcf:39:1]: job id: 123309
[2026-02-26 03:09:44,34] [info] BackgroundConfigAsyncJobExecutionActor [[38;5;2m5b8f550e[0mVariantCalling.DragenHardFilterVcf:39:1]: Status change from - to WaitingForReturnCode
[2026-02-26 03:09:55,70] [info] BackgroundConfigAsyncJobExecutionActor [[38;5;2m5b8f550e[0mVariantCalling.DragenHardFilterVcf:39:1]: Status change from WaitingForReturnCode to Done
[2026-02-26 03:09:59,46] [info] Assigned new job execution tokens to the following groups: 06160bfb: 1
[2026-02-26 03:09:59,47] [[38;5;220mwarn[0m] BackgroundConfigAsyncJobExecutionActor [[38;5;2m5b8f550e[0mVariantCalling.DragenHardFilterVcf:45:1]: Unrecognized runtime attribute keys: preemptible, bootDiskSizeGb, disks, memory
[2026-02-26 03:09:59,57] [info] BackgroundConfigAsyncJobExecutionActor [[38;5;2m5b8f550e[0mVariantCalling.DragenHardFilterVcf:45:1]: [38;5;5mgatk --java-options "-Xms2000m -Xmx2500m" \
 VariantFiltration \
 -V /cromwell-executions1/WholeGenomeGermlineSingleSample/06160bfb-7bc0-413b-9ba8-6a78ff6325b1/call-BamToGvcf/VariantCalling/5b8f550e-3447-4d42-8f2c-f8f7b00d3ef3/call-DragenHardFilterVcf/shard-45/inputs/-510733550/ERR3687419_ILMN.g.vcf.gz \
 --filter-expression "QUAL < 10.4139" \
 --filter-name "DRAGENHardQUAL" \
 -O ERR3687419_ILMN.hard-filtered.g.vcf.gz[0m
[2026-02-26 03:09:59,57] [info] BackgroundConfigAsyncJobExecutionActor [[38;5;2m5b8f550e[0mVariantCalling.DragenHardFilterVcf:45:1]: executing: # make sure there is no preexisting Docker CID file
rm -f /home/darja/workflow/cromwell-executions1/WholeGenomeGermlineSingleSample/06160bfb-7bc0-413b-9ba8-6a78ff6325b1/call-BamToGvcf/VariantCalling/5b8f550e-3447-4d42-8f2c-f8f7b00d3ef3/call-DragenHardFilterVcf/shard-45/execution/docker_cid
# run as in the original configuration without --rm flag (will remove later)
docker run \
  --cidfile /home/darja/workflow/cromwell-executions1/WholeGenomeGermlineSingleSample/06160bfb-7bc0-413b-9ba8-6a78ff6325b1/call-BamToGvcf/VariantCalling/5b8f550e-3447-4d42-8f2c-f8f7b00d3ef3/call-DragenHardFilterVcf/shard-45/execution/docker_cid \
  -i \
  --user 1027:1028 \
  --cpus="64" \
  --memory="350G" \
  --entrypoint /bin/bash \
  -v /home/darja/workflow/cromwell-executions1/WholeGenomeGermlineSingleSample/06160bfb-7bc0-413b-9ba8-6a78ff6325b1/call-BamToGvcf/VariantCalling/5b8f550e-3447-4d42-8f2c-f8f7b00d3ef3/call-DragenHardFilterVcf/shard-45:/cromwell-executions1/WholeGenomeGermlineSingleSample/06160bfb-7bc0-413b-9ba8-6a78ff6325b1/call-BamToGvcf/VariantCalling/5b8f550e-3447-4d42-8f2c-f8f7b00d3ef3/call-DragenHardFilterVcf/shard-45 \
  -v /mnt/nas1/projects/lasr/blendseq:/mnt/nas1/projects/lasr/blendseq \
  us.gcr.io/broad-gatk/gatk@sha256:c88912855b845bd40c6b4bc8f3dd1d4b333ed2549cd3e8386987ee7c0c284f5a /cromwell-executions1/WholeGenomeGermlineSingleSample/06160bfb-7bc0-413b-9ba8-6a78ff6325b1/call-BamToGvcf/VariantCalling/5b8f550e-3447-4d42-8f2c-f8f7b00d3ef3/call-DragenHardFilterVcf/shard-45/execution/script

# get the return code (working even if the container was detached)
rc=$(docker wait [38;5;5mcat /home/darja/workflow/cromwell-executions1/WholeGenomeGermlineSingleSample/06160bfb-7bc0-413b-9ba8-6a78ff6325b1/call-BamToGvcf/VariantCalling/5b8f550e-3447-4d42-8f2c-f8f7b00d3ef3/call-DragenHardFilterVcf/shard-45/execution/docker_cid[0m)

# remove the container after waiting
docker rm [38;5;5mcat /home/darja/workflow/cromwell-executions1/WholeGenomeGermlineSingleSample/06160bfb-7bc0-413b-9ba8-6a78ff6325b1/call-BamToGvcf/VariantCalling/5b8f550e-3447-4d42-8f2c-f8f7b00d3ef3/call-DragenHardFilterVcf/shard-45/execution/docker_cid[0m

# return exit code
exit $rc
[2026-02-26 03:10:04,34] [info] BackgroundConfigAsyncJobExecutionActor [[38;5;2m5b8f550e[0mVariantCalling.DragenHardFilterVcf:45:1]: job id: 123682
[2026-02-26 03:10:04,34] [info] BackgroundConfigAsyncJobExecutionActor [[38;5;2m5b8f550e[0mVariantCalling.DragenHardFilterVcf:45:1]: Status change from - to WaitingForReturnCode
[2026-02-26 03:10:14,26] [info] BackgroundConfigAsyncJobExecutionActor [[38;5;2m5b8f550e[0mVariantCalling.DragenHardFilterVcf:45:1]: Status change from WaitingForReturnCode to Done
[2026-02-26 03:10:19,46] [info] Assigned new job execution tokens to the following groups: 06160bfb: 1
[2026-02-26 03:10:19,47] [[38;5;220mwarn[0m] BackgroundConfigAsyncJobExecutionActor [[38;5;2m5b8f550e[0mVariantCalling.DragenHardFilterVcf:30:1]: Unrecognized runtime attribute keys: preemptible, bootDiskSizeGb, disks, memory
[2026-02-26 03:10:19,52] [info] BackgroundConfigAsyncJobExecutionActor [[38;5;2m5b8f550e[0mVariantCalling.DragenHardFilterVcf:30:1]: [38;5;5mgatk --java-options "-Xms2000m -Xmx2500m" \
 VariantFiltration \
 -V /cromwell-executions1/WholeGenomeGermlineSingleSample/06160bfb-7bc0-413b-9ba8-6a78ff6325b1/call-BamToGvcf/VariantCalling/5b8f550e-3447-4d42-8f2c-f8f7b00d3ef3/call-DragenHardFilterVcf/shard-30/inputs/-244994066/ERR3687419_ILMN.g.vcf.gz \
 --filter-expression "QUAL < 10.4139" \
 --filter-name "DRAGENHardQUAL" \
 -O ERR3687419_ILMN.hard-filtered.g.vcf.gz[0m
[2026-02-26 03:10:19,53] [info] BackgroundConfigAsyncJobExecutionActor [[38;5;2m5b8f550e[0mVariantCalling.DragenHardFilterVcf:30:1]: executing: # make sure there is no preexisting Docker CID file
rm -f /home/darja/workflow/cromwell-executions1/WholeGenomeGermlineSingleSample/06160bfb-7bc0-413b-9ba8-6a78ff6325b1/call-BamToGvcf/VariantCalling/5b8f550e-3447-4d42-8f2c-f8f7b00d3ef3/call-DragenHardFilterVcf/shard-30/execution/docker_cid
# run as in the original configuration without --rm flag (will remove later)
docker run \
  --cidfile /home/darja/workflow/cromwell-executions1/WholeGenomeGermlineSingleSample/06160bfb-7bc0-413b-9ba8-6a78ff6325b1/call-BamToGvcf/VariantCalling/5b8f550e-3447-4d42-8f2c-f8f7b00d3ef3/call-DragenHardFilterVcf/shard-30/execution/docker_cid \
  -i \
  --user 1027:1028 \
  --cpus="64" \
  --memory="350G" \
  --entrypoint /bin/bash \
  -v /home/darja/workflow/cromwell-executions1/WholeGenomeGermlineSingleSample/06160bfb-7bc0-413b-9ba8-6a78ff6325b1/call-BamToGvcf/VariantCalling/5b8f550e-3447-4d42-8f2c-f8f7b00d3ef3/call-DragenHardFilterVcf/shard-30:/cromwell-executions1/WholeGenomeGermlineSingleSample/06160bfb-7bc0-413b-9ba8-6a78ff6325b1/call-BamToGvcf/VariantCalling/5b8f550e-3447-4d42-8f2c-f8f7b00d3ef3/call-DragenHardFilterVcf/shard-30 \
  -v /mnt/nas1/projects/lasr/blendseq:/mnt/nas1/projects/lasr/blendseq \
  us.gcr.io/broad-gatk/gatk@sha256:c88912855b845bd40c6b4bc8f3dd1d4b333ed2549cd3e8386987ee7c0c284f5a /cromwell-executions1/WholeGenomeGermlineSingleSample/06160bfb-7bc0-413b-9ba8-6a78ff6325b1/call-BamToGvcf/VariantCalling/5b8f550e-3447-4d42-8f2c-f8f7b00d3ef3/call-DragenHardFilterVcf/shard-30/execution/script

# get the return code (working even if the container was detached)
rc=$(docker wait [38;5;5mcat /home/darja/workflow/cromwell-executions1/WholeGenomeGermlineSingleSample/06160bfb-7bc0-413b-9ba8-6a78ff6325b1/call-BamToGvcf/VariantCalling/5b8f550e-3447-4d42-8f2c-f8f7b00d3ef3/call-DragenHardFilterVcf/shard-30/execution/docker_cid[0m)

# remove the container after waiting
docker rm [38;5;5mcat /home/darja/workflow/cromwell-executions1/WholeGenomeGermlineSingleSample/06160bfb-7bc0-413b-9ba8-6a78ff6325b1/call-BamToGvcf/VariantCalling/5b8f550e-3447-4d42-8f2c-f8f7b00d3ef3/call-DragenHardFilterVcf/shard-30/execution/docker_cid[0m

# return exit code
exit $rc
[2026-02-26 03:10:24,34] [info] BackgroundConfigAsyncJobExecutionActor [[38;5;2m5b8f550e[0mVariantCalling.DragenHardFilterVcf:30:1]: job id: 124056
[2026-02-26 03:10:24,34] [info] BackgroundConfigAsyncJobExecutionActor [[38;5;2m5b8f550e[0mVariantCalling.DragenHardFilterVcf:30:1]: Status change from - to WaitingForReturnCode
[2026-02-26 03:10:34,99] [info] BackgroundConfigAsyncJobExecutionActor [[38;5;2m5b8f550e[0mVariantCalling.DragenHardFilterVcf:30:1]: Status change from WaitingForReturnCode to Done
[2026-02-26 03:10:39,46] [info] Assigned new job execution tokens to the following groups: 06160bfb: 1
[2026-02-26 03:10:39,47] [[38;5;220mwarn[0m] BackgroundConfigAsyncJobExecutionActor [[38;5;2m5b8f550e[0mVariantCalling.DragenHardFilterVcf:13:1]: Unrecognized runtime attribute keys: preemptible, bootDiskSizeGb, disks, memory
[2026-02-26 03:10:39,54] [info] BackgroundConfigAsyncJobExecutionActor [[38;5;2m5b8f550e[0mVariantCalling.DragenHardFilterVcf:13:1]: [38;5;5mgatk --java-options "-Xms2000m -Xmx2500m" \
 VariantFiltration \
 -V /cromwell-executions1/WholeGenomeGermlineSingleSample/06160bfb-7bc0-413b-9ba8-6a78ff6325b1/call-BamToGvcf/VariantCalling/5b8f550e-3447-4d42-8f2c-f8f7b00d3ef3/call-DragenHardFilterVcf/shard-13/inputs/-1599046285/ERR3687419_ILMN.g.vcf.gz \
 --filter-expression "QUAL < 10.4139" \
 --filter-name "DRAGENHardQUAL" \
 -O ERR3687419_ILMN.hard-filtered.g.vcf.gz[0m
[2026-02-26 03:10:39,54] [info] BackgroundConfigAsyncJobExecutionActor [[38;5;2m5b8f550e[0mVariantCalling.DragenHardFilterVcf:13:1]: executing: # make sure there is no preexisting Docker CID file
rm -f /home/darja/workflow/cromwell-executions1/WholeGenomeGermlineSingleSample/06160bfb-7bc0-413b-9ba8-6a78ff6325b1/call-BamToGvcf/VariantCalling/5b8f550e-3447-4d42-8f2c-f8f7b00d3ef3/call-DragenHardFilterVcf/shard-13/execution/docker_cid
# run as in the original configuration without --rm flag (will remove later)
docker run \
  --cidfile /home/darja/workflow/cromwell-executions1/WholeGenomeGermlineSingleSample/06160bfb-7bc0-413b-9ba8-6a78ff6325b1/call-BamToGvcf/VariantCalling/5b8f550e-3447-4d42-8f2c-f8f7b00d3ef3/call-DragenHardFilterVcf/shard-13/execution/docker_cid \
  -i \
  --user 1027:1028 \
  --cpus="64" \
  --memory="350G" \
  --entrypoint /bin/bash \
  -v /home/darja/workflow/cromwell-executions1/WholeGenomeGermlineSingleSample/06160bfb-7bc0-413b-9ba8-6a78ff6325b1/call-BamToGvcf/VariantCalling/5b8f550e-3447-4d42-8f2c-f8f7b00d3ef3/call-DragenHardFilterVcf/shard-13:/cromwell-executions1/WholeGenomeGermlineSingleSample/06160bfb-7bc0-413b-9ba8-6a78ff6325b1/call-BamToGvcf/VariantCalling/5b8f550e-3447-4d42-8f2c-f8f7b00d3ef3/call-DragenHardFilterVcf/shard-13 \
  -v /mnt/nas1/projects/lasr/blendseq:/mnt/nas1/projects/lasr/blendseq \
  us.gcr.io/broad-gatk/gatk@sha256:c88912855b845bd40c6b4bc8f3dd1d4b333ed2549cd3e8386987ee7c0c284f5a /cromwell-executions1/WholeGenomeGermlineSingleSample/06160bfb-7bc0-413b-9ba8-6a78ff6325b1/call-BamToGvcf/VariantCalling/5b8f550e-3447-4d42-8f2c-f8f7b00d3ef3/call-DragenHardFilterVcf/shard-13/execution/script

# get the return code (working even if the container was detached)
rc=$(docker wait [38;5;5mcat /home/darja/workflow/cromwell-executions1/WholeGenomeGermlineSingleSample/06160bfb-7bc0-413b-9ba8-6a78ff6325b1/call-BamToGvcf/VariantCalling/5b8f550e-3447-4d42-8f2c-f8f7b00d3ef3/call-DragenHardFilterVcf/shard-13/execution/docker_cid[0m)

# remove the container after waiting
docker rm [38;5;5mcat /home/darja/workflow/cromwell-executions1/WholeGenomeGermlineSingleSample/06160bfb-7bc0-413b-9ba8-6a78ff6325b1/call-BamToGvcf/VariantCalling/5b8f550e-3447-4d42-8f2c-f8f7b00d3ef3/call-DragenHardFilterVcf/shard-13/execution/docker_cid[0m

# return exit code
exit $rc
[2026-02-26 03:10:44,34] [info] BackgroundConfigAsyncJobExecutionActor [[38;5;2m5b8f550e[0mVariantCalling.DragenHardFilterVcf:13:1]: job id: 124425
[2026-02-26 03:10:44,34] [info] BackgroundConfigAsyncJobExecutionActor [[38;5;2m5b8f550e[0mVariantCalling.DragenHardFilterVcf:13:1]: Status change from - to WaitingForReturnCode
[2026-02-26 03:10:53,10] [info] BackgroundConfigAsyncJobExecutionActor [[38;5;2m5b8f550e[0mVariantCalling.DragenHardFilterVcf:13:1]: Status change from WaitingForReturnCode to Done
[2026-02-26 03:10:59,46] [info] Assigned new job execution tokens to the following groups: 06160bfb: 1
[2026-02-26 03:10:59,47] [[38;5;220mwarn[0m] BackgroundConfigAsyncJobExecutionActor [[38;5;2m5b8f550e[0mVariantCalling.DragenHardFilterVcf:20:1]: Unrecognized runtime attribute keys: preemptible, bootDiskSizeGb, disks, memory
[2026-02-26 03:10:59,53] [info] BackgroundConfigAsyncJobExecutionActor [[38;5;2m5b8f550e[0mVariantCalling.DragenHardFilterVcf:20:1]: [38;5;5mgatk --java-options "-Xms2000m -Xmx2500m" \
 VariantFiltration \
 -V /cromwell-executions1/WholeGenomeGermlineSingleSample/06160bfb-7bc0-413b-9ba8-6a78ff6325b1/call-BamToGvcf/VariantCalling/5b8f550e-3447-4d42-8f2c-f8f7b00d3ef3/call-DragenHardFilterVcf/shard-20/inputs/-374076785/ERR3687419_ILMN.g.vcf.gz \
 --filter-expression "QUAL < 10.4139" \
 --filter-name "DRAGENHardQUAL" \
 -O ERR3687419_ILMN.hard-filtered.g.vcf.gz[0m
[2026-02-26 03:10:59,54] [info] BackgroundConfigAsyncJobExecutionActor [[38;5;2m5b8f550e[0mVariantCalling.DragenHardFilterVcf:20:1]: executing: # make sure there is no preexisting Docker CID file
rm -f /home/darja/workflow/cromwell-executions1/WholeGenomeGermlineSingleSample/06160bfb-7bc0-413b-9ba8-6a78ff6325b1/call-BamToGvcf/VariantCalling/5b8f550e-3447-4d42-8f2c-f8f7b00d3ef3/call-DragenHardFilterVcf/shard-20/execution/docker_cid
# run as in the original configuration without --rm flag (will remove later)
docker run \
  --cidfile /home/darja/workflow/cromwell-executions1/WholeGenomeGermlineSingleSample/06160bfb-7bc0-413b-9ba8-6a78ff6325b1/call-BamToGvcf/VariantCalling/5b8f550e-3447-4d42-8f2c-f8f7b00d3ef3/call-DragenHardFilterVcf/shard-20/execution/docker_cid \
  -i \
  --user 1027:1028 \
  --cpus="64" \
  --memory="350G" \
  --entrypoint /bin/bash \
  -v /home/darja/workflow/cromwell-executions1/WholeGenomeGermlineSingleSample/06160bfb-7bc0-413b-9ba8-6a78ff6325b1/call-BamToGvcf/VariantCalling/5b8f550e-3447-4d42-8f2c-f8f7b00d3ef3/call-DragenHardFilterVcf/shard-20:/cromwell-executions1/WholeGenomeGermlineSingleSample/06160bfb-7bc0-413b-9ba8-6a78ff6325b1/call-BamToGvcf/VariantCalling/5b8f550e-3447-4d42-8f2c-f8f7b00d3ef3/call-DragenHardFilterVcf/shard-20 \
  -v /mnt/nas1/projects/lasr/blendseq:/mnt/nas1/projects/lasr/blendseq \
  us.gcr.io/broad-gatk/gatk@sha256:c88912855b845bd40c6b4bc8f3dd1d4b333ed2549cd3e8386987ee7c0c284f5a /cromwell-executions1/WholeGenomeGermlineSingleSample/06160bfb-7bc0-413b-9ba8-6a78ff6325b1/call-BamToGvcf/VariantCalling/5b8f550e-3447-4d42-8f2c-f8f7b00d3ef3/call-DragenHardFilterVcf/shard-20/execution/script

# get the return code (working even if the container was detached)
rc=$(docker wait [38;5;5mcat /home/darja/workflow/cromwell-executions1/WholeGenomeGermlineSingleSample/06160bfb-7bc0-413b-9ba8-6a78ff6325b1/call-BamToGvcf/VariantCalling/5b8f550e-3447-4d42-8f2c-f8f7b00d3ef3/call-DragenHardFilterVcf/shard-20/execution/docker_cid[0m)

# remove the container after waiting
docker rm [38;5;5mcat /home/darja/workflow/cromwell-executions1/WholeGenomeGermlineSingleSample/06160bfb-7bc0-413b-9ba8-6a78ff6325b1/call-BamToGvcf/VariantCalling/5b8f550e-3447-4d42-8f2c-f8f7b00d3ef3/call-DragenHardFilterVcf/shard-20/execution/docker_cid[0m

# return exit code
exit $rc
[2026-02-26 03:11:04,34] [info] BackgroundConfigAsyncJobExecutionActor [[38;5;2m5b8f550e[0mVariantCalling.DragenHardFilterVcf:20:1]: job id: 124789
[2026-02-26 03:11:04,34] [info] BackgroundConfigAsyncJobExecutionActor [[38;5;2m5b8f550e[0mVariantCalling.DragenHardFilterVcf:20:1]: Status change from - to WaitingForReturnCode
[2026-02-26 03:11:13,80] [info] BackgroundConfigAsyncJobExecutionActor [[38;5;2m5b8f550e[0mVariantCalling.DragenHardFilterVcf:20:1]: Status change from WaitingForReturnCode to Done
[2026-02-26 03:11:19,46] [info] Assigned new job execution tokens to the following groups: 06160bfb: 1
[2026-02-26 03:11:19,47] [[38;5;220mwarn[0m] BackgroundConfigAsyncJobExecutionActor [[38;5;2m5b8f550e[0mVariantCalling.DragenHardFilterVcf:16:1]: Unrecognized runtime attribute keys: preemptible, bootDiskSizeGb, disks, memory
[2026-02-26 03:11:19,53] [info] BackgroundConfigAsyncJobExecutionActor [[38;5;2m5b8f550e[0mVariantCalling.DragenHardFilterVcf:16:1]: [38;5;5mgatk --java-options "-Xms2000m -Xmx2500m" \
 VariantFiltration \
 -V /cromwell-executions1/WholeGenomeGermlineSingleSample/06160bfb-7bc0-413b-9ba8-6a78ff6325b1/call-BamToGvcf/VariantCalling/5b8f550e-3447-4d42-8f2c-f8f7b00d3ef3/call-DragenHardFilterVcf/shard-16/inputs/1600034230/ERR3687419_ILMN.g.vcf.gz \
 --filter-expression "QUAL < 10.4139" \
 --filter-name "DRAGENHardQUAL" \
 -O ERR3687419_ILMN.hard-filtered.g.vcf.gz[0m
[2026-02-26 03:11:19,53] [info] BackgroundConfigAsyncJobExecutionActor [[38;5;2m5b8f550e[0mVariantCalling.DragenHardFilterVcf:16:1]: executing: # make sure there is no preexisting Docker CID file
rm -f /home/darja/workflow/cromwell-executions1/WholeGenomeGermlineSingleSample/06160bfb-7bc0-413b-9ba8-6a78ff6325b1/call-BamToGvcf/VariantCalling/5b8f550e-3447-4d42-8f2c-f8f7b00d3ef3/call-DragenHardFilterVcf/shard-16/execution/docker_cid
# run as in the original configuration without --rm flag (will remove later)
docker run \
  --cidfile /home/darja/workflow/cromwell-executions1/WholeGenomeGermlineSingleSample/06160bfb-7bc0-413b-9ba8-6a78ff6325b1/call-BamToGvcf/VariantCalling/5b8f550e-3447-4d42-8f2c-f8f7b00d3ef3/call-DragenHardFilterVcf/shard-16/execution/docker_cid \
  -i \
  --user 1027:1028 \
  --cpus="64" \
  --memory="350G" \
  --entrypoint /bin/bash \
  -v /home/darja/workflow/cromwell-executions1/WholeGenomeGermlineSingleSample/06160bfb-7bc0-413b-9ba8-6a78ff6325b1/call-BamToGvcf/VariantCalling/5b8f550e-3447-4d42-8f2c-f8f7b00d3ef3/call-DragenHardFilterVcf/shard-16:/cromwell-executions1/WholeGenomeGermlineSingleSample/06160bfb-7bc0-413b-9ba8-6a78ff6325b1/call-BamToGvcf/VariantCalling/5b8f550e-3447-4d42-8f2c-f8f7b00d3ef3/call-DragenHardFilterVcf/shard-16 \
  -v /mnt/nas1/projects/lasr/blendseq:/mnt/nas1/projects/lasr/blendseq \
  us.gcr.io/broad-gatk/gatk@sha256:c88912855b845bd40c6b4bc8f3dd1d4b333ed2549cd3e8386987ee7c0c284f5a /cromwell-executions1/WholeGenomeGermlineSingleSample/06160bfb-7bc0-413b-9ba8-6a78ff6325b1/call-BamToGvcf/VariantCalling/5b8f550e-3447-4d42-8f2c-f8f7b00d3ef3/call-DragenHardFilterVcf/shard-16/execution/script

# get the return code (working even if the container was detached)
rc=$(docker wait [38;5;5mcat /home/darja/workflow/cromwell-executions1/WholeGenomeGermlineSingleSample/06160bfb-7bc0-413b-9ba8-6a78ff6325b1/call-BamToGvcf/VariantCalling/5b8f550e-3447-4d42-8f2c-f8f7b00d3ef3/call-DragenHardFilterVcf/shard-16/execution/docker_cid[0m)

# remove the container after waiting
docker rm [38;5;5mcat /home/darja/workflow/cromwell-executions1/WholeGenomeGermlineSingleSample/06160bfb-7bc0-413b-9ba8-6a78ff6325b1/call-BamToGvcf/VariantCalling/5b8f550e-3447-4d42-8f2c-f8f7b00d3ef3/call-DragenHardFilterVcf/shard-16/execution/docker_cid[0m

# return exit code
exit $rc
[2026-02-26 03:11:24,34] [info] BackgroundConfigAsyncJobExecutionActor [[38;5;2m5b8f550e[0mVariantCalling.DragenHardFilterVcf:16:1]: job id: 125158
[2026-02-26 03:11:24,34] [info] BackgroundConfigAsyncJobExecutionActor [[38;5;2m5b8f550e[0mVariantCalling.DragenHardFilterVcf:16:1]: Status change from - to WaitingForReturnCode
[2026-02-26 03:11:32,09] [info] BackgroundConfigAsyncJobExecutionActor [[38;5;2m5b8f550e[0mVariantCalling.DragenHardFilterVcf:16:1]: Status change from WaitingForReturnCode to Done
[2026-02-26 03:11:39,46] [info] Assigned new job execution tokens to the following groups: 06160bfb: 1
[2026-02-26 03:11:39,47] [[38;5;220mwarn[0m] BackgroundConfigAsyncJobExecutionActor [[38;5;2m5b8f550e[0mVariantCalling.DragenHardFilterVcf:2:1]: Unrecognized runtime attribute keys: preemptible, bootDiskSizeGb, disks, memory
[2026-02-26 03:11:39,51] [info] BackgroundConfigAsyncJobExecutionActor [[38;5;2m5b8f550e[0mVariantCalling.DragenHardFilterVcf:2:1]: [38;5;5mgatk --java-options "-Xms2000m -Xmx2500m" \
 VariantFiltration \
 -V /cromwell-executions1/WholeGenomeGermlineSingleSample/06160bfb-7bc0-413b-9ba8-6a78ff6325b1/call-BamToGvcf/VariantCalling/5b8f550e-3447-4d42-8f2c-f8f7b00d3ef3/call-DragenHardFilterVcf/shard-2/inputs/-19206541/ERR3687419_ILMN.g.vcf.gz \
 --filter-expression "QUAL < 10.4139" \
 --filter-name "DRAGENHardQUAL" \
 -O ERR3687419_ILMN.hard-filtered.g.vcf.gz[0m
[2026-02-26 03:11:39,52] [info] BackgroundConfigAsyncJobExecutionActor [[38;5;2m5b8f550e[0mVariantCalling.DragenHardFilterVcf:2:1]: executing: # make sure there is no preexisting Docker CID file
rm -f /home/darja/workflow/cromwell-executions1/WholeGenomeGermlineSingleSample/06160bfb-7bc0-413b-9ba8-6a78ff6325b1/call-BamToGvcf/VariantCalling/5b8f550e-3447-4d42-8f2c-f8f7b00d3ef3/call-DragenHardFilterVcf/shard-2/execution/docker_cid
# run as in the original configuration without --rm flag (will remove later)
docker run \
  --cidfile /home/darja/workflow/cromwell-executions1/WholeGenomeGermlineSingleSample/06160bfb-7bc0-413b-9ba8-6a78ff6325b1/call-BamToGvcf/VariantCalling/5b8f550e-3447-4d42-8f2c-f8f7b00d3ef3/call-DragenHardFilterVcf/shard-2/execution/docker_cid \
  -i \
  --user 1027:1028 \
  --cpus="64" \
  --memory="350G" \
  --entrypoint /bin/bash \
  -v /home/darja/workflow/cromwell-executions1/WholeGenomeGermlineSingleSample/06160bfb-7bc0-413b-9ba8-6a78ff6325b1/call-BamToGvcf/VariantCalling/5b8f550e-3447-4d42-8f2c-f8f7b00d3ef3/call-DragenHardFilterVcf/shard-2:/cromwell-executions1/WholeGenomeGermlineSingleSample/06160bfb-7bc0-413b-9ba8-6a78ff6325b1/call-BamToGvcf/VariantCalling/5b8f550e-3447-4d42-8f2c-f8f7b00d3ef3/call-DragenHardFilterVcf/shard-2 \
  -v /mnt/nas1/projects/lasr/blendseq:/mnt/nas1/projects/lasr/blendseq \
  us.gcr.io/broad-gatk/gatk@sha256:c88912855b845bd40c6b4bc8f3dd1d4b333ed2549cd3e8386987ee7c0c284f5a /cromwell-executions1/WholeGenomeGermlineSingleSample/06160bfb-7bc0-413b-9ba8-6a78ff6325b1/call-BamToGvcf/VariantCalling/5b8f550e-3447-4d42-8f2c-f8f7b00d3ef3/call-DragenHardFilterVcf/shard-2/execution/script

# get the return code (working even if the container was detached)
rc=$(docker wait [38;5;5mcat /home/darja/workflow/cromwell-executions1/WholeGenomeGermlineSingleSample/06160bfb-7bc0-413b-9ba8-6a78ff6325b1/call-BamToGvcf/VariantCalling/5b8f550e-3447-4d42-8f2c-f8f7b00d3ef3/call-DragenHardFilterVcf/shard-2/execution/docker_cid[0m)

# remove the container after waiting
docker rm [38;5;5mcat /home/darja/workflow/cromwell-executions1/WholeGenomeGermlineSingleSample/06160bfb-7bc0-413b-9ba8-6a78ff6325b1/call-BamToGvcf/VariantCalling/5b8f550e-3447-4d42-8f2c-f8f7b00d3ef3/call-DragenHardFilterVcf/shard-2/execution/docker_cid[0m

# return exit code
exit $rc
[2026-02-26 03:11:44,34] [info] BackgroundConfigAsyncJobExecutionActor [[38;5;2m5b8f550e[0mVariantCalling.DragenHardFilterVcf:2:1]: job id: 125525
[2026-02-26 03:11:44,34] [info] BackgroundConfigAsyncJobExecutionActor [[38;5;2m5b8f550e[0mVariantCalling.DragenHardFilterVcf:2:1]: Status change from - to WaitingForReturnCode
[2026-02-26 03:11:52,69] [info] BackgroundConfigAsyncJobExecutionActor [[38;5;2m5b8f550e[0mVariantCalling.DragenHardFilterVcf:2:1]: Status change from WaitingForReturnCode to Done
[2026-02-26 03:11:59,46] [info] Assigned new job execution tokens to the following groups: 06160bfb: 1
[2026-02-26 03:11:59,47] [[38;5;220mwarn[0m] BackgroundConfigAsyncJobExecutionActor [[38;5;2m5b8f550e[0mVariantCalling.DragenHardFilterVcf:34:1]: Unrecognized runtime attribute keys: preemptible, bootDiskSizeGb, disks, memory
[2026-02-26 03:11:59,53] [info] BackgroundConfigAsyncJobExecutionActor [[38;5;2m5b8f550e[0mVariantCalling.DragenHardFilterVcf:34:1]: [38;5;5mgatk --java-options "-Xms2000m -Xmx2500m" \
 VariantFiltration \
 -V /cromwell-executions1/WholeGenomeGermlineSingleSample/06160bfb-7bc0-413b-9ba8-6a78ff6325b1/call-BamToGvcf/VariantCalling/5b8f550e-3447-4d42-8f2c-f8f7b00d3ef3/call-DragenHardFilterVcf/shard-34/inputs/1157135090/ERR3687419_ILMN.g.vcf.gz \
 --filter-expression "QUAL < 10.4139" \
 --filter-name "DRAGENHardQUAL" \
 -O ERR3687419_ILMN.hard-filtered.g.vcf.gz[0m
[2026-02-26 03:11:59,53] [info] BackgroundConfigAsyncJobExecutionActor [[38;5;2m5b8f550e[0mVariantCalling.DragenHardFilterVcf:34:1]: executing: # make sure there is no preexisting Docker CID file
rm -f /home/darja/workflow/cromwell-executions1/WholeGenomeGermlineSingleSample/06160bfb-7bc0-413b-9ba8-6a78ff6325b1/call-BamToGvcf/VariantCalling/5b8f550e-3447-4d42-8f2c-f8f7b00d3ef3/call-DragenHardFilterVcf/shard-34/execution/docker_cid
# run as in the original configuration without --rm flag (will remove later)
docker run \
  --cidfile /home/darja/workflow/cromwell-executions1/WholeGenomeGermlineSingleSample/06160bfb-7bc0-413b-9ba8-6a78ff6325b1/call-BamToGvcf/VariantCalling/5b8f550e-3447-4d42-8f2c-f8f7b00d3ef3/call-DragenHardFilterVcf/shard-34/execution/docker_cid \
  -i \
  --user 1027:1028 \
  --cpus="64" \
  --memory="350G" \
  --entrypoint /bin/bash \
  -v /home/darja/workflow/cromwell-executions1/WholeGenomeGermlineSingleSample/06160bfb-7bc0-413b-9ba8-6a78ff6325b1/call-BamToGvcf/VariantCalling/5b8f550e-3447-4d42-8f2c-f8f7b00d3ef3/call-DragenHardFilterVcf/shard-34:/cromwell-executions1/WholeGenomeGermlineSingleSample/06160bfb-7bc0-413b-9ba8-6a78ff6325b1/call-BamToGvcf/VariantCalling/5b8f550e-3447-4d42-8f2c-f8f7b00d3ef3/call-DragenHardFilterVcf/shard-34 \
  -v /mnt/nas1/projects/lasr/blendseq:/mnt/nas1/projects/lasr/blendseq \
  us.gcr.io/broad-gatk/gatk@sha256:c88912855b845bd40c6b4bc8f3dd1d4b333ed2549cd3e8386987ee7c0c284f5a /cromwell-executions1/WholeGenomeGermlineSingleSample/06160bfb-7bc0-413b-9ba8-6a78ff6325b1/call-BamToGvcf/VariantCalling/5b8f550e-3447-4d42-8f2c-f8f7b00d3ef3/call-DragenHardFilterVcf/shard-34/execution/script

# get the return code (working even if the container was detached)
rc=$(docker wait [38;5;5mcat /home/darja/workflow/cromwell-executions1/WholeGenomeGermlineSingleSample/06160bfb-7bc0-413b-9ba8-6a78ff6325b1/call-BamToGvcf/VariantCalling/5b8f550e-3447-4d42-8f2c-f8f7b00d3ef3/call-DragenHardFilterVcf/shard-34/execution/docker_cid[0m)

# remove the container after waiting
docker rm [38;5;5mcat /home/darja/workflow/cromwell-executions1/WholeGenomeGermlineSingleSample/06160bfb-7bc0-413b-9ba8-6a78ff6325b1/call-BamToGvcf/VariantCalling/5b8f550e-3447-4d42-8f2c-f8f7b00d3ef3/call-DragenHardFilterVcf/shard-34/execution/docker_cid[0m

# return exit code
exit $rc
[2026-02-26 03:12:04,34] [info] BackgroundConfigAsyncJobExecutionActor [[38;5;2m5b8f550e[0mVariantCalling.DragenHardFilterVcf:34:1]: job id: 125890
[2026-02-26 03:12:04,34] [info] BackgroundConfigAsyncJobExecutionActor [[38;5;2m5b8f550e[0mVariantCalling.DragenHardFilterVcf:34:1]: Status change from - to WaitingForReturnCode
[2026-02-26 03:12:13,10] [info] BackgroundConfigAsyncJobExecutionActor [[38;5;2m5b8f550e[0mVariantCalling.DragenHardFilterVcf:34:1]: Status change from WaitingForReturnCode to Done
[2026-02-26 03:12:19,46] [info] Assigned new job execution tokens to the following groups: 06160bfb: 1
[2026-02-26 03:12:19,47] [[38;5;220mwarn[0m] BackgroundConfigAsyncJobExecutionActor [[38;5;2m5b8f550e[0mVariantCalling.DragenHardFilterVcf:0:1]: Unrecognized runtime attribute keys: preemptible, bootDiskSizeGb, disks, memory
[2026-02-26 03:12:19,51] [info] BackgroundConfigAsyncJobExecutionActor [[38;5;2m5b8f550e[0mVariantCalling.DragenHardFilterVcf:0:1]: [38;5;5mgatk --java-options "-Xms2000m -Xmx2500m" \
 VariantFiltration \
 -V /cromwell-executions1/WholeGenomeGermlineSingleSample/06160bfb-7bc0-413b-9ba8-6a78ff6325b1/call-BamToGvcf/VariantCalling/5b8f550e-3447-4d42-8f2c-f8f7b00d3ef3/call-DragenHardFilterVcf/shard-0/inputs/-720271119/ERR3687419_ILMN.g.vcf.gz \
 --filter-expression "QUAL < 10.4139" \
 --filter-name "DRAGENHardQUAL" \
 -O ERR3687419_ILMN.hard-filtered.g.vcf.gz[0m
[2026-02-26 03:12:19,51] [info] BackgroundConfigAsyncJobExecutionActor [[38;5;2m5b8f550e[0mVariantCalling.DragenHardFilterVcf:0:1]: executing: # make sure there is no preexisting Docker CID file
rm -f /home/darja/workflow/cromwell-executions1/WholeGenomeGermlineSingleSample/06160bfb-7bc0-413b-9ba8-6a78ff6325b1/call-BamToGvcf/VariantCalling/5b8f550e-3447-4d42-8f2c-f8f7b00d3ef3/call-DragenHardFilterVcf/shard-0/execution/docker_cid
# run as in the original configuration without --rm flag (will remove later)
docker run \
  --cidfile /home/darja/workflow/cromwell-executions1/WholeGenomeGermlineSingleSample/06160bfb-7bc0-413b-9ba8-6a78ff6325b1/call-BamToGvcf/VariantCalling/5b8f550e-3447-4d42-8f2c-f8f7b00d3ef3/call-DragenHardFilterVcf/shard-0/execution/docker_cid \
  -i \
  --user 1027:1028 \
  --cpus="64" \
  --memory="350G" \
  --entrypoint /bin/bash \
  -v /home/darja/workflow/cromwell-executions1/WholeGenomeGermlineSingleSample/06160bfb-7bc0-413b-9ba8-6a78ff6325b1/call-BamToGvcf/VariantCalling/5b8f550e-3447-4d42-8f2c-f8f7b00d3ef3/call-DragenHardFilterVcf/shard-0:/cromwell-executions1/WholeGenomeGermlineSingleSample/06160bfb-7bc0-413b-9ba8-6a78ff6325b1/call-BamToGvcf/VariantCalling/5b8f550e-3447-4d42-8f2c-f8f7b00d3ef3/call-DragenHardFilterVcf/shard-0 \
  -v /mnt/nas1/projects/lasr/blendseq:/mnt/nas1/projects/lasr/blendseq \
  us.gcr.io/broad-gatk/gatk@sha256:c88912855b845bd40c6b4bc8f3dd1d4b333ed2549cd3e8386987ee7c0c284f5a /cromwell-executions1/WholeGenomeGermlineSingleSample/06160bfb-7bc0-413b-9ba8-6a78ff6325b1/call-BamToGvcf/VariantCalling/5b8f550e-3447-4d42-8f2c-f8f7b00d3ef3/call-DragenHardFilterVcf/shard-0/execution/script

# get the return code (working even if the container was detached)
rc=$(docker wait [38;5;5mcat /home/darja/workflow/cromwell-executions1/WholeGenomeGermlineSingleSample/06160bfb-7bc0-413b-9ba8-6a78ff6325b1/call-BamToGvcf/VariantCalling/5b8f550e-3447-4d42-8f2c-f8f7b00d3ef3/call-DragenHardFilterVcf/shard-0/execution/docker_cid[0m)

# remove the container after waiting
docker rm [38;5;5mcat /home/darja/workflow/cromwell-executions1/WholeGenomeGermlineSingleSample/06160bfb-7bc0-413b-9ba8-6a78ff6325b1/call-BamToGvcf/VariantCalling/5b8f550e-3447-4d42-8f2c-f8f7b00d3ef3/call-DragenHardFilterVcf/shard-0/execution/docker_cid[0m

# return exit code
exit $rc
[2026-02-26 03:12:24,34] [info] BackgroundConfigAsyncJobExecutionActor [[38;5;2m5b8f550e[0mVariantCalling.DragenHardFilterVcf:0:1]: job id: 126255
[2026-02-26 03:12:24,34] [info] BackgroundConfigAsyncJobExecutionActor [[38;5;2m5b8f550e[0mVariantCalling.DragenHardFilterVcf:0:1]: Status change from - to WaitingForReturnCode
[2026-02-26 03:12:32,92] [info] BackgroundConfigAsyncJobExecutionActor [[38;5;2m5b8f550e[0mVariantCalling.DragenHardFilterVcf:0:1]: Status change from WaitingForReturnCode to Done
[2026-02-26 03:12:39,46] [info] Assigned new job execution tokens to the following groups: 06160bfb: 1
[2026-02-26 03:12:39,47] [[38;5;220mwarn[0m] BackgroundConfigAsyncJobExecutionActor [[38;5;2m5b8f550e[0mVariantCalling.DragenHardFilterVcf:22:1]: Unrecognized runtime attribute keys: preemptible, bootDiskSizeGb, disks, memory
[2026-02-26 03:12:39,52] [info] BackgroundConfigAsyncJobExecutionActor [[38;5;2m5b8f550e[0mVariantCalling.DragenHardFilterVcf:22:1]: [38;5;5mgatk --java-options "-Xms2000m -Xmx2500m" \
 VariantFiltration \
 -V /cromwell-executions1/WholeGenomeGermlineSingleSample/06160bfb-7bc0-413b-9ba8-6a78ff6325b1/call-BamToGvcf/VariantCalling/5b8f550e-3447-4d42-8f2c-f8f7b00d3ef3/call-DragenHardFilterVcf/shard-22/inputs/326987793/ERR3687419_ILMN.g.vcf.gz \
 --filter-expression "QUAL < 10.4139" \
 --filter-name "DRAGENHardQUAL" \
 -O ERR3687419_ILMN.hard-filtered.g.vcf.gz[0m
[2026-02-26 03:12:39,52] [info] BackgroundConfigAsyncJobExecutionActor [[38;5;2m5b8f550e[0mVariantCalling.DragenHardFilterVcf:22:1]: executing: # make sure there is no preexisting Docker CID file
rm -f /home/darja/workflow/cromwell-executions1/WholeGenomeGermlineSingleSample/06160bfb-7bc0-413b-9ba8-6a78ff6325b1/call-BamToGvcf/VariantCalling/5b8f550e-3447-4d42-8f2c-f8f7b00d3ef3/call-DragenHardFilterVcf/shard-22/execution/docker_cid
# run as in the original configuration without --rm flag (will remove later)
docker run \
  --cidfile /home/darja/workflow/cromwell-executions1/WholeGenomeGermlineSingleSample/06160bfb-7bc0-413b-9ba8-6a78ff6325b1/call-BamToGvcf/VariantCalling/5b8f550e-3447-4d42-8f2c-f8f7b00d3ef3/call-DragenHardFilterVcf/shard-22/execution/docker_cid \
  -i \
  --user 1027:1028 \
  --cpus="64" \
  --memory="350G" \
  --entrypoint /bin/bash \
  -v /home/darja/workflow/cromwell-executions1/WholeGenomeGermlineSingleSample/06160bfb-7bc0-413b-9ba8-6a78ff6325b1/call-BamToGvcf/VariantCalling/5b8f550e-3447-4d42-8f2c-f8f7b00d3ef3/call-DragenHardFilterVcf/shard-22:/cromwell-executions1/WholeGenomeGermlineSingleSample/06160bfb-7bc0-413b-9ba8-6a78ff6325b1/call-BamToGvcf/VariantCalling/5b8f550e-3447-4d42-8f2c-f8f7b00d3ef3/call-DragenHardFilterVcf/shard-22 \
  -v /mnt/nas1/projects/lasr/blendseq:/mnt/nas1/projects/lasr/blendseq \
  us.gcr.io/broad-gatk/gatk@sha256:c88912855b845bd40c6b4bc8f3dd1d4b333ed2549cd3e8386987ee7c0c284f5a /cromwell-executions1/WholeGenomeGermlineSingleSample/06160bfb-7bc0-413b-9ba8-6a78ff6325b1/call-BamToGvcf/VariantCalling/5b8f550e-3447-4d42-8f2c-f8f7b00d3ef3/call-DragenHardFilterVcf/shard-22/execution/script

# get the return code (working even if the container was detached)
rc=$(docker wait [38;5;5mcat /home/darja/workflow/cromwell-executions1/WholeGenomeGermlineSingleSample/06160bfb-7bc0-413b-9ba8-6a78ff6325b1/call-BamToGvcf/VariantCalling/5b8f550e-3447-4d42-8f2c-f8f7b00d3ef3/call-DragenHardFilterVcf/shard-22/execution/docker_cid[0m)

# remove the container after waiting
docker rm [38;5;5mcat /home/darja/workflow/cromwell-executions1/WholeGenomeGermlineSingleSample/06160bfb-7bc0-413b-9ba8-6a78ff6325b1/call-BamToGvcf/VariantCalling/5b8f550e-3447-4d42-8f2c-f8f7b00d3ef3/call-DragenHardFilterVcf/shard-22/execution/docker_cid[0m

# return exit code
exit $rc
[2026-02-26 03:12:44,34] [info] BackgroundConfigAsyncJobExecutionActor [[38;5;2m5b8f550e[0mVariantCalling.DragenHardFilterVcf:22:1]: job id: 126629
[2026-02-26 03:12:44,34] [info] BackgroundConfigAsyncJobExecutionActor [[38;5;2m5b8f550e[0mVariantCalling.DragenHardFilterVcf:22:1]: Status change from - to WaitingForReturnCode
[2026-02-26 03:12:52,98] [info] BackgroundConfigAsyncJobExecutionActor [[38;5;2m5b8f550e[0mVariantCalling.DragenHardFilterVcf:22:1]: Status change from WaitingForReturnCode to Done
[2026-02-26 03:12:59,46] [info] Assigned new job execution tokens to the following groups: 06160bfb: 1
[2026-02-26 03:12:59,47] [[38;5;220mwarn[0m] BackgroundConfigAsyncJobExecutionActor [[38;5;2m5b8f550e[0mVariantCalling.DragenHardFilterVcf:11:1]: Unrecognized runtime attribute keys: preemptible, bootDiskSizeGb, disks, memory
[2026-02-26 03:12:59,51] [info] BackgroundConfigAsyncJobExecutionActor [[38;5;2m5b8f550e[0mVariantCalling.DragenHardFilterVcf:11:1]: [38;5;5mgatk --java-options "-Xms2000m -Xmx2500m" \
 VariantFiltration \
 -V /cromwell-executions1/WholeGenomeGermlineSingleSample/06160bfb-7bc0-413b-9ba8-6a78ff6325b1/call-BamToGvcf/VariantCalling/5b8f550e-3447-4d42-8f2c-f8f7b00d3ef3/call-DragenHardFilterVcf/shard-11/inputs/1994856433/ERR3687419_ILMN.g.vcf.gz \
 --filter-expression "QUAL < 10.4139" \
 --filter-name "DRAGENHardQUAL" \
 -O ERR3687419_ILMN.hard-filtered.g.vcf.gz[0m
[2026-02-26 03:12:59,51] [info] BackgroundConfigAsyncJobExecutionActor [[38;5;2m5b8f550e[0mVariantCalling.DragenHardFilterVcf:11:1]: executing: # make sure there is no preexisting Docker CID file
rm -f /home/darja/workflow/cromwell-executions1/WholeGenomeGermlineSingleSample/06160bfb-7bc0-413b-9ba8-6a78ff6325b1/call-BamToGvcf/VariantCalling/5b8f550e-3447-4d42-8f2c-f8f7b00d3ef3/call-DragenHardFilterVcf/shard-11/execution/docker_cid
# run as in the original configuration without --rm flag (will remove later)
docker run \
  --cidfile /home/darja/workflow/cromwell-executions1/WholeGenomeGermlineSingleSample/06160bfb-7bc0-413b-9ba8-6a78ff6325b1/call-BamToGvcf/VariantCalling/5b8f550e-3447-4d42-8f2c-f8f7b00d3ef3/call-DragenHardFilterVcf/shard-11/execution/docker_cid \
  -i \
  --user 1027:1028 \
  --cpus="64" \
  --memory="350G" \
  --entrypoint /bin/bash \
  -v /home/darja/workflow/cromwell-executions1/WholeGenomeGermlineSingleSample/06160bfb-7bc0-413b-9ba8-6a78ff6325b1/call-BamToGvcf/VariantCalling/5b8f550e-3447-4d42-8f2c-f8f7b00d3ef3/call-DragenHardFilterVcf/shard-11:/cromwell-executions1/WholeGenomeGermlineSingleSample/06160bfb-7bc0-413b-9ba8-6a78ff6325b1/call-BamToGvcf/VariantCalling/5b8f550e-3447-4d42-8f2c-f8f7b00d3ef3/call-DragenHardFilterVcf/shard-11 \
  -v /mnt/nas1/projects/lasr/blendseq:/mnt/nas1/projects/lasr/blendseq \
  us.gcr.io/broad-gatk/gatk@sha256:c88912855b845bd40c6b4bc8f3dd1d4b333ed2549cd3e8386987ee7c0c284f5a /cromwell-executions1/WholeGenomeGermlineSingleSample/06160bfb-7bc0-413b-9ba8-6a78ff6325b1/call-BamToGvcf/VariantCalling/5b8f550e-3447-4d42-8f2c-f8f7b00d3ef3/call-DragenHardFilterVcf/shard-11/execution/script

# get the return code (working even if the container was detached)
rc=$(docker wait [38;5;5mcat /home/darja/workflow/cromwell-executions1/WholeGenomeGermlineSingleSample/06160bfb-7bc0-413b-9ba8-6a78ff6325b1/call-BamToGvcf/VariantCalling/5b8f550e-3447-4d42-8f2c-f8f7b00d3ef3/call-DragenHardFilterVcf/shard-11/execution/docker_cid[0m)

# remove the container after waiting
docker rm [38;5;5mcat /home/darja/workflow/cromwell-executions1/WholeGenomeGermlineSingleSample/06160bfb-7bc0-413b-9ba8-6a78ff6325b1/call-BamToGvcf/VariantCalling/5b8f550e-3447-4d42-8f2c-f8f7b00d3ef3/call-DragenHardFilterVcf/shard-11/execution/docker_cid[0m

# return exit code
exit $rc
[2026-02-26 03:13:04,34] [info] BackgroundConfigAsyncJobExecutionActor [[38;5;2m5b8f550e[0mVariantCalling.DragenHardFilterVcf:11:1]: job id: 126994
[2026-02-26 03:13:04,34] [info] BackgroundConfigAsyncJobExecutionActor [[38;5;2m5b8f550e[0mVariantCalling.DragenHardFilterVcf:11:1]: Status change from - to WaitingForReturnCode
[2026-02-26 03:13:12,13] [info] BackgroundConfigAsyncJobExecutionActor [[38;5;2m5b8f550e[0mVariantCalling.DragenHardFilterVcf:11:1]: Status change from WaitingForReturnCode to Done
[2026-02-26 03:13:19,46] [info] Assigned new job execution tokens to the following groups: 06160bfb: 1
[2026-02-26 03:13:19,47] [[38;5;220mwarn[0m] BackgroundConfigAsyncJobExecutionActor [[38;5;2m5b8f550e[0mVariantCalling.DragenHardFilterVcf:31:1]: Unrecognized runtime attribute keys: preemptible, bootDiskSizeGb, disks, memory
[2026-02-26 03:13:19,53] [info] BackgroundConfigAsyncJobExecutionActor [[38;5;2m5b8f550e[0mVariantCalling.DragenHardFilterVcf:31:1]: [38;5;5mgatk --java-options "-Xms2000m -Xmx2500m" \
 VariantFiltration \
 -V /cromwell-executions1/WholeGenomeGermlineSingleSample/06160bfb-7bc0-413b-9ba8-6a78ff6325b1/call-BamToGvcf/VariantCalling/5b8f550e-3447-4d42-8f2c-f8f7b00d3ef3/call-DragenHardFilterVcf/shard-31/inputs/-2041945425/ERR3687419_ILMN.g.vcf.gz \
 --filter-expression "QUAL < 10.4139" \
 --filter-name "DRAGENHardQUAL" \
 -O ERR3687419_ILMN.hard-filtered.g.vcf.gz[0m
[2026-02-26 03:13:19,53] [info] BackgroundConfigAsyncJobExecutionActor [[38;5;2m5b8f550e[0mVariantCalling.DragenHardFilterVcf:31:1]: executing: # make sure there is no preexisting Docker CID file
rm -f /home/darja/workflow/cromwell-executions1/WholeGenomeGermlineSingleSample/06160bfb-7bc0-413b-9ba8-6a78ff6325b1/call-BamToGvcf/VariantCalling/5b8f550e-3447-4d42-8f2c-f8f7b00d3ef3/call-DragenHardFilterVcf/shard-31/execution/docker_cid
# run as in the original configuration without --rm flag (will remove later)
docker run \
  --cidfile /home/darja/workflow/cromwell-executions1/WholeGenomeGermlineSingleSample/06160bfb-7bc0-413b-9ba8-6a78ff6325b1/call-BamToGvcf/VariantCalling/5b8f550e-3447-4d42-8f2c-f8f7b00d3ef3/call-DragenHardFilterVcf/shard-31/execution/docker_cid \
  -i \
  --user 1027:1028 \
  --cpus="64" \
  --memory="350G" \
  --entrypoint /bin/bash \
  -v /home/darja/workflow/cromwell-executions1/WholeGenomeGermlineSingleSample/06160bfb-7bc0-413b-9ba8-6a78ff6325b1/call-BamToGvcf/VariantCalling/5b8f550e-3447-4d42-8f2c-f8f7b00d3ef3/call-DragenHardFilterVcf/shard-31:/cromwell-executions1/WholeGenomeGermlineSingleSample/06160bfb-7bc0-413b-9ba8-6a78ff6325b1/call-BamToGvcf/VariantCalling/5b8f550e-3447-4d42-8f2c-f8f7b00d3ef3/call-DragenHardFilterVcf/shard-31 \
  -v /mnt/nas1/projects/lasr/blendseq:/mnt/nas1/projects/lasr/blendseq \
  us.gcr.io/broad-gatk/gatk@sha256:c88912855b845bd40c6b4bc8f3dd1d4b333ed2549cd3e8386987ee7c0c284f5a /cromwell-executions1/WholeGenomeGermlineSingleSample/06160bfb-7bc0-413b-9ba8-6a78ff6325b1/call-BamToGvcf/VariantCalling/5b8f550e-3447-4d42-8f2c-f8f7b00d3ef3/call-DragenHardFilterVcf/shard-31/execution/script

# get the return code (working even if the container was detached)
rc=$(docker wait [38;5;5mcat /home/darja/workflow/cromwell-executions1/WholeGenomeGermlineSingleSample/06160bfb-7bc0-413b-9ba8-6a78ff6325b1/call-BamToGvcf/VariantCalling/5b8f550e-3447-4d42-8f2c-f8f7b00d3ef3/call-DragenHardFilterVcf/shard-31/execution/docker_cid[0m)

# remove the container after waiting
docker rm [38;5;5mcat /home/darja/workflow/cromwell-executions1/WholeGenomeGermlineSingleSample/06160bfb-7bc0-413b-9ba8-6a78ff6325b1/call-BamToGvcf/VariantCalling/5b8f550e-3447-4d42-8f2c-f8f7b00d3ef3/call-DragenHardFilterVcf/shard-31/execution/docker_cid[0m

# return exit code
exit $rc
[2026-02-26 03:13:24,34] [info] BackgroundConfigAsyncJobExecutionActor [[38;5;2m5b8f550e[0mVariantCalling.DragenHardFilterVcf:31:1]: job id: 127363
[2026-02-26 03:13:24,34] [info] BackgroundConfigAsyncJobExecutionActor [[38;5;2m5b8f550e[0mVariantCalling.DragenHardFilterVcf:31:1]: Status change from - to WaitingForReturnCode
[2026-02-26 03:13:33,61] [info] BackgroundConfigAsyncJobExecutionActor [[38;5;2m5b8f550e[0mVariantCalling.DragenHardFilterVcf:31:1]: Status change from WaitingForReturnCode to Done
[2026-02-26 03:13:39,46] [info] Assigned new job execution tokens to the following groups: 06160bfb: 1
[2026-02-26 03:13:39,47] [[38;5;220mwarn[0m] BackgroundConfigAsyncJobExecutionActor [[38;5;2m5b8f550e[0mVariantCalling.DragenHardFilterVcf:40:1]: Unrecognized runtime attribute keys: preemptible, bootDiskSizeGb, disks, memory
[2026-02-26 03:13:39,54] [info] BackgroundConfigAsyncJobExecutionActor [[38;5;2m5b8f550e[0mVariantCalling.DragenHardFilterVcf:40:1]: [38;5;5mgatk --java-options "-Xms2000m -Xmx2500m" \
 VariantFiltration \
 -V /cromwell-executions1/WholeGenomeGermlineSingleSample/06160bfb-7bc0-413b-9ba8-6a78ff6325b1/call-BamToGvcf/VariantCalling/5b8f550e-3447-4d42-8f2c-f8f7b00d3ef3/call-DragenHardFilterVcf/shard-40/inputs/-115911347/ERR3687419_ILMN.g.vcf.gz \
 --filter-expression "QUAL < 10.4139" \
 --filter-name "DRAGENHardQUAL" \
 -O ERR3687419_ILMN.hard-filtered.g.vcf.gz[0m
[2026-02-26 03:13:39,54] [info] BackgroundConfigAsyncJobExecutionActor [[38;5;2m5b8f550e[0mVariantCalling.DragenHardFilterVcf:40:1]: executing: # make sure there is no preexisting Docker CID file
rm -f /home/darja/workflow/cromwell-executions1/WholeGenomeGermlineSingleSample/06160bfb-7bc0-413b-9ba8-6a78ff6325b1/call-BamToGvcf/VariantCalling/5b8f550e-3447-4d42-8f2c-f8f7b00d3ef3/call-DragenHardFilterVcf/shard-40/execution/docker_cid
# run as in the original configuration without --rm flag (will remove later)
docker run \
  --cidfile /home/darja/workflow/cromwell-executions1/WholeGenomeGermlineSingleSample/06160bfb-7bc0-413b-9ba8-6a78ff6325b1/call-BamToGvcf/VariantCalling/5b8f550e-3447-4d42-8f2c-f8f7b00d3ef3/call-DragenHardFilterVcf/shard-40/execution/docker_cid \
  -i \
  --user 1027:1028 \
  --cpus="64" \
  --memory="350G" \
  --entrypoint /bin/bash \
  -v /home/darja/workflow/cromwell-executions1/WholeGenomeGermlineSingleSample/06160bfb-7bc0-413b-9ba8-6a78ff6325b1/call-BamToGvcf/VariantCalling/5b8f550e-3447-4d42-8f2c-f8f7b00d3ef3/call-DragenHardFilterVcf/shard-40:/cromwell-executions1/WholeGenomeGermlineSingleSample/06160bfb-7bc0-413b-9ba8-6a78ff6325b1/call-BamToGvcf/VariantCalling/5b8f550e-3447-4d42-8f2c-f8f7b00d3ef3/call-DragenHardFilterVcf/shard-40 \
  -v /mnt/nas1/projects/lasr/blendseq:/mnt/nas1/projects/lasr/blendseq \
  us.gcr.io/broad-gatk/gatk@sha256:c88912855b845bd40c6b4bc8f3dd1d4b333ed2549cd3e8386987ee7c0c284f5a /cromwell-executions1/WholeGenomeGermlineSingleSample/06160bfb-7bc0-413b-9ba8-6a78ff6325b1/call-BamToGvcf/VariantCalling/5b8f550e-3447-4d42-8f2c-f8f7b00d3ef3/call-DragenHardFilterVcf/shard-40/execution/script

# get the return code (working even if the container was detached)
rc=$(docker wait [38;5;5mcat /home/darja/workflow/cromwell-executions1/WholeGenomeGermlineSingleSample/06160bfb-7bc0-413b-9ba8-6a78ff6325b1/call-BamToGvcf/VariantCalling/5b8f550e-3447-4d42-8f2c-f8f7b00d3ef3/call-DragenHardFilterVcf/shard-40/execution/docker_cid[0m)

# remove the container after waiting
docker rm [38;5;5mcat /home/darja/workflow/cromwell-executions1/WholeGenomeGermlineSingleSample/06160bfb-7bc0-413b-9ba8-6a78ff6325b1/call-BamToGvcf/VariantCalling/5b8f550e-3447-4d42-8f2c-f8f7b00d3ef3/call-DragenHardFilterVcf/shard-40/execution/docker_cid[0m

# return exit code
exit $rc
[2026-02-26 03:13:44,34] [info] BackgroundConfigAsyncJobExecutionActor [[38;5;2m5b8f550e[0mVariantCalling.DragenHardFilterVcf:40:1]: job id: 127734
[2026-02-26 03:13:44,34] [info] BackgroundConfigAsyncJobExecutionActor [[38;5;2m5b8f550e[0mVariantCalling.DragenHardFilterVcf:40:1]: Status change from - to WaitingForReturnCode
[2026-02-26 03:13:54,01] [info] BackgroundConfigAsyncJobExecutionActor [[38;5;2m5b8f550e[0mVariantCalling.DragenHardFilterVcf:40:1]: Status change from WaitingForReturnCode to Done
[2026-02-26 03:13:59,46] [info] Assigned new job execution tokens to the following groups: 06160bfb: 1
[2026-02-26 03:13:59,47] [[38;5;220mwarn[0m] BackgroundConfigAsyncJobExecutionActor [[38;5;2m5b8f550e[0mVariantCalling.DragenHardFilterVcf:42:1]: Unrecognized runtime attribute keys: preemptible, bootDiskSizeGb, disks, memory
[2026-02-26 03:13:59,56] [info] BackgroundConfigAsyncJobExecutionActor [[38;5;2m5b8f550e[0mVariantCalling.DragenHardFilterVcf:42:1]: [38;5;5mgatk --java-options "-Xms2000m -Xmx2500m" \
 VariantFiltration \
 -V /cromwell-executions1/WholeGenomeGermlineSingleSample/06160bfb-7bc0-413b-9ba8-6a78ff6325b1/call-BamToGvcf/VariantCalling/5b8f550e-3447-4d42-8f2c-f8f7b00d3ef3/call-DragenHardFilterVcf/shard-42/inputs/585153231/ERR3687419_ILMN.g.vcf.gz \
 --filter-expression "QUAL < 10.4139" \
 --filter-name "DRAGENHardQUAL" \
 -O ERR3687419_ILMN.hard-filtered.g.vcf.gz[0m
[2026-02-26 03:13:59,57] [info] BackgroundConfigAsyncJobExecutionActor [[38;5;2m5b8f550e[0mVariantCalling.DragenHardFilterVcf:42:1]: executing: # make sure there is no preexisting Docker CID file
rm -f /home/darja/workflow/cromwell-executions1/WholeGenomeGermlineSingleSample/06160bfb-7bc0-413b-9ba8-6a78ff6325b1/call-BamToGvcf/VariantCalling/5b8f550e-3447-4d42-8f2c-f8f7b00d3ef3/call-DragenHardFilterVcf/shard-42/execution/docker_cid
# run as in the original configuration without --rm flag (will remove later)
docker run \
  --cidfile /home/darja/workflow/cromwell-executions1/WholeGenomeGermlineSingleSample/06160bfb-7bc0-413b-9ba8-6a78ff6325b1/call-BamToGvcf/VariantCalling/5b8f550e-3447-4d42-8f2c-f8f7b00d3ef3/call-DragenHardFilterVcf/shard-42/execution/docker_cid \
  -i \
  --user 1027:1028 \
  --cpus="64" \
  --memory="350G" \
  --entrypoint /bin/bash \
  -v /home/darja/workflow/cromwell-executions1/WholeGenomeGermlineSingleSample/06160bfb-7bc0-413b-9ba8-6a78ff6325b1/call-BamToGvcf/VariantCalling/5b8f550e-3447-4d42-8f2c-f8f7b00d3ef3/call-DragenHardFilterVcf/shard-42:/cromwell-executions1/WholeGenomeGermlineSingleSample/06160bfb-7bc0-413b-9ba8-6a78ff6325b1/call-BamToGvcf/VariantCalling/5b8f550e-3447-4d42-8f2c-f8f7b00d3ef3/call-DragenHardFilterVcf/shard-42 \
  -v /mnt/nas1/projects/lasr/blendseq:/mnt/nas1/projects/lasr/blendseq \
  us.gcr.io/broad-gatk/gatk@sha256:c88912855b845bd40c6b4bc8f3dd1d4b333ed2549cd3e8386987ee7c0c284f5a /cromwell-executions1/WholeGenomeGermlineSingleSample/06160bfb-7bc0-413b-9ba8-6a78ff6325b1/call-BamToGvcf/VariantCalling/5b8f550e-3447-4d42-8f2c-f8f7b00d3ef3/call-DragenHardFilterVcf/shard-42/execution/script

# get the return code (working even if the container was detached)
rc=$(docker wait [38;5;5mcat /home/darja/workflow/cromwell-executions1/WholeGenomeGermlineSingleSample/06160bfb-7bc0-413b-9ba8-6a78ff6325b1/call-BamToGvcf/VariantCalling/5b8f550e-3447-4d42-8f2c-f8f7b00d3ef3/call-DragenHardFilterVcf/shard-42/execution/docker_cid[0m)

# remove the container after waiting
docker rm [38;5;5mcat /home/darja/workflow/cromwell-executions1/WholeGenomeGermlineSingleSample/06160bfb-7bc0-413b-9ba8-6a78ff6325b1/call-BamToGvcf/VariantCalling/5b8f550e-3447-4d42-8f2c-f8f7b00d3ef3/call-DragenHardFilterVcf/shard-42/execution/docker_cid[0m

# return exit code
exit $rc
[2026-02-26 03:14:04,34] [info] BackgroundConfigAsyncJobExecutionActor [[38;5;2m5b8f550e[0mVariantCalling.DragenHardFilterVcf:42:1]: job id: 128109
[2026-02-26 03:14:04,35] [info] BackgroundConfigAsyncJobExecutionActor [[38;5;2m5b8f550e[0mVariantCalling.DragenHardFilterVcf:42:1]: Status change from - to WaitingForReturnCode
[2026-02-26 03:14:27,81] [info] BackgroundConfigAsyncJobExecutionActor [[38;5;2m5b8f550e[0mVariantCalling.DragenHardFilterVcf:42:1]: Status change from WaitingForReturnCode to Done
[2026-02-26 03:14:29,46] [info] Assigned new job execution tokens to the following groups: 06160bfb: 1
[2026-02-26 03:14:29,47] [[38;5;220mwarn[0m] BackgroundConfigAsyncJobExecutionActor [[38;5;2m5b8f550e[0mVariantCalling.DragenHardFilterVcf:4:1]: Unrecognized runtime attribute keys: preemptible, bootDiskSizeGb, disks, memory
[2026-02-26 03:14:29,53] [info] BackgroundConfigAsyncJobExecutionActor [[38;5;2m5b8f550e[0mVariantCalling.DragenHardFilterVcf:4:1]: [38;5;5mgatk --java-options "-Xms2000m -Xmx2500m" \
 VariantFiltration \
 -V /cromwell-executions1/WholeGenomeGermlineSingleSample/06160bfb-7bc0-413b-9ba8-6a78ff6325b1/call-BamToGvcf/VariantCalling/5b8f550e-3447-4d42-8f2c-f8f7b00d3ef3/call-DragenHardFilterVcf/shard-4/inputs/681858037/ERR3687419_ILMN.g.vcf.gz \
 --filter-expression "QUAL < 10.4139" \
 --filter-name "DRAGENHardQUAL" \
 -O ERR3687419_ILMN.hard-filtered.g.vcf.gz[0m
[2026-02-26 03:14:29,53] [info] BackgroundConfigAsyncJobExecutionActor [[38;5;2m5b8f550e[0mVariantCalling.DragenHardFilterVcf:4:1]: executing: # make sure there is no preexisting Docker CID file
rm -f /home/darja/workflow/cromwell-executions1/WholeGenomeGermlineSingleSample/06160bfb-7bc0-413b-9ba8-6a78ff6325b1/call-BamToGvcf/VariantCalling/5b8f550e-3447-4d42-8f2c-f8f7b00d3ef3/call-DragenHardFilterVcf/shard-4/execution/docker_cid
# run as in the original configuration without --rm flag (will remove later)
docker run \
  --cidfile /home/darja/workflow/cromwell-executions1/WholeGenomeGermlineSingleSample/06160bfb-7bc0-413b-9ba8-6a78ff6325b1/call-BamToGvcf/VariantCalling/5b8f550e-3447-4d42-8f2c-f8f7b00d3ef3/call-DragenHardFilterVcf/shard-4/execution/docker_cid \
  -i \
  --user 1027:1028 \
  --cpus="64" \
  --memory="350G" \
  --entrypoint /bin/bash \
  -v /home/darja/workflow/cromwell-executions1/WholeGenomeGermlineSingleSample/06160bfb-7bc0-413b-9ba8-6a78ff6325b1/call-BamToGvcf/VariantCalling/5b8f550e-3447-4d42-8f2c-f8f7b00d3ef3/call-DragenHardFilterVcf/shard-4:/cromwell-executions1/WholeGenomeGermlineSingleSample/06160bfb-7bc0-413b-9ba8-6a78ff6325b1/call-BamToGvcf/VariantCalling/5b8f550e-3447-4d42-8f2c-f8f7b00d3ef3/call-DragenHardFilterVcf/shard-4 \
  -v /mnt/nas1/projects/lasr/blendseq:/mnt/nas1/projects/lasr/blendseq \
  us.gcr.io/broad-gatk/gatk@sha256:c88912855b845bd40c6b4bc8f3dd1d4b333ed2549cd3e8386987ee7c0c284f5a /cromwell-executions1/WholeGenomeGermlineSingleSample/06160bfb-7bc0-413b-9ba8-6a78ff6325b1/call-BamToGvcf/VariantCalling/5b8f550e-3447-4d42-8f2c-f8f7b00d3ef3/call-DragenHardFilterVcf/shard-4/execution/script

# get the return code (working even if the container was detached)
rc=$(docker wait [38;5;5mcat /home/darja/workflow/cromwell-executions1/WholeGenomeGermlineSingleSample/06160bfb-7bc0-413b-9ba8-6a78ff6325b1/call-BamToGvcf/VariantCalling/5b8f550e-3447-4d42-8f2c-f8f7b00d3ef3/call-DragenHardFilterVcf/shard-4/execution/docker_cid[0m)

# remove the container after waiting
docker rm [38;5;5mcat /home/darja/workflow/cromwell-executions1/WholeGenomeGermlineSingleSample/06160bfb-7bc0-413b-9ba8-6a78ff6325b1/call-BamToGvcf/VariantCalling/5b8f550e-3447-4d42-8f2c-f8f7b00d3ef3/call-DragenHardFilterVcf/shard-4/execution/docker_cid[0m

# return exit code
exit $rc
[2026-02-26 03:14:34,34] [info] BackgroundConfigAsyncJobExecutionActor [[38;5;2m5b8f550e[0mVariantCalling.DragenHardFilterVcf:4:1]: job id: 128477
[2026-02-26 03:14:34,34] [info] BackgroundConfigAsyncJobExecutionActor [[38;5;2m5b8f550e[0mVariantCalling.DragenHardFilterVcf:4:1]: Status change from - to WaitingForReturnCode
[2026-02-26 03:14:44,92] [info] BackgroundConfigAsyncJobExecutionActor [[38;5;2m5b8f550e[0mVariantCalling.DragenHardFilterVcf:4:1]: Status change from WaitingForReturnCode to Done
[2026-02-26 03:14:49,46] [info] Assigned new job execution tokens to the following groups: 06160bfb: 1
[2026-02-26 03:14:49,47] [[38;5;220mwarn[0m] BackgroundConfigAsyncJobExecutionActor [[38;5;2m5b8f550e[0mVariantCalling.DragenHardFilterVcf:6:1]: Unrecognized runtime attribute keys: preemptible, bootDiskSizeGb, disks, memory
[2026-02-26 03:14:49,52] [info] BackgroundConfigAsyncJobExecutionActor [[38;5;2m5b8f550e[0mVariantCalling.DragenHardFilterVcf:6:1]: [38;5;5mgatk --java-options "-Xms2000m -Xmx2500m" \
 VariantFiltration \
 -V /cromwell-executions1/WholeGenomeGermlineSingleSample/06160bfb-7bc0-413b-9ba8-6a78ff6325b1/call-BamToGvcf/VariantCalling/5b8f550e-3447-4d42-8f2c-f8f7b00d3ef3/call-DragenHardFilterVcf/shard-6/inputs/1382922615/ERR3687419_ILMN.g.vcf.gz \
 --filter-expression "QUAL < 10.4139" \
 --filter-name "DRAGENHardQUAL" \
 -O ERR3687419_ILMN.hard-filtered.g.vcf.gz[0m
[2026-02-26 03:14:49,52] [info] BackgroundConfigAsyncJobExecutionActor [[38;5;2m5b8f550e[0mVariantCalling.DragenHardFilterVcf:6:1]: executing: # make sure there is no preexisting Docker CID file
rm -f /home/darja/workflow/cromwell-executions1/WholeGenomeGermlineSingleSample/06160bfb-7bc0-413b-9ba8-6a78ff6325b1/call-BamToGvcf/VariantCalling/5b8f550e-3447-4d42-8f2c-f8f7b00d3ef3/call-DragenHardFilterVcf/shard-6/execution/docker_cid
# run as in the original configuration without --rm flag (will remove later)
docker run \
  --cidfile /home/darja/workflow/cromwell-executions1/WholeGenomeGermlineSingleSample/06160bfb-7bc0-413b-9ba8-6a78ff6325b1/call-BamToGvcf/VariantCalling/5b8f550e-3447-4d42-8f2c-f8f7b00d3ef3/call-DragenHardFilterVcf/shard-6/execution/docker_cid \
  -i \
  --user 1027:1028 \
  --cpus="64" \
  --memory="350G" \
  --entrypoint /bin/bash \
  -v /home/darja/workflow/cromwell-executions1/WholeGenomeGermlineSingleSample/06160bfb-7bc0-413b-9ba8-6a78ff6325b1/call-BamToGvcf/VariantCalling/5b8f550e-3447-4d42-8f2c-f8f7b00d3ef3/call-DragenHardFilterVcf/shard-6:/cromwell-executions1/WholeGenomeGermlineSingleSample/06160bfb-7bc0-413b-9ba8-6a78ff6325b1/call-BamToGvcf/VariantCalling/5b8f550e-3447-4d42-8f2c-f8f7b00d3ef3/call-DragenHardFilterVcf/shard-6 \
  -v /mnt/nas1/projects/lasr/blendseq:/mnt/nas1/projects/lasr/blendseq \
  us.gcr.io/broad-gatk/gatk@sha256:c88912855b845bd40c6b4bc8f3dd1d4b333ed2549cd3e8386987ee7c0c284f5a /cromwell-executions1/WholeGenomeGermlineSingleSample/06160bfb-7bc0-413b-9ba8-6a78ff6325b1/call-BamToGvcf/VariantCalling/5b8f550e-3447-4d42-8f2c-f8f7b00d3ef3/call-DragenHardFilterVcf/shard-6/execution/script

# get the return code (working even if the container was detached)
rc=$(docker wait [38;5;5mcat /home/darja/workflow/cromwell-executions1/WholeGenomeGermlineSingleSample/06160bfb-7bc0-413b-9ba8-6a78ff6325b1/call-BamToGvcf/VariantCalling/5b8f550e-3447-4d42-8f2c-f8f7b00d3ef3/call-DragenHardFilterVcf/shard-6/execution/docker_cid[0m)

# remove the container after waiting
docker rm [38;5;5mcat /home/darja/workflow/cromwell-executions1/WholeGenomeGermlineSingleSample/06160bfb-7bc0-413b-9ba8-6a78ff6325b1/call-BamToGvcf/VariantCalling/5b8f550e-3447-4d42-8f2c-f8f7b00d3ef3/call-DragenHardFilterVcf/shard-6/execution/docker_cid[0m

# return exit code
exit $rc
[2026-02-26 03:14:54,34] [info] BackgroundConfigAsyncJobExecutionActor [[38;5;2m5b8f550e[0mVariantCalling.DragenHardFilterVcf:6:1]: job id: 128850
[2026-02-26 03:14:54,34] [info] BackgroundConfigAsyncJobExecutionActor [[38;5;2m5b8f550e[0mVariantCalling.DragenHardFilterVcf:6:1]: Status change from - to WaitingForReturnCode
[2026-02-26 03:15:01,08] [info] BackgroundConfigAsyncJobExecutionActor [[38;5;2m5b8f550e[0mVariantCalling.DragenHardFilterVcf:6:1]: Status change from WaitingForReturnCode to Done
[2026-02-26 03:15:09,46] [info] Assigned new job execution tokens to the following groups: 06160bfb: 1
[2026-02-26 03:15:09,47] [[38;5;220mwarn[0m] BackgroundConfigAsyncJobExecutionActor [[38;5;2m5b8f550e[0mVariantCalling.DragenHardFilterVcf:36:1]: Unrecognized runtime attribute keys: preemptible, bootDiskSizeGb, disks, memory
[2026-02-26 03:15:09,53] [info] BackgroundConfigAsyncJobExecutionActor [[38;5;2m5b8f550e[0mVariantCalling.DragenHardFilterVcf:36:1]: [38;5;5mgatk --java-options "-Xms2000m -Xmx2500m" \
 VariantFiltration \
 -V /cromwell-executions1/WholeGenomeGermlineSingleSample/06160bfb-7bc0-413b-9ba8-6a78ff6325b1/call-BamToGvcf/VariantCalling/5b8f550e-3447-4d42-8f2c-f8f7b00d3ef3/call-DragenHardFilterVcf/shard-36/inputs/1858199668/ERR3687419_ILMN.g.vcf.gz \
 --filter-expression "QUAL < 10.4139" \
 --filter-name "DRAGENHardQUAL" \
 -O ERR3687419_ILMN.hard-filtered.g.vcf.gz[0m
[2026-02-26 03:15:09,53] [info] BackgroundConfigAsyncJobExecutionActor [[38;5;2m5b8f550e[0mVariantCalling.DragenHardFilterVcf:36:1]: executing: # make sure there is no preexisting Docker CID file
rm -f /home/darja/workflow/cromwell-executions1/WholeGenomeGermlineSingleSample/06160bfb-7bc0-413b-9ba8-6a78ff6325b1/call-BamToGvcf/VariantCalling/5b8f550e-3447-4d42-8f2c-f8f7b00d3ef3/call-DragenHardFilterVcf/shard-36/execution/docker_cid
# run as in the original configuration without --rm flag (will remove later)
docker run \
  --cidfile /home/darja/workflow/cromwell-executions1/WholeGenomeGermlineSingleSample/06160bfb-7bc0-413b-9ba8-6a78ff6325b1/call-BamToGvcf/VariantCalling/5b8f550e-3447-4d42-8f2c-f8f7b00d3ef3/call-DragenHardFilterVcf/shard-36/execution/docker_cid \
  -i \
  --user 1027:1028 \
  --cpus="64" \
  --memory="350G" \
  --entrypoint /bin/bash \
  -v /home/darja/workflow/cromwell-executions1/WholeGenomeGermlineSingleSample/06160bfb-7bc0-413b-9ba8-6a78ff6325b1/call-BamToGvcf/VariantCalling/5b8f550e-3447-4d42-8f2c-f8f7b00d3ef3/call-DragenHardFilterVcf/shard-36:/cromwell-executions1/WholeGenomeGermlineSingleSample/06160bfb-7bc0-413b-9ba8-6a78ff6325b1/call-BamToGvcf/VariantCalling/5b8f550e-3447-4d42-8f2c-f8f7b00d3ef3/call-DragenHardFilterVcf/shard-36 \
  -v /mnt/nas1/projects/lasr/blendseq:/mnt/nas1/projects/lasr/blendseq \
  us.gcr.io/broad-gatk/gatk@sha256:c88912855b845bd40c6b4bc8f3dd1d4b333ed2549cd3e8386987ee7c0c284f5a /cromwell-executions1/WholeGenomeGermlineSingleSample/06160bfb-7bc0-413b-9ba8-6a78ff6325b1/call-BamToGvcf/VariantCalling/5b8f550e-3447-4d42-8f2c-f8f7b00d3ef3/call-DragenHardFilterVcf/shard-36/execution/script

# get the return code (working even if the container was detached)
rc=$(docker wait [38;5;5mcat /home/darja/workflow/cromwell-executions1/WholeGenomeGermlineSingleSample/06160bfb-7bc0-413b-9ba8-6a78ff6325b1/call-BamToGvcf/VariantCalling/5b8f550e-3447-4d42-8f2c-f8f7b00d3ef3/call-DragenHardFilterVcf/shard-36/execution/docker_cid[0m)

# remove the container after waiting
docker rm [38;5;5mcat /home/darja/workflow/cromwell-executions1/WholeGenomeGermlineSingleSample/06160bfb-7bc0-413b-9ba8-6a78ff6325b1/call-BamToGvcf/VariantCalling/5b8f550e-3447-4d42-8f2c-f8f7b00d3ef3/call-DragenHardFilterVcf/shard-36/execution/docker_cid[0m

# return exit code
exit $rc
[2026-02-26 03:15:14,34] [info] BackgroundConfigAsyncJobExecutionActor [[38;5;2m5b8f550e[0mVariantCalling.DragenHardFilterVcf:36:1]: job id: 129225
[2026-02-26 03:15:14,34] [info] BackgroundConfigAsyncJobExecutionActor [[38;5;2m5b8f550e[0mVariantCalling.DragenHardFilterVcf:36:1]: Status change from - to WaitingForReturnCode
[2026-02-26 03:15:21,86] [info] BackgroundConfigAsyncJobExecutionActor [[38;5;2m5b8f550e[0mVariantCalling.DragenHardFilterVcf:36:1]: Status change from WaitingForReturnCode to Done
[2026-02-26 03:15:29,46] [info] Assigned new job execution tokens to the following groups: 06160bfb: 1
[2026-02-26 03:15:29,47] [[38;5;220mwarn[0m] BackgroundConfigAsyncJobExecutionActor [[38;5;2m5b8f550e[0mVariantCalling.DragenHardFilterVcf:44:1]: Unrecognized runtime attribute keys: preemptible, bootDiskSizeGb, disks, memory
[2026-02-26 03:15:29,56] [info] BackgroundConfigAsyncJobExecutionActor [[38;5;2m5b8f550e[0mVariantCalling.DragenHardFilterVcf:44:1]: [38;5;5mgatk --java-options "-Xms2000m -Xmx2500m" \
 VariantFiltration \
 -V /cromwell-executions1/WholeGenomeGermlineSingleSample/06160bfb-7bc0-413b-9ba8-6a78ff6325b1/call-BamToGvcf/VariantCalling/5b8f550e-3447-4d42-8f2c-f8f7b00d3ef3/call-DragenHardFilterVcf/shard-44/inputs/1286217809/ERR3687419_ILMN.g.vcf.gz \
 --filter-expression "QUAL < 10.4139" \
 --filter-name "DRAGENHardQUAL" \
 -O ERR3687419_ILMN.hard-filtered.g.vcf.gz[0m
[2026-02-26 03:15:29,56] [info] BackgroundConfigAsyncJobExecutionActor [[38;5;2m5b8f550e[0mVariantCalling.DragenHardFilterVcf:44:1]: executing: # make sure there is no preexisting Docker CID file
rm -f /home/darja/workflow/cromwell-executions1/WholeGenomeGermlineSingleSample/06160bfb-7bc0-413b-9ba8-6a78ff6325b1/call-BamToGvcf/VariantCalling/5b8f550e-3447-4d42-8f2c-f8f7b00d3ef3/call-DragenHardFilterVcf/shard-44/execution/docker_cid
# run as in the original configuration without --rm flag (will remove later)
docker run \
  --cidfile /home/darja/workflow/cromwell-executions1/WholeGenomeGermlineSingleSample/06160bfb-7bc0-413b-9ba8-6a78ff6325b1/call-BamToGvcf/VariantCalling/5b8f550e-3447-4d42-8f2c-f8f7b00d3ef3/call-DragenHardFilterVcf/shard-44/execution/docker_cid \
  -i \
  --user 1027:1028 \
  --cpus="64" \
  --memory="350G" \
  --entrypoint /bin/bash \
  -v /home/darja/workflow/cromwell-executions1/WholeGenomeGermlineSingleSample/06160bfb-7bc0-413b-9ba8-6a78ff6325b1/call-BamToGvcf/VariantCalling/5b8f550e-3447-4d42-8f2c-f8f7b00d3ef3/call-DragenHardFilterVcf/shard-44:/cromwell-executions1/WholeGenomeGermlineSingleSample/06160bfb-7bc0-413b-9ba8-6a78ff6325b1/call-BamToGvcf/VariantCalling/5b8f550e-3447-4d42-8f2c-f8f7b00d3ef3/call-DragenHardFilterVcf/shard-44 \
  -v /mnt/nas1/projects/lasr/blendseq:/mnt/nas1/projects/lasr/blendseq \
  us.gcr.io/broad-gatk/gatk@sha256:c88912855b845bd40c6b4bc8f3dd1d4b333ed2549cd3e8386987ee7c0c284f5a /cromwell-executions1/WholeGenomeGermlineSingleSample/06160bfb-7bc0-413b-9ba8-6a78ff6325b1/call-BamToGvcf/VariantCalling/5b8f550e-3447-4d42-8f2c-f8f7b00d3ef3/call-DragenHardFilterVcf/shard-44/execution/script

# get the return code (working even if the container was detached)
rc=$(docker wait [38;5;5mcat /home/darja/workflow/cromwell-executions1/WholeGenomeGermlineSingleSample/06160bfb-7bc0-413b-9ba8-6a78ff6325b1/call-BamToGvcf/VariantCalling/5b8f550e-3447-4d42-8f2c-f8f7b00d3ef3/call-DragenHardFilterVcf/shard-44/execution/docker_cid[0m)

# remove the container after waiting
docker rm [38;5;5mcat /home/darja/workflow/cromwell-executions1/WholeGenomeGermlineSingleSample/06160bfb-7bc0-413b-9ba8-6a78ff6325b1/call-BamToGvcf/VariantCalling/5b8f550e-3447-4d42-8f2c-f8f7b00d3ef3/call-DragenHardFilterVcf/shard-44/execution/docker_cid[0m

# return exit code
exit $rc
[2026-02-26 03:15:34,34] [info] BackgroundConfigAsyncJobExecutionActor [[38;5;2m5b8f550e[0mVariantCalling.DragenHardFilterVcf:44:1]: job id: 129596
[2026-02-26 03:15:34,34] [info] BackgroundConfigAsyncJobExecutionActor [[38;5;2m5b8f550e[0mVariantCalling.DragenHardFilterVcf:44:1]: Status change from - to WaitingForReturnCode
[2026-02-26 03:15:56,23] [info] BackgroundConfigAsyncJobExecutionActor [[38;5;2m5b8f550e[0mVariantCalling.DragenHardFilterVcf:44:1]: Status change from WaitingForReturnCode to Done
[2026-02-26 03:15:59,46] [info] Assigned new job execution tokens to the following groups: 06160bfb: 1
[2026-02-26 03:15:59,47] [[38;5;220mwarn[0m] BackgroundConfigAsyncJobExecutionActor [[38;5;2m5b8f550e[0mVariantCalling.DragenHardFilterVcf:24:1]: Unrecognized runtime attribute keys: preemptible, bootDiskSizeGb, disks, memory
[2026-02-26 03:15:59,52] [info] BackgroundConfigAsyncJobExecutionActor [[38;5;2m5b8f550e[0mVariantCalling.DragenHardFilterVcf:24:1]: [38;5;5mgatk --java-options "-Xms2000m -Xmx2500m" \
 VariantFiltration \
 -V /cromwell-executions1/WholeGenomeGermlineSingleSample/06160bfb-7bc0-413b-9ba8-6a78ff6325b1/call-BamToGvcf/VariantCalling/5b8f550e-3447-4d42-8f2c-f8f7b00d3ef3/call-DragenHardFilterVcf/shard-24/inputs/1028052371/ERR3687419_ILMN.g.vcf.gz \
 --filter-expression "QUAL < 10.4139" \
 --filter-name "DRAGENHardQUAL" \
 -O ERR3687419_ILMN.hard-filtered.g.vcf.gz[0m
[2026-02-26 03:15:59,52] [info] BackgroundConfigAsyncJobExecutionActor [[38;5;2m5b8f550e[0mVariantCalling.DragenHardFilterVcf:24:1]: executing: # make sure there is no preexisting Docker CID file
rm -f /home/darja/workflow/cromwell-executions1/WholeGenomeGermlineSingleSample/06160bfb-7bc0-413b-9ba8-6a78ff6325b1/call-BamToGvcf/VariantCalling/5b8f550e-3447-4d42-8f2c-f8f7b00d3ef3/call-DragenHardFilterVcf/shard-24/execution/docker_cid
# run as in the original configuration without --rm flag (will remove later)
docker run \
  --cidfile /home/darja/workflow/cromwell-executions1/WholeGenomeGermlineSingleSample/06160bfb-7bc0-413b-9ba8-6a78ff6325b1/call-BamToGvcf/VariantCalling/5b8f550e-3447-4d42-8f2c-f8f7b00d3ef3/call-DragenHardFilterVcf/shard-24/execution/docker_cid \
  -i \
  --user 1027:1028 \
  --cpus="64" \
  --memory="350G" \
  --entrypoint /bin/bash \
  -v /home/darja/workflow/cromwell-executions1/WholeGenomeGermlineSingleSample/06160bfb-7bc0-413b-9ba8-6a78ff6325b1/call-BamToGvcf/VariantCalling/5b8f550e-3447-4d42-8f2c-f8f7b00d3ef3/call-DragenHardFilterVcf/shard-24:/cromwell-executions1/WholeGenomeGermlineSingleSample/06160bfb-7bc0-413b-9ba8-6a78ff6325b1/call-BamToGvcf/VariantCalling/5b8f550e-3447-4d42-8f2c-f8f7b00d3ef3/call-DragenHardFilterVcf/shard-24 \
  -v /mnt/nas1/projects/lasr/blendseq:/mnt/nas1/projects/lasr/blendseq \
  us.gcr.io/broad-gatk/gatk@sha256:c88912855b845bd40c6b4bc8f3dd1d4b333ed2549cd3e8386987ee7c0c284f5a /cromwell-executions1/WholeGenomeGermlineSingleSample/06160bfb-7bc0-413b-9ba8-6a78ff6325b1/call-BamToGvcf/VariantCalling/5b8f550e-3447-4d42-8f2c-f8f7b00d3ef3/call-DragenHardFilterVcf/shard-24/execution/script

# get the return code (working even if the container was detached)
rc=$(docker wait [38;5;5mcat /home/darja/workflow/cromwell-executions1/WholeGenomeGermlineSingleSample/06160bfb-7bc0-413b-9ba8-6a78ff6325b1/call-BamToGvcf/VariantCalling/5b8f550e-3447-4d42-8f2c-f8f7b00d3ef3/call-DragenHardFilterVcf/shard-24/execution/docker_cid[0m)

# remove the container after waiting
docker rm [38;5;5mcat /home/darja/workflow/cromwell-executions1/WholeGenomeGermlineSingleSample/06160bfb-7bc0-413b-9ba8-6a78ff6325b1/call-BamToGvcf/VariantCalling/5b8f550e-3447-4d42-8f2c-f8f7b00d3ef3/call-DragenHardFilterVcf/shard-24/execution/docker_cid[0m

# return exit code
exit $rc
[2026-02-26 03:16:04,34] [info] BackgroundConfigAsyncJobExecutionActor [[38;5;2m5b8f550e[0mVariantCalling.DragenHardFilterVcf:24:1]: job id: 129968
[2026-02-26 03:16:04,34] [info] BackgroundConfigAsyncJobExecutionActor [[38;5;2m5b8f550e[0mVariantCalling.DragenHardFilterVcf:24:1]: Status change from - to WaitingForReturnCode
[2026-02-26 03:16:13,32] [info] BackgroundConfigAsyncJobExecutionActor [[38;5;2m5b8f550e[0mVariantCalling.DragenHardFilterVcf:24:1]: Status change from WaitingForReturnCode to Done
[2026-02-26 03:16:19,46] [info] Assigned new job execution tokens to the following groups: 06160bfb: 1
[2026-02-26 03:16:19,47] [[38;5;220mwarn[0m] BackgroundConfigAsyncJobExecutionActor [[38;5;2m5b8f550e[0mVariantCalling.DragenHardFilterVcf:9:1]: Unrecognized runtime attribute keys: preemptible, bootDiskSizeGb, disks, memory
[2026-02-26 03:16:19,52] [info] BackgroundConfigAsyncJobExecutionActor [[38;5;2m5b8f550e[0mVariantCalling.DragenHardFilterVcf:9:1]: [38;5;5mgatk --java-options "-Xms2000m -Xmx2500m" \
 VariantFiltration \
 -V /cromwell-executions1/WholeGenomeGermlineSingleSample/06160bfb-7bc0-413b-9ba8-6a78ff6325b1/call-BamToGvcf/VariantCalling/5b8f550e-3447-4d42-8f2c-f8f7b00d3ef3/call-DragenHardFilterVcf/shard-9/inputs/287035834/ERR3687419_ILMN.g.vcf.gz \
 --filter-expression "QUAL < 10.4139" \
 --filter-name "DRAGENHardQUAL" \
 -O ERR3687419_ILMN.hard-filtered.g.vcf.gz[0m
[2026-02-26 03:16:19,52] [info] BackgroundConfigAsyncJobExecutionActor [[38;5;2m5b8f550e[0mVariantCalling.DragenHardFilterVcf:9:1]: executing: # make sure there is no preexisting Docker CID file
rm -f /home/darja/workflow/cromwell-executions1/WholeGenomeGermlineSingleSample/06160bfb-7bc0-413b-9ba8-6a78ff6325b1/call-BamToGvcf/VariantCalling/5b8f550e-3447-4d42-8f2c-f8f7b00d3ef3/call-DragenHardFilterVcf/shard-9/execution/docker_cid
# run as in the original configuration without --rm flag (will remove later)
docker run \
  --cidfile /home/darja/workflow/cromwell-executions1/WholeGenomeGermlineSingleSample/06160bfb-7bc0-413b-9ba8-6a78ff6325b1/call-BamToGvcf/VariantCalling/5b8f550e-3447-4d42-8f2c-f8f7b00d3ef3/call-DragenHardFilterVcf/shard-9/execution/docker_cid \
  -i \
  --user 1027:1028 \
  --cpus="64" \
  --memory="350G" \
  --entrypoint /bin/bash \
  -v /home/darja/workflow/cromwell-executions1/WholeGenomeGermlineSingleSample/06160bfb-7bc0-413b-9ba8-6a78ff6325b1/call-BamToGvcf/VariantCalling/5b8f550e-3447-4d42-8f2c-f8f7b00d3ef3/call-DragenHardFilterVcf/shard-9:/cromwell-executions1/WholeGenomeGermlineSingleSample/06160bfb-7bc0-413b-9ba8-6a78ff6325b1/call-BamToGvcf/VariantCalling/5b8f550e-3447-4d42-8f2c-f8f7b00d3ef3/call-DragenHardFilterVcf/shard-9 \
  -v /mnt/nas1/projects/lasr/blendseq:/mnt/nas1/projects/lasr/blendseq \
  us.gcr.io/broad-gatk/gatk@sha256:c88912855b845bd40c6b4bc8f3dd1d4b333ed2549cd3e8386987ee7c0c284f5a /cromwell-executions1/WholeGenomeGermlineSingleSample/06160bfb-7bc0-413b-9ba8-6a78ff6325b1/call-BamToGvcf/VariantCalling/5b8f550e-3447-4d42-8f2c-f8f7b00d3ef3/call-DragenHardFilterVcf/shard-9/execution/script

# get the return code (working even if the container was detached)
rc=$(docker wait [38;5;5mcat /home/darja/workflow/cromwell-executions1/WholeGenomeGermlineSingleSample/06160bfb-7bc0-413b-9ba8-6a78ff6325b1/call-BamToGvcf/VariantCalling/5b8f550e-3447-4d42-8f2c-f8f7b00d3ef3/call-DragenHardFilterVcf/shard-9/execution/docker_cid[0m)

# remove the container after waiting
docker rm [38;5;5mcat /home/darja/workflow/cromwell-executions1/WholeGenomeGermlineSingleSample/06160bfb-7bc0-413b-9ba8-6a78ff6325b1/call-BamToGvcf/VariantCalling/5b8f550e-3447-4d42-8f2c-f8f7b00d3ef3/call-DragenHardFilterVcf/shard-9/execution/docker_cid[0m

# return exit code
exit $rc
[2026-02-26 03:16:24,34] [info] BackgroundConfigAsyncJobExecutionActor [[38;5;2m5b8f550e[0mVariantCalling.DragenHardFilterVcf:9:1]: job id: 130335
[2026-02-26 03:16:24,34] [info] BackgroundConfigAsyncJobExecutionActor [[38;5;2m5b8f550e[0mVariantCalling.DragenHardFilterVcf:9:1]: Status change from - to WaitingForReturnCode
[2026-02-26 03:16:32,25] [info] BackgroundConfigAsyncJobExecutionActor [[38;5;2m5b8f550e[0mVariantCalling.DragenHardFilterVcf:9:1]: Status change from WaitingForReturnCode to Done
[2026-02-26 03:16:39,46] [info] Assigned new job execution tokens to the following groups: 06160bfb: 1
[2026-02-26 03:16:39,47] [[38;5;220mwarn[0m] BackgroundConfigAsyncJobExecutionActor [[38;5;2m5b8f550e[0mVariantCalling.DragenHardFilterVcf:33:1]: Unrecognized runtime attribute keys: preemptible, bootDiskSizeGb, disks, memory
[2026-02-26 03:16:39,54] [info] BackgroundConfigAsyncJobExecutionActor [[38;5;2m5b8f550e[0mVariantCalling.DragenHardFilterVcf:33:1]: [38;5;5mgatk --java-options "-Xms2000m -Xmx2500m" \
 VariantFiltration \
 -V /cromwell-executions1/WholeGenomeGermlineSingleSample/06160bfb-7bc0-413b-9ba8-6a78ff6325b1/call-BamToGvcf/VariantCalling/5b8f550e-3447-4d42-8f2c-f8f7b00d3ef3/call-DragenHardFilterVcf/shard-33/inputs/-1340880847/ERR3687419_ILMN.g.vcf.gz \
 --filter-expression "QUAL < 10.4139" \
 --filter-name "DRAGENHardQUAL" \
 -O ERR3687419_ILMN.hard-filtered.g.vcf.gz[0m
[2026-02-26 03:16:39,55] [info] BackgroundConfigAsyncJobExecutionActor [[38;5;2m5b8f550e[0mVariantCalling.DragenHardFilterVcf:33:1]: executing: # make sure there is no preexisting Docker CID file
rm -f /home/darja/workflow/cromwell-executions1/WholeGenomeGermlineSingleSample/06160bfb-7bc0-413b-9ba8-6a78ff6325b1/call-BamToGvcf/VariantCalling/5b8f550e-3447-4d42-8f2c-f8f7b00d3ef3/call-DragenHardFilterVcf/shard-33/execution/docker_cid
# run as in the original configuration without --rm flag (will remove later)
docker run \
  --cidfile /home/darja/workflow/cromwell-executions1/WholeGenomeGermlineSingleSample/06160bfb-7bc0-413b-9ba8-6a78ff6325b1/call-BamToGvcf/VariantCalling/5b8f550e-3447-4d42-8f2c-f8f7b00d3ef3/call-DragenHardFilterVcf/shard-33/execution/docker_cid \
  -i \
  --user 1027:1028 \
  --cpus="64" \
  --memory="350G" \
  --entrypoint /bin/bash \
  -v /home/darja/workflow/cromwell-executions1/WholeGenomeGermlineSingleSample/06160bfb-7bc0-413b-9ba8-6a78ff6325b1/call-BamToGvcf/VariantCalling/5b8f550e-3447-4d42-8f2c-f8f7b00d3ef3/call-DragenHardFilterVcf/shard-33:/cromwell-executions1/WholeGenomeGermlineSingleSample/06160bfb-7bc0-413b-9ba8-6a78ff6325b1/call-BamToGvcf/VariantCalling/5b8f550e-3447-4d42-8f2c-f8f7b00d3ef3/call-DragenHardFilterVcf/shard-33 \
  -v /mnt/nas1/projects/lasr/blendseq:/mnt/nas1/projects/lasr/blendseq \
  us.gcr.io/broad-gatk/gatk@sha256:c88912855b845bd40c6b4bc8f3dd1d4b333ed2549cd3e8386987ee7c0c284f5a /cromwell-executions1/WholeGenomeGermlineSingleSample/06160bfb-7bc0-413b-9ba8-6a78ff6325b1/call-BamToGvcf/VariantCalling/5b8f550e-3447-4d42-8f2c-f8f7b00d3ef3/call-DragenHardFilterVcf/shard-33/execution/script

# get the return code (working even if the container was detached)
rc=$(docker wait [38;5;5mcat /home/darja/workflow/cromwell-executions1/WholeGenomeGermlineSingleSample/06160bfb-7bc0-413b-9ba8-6a78ff6325b1/call-BamToGvcf/VariantCalling/5b8f550e-3447-4d42-8f2c-f8f7b00d3ef3/call-DragenHardFilterVcf/shard-33/execution/docker_cid[0m)

# remove the container after waiting
docker rm [38;5;5mcat /home/darja/workflow/cromwell-executions1/WholeGenomeGermlineSingleSample/06160bfb-7bc0-413b-9ba8-6a78ff6325b1/call-BamToGvcf/VariantCalling/5b8f550e-3447-4d42-8f2c-f8f7b00d3ef3/call-DragenHardFilterVcf/shard-33/execution/docker_cid[0m

# return exit code
exit $rc
[2026-02-26 03:16:44,34] [info] BackgroundConfigAsyncJobExecutionActor [[38;5;2m5b8f550e[0mVariantCalling.DragenHardFilterVcf:33:1]: job id: 130709
[2026-02-26 03:16:44,34] [info] BackgroundConfigAsyncJobExecutionActor [[38;5;2m5b8f550e[0mVariantCalling.DragenHardFilterVcf:33:1]: Status change from - to WaitingForReturnCode
[2026-02-26 03:16:55,82] [info] BackgroundConfigAsyncJobExecutionActor [[38;5;2m5b8f550e[0mVariantCalling.DragenHardFilterVcf:33:1]: Status change from WaitingForReturnCode to Done
[2026-02-26 03:16:59,46] [info] Assigned new job execution tokens to the following groups: 06160bfb: 1
[2026-02-26 03:16:59,47] [[38;5;220mwarn[0m] BackgroundConfigAsyncJobExecutionActor [[38;5;2m5b8f550e[0mVariantCalling.DragenHardFilterVcf:43:1]: Unrecognized runtime attribute keys: preemptible, bootDiskSizeGb, disks, memory
[2026-02-26 03:16:59,53] [info] BackgroundConfigAsyncJobExecutionActor [[38;5;2m5b8f550e[0mVariantCalling.DragenHardFilterVcf:43:1]: [38;5;5mgatk --java-options "-Xms2000m -Xmx2500m" \
 VariantFiltration \
 -V /cromwell-executions1/WholeGenomeGermlineSingleSample/06160bfb-7bc0-413b-9ba8-6a78ff6325b1/call-BamToGvcf/VariantCalling/5b8f550e-3447-4d42-8f2c-f8f7b00d3ef3/call-DragenHardFilterVcf/shard-43/inputs/-1211798128/ERR3687419_ILMN.g.vcf.gz \
 --filter-expression "QUAL < 10.4139" \
 --filter-name "DRAGENHardQUAL" \
 -O ERR3687419_ILMN.hard-filtered.g.vcf.gz[0m
[2026-02-26 03:16:59,53] [info] BackgroundConfigAsyncJobExecutionActor [[38;5;2m5b8f550e[0mVariantCalling.DragenHardFilterVcf:43:1]: executing: # make sure there is no preexisting Docker CID file
rm -f /home/darja/workflow/cromwell-executions1/WholeGenomeGermlineSingleSample/06160bfb-7bc0-413b-9ba8-6a78ff6325b1/call-BamToGvcf/VariantCalling/5b8f550e-3447-4d42-8f2c-f8f7b00d3ef3/call-DragenHardFilterVcf/shard-43/execution/docker_cid
# run as in the original configuration without --rm flag (will remove later)
docker run \
  --cidfile /home/darja/workflow/cromwell-executions1/WholeGenomeGermlineSingleSample/06160bfb-7bc0-413b-9ba8-6a78ff6325b1/call-BamToGvcf/VariantCalling/5b8f550e-3447-4d42-8f2c-f8f7b00d3ef3/call-DragenHardFilterVcf/shard-43/execution/docker_cid \
  -i \
  --user 1027:1028 \
  --cpus="64" \
  --memory="350G" \
  --entrypoint /bin/bash \
  -v /home/darja/workflow/cromwell-executions1/WholeGenomeGermlineSingleSample/06160bfb-7bc0-413b-9ba8-6a78ff6325b1/call-BamToGvcf/VariantCalling/5b8f550e-3447-4d42-8f2c-f8f7b00d3ef3/call-DragenHardFilterVcf/shard-43:/cromwell-executions1/WholeGenomeGermlineSingleSample/06160bfb-7bc0-413b-9ba8-6a78ff6325b1/call-BamToGvcf/VariantCalling/5b8f550e-3447-4d42-8f2c-f8f7b00d3ef3/call-DragenHardFilterVcf/shard-43 \
  -v /mnt/nas1/projects/lasr/blendseq:/mnt/nas1/projects/lasr/blendseq \
  us.gcr.io/broad-gatk/gatk@sha256:c88912855b845bd40c6b4bc8f3dd1d4b333ed2549cd3e8386987ee7c0c284f5a /cromwell-executions1/WholeGenomeGermlineSingleSample/06160bfb-7bc0-413b-9ba8-6a78ff6325b1/call-BamToGvcf/VariantCalling/5b8f550e-3447-4d42-8f2c-f8f7b00d3ef3/call-DragenHardFilterVcf/shard-43/execution/script

# get the return code (working even if the container was detached)
rc=$(docker wait [38;5;5mcat /home/darja/workflow/cromwell-executions1/WholeGenomeGermlineSingleSample/06160bfb-7bc0-413b-9ba8-6a78ff6325b1/call-BamToGvcf/VariantCalling/5b8f550e-3447-4d42-8f2c-f8f7b00d3ef3/call-DragenHardFilterVcf/shard-43/execution/docker_cid[0m)

# remove the container after waiting
docker rm [38;5;5mcat /home/darja/workflow/cromwell-executions1/WholeGenomeGermlineSingleSample/06160bfb-7bc0-413b-9ba8-6a78ff6325b1/call-BamToGvcf/VariantCalling/5b8f550e-3447-4d42-8f2c-f8f7b00d3ef3/call-DragenHardFilterVcf/shard-43/execution/docker_cid[0m

# return exit code
exit $rc
[2026-02-26 03:17:04,34] [info] BackgroundConfigAsyncJobExecutionActor [[38;5;2m5b8f550e[0mVariantCalling.DragenHardFilterVcf:43:1]: job id: 131081
[2026-02-26 03:17:04,34] [info] BackgroundConfigAsyncJobExecutionActor [[38;5;2m5b8f550e[0mVariantCalling.DragenHardFilterVcf:43:1]: Status change from - to WaitingForReturnCode
[2026-02-26 03:17:12,78] [info] BackgroundConfigAsyncJobExecutionActor [[38;5;2m5b8f550e[0mVariantCalling.DragenHardFilterVcf:43:1]: Status change from WaitingForReturnCode to Done
[2026-02-26 03:17:19,46] [info] Assigned new job execution tokens to the following groups: 06160bfb: 1
[2026-02-26 03:17:19,47] [[38;5;220mwarn[0m] BackgroundConfigAsyncJobExecutionActor [[38;5;2m5b8f550e[0mVariantCalling.DragenHardFilterVcf:23:1]: Unrecognized runtime attribute keys: preemptible, bootDiskSizeGb, disks, memory
[2026-02-26 03:17:19,51] [info] BackgroundConfigAsyncJobExecutionActor [[38;5;2m5b8f550e[0mVariantCalling.DragenHardFilterVcf:23:1]: [38;5;5mgatk --java-options "-Xms2000m -Xmx2500m" \
 VariantFiltration \
 -V /cromwell-executions1/WholeGenomeGermlineSingleSample/06160bfb-7bc0-413b-9ba8-6a78ff6325b1/call-BamToGvcf/VariantCalling/5b8f550e-3447-4d42-8f2c-f8f7b00d3ef3/call-DragenHardFilterVcf/shard-23/inputs/-1469963566/ERR3687419_ILMN.g.vcf.gz \
 --filter-expression "QUAL < 10.4139" \
 --filter-name "DRAGENHardQUAL" \
 -O ERR3687419_ILMN.hard-filtered.g.vcf.gz[0m
[2026-02-26 03:17:19,51] [info] BackgroundConfigAsyncJobExecutionActor [[38;5;2m5b8f550e[0mVariantCalling.DragenHardFilterVcf:23:1]: executing: # make sure there is no preexisting Docker CID file
rm -f /home/darja/workflow/cromwell-executions1/WholeGenomeGermlineSingleSample/06160bfb-7bc0-413b-9ba8-6a78ff6325b1/call-BamToGvcf/VariantCalling/5b8f550e-3447-4d42-8f2c-f8f7b00d3ef3/call-DragenHardFilterVcf/shard-23/execution/docker_cid
# run as in the original configuration without --rm flag (will remove later)
docker run \
  --cidfile /home/darja/workflow/cromwell-executions1/WholeGenomeGermlineSingleSample/06160bfb-7bc0-413b-9ba8-6a78ff6325b1/call-BamToGvcf/VariantCalling/5b8f550e-3447-4d42-8f2c-f8f7b00d3ef3/call-DragenHardFilterVcf/shard-23/execution/docker_cid \
  -i \
  --user 1027:1028 \
  --cpus="64" \
  --memory="350G" \
  --entrypoint /bin/bash \
  -v /home/darja/workflow/cromwell-executions1/WholeGenomeGermlineSingleSample/06160bfb-7bc0-413b-9ba8-6a78ff6325b1/call-BamToGvcf/VariantCalling/5b8f550e-3447-4d42-8f2c-f8f7b00d3ef3/call-DragenHardFilterVcf/shard-23:/cromwell-executions1/WholeGenomeGermlineSingleSample/06160bfb-7bc0-413b-9ba8-6a78ff6325b1/call-BamToGvcf/VariantCalling/5b8f550e-3447-4d42-8f2c-f8f7b00d3ef3/call-DragenHardFilterVcf/shard-23 \
  -v /mnt/nas1/projects/lasr/blendseq:/mnt/nas1/projects/lasr/blendseq \
  us.gcr.io/broad-gatk/gatk@sha256:c88912855b845bd40c6b4bc8f3dd1d4b333ed2549cd3e8386987ee7c0c284f5a /cromwell-executions1/WholeGenomeGermlineSingleSample/06160bfb-7bc0-413b-9ba8-6a78ff6325b1/call-BamToGvcf/VariantCalling/5b8f550e-3447-4d42-8f2c-f8f7b00d3ef3/call-DragenHardFilterVcf/shard-23/execution/script

# get the return code (working even if the container was detached)
rc=$(docker wait [38;5;5mcat /home/darja/workflow/cromwell-executions1/WholeGenomeGermlineSingleSample/06160bfb-7bc0-413b-9ba8-6a78ff6325b1/call-BamToGvcf/VariantCalling/5b8f550e-3447-4d42-8f2c-f8f7b00d3ef3/call-DragenHardFilterVcf/shard-23/execution/docker_cid[0m)

# remove the container after waiting
docker rm [38;5;5mcat /home/darja/workflow/cromwell-executions1/WholeGenomeGermlineSingleSample/06160bfb-7bc0-413b-9ba8-6a78ff6325b1/call-BamToGvcf/VariantCalling/5b8f550e-3447-4d42-8f2c-f8f7b00d3ef3/call-DragenHardFilterVcf/shard-23/execution/docker_cid[0m

# return exit code
exit $rc
[2026-02-26 03:17:24,34] [info] BackgroundConfigAsyncJobExecutionActor [[38;5;2m5b8f550e[0mVariantCalling.DragenHardFilterVcf:23:1]: job id: 131449
[2026-02-26 03:17:24,34] [info] BackgroundConfigAsyncJobExecutionActor [[38;5;2m5b8f550e[0mVariantCalling.DragenHardFilterVcf:23:1]: Status change from - to WaitingForReturnCode
[2026-02-26 03:17:33,17] [info] BackgroundConfigAsyncJobExecutionActor [[38;5;2m5b8f550e[0mVariantCalling.DragenHardFilterVcf:23:1]: Status change from WaitingForReturnCode to Done
[2026-02-26 03:17:39,46] [info] Assigned new job execution tokens to the following groups: 06160bfb: 1
[2026-02-26 03:17:39,47] [[38;5;220mwarn[0m] BackgroundConfigAsyncJobExecutionActor [[38;5;2m5b8f550e[0mVariantCalling.DragenHardFilterVcf:25:1]: Unrecognized runtime attribute keys: preemptible, bootDiskSizeGb, disks, memory
[2026-02-26 03:17:39,52] [info] BackgroundConfigAsyncJobExecutionActor [[38;5;2m5b8f550e[0mVariantCalling.DragenHardFilterVcf:25:1]: [38;5;5mgatk --java-options "-Xms2000m -Xmx2500m" \
 VariantFiltration \
 -V /cromwell-executions1/WholeGenomeGermlineSingleSample/06160bfb-7bc0-413b-9ba8-6a78ff6325b1/call-BamToGvcf/VariantCalling/5b8f550e-3447-4d42-8f2c-f8f7b00d3ef3/call-DragenHardFilterVcf/shard-25/inputs/-768898988/ERR3687419_ILMN.g.vcf.gz \
 --filter-expression "QUAL < 10.4139" \
 --filter-name "DRAGENHardQUAL" \
 -O ERR3687419_ILMN.hard-filtered.g.vcf.gz[0m
[2026-02-26 03:17:39,52] [info] BackgroundConfigAsyncJobExecutionActor [[38;5;2m5b8f550e[0mVariantCalling.DragenHardFilterVcf:25:1]: executing: # make sure there is no preexisting Docker CID file
rm -f /home/darja/workflow/cromwell-executions1/WholeGenomeGermlineSingleSample/06160bfb-7bc0-413b-9ba8-6a78ff6325b1/call-BamToGvcf/VariantCalling/5b8f550e-3447-4d42-8f2c-f8f7b00d3ef3/call-DragenHardFilterVcf/shard-25/execution/docker_cid
# run as in the original configuration without --rm flag (will remove later)
docker run \
  --cidfile /home/darja/workflow/cromwell-executions1/WholeGenomeGermlineSingleSample/06160bfb-7bc0-413b-9ba8-6a78ff6325b1/call-BamToGvcf/VariantCalling/5b8f550e-3447-4d42-8f2c-f8f7b00d3ef3/call-DragenHardFilterVcf/shard-25/execution/docker_cid \
  -i \
  --user 1027:1028 \
  --cpus="64" \
  --memory="350G" \
  --entrypoint /bin/bash \
  -v /home/darja/workflow/cromwell-executions1/WholeGenomeGermlineSingleSample/06160bfb-7bc0-413b-9ba8-6a78ff6325b1/call-BamToGvcf/VariantCalling/5b8f550e-3447-4d42-8f2c-f8f7b00d3ef3/call-DragenHardFilterVcf/shard-25:/cromwell-executions1/WholeGenomeGermlineSingleSample/06160bfb-7bc0-413b-9ba8-6a78ff6325b1/call-BamToGvcf/VariantCalling/5b8f550e-3447-4d42-8f2c-f8f7b00d3ef3/call-DragenHardFilterVcf/shard-25 \
  -v /mnt/nas1/projects/lasr/blendseq:/mnt/nas1/projects/lasr/blendseq \
  us.gcr.io/broad-gatk/gatk@sha256:c88912855b845bd40c6b4bc8f3dd1d4b333ed2549cd3e8386987ee7c0c284f5a /cromwell-executions1/WholeGenomeGermlineSingleSample/06160bfb-7bc0-413b-9ba8-6a78ff6325b1/call-BamToGvcf/VariantCalling/5b8f550e-3447-4d42-8f2c-f8f7b00d3ef3/call-DragenHardFilterVcf/shard-25/execution/script

# get the return code (working even if the container was detached)
rc=$(docker wait [38;5;5mcat /home/darja/workflow/cromwell-executions1/WholeGenomeGermlineSingleSample/06160bfb-7bc0-413b-9ba8-6a78ff6325b1/call-BamToGvcf/VariantCalling/5b8f550e-3447-4d42-8f2c-f8f7b00d3ef3/call-DragenHardFilterVcf/shard-25/execution/docker_cid[0m)

# remove the container after waiting
docker rm [38;5;5mcat /home/darja/workflow/cromwell-executions1/WholeGenomeGermlineSingleSample/06160bfb-7bc0-413b-9ba8-6a78ff6325b1/call-BamToGvcf/VariantCalling/5b8f550e-3447-4d42-8f2c-f8f7b00d3ef3/call-DragenHardFilterVcf/shard-25/execution/docker_cid[0m

# return exit code
exit $rc
[2026-02-26 03:17:44,34] [info] BackgroundConfigAsyncJobExecutionActor [[38;5;2m5b8f550e[0mVariantCalling.DragenHardFilterVcf:25:1]: job id: 131829
[2026-02-26 03:17:44,34] [info] BackgroundConfigAsyncJobExecutionActor [[38;5;2m5b8f550e[0mVariantCalling.DragenHardFilterVcf:25:1]: Status change from - to WaitingForReturnCode
[2026-02-26 03:17:54,22] [info] BackgroundConfigAsyncJobExecutionActor [[38;5;2m5b8f550e[0mVariantCalling.DragenHardFilterVcf:25:1]: Status change from WaitingForReturnCode to Done
[2026-02-26 03:17:59,46] [info] Assigned new job execution tokens to the following groups: 06160bfb: 1
[2026-02-26 03:17:59,47] [[38;5;220mwarn[0m] BackgroundConfigAsyncJobExecutionActor [[38;5;2m5b8f550e[0mVariantCalling.DragenHardFilterVcf:47:1]: Unrecognized runtime attribute keys: preemptible, bootDiskSizeGb, disks, memory
[2026-02-26 03:17:59,51] [info] BackgroundConfigAsyncJobExecutionActor [[38;5;2m5b8f550e[0mVariantCalling.DragenHardFilterVcf:47:1]: [38;5;5mgatk --java-options "-Xms2000m -Xmx2500m" \
 VariantFiltration \
 -V /cromwell-executions1/WholeGenomeGermlineSingleSample/06160bfb-7bc0-413b-9ba8-6a78ff6325b1/call-BamToGvcf/VariantCalling/5b8f550e-3447-4d42-8f2c-f8f7b00d3ef3/call-DragenHardFilterVcf/shard-47/inputs/190331028/ERR3687419_ILMN.g.vcf.gz \
 --filter-expression "QUAL < 10.4139" \
 --filter-name "DRAGENHardQUAL" \
 -O ERR3687419_ILMN.hard-filtered.g.vcf.gz[0m
[2026-02-26 03:17:59,51] [info] BackgroundConfigAsyncJobExecutionActor [[38;5;2m5b8f550e[0mVariantCalling.DragenHardFilterVcf:47:1]: executing: # make sure there is no preexisting Docker CID file
rm -f /home/darja/workflow/cromwell-executions1/WholeGenomeGermlineSingleSample/06160bfb-7bc0-413b-9ba8-6a78ff6325b1/call-BamToGvcf/VariantCalling/5b8f550e-3447-4d42-8f2c-f8f7b00d3ef3/call-DragenHardFilterVcf/shard-47/execution/docker_cid
# run as in the original configuration without --rm flag (will remove later)
docker run \
  --cidfile /home/darja/workflow/cromwell-executions1/WholeGenomeGermlineSingleSample/06160bfb-7bc0-413b-9ba8-6a78ff6325b1/call-BamToGvcf/VariantCalling/5b8f550e-3447-4d42-8f2c-f8f7b00d3ef3/call-DragenHardFilterVcf/shard-47/execution/docker_cid \
  -i \
  --user 1027:1028 \
  --cpus="64" \
  --memory="350G" \
  --entrypoint /bin/bash \
  -v /home/darja/workflow/cromwell-executions1/WholeGenomeGermlineSingleSample/06160bfb-7bc0-413b-9ba8-6a78ff6325b1/call-BamToGvcf/VariantCalling/5b8f550e-3447-4d42-8f2c-f8f7b00d3ef3/call-DragenHardFilterVcf/shard-47:/cromwell-executions1/WholeGenomeGermlineSingleSample/06160bfb-7bc0-413b-9ba8-6a78ff6325b1/call-BamToGvcf/VariantCalling/5b8f550e-3447-4d42-8f2c-f8f7b00d3ef3/call-DragenHardFilterVcf/shard-47 \
  -v /mnt/nas1/projects/lasr/blendseq:/mnt/nas1/projects/lasr/blendseq \
  us.gcr.io/broad-gatk/gatk@sha256:c88912855b845bd40c6b4bc8f3dd1d4b333ed2549cd3e8386987ee7c0c284f5a /cromwell-executions1/WholeGenomeGermlineSingleSample/06160bfb-7bc0-413b-9ba8-6a78ff6325b1/call-BamToGvcf/VariantCalling/5b8f550e-3447-4d42-8f2c-f8f7b00d3ef3/call-DragenHardFilterVcf/shard-47/execution/script

# get the return code (working even if the container was detached)
rc=$(docker wait [38;5;5mcat /home/darja/workflow/cromwell-executions1/WholeGenomeGermlineSingleSample/06160bfb-7bc0-413b-9ba8-6a78ff6325b1/call-BamToGvcf/VariantCalling/5b8f550e-3447-4d42-8f2c-f8f7b00d3ef3/call-DragenHardFilterVcf/shard-47/execution/docker_cid[0m)

# remove the container after waiting
docker rm [38;5;5mcat /home/darja/workflow/cromwell-executions1/WholeGenomeGermlineSingleSample/06160bfb-7bc0-413b-9ba8-6a78ff6325b1/call-BamToGvcf/VariantCalling/5b8f550e-3447-4d42-8f2c-f8f7b00d3ef3/call-DragenHardFilterVcf/shard-47/execution/docker_cid[0m

# return exit code
exit $rc
[2026-02-26 03:18:04,34] [info] BackgroundConfigAsyncJobExecutionActor [[38;5;2m5b8f550e[0mVariantCalling.DragenHardFilterVcf:47:1]: job id: 132195
[2026-02-26 03:18:04,34] [info] BackgroundConfigAsyncJobExecutionActor [[38;5;2m5b8f550e[0mVariantCalling.DragenHardFilterVcf:47:1]: Status change from - to WaitingForReturnCode
[2026-02-26 03:18:12,55] [info] BackgroundConfigAsyncJobExecutionActor [[38;5;2m5b8f550e[0mVariantCalling.DragenHardFilterVcf:47:1]: Status change from WaitingForReturnCode to Done
[2026-02-26 03:18:19,46] [info] Assigned new job execution tokens to the following groups: 06160bfb: 1
[2026-02-26 03:18:19,47] [[38;5;220mwarn[0m] BackgroundConfigAsyncJobExecutionActor [[38;5;2m5b8f550e[0mVariantCalling.DragenHardFilterVcf:49:1]: Unrecognized runtime attribute keys: preemptible, bootDiskSizeGb, disks, memory
[2026-02-26 03:18:19,52] [info] BackgroundConfigAsyncJobExecutionActor [[38;5;2m5b8f550e[0mVariantCalling.DragenHardFilterVcf:49:1]: [38;5;5mgatk --java-options "-Xms2000m -Xmx2500m" \
 VariantFiltration \
 -V /cromwell-executions1/WholeGenomeGermlineSingleSample/06160bfb-7bc0-413b-9ba8-6a78ff6325b1/call-BamToGvcf/VariantCalling/5b8f550e-3447-4d42-8f2c-f8f7b00d3ef3/call-DragenHardFilterVcf/shard-49/inputs/891395606/ERR3687419_ILMN.g.vcf.gz \
 --filter-expression "QUAL < 10.4139" \
 --filter-name "DRAGENHardQUAL" \
 -O ERR3687419_ILMN.hard-filtered.g.vcf.gz[0m
[2026-02-26 03:18:19,52] [info] BackgroundConfigAsyncJobExecutionActor [[38;5;2m5b8f550e[0mVariantCalling.DragenHardFilterVcf:49:1]: executing: # make sure there is no preexisting Docker CID file
rm -f /home/darja/workflow/cromwell-executions1/WholeGenomeGermlineSingleSample/06160bfb-7bc0-413b-9ba8-6a78ff6325b1/call-BamToGvcf/VariantCalling/5b8f550e-3447-4d42-8f2c-f8f7b00d3ef3/call-DragenHardFilterVcf/shard-49/execution/docker_cid
# run as in the original configuration without --rm flag (will remove later)
docker run \
  --cidfile /home/darja/workflow/cromwell-executions1/WholeGenomeGermlineSingleSample/06160bfb-7bc0-413b-9ba8-6a78ff6325b1/call-BamToGvcf/VariantCalling/5b8f550e-3447-4d42-8f2c-f8f7b00d3ef3/call-DragenHardFilterVcf/shard-49/execution/docker_cid \
  -i \
  --user 1027:1028 \
  --cpus="64" \
  --memory="350G" \
  --entrypoint /bin/bash \
  -v /home/darja/workflow/cromwell-executions1/WholeGenomeGermlineSingleSample/06160bfb-7bc0-413b-9ba8-6a78ff6325b1/call-BamToGvcf/VariantCalling/5b8f550e-3447-4d42-8f2c-f8f7b00d3ef3/call-DragenHardFilterVcf/shard-49:/cromwell-executions1/WholeGenomeGermlineSingleSample/06160bfb-7bc0-413b-9ba8-6a78ff6325b1/call-BamToGvcf/VariantCalling/5b8f550e-3447-4d42-8f2c-f8f7b00d3ef3/call-DragenHardFilterVcf/shard-49 \
  -v /mnt/nas1/projects/lasr/blendseq:/mnt/nas1/projects/lasr/blendseq \
  us.gcr.io/broad-gatk/gatk@sha256:c88912855b845bd40c6b4bc8f3dd1d4b333ed2549cd3e8386987ee7c0c284f5a /cromwell-executions1/WholeGenomeGermlineSingleSample/06160bfb-7bc0-413b-9ba8-6a78ff6325b1/call-BamToGvcf/VariantCalling/5b8f550e-3447-4d42-8f2c-f8f7b00d3ef3/call-DragenHardFilterVcf/shard-49/execution/script

# get the return code (working even if the container was detached)
rc=$(docker wait [38;5;5mcat /home/darja/workflow/cromwell-executions1/WholeGenomeGermlineSingleSample/06160bfb-7bc0-413b-9ba8-6a78ff6325b1/call-BamToGvcf/VariantCalling/5b8f550e-3447-4d42-8f2c-f8f7b00d3ef3/call-DragenHardFilterVcf/shard-49/execution/docker_cid[0m)

# remove the container after waiting
docker rm [38;5;5mcat /home/darja/workflow/cromwell-executions1/WholeGenomeGermlineSingleSample/06160bfb-7bc0-413b-9ba8-6a78ff6325b1/call-BamToGvcf/VariantCalling/5b8f550e-3447-4d42-8f2c-f8f7b00d3ef3/call-DragenHardFilterVcf/shard-49/execution/docker_cid[0m

# return exit code
exit $rc
[2026-02-26 03:18:24,34] [info] BackgroundConfigAsyncJobExecutionActor [[38;5;2m5b8f550e[0mVariantCalling.DragenHardFilterVcf:49:1]: job id: 132562
[2026-02-26 03:18:24,34] [info] BackgroundConfigAsyncJobExecutionActor [[38;5;2m5b8f550e[0mVariantCalling.DragenHardFilterVcf:49:1]: Status change from - to WaitingForReturnCode
[2026-02-26 03:18:31,82] [info] BackgroundConfigAsyncJobExecutionActor [[38;5;2m5b8f550e[0mVariantCalling.DragenHardFilterVcf:49:1]: Status change from WaitingForReturnCode to Done
[2026-02-26 03:18:39,46] [info] Assigned new job execution tokens to the following groups: 06160bfb: 1
[2026-02-26 03:18:39,47] [[38;5;220mwarn[0m] BackgroundConfigAsyncJobExecutionActor [[38;5;2m5b8f550e[0mVariantCalling.DragenHardFilterVcf:19:1]: Unrecognized runtime attribute keys: preemptible, bootDiskSizeGb, disks, memory
[2026-02-26 03:18:39,52] [info] BackgroundConfigAsyncJobExecutionActor [[38;5;2m5b8f550e[0mVariantCalling.DragenHardFilterVcf:19:1]: [38;5;5mgatk --java-options "-Xms2000m -Xmx2500m" \
 VariantFiltration \
 -V /cromwell-executions1/WholeGenomeGermlineSingleSample/06160bfb-7bc0-413b-9ba8-6a78ff6325b1/call-BamToGvcf/VariantCalling/5b8f550e-3447-4d42-8f2c-f8f7b00d3ef3/call-DragenHardFilterVcf/shard-19/inputs/504147449/ERR3687419_ILMN.g.vcf.gz \
 --filter-expression "QUAL < 10.4139" \
 --filter-name "DRAGENHardQUAL" \
 -O ERR3687419_ILMN.hard-filtered.g.vcf.gz[0m
[2026-02-26 03:18:39,53] [info] BackgroundConfigAsyncJobExecutionActor [[38;5;2m5b8f550e[0mVariantCalling.DragenHardFilterVcf:19:1]: executing: # make sure there is no preexisting Docker CID file
rm -f /home/darja/workflow/cromwell-executions1/WholeGenomeGermlineSingleSample/06160bfb-7bc0-413b-9ba8-6a78ff6325b1/call-BamToGvcf/VariantCalling/5b8f550e-3447-4d42-8f2c-f8f7b00d3ef3/call-DragenHardFilterVcf/shard-19/execution/docker_cid
# run as in the original configuration without --rm flag (will remove later)
docker run \
  --cidfile /home/darja/workflow/cromwell-executions1/WholeGenomeGermlineSingleSample/06160bfb-7bc0-413b-9ba8-6a78ff6325b1/call-BamToGvcf/VariantCalling/5b8f550e-3447-4d42-8f2c-f8f7b00d3ef3/call-DragenHardFilterVcf/shard-19/execution/docker_cid \
  -i \
  --user 1027:1028 \
  --cpus="64" \
  --memory="350G" \
  --entrypoint /bin/bash \
  -v /home/darja/workflow/cromwell-executions1/WholeGenomeGermlineSingleSample/06160bfb-7bc0-413b-9ba8-6a78ff6325b1/call-BamToGvcf/VariantCalling/5b8f550e-3447-4d42-8f2c-f8f7b00d3ef3/call-DragenHardFilterVcf/shard-19:/cromwell-executions1/WholeGenomeGermlineSingleSample/06160bfb-7bc0-413b-9ba8-6a78ff6325b1/call-BamToGvcf/VariantCalling/5b8f550e-3447-4d42-8f2c-f8f7b00d3ef3/call-DragenHardFilterVcf/shard-19 \
  -v /mnt/nas1/projects/lasr/blendseq:/mnt/nas1/projects/lasr/blendseq \
  us.gcr.io/broad-gatk/gatk@sha256:c88912855b845bd40c6b4bc8f3dd1d4b333ed2549cd3e8386987ee7c0c284f5a /cromwell-executions1/WholeGenomeGermlineSingleSample/06160bfb-7bc0-413b-9ba8-6a78ff6325b1/call-BamToGvcf/VariantCalling/5b8f550e-3447-4d42-8f2c-f8f7b00d3ef3/call-DragenHardFilterVcf/shard-19/execution/script

# get the return code (working even if the container was detached)
rc=$(docker wait [38;5;5mcat /home/darja/workflow/cromwell-executions1/WholeGenomeGermlineSingleSample/06160bfb-7bc0-413b-9ba8-6a78ff6325b1/call-BamToGvcf/VariantCalling/5b8f550e-3447-4d42-8f2c-f8f7b00d3ef3/call-DragenHardFilterVcf/shard-19/execution/docker_cid[0m)

# remove the container after waiting
docker rm [38;5;5mcat /home/darja/workflow/cromwell-executions1/WholeGenomeGermlineSingleSample/06160bfb-7bc0-413b-9ba8-6a78ff6325b1/call-BamToGvcf/VariantCalling/5b8f550e-3447-4d42-8f2c-f8f7b00d3ef3/call-DragenHardFilterVcf/shard-19/execution/docker_cid[0m

# return exit code
exit $rc
[2026-02-26 03:18:44,34] [info] BackgroundConfigAsyncJobExecutionActor [[38;5;2m5b8f550e[0mVariantCalling.DragenHardFilterVcf:19:1]: job id: 132930
[2026-02-26 03:18:44,34] [info] BackgroundConfigAsyncJobExecutionActor [[38;5;2m5b8f550e[0mVariantCalling.DragenHardFilterVcf:19:1]: Status change from - to WaitingForReturnCode
[2026-02-26 03:18:52,70] [info] BackgroundConfigAsyncJobExecutionActor [[38;5;2m5b8f550e[0mVariantCalling.DragenHardFilterVcf:19:1]: Status change from WaitingForReturnCode to Done
[2026-02-26 03:18:59,46] [info] Assigned new job execution tokens to the following groups: 06160bfb: 1
[2026-02-26 03:18:59,47] [[38;5;220mwarn[0m] BackgroundConfigAsyncJobExecutionActor [[38;5;2m5b8f550e[0mVariantCalling.DragenHardFilterVcf:41:1]: Unrecognized runtime attribute keys: preemptible, bootDiskSizeGb, disks, memory
[2026-02-26 03:18:59,55] [info] BackgroundConfigAsyncJobExecutionActor [[38;5;2m5b8f550e[0mVariantCalling.DragenHardFilterVcf:41:1]: [38;5;5mgatk --java-options "-Xms2000m -Xmx2500m" \
 VariantFiltration \
 -V /cromwell-executions1/WholeGenomeGermlineSingleSample/06160bfb-7bc0-413b-9ba8-6a78ff6325b1/call-BamToGvcf/VariantCalling/5b8f550e-3447-4d42-8f2c-f8f7b00d3ef3/call-DragenHardFilterVcf/shard-41/inputs/-1912862706/ERR3687419_ILMN.g.vcf.gz \
 --filter-expression "QUAL < 10.4139" \
 --filter-name "DRAGENHardQUAL" \
 -O ERR3687419_ILMN.hard-filtered.g.vcf.gz[0m
[2026-02-26 03:18:59,55] [info] BackgroundConfigAsyncJobExecutionActor [[38;5;2m5b8f550e[0mVariantCalling.DragenHardFilterVcf:41:1]: executing: # make sure there is no preexisting Docker CID file
rm -f /home/darja/workflow/cromwell-executions1/WholeGenomeGermlineSingleSample/06160bfb-7bc0-413b-9ba8-6a78ff6325b1/call-BamToGvcf/VariantCalling/5b8f550e-3447-4d42-8f2c-f8f7b00d3ef3/call-DragenHardFilterVcf/shard-41/execution/docker_cid
# run as in the original configuration without --rm flag (will remove later)
docker run \
  --cidfile /home/darja/workflow/cromwell-executions1/WholeGenomeGermlineSingleSample/06160bfb-7bc0-413b-9ba8-6a78ff6325b1/call-BamToGvcf/VariantCalling/5b8f550e-3447-4d42-8f2c-f8f7b00d3ef3/call-DragenHardFilterVcf/shard-41/execution/docker_cid \
  -i \
  --user 1027:1028 \
  --cpus="64" \
  --memory="350G" \
  --entrypoint /bin/bash \
  -v /home/darja/workflow/cromwell-executions1/WholeGenomeGermlineSingleSample/06160bfb-7bc0-413b-9ba8-6a78ff6325b1/call-BamToGvcf/VariantCalling/5b8f550e-3447-4d42-8f2c-f8f7b00d3ef3/call-DragenHardFilterVcf/shard-41:/cromwell-executions1/WholeGenomeGermlineSingleSample/06160bfb-7bc0-413b-9ba8-6a78ff6325b1/call-BamToGvcf/VariantCalling/5b8f550e-3447-4d42-8f2c-f8f7b00d3ef3/call-DragenHardFilterVcf/shard-41 \
  -v /mnt/nas1/projects/lasr/blendseq:/mnt/nas1/projects/lasr/blendseq \
  us.gcr.io/broad-gatk/gatk@sha256:c88912855b845bd40c6b4bc8f3dd1d4b333ed2549cd3e8386987ee7c0c284f5a /cromwell-executions1/WholeGenomeGermlineSingleSample/06160bfb-7bc0-413b-9ba8-6a78ff6325b1/call-BamToGvcf/VariantCalling/5b8f550e-3447-4d42-8f2c-f8f7b00d3ef3/call-DragenHardFilterVcf/shard-41/execution/script

# get the return code (working even if the container was detached)
rc=$(docker wait [38;5;5mcat /home/darja/workflow/cromwell-executions1/WholeGenomeGermlineSingleSample/06160bfb-7bc0-413b-9ba8-6a78ff6325b1/call-BamToGvcf/VariantCalling/5b8f550e-3447-4d42-8f2c-f8f7b00d3ef3/call-DragenHardFilterVcf/shard-41/execution/docker_cid[0m)

# remove the container after waiting
docker rm [38;5;5mcat /home/darja/workflow/cromwell-executions1/WholeGenomeGermlineSingleSample/06160bfb-7bc0-413b-9ba8-6a78ff6325b1/call-BamToGvcf/VariantCalling/5b8f550e-3447-4d42-8f2c-f8f7b00d3ef3/call-DragenHardFilterVcf/shard-41/execution/docker_cid[0m

# return exit code
exit $rc
[2026-02-26 03:19:04,34] [info] BackgroundConfigAsyncJobExecutionActor [[38;5;2m5b8f550e[0mVariantCalling.DragenHardFilterVcf:41:1]: job id: 133298
[2026-02-26 03:19:04,35] [info] BackgroundConfigAsyncJobExecutionActor [[38;5;2m5b8f550e[0mVariantCalling.DragenHardFilterVcf:41:1]: Status change from - to WaitingForReturnCode
[2026-02-26 03:19:25,34] [info] BackgroundConfigAsyncJobExecutionActor [[38;5;2m5b8f550e[0mVariantCalling.DragenHardFilterVcf:41:1]: Status change from WaitingForReturnCode to Done
[2026-02-26 03:19:29,46] [info] Assigned new job execution tokens to the following groups: 06160bfb: 1
[2026-02-26 03:19:29,47] [[38;5;220mwarn[0m] BackgroundConfigAsyncJobExecutionActor [[38;5;2m5b8f550e[0mVariantCalling.DragenHardFilterVcf:38:1]: Unrecognized runtime attribute keys: preemptible, bootDiskSizeGb, disks, memory
[2026-02-26 03:19:29,53] [info] BackgroundConfigAsyncJobExecutionActor [[38;5;2m5b8f550e[0mVariantCalling.DragenHardFilterVcf:38:1]: [38;5;5mgatk --java-options "-Xms2000m -Xmx2500m" \
 VariantFiltration \
 -V /cromwell-executions1/WholeGenomeGermlineSingleSample/06160bfb-7bc0-413b-9ba8-6a78ff6325b1/call-BamToGvcf/VariantCalling/5b8f550e-3447-4d42-8f2c-f8f7b00d3ef3/call-DragenHardFilterVcf/shard-38/inputs/-1735703050/ERR3687419_ILMN.g.vcf.gz \
 --filter-expression "QUAL < 10.4139" \
 --filter-name "DRAGENHardQUAL" \
 -O ERR3687419_ILMN.hard-filtered.g.vcf.gz[0m
[2026-02-26 03:19:29,54] [info] BackgroundConfigAsyncJobExecutionActor [[38;5;2m5b8f550e[0mVariantCalling.DragenHardFilterVcf:38:1]: executing: # make sure there is no preexisting Docker CID file
rm -f /home/darja/workflow/cromwell-executions1/WholeGenomeGermlineSingleSample/06160bfb-7bc0-413b-9ba8-6a78ff6325b1/call-BamToGvcf/VariantCalling/5b8f550e-3447-4d42-8f2c-f8f7b00d3ef3/call-DragenHardFilterVcf/shard-38/execution/docker_cid
# run as in the original configuration without --rm flag (will remove later)
docker run \
  --cidfile /home/darja/workflow/cromwell-executions1/WholeGenomeGermlineSingleSample/06160bfb-7bc0-413b-9ba8-6a78ff6325b1/call-BamToGvcf/VariantCalling/5b8f550e-3447-4d42-8f2c-f8f7b00d3ef3/call-DragenHardFilterVcf/shard-38/execution/docker_cid \
  -i \
  --user 1027:1028 \
  --cpus="64" \
  --memory="350G" \
  --entrypoint /bin/bash \
  -v /home/darja/workflow/cromwell-executions1/WholeGenomeGermlineSingleSample/06160bfb-7bc0-413b-9ba8-6a78ff6325b1/call-BamToGvcf/VariantCalling/5b8f550e-3447-4d42-8f2c-f8f7b00d3ef3/call-DragenHardFilterVcf/shard-38:/cromwell-executions1/WholeGenomeGermlineSingleSample/06160bfb-7bc0-413b-9ba8-6a78ff6325b1/call-BamToGvcf/VariantCalling/5b8f550e-3447-4d42-8f2c-f8f7b00d3ef3/call-DragenHardFilterVcf/shard-38 \
  -v /mnt/nas1/projects/lasr/blendseq:/mnt/nas1/projects/lasr/blendseq \
  us.gcr.io/broad-gatk/gatk@sha256:c88912855b845bd40c6b4bc8f3dd1d4b333ed2549cd3e8386987ee7c0c284f5a /cromwell-executions1/WholeGenomeGermlineSingleSample/06160bfb-7bc0-413b-9ba8-6a78ff6325b1/call-BamToGvcf/VariantCalling/5b8f550e-3447-4d42-8f2c-f8f7b00d3ef3/call-DragenHardFilterVcf/shard-38/execution/script

# get the return code (working even if the container was detached)
rc=$(docker wait [38;5;5mcat /home/darja/workflow/cromwell-executions1/WholeGenomeGermlineSingleSample/06160bfb-7bc0-413b-9ba8-6a78ff6325b1/call-BamToGvcf/VariantCalling/5b8f550e-3447-4d42-8f2c-f8f7b00d3ef3/call-DragenHardFilterVcf/shard-38/execution/docker_cid[0m)

# remove the container after waiting
docker rm [38;5;5mcat /home/darja/workflow/cromwell-executions1/WholeGenomeGermlineSingleSample/06160bfb-7bc0-413b-9ba8-6a78ff6325b1/call-BamToGvcf/VariantCalling/5b8f550e-3447-4d42-8f2c-f8f7b00d3ef3/call-DragenHardFilterVcf/shard-38/execution/docker_cid[0m

# return exit code
exit $rc
[2026-02-26 03:19:34,34] [info] BackgroundConfigAsyncJobExecutionActor [[38;5;2m5b8f550e[0mVariantCalling.DragenHardFilterVcf:38:1]: job id: 133668
[2026-02-26 03:19:34,34] [info] BackgroundConfigAsyncJobExecutionActor [[38;5;2m5b8f550e[0mVariantCalling.DragenHardFilterVcf:38:1]: Status change from - to WaitingForReturnCode
[2026-02-26 03:19:45,55] [info] BackgroundConfigAsyncJobExecutionActor [[38;5;2m5b8f550e[0mVariantCalling.DragenHardFilterVcf:38:1]: Status change from WaitingForReturnCode to Done
[2026-02-26 03:19:49,46] [info] Assigned new job execution tokens to the following groups: 06160bfb: 1
[2026-02-26 03:19:49,47] [[38;5;220mwarn[0m] BackgroundConfigAsyncJobExecutionActor [[38;5;2m5b8f550e[0mVariantCalling.DragenHardFilterVcf:12:1]: Unrecognized runtime attribute keys: preemptible, bootDiskSizeGb, disks, memory
[2026-02-26 03:19:49,53] [info] BackgroundConfigAsyncJobExecutionActor [[38;5;2m5b8f550e[0mVariantCalling.DragenHardFilterVcf:12:1]: [38;5;5mgatk --java-options "-Xms2000m -Xmx2500m" \
 VariantFiltration \
 -V /cromwell-executions1/WholeGenomeGermlineSingleSample/06160bfb-7bc0-413b-9ba8-6a78ff6325b1/call-BamToGvcf/VariantCalling/5b8f550e-3447-4d42-8f2c-f8f7b00d3ef3/call-DragenHardFilterVcf/shard-12/inputs/197905074/ERR3687419_ILMN.g.vcf.gz \
 --filter-expression "QUAL < 10.4139" \
 --filter-name "DRAGENHardQUAL" \
 -O ERR3687419_ILMN.hard-filtered.g.vcf.gz[0m
[2026-02-26 03:19:49,53] [info] BackgroundConfigAsyncJobExecutionActor [[38;5;2m5b8f550e[0mVariantCalling.DragenHardFilterVcf:12:1]: executing: # make sure there is no preexisting Docker CID file
rm -f /home/darja/workflow/cromwell-executions1/WholeGenomeGermlineSingleSample/06160bfb-7bc0-413b-9ba8-6a78ff6325b1/call-BamToGvcf/VariantCalling/5b8f550e-3447-4d42-8f2c-f8f7b00d3ef3/call-DragenHardFilterVcf/shard-12/execution/docker_cid
# run as in the original configuration without --rm flag (will remove later)
docker run \
  --cidfile /home/darja/workflow/cromwell-executions1/WholeGenomeGermlineSingleSample/06160bfb-7bc0-413b-9ba8-6a78ff6325b1/call-BamToGvcf/VariantCalling/5b8f550e-3447-4d42-8f2c-f8f7b00d3ef3/call-DragenHardFilterVcf/shard-12/execution/docker_cid \
  -i \
  --user 1027:1028 \
  --cpus="64" \
  --memory="350G" \
  --entrypoint /bin/bash \
  -v /home/darja/workflow/cromwell-executions1/WholeGenomeGermlineSingleSample/06160bfb-7bc0-413b-9ba8-6a78ff6325b1/call-BamToGvcf/VariantCalling/5b8f550e-3447-4d42-8f2c-f8f7b00d3ef3/call-DragenHardFilterVcf/shard-12:/cromwell-executions1/WholeGenomeGermlineSingleSample/06160bfb-7bc0-413b-9ba8-6a78ff6325b1/call-BamToGvcf/VariantCalling/5b8f550e-3447-4d42-8f2c-f8f7b00d3ef3/call-DragenHardFilterVcf/shard-12 \
  -v /mnt/nas1/projects/lasr/blendseq:/mnt/nas1/projects/lasr/blendseq \
  us.gcr.io/broad-gatk/gatk@sha256:c88912855b845bd40c6b4bc8f3dd1d4b333ed2549cd3e8386987ee7c0c284f5a /cromwell-executions1/WholeGenomeGermlineSingleSample/06160bfb-7bc0-413b-9ba8-6a78ff6325b1/call-BamToGvcf/VariantCalling/5b8f550e-3447-4d42-8f2c-f8f7b00d3ef3/call-DragenHardFilterVcf/shard-12/execution/script

# get the return code (working even if the container was detached)
rc=$(docker wait [38;5;5mcat /home/darja/workflow/cromwell-executions1/WholeGenomeGermlineSingleSample/06160bfb-7bc0-413b-9ba8-6a78ff6325b1/call-BamToGvcf/VariantCalling/5b8f550e-3447-4d42-8f2c-f8f7b00d3ef3/call-DragenHardFilterVcf/shard-12/execution/docker_cid[0m)

# remove the container after waiting
docker rm [38;5;5mcat /home/darja/workflow/cromwell-executions1/WholeGenomeGermlineSingleSample/06160bfb-7bc0-413b-9ba8-6a78ff6325b1/call-BamToGvcf/VariantCalling/5b8f550e-3447-4d42-8f2c-f8f7b00d3ef3/call-DragenHardFilterVcf/shard-12/execution/docker_cid[0m

# return exit code
exit $rc
[2026-02-26 03:19:54,34] [info] BackgroundConfigAsyncJobExecutionActor [[38;5;2m5b8f550e[0mVariantCalling.DragenHardFilterVcf:12:1]: job id: 134046
[2026-02-26 03:19:54,34] [info] BackgroundConfigAsyncJobExecutionActor [[38;5;2m5b8f550e[0mVariantCalling.DragenHardFilterVcf:12:1]: Status change from - to WaitingForReturnCode
[2026-02-26 03:20:03,11] [info] BackgroundConfigAsyncJobExecutionActor [[38;5;2m5b8f550e[0mVariantCalling.DragenHardFilterVcf:12:1]: Status change from WaitingForReturnCode to Done
[2026-02-26 03:20:09,46] [info] Assigned new job execution tokens to the following groups: 06160bfb: 1
[2026-02-26 03:20:09,47] [[38;5;220mwarn[0m] BackgroundConfigAsyncJobExecutionActor [[38;5;2m5b8f550e[0mVariantCalling.DragenHardFilterVcf:17:1]: Unrecognized runtime attribute keys: preemptible, bootDiskSizeGb, disks, memory
[2026-02-26 03:20:09,53] [info] BackgroundConfigAsyncJobExecutionActor [[38;5;2m5b8f550e[0mVariantCalling.DragenHardFilterVcf:17:1]: [38;5;5mgatk --java-options "-Xms2000m -Xmx2500m" \
 VariantFiltration \
 -V /cromwell-executions1/WholeGenomeGermlineSingleSample/06160bfb-7bc0-413b-9ba8-6a78ff6325b1/call-BamToGvcf/VariantCalling/5b8f550e-3447-4d42-8f2c-f8f7b00d3ef3/call-DragenHardFilterVcf/shard-17/inputs/-196917129/ERR3687419_ILMN.g.vcf.gz \
 --filter-expression "QUAL < 10.4139" \
 --filter-name "DRAGENHardQUAL" \
 -O ERR3687419_ILMN.hard-filtered.g.vcf.gz[0m
[2026-02-26 03:20:09,53] [info] BackgroundConfigAsyncJobExecutionActor [[38;5;2m5b8f550e[0mVariantCalling.DragenHardFilterVcf:17:1]: executing: # make sure there is no preexisting Docker CID file
rm -f /home/darja/workflow/cromwell-executions1/WholeGenomeGermlineSingleSample/06160bfb-7bc0-413b-9ba8-6a78ff6325b1/call-BamToGvcf/VariantCalling/5b8f550e-3447-4d42-8f2c-f8f7b00d3ef3/call-DragenHardFilterVcf/shard-17/execution/docker_cid
# run as in the original configuration without --rm flag (will remove later)
docker run \
  --cidfile /home/darja/workflow/cromwell-executions1/WholeGenomeGermlineSingleSample/06160bfb-7bc0-413b-9ba8-6a78ff6325b1/call-BamToGvcf/VariantCalling/5b8f550e-3447-4d42-8f2c-f8f7b00d3ef3/call-DragenHardFilterVcf/shard-17/execution/docker_cid \
  -i \
  --user 1027:1028 \
  --cpus="64" \
  --memory="350G" \
  --entrypoint /bin/bash \
  -v /home/darja/workflow/cromwell-executions1/WholeGenomeGermlineSingleSample/06160bfb-7bc0-413b-9ba8-6a78ff6325b1/call-BamToGvcf/VariantCalling/5b8f550e-3447-4d42-8f2c-f8f7b00d3ef3/call-DragenHardFilterVcf/shard-17:/cromwell-executions1/WholeGenomeGermlineSingleSample/06160bfb-7bc0-413b-9ba8-6a78ff6325b1/call-BamToGvcf/VariantCalling/5b8f550e-3447-4d42-8f2c-f8f7b00d3ef3/call-DragenHardFilterVcf/shard-17 \
  -v /mnt/nas1/projects/lasr/blendseq:/mnt/nas1/projects/lasr/blendseq \
  us.gcr.io/broad-gatk/gatk@sha256:c88912855b845bd40c6b4bc8f3dd1d4b333ed2549cd3e8386987ee7c0c284f5a /cromwell-executions1/WholeGenomeGermlineSingleSample/06160bfb-7bc0-413b-9ba8-6a78ff6325b1/call-BamToGvcf/VariantCalling/5b8f550e-3447-4d42-8f2c-f8f7b00d3ef3/call-DragenHardFilterVcf/shard-17/execution/script

# get the return code (working even if the container was detached)
rc=$(docker wait [38;5;5mcat /home/darja/workflow/cromwell-executions1/WholeGenomeGermlineSingleSample/06160bfb-7bc0-413b-9ba8-6a78ff6325b1/call-BamToGvcf/VariantCalling/5b8f550e-3447-4d42-8f2c-f8f7b00d3ef3/call-DragenHardFilterVcf/shard-17/execution/docker_cid[0m)

# remove the container after waiting
docker rm [38;5;5mcat /home/darja/workflow/cromwell-executions1/WholeGenomeGermlineSingleSample/06160bfb-7bc0-413b-9ba8-6a78ff6325b1/call-BamToGvcf/VariantCalling/5b8f550e-3447-4d42-8f2c-f8f7b00d3ef3/call-DragenHardFilterVcf/shard-17/execution/docker_cid[0m

# return exit code
exit $rc
[2026-02-26 03:20:14,34] [info] BackgroundConfigAsyncJobExecutionActor [[38;5;2m5b8f550e[0mVariantCalling.DragenHardFilterVcf:17:1]: job id: 134424
[2026-02-26 03:20:14,35] [info] BackgroundConfigAsyncJobExecutionActor [[38;5;2m5b8f550e[0mVariantCalling.DragenHardFilterVcf:17:1]: Status change from - to WaitingForReturnCode
[2026-02-26 03:20:24,24] [info] BackgroundConfigAsyncJobExecutionActor [[38;5;2m5b8f550e[0mVariantCalling.DragenHardFilterVcf:17:1]: Status change from WaitingForReturnCode to Done
[2026-02-26 03:20:29,46] [info] Assigned new job execution tokens to the following groups: 06160bfb: 1
[2026-02-26 03:20:29,47] [[38;5;220mwarn[0m] BackgroundConfigAsyncJobExecutionActor [[38;5;2m5b8f550e[0mVariantCalling.DragenHardFilterVcf:10:1]: Unrecognized runtime attribute keys: preemptible, bootDiskSizeGb, disks, memory
[2026-02-26 03:20:29,53] [info] BackgroundConfigAsyncJobExecutionActor [[38;5;2m5b8f550e[0mVariantCalling.DragenHardFilterVcf:10:1]: [38;5;5mgatk --java-options "-Xms2000m -Xmx2500m" \
 VariantFiltration \
 -V /cromwell-executions1/WholeGenomeGermlineSingleSample/06160bfb-7bc0-413b-9ba8-6a78ff6325b1/call-BamToGvcf/VariantCalling/5b8f550e-3447-4d42-8f2c-f8f7b00d3ef3/call-DragenHardFilterVcf/shard-10/inputs/-503159504/ERR3687419_ILMN.g.vcf.gz \
 --filter-expression "QUAL < 10.4139" \
 --filter-name "DRAGENHardQUAL" \
 -O ERR3687419_ILMN.hard-filtered.g.vcf.gz[0m
[2026-02-26 03:20:29,53] [info] BackgroundConfigAsyncJobExecutionActor [[38;5;2m5b8f550e[0mVariantCalling.DragenHardFilterVcf:10:1]: executing: # make sure there is no preexisting Docker CID file
rm -f /home/darja/workflow/cromwell-executions1/WholeGenomeGermlineSingleSample/06160bfb-7bc0-413b-9ba8-6a78ff6325b1/call-BamToGvcf/VariantCalling/5b8f550e-3447-4d42-8f2c-f8f7b00d3ef3/call-DragenHardFilterVcf/shard-10/execution/docker_cid
# run as in the original configuration without --rm flag (will remove later)
docker run \
  --cidfile /home/darja/workflow/cromwell-executions1/WholeGenomeGermlineSingleSample/06160bfb-7bc0-413b-9ba8-6a78ff6325b1/call-BamToGvcf/VariantCalling/5b8f550e-3447-4d42-8f2c-f8f7b00d3ef3/call-DragenHardFilterVcf/shard-10/execution/docker_cid \
  -i \
  --user 1027:1028 \
  --cpus="64" \
  --memory="350G" \
  --entrypoint /bin/bash \
  -v /home/darja/workflow/cromwell-executions1/WholeGenomeGermlineSingleSample/06160bfb-7bc0-413b-9ba8-6a78ff6325b1/call-BamToGvcf/VariantCalling/5b8f550e-3447-4d42-8f2c-f8f7b00d3ef3/call-DragenHardFilterVcf/shard-10:/cromwell-executions1/WholeGenomeGermlineSingleSample/06160bfb-7bc0-413b-9ba8-6a78ff6325b1/call-BamToGvcf/VariantCalling/5b8f550e-3447-4d42-8f2c-f8f7b00d3ef3/call-DragenHardFilterVcf/shard-10 \
  -v /mnt/nas1/projects/lasr/blendseq:/mnt/nas1/projects/lasr/blendseq \
  us.gcr.io/broad-gatk/gatk@sha256:c88912855b845bd40c6b4bc8f3dd1d4b333ed2549cd3e8386987ee7c0c284f5a /cromwell-executions1/WholeGenomeGermlineSingleSample/06160bfb-7bc0-413b-9ba8-6a78ff6325b1/call-BamToGvcf/VariantCalling/5b8f550e-3447-4d42-8f2c-f8f7b00d3ef3/call-DragenHardFilterVcf/shard-10/execution/script

# get the return code (working even if the container was detached)
rc=$(docker wait [38;5;5mcat /home/darja/workflow/cromwell-executions1/WholeGenomeGermlineSingleSample/06160bfb-7bc0-413b-9ba8-6a78ff6325b1/call-BamToGvcf/VariantCalling/5b8f550e-3447-4d42-8f2c-f8f7b00d3ef3/call-DragenHardFilterVcf/shard-10/execution/docker_cid[0m)

# remove the container after waiting
docker rm [38;5;5mcat /home/darja/workflow/cromwell-executions1/WholeGenomeGermlineSingleSample/06160bfb-7bc0-413b-9ba8-6a78ff6325b1/call-BamToGvcf/VariantCalling/5b8f550e-3447-4d42-8f2c-f8f7b00d3ef3/call-DragenHardFilterVcf/shard-10/execution/docker_cid[0m

# return exit code
exit $rc
[2026-02-26 03:20:34,34] [info] BackgroundConfigAsyncJobExecutionActor [[38;5;2m5b8f550e[0mVariantCalling.DragenHardFilterVcf:10:1]: job id: 134793
[2026-02-26 03:20:34,34] [info] BackgroundConfigAsyncJobExecutionActor [[38;5;2m5b8f550e[0mVariantCalling.DragenHardFilterVcf:10:1]: Status change from - to WaitingForReturnCode
[2026-02-26 03:20:44,66] [info] BackgroundConfigAsyncJobExecutionActor [[38;5;2m5b8f550e[0mVariantCalling.DragenHardFilterVcf:10:1]: Status change from WaitingForReturnCode to Done
[2026-02-26 03:20:49,46] [info] Assigned new job execution tokens to the following groups: 06160bfb: 1
[2026-02-26 03:20:49,47] [[38;5;220mwarn[0m] BackgroundConfigAsyncJobExecutionActor [[38;5;2m5b8f550e[0mVariantCalling.DragenHardFilterVcf:27:1]: Unrecognized runtime attribute keys: preemptible, bootDiskSizeGb, disks, memory
[2026-02-26 03:20:49,52] [info] BackgroundConfigAsyncJobExecutionActor [[38;5;2m5b8f550e[0mVariantCalling.DragenHardFilterVcf:27:1]: [38;5;5mgatk --java-options "-Xms2000m -Xmx2500m" \
 VariantFiltration \
 -V /cromwell-executions1/WholeGenomeGermlineSingleSample/06160bfb-7bc0-413b-9ba8-6a78ff6325b1/call-BamToGvcf/VariantCalling/5b8f550e-3447-4d42-8f2c-f8f7b00d3ef3/call-DragenHardFilterVcf/shard-27/inputs/-67834410/ERR3687419_ILMN.g.vcf.gz \
 --filter-expression "QUAL < 10.4139" \
 --filter-name "DRAGENHardQUAL" \
 -O ERR3687419_ILMN.hard-filtered.g.vcf.gz[0m
[2026-02-26 03:20:49,52] [info] BackgroundConfigAsyncJobExecutionActor [[38;5;2m5b8f550e[0mVariantCalling.DragenHardFilterVcf:27:1]: executing: # make sure there is no preexisting Docker CID file
rm -f /home/darja/workflow/cromwell-executions1/WholeGenomeGermlineSingleSample/06160bfb-7bc0-413b-9ba8-6a78ff6325b1/call-BamToGvcf/VariantCalling/5b8f550e-3447-4d42-8f2c-f8f7b00d3ef3/call-DragenHardFilterVcf/shard-27/execution/docker_cid
# run as in the original configuration without --rm flag (will remove later)
docker run \
  --cidfile /home/darja/workflow/cromwell-executions1/WholeGenomeGermlineSingleSample/06160bfb-7bc0-413b-9ba8-6a78ff6325b1/call-BamToGvcf/VariantCalling/5b8f550e-3447-4d42-8f2c-f8f7b00d3ef3/call-DragenHardFilterVcf/shard-27/execution/docker_cid \
  -i \
  --user 1027:1028 \
  --cpus="64" \
  --memory="350G" \
  --entrypoint /bin/bash \
  -v /home/darja/workflow/cromwell-executions1/WholeGenomeGermlineSingleSample/06160bfb-7bc0-413b-9ba8-6a78ff6325b1/call-BamToGvcf/VariantCalling/5b8f550e-3447-4d42-8f2c-f8f7b00d3ef3/call-DragenHardFilterVcf/shard-27:/cromwell-executions1/WholeGenomeGermlineSingleSample/06160bfb-7bc0-413b-9ba8-6a78ff6325b1/call-BamToGvcf/VariantCalling/5b8f550e-3447-4d42-8f2c-f8f7b00d3ef3/call-DragenHardFilterVcf/shard-27 \
  -v /mnt/nas1/projects/lasr/blendseq:/mnt/nas1/projects/lasr/blendseq \
  us.gcr.io/broad-gatk/gatk@sha256:c88912855b845bd40c6b4bc8f3dd1d4b333ed2549cd3e8386987ee7c0c284f5a /cromwell-executions1/WholeGenomeGermlineSingleSample/06160bfb-7bc0-413b-9ba8-6a78ff6325b1/call-BamToGvcf/VariantCalling/5b8f550e-3447-4d42-8f2c-f8f7b00d3ef3/call-DragenHardFilterVcf/shard-27/execution/script

# get the return code (working even if the container was detached)
rc=$(docker wait [38;5;5mcat /home/darja/workflow/cromwell-executions1/WholeGenomeGermlineSingleSample/06160bfb-7bc0-413b-9ba8-6a78ff6325b1/call-BamToGvcf/VariantCalling/5b8f550e-3447-4d42-8f2c-f8f7b00d3ef3/call-DragenHardFilterVcf/shard-27/execution/docker_cid[0m)

# remove the container after waiting
docker rm [38;5;5mcat /home/darja/workflow/cromwell-executions1/WholeGenomeGermlineSingleSample/06160bfb-7bc0-413b-9ba8-6a78ff6325b1/call-BamToGvcf/VariantCalling/5b8f550e-3447-4d42-8f2c-f8f7b00d3ef3/call-DragenHardFilterVcf/shard-27/execution/docker_cid[0m

# return exit code
exit $rc
[2026-02-26 03:20:54,34] [info] BackgroundConfigAsyncJobExecutionActor [[38;5;2m5b8f550e[0mVariantCalling.DragenHardFilterVcf:27:1]: job id: 135165
[2026-02-26 03:20:54,34] [info] BackgroundConfigAsyncJobExecutionActor [[38;5;2m5b8f550e[0mVariantCalling.DragenHardFilterVcf:27:1]: Status change from - to WaitingForReturnCode
[2026-02-26 03:21:05,20] [info] BackgroundConfigAsyncJobExecutionActor [[38;5;2m5b8f550e[0mVariantCalling.DragenHardFilterVcf:27:1]: Status change from WaitingForReturnCode to Done
[2026-02-26 03:21:09,46] [info] Assigned new job execution tokens to the following groups: 06160bfb: 1
[2026-02-26 03:21:09,47] [[38;5;220mwarn[0m] BackgroundConfigAsyncJobExecutionActor [[38;5;2m5b8f550e[0mVariantCalling.DragenHardFilterVcf:18:1]: Unrecognized runtime attribute keys: preemptible, bootDiskSizeGb, disks, memory
[2026-02-26 03:21:09,53] [info] BackgroundConfigAsyncJobExecutionActor [[38;5;2m5b8f550e[0mVariantCalling.DragenHardFilterVcf:18:1]: [38;5;5mgatk --java-options "-Xms2000m -Xmx2500m" \
 VariantFiltration \
 -V /cromwell-executions1/WholeGenomeGermlineSingleSample/06160bfb-7bc0-413b-9ba8-6a78ff6325b1/call-BamToGvcf/VariantCalling/5b8f550e-3447-4d42-8f2c-f8f7b00d3ef3/call-DragenHardFilterVcf/shard-18/inputs/-1993868488/ERR3687419_ILMN.g.vcf.gz \
 --filter-expression "QUAL < 10.4139" \
 --filter-name "DRAGENHardQUAL" \
 -O ERR3687419_ILMN.hard-filtered.g.vcf.gz[0m
[2026-02-26 03:21:09,54] [info] BackgroundConfigAsyncJobExecutionActor [[38;5;2m5b8f550e[0mVariantCalling.DragenHardFilterVcf:18:1]: executing: # make sure there is no preexisting Docker CID file
rm -f /home/darja/workflow/cromwell-executions1/WholeGenomeGermlineSingleSample/06160bfb-7bc0-413b-9ba8-6a78ff6325b1/call-BamToGvcf/VariantCalling/5b8f550e-3447-4d42-8f2c-f8f7b00d3ef3/call-DragenHardFilterVcf/shard-18/execution/docker_cid
# run as in the original configuration without --rm flag (will remove later)
docker run \
  --cidfile /home/darja/workflow/cromwell-executions1/WholeGenomeGermlineSingleSample/06160bfb-7bc0-413b-9ba8-6a78ff6325b1/call-BamToGvcf/VariantCalling/5b8f550e-3447-4d42-8f2c-f8f7b00d3ef3/call-DragenHardFilterVcf/shard-18/execution/docker_cid \
  -i \
  --user 1027:1028 \
  --cpus="64" \
  --memory="350G" \
  --entrypoint /bin/bash \
  -v /home/darja/workflow/cromwell-executions1/WholeGenomeGermlineSingleSample/06160bfb-7bc0-413b-9ba8-6a78ff6325b1/call-BamToGvcf/VariantCalling/5b8f550e-3447-4d42-8f2c-f8f7b00d3ef3/call-DragenHardFilterVcf/shard-18:/cromwell-executions1/WholeGenomeGermlineSingleSample/06160bfb-7bc0-413b-9ba8-6a78ff6325b1/call-BamToGvcf/VariantCalling/5b8f550e-3447-4d42-8f2c-f8f7b00d3ef3/call-DragenHardFilterVcf/shard-18 \
  -v /mnt/nas1/projects/lasr/blendseq:/mnt/nas1/projects/lasr/blendseq \
  us.gcr.io/broad-gatk/gatk@sha256:c88912855b845bd40c6b4bc8f3dd1d4b333ed2549cd3e8386987ee7c0c284f5a /cromwell-executions1/WholeGenomeGermlineSingleSample/06160bfb-7bc0-413b-9ba8-6a78ff6325b1/call-BamToGvcf/VariantCalling/5b8f550e-3447-4d42-8f2c-f8f7b00d3ef3/call-DragenHardFilterVcf/shard-18/execution/script

# get the return code (working even if the container was detached)
rc=$(docker wait [38;5;5mcat /home/darja/workflow/cromwell-executions1/WholeGenomeGermlineSingleSample/06160bfb-7bc0-413b-9ba8-6a78ff6325b1/call-BamToGvcf/VariantCalling/5b8f550e-3447-4d42-8f2c-f8f7b00d3ef3/call-DragenHardFilterVcf/shard-18/execution/docker_cid[0m)

# remove the container after waiting
docker rm [38;5;5mcat /home/darja/workflow/cromwell-executions1/WholeGenomeGermlineSingleSample/06160bfb-7bc0-413b-9ba8-6a78ff6325b1/call-BamToGvcf/VariantCalling/5b8f550e-3447-4d42-8f2c-f8f7b00d3ef3/call-DragenHardFilterVcf/shard-18/execution/docker_cid[0m

# return exit code
exit $rc
[2026-02-26 03:21:14,34] [info] BackgroundConfigAsyncJobExecutionActor [[38;5;2m5b8f550e[0mVariantCalling.DragenHardFilterVcf:18:1]: job id: 135531
[2026-02-26 03:21:14,34] [info] BackgroundConfigAsyncJobExecutionActor [[38;5;2m5b8f550e[0mVariantCalling.DragenHardFilterVcf:18:1]: Status change from - to WaitingForReturnCode
[2026-02-26 03:21:23,56] [info] BackgroundConfigAsyncJobExecutionActor [[38;5;2m5b8f550e[0mVariantCalling.DragenHardFilterVcf:18:1]: Status change from WaitingForReturnCode to Done
[2026-02-26 03:21:29,46] [info] Assigned new job execution tokens to the following groups: 06160bfb: 1
[2026-02-26 03:21:29,47] [[38;5;220mwarn[0m] BackgroundConfigAsyncJobExecutionActor [[38;5;2m5b8f550e[0mVariantCalling.DragenHardFilterVcf:37:1]: Unrecognized runtime attribute keys: preemptible, bootDiskSizeGb, disks, memory
[2026-02-26 03:21:29,52] [info] BackgroundConfigAsyncJobExecutionActor [[38;5;2m5b8f550e[0mVariantCalling.DragenHardFilterVcf:37:1]: [38;5;5mgatk --java-options "-Xms2000m -Xmx2500m" \
 VariantFiltration \
 -V /cromwell-executions1/WholeGenomeGermlineSingleSample/06160bfb-7bc0-413b-9ba8-6a78ff6325b1/call-BamToGvcf/VariantCalling/5b8f550e-3447-4d42-8f2c-f8f7b00d3ef3/call-DragenHardFilterVcf/shard-37/inputs/61248309/ERR3687419_ILMN.g.vcf.gz \
 --filter-expression "QUAL < 10.4139" \
 --filter-name "DRAGENHardQUAL" \
 -O ERR3687419_ILMN.hard-filtered.g.vcf.gz[0m
[2026-02-26 03:21:29,52] [info] BackgroundConfigAsyncJobExecutionActor [[38;5;2m5b8f550e[0mVariantCalling.DragenHardFilterVcf:37:1]: executing: # make sure there is no preexisting Docker CID file
rm -f /home/darja/workflow/cromwell-executions1/WholeGenomeGermlineSingleSample/06160bfb-7bc0-413b-9ba8-6a78ff6325b1/call-BamToGvcf/VariantCalling/5b8f550e-3447-4d42-8f2c-f8f7b00d3ef3/call-DragenHardFilterVcf/shard-37/execution/docker_cid
# run as in the original configuration without --rm flag (will remove later)
docker run \
  --cidfile /home/darja/workflow/cromwell-executions1/WholeGenomeGermlineSingleSample/06160bfb-7bc0-413b-9ba8-6a78ff6325b1/call-BamToGvcf/VariantCalling/5b8f550e-3447-4d42-8f2c-f8f7b00d3ef3/call-DragenHardFilterVcf/shard-37/execution/docker_cid \
  -i \
  --user 1027:1028 \
  --cpus="64" \
  --memory="350G" \
  --entrypoint /bin/bash \
  -v /home/darja/workflow/cromwell-executions1/WholeGenomeGermlineSingleSample/06160bfb-7bc0-413b-9ba8-6a78ff6325b1/call-BamToGvcf/VariantCalling/5b8f550e-3447-4d42-8f2c-f8f7b00d3ef3/call-DragenHardFilterVcf/shard-37:/cromwell-executions1/WholeGenomeGermlineSingleSample/06160bfb-7bc0-413b-9ba8-6a78ff6325b1/call-BamToGvcf/VariantCalling/5b8f550e-3447-4d42-8f2c-f8f7b00d3ef3/call-DragenHardFilterVcf/shard-37 \
  -v /mnt/nas1/projects/lasr/blendseq:/mnt/nas1/projects/lasr/blendseq \
  us.gcr.io/broad-gatk/gatk@sha256:c88912855b845bd40c6b4bc8f3dd1d4b333ed2549cd3e8386987ee7c0c284f5a /cromwell-executions1/WholeGenomeGermlineSingleSample/06160bfb-7bc0-413b-9ba8-6a78ff6325b1/call-BamToGvcf/VariantCalling/5b8f550e-3447-4d42-8f2c-f8f7b00d3ef3/call-DragenHardFilterVcf/shard-37/execution/script

# get the return code (working even if the container was detached)
rc=$(docker wait [38;5;5mcat /home/darja/workflow/cromwell-executions1/WholeGenomeGermlineSingleSample/06160bfb-7bc0-413b-9ba8-6a78ff6325b1/call-BamToGvcf/VariantCalling/5b8f550e-3447-4d42-8f2c-f8f7b00d3ef3/call-DragenHardFilterVcf/shard-37/execution/docker_cid[0m)

# remove the container after waiting
docker rm [38;5;5mcat /home/darja/workflow/cromwell-executions1/WholeGenomeGermlineSingleSample/06160bfb-7bc0-413b-9ba8-6a78ff6325b1/call-BamToGvcf/VariantCalling/5b8f550e-3447-4d42-8f2c-f8f7b00d3ef3/call-DragenHardFilterVcf/shard-37/execution/docker_cid[0m

# return exit code
exit $rc
[2026-02-26 03:21:34,34] [info] BackgroundConfigAsyncJobExecutionActor [[38;5;2m5b8f550e[0mVariantCalling.DragenHardFilterVcf:37:1]: job id: 135901
[2026-02-26 03:21:34,34] [info] BackgroundConfigAsyncJobExecutionActor [[38;5;2m5b8f550e[0mVariantCalling.DragenHardFilterVcf:37:1]: Status change from - to WaitingForReturnCode
[2026-02-26 03:21:43,60] [info] BackgroundConfigAsyncJobExecutionActor [[38;5;2m5b8f550e[0mVariantCalling.DragenHardFilterVcf:37:1]: Status change from WaitingForReturnCode to Done
[2026-02-26 03:21:49,46] [info] Assigned new job execution tokens to the following groups: 06160bfb: 1
[2026-02-26 03:21:49,47] [[38;5;220mwarn[0m] BackgroundConfigAsyncJobExecutionActor [[38;5;2m5b8f550e[0mVariantCalling.DragenHardFilterVcf:8:1]: Unrecognized runtime attribute keys: preemptible, bootDiskSizeGb, disks, memory
[2026-02-26 03:21:49,52] [info] BackgroundConfigAsyncJobExecutionActor [[38;5;2m5b8f550e[0mVariantCalling.DragenHardFilterVcf:8:1]: [38;5;5mgatk --java-options "-Xms2000m -Xmx2500m" \
 VariantFiltration \
 -V /cromwell-executions1/WholeGenomeGermlineSingleSample/06160bfb-7bc0-413b-9ba8-6a78ff6325b1/call-BamToGvcf/VariantCalling/5b8f550e-3447-4d42-8f2c-f8f7b00d3ef3/call-DragenHardFilterVcf/shard-8/inputs/2083987193/ERR3687419_ILMN.g.vcf.gz \
 --filter-expression "QUAL < 10.4139" \
 --filter-name "DRAGENHardQUAL" \
 -O ERR3687419_ILMN.hard-filtered.g.vcf.gz[0m
[2026-02-26 03:21:49,52] [info] BackgroundConfigAsyncJobExecutionActor [[38;5;2m5b8f550e[0mVariantCalling.DragenHardFilterVcf:8:1]: executing: # make sure there is no preexisting Docker CID file
rm -f /home/darja/workflow/cromwell-executions1/WholeGenomeGermlineSingleSample/06160bfb-7bc0-413b-9ba8-6a78ff6325b1/call-BamToGvcf/VariantCalling/5b8f550e-3447-4d42-8f2c-f8f7b00d3ef3/call-DragenHardFilterVcf/shard-8/execution/docker_cid
# run as in the original configuration without --rm flag (will remove later)
docker run \
  --cidfile /home/darja/workflow/cromwell-executions1/WholeGenomeGermlineSingleSample/06160bfb-7bc0-413b-9ba8-6a78ff6325b1/call-BamToGvcf/VariantCalling/5b8f550e-3447-4d42-8f2c-f8f7b00d3ef3/call-DragenHardFilterVcf/shard-8/execution/docker_cid \
  -i \
  --user 1027:1028 \
  --cpus="64" \
  --memory="350G" \
  --entrypoint /bin/bash \
  -v /home/darja/workflow/cromwell-executions1/WholeGenomeGermlineSingleSample/06160bfb-7bc0-413b-9ba8-6a78ff6325b1/call-BamToGvcf/VariantCalling/5b8f550e-3447-4d42-8f2c-f8f7b00d3ef3/call-DragenHardFilterVcf/shard-8:/cromwell-executions1/WholeGenomeGermlineSingleSample/06160bfb-7bc0-413b-9ba8-6a78ff6325b1/call-BamToGvcf/VariantCalling/5b8f550e-3447-4d42-8f2c-f8f7b00d3ef3/call-DragenHardFilterVcf/shard-8 \
  -v /mnt/nas1/projects/lasr/blendseq:/mnt/nas1/projects/lasr/blendseq \
  us.gcr.io/broad-gatk/gatk@sha256:c88912855b845bd40c6b4bc8f3dd1d4b333ed2549cd3e8386987ee7c0c284f5a /cromwell-executions1/WholeGenomeGermlineSingleSample/06160bfb-7bc0-413b-9ba8-6a78ff6325b1/call-BamToGvcf/VariantCalling/5b8f550e-3447-4d42-8f2c-f8f7b00d3ef3/call-DragenHardFilterVcf/shard-8/execution/script

# get the return code (working even if the container was detached)
rc=$(docker wait [38;5;5mcat /home/darja/workflow/cromwell-executions1/WholeGenomeGermlineSingleSample/06160bfb-7bc0-413b-9ba8-6a78ff6325b1/call-BamToGvcf/VariantCalling/5b8f550e-3447-4d42-8f2c-f8f7b00d3ef3/call-DragenHardFilterVcf/shard-8/execution/docker_cid[0m)

# remove the container after waiting
docker rm [38;5;5mcat /home/darja/workflow/cromwell-executions1/WholeGenomeGermlineSingleSample/06160bfb-7bc0-413b-9ba8-6a78ff6325b1/call-BamToGvcf/VariantCalling/5b8f550e-3447-4d42-8f2c-f8f7b00d3ef3/call-DragenHardFilterVcf/shard-8/execution/docker_cid[0m

# return exit code
exit $rc
[2026-02-26 03:21:54,34] [info] BackgroundConfigAsyncJobExecutionActor [[38;5;2m5b8f550e[0mVariantCalling.DragenHardFilterVcf:8:1]: job id: 136268
[2026-02-26 03:21:54,34] [info] BackgroundConfigAsyncJobExecutionActor [[38;5;2m5b8f550e[0mVariantCalling.DragenHardFilterVcf:8:1]: Status change from - to WaitingForReturnCode
[2026-02-26 03:22:04,14] [info] BackgroundConfigAsyncJobExecutionActor [[38;5;2m5b8f550e[0mVariantCalling.DragenHardFilterVcf:8:1]: Status change from WaitingForReturnCode to Done
[2026-02-26 03:22:09,46] [info] Assigned new job execution tokens to the following groups: 06160bfb: 1
[2026-02-26 03:22:09,47] [[38;5;220mwarn[0m] BackgroundConfigAsyncJobExecutionActor [[38;5;2m5b8f550e[0mVariantCalling.DragenHardFilterVcf:14:1]: Unrecognized runtime attribute keys: preemptible, bootDiskSizeGb, disks, memory
[2026-02-26 03:22:09,51] [info] BackgroundConfigAsyncJobExecutionActor [[38;5;2m5b8f550e[0mVariantCalling.DragenHardFilterVcf:14:1]: [38;5;5mgatk --java-options "-Xms2000m -Xmx2500m" \
 VariantFiltration \
 -V /cromwell-executions1/WholeGenomeGermlineSingleSample/06160bfb-7bc0-413b-9ba8-6a78ff6325b1/call-BamToGvcf/VariantCalling/5b8f550e-3447-4d42-8f2c-f8f7b00d3ef3/call-DragenHardFilterVcf/shard-14/inputs/898969652/ERR3687419_ILMN.g.vcf.gz \
 --filter-expression "QUAL < 10.4139" \
 --filter-name "DRAGENHardQUAL" \
 -O ERR3687419_ILMN.hard-filtered.g.vcf.gz[0m
[2026-02-26 03:22:09,51] [info] BackgroundConfigAsyncJobExecutionActor [[38;5;2m5b8f550e[0mVariantCalling.DragenHardFilterVcf:14:1]: executing: # make sure there is no preexisting Docker CID file
rm -f /home/darja/workflow/cromwell-executions1/WholeGenomeGermlineSingleSample/06160bfb-7bc0-413b-9ba8-6a78ff6325b1/call-BamToGvcf/VariantCalling/5b8f550e-3447-4d42-8f2c-f8f7b00d3ef3/call-DragenHardFilterVcf/shard-14/execution/docker_cid
# run as in the original configuration without --rm flag (will remove later)
docker run \
  --cidfile /home/darja/workflow/cromwell-executions1/WholeGenomeGermlineSingleSample/06160bfb-7bc0-413b-9ba8-6a78ff6325b1/call-BamToGvcf/VariantCalling/5b8f550e-3447-4d42-8f2c-f8f7b00d3ef3/call-DragenHardFilterVcf/shard-14/execution/docker_cid \
  -i \
  --user 1027:1028 \
  --cpus="64" \
  --memory="350G" \
  --entrypoint /bin/bash \
  -v /home/darja/workflow/cromwell-executions1/WholeGenomeGermlineSingleSample/06160bfb-7bc0-413b-9ba8-6a78ff6325b1/call-BamToGvcf/VariantCalling/5b8f550e-3447-4d42-8f2c-f8f7b00d3ef3/call-DragenHardFilterVcf/shard-14:/cromwell-executions1/WholeGenomeGermlineSingleSample/06160bfb-7bc0-413b-9ba8-6a78ff6325b1/call-BamToGvcf/VariantCalling/5b8f550e-3447-4d42-8f2c-f8f7b00d3ef3/call-DragenHardFilterVcf/shard-14 \
  -v /mnt/nas1/projects/lasr/blendseq:/mnt/nas1/projects/lasr/blendseq \
  us.gcr.io/broad-gatk/gatk@sha256:c88912855b845bd40c6b4bc8f3dd1d4b333ed2549cd3e8386987ee7c0c284f5a /cromwell-executions1/WholeGenomeGermlineSingleSample/06160bfb-7bc0-413b-9ba8-6a78ff6325b1/call-BamToGvcf/VariantCalling/5b8f550e-3447-4d42-8f2c-f8f7b00d3ef3/call-DragenHardFilterVcf/shard-14/execution/script

# get the return code (working even if the container was detached)
rc=$(docker wait [38;5;5mcat /home/darja/workflow/cromwell-executions1/WholeGenomeGermlineSingleSample/06160bfb-7bc0-413b-9ba8-6a78ff6325b1/call-BamToGvcf/VariantCalling/5b8f550e-3447-4d42-8f2c-f8f7b00d3ef3/call-DragenHardFilterVcf/shard-14/execution/docker_cid[0m)

# remove the container after waiting
docker rm [38;5;5mcat /home/darja/workflow/cromwell-executions1/WholeGenomeGermlineSingleSample/06160bfb-7bc0-413b-9ba8-6a78ff6325b1/call-BamToGvcf/VariantCalling/5b8f550e-3447-4d42-8f2c-f8f7b00d3ef3/call-DragenHardFilterVcf/shard-14/execution/docker_cid[0m

# return exit code
exit $rc
[2026-02-26 03:22:14,34] [info] BackgroundConfigAsyncJobExecutionActor [[38;5;2m5b8f550e[0mVariantCalling.DragenHardFilterVcf:14:1]: job id: 136638
[2026-02-26 03:22:14,34] [info] BackgroundConfigAsyncJobExecutionActor [[38;5;2m5b8f550e[0mVariantCalling.DragenHardFilterVcf:14:1]: Status change from - to WaitingForReturnCode
[2026-02-26 03:22:22,44] [info] BackgroundConfigAsyncJobExecutionActor [[38;5;2m5b8f550e[0mVariantCalling.DragenHardFilterVcf:14:1]: Status change from WaitingForReturnCode to Done
[2026-02-26 03:22:29,46] [info] Assigned new job execution tokens to the following groups: 06160bfb: 1
[2026-02-26 03:22:29,47] [[38;5;220mwarn[0m] BackgroundConfigAsyncJobExecutionActor [[38;5;2m5b8f550e[0mVariantCalling.DragenHardFilterVcf:26:1]: Unrecognized runtime attribute keys: preemptible, bootDiskSizeGb, disks, memory
[2026-02-26 03:22:29,52] [info] BackgroundConfigAsyncJobExecutionActor [[38;5;2m5b8f550e[0mVariantCalling.DragenHardFilterVcf:26:1]: [38;5;5mgatk --java-options "-Xms2000m -Xmx2500m" \
 VariantFiltration \
 -V /cromwell-executions1/WholeGenomeGermlineSingleSample/06160bfb-7bc0-413b-9ba8-6a78ff6325b1/call-BamToGvcf/VariantCalling/5b8f550e-3447-4d42-8f2c-f8f7b00d3ef3/call-DragenHardFilterVcf/shard-26/inputs/1729116949/ERR3687419_ILMN.g.vcf.gz \
 --filter-expression "QUAL < 10.4139" \
 --filter-name "DRAGENHardQUAL" \
 -O ERR3687419_ILMN.hard-filtered.g.vcf.gz[0m
[2026-02-26 03:22:29,52] [info] BackgroundConfigAsyncJobExecutionActor [[38;5;2m5b8f550e[0mVariantCalling.DragenHardFilterVcf:26:1]: executing: # make sure there is no preexisting Docker CID file
rm -f /home/darja/workflow/cromwell-executions1/WholeGenomeGermlineSingleSample/06160bfb-7bc0-413b-9ba8-6a78ff6325b1/call-BamToGvcf/VariantCalling/5b8f550e-3447-4d42-8f2c-f8f7b00d3ef3/call-DragenHardFilterVcf/shard-26/execution/docker_cid
# run as in the original configuration without --rm flag (will remove later)
docker run \
  --cidfile /home/darja/workflow/cromwell-executions1/WholeGenomeGermlineSingleSample/06160bfb-7bc0-413b-9ba8-6a78ff6325b1/call-BamToGvcf/VariantCalling/5b8f550e-3447-4d42-8f2c-f8f7b00d3ef3/call-DragenHardFilterVcf/shard-26/execution/docker_cid \
  -i \
  --user 1027:1028 \
  --cpus="64" \
  --memory="350G" \
  --entrypoint /bin/bash \
  -v /home/darja/workflow/cromwell-executions1/WholeGenomeGermlineSingleSample/06160bfb-7bc0-413b-9ba8-6a78ff6325b1/call-BamToGvcf/VariantCalling/5b8f550e-3447-4d42-8f2c-f8f7b00d3ef3/call-DragenHardFilterVcf/shard-26:/cromwell-executions1/WholeGenomeGermlineSingleSample/06160bfb-7bc0-413b-9ba8-6a78ff6325b1/call-BamToGvcf/VariantCalling/5b8f550e-3447-4d42-8f2c-f8f7b00d3ef3/call-DragenHardFilterVcf/shard-26 \
  -v /mnt/nas1/projects/lasr/blendseq:/mnt/nas1/projects/lasr/blendseq \
  us.gcr.io/broad-gatk/gatk@sha256:c88912855b845bd40c6b4bc8f3dd1d4b333ed2549cd3e8386987ee7c0c284f5a /cromwell-executions1/WholeGenomeGermlineSingleSample/06160bfb-7bc0-413b-9ba8-6a78ff6325b1/call-BamToGvcf/VariantCalling/5b8f550e-3447-4d42-8f2c-f8f7b00d3ef3/call-DragenHardFilterVcf/shard-26/execution/script

# get the return code (working even if the container was detached)
rc=$(docker wait [38;5;5mcat /home/darja/workflow/cromwell-executions1/WholeGenomeGermlineSingleSample/06160bfb-7bc0-413b-9ba8-6a78ff6325b1/call-BamToGvcf/VariantCalling/5b8f550e-3447-4d42-8f2c-f8f7b00d3ef3/call-DragenHardFilterVcf/shard-26/execution/docker_cid[0m)

# remove the container after waiting
docker rm [38;5;5mcat /home/darja/workflow/cromwell-executions1/WholeGenomeGermlineSingleSample/06160bfb-7bc0-413b-9ba8-6a78ff6325b1/call-BamToGvcf/VariantCalling/5b8f550e-3447-4d42-8f2c-f8f7b00d3ef3/call-DragenHardFilterVcf/shard-26/execution/docker_cid[0m

# return exit code
exit $rc
[2026-02-26 03:22:34,34] [info] BackgroundConfigAsyncJobExecutionActor [[38;5;2m5b8f550e[0mVariantCalling.DragenHardFilterVcf:26:1]: job id: 137008
[2026-02-26 03:22:34,34] [info] BackgroundConfigAsyncJobExecutionActor [[38;5;2m5b8f550e[0mVariantCalling.DragenHardFilterVcf:26:1]: Status change from - to WaitingForReturnCode
[2026-02-26 03:22:44,09] [info] BackgroundConfigAsyncJobExecutionActor [[38;5;2m5b8f550e[0mVariantCalling.DragenHardFilterVcf:26:1]: Status change from WaitingForReturnCode to Done
[2026-02-26 03:22:49,46] [info] Assigned new job execution tokens to the following groups: 06160bfb: 1
[2026-02-26 03:22:49,47] [[38;5;220mwarn[0m] BackgroundConfigAsyncJobExecutionActor [[38;5;2m5b8f550e[0mVariantCalling.DragenHardFilterVcf:3:1]: Unrecognized runtime attribute keys: preemptible, bootDiskSizeGb, disks, memory
[2026-02-26 03:22:49,53] [info] BackgroundConfigAsyncJobExecutionActor [[38;5;2m5b8f550e[0mVariantCalling.DragenHardFilterVcf:3:1]: [38;5;5mgatk --java-options "-Xms2000m -Xmx2500m" \
 VariantFiltration \
 -V /cromwell-executions1/WholeGenomeGermlineSingleSample/06160bfb-7bc0-413b-9ba8-6a78ff6325b1/call-BamToGvcf/VariantCalling/5b8f550e-3447-4d42-8f2c-f8f7b00d3ef3/call-DragenHardFilterVcf/shard-3/inputs/-1816157900/ERR3687419_ILMN.g.vcf.gz \
 --filter-expression "QUAL < 10.4139" \
 --filter-name "DRAGENHardQUAL" \
 -O ERR3687419_ILMN.hard-filtered.g.vcf.gz[0m
[2026-02-26 03:22:49,53] [info] BackgroundConfigAsyncJobExecutionActor [[38;5;2m5b8f550e[0mVariantCalling.DragenHardFilterVcf:3:1]: executing: # make sure there is no preexisting Docker CID file
rm -f /home/darja/workflow/cromwell-executions1/WholeGenomeGermlineSingleSample/06160bfb-7bc0-413b-9ba8-6a78ff6325b1/call-BamToGvcf/VariantCalling/5b8f550e-3447-4d42-8f2c-f8f7b00d3ef3/call-DragenHardFilterVcf/shard-3/execution/docker_cid
# run as in the original configuration without --rm flag (will remove later)
docker run \
  --cidfile /home/darja/workflow/cromwell-executions1/WholeGenomeGermlineSingleSample/06160bfb-7bc0-413b-9ba8-6a78ff6325b1/call-BamToGvcf/VariantCalling/5b8f550e-3447-4d42-8f2c-f8f7b00d3ef3/call-DragenHardFilterVcf/shard-3/execution/docker_cid \
  -i \
  --user 1027:1028 \
  --cpus="64" \
  --memory="350G" \
  --entrypoint /bin/bash \
  -v /home/darja/workflow/cromwell-executions1/WholeGenomeGermlineSingleSample/06160bfb-7bc0-413b-9ba8-6a78ff6325b1/call-BamToGvcf/VariantCalling/5b8f550e-3447-4d42-8f2c-f8f7b00d3ef3/call-DragenHardFilterVcf/shard-3:/cromwell-executions1/WholeGenomeGermlineSingleSample/06160bfb-7bc0-413b-9ba8-6a78ff6325b1/call-BamToGvcf/VariantCalling/5b8f550e-3447-4d42-8f2c-f8f7b00d3ef3/call-DragenHardFilterVcf/shard-3 \
  -v /mnt/nas1/projects/lasr/blendseq:/mnt/nas1/projects/lasr/blendseq \
  us.gcr.io/broad-gatk/gatk@sha256:c88912855b845bd40c6b4bc8f3dd1d4b333ed2549cd3e8386987ee7c0c284f5a /cromwell-executions1/WholeGenomeGermlineSingleSample/06160bfb-7bc0-413b-9ba8-6a78ff6325b1/call-BamToGvcf/VariantCalling/5b8f550e-3447-4d42-8f2c-f8f7b00d3ef3/call-DragenHardFilterVcf/shard-3/execution/script

# get the return code (working even if the container was detached)
rc=$(docker wait [38;5;5mcat /home/darja/workflow/cromwell-executions1/WholeGenomeGermlineSingleSample/06160bfb-7bc0-413b-9ba8-6a78ff6325b1/call-BamToGvcf/VariantCalling/5b8f550e-3447-4d42-8f2c-f8f7b00d3ef3/call-DragenHardFilterVcf/shard-3/execution/docker_cid[0m)

# remove the container after waiting
docker rm [38;5;5mcat /home/darja/workflow/cromwell-executions1/WholeGenomeGermlineSingleSample/06160bfb-7bc0-413b-9ba8-6a78ff6325b1/call-BamToGvcf/VariantCalling/5b8f550e-3447-4d42-8f2c-f8f7b00d3ef3/call-DragenHardFilterVcf/shard-3/execution/docker_cid[0m

# return exit code
exit $rc
[2026-02-26 03:22:54,34] [info] BackgroundConfigAsyncJobExecutionActor [[38;5;2m5b8f550e[0mVariantCalling.DragenHardFilterVcf:3:1]: job id: 137374
[2026-02-26 03:22:54,34] [info] BackgroundConfigAsyncJobExecutionActor [[38;5;2m5b8f550e[0mVariantCalling.DragenHardFilterVcf:3:1]: Status change from - to WaitingForReturnCode
[2026-02-26 03:23:02,25] [info] BackgroundConfigAsyncJobExecutionActor [[38;5;2m5b8f550e[0mVariantCalling.DragenHardFilterVcf:3:1]: Status change from WaitingForReturnCode to Done
[2026-02-26 03:23:09,46] [info] Assigned new job execution tokens to the following groups: 06160bfb: 1
[2026-02-26 03:23:09,47] [[38;5;220mwarn[0m] BackgroundConfigAsyncJobExecutionActor [[38;5;2m5b8f550e[0mVariantCalling.DragenHardFilterVcf:35:1]: Unrecognized runtime attribute keys: preemptible, bootDiskSizeGb, disks, memory
[2026-02-26 03:23:09,51] [info] BackgroundConfigAsyncJobExecutionActor [[38;5;2m5b8f550e[0mVariantCalling.DragenHardFilterVcf:35:1]: [38;5;5mgatk --java-options "-Xms2000m -Xmx2500m" \
 VariantFiltration \
 -V /cromwell-executions1/WholeGenomeGermlineSingleSample/06160bfb-7bc0-413b-9ba8-6a78ff6325b1/call-BamToGvcf/VariantCalling/5b8f550e-3447-4d42-8f2c-f8f7b00d3ef3/call-DragenHardFilterVcf/shard-35/inputs/-639816269/ERR3687419_ILMN.g.vcf.gz \
 --filter-expression "QUAL < 10.4139" \
 --filter-name "DRAGENHardQUAL" \
 -O ERR3687419_ILMN.hard-filtered.g.vcf.gz[0m
[2026-02-26 03:23:09,52] [info] BackgroundConfigAsyncJobExecutionActor [[38;5;2m5b8f550e[0mVariantCalling.DragenHardFilterVcf:35:1]: executing: # make sure there is no preexisting Docker CID file
rm -f /home/darja/workflow/cromwell-executions1/WholeGenomeGermlineSingleSample/06160bfb-7bc0-413b-9ba8-6a78ff6325b1/call-BamToGvcf/VariantCalling/5b8f550e-3447-4d42-8f2c-f8f7b00d3ef3/call-DragenHardFilterVcf/shard-35/execution/docker_cid
# run as in the original configuration without --rm flag (will remove later)
docker run \
  --cidfile /home/darja/workflow/cromwell-executions1/WholeGenomeGermlineSingleSample/06160bfb-7bc0-413b-9ba8-6a78ff6325b1/call-BamToGvcf/VariantCalling/5b8f550e-3447-4d42-8f2c-f8f7b00d3ef3/call-DragenHardFilterVcf/shard-35/execution/docker_cid \
  -i \
  --user 1027:1028 \
  --cpus="64" \
  --memory="350G" \
  --entrypoint /bin/bash \
  -v /home/darja/workflow/cromwell-executions1/WholeGenomeGermlineSingleSample/06160bfb-7bc0-413b-9ba8-6a78ff6325b1/call-BamToGvcf/VariantCalling/5b8f550e-3447-4d42-8f2c-f8f7b00d3ef3/call-DragenHardFilterVcf/shard-35:/cromwell-executions1/WholeGenomeGermlineSingleSample/06160bfb-7bc0-413b-9ba8-6a78ff6325b1/call-BamToGvcf/VariantCalling/5b8f550e-3447-4d42-8f2c-f8f7b00d3ef3/call-DragenHardFilterVcf/shard-35 \
  -v /mnt/nas1/projects/lasr/blendseq:/mnt/nas1/projects/lasr/blendseq \
  us.gcr.io/broad-gatk/gatk@sha256:c88912855b845bd40c6b4bc8f3dd1d4b333ed2549cd3e8386987ee7c0c284f5a /cromwell-executions1/WholeGenomeGermlineSingleSample/06160bfb-7bc0-413b-9ba8-6a78ff6325b1/call-BamToGvcf/VariantCalling/5b8f550e-3447-4d42-8f2c-f8f7b00d3ef3/call-DragenHardFilterVcf/shard-35/execution/script

# get the return code (working even if the container was detached)
rc=$(docker wait [38;5;5mcat /home/darja/workflow/cromwell-executions1/WholeGenomeGermlineSingleSample/06160bfb-7bc0-413b-9ba8-6a78ff6325b1/call-BamToGvcf/VariantCalling/5b8f550e-3447-4d42-8f2c-f8f7b00d3ef3/call-DragenHardFilterVcf/shard-35/execution/docker_cid[0m)

# remove the container after waiting
docker rm [38;5;5mcat /home/darja/workflow/cromwell-executions1/WholeGenomeGermlineSingleSample/06160bfb-7bc0-413b-9ba8-6a78ff6325b1/call-BamToGvcf/VariantCalling/5b8f550e-3447-4d42-8f2c-f8f7b00d3ef3/call-DragenHardFilterVcf/shard-35/execution/docker_cid[0m

# return exit code
exit $rc
[2026-02-26 03:23:14,34] [info] BackgroundConfigAsyncJobExecutionActor [[38;5;2m5b8f550e[0mVariantCalling.DragenHardFilterVcf:35:1]: job id: 137738
[2026-02-26 03:23:14,34] [info] BackgroundConfigAsyncJobExecutionActor [[38;5;2m5b8f550e[0mVariantCalling.DragenHardFilterVcf:35:1]: Status change from - to WaitingForReturnCode
[2026-02-26 03:23:21,92] [info] BackgroundConfigAsyncJobExecutionActor [[38;5;2m5b8f550e[0mVariantCalling.DragenHardFilterVcf:35:1]: Status change from WaitingForReturnCode to Done
[2026-02-26 03:23:29,46] [info] Assigned new job execution tokens to the following groups: 06160bfb: 1
[2026-02-26 03:23:29,47] [[38;5;220mwarn[0m] BackgroundConfigAsyncJobExecutionActor [[38;5;2m5b8f550e[0mVariantCalling.DragenHardFilterVcf:1:1]: Unrecognized runtime attribute keys: preemptible, bootDiskSizeGb, disks, memory
[2026-02-26 03:23:29,51] [info] BackgroundConfigAsyncJobExecutionActor [[38;5;2m5b8f550e[0mVariantCalling.DragenHardFilterVcf:1:1]: [38;5;5mgatk --java-options "-Xms2000m -Xmx2500m" \
 VariantFiltration \
 -V /cromwell-executions1/WholeGenomeGermlineSingleSample/06160bfb-7bc0-413b-9ba8-6a78ff6325b1/call-BamToGvcf/VariantCalling/5b8f550e-3447-4d42-8f2c-f8f7b00d3ef3/call-DragenHardFilterVcf/shard-1/inputs/1777744818/ERR3687419_ILMN.g.vcf.gz \
 --filter-expression "QUAL < 10.4139" \
 --filter-name "DRAGENHardQUAL" \
 -O ERR3687419_ILMN.hard-filtered.g.vcf.gz[0m
[2026-02-26 03:23:29,51] [info] BackgroundConfigAsyncJobExecutionActor [[38;5;2m5b8f550e[0mVariantCalling.DragenHardFilterVcf:1:1]: executing: # make sure there is no preexisting Docker CID file
rm -f /home/darja/workflow/cromwell-executions1/WholeGenomeGermlineSingleSample/06160bfb-7bc0-413b-9ba8-6a78ff6325b1/call-BamToGvcf/VariantCalling/5b8f550e-3447-4d42-8f2c-f8f7b00d3ef3/call-DragenHardFilterVcf/shard-1/execution/docker_cid
# run as in the original configuration without --rm flag (will remove later)
docker run \
  --cidfile /home/darja/workflow/cromwell-executions1/WholeGenomeGermlineSingleSample/06160bfb-7bc0-413b-9ba8-6a78ff6325b1/call-BamToGvcf/VariantCalling/5b8f550e-3447-4d42-8f2c-f8f7b00d3ef3/call-DragenHardFilterVcf/shard-1/execution/docker_cid \
  -i \
  --user 1027:1028 \
  --cpus="64" \
  --memory="350G" \
  --entrypoint /bin/bash \
  -v /home/darja/workflow/cromwell-executions1/WholeGenomeGermlineSingleSample/06160bfb-7bc0-413b-9ba8-6a78ff6325b1/call-BamToGvcf/VariantCalling/5b8f550e-3447-4d42-8f2c-f8f7b00d3ef3/call-DragenHardFilterVcf/shard-1:/cromwell-executions1/WholeGenomeGermlineSingleSample/06160bfb-7bc0-413b-9ba8-6a78ff6325b1/call-BamToGvcf/VariantCalling/5b8f550e-3447-4d42-8f2c-f8f7b00d3ef3/call-DragenHardFilterVcf/shard-1 \
  -v /mnt/nas1/projects/lasr/blendseq:/mnt/nas1/projects/lasr/blendseq \
  us.gcr.io/broad-gatk/gatk@sha256:c88912855b845bd40c6b4bc8f3dd1d4b333ed2549cd3e8386987ee7c0c284f5a /cromwell-executions1/WholeGenomeGermlineSingleSample/06160bfb-7bc0-413b-9ba8-6a78ff6325b1/call-BamToGvcf/VariantCalling/5b8f550e-3447-4d42-8f2c-f8f7b00d3ef3/call-DragenHardFilterVcf/shard-1/execution/script

# get the return code (working even if the container was detached)
rc=$(docker wait [38;5;5mcat /home/darja/workflow/cromwell-executions1/WholeGenomeGermlineSingleSample/06160bfb-7bc0-413b-9ba8-6a78ff6325b1/call-BamToGvcf/VariantCalling/5b8f550e-3447-4d42-8f2c-f8f7b00d3ef3/call-DragenHardFilterVcf/shard-1/execution/docker_cid[0m)

# remove the container after waiting
docker rm [38;5;5mcat /home/darja/workflow/cromwell-executions1/WholeGenomeGermlineSingleSample/06160bfb-7bc0-413b-9ba8-6a78ff6325b1/call-BamToGvcf/VariantCalling/5b8f550e-3447-4d42-8f2c-f8f7b00d3ef3/call-DragenHardFilterVcf/shard-1/execution/docker_cid[0m

# return exit code
exit $rc
[2026-02-26 03:23:34,34] [info] BackgroundConfigAsyncJobExecutionActor [[38;5;2m5b8f550e[0mVariantCalling.DragenHardFilterVcf:1:1]: job id: 138105
[2026-02-26 03:23:34,34] [info] BackgroundConfigAsyncJobExecutionActor [[38;5;2m5b8f550e[0mVariantCalling.DragenHardFilterVcf:1:1]: Status change from - to WaitingForReturnCode
[2026-02-26 03:23:41,48] [info] BackgroundConfigAsyncJobExecutionActor [[38;5;2m5b8f550e[0mVariantCalling.DragenHardFilterVcf:1:1]: Status change from WaitingForReturnCode to Done
[2026-02-26 03:23:49,46] [info] Assigned new job execution tokens to the following groups: 06160bfb: 1
[2026-02-26 03:23:49,47] [[38;5;220mwarn[0m] BackgroundConfigAsyncJobExecutionActor [[38;5;2m5b8f550e[0mVariantCalling.DragenHardFilterVcf:15:1]: Unrecognized runtime attribute keys: preemptible, bootDiskSizeGb, disks, memory
[2026-02-26 03:23:49,51] [info] BackgroundConfigAsyncJobExecutionActor [[38;5;2m5b8f550e[0mVariantCalling.DragenHardFilterVcf:15:1]: [38;5;5mgatk --java-options "-Xms2000m -Xmx2500m" \
 VariantFiltration \
 -V /cromwell-executions1/WholeGenomeGermlineSingleSample/06160bfb-7bc0-413b-9ba8-6a78ff6325b1/call-BamToGvcf/VariantCalling/5b8f550e-3447-4d42-8f2c-f8f7b00d3ef3/call-DragenHardFilterVcf/shard-15/inputs/-897981707/ERR3687419_ILMN.g.vcf.gz \
 --filter-expression "QUAL < 10.4139" \
 --filter-name "DRAGENHardQUAL" \
 -O ERR3687419_ILMN.hard-filtered.g.vcf.gz[0m
[2026-02-26 03:23:49,52] [info] BackgroundConfigAsyncJobExecutionActor [[38;5;2m5b8f550e[0mVariantCalling.DragenHardFilterVcf:15:1]: executing: # make sure there is no preexisting Docker CID file
rm -f /home/darja/workflow/cromwell-executions1/WholeGenomeGermlineSingleSample/06160bfb-7bc0-413b-9ba8-6a78ff6325b1/call-BamToGvcf/VariantCalling/5b8f550e-3447-4d42-8f2c-f8f7b00d3ef3/call-DragenHardFilterVcf/shard-15/execution/docker_cid
# run as in the original configuration without --rm flag (will remove later)
docker run \
  --cidfile /home/darja/workflow/cromwell-executions1/WholeGenomeGermlineSingleSample/06160bfb-7bc0-413b-9ba8-6a78ff6325b1/call-BamToGvcf/VariantCalling/5b8f550e-3447-4d42-8f2c-f8f7b00d3ef3/call-DragenHardFilterVcf/shard-15/execution/docker_cid \
  -i \
  --user 1027:1028 \
  --cpus="64" \
  --memory="350G" \
  --entrypoint /bin/bash \
  -v /home/darja/workflow/cromwell-executions1/WholeGenomeGermlineSingleSample/06160bfb-7bc0-413b-9ba8-6a78ff6325b1/call-BamToGvcf/VariantCalling/5b8f550e-3447-4d42-8f2c-f8f7b00d3ef3/call-DragenHardFilterVcf/shard-15:/cromwell-executions1/WholeGenomeGermlineSingleSample/06160bfb-7bc0-413b-9ba8-6a78ff6325b1/call-BamToGvcf/VariantCalling/5b8f550e-3447-4d42-8f2c-f8f7b00d3ef3/call-DragenHardFilterVcf/shard-15 \
  -v /mnt/nas1/projects/lasr/blendseq:/mnt/nas1/projects/lasr/blendseq \
  us.gcr.io/broad-gatk/gatk@sha256:c88912855b845bd40c6b4bc8f3dd1d4b333ed2549cd3e8386987ee7c0c284f5a /cromwell-executions1/WholeGenomeGermlineSingleSample/06160bfb-7bc0-413b-9ba8-6a78ff6325b1/call-BamToGvcf/VariantCalling/5b8f550e-3447-4d42-8f2c-f8f7b00d3ef3/call-DragenHardFilterVcf/shard-15/execution/script

# get the return code (working even if the container was detached)
rc=$(docker wait [38;5;5mcat /home/darja/workflow/cromwell-executions1/WholeGenomeGermlineSingleSample/06160bfb-7bc0-413b-9ba8-6a78ff6325b1/call-BamToGvcf/VariantCalling/5b8f550e-3447-4d42-8f2c-f8f7b00d3ef3/call-DragenHardFilterVcf/shard-15/execution/docker_cid[0m)

# remove the container after waiting
docker rm [38;5;5mcat /home/darja/workflow/cromwell-executions1/WholeGenomeGermlineSingleSample/06160bfb-7bc0-413b-9ba8-6a78ff6325b1/call-BamToGvcf/VariantCalling/5b8f550e-3447-4d42-8f2c-f8f7b00d3ef3/call-DragenHardFilterVcf/shard-15/execution/docker_cid[0m

# return exit code
exit $rc
[2026-02-26 03:23:54,34] [info] BackgroundConfigAsyncJobExecutionActor [[38;5;2m5b8f550e[0mVariantCalling.DragenHardFilterVcf:15:1]: job id: 138474
[2026-02-26 03:23:54,34] [info] BackgroundConfigAsyncJobExecutionActor [[38;5;2m5b8f550e[0mVariantCalling.DragenHardFilterVcf:15:1]: Status change from - to WaitingForReturnCode
[2026-02-26 03:24:06,89] [info] BackgroundConfigAsyncJobExecutionActor [[38;5;2m5b8f550e[0mVariantCalling.DragenHardFilterVcf:15:1]: Status change from WaitingForReturnCode to Done
[2026-02-26 03:24:12,40] [info] 5b8f550e-3447-4d42-8f2c-f8f7b00d3ef3-SubWorkflowActor-SubWorkflow-BamToGvcf:-1:1 [[38;5;2m5b8f550e[0m]: Starting VariantCalling.MergeVCFs
[2026-02-26 03:24:19,46] [info] Assigned new job execution tokens to the following groups: 06160bfb: 1
[2026-02-26 03:24:19,47] [[38;5;220mwarn[0m] BackgroundConfigAsyncJobExecutionActor [[38;5;2m5b8f550e[0mVariantCalling.MergeVCFs:NA:1]: Unrecognized runtime attribute keys: preemptible, disks, memory
[2026-02-26 03:24:21,13] [info] BackgroundConfigAsyncJobExecutionActor [[38;5;2m5b8f550e[0mVariantCalling.MergeVCFs:NA:1]: [38;5;5mjava -Xms2000m -Xmx2500m -jar /usr/picard/picard.jar \
  MergeVcfs \
  INPUT=/cromwell-executions1/WholeGenomeGermlineSingleSample/06160bfb-7bc0-413b-9ba8-6a78ff6325b1/call-BamToGvcf/VariantCalling/5b8f550e-3447-4d42-8f2c-f8f7b00d3ef3/call-MergeVCFs/inputs/-963724830/ERR3687419_ILMN.hard-filtered.g.vcf.gz INPUT=/cromwell-executions1/WholeGenomeGermlineSingleSample/06160bfb-7bc0-413b-9ba8-6a78ff6325b1/call-BamToGvcf/VariantCalling/5b8f550e-3447-4d42-8f2c-f8f7b00d3ef3/call-MergeVCFs/inputs/1534291107/ERR3687419_ILMN.hard-filtered.g.vcf.gz INPUT=/cromwell-executions1/WholeGenomeGermlineSingleSample/06160bfb-7bc0-413b-9ba8-6a78ff6325b1/call-BamToGvcf/VariantCalling/5b8f550e-3447-4d42-8f2c-f8f7b00d3ef3/call-MergeVCFs/inputs/-262660252/ERR3687419_ILMN.hard-filtered.g.vcf.gz INPUT=/cromwell-executions1/WholeGenomeGermlineSingleSample/06160bfb-7bc0-413b-9ba8-6a78ff6325b1/call-BamToGvcf/VariantCalling/5b8f550e-3447-4d42-8f2c-f8f7b00d3ef3/call-MergeVCFs/inputs/-2059611611/ERR3687419_ILMN.hard-filtered.g.vcf.gz INPUT=/cromwell-executions1/WholeGenomeGermlineSingleSample/06160bfb-7bc0-413b-9ba8-6a78ff6325b1/call-BamToGvcf/VariantCalling/5b8f550e-3447-4d42-8f2c-f8f7b00d3ef3/call-MergeVCFs/inputs/438404326/ERR3687419_ILMN.hard-filtered.g.vcf.gz INPUT=/cromwell-executions1/WholeGenomeGermlineSingleSample/06160bfb-7bc0-413b-9ba8-6a78ff6325b1/call-BamToGvcf/VariantCalling/5b8f550e-3447-4d42-8f2c-f8f7b00d3ef3/call-MergeVCFs/inputs/-1358547033/ERR3687419_ILMN.hard-filtered.g.vcf.gz INPUT=/cromwell-executions1/WholeGenomeGermlineSingleSample/06160bfb-7bc0-413b-9ba8-6a78ff6325b1/call-BamToGvcf/VariantCalling/5b8f550e-3447-4d42-8f2c-f8f7b00d3ef3/call-MergeVCFs/inputs/1139468904/ERR3687419_ILMN.hard-filtered.g.vcf.gz INPUT=/cromwell-executions1/WholeGenomeGermlineSingleSample/06160bfb-7bc0-413b-9ba8-6a78ff6325b1/call-BamToGvcf/VariantCalling/5b8f550e-3447-4d42-8f2c-f8f7b00d3ef3/call-MergeVCFs/inputs/-657482455/ERR3687419_ILMN.hard-filtered.g.vcf.gz INPUT=/cromwell-executions1/WholeGenomeGermlineSingleSample/06160bfb-7bc0-413b-9ba8-6a78ff6325b1/call-BamToGvcf/VariantCalling/5b8f550e-3447-4d42-8f2c-f8f7b00d3ef3/call-MergeVCFs/inputs/1840533482/ERR3687419_ILMN.hard-filtered.g.vcf.gz INPUT=/cromwell-executions1/WholeGenomeGermlineSingleSample/06160bfb-7bc0-413b-9ba8-6a78ff6325b1/call-BamToGvcf/VariantCalling/5b8f550e-3447-4d42-8f2c-f8f7b00d3ef3/call-MergeVCFs/inputs/43582123/ERR3687419_ILMN.hard-filtered.g.vcf.gz INPUT=/cromwell-executions1/WholeGenomeGermlineSingleSample/06160bfb-7bc0-413b-9ba8-6a78ff6325b1/call-BamToGvcf/VariantCalling/5b8f550e-3447-4d42-8f2c-f8f7b00d3ef3/call-MergeVCFs/inputs/539710047/ERR3687419_ILMN.hard-filtered.g.vcf.gz INPUT=/cromwell-executions1/WholeGenomeGermlineSingleSample/06160bfb-7bc0-413b-9ba8-6a78ff6325b1/call-BamToGvcf/VariantCalling/5b8f550e-3447-4d42-8f2c-f8f7b00d3ef3/call-MergeVCFs/inputs/-1257241312/ERR3687419_ILMN.hard-filtered.g.vcf.gz INPUT=/cromwell-executions1/WholeGenomeGermlineSingleSample/06160bfb-7bc0-413b-9ba8-6a78ff6325b1/call-BamToGvcf/VariantCalling/5b8f550e-3447-4d42-8f2c-f8f7b00d3ef3/call-MergeVCFs/inputs/1240774625/ERR3687419_ILMN.hard-filtered.g.vcf.gz INPUT=/cromwell-executions1/WholeGenomeGermlineSingleSample/06160bfb-7bc0-413b-9ba8-6a78ff6325b1/call-BamToGvcf/VariantCalling/5b8f550e-3447-4d42-8f2c-f8f7b00d3ef3/call-MergeVCFs/inputs/-556176734/ERR3687419_ILMN.hard-filtered.g.vcf.gz INPUT=/cromwell-executions1/WholeGenomeGermlineSingleSample/06160bfb-7bc0-413b-9ba8-6a78ff6325b1/call-BamToGvcf/VariantCalling/5b8f550e-3447-4d42-8f2c-f8f7b00d3ef3/call-MergeVCFs/inputs/1941839203/ERR3687419_ILMN.hard-filtered.g.vcf.gz INPUT=/cromwell-executions1/WholeGenomeGermlineSingleSample/06160bfb-7bc0-413b-9ba8-6a78ff6325b1/call-BamToGvcf/VariantCalling/5b8f550e-3447-4d42-8f2c-f8f7b00d3ef3/call-MergeVCFs/inputs/144887844/ERR3687419_ILMN.hard-filtered.g.vcf.gz INPUT=/cromwell-executions1/WholeGenomeGermlineSingleSample/06160bfb-7bc0-413b-9ba8-6a78ff6325b1/call-BamToGvcf/VariantCalling/5b8f550e-3447-4d42-8f2c-f8f7b00d3ef3/call-MergeVCFs/inputs/-1652063515/ERR3687419_ILMN.hard-filtered.g.vcf.gz INPUT=/cromwell-executions1/WholeGenomeGermlineSingleSample/06160bfb-7bc0-413b-9ba8-6a78ff6325b1/call-BamToGvcf/VariantCalling/5b8f550e-3447-4d42-8f2c-f8f7b00d3ef3/call-MergeVCFs/inputs/845952422/ERR3687419_ILMN.hard-filtered.g.vcf.gz INPUT=/cromwell-executions1/WholeGenomeGermlineSingleSample/06160bfb-7bc0-413b-9ba8-6a78ff6325b1/call-BamToGvcf/VariantCalling/5b8f550e-3447-4d42-8f2c-f8f7b00d3ef3/call-MergeVCFs/inputs/-950998937/ERR3687419_ILMN.hard-filtered.g.vcf.gz INPUT=/cromwell-executions1/WholeGenomeGermlineSingleSample/06160bfb-7bc0-413b-9ba8-6a78ff6325b1/call-BamToGvcf/VariantCalling/5b8f550e-3447-4d42-8f2c-f8f7b00d3ef3/call-MergeVCFs/inputs/1547017000/ERR3687419_ILMN.hard-filtered.g.vcf.gz INPUT=/cromwell-executions1/WholeGenomeGermlineSingleSample/06160bfb-7bc0-413b-9ba8-6a78ff6325b1/call-BamToGvcf/VariantCalling/5b8f550e-3447-4d42-8f2c-f8f7b00d3ef3/call-MergeVCFs/inputs/668792766/ERR3687419_ILMN.hard-filtered.g.vcf.gz INPUT=/cromwell-executions1/WholeGenomeGermlineSingleSample/06160bfb-7bc0-413b-9ba8-6a78ff6325b1/call-BamToGvcf/VariantCalling/5b8f550e-3447-4d42-8f2c-f8f7b00d3ef3/call-MergeVCFs/inputs/-1128158593/ERR3687419_ILMN.hard-filtered.g.vcf.gz INPUT=/cromwell-executions1/WholeGenomeGermlineSingleSample/06160bfb-7bc0-413b-9ba8-6a78ff6325b1/call-BamToGvcf/VariantCalling/5b8f550e-3447-4d42-8f2c-f8f7b00d3ef3/call-MergeVCFs/inputs/1369857344/ERR3687419_ILMN.hard-filtered.g.vcf.gz INPUT=/cromwell-executions1/WholeGenomeGermlineSingleSample/06160bfb-7bc0-413b-9ba8-6a78ff6325b1/call-BamToGvcf/VariantCalling/5b8f550e-3447-4d42-8f2c-f8f7b00d3ef3/call-MergeVCFs/inputs/-427094015/ERR3687419_ILMN.hard-filtered.g.vcf.gz INPUT=/cromwell-executions1/WholeGenomeGermlineSingleSample/06160bfb-7bc0-413b-9ba8-6a78ff6325b1/call-BamToGvcf/VariantCalling/5b8f550e-3447-4d42-8f2c-f8f7b00d3ef3/call-MergeVCFs/inputs/2070921922/ERR3687419_ILMN.hard-filtered.g.vcf.gz INPUT=/cromwell-executions1/WholeGenomeGermlineSingleSample/06160bfb-7bc0-413b-9ba8-6a78ff6325b1/call-BamToGvcf/VariantCalling/5b8f550e-3447-4d42-8f2c-f8f7b00d3ef3/call-MergeVCFs/inputs/273970563/ERR3687419_ILMN.hard-filtered.g.vcf.gz INPUT=/cromwell-executions1/WholeGenomeGermlineSingleSample/06160bfb-7bc0-413b-9ba8-6a78ff6325b1/call-BamToGvcf/VariantCalling/5b8f550e-3447-4d42-8f2c-f8f7b00d3ef3/call-MergeVCFs/inputs/-1522980796/ERR3687419_ILMN.hard-filtered.g.vcf.gz INPUT=/cromwell-executions1/WholeGenomeGermlineSingleSample/06160bfb-7bc0-413b-9ba8-6a78ff6325b1/call-BamToGvcf/VariantCalling/5b8f550e-3447-4d42-8f2c-f8f7b00d3ef3/call-MergeVCFs/inputs/975035141/ERR3687419_ILMN.hard-filtered.g.vcf.gz INPUT=/cromwell-executions1/WholeGenomeGermlineSingleSample/06160bfb-7bc0-413b-9ba8-6a78ff6325b1/call-BamToGvcf/VariantCalling/5b8f550e-3447-4d42-8f2c-f8f7b00d3ef3/call-MergeVCFs/inputs/-821916218/ERR3687419_ILMN.hard-filtered.g.vcf.gz INPUT=/cromwell-executions1/WholeGenomeGermlineSingleSample/06160bfb-7bc0-413b-9ba8-6a78ff6325b1/call-BamToGvcf/VariantCalling/5b8f550e-3447-4d42-8f2c-f8f7b00d3ef3/call-MergeVCFs/inputs/1676099719/ERR3687419_ILMN.hard-filtered.g.vcf.gz INPUT=/cromwell-executions1/WholeGenomeGermlineSingleSample/06160bfb-7bc0-413b-9ba8-6a78ff6325b1/call-BamToGvcf/VariantCalling/5b8f550e-3447-4d42-8f2c-f8f7b00d3ef3/call-MergeVCFs/inputs/797875485/ERR3687419_ILMN.hard-filtered.g.vcf.gz INPUT=/cromwell-executions1/WholeGenomeGermlineSingleSample/06160bfb-7bc0-413b-9ba8-6a78ff6325b1/call-BamToGvcf/VariantCalling/5b8f550e-3447-4d42-8f2c-f8f7b00d3ef3/call-MergeVCFs/inputs/-999075874/ERR3687419_ILMN.hard-filtered.g.vcf.gz INPUT=/cromwell-executions1/WholeGenomeGermlineSingleSample/06160bfb-7bc0-413b-9ba8-6a78ff6325b1/call-BamToGvcf/VariantCalling/5b8f550e-3447-4d42-8f2c-f8f7b00d3ef3/call-MergeVCFs/inputs/1498940063/ERR3687419_ILMN.hard-filtered.g.vcf.gz INPUT=/cromwell-executions1/WholeGenomeGermlineSingleSample/06160bfb-7bc0-413b-9ba8-6a78ff6325b1/call-BamToGvcf/VariantCalling/5b8f550e-3447-4d42-8f2c-f8f7b00d3ef3/call-MergeVCFs/inputs/-298011296/ERR3687419_ILMN.hard-filtered.g.vcf.gz INPUT=/cromwell-executions1/WholeGenomeGermlineSingleSample/06160bfb-7bc0-413b-9ba8-6a78ff6325b1/call-BamToGvcf/VariantCalling/5b8f550e-3447-4d42-8f2c-f8f7b00d3ef3/call-MergeVCFs/inputs/-2094962655/ERR3687419_ILMN.hard-filtered.g.vcf.gz INPUT=/cromwell-executions1/WholeGenomeGermlineSingleSample/06160bfb-7bc0-413b-9ba8-6a78ff6325b1/call-BamToGvcf/VariantCalling/5b8f550e-3447-4d42-8f2c-f8f7b00d3ef3/call-MergeVCFs/inputs/403053282/ERR3687419_ILMN.hard-filtered.g.vcf.gz INPUT=/cromwell-executions1/WholeGenomeGermlineSingleSample/06160bfb-7bc0-413b-9ba8-6a78ff6325b1/call-BamToGvcf/VariantCalling/5b8f550e-3447-4d42-8f2c-f8f7b00d3ef3/call-MergeVCFs/inputs/-1393898077/ERR3687419_ILMN.hard-filtered.g.vcf.gz INPUT=/cromwell-executions1/WholeGenomeGermlineSingleSample/06160bfb-7bc0-413b-9ba8-6a78ff6325b1/call-BamToGvcf/VariantCalling/5b8f550e-3447-4d42-8f2c-f8f7b00d3ef3/call-MergeVCFs/inputs/1104117860/ERR3687419_ILMN.hard-filtered.g.vcf.gz INPUT=/cromwell-executions1/WholeGenomeGermlineSingleSample/06160bfb-7bc0-413b-9ba8-6a78ff6325b1/call-BamToGvcf/VariantCalling/5b8f550e-3447-4d42-8f2c-f8f7b00d3ef3/call-MergeVCFs/inputs/-692833499/ERR3687419_ILMN.hard-filtered.g.vcf.gz INPUT=/cromwell-executions1/WholeGenomeGermlineSingleSample/06160bfb-7bc0-413b-9ba8-6a78ff6325b1/call-BamToGvcf/VariantCalling/5b8f550e-3447-4d42-8f2c-f8f7b00d3ef3/call-MergeVCFs/inputs/1805182438/ERR3687419_ILMN.hard-filtered.g.vcf.gz INPUT=/cromwell-executions1/WholeGenomeGermlineSingleSample/06160bfb-7bc0-413b-9ba8-6a78ff6325b1/call-BamToGvcf/VariantCalling/5b8f550e-3447-4d42-8f2c-f8f7b00d3ef3/call-MergeVCFs/inputs/926958204/ERR3687419_ILMN.hard-filtered.g.vcf.gz INPUT=/cromwell-executions1/WholeGenomeGermlineSingleSample/06160bfb-7bc0-413b-9ba8-6a78ff6325b1/call-BamToGvcf/VariantCalling/5b8f550e-3447-4d42-8f2c-f8f7b00d3ef3/call-MergeVCFs/inputs/-869993155/ERR3687419_ILMN.hard-filtered.g.vcf.gz INPUT=/cromwell-executions1/WholeGenomeGermlineSingleSample/06160bfb-7bc0-413b-9ba8-6a78ff6325b1/call-BamToGvcf/VariantCalling/5b8f550e-3447-4d42-8f2c-f8f7b00d3ef3/call-MergeVCFs/inputs/1628022782/ERR3687419_ILMN.hard-filtered.g.vcf.gz INPUT=/cromwell-executions1/WholeGenomeGermlineSingleSample/06160bfb-7bc0-413b-9ba8-6a78ff6325b1/call-BamToGvcf/VariantCalling/5b8f550e-3447-4d42-8f2c-f8f7b00d3ef3/call-MergeVCFs/inputs/-168928577/ERR3687419_ILMN.hard-filtered.g.vcf.gz INPUT=/cromwell-executions1/WholeGenomeGermlineSingleSample/06160bfb-7bc0-413b-9ba8-6a78ff6325b1/call-BamToGvcf/VariantCalling/5b8f550e-3447-4d42-8f2c-f8f7b00d3ef3/call-MergeVCFs/inputs/-1965879936/ERR3687419_ILMN.hard-filtered.g.vcf.gz INPUT=/cromwell-executions1/WholeGenomeGermlineSingleSample/06160bfb-7bc0-413b-9ba8-6a78ff6325b1/call-BamToGvcf/VariantCalling/5b8f550e-3447-4d42-8f2c-f8f7b00d3ef3/call-MergeVCFs/inputs/532136001/ERR3687419_ILMN.hard-filtered.g.vcf.gz INPUT=/cromwell-executions1/WholeGenomeGermlineSingleSample/06160bfb-7bc0-413b-9ba8-6a78ff6325b1/call-BamToGvcf/VariantCalling/5b8f550e-3447-4d42-8f2c-f8f7b00d3ef3/call-MergeVCFs/inputs/-1264815358/ERR3687419_ILMN.hard-filtered.g.vcf.gz INPUT=/cromwell-executions1/WholeGenomeGermlineSingleSample/06160bfb-7bc0-413b-9ba8-6a78ff6325b1/call-BamToGvcf/VariantCalling/5b8f550e-3447-4d42-8f2c-f8f7b00d3ef3/call-MergeVCFs/inputs/1233200579/ERR3687419_ILMN.hard-filtered.g.vcf.gz INPUT=/cromwell-executions1/WholeGenomeGermlineSingleSample/06160bfb-7bc0-413b-9ba8-6a78ff6325b1/call-BamToGvcf/VariantCalling/5b8f550e-3447-4d42-8f2c-f8f7b00d3ef3/call-MergeVCFs/inputs/-563750780/ERR3687419_ILMN.hard-filtered.g.vcf.gz INPUT=/cromwell-executions1/WholeGenomeGermlineSingleSample/06160bfb-7bc0-413b-9ba8-6a78ff6325b1/call-BamToGvcf/VariantCalling/5b8f550e-3447-4d42-8f2c-f8f7b00d3ef3/call-MergeVCFs/inputs/1934265157/ERR3687419_ILMN.hard-filtered.g.vcf.gz \
  OUTPUT=ERR3687419_ILMN_gvcf_run22.hard-filtered.g.vcf.gz[0m
[2026-02-26 03:24:21,13] [info] BackgroundConfigAsyncJobExecutionActor [[38;5;2m5b8f550e[0mVariantCalling.MergeVCFs:NA:1]: executing: # make sure there is no preexisting Docker CID file
rm -f /home/darja/workflow/cromwell-executions1/WholeGenomeGermlineSingleSample/06160bfb-7bc0-413b-9ba8-6a78ff6325b1/call-BamToGvcf/VariantCalling/5b8f550e-3447-4d42-8f2c-f8f7b00d3ef3/call-MergeVCFs/execution/docker_cid
# run as in the original configuration without --rm flag (will remove later)
docker run \
  --cidfile /home/darja/workflow/cromwell-executions1/WholeGenomeGermlineSingleSample/06160bfb-7bc0-413b-9ba8-6a78ff6325b1/call-BamToGvcf/VariantCalling/5b8f550e-3447-4d42-8f2c-f8f7b00d3ef3/call-MergeVCFs/execution/docker_cid \
  -i \
  --user 1027:1028 \
  --cpus="64" \
  --memory="350G" \
  --entrypoint /bin/bash \
  -v /home/darja/workflow/cromwell-executions1/WholeGenomeGermlineSingleSample/06160bfb-7bc0-413b-9ba8-6a78ff6325b1/call-BamToGvcf/VariantCalling/5b8f550e-3447-4d42-8f2c-f8f7b00d3ef3/call-MergeVCFs:/cromwell-executions1/WholeGenomeGermlineSingleSample/06160bfb-7bc0-413b-9ba8-6a78ff6325b1/call-BamToGvcf/VariantCalling/5b8f550e-3447-4d42-8f2c-f8f7b00d3ef3/call-MergeVCFs \
  -v /mnt/nas1/projects/lasr/blendseq:/mnt/nas1/projects/lasr/blendseq \
  us.gcr.io/broad-gotc-prod/picard-cloud@sha256:e5ad5339080c3107c04e4a4d000b8ab06f472b77019debc3ff75499d28995b0c /cromwell-executions1/WholeGenomeGermlineSingleSample/06160bfb-7bc0-413b-9ba8-6a78ff6325b1/call-BamToGvcf/VariantCalling/5b8f550e-3447-4d42-8f2c-f8f7b00d3ef3/call-MergeVCFs/execution/script

# get the return code (working even if the container was detached)
rc=$(docker wait [38;5;5mcat /home/darja/workflow/cromwell-executions1/WholeGenomeGermlineSingleSample/06160bfb-7bc0-413b-9ba8-6a78ff6325b1/call-BamToGvcf/VariantCalling/5b8f550e-3447-4d42-8f2c-f8f7b00d3ef3/call-MergeVCFs/execution/docker_cid[0m)

# remove the container after waiting
docker rm [38;5;5mcat /home/darja/workflow/cromwell-executions1/WholeGenomeGermlineSingleSample/06160bfb-7bc0-413b-9ba8-6a78ff6325b1/call-BamToGvcf/VariantCalling/5b8f550e-3447-4d42-8f2c-f8f7b00d3ef3/call-MergeVCFs/execution/docker_cid[0m

# return exit code
exit $rc
[2026-02-26 03:24:24,34] [info] BackgroundConfigAsyncJobExecutionActor [[38;5;2m5b8f550e[0mVariantCalling.MergeVCFs:NA:1]: job id: 138850
[2026-02-26 03:24:24,34] [info] BackgroundConfigAsyncJobExecutionActor [[38;5;2m5b8f550e[0mVariantCalling.MergeVCFs:NA:1]: Status change from - to WaitingForReturnCode
[2026-02-26 03:38:44,73] [info] BackgroundConfigAsyncJobExecutionActor [[38;5;2m5b8f550e[0mVariantCalling.MergeVCFs:NA:1]: Status change from WaitingForReturnCode to Done
[2026-02-26 03:38:46,55] [info] 5b8f550e-3447-4d42-8f2c-f8f7b00d3ef3-SubWorkflowActor-SubWorkflow-BamToGvcf:-1:1 [[38;5;2m5b8f550e[0m]: Starting VariantCalling.Reblock
[2026-02-26 03:38:49,46] [info] Assigned new job execution tokens to the following groups: 06160bfb: 1
[2026-02-26 03:38:49,47] [[38;5;220mwarn[0m] BackgroundConfigAsyncJobExecutionActor [[38;5;2m5b8f550e[0mVariantCalling.Reblock:NA:1]: Unrecognized runtime attribute keys: preemptible, bootDiskSizeGb, disks, memory
[2026-02-26 03:38:50,89] [info] BackgroundConfigAsyncJobExecutionActor [[38;5;2m5b8f550e[0mVariantCalling.Reblock:NA:1]: [38;5;5mset -e 

# We can't always assume the index was located with the gvcf, so make a link so that the paths look the same
# Use bash basename instead of WDL to support DRS: https://support.terra.bio/hc/en-us/community/posts/4405396480027
ln -s /cromwell-executions1/WholeGenomeGermlineSingleSample/06160bfb-7bc0-413b-9ba8-6a78ff6325b1/call-BamToGvcf/VariantCalling/5b8f550e-3447-4d42-8f2c-f8f7b00d3ef3/call-Reblock/inputs/-1456962295/ERR3687419_ILMN_gvcf_run22.hard-filtered.g.vcf.gz $(basename /cromwell-executions1/WholeGenomeGermlineSingleSample/06160bfb-7bc0-413b-9ba8-6a78ff6325b1/call-BamToGvcf/VariantCalling/5b8f550e-3447-4d42-8f2c-f8f7b00d3ef3/call-Reblock/inputs/-1456962295/ERR3687419_ILMN_gvcf_run22.hard-filtered.g.vcf.gz)
ln -s /cromwell-executions1/WholeGenomeGermlineSingleSample/06160bfb-7bc0-413b-9ba8-6a78ff6325b1/call-BamToGvcf/VariantCalling/5b8f550e-3447-4d42-8f2c-f8f7b00d3ef3/call-Reblock/inputs/-1456962295/ERR3687419_ILMN_gvcf_run22.hard-filtered.g.vcf.gz.tbi $(basename /cromwell-executions1/WholeGenomeGermlineSingleSample/06160bfb-7bc0-413b-9ba8-6a78ff6325b1/call-BamToGvcf/VariantCalling/5b8f550e-3447-4d42-8f2c-f8f7b00d3ef3/call-Reblock/inputs/-1456962295/ERR3687419_ILMN_gvcf_run22.hard-filtered.g.vcf.gz.tbi)

gatk --java-options "-Xms3000m -Xmx3000m" \
  ReblockGVCF \
  -R /cromwell-executions1/WholeGenomeGermlineSingleSample/06160bfb-7bc0-413b-9ba8-6a78ff6325b1/call-BamToGvcf/VariantCalling/5b8f550e-3447-4d42-8f2c-f8f7b00d3ef3/call-Reblock/inputs/-1569105944/Homo_sapiens_assembly38_masked.fasta \
  -V $(basename /cromwell-executions1/WholeGenomeGermlineSingleSample/06160bfb-7bc0-413b-9ba8-6a78ff6325b1/call-BamToGvcf/VariantCalling/5b8f550e-3447-4d42-8f2c-f8f7b00d3ef3/call-Reblock/inputs/-1456962295/ERR3687419_ILMN_gvcf_run22.hard-filtered.g.vcf.gz) \
  -do-qual-approx \
  --floor-blocks -GQB 20 -GQB 30 -GQB 40 \
   \
   \
   \
   \
  -O ERR3687419_ILMN_gvcf_run22.hard-filtered.rb.g.vcf.gz[0m
[2026-02-26 03:38:50,89] [info] BackgroundConfigAsyncJobExecutionActor [[38;5;2m5b8f550e[0mVariantCalling.Reblock:NA:1]: executing: # make sure there is no preexisting Docker CID file
rm -f /home/darja/workflow/cromwell-executions1/WholeGenomeGermlineSingleSample/06160bfb-7bc0-413b-9ba8-6a78ff6325b1/call-BamToGvcf/VariantCalling/5b8f550e-3447-4d42-8f2c-f8f7b00d3ef3/call-Reblock/execution/docker_cid
# run as in the original configuration without --rm flag (will remove later)
docker run \
  --cidfile /home/darja/workflow/cromwell-executions1/WholeGenomeGermlineSingleSample/06160bfb-7bc0-413b-9ba8-6a78ff6325b1/call-BamToGvcf/VariantCalling/5b8f550e-3447-4d42-8f2c-f8f7b00d3ef3/call-Reblock/execution/docker_cid \
  -i \
  --user 1027:1028 \
  --cpus="64" \
  --memory="350G" \
  --entrypoint /bin/bash \
  -v /home/darja/workflow/cromwell-executions1/WholeGenomeGermlineSingleSample/06160bfb-7bc0-413b-9ba8-6a78ff6325b1/call-BamToGvcf/VariantCalling/5b8f550e-3447-4d42-8f2c-f8f7b00d3ef3/call-Reblock:/cromwell-executions1/WholeGenomeGermlineSingleSample/06160bfb-7bc0-413b-9ba8-6a78ff6325b1/call-BamToGvcf/VariantCalling/5b8f550e-3447-4d42-8f2c-f8f7b00d3ef3/call-Reblock \
  -v /mnt/nas1/projects/lasr/blendseq:/mnt/nas1/projects/lasr/blendseq \
  us.gcr.io/broad-gatk/gatk@sha256:c88912855b845bd40c6b4bc8f3dd1d4b333ed2549cd3e8386987ee7c0c284f5a /cromwell-executions1/WholeGenomeGermlineSingleSample/06160bfb-7bc0-413b-9ba8-6a78ff6325b1/call-BamToGvcf/VariantCalling/5b8f550e-3447-4d42-8f2c-f8f7b00d3ef3/call-Reblock/execution/script

# get the return code (working even if the container was detached)
rc=$(docker wait [38;5;5mcat /home/darja/workflow/cromwell-executions1/WholeGenomeGermlineSingleSample/06160bfb-7bc0-413b-9ba8-6a78ff6325b1/call-BamToGvcf/VariantCalling/5b8f550e-3447-4d42-8f2c-f8f7b00d3ef3/call-Reblock/execution/docker_cid[0m)

# remove the container after waiting
docker rm [38;5;5mcat /home/darja/workflow/cromwell-executions1/WholeGenomeGermlineSingleSample/06160bfb-7bc0-413b-9ba8-6a78ff6325b1/call-BamToGvcf/VariantCalling/5b8f550e-3447-4d42-8f2c-f8f7b00d3ef3/call-Reblock/execution/docker_cid[0m

# return exit code
exit $rc
[2026-02-26 03:38:54,34] [info] BackgroundConfigAsyncJobExecutionActor [[38;5;2m5b8f550e[0mVariantCalling.Reblock:NA:1]: job id: 139302
[2026-02-26 03:38:54,34] [info] BackgroundConfigAsyncJobExecutionActor [[38;5;2m5b8f550e[0mVariantCalling.Reblock:NA:1]: Status change from - to WaitingForReturnCode
[2026-02-26 03:58:15,72] [info] BackgroundConfigAsyncJobExecutionActor [[38;5;2m5b8f550e[0mVariantCalling.Reblock:NA:1]: Status change from WaitingForReturnCode to Done
[2026-02-26 03:58:18,56] [info] 5b8f550e-3447-4d42-8f2c-f8f7b00d3ef3-SubWorkflowActor-SubWorkflow-BamToGvcf:-1:1 [[38;5;2m5b8f550e[0m]: Starting VariantCalling.ValidateVCF, VariantCalling.CollectVariantCallingMetrics
[2026-02-26 03:58:19,46] [info] Assigned new job execution tokens to the following groups: 06160bfb: 1
[2026-02-26 03:58:19,48] [[38;5;220mwarn[0m] BackgroundConfigAsyncJobExecutionActor [[38;5;2m5b8f550e[0mVariantCalling.ValidateVCF:NA:1]: Unrecognized runtime attribute keys: preemptible, bootDiskSizeGb, disks, memory
[2026-02-26 03:59:18,42] [info] BackgroundConfigAsyncJobExecutionActor [[38;5;2m5b8f550e[0mVariantCalling.ValidateVCF:NA:1]: [38;5;5mset -e

if [ true == "false" ]; then
  # We can't always assume the index was located with the vcf, so make a link so that the paths look the same
  # Use bash basename instead of WDL to support DRS: https://support.terra.bio/hc/en-us/community/posts/4405396480027
  ln -s /cromwell-executions1/WholeGenomeGermlineSingleSample/06160bfb-7bc0-413b-9ba8-6a78ff6325b1/call-BamToGvcf/VariantCalling/5b8f550e-3447-4d42-8f2c-f8f7b00d3ef3/call-ValidateVCF/inputs/-790663736/wgs_calling_regions.hg38.interval_list $(basename /cromwell-executions1/WholeGenomeGermlineSingleSample/06160bfb-7bc0-413b-9ba8-6a78ff6325b1/call-BamToGvcf/VariantCalling/5b8f550e-3447-4d42-8f2c-f8f7b00d3ef3/call-ValidateVCF/inputs/-790663736/wgs_calling_regions.hg38.interval_list)
  ln -s  $(basename )
  gatk --java-options "-Xms5000m -Xmx5000m" \
    VcfToIntervalList -I $(basename /cromwell-executions1/WholeGenomeGermlineSingleSample/06160bfb-7bc0-413b-9ba8-6a78ff6325b1/call-BamToGvcf/VariantCalling/5b8f550e-3447-4d42-8f2c-f8f7b00d3ef3/call-ValidateVCF/inputs/-790663736/wgs_calling_regions.hg38.interval_list) -O intervals_from_gvcf.interval_list --VARIANT_ID_METHOD USE_FIRST
  INTERVALS="intervals_from_gvcf.interval_list"
else
  INTERVALS="/cromwell-executions1/WholeGenomeGermlineSingleSample/06160bfb-7bc0-413b-9ba8-6a78ff6325b1/call-BamToGvcf/VariantCalling/5b8f550e-3447-4d42-8f2c-f8f7b00d3ef3/call-ValidateVCF/inputs/-790663736/wgs_calling_regions.hg38.interval_list"
fi

gatk --java-options "-Xms5000m -Xmx5000m" \
  ValidateVariants \
  -V /cromwell-executions1/WholeGenomeGermlineSingleSample/06160bfb-7bc0-413b-9ba8-6a78ff6325b1/call-BamToGvcf/VariantCalling/5b8f550e-3447-4d42-8f2c-f8f7b00d3ef3/call-ValidateVCF/inputs/1108426801/ERR3687419_ILMN_gvcf_run22.hard-filtered.rb.g.vcf.gz \
  -R /cromwell-executions1/WholeGenomeGermlineSingleSample/06160bfb-7bc0-413b-9ba8-6a78ff6325b1/call-BamToGvcf/VariantCalling/5b8f550e-3447-4d42-8f2c-f8f7b00d3ef3/call-ValidateVCF/inputs/-1569105944/Homo_sapiens_assembly38_masked.fasta \
  -L $INTERVALS \
  -gvcf \
  --validation-type-to-exclude ALLELES \
  --dbsnp /cromwell-executions1/WholeGenomeGermlineSingleSample/06160bfb-7bc0-413b-9ba8-6a78ff6325b1/call-BamToGvcf/VariantCalling/5b8f550e-3447-4d42-8f2c-f8f7b00d3ef3/call-ValidateVCF/inputs/-1696015072/Homo_sapiens_assembly38.dbsnp138.vcf \
  --no-overlaps[0m
[2026-02-26 03:59:18,42] [info] BackgroundConfigAsyncJobExecutionActor [[38;5;2m5b8f550e[0mVariantCalling.ValidateVCF:NA:1]: executing: # make sure there is no preexisting Docker CID file
rm -f /home/darja/workflow/cromwell-executions1/WholeGenomeGermlineSingleSample/06160bfb-7bc0-413b-9ba8-6a78ff6325b1/call-BamToGvcf/VariantCalling/5b8f550e-3447-4d42-8f2c-f8f7b00d3ef3/call-ValidateVCF/execution/docker_cid
# run as in the original configuration without --rm flag (will remove later)
docker run \
  --cidfile /home/darja/workflow/cromwell-executions1/WholeGenomeGermlineSingleSample/06160bfb-7bc0-413b-9ba8-6a78ff6325b1/call-BamToGvcf/VariantCalling/5b8f550e-3447-4d42-8f2c-f8f7b00d3ef3/call-ValidateVCF/execution/docker_cid \
  -i \
  --user 1027:1028 \
  --cpus="64" \
  --memory="350G" \
  --entrypoint /bin/bash \
  -v /home/darja/workflow/cromwell-executions1/WholeGenomeGermlineSingleSample/06160bfb-7bc0-413b-9ba8-6a78ff6325b1/call-BamToGvcf/VariantCalling/5b8f550e-3447-4d42-8f2c-f8f7b00d3ef3/call-ValidateVCF:/cromwell-executions1/WholeGenomeGermlineSingleSample/06160bfb-7bc0-413b-9ba8-6a78ff6325b1/call-BamToGvcf/VariantCalling/5b8f550e-3447-4d42-8f2c-f8f7b00d3ef3/call-ValidateVCF \
  -v /mnt/nas1/projects/lasr/blendseq:/mnt/nas1/projects/lasr/blendseq \
  us.gcr.io/broad-gatk/gatk@sha256:c88912855b845bd40c6b4bc8f3dd1d4b333ed2549cd3e8386987ee7c0c284f5a /cromwell-executions1/WholeGenomeGermlineSingleSample/06160bfb-7bc0-413b-9ba8-6a78ff6325b1/call-BamToGvcf/VariantCalling/5b8f550e-3447-4d42-8f2c-f8f7b00d3ef3/call-ValidateVCF/execution/script

# get the return code (working even if the container was detached)
rc=$(docker wait [38;5;5mcat /home/darja/workflow/cromwell-executions1/WholeGenomeGermlineSingleSample/06160bfb-7bc0-413b-9ba8-6a78ff6325b1/call-BamToGvcf/VariantCalling/5b8f550e-3447-4d42-8f2c-f8f7b00d3ef3/call-ValidateVCF/execution/docker_cid[0m)

# remove the container after waiting
docker rm [38;5;5mcat /home/darja/workflow/cromwell-executions1/WholeGenomeGermlineSingleSample/06160bfb-7bc0-413b-9ba8-6a78ff6325b1/call-BamToGvcf/VariantCalling/5b8f550e-3447-4d42-8f2c-f8f7b00d3ef3/call-ValidateVCF/execution/docker_cid[0m

# return exit code
exit $rc
[2026-02-26 03:59:19,34] [info] BackgroundConfigAsyncJobExecutionActor [[38;5;2m5b8f550e[0mVariantCalling.ValidateVCF:NA:1]: job id: 139753
[2026-02-26 03:59:19,34] [info] BackgroundConfigAsyncJobExecutionActor [[38;5;2m5b8f550e[0mVariantCalling.ValidateVCF:NA:1]: Status change from - to WaitingForReturnCode
[2026-02-26 04:04:11,03] [info] BackgroundConfigAsyncJobExecutionActor [[38;5;2m5b8f550e[0mVariantCalling.ValidateVCF:NA:1]: Status change from WaitingForReturnCode to Done
[2026-02-26 04:04:19,46] [info] Assigned new job execution tokens to the following groups: 06160bfb: 1
[2026-02-26 04:04:19,47] [[38;5;220mwarn[0m] BackgroundConfigAsyncJobExecutionActor [[38;5;2m5b8f550e[0mVariantCalling.CollectVariantCallingMetrics:NA:1]: Unrecognized runtime attribute keys: preemptible, disks, memory
[2026-02-26 04:04:19,57] [info] BackgroundConfigAsyncJobExecutionActor [[38;5;2m5b8f550e[0mVariantCalling.CollectVariantCallingMetrics:NA:1]: [38;5;5mjava -Xms2000m -Xmx2500m -jar /usr/picard/picard.jar \
  CollectVariantCallingMetrics \
  INPUT=/cromwell-executions1/WholeGenomeGermlineSingleSample/06160bfb-7bc0-413b-9ba8-6a78ff6325b1/call-BamToGvcf/VariantCalling/5b8f550e-3447-4d42-8f2c-f8f7b00d3ef3/call-CollectVariantCallingMetrics/inputs/1108426801/ERR3687419_ILMN_gvcf_run22.hard-filtered.rb.g.vcf.gz \
  OUTPUT=ERR3687419_ILMN_gvcf_run22 \
  DBSNP=/cromwell-executions1/WholeGenomeGermlineSingleSample/06160bfb-7bc0-413b-9ba8-6a78ff6325b1/call-BamToGvcf/VariantCalling/5b8f550e-3447-4d42-8f2c-f8f7b00d3ef3/call-CollectVariantCallingMetrics/inputs/-1696015072/Homo_sapiens_assembly38.dbsnp138.vcf \
  SEQUENCE_DICTIONARY=/cromwell-executions1/WholeGenomeGermlineSingleSample/06160bfb-7bc0-413b-9ba8-6a78ff6325b1/call-BamToGvcf/VariantCalling/5b8f550e-3447-4d42-8f2c-f8f7b00d3ef3/call-CollectVariantCallingMetrics/inputs/-1569105944/Homo_sapiens_assembly38_masked.dict \
  TARGET_INTERVALS=/cromwell-executions1/WholeGenomeGermlineSingleSample/06160bfb-7bc0-413b-9ba8-6a78ff6325b1/call-BamToGvcf/VariantCalling/5b8f550e-3447-4d42-8f2c-f8f7b00d3ef3/call-CollectVariantCallingMetrics/inputs/-790663736/wgs_evaluation_regions.hg38.interval_list \
  GVCF_INPUT=true[0m
[2026-02-26 04:04:19,58] [info] BackgroundConfigAsyncJobExecutionActor [[38;5;2m5b8f550e[0mVariantCalling.CollectVariantCallingMetrics:NA:1]: executing: # make sure there is no preexisting Docker CID file
rm -f /home/darja/workflow/cromwell-executions1/WholeGenomeGermlineSingleSample/06160bfb-7bc0-413b-9ba8-6a78ff6325b1/call-BamToGvcf/VariantCalling/5b8f550e-3447-4d42-8f2c-f8f7b00d3ef3/call-CollectVariantCallingMetrics/execution/docker_cid
# run as in the original configuration without --rm flag (will remove later)
docker run \
  --cidfile /home/darja/workflow/cromwell-executions1/WholeGenomeGermlineSingleSample/06160bfb-7bc0-413b-9ba8-6a78ff6325b1/call-BamToGvcf/VariantCalling/5b8f550e-3447-4d42-8f2c-f8f7b00d3ef3/call-CollectVariantCallingMetrics/execution/docker_cid \
  -i \
  --user 1027:1028 \
  --cpus="64" \
  --memory="350G" \
  --entrypoint /bin/bash \
  -v /home/darja/workflow/cromwell-executions1/WholeGenomeGermlineSingleSample/06160bfb-7bc0-413b-9ba8-6a78ff6325b1/call-BamToGvcf/VariantCalling/5b8f550e-3447-4d42-8f2c-f8f7b00d3ef3/call-CollectVariantCallingMetrics:/cromwell-executions1/WholeGenomeGermlineSingleSample/06160bfb-7bc0-413b-9ba8-6a78ff6325b1/call-BamToGvcf/VariantCalling/5b8f550e-3447-4d42-8f2c-f8f7b00d3ef3/call-CollectVariantCallingMetrics \
  -v /mnt/nas1/projects/lasr/blendseq:/mnt/nas1/projects/lasr/blendseq \
  us.gcr.io/broad-gotc-prod/picard-cloud@sha256:e5ad5339080c3107c04e4a4d000b8ab06f472b77019debc3ff75499d28995b0c /cromwell-executions1/WholeGenomeGermlineSingleSample/06160bfb-7bc0-413b-9ba8-6a78ff6325b1/call-BamToGvcf/VariantCalling/5b8f550e-3447-4d42-8f2c-f8f7b00d3ef3/call-CollectVariantCallingMetrics/execution/script

# get the return code (working even if the container was detached)
rc=$(docker wait [38;5;5mcat /home/darja/workflow/cromwell-executions1/WholeGenomeGermlineSingleSample/06160bfb-7bc0-413b-9ba8-6a78ff6325b1/call-BamToGvcf/VariantCalling/5b8f550e-3447-4d42-8f2c-f8f7b00d3ef3/call-CollectVariantCallingMetrics/execution/docker_cid[0m)

# remove the container after waiting
docker rm [38;5;5mcat /home/darja/workflow/cromwell-executions1/WholeGenomeGermlineSingleSample/06160bfb-7bc0-413b-9ba8-6a78ff6325b1/call-BamToGvcf/VariantCalling/5b8f550e-3447-4d42-8f2c-f8f7b00d3ef3/call-CollectVariantCallingMetrics/execution/docker_cid[0m

# return exit code
exit $rc
[2026-02-26 04:04:24,34] [info] BackgroundConfigAsyncJobExecutionActor [[38;5;2m5b8f550e[0mVariantCalling.CollectVariantCallingMetrics:NA:1]: job id: 140179
[2026-02-26 04:04:24,34] [info] BackgroundConfigAsyncJobExecutionActor [[38;5;2m5b8f550e[0mVariantCalling.CollectVariantCallingMetrics:NA:1]: Status change from - to WaitingForReturnCode
[2026-02-26 04:10:08,53] [info] BackgroundConfigAsyncJobExecutionActor [[38;5;2m5b8f550e[0mVariantCalling.CollectVariantCallingMetrics:NA:1]: Status change from WaitingForReturnCode to Done
[2026-02-26 04:10:10,54] [info] 5b8f550e-3447-4d42-8f2c-f8f7b00d3ef3-SubWorkflowActor-SubWorkflow-BamToGvcf:-1:1 [[38;5;2m5b8f550e[0m]: Workflow VariantCalling complete. Final Outputs:
{
  "VariantCalling.output_vcf": "/home/darja/workflow/cromwell-executions1/WholeGenomeGermlineSingleSample/06160bfb-7bc0-413b-9ba8-6a78ff6325b1/call-BamToGvcf/VariantCalling/5b8f550e-3447-4d42-8f2c-f8f7b00d3ef3/call-Reblock/execution/ERR3687419_ILMN_gvcf_run22.hard-filtered.rb.g.vcf.gz",
  "VariantCalling.vcf_summary_metrics": "/home/darja/workflow/cromwell-executions1/WholeGenomeGermlineSingleSample/06160bfb-7bc0-413b-9ba8-6a78ff6325b1/call-BamToGvcf/VariantCalling/5b8f550e-3447-4d42-8f2c-f8f7b00d3ef3/call-CollectVariantCallingMetrics/execution/ERR3687419_ILMN_gvcf_run22.variant_calling_summary_metrics",
  "VariantCalling.bamout_index": null,
  "VariantCalling.bamout": null,
  "VariantCalling.vcf_detail_metrics": "/home/darja/workflow/cromwell-executions1/WholeGenomeGermlineSingleSample/06160bfb-7bc0-413b-9ba8-6a78ff6325b1/call-BamToGvcf/VariantCalling/5b8f550e-3447-4d42-8f2c-f8f7b00d3ef3/call-CollectVariantCallingMetrics/execution/ERR3687419_ILMN_gvcf_run22.variant_calling_detail_metrics",
  "VariantCalling.output_vcf_index": "/home/darja/workflow/cromwell-executions1/WholeGenomeGermlineSingleSample/06160bfb-7bc0-413b-9ba8-6a78ff6325b1/call-BamToGvcf/VariantCalling/5b8f550e-3447-4d42-8f2c-f8f7b00d3ef3/call-Reblock/execution/ERR3687419_ILMN_gvcf_run22.hard-filtered.rb.g.vcf.gz.tbi"
}
[2026-02-26 04:10:15,50] [info] WorkflowExecutionActor-06160bfb-7bc0-413b-9ba8-6a78ff6325b1 [[38;5;2m06160bfb[0m]: Workflow WholeGenomeGermlineSingleSample complete. Final Outputs:
{
  "WholeGenomeGermlineSingleSample.unsorted_read_group_quality_by_cycle_metrics": ["/home/darja/workflow/cromwell-executions1/WholeGenomeGermlineSingleSample/06160bfb-7bc0-413b-9ba8-6a78ff6325b1/call-UnmappedBamToAlignedBam/UnmappedBamToAlignedBam/e5dd9295-79be-4223-84e9-2c3cbc52bcd0/call-CollectUnsortedReadgroupBamQualityMetrics/shard-0/execution/ERR3687419_ILMN.readgroup.quality_by_cycle_metrics"],
  "WholeGenomeGermlineSingleSample.agg_alignment_summary_metrics": "/home/darja/workflow/cromwell-executions1/WholeGenomeGermlineSingleSample/06160bfb-7bc0-413b-9ba8-6a78ff6325b1/call-AggregatedBamQC/AggregatedBamQC/e9d68d94-878d-42f2-86cf-143188c51b56/call-CollectAggregationMetrics/execution/ERR3687419_ILMN.alignment_summary_metrics",
  "WholeGenomeGermlineSingleSample.agg_error_summary_metrics": "/home/darja/workflow/cromwell-executions1/WholeGenomeGermlineSingleSample/06160bfb-7bc0-413b-9ba8-6a78ff6325b1/call-AggregatedBamQC/AggregatedBamQC/e9d68d94-878d-42f2-86cf-143188c51b56/call-CollectAggregationMetrics/execution/ERR3687419_ILMN.error_summary_metrics",
  "WholeGenomeGermlineSingleSample.unsorted_read_group_quality_distribution_metrics": ["/home/darja/workflow/cromwell-executions1/WholeGenomeGermlineSingleSample/06160bfb-7bc0-413b-9ba8-6a78ff6325b1/call-UnmappedBamToAlignedBam/UnmappedBamToAlignedBam/e5dd9295-79be-4223-84e9-2c3cbc52bcd0/call-CollectUnsortedReadgroupBamQualityMetrics/shard-0/execution/ERR3687419_ILMN.readgroup.quality_distribution_metrics"],
  "WholeGenomeGermlineSingleSample.output_bam_index": null,
  "WholeGenomeGermlineSingleSample.agg_gc_bias_detail_metrics": "/home/darja/workflow/cromwell-executions1/WholeGenomeGermlineSingleSample/06160bfb-7bc0-413b-9ba8-6a78ff6325b1/call-AggregatedBamQC/AggregatedBamQC/e9d68d94-878d-42f2-86cf-143188c51b56/call-CollectAggregationMetrics/execution/ERR3687419_ILMN.gc_bias.detail_metrics",
  "WholeGenomeGermlineSingleSample.agg_gc_bias_pdf": "/home/darja/workflow/cromwell-executions1/WholeGenomeGermlineSingleSample/06160bfb-7bc0-413b-9ba8-6a78ff6325b1/call-AggregatedBamQC/AggregatedBamQC/e9d68d94-878d-42f2-86cf-143188c51b56/call-CollectAggregationMetrics/execution/ERR3687419_ILMN.gc_bias.pdf",
  "WholeGenomeGermlineSingleSample.output_vcf_index": "/home/darja/workflow/cromwell-executions1/WholeGenomeGermlineSingleSample/06160bfb-7bc0-413b-9ba8-6a78ff6325b1/call-BamToGvcf/VariantCalling/5b8f550e-3447-4d42-8f2c-f8f7b00d3ef3/call-Reblock/execution/ERR3687419_ILMN_gvcf_run22.hard-filtered.rb.g.vcf.gz.tbi",
  "WholeGenomeGermlineSingleSample.agg_gc_bias_summary_metrics": "/home/darja/workflow/cromwell-executions1/WholeGenomeGermlineSingleSample/06160bfb-7bc0-413b-9ba8-6a78ff6325b1/call-AggregatedBamQC/AggregatedBamQC/e9d68d94-878d-42f2-86cf-143188c51b56/call-CollectAggregationMetrics/execution/ERR3687419_ILMN.gc_bias.summary_metrics",
  "WholeGenomeGermlineSingleSample.unsorted_read_group_quality_distribution_pdf": ["/home/darja/workflow/cromwell-executions1/WholeGenomeGermlineSingleSample/06160bfb-7bc0-413b-9ba8-6a78ff6325b1/call-UnmappedBamToAlignedBam/UnmappedBamToAlignedBam/e5dd9295-79be-4223-84e9-2c3cbc52bcd0/call-CollectUnsortedReadgroupBamQualityMetrics/shard-0/execution/ERR3687419_ILMN.readgroup.quality_distribution.pdf"],
  "WholeGenomeGermlineSingleSample.agg_pre_adapter_detail_metrics": "/home/darja/workflow/cromwell-executions1/WholeGenomeGermlineSingleSample/06160bfb-7bc0-413b-9ba8-6a78ff6325b1/call-AggregatedBamQC/AggregatedBamQC/e9d68d94-878d-42f2-86cf-143188c51b56/call-CollectAggregationMetrics/execution/ERR3687419_ILMN.pre_adapter_detail_metrics",
  "WholeGenomeGermlineSingleSample.agg_insert_size_metrics": "/home/darja/workflow/cromwell-executions1/WholeGenomeGermlineSingleSample/06160bfb-7bc0-413b-9ba8-6a78ff6325b1/call-AggregatedBamQC/AggregatedBamQC/e9d68d94-878d-42f2-86cf-143188c51b56/call-CollectAggregationMetrics/execution/ERR3687419_ILMN.insert_size_metrics",
  "WholeGenomeGermlineSingleSample.read_group_alignment_summary_metrics": "/home/darja/workflow/cromwell-executions1/WholeGenomeGermlineSingleSample/06160bfb-7bc0-413b-9ba8-6a78ff6325b1/call-AggregatedBamQC/AggregatedBamQC/e9d68d94-878d-42f2-86cf-143188c51b56/call-CollectReadgroupBamQualityMetrics/execution/ERR3687419_ILMN.readgroup.alignment_summary_metrics",
  "WholeGenomeGermlineSingleSample.unsorted_read_group_insert_size_metrics": ["/home/darja/workflow/cromwell-executions1/WholeGenomeGermlineSingleSample/06160bfb-7bc0-413b-9ba8-6a78ff6325b1/call-UnmappedBamToAlignedBam/UnmappedBamToAlignedBam/e5dd9295-79be-4223-84e9-2c3cbc52bcd0/call-CollectUnsortedReadgroupBamQualityMetrics/shard-0/execution/ERR3687419_ILMN.readgroup.insert_size_metrics"],
  "WholeGenomeGermlineSingleSample.output_cram_md5": "/home/darja/workflow/cromwell-executions1/WholeGenomeGermlineSingleSample/06160bfb-7bc0-413b-9ba8-6a78ff6325b1/call-BamToCram/BamToCram/7db7689e-7771-4054-9929-ae6396efd402/call-ConvertToCram/execution/ERR3687419_ILMN.cram.md5",
  "WholeGenomeGermlineSingleSample.cross_check_fingerprints_metrics": "/home/darja/workflow/cromwell-executions1/WholeGenomeGermlineSingleSample/06160bfb-7bc0-413b-9ba8-6a78ff6325b1/call-UnmappedBamToAlignedBam/UnmappedBamToAlignedBam/e5dd9295-79be-4223-84e9-2c3cbc52bcd0/call-CrossCheckFingerprints/execution/ERR3687419_ILMN.crosscheck",
  "WholeGenomeGermlineSingleSample.duplicate_metrics": "/home/darja/workflow/cromwell-executions1/WholeGenomeGermlineSingleSample/06160bfb-7bc0-413b-9ba8-6a78ff6325b1/call-UnmappedBamToAlignedBam/UnmappedBamToAlignedBam/e5dd9295-79be-4223-84e9-2c3cbc52bcd0/call-MarkDuplicates/execution/ERR3687419_ILMN.duplicate_metrics",
  "WholeGenomeGermlineSingleSample.unsorted_read_group_base_distribution_by_cycle_metrics": ["/home/darja/workflow/cromwell-executions1/WholeGenomeGermlineSingleSample/06160bfb-7bc0-413b-9ba8-6a78ff6325b1/call-UnmappedBamToAlignedBam/UnmappedBamToAlignedBam/e5dd9295-79be-4223-84e9-2c3cbc52bcd0/call-CollectUnsortedReadgroupBamQualityMetrics/shard-0/execution/ERR3687419_ILMN.readgroup.base_distribution_by_cycle_metrics"],
  "WholeGenomeGermlineSingleSample.contamination": 9.70584E-9,
  "WholeGenomeGermlineSingleSample.read_group_gc_bias_pdf": "/home/darja/workflow/cromwell-executions1/WholeGenomeGermlineSingleSample/06160bfb-7bc0-413b-9ba8-6a78ff6325b1/call-AggregatedBamQC/AggregatedBamQC/e9d68d94-878d-42f2-86cf-143188c51b56/call-CollectReadgroupBamQualityMetrics/execution/ERR3687419_ILMN.readgroup.gc_bias.pdf",
  "WholeGenomeGermlineSingleSample.gvcf_summary_metrics": "/home/darja/workflow/cromwell-executions1/WholeGenomeGermlineSingleSample/06160bfb-7bc0-413b-9ba8-6a78ff6325b1/call-BamToGvcf/VariantCalling/5b8f550e-3447-4d42-8f2c-f8f7b00d3ef3/call-CollectVariantCallingMetrics/execution/ERR3687419_ILMN_gvcf_run22.variant_calling_summary_metrics",
  "WholeGenomeGermlineSingleSample.raw_wgs_metrics": "/home/darja/workflow/cromwell-executions1/WholeGenomeGermlineSingleSample/06160bfb-7bc0-413b-9ba8-6a78ff6325b1/call-CollectRawWgsMetrics/execution/ERR3687419_ILMN.raw_wgs_metrics",
  "WholeGenomeGermlineSingleSample.output_bam": null,
  "WholeGenomeGermlineSingleSample.agg_quality_distribution_pdf": "/home/darja/workflow/cromwell-executions1/WholeGenomeGermlineSingleSample/06160bfb-7bc0-413b-9ba8-6a78ff6325b1/call-AggregatedBamQC/AggregatedBamQC/e9d68d94-878d-42f2-86cf-143188c51b56/call-CollectAggregationMetrics/execution/ERR3687419_ILMN.quality_distribution.pdf",
  "WholeGenomeGermlineSingleSample.output_cram": "/home/darja/workflow/cromwell-executions1/WholeGenomeGermlineSingleSample/06160bfb-7bc0-413b-9ba8-6a78ff6325b1/call-BamToCram/BamToCram/7db7689e-7771-4054-9929-ae6396efd402/call-ConvertToCram/execution/ERR3687419_ILMN.cram",
  "WholeGenomeGermlineSingleSample.fingerprint_summary_metrics": null,
  "WholeGenomeGermlineSingleSample.agg_pre_adapter_summary_metrics": "/home/darja/workflow/cromwell-executions1/WholeGenomeGermlineSingleSample/06160bfb-7bc0-413b-9ba8-6a78ff6325b1/call-AggregatedBamQC/AggregatedBamQC/e9d68d94-878d-42f2-86cf-143188c51b56/call-CollectAggregationMetrics/execution/ERR3687419_ILMN.pre_adapter_summary_metrics",
  "WholeGenomeGermlineSingleSample.output_vcf": "/home/darja/workflow/cromwell-executions1/WholeGenomeGermlineSingleSample/06160bfb-7bc0-413b-9ba8-6a78ff6325b1/call-BamToGvcf/VariantCalling/5b8f550e-3447-4d42-8f2c-f8f7b00d3ef3/call-Reblock/execution/ERR3687419_ILMN_gvcf_run22.hard-filtered.rb.g.vcf.gz",
  "WholeGenomeGermlineSingleSample.unsorted_read_group_base_distribution_by_cycle_pdf": ["/home/darja/workflow/cromwell-executions1/WholeGenomeGermlineSingleSample/06160bfb-7bc0-413b-9ba8-6a78ff6325b1/call-UnmappedBamToAlignedBam/UnmappedBamToAlignedBam/e5dd9295-79be-4223-84e9-2c3cbc52bcd0/call-CollectUnsortedReadgroupBamQualityMetrics/shard-0/execution/ERR3687419_ILMN.readgroup.base_distribution_by_cycle.pdf"],
  "WholeGenomeGermlineSingleSample.output_cram_index": "/home/darja/workflow/cromwell-executions1/WholeGenomeGermlineSingleSample/06160bfb-7bc0-413b-9ba8-6a78ff6325b1/call-BamToCram/BamToCram/7db7689e-7771-4054-9929-ae6396efd402/call-ConvertToCram/execution/ERR3687419_ILMN.cram.crai",
  "WholeGenomeGermlineSingleSample.gvcf_detail_metrics": "/home/darja/workflow/cromwell-executions1/WholeGenomeGermlineSingleSample/06160bfb-7bc0-413b-9ba8-6a78ff6325b1/call-BamToGvcf/VariantCalling/5b8f550e-3447-4d42-8f2c-f8f7b00d3ef3/call-CollectVariantCallingMetrics/execution/ERR3687419_ILMN_gvcf_run22.variant_calling_detail_metrics",
  "WholeGenomeGermlineSingleSample.calculate_read_group_checksum_md5": "/home/darja/workflow/cromwell-executions1/WholeGenomeGermlineSingleSample/06160bfb-7bc0-413b-9ba8-6a78ff6325b1/call-AggregatedBamQC/AggregatedBamQC/e9d68d94-878d-42f2-86cf-143188c51b56/call-CalculateReadGroupChecksum/execution/ERR3687419_ILMN.aligned.duplicates_marked.recalibrated.bam.read_group_md5",
  "WholeGenomeGermlineSingleSample.read_group_gc_bias_detail_metrics": "/home/darja/workflow/cromwell-executions1/WholeGenomeGermlineSingleSample/06160bfb-7bc0-413b-9ba8-6a78ff6325b1/call-AggregatedBamQC/AggregatedBamQC/e9d68d94-878d-42f2-86cf-143188c51b56/call-CollectReadgroupBamQualityMetrics/execution/ERR3687419_ILMN.readgroup.gc_bias.detail_metrics",
  "WholeGenomeGermlineSingleSample.selfSM": "/home/darja/workflow/cromwell-executions1/WholeGenomeGermlineSingleSample/06160bfb-7bc0-413b-9ba8-6a78ff6325b1/call-UnmappedBamToAlignedBam/UnmappedBamToAlignedBam/e5dd9295-79be-4223-84e9-2c3cbc52bcd0/call-CheckContamination/execution/ERR3687419_ILMN.preBqsr.selfSM",
  "WholeGenomeGermlineSingleSample.validate_cram_file_report": "/home/darja/workflow/cromwell-executions1/WholeGenomeGermlineSingleSample/06160bfb-7bc0-413b-9ba8-6a78ff6325b1/call-BamToCram/BamToCram/7db7689e-7771-4054-9929-ae6396efd402/call-ValidateCram/execution/ERR3687419_ILMN.cram.validation_report",
  "WholeGenomeGermlineSingleSample.unsorted_read_group_insert_size_histogram_pdf": ["/home/darja/workflow/cromwell-executions1/WholeGenomeGermlineSingleSample/06160bfb-7bc0-413b-9ba8-6a78ff6325b1/call-UnmappedBamToAlignedBam/UnmappedBamToAlignedBam/e5dd9295-79be-4223-84e9-2c3cbc52bcd0/call-CollectUnsortedReadgroupBamQualityMetrics/shard-0/execution/ERR3687419_ILMN.readgroup.insert_size_histogram.pdf"],
  "WholeGenomeGermlineSingleSample.wgs_metrics": "/home/darja/workflow/cromwell-executions1/WholeGenomeGermlineSingleSample/06160bfb-7bc0-413b-9ba8-6a78ff6325b1/call-CollectWgsMetrics/execution/ERR3687419_ILMN.wgs_metrics",
  "WholeGenomeGermlineSingleSample.agg_quality_distribution_metrics": "/home/darja/workflow/cromwell-executions1/WholeGenomeGermlineSingleSample/06160bfb-7bc0-413b-9ba8-6a78ff6325b1/call-AggregatedBamQC/AggregatedBamQC/e9d68d94-878d-42f2-86cf-143188c51b56/call-CollectAggregationMetrics/execution/ERR3687419_ILMN.quality_distribution_metrics",
  "WholeGenomeGermlineSingleSample.agg_bait_bias_summary_metrics": "/home/darja/workflow/cromwell-executions1/WholeGenomeGermlineSingleSample/06160bfb-7bc0-413b-9ba8-6a78ff6325b1/call-AggregatedBamQC/AggregatedBamQC/e9d68d94-878d-42f2-86cf-143188c51b56/call-CollectAggregationMetrics/execution/ERR3687419_ILMN.bait_bias_summary_metrics",
  "WholeGenomeGermlineSingleSample.read_group_gc_bias_summary_metrics": "/home/darja/workflow/cromwell-executions1/WholeGenomeGermlineSingleSample/06160bfb-7bc0-413b-9ba8-6a78ff6325b1/call-AggregatedBamQC/AggregatedBamQC/e9d68d94-878d-42f2-86cf-143188c51b56/call-CollectReadgroupBamQualityMetrics/execution/ERR3687419_ILMN.readgroup.gc_bias.summary_metrics",
  "WholeGenomeGermlineSingleSample.agg_insert_size_histogram_pdf": "/home/darja/workflow/cromwell-executions1/WholeGenomeGermlineSingleSample/06160bfb-7bc0-413b-9ba8-6a78ff6325b1/call-AggregatedBamQC/AggregatedBamQC/e9d68d94-878d-42f2-86cf-143188c51b56/call-CollectAggregationMetrics/execution/ERR3687419_ILMN.insert_size_histogram.pdf",
  "WholeGenomeGermlineSingleSample.agg_bait_bias_detail_metrics": "/home/darja/workflow/cromwell-executions1/WholeGenomeGermlineSingleSample/06160bfb-7bc0-413b-9ba8-6a78ff6325b1/call-AggregatedBamQC/AggregatedBamQC/e9d68d94-878d-42f2-86cf-143188c51b56/call-CollectAggregationMetrics/execution/ERR3687419_ILMN.bait_bias_detail_metrics",
  "WholeGenomeGermlineSingleSample.fingerprint_detail_metrics": null,
  "WholeGenomeGermlineSingleSample.unsorted_read_group_quality_by_cycle_pdf": ["/home/darja/workflow/cromwell-executions1/WholeGenomeGermlineSingleSample/06160bfb-7bc0-413b-9ba8-6a78ff6325b1/call-UnmappedBamToAlignedBam/UnmappedBamToAlignedBam/e5dd9295-79be-4223-84e9-2c3cbc52bcd0/call-CollectUnsortedReadgroupBamQualityMetrics/shard-0/execution/ERR3687419_ILMN.readgroup.quality_by_cycle.pdf"],
  "WholeGenomeGermlineSingleSample.output_bqsr_reports": null,
  "WholeGenomeGermlineSingleSample.quality_yield_metrics": ["/home/darja/workflow/cromwell-executions1/WholeGenomeGermlineSingleSample/06160bfb-7bc0-413b-9ba8-6a78ff6325b1/call-UnmappedBamToAlignedBam/UnmappedBamToAlignedBam/e5dd9295-79be-4223-84e9-2c3cbc52bcd0/call-CollectQualityYieldMetrics/shard-0/execution/ERR3687419_ILMN.unmapped.quality_yield_metrics"]
}
[2026-02-26 04:10:46,56] [info] $a [[38;5;2m06160bfb[0m]: Copying workflow logs from /home/darja/workflow/cromwell-workflow-logs/workflow.06160bfb-7bc0-413b-9ba8-6a78ff6325b1.log to /mnt/nas1/projects/lasr/blendseq/warp-pipelines/data/run-logs/workflow.06160bfb-7bc0-413b-9ba8-6a78ff6325b1.log
[2026-02-26 04:10:49,34] [info] WorkflowManagerActor: Workflow actor for 06160bfb-7bc0-413b-9ba8-6a78ff6325b1 completed with status 'Succeeded'. The workflow will be removed from the workflow store.
[2026-02-26 04:11:23,13] [info] SingleWorkflowRunnerActor workflow finished with status 'Succeeded'.
{
  "outputs": {
    "WholeGenomeGermlineSingleSample.unsorted_read_group_quality_by_cycle_metrics": ["/home/darja/workflow/cromwell-executions1/WholeGenomeGermlineSingleSample/06160bfb-7bc0-413b-9ba8-6a78ff6325b1/call-UnmappedBamToAlignedBam/UnmappedBamToAlignedBam/e5dd9295-79be-4223-84e9-2c3cbc52bcd0/call-CollectUnsortedReadgroupBamQualityMetrics/shard-0/execution/ERR3687419_ILMN.readgroup.quality_by_cycle_metrics"],
    "WholeGenomeGermlineSingleSample.agg_alignment_summary_metrics": "/home/darja/workflow/cromwell-executions1/WholeGenomeGermlineSingleSample/06160bfb-7bc0-413b-9ba8-6a78ff6325b1/call-AggregatedBamQC/AggregatedBamQC/e9d68d94-878d-42f2-86cf-143188c51b56/call-CollectAggregationMetrics/execution/ERR3687419_ILMN.alignment_summary_metrics",
    "WholeGenomeGermlineSingleSample.agg_error_summary_metrics": "/home/darja/workflow/cromwell-executions1/WholeGenomeGermlineSingleSample/06160bfb-7bc0-413b-9ba8-6a78ff6325b1/call-AggregatedBamQC/AggregatedBamQC/e9d68d94-878d-42f2-86cf-143188c51b56/call-CollectAggregationMetrics/execution/ERR3687419_ILMN.error_summary_metrics",
    "WholeGenomeGermlineSingleSample.unsorted_read_group_quality_distribution_metrics": ["/home/darja/workflow/cromwell-executions1/WholeGenomeGermlineSingleSample/06160bfb-7bc0-413b-9ba8-6a78ff6325b1/call-UnmappedBamToAlignedBam/UnmappedBamToAlignedBam/e5dd9295-79be-4223-84e9-2c3cbc52bcd0/call-CollectUnsortedReadgroupBamQualityMetrics/shard-0/execution/ERR3687419_ILMN.readgroup.quality_distribution_metrics"],
    "WholeGenomeGermlineSingleSample.output_bam_index": null,
    "WholeGenomeGermlineSingleSample.agg_gc_bias_detail_metrics": "/home/darja/workflow/cromwell-executions1/WholeGenomeGermlineSingleSample/06160bfb-7bc0-413b-9ba8-6a78ff6325b1/call-AggregatedBamQC/AggregatedBamQC/e9d68d94-878d-42f2-86cf-143188c51b56/call-CollectAggregationMetrics/execution/ERR3687419_ILMN.gc_bias.detail_metrics",
    "WholeGenomeGermlineSingleSample.agg_gc_bias_pdf": "/home/darja/workflow/cromwell-executions1/WholeGenomeGermlineSingleSample/06160bfb-7bc0-413b-9ba8-6a78ff6325b1/call-AggregatedBamQC/AggregatedBamQC/e9d68d94-878d-42f2-86cf-143188c51b56/call-CollectAggregationMetrics/execution/ERR3687419_ILMN.gc_bias.pdf",
    "WholeGenomeGermlineSingleSample.output_vcf_index": "/home/darja/workflow/cromwell-executions1/WholeGenomeGermlineSingleSample/06160bfb-7bc0-413b-9ba8-6a78ff6325b1/call-BamToGvcf/VariantCalling/5b8f550e-3447-4d42-8f2c-f8f7b00d3ef3/call-Reblock/execution/ERR3687419_ILMN_gvcf_run22.hard-filtered.rb.g.vcf.gz.tbi",
    "WholeGenomeGermlineSingleSample.agg_gc_bias_summary_metrics": "/home/darja/workflow/cromwell-executions1/WholeGenomeGermlineSingleSample/06160bfb-7bc0-413b-9ba8-6a78ff6325b1/call-AggregatedBamQC/AggregatedBamQC/e9d68d94-878d-42f2-86cf-143188c51b56/call-CollectAggregationMetrics/execution/ERR3687419_ILMN.gc_bias.summary_metrics",
    "WholeGenomeGermlineSingleSample.unsorted_read_group_quality_distribution_pdf": ["/home/darja/workflow/cromwell-executions1/WholeGenomeGermlineSingleSample/06160bfb-7bc0-413b-9ba8-6a78ff6325b1/call-UnmappedBamToAlignedBam/UnmappedBamToAlignedBam/e5dd9295-79be-4223-84e9-2c3cbc52bcd0/call-CollectUnsortedReadgroupBamQualityMetrics/shard-0/execution/ERR3687419_ILMN.readgroup.quality_distribution.pdf"],
    "WholeGenomeGermlineSingleSample.agg_pre_adapter_detail_metrics": "/home/darja/workflow/cromwell-executions1/WholeGenomeGermlineSingleSample/06160bfb-7bc0-413b-9ba8-6a78ff6325b1/call-AggregatedBamQC/AggregatedBamQC/e9d68d94-878d-42f2-86cf-143188c51b56/call-CollectAggregationMetrics/execution/ERR3687419_ILMN.pre_adapter_detail_metrics",
    "WholeGenomeGermlineSingleSample.agg_insert_size_metrics": "/home/darja/workflow/cromwell-executions1/WholeGenomeGermlineSingleSample/06160bfb-7bc0-413b-9ba8-6a78ff6325b1/call-AggregatedBamQC/AggregatedBamQC/e9d68d94-878d-42f2-86cf-143188c51b56/call-CollectAggregationMetrics/execution/ERR3687419_ILMN.insert_size_metrics",
    "WholeGenomeGermlineSingleSample.read_group_alignment_summary_metrics": "/home/darja/workflow/cromwell-executions1/WholeGenomeGermlineSingleSample/06160bfb-7bc0-413b-9ba8-6a78ff6325b1/call-AggregatedBamQC/AggregatedBamQC/e9d68d94-878d-42f2-86cf-143188c51b56/call-CollectReadgroupBamQualityMetrics/execution/ERR3687419_ILMN.readgroup.alignment_summary_metrics",
    "WholeGenomeGermlineSingleSample.unsorted_read_group_insert_size_metrics": ["/home/darja/workflow/cromwell-executions1/WholeGenomeGermlineSingleSample/06160bfb-7bc0-413b-9ba8-6a78ff6325b1/call-UnmappedBamToAlignedBam/UnmappedBamToAlignedBam/e5dd9295-79be-4223-84e9-2c3cbc52bcd0/call-CollectUnsortedReadgroupBamQualityMetrics/shard-0/execution/ERR3687419_ILMN.readgroup.insert_size_metrics"],
    "WholeGenomeGermlineSingleSample.output_cram_md5": "/home/darja/workflow/cromwell-executions1/WholeGenomeGermlineSingleSample/06160bfb-7bc0-413b-9ba8-6a78ff6325b1/call-BamToCram/BamToCram/7db7689e-7771-4054-9929-ae6396efd402/call-ConvertToCram/execution/ERR3687419_ILMN.cram.md5",
    "WholeGenomeGermlineSingleSample.cross_check_fingerprints_metrics": "/home/darja/workflow/cromwell-executions1/WholeGenomeGermlineSingleSample/06160bfb-7bc0-413b-9ba8-6a78ff6325b1/call-UnmappedBamToAlignedBam/UnmappedBamToAlignedBam/e5dd9295-79be-4223-84e9-2c3cbc52bcd0/call-CrossCheckFingerprints/execution/ERR3687419_ILMN.crosscheck",
    "WholeGenomeGermlineSingleSample.duplicate_metrics": "/home/darja/workflow/cromwell-executions1/WholeGenomeGermlineSingleSample/06160bfb-7bc0-413b-9ba8-6a78ff6325b1/call-UnmappedBamToAlignedBam/UnmappedBamToAlignedBam/e5dd9295-79be-4223-84e9-2c3cbc52bcd0/call-MarkDuplicates/execution/ERR3687419_ILMN.duplicate_metrics",
    "WholeGenomeGermlineSingleSample.unsorted_read_group_base_distribution_by_cycle_metrics": ["/home/darja/workflow/cromwell-executions1/WholeGenomeGermlineSingleSample/06160bfb-7bc0-413b-9ba8-6a78ff6325b1/call-UnmappedBamToAlignedBam/UnmappedBamToAlignedBam/e5dd9295-79be-4223-84e9-2c3cbc52bcd0/call-CollectUnsortedReadgroupBamQualityMetrics/shard-0/execution/ERR3687419_ILMN.readgroup.base_distribution_by_cycle_metrics"],
    "WholeGenomeGermlineSingleSample.contamination": 9.70584E-9,
    "WholeGenomeGermlineSingleSample.read_group_gc_bias_pdf": "/home/darja/workflow/cromwell-executions1/WholeGenomeGermlineSingleSample/06160bfb-7bc0-413b-9ba8-6a78ff6325b1/call-AggregatedBamQC/AggregatedBamQC/e9d68d94-878d-42f2-86cf-143188c51b56/call-CollectReadgroupBamQualityMetrics/execution/ERR3687419_ILMN.readgroup.gc_bias.pdf",
    "WholeGenomeGermlineSingleSample.gvcf_summary_metrics": "/home/darja/workflow/cromwell-executions1/WholeGenomeGermlineSingleSample/06160bfb-7bc0-413b-9ba8-6a78ff6325b1/call-BamToGvcf/VariantCalling/5b8f550e-3447-4d42-8f2c-f8f7b00d3ef3/call-CollectVariantCallingMetrics/execution/ERR3687419_ILMN_gvcf_run22.variant_calling_summary_metrics",
    "WholeGenomeGermlineSingleSample.raw_wgs_metrics": "/home/darja/workflow/cromwell-executions1/WholeGenomeGermlineSingleSample/06160bfb-7bc0-413b-9ba8-6a78ff6325b1/call-CollectRawWgsMetrics/execution/ERR3687419_ILMN.raw_wgs_metrics",
    "WholeGenomeGermlineSingleSample.output_bam": null,
    "WholeGenomeGermlineSingleSample.agg_quality_distribution_pdf": "/home/darja/workflow/cromwell-executions1/WholeGenomeGermlineSingleSample/06160bfb-7bc0-413b-9ba8-6a78ff6325b1/call-AggregatedBamQC/AggregatedBamQC/e9d68d94-878d-42f2-86cf-143188c51b56/call-CollectAggregationMetrics/execution/ERR3687419_ILMN.quality_distribution.pdf",
    "WholeGenomeGermlineSingleSample.output_cram": "/home/darja/workflow/cromwell-executions1/WholeGenomeGermlineSingleSample/06160bfb-7bc0-413b-9ba8-6a78ff6325b1/call-BamToCram/BamToCram/7db7689e-7771-4054-9929-ae6396efd402/call-ConvertToCram/execution/ERR3687419_ILMN.cram",
    "WholeGenomeGermlineSingleSample.fingerprint_summary_metrics": null,
    "WholeGenomeGermlineSingleSample.agg_pre_adapter_summary_metrics": "/home/darja/workflow/cromwell-executions1/WholeGenomeGermlineSingleSample/06160bfb-7bc0-413b-9ba8-6a78ff6325b1/call-AggregatedBamQC/AggregatedBamQC/e9d68d94-878d-42f2-86cf-143188c51b56/call-CollectAggregationMetrics/execution/ERR3687419_ILMN.pre_adapter_summary_metrics",
    "WholeGenomeGermlineSingleSample.output_vcf": "/home/darja/workflow/cromwell-executions1/WholeGenomeGermlineSingleSample/06160bfb-7bc0-413b-9ba8-6a78ff6325b1/call-BamToGvcf/VariantCalling/5b8f550e-3447-4d42-8f2c-f8f7b00d3ef3/call-Reblock/execution/ERR3687419_ILMN_gvcf_run22.hard-filtered.rb.g.vcf.gz",
    "WholeGenomeGermlineSingleSample.unsorted_read_group_base_distribution_by_cycle_pdf": ["/home/darja/workflow/cromwell-executions1/WholeGenomeGermlineSingleSample/06160bfb-7bc0-413b-9ba8-6a78ff6325b1/call-UnmappedBamToAlignedBam/UnmappedBamToAlignedBam/e5dd9295-79be-4223-84e9-2c3cbc52bcd0/call-CollectUnsortedReadgroupBamQualityMetrics/shard-0/execution/ERR3687419_ILMN.readgroup.base_distribution_by_cycle.pdf"],
    "WholeGenomeGermlineSingleSample.output_cram_index": "/home/darja/workflow/cromwell-executions1/WholeGenomeGermlineSingleSample/06160bfb-7bc0-413b-9ba8-6a78ff6325b1/call-BamToCram/BamToCram/7db7689e-7771-4054-9929-ae6396efd402/call-ConvertToCram/execution/ERR3687419_ILMN.cram.crai",
    "WholeGenomeGermlineSingleSample.gvcf_detail_metrics": "/home/darja/workflow/cromwell-executions1/WholeGenomeGermlineSingleSample/06160bfb-7bc0-413b-9ba8-6a78ff6325b1/call-BamToGvcf/VariantCalling/5b8f550e-3447-4d42-8f2c-f8f7b00d3ef3/call-CollectVariantCallingMetrics/execution/ERR3687419_ILMN_gvcf_run22.variant_calling_detail_metrics",
    "WholeGenomeGermlineSingleSample.calculate_read_group_checksum_md5": "/home/darja/workflow/cromwell-executions1/WholeGenomeGermlineSingleSample/06160bfb-7bc0-413b-9ba8-6a78ff6325b1/call-AggregatedBamQC/AggregatedBamQC/e9d68d94-878d-42f2-86cf-143188c51b56/call-CalculateReadGroupChecksum/execution/ERR3687419_ILMN.aligned.duplicates_marked.recalibrated.bam.read_group_md5",
    "WholeGenomeGermlineSingleSample.read_group_gc_bias_detail_metrics": "/home/darja/workflow/cromwell-executions1/WholeGenomeGermlineSingleSample/06160bfb-7bc0-413b-9ba8-6a78ff6325b1/call-AggregatedBamQC/AggregatedBamQC/e9d68d94-878d-42f2-86cf-143188c51b56/call-CollectReadgroupBamQualityMetrics/execution/ERR3687419_ILMN.readgroup.gc_bias.detail_metrics",
    "WholeGenomeGermlineSingleSample.selfSM": "/home/darja/workflow/cromwell-executions1/WholeGenomeGermlineSingleSample/06160bfb-7bc0-413b-9ba8-6a78ff6325b1/call-UnmappedBamToAlignedBam/UnmappedBamToAlignedBam/e5dd9295-79be-4223-84e9-2c3cbc52bcd0/call-CheckContamination/execution/ERR3687419_ILMN.preBqsr.selfSM",
    "WholeGenomeGermlineSingleSample.validate_cram_file_report": "/home/darja/workflow/cromwell-executions1/WholeGenomeGermlineSingleSample/06160bfb-7bc0-413b-9ba8-6a78ff6325b1/call-BamToCram/BamToCram/7db7689e-7771-4054-9929-ae6396efd402/call-ValidateCram/execution/ERR3687419_ILMN.cram.validation_report",
    "WholeGenomeGermlineSingleSample.unsorted_read_group_insert_size_histogram_pdf": ["/home/darja/workflow/cromwell-executions1/WholeGenomeGermlineSingleSample/06160bfb-7bc0-413b-9ba8-6a78ff6325b1/call-UnmappedBamToAlignedBam/UnmappedBamToAlignedBam/e5dd9295-79be-4223-84e9-2c3cbc52bcd0/call-CollectUnsortedReadgroupBamQualityMetrics/shard-0/execution/ERR3687419_ILMN.readgroup.insert_size_histogram.pdf"],
    "WholeGenomeGermlineSingleSample.wgs_metrics": "/home/darja/workflow/cromwell-executions1/WholeGenomeGermlineSingleSample/06160bfb-7bc0-413b-9ba8-6a78ff6325b1/call-CollectWgsMetrics/execution/ERR3687419_ILMN.wgs_metrics",
    "WholeGenomeGermlineSingleSample.agg_quality_distribution_metrics": "/home/darja/workflow/cromwell-executions1/WholeGenomeGermlineSingleSample/06160bfb-7bc0-413b-9ba8-6a78ff6325b1/call-AggregatedBamQC/AggregatedBamQC/e9d68d94-878d-42f2-86cf-143188c51b56/call-CollectAggregationMetrics/execution/ERR3687419_ILMN.quality_distribution_metrics",
    "WholeGenomeGermlineSingleSample.agg_bait_bias_summary_metrics": "/home/darja/workflow/cromwell-executions1/WholeGenomeGermlineSingleSample/06160bfb-7bc0-413b-9ba8-6a78ff6325b1/call-AggregatedBamQC/AggregatedBamQC/e9d68d94-878d-42f2-86cf-143188c51b56/call-CollectAggregationMetrics/execution/ERR3687419_ILMN.bait_bias_summary_metrics",
    "WholeGenomeGermlineSingleSample.read_group_gc_bias_summary_metrics": "/home/darja/workflow/cromwell-executions1/WholeGenomeGermlineSingleSample/06160bfb-7bc0-413b-9ba8-6a78ff6325b1/call-AggregatedBamQC/AggregatedBamQC/e9d68d94-878d-42f2-86cf-143188c51b56/call-CollectReadgroupBamQualityMetrics/execution/ERR3687419_ILMN.readgroup.gc_bias.summary_metrics",
    "WholeGenomeGermlineSingleSample.agg_insert_size_histogram_pdf": "/home/darja/workflow/cromwell-executions1/WholeGenomeGermlineSingleSample/06160bfb-7bc0-413b-9ba8-6a78ff6325b1/call-AggregatedBamQC/AggregatedBamQC/e9d68d94-878d-42f2-86cf-143188c51b56/call-CollectAggregationMetrics/execution/ERR3687419_ILMN.insert_size_histogram.pdf",
    "WholeGenomeGermlineSingleSample.agg_bait_bias_detail_metrics": "/home/darja/workflow/cromwell-executions1/WholeGenomeGermlineSingleSample/06160bfb-7bc0-413b-9ba8-6a78ff6325b1/call-AggregatedBamQC/AggregatedBamQC/e9d68d94-878d-42f2-86cf-143188c51b56/call-CollectAggregationMetrics/execution/ERR3687419_ILMN.bait_bias_detail_metrics",
    "WholeGenomeGermlineSingleSample.fingerprint_detail_metrics": null,
    "WholeGenomeGermlineSingleSample.unsorted_read_group_quality_by_cycle_pdf": ["/home/darja/workflow/cromwell-executions1/WholeGenomeGermlineSingleSample/06160bfb-7bc0-413b-9ba8-6a78ff6325b1/call-UnmappedBamToAlignedBam/UnmappedBamToAlignedBam/e5dd9295-79be-4223-84e9-2c3cbc52bcd0/call-CollectUnsortedReadgroupBamQualityMetrics/shard-0/execution/ERR3687419_ILMN.readgroup.quality_by_cycle.pdf"],
    "WholeGenomeGermlineSingleSample.output_bqsr_reports": null,
    "WholeGenomeGermlineSingleSample.quality_yield_metrics": ["/home/darja/workflow/cromwell-executions1/WholeGenomeGermlineSingleSample/06160bfb-7bc0-413b-9ba8-6a78ff6325b1/call-UnmappedBamToAlignedBam/UnmappedBamToAlignedBam/e5dd9295-79be-4223-84e9-2c3cbc52bcd0/call-CollectQualityYieldMetrics/shard-0/execution/ERR3687419_ILMN.unmapped.quality_yield_metrics"]
  },
  "id": "06160bfb-7bc0-413b-9ba8-6a78ff6325b1"
}
[2026-02-26 04:11:24,41] [info] Workflow polling stopped
[2026-02-26 04:11:24,43] [info] 0 workflows released by cromid-0b1c958
[2026-02-26 04:11:24,43] [info] Shutting down WorkflowStoreActor - Timeout = 5 seconds
[2026-02-26 04:11:24,44] [info] Shutting down WorkflowLogCopyRouter - Timeout = 5 seconds
[2026-02-26 04:11:24,44] [info] Shutting down JobExecutionTokenDispenser - Timeout = 5 seconds
[2026-02-26 04:11:24,44] [info] JobExecutionTokenDispenser stopped
[2026-02-26 04:11:24,44] [info] Aborting all running workflows.
[2026-02-26 04:11:24,44] [info] WorkflowStoreActor stopped
[2026-02-26 04:11:24,45] [info] WorkflowLogCopyRouter stopped
[2026-02-26 04:11:24,45] [info] Shutting down WorkflowManagerActor - Timeout = 3600 seconds
[2026-02-26 04:11:24,45] [info] WorkflowManagerActor: All workflows finished
[2026-02-26 04:11:24,45] [info] WorkflowManagerActor stopped
[2026-02-26 04:11:24,61] [info] Connection pools shut down
[2026-02-26 04:11:24,61] [info] Shutting down SubWorkflowStoreActor - Timeout = 1800 seconds
[2026-02-26 04:11:24,61] [info] Shutting down JobStoreActor - Timeout = 1800 seconds
[2026-02-26 04:11:24,61] [info] Shutting down CallCacheWriteActor - Timeout = 1800 seconds
[2026-02-26 04:11:24,61] [info] Shutting down ServiceRegistryActor - Timeout = 1800 seconds
[2026-02-26 04:11:24,61] [info] Shutting down DockerHashActor - Timeout = 1800 seconds
[2026-02-26 04:11:24,61] [info] Shutting down IoProxy - Timeout = 1800 seconds
[2026-02-26 04:11:24,61] [info] SubWorkflowStoreActor stopped
[2026-02-26 04:11:24,61] [info] CallCacheWriteActor Shutting down: 0 queued messages to process
[2026-02-26 04:11:24,61] [info] WriteMetadataActor Shutting down: 0 queued messages to process
[2026-02-26 04:11:24,61] [info] JobStoreActor stopped
[2026-02-26 04:11:24,61] [info] KvWriteActor Shutting down: 0 queued messages to process
[2026-02-26 04:11:24,61] [info] CallCacheWriteActor stopped
[2026-02-26 04:11:24,62] [info] IoProxy stopped
[2026-02-26 04:11:24,62] [info] DockerHashActor stopped
[2026-02-26 04:11:24,62] [info] ServiceRegistryActor stopped
[2026-02-26 04:11:24,63] [info] Shutting down connection pool: curAllocated=0 idleQueues.size=0 waitQueue.size=0 maxWaitQueueLimit=256 closed=false
[2026-02-26 04:11:24,63] [info] Shutting down connection pool: curAllocated=0 idleQueues.size=0 waitQueue.size=0 maxWaitQueueLimit=256 closed=false
[2026-02-26 04:11:24,63] [info] Shutting down connection pool: curAllocated=1 idleQueues.size=1 waitQueue.size=0 maxWaitQueueLimit=256 closed=false
[2026-02-26 04:11:24,63] [info] Database closed
[2026-02-26 04:11:24,63] [info] Stream materializer shut down
[2026-02-26 04:11:24,63] [info] WDL HTTP import resolver closed
