[2026-03-25 15:07:32,56] [info] Running with database db.url = jdbc:hsqldb:mem:c5770548-5df2-4ca3-b354-661d2f72888c;shutdown=false;hsqldb.tx=mvcc
[2026-03-25 15:07:34,97] [info] Running migration RenameWorkflowOptionsInMetadata with a read batch size of 100000 and a write batch size of 100000
[2026-03-25 15:07:34,98] [info] [RenameWorkflowOptionsInMetadata] 100%
[2026-03-25 15:07:35,25] [info] Running with database db.url = jdbc:hsqldb:mem:1b5f22a8-9263-4bd3-80d7-473f0585dc04;shutdown=false;hsqldb.tx=mvcc
[2026-03-25 15:07:35,75] [info] Slf4jLogger started
[2026-03-25 15:07:35,93] [info] Workflow heartbeat configuration:
{
  "cromwellId" : "cromid-9a1c780",
  "heartbeatInterval" : "2 minutes",
  "ttl" : "10 minutes",
  "failureShutdownDuration" : "5 minutes",
  "writeBatchSize" : 10000,
  "writeThreshold" : 10000
}
[2026-03-25 15:07:36,00] [info] Metadata summary refreshing every 1 second.
[2026-03-25 15:07:36,01] [info] No metadata archiver defined in config
[2026-03-25 15:07:36,01] [info] No metadata deleter defined in config
[2026-03-25 15:07:36,02] [info] KvWriteActor configured to flush with batch size 200 and process rate 5 seconds.
[2026-03-25 15:07:36,02] [info] WriteMetadataActor configured to flush with batch size 200 and process rate 5 seconds.
[2026-03-25 15:07:36,05] [info] CallCacheWriteActor configured to flush with batch size 100 and process rate 3 seconds.
[2026-03-25 15:07:36,14] [info] JobRestartCheckTokenDispenser - Distribution rate: 50 per 1 seconds.
[2026-03-25 15:07:36,19] [info] JobExecutionTokenDispenser - Distribution rate: 20 per 10 seconds.
[2026-03-25 15:07:36,19] [info] GroupMetricsActor configured to log groups experiencing quota exhaustion at interval of 5 minutes.
[2026-03-25 15:07:36,22] [info] SingleWorkflowRunnerActor: Version 91
[2026-03-25 15:07:36,23] [info] SingleWorkflowRunnerActor: Submitting workflow
[2026-03-25 15:07:36,26] [info] 1 new workflows fetched by cromid-9a1c780: 62cff5fe-42ff-4727-90af-a04169deff2b
[2026-03-25 15:07:36,28] [info] WorkflowManagerActor: Starting workflow [38;5;2m62cff5fe-42ff-4727-90af-a04169deff2b[0m
[2026-03-25 15:07:36,28] [info] Unspecified type (Unspecified version) workflow 62cff5fe-42ff-4727-90af-a04169deff2b submitted
[2026-03-25 15:07:36,29] [info] WorkflowManagerActor: Successfully started WorkflowActor-62cff5fe-42ff-4727-90af-a04169deff2b
[2026-03-25 15:07:36,29] [info] Retrieved 1 workflows from the WorkflowStoreActor
[2026-03-25 15:07:36,31] [info] SingleWorkflowRunnerActor: Workflow submitted [38;5;2m62cff5fe-42ff-4727-90af-a04169deff2b[0m
[2026-03-25 15:07:36,32] [info] WorkflowStoreHeartbeatWriteActor configured to flush with batch size 10000 and process rate 2 minutes.
[2026-03-25 15:07:36,41] [info] MaterializeWorkflowDescriptorActor [[38;5;2m62cff5fe[0m]: Parsing workflow as WDL 1.0
[2026-03-25 15:07:38,17] [info] MaterializeWorkflowDescriptorActor [[38;5;2m62cff5fe[0m]: Call-to-Backend assignments: UnmappedBamToAlignedBam.SortSampleBam -> Docker, AggregatedBamQC.CheckFingerprintTask -> Docker, VariantCalling.DragenHardFilterVcf -> Docker, VariantCalling.MergeBamouts -> Docker, UnmappedBamToAlignedBam.MarkDuplicates -> Docker, SplitLargeReadGroup.SamToFastqAndBwaMemAndMba -> Docker, UnmappedBamToAlignedBam.CrossCheckFingerprints -> Docker, WholeGenomeGermlineSingleSample.CollectWgsMetrics -> Docker, VariantCalling.CollectVariantCallingMetrics -> Docker, VariantCalling.ScatterIntervalList -> Docker, BamToCram.ValidateCram -> Docker, BamToCram.CheckPreValidation -> Docker, VariantCalling.HaplotypeCallerGATK3 -> Docker, VariantCalling.DragstrAutoCalibration -> Docker, SplitLargeReadGroup.GatherMonolithicBamFile -> Docker, SplitLargeReadGroup.SamSplitter -> Docker, AggregatedBamQC.CollectAggregationMetrics -> Docker, AggregatedBamQC.CalculateReadGroupChecksum -> Docker, WholeGenomeGermlineSingleSample.CollectRawWgsMetrics -> Docker, WholeGenomeGermlineSingleSample.PresetArgumentsError -> Docker, UnmappedBamToAlignedBam.BaseRecalibrator -> Docker, UnmappedBamToAlignedBam.SamToFastqAndBwaMemAndMba -> Docker, VariantCalling.Reblock -> Docker, UnmappedBamToAlignedBam.CollectQualityYieldMetrics -> Docker, UnmappedBamToAlignedBam.SamToFastqAndDragmapAndMba -> Docker, SplitLargeReadGroup.SamToFastqAndDragmapAndMba -> Docker, VariantCalling.HaplotypeCallerGATK4 -> Docker, UnmappedBamToAlignedBam.CreateSequenceGroupingTSV -> Docker, WholeGenomeGermlineSingleSample.DragenModeVariantCallingAndGATK3Error -> Docker, UnmappedBamToAlignedBam.CollectUnsortedReadgroupBamQualityMetrics -> Docker, BamToCram.ConvertToCram -> Docker, UnmappedBamToAlignedBam.ApplyBQSR -> Docker, UnmappedBamToAlignedBam.GatherBamFiles -> Docker, UnmappedBamToAlignedBam.GatherBqsrReports -> Docker, VariantCalling.ValidateVCF -> Docker, VariantCalling.ErrorMessageIncorrectInput -> Docker, UnmappedBamToAlignedBam.CheckContamination -> Docker, AggregatedBamQC.CollectReadgroupBamQualityMetrics -> Docker, VariantCalling.SortBamout -> Docker, VariantCalling.MergeVCFs -> Docker
[2026-03-25 15:07:38,33] [[38;5;220mwarn[0m] Docker [[38;5;2m62cff5fe[0m]: Key/s [preemptible, disks, cpu, memory] is/are not supported by backend. Unsupported attributes will not be part of job executions.
[2026-03-25 15:07:38,34] [[38;5;220mwarn[0m] Docker [[38;5;2m62cff5fe[0m]: Key/s [disks, memory, preemptible] is/are not supported by backend. Unsupported attributes will not be part of job executions.
[2026-03-25 15:07:38,34] [[38;5;220mwarn[0m] Docker [[38;5;2m62cff5fe[0m]: Key/s [preemptible, bootDiskSizeGb, disks, memory] is/are not supported by backend. Unsupported attributes will not be part of job executions.
[2026-03-25 15:07:38,34] [[38;5;220mwarn[0m] Docker [[38;5;2m62cff5fe[0m]: Key/s [preemptible, disks, cpu, memory] is/are not supported by backend. Unsupported attributes will not be part of job executions.
[2026-03-25 15:07:38,34] [[38;5;220mwarn[0m] Docker [[38;5;2m62cff5fe[0m]: Key/s [preemptible, memory, disks] is/are not supported by backend. Unsupported attributes will not be part of job executions.
[2026-03-25 15:07:38,34] [[38;5;220mwarn[0m] Docker [[38;5;2m62cff5fe[0m]: Key/s [preemptible, disks, cpu, memory] is/are not supported by backend. Unsupported attributes will not be part of job executions.
[2026-03-25 15:07:38,34] [[38;5;220mwarn[0m] Docker [[38;5;2m62cff5fe[0m]: Key/s [preemptible, memory, disks] is/are not supported by backend. Unsupported attributes will not be part of job executions.
[2026-03-25 15:07:38,34] [[38;5;220mwarn[0m] Docker [[38;5;2m62cff5fe[0m]: Key/s [preemptible, memory, disks] is/are not supported by backend. Unsupported attributes will not be part of job executions.
[2026-03-25 15:07:38,34] [[38;5;220mwarn[0m] Docker [[38;5;2m62cff5fe[0m]: Key/s [preemptible, memory, disks] is/are not supported by backend. Unsupported attributes will not be part of job executions.
[2026-03-25 15:07:38,34] [[38;5;220mwarn[0m] Docker [[38;5;2m62cff5fe[0m]: Key/s [memory] is/are not supported by backend. Unsupported attributes will not be part of job executions.
[2026-03-25 15:07:38,34] [[38;5;220mwarn[0m] Docker [[38;5;2m62cff5fe[0m]: Key/s [preemptible, memory, disks] is/are not supported by backend. Unsupported attributes will not be part of job executions.
[2026-03-25 15:07:38,34] [[38;5;220mwarn[0m] Docker [[38;5;2m62cff5fe[0m]: Key/s [preemptible, memory] is/are not supported by backend. Unsupported attributes will not be part of job executions.
[2026-03-25 15:07:38,34] [[38;5;220mwarn[0m] Docker [[38;5;2m62cff5fe[0m]: Key/s [preemptible, disks, cpu, memory] is/are not supported by backend. Unsupported attributes will not be part of job executions.
[2026-03-25 15:07:38,34] [[38;5;220mwarn[0m] Docker [[38;5;2m62cff5fe[0m]: Key/s [preemptible, disks, cpu, memory] is/are not supported by backend. Unsupported attributes will not be part of job executions.
[2026-03-25 15:07:38,34] [[38;5;220mwarn[0m] Docker [[38;5;2m62cff5fe[0m]: Key/s [preemptible, memory, disks] is/are not supported by backend. Unsupported attributes will not be part of job executions.
[2026-03-25 15:07:38,34] [[38;5;220mwarn[0m] Docker [[38;5;2m62cff5fe[0m]: Key/s [preemptible, memory, disks] is/are not supported by backend. Unsupported attributes will not be part of job executions.
[2026-03-25 15:07:38,34] [[38;5;220mwarn[0m] Docker [[38;5;2m62cff5fe[0m]: Key/s [memory, disks, preemptible] is/are not supported by backend. Unsupported attributes will not be part of job executions.
[2026-03-25 15:07:38,35] [[38;5;220mwarn[0m] Docker [[38;5;2m62cff5fe[0m]: Key/s [preemptible, memory, disks] is/are not supported by backend. Unsupported attributes will not be part of job executions.
[2026-03-25 15:07:38,35] [[38;5;220mwarn[0m] Docker [[38;5;2m62cff5fe[0m]: Key/s [preemptible, memory, disks] is/are not supported by backend. Unsupported attributes will not be part of job executions.
[2026-03-[2026-03-25 16:04:52,39] [[38;5;1merror[0m] Timed out trying to gracefully stop WorkflowManagerActor. Forcefully stopping it.
[2026-03-25 16:04:52,39] [[38;5;220mwarn[0m] Task [stopWorkflowManagerActor] failed in phase [abort-all-workflows]: Ask timed out on [Actor[akka://cromwell-system/user/SingleWorkflowRunnerActor/WorkflowManagerActor#-1149380368]] after [3600000 ms]. Message of type [cromwell.engine.workflow.WorkflowManagerActor$AbortAllWorkflowsCommand$]. A typical reason for [38;5;5mAskTimeoutException[0m is that the recipient actor didn't send a reply.
[2026-03-25 16:04:52,39] [[38;5;220mwarn[0m] Coordinated shutdown phase [abort-all-workflows] timed out after 3600000 milliseconds
[2026-03-25 16:04:52,55] [info] Connection pools shut down
[2026-03-25 16:04:52,55] [info] Shutting down SubWorkflowStoreActor - Timeout = 1800 seconds
[2026-03-25 16:04:52,55] [info] Shutting down JobStoreActor - Timeout = 1800 seconds
[2026-03-25 16:04:52,55] [info] Shutting down CallCacheWriteActor - Timeout = 1800 seconds
[2026-03-25 16:04:52,55] [info] Shutting down ServiceRegistryActor - Timeout = 1800 seconds
[2026-03-25 16:04:52,55] [info] Shutting down DockerHashActor - Timeout = 1800 seconds
[2026-03-25 16:04:52,55] [info] Shutting down IoProxy - Timeout = 1800 seconds
[2026-03-25 16:04:52,55] [info] CallCacheWriteActor Shutting down: 0 queued messages to process
[2026-03-25 16:04:52,55] [info] JobStoreActor stopped
[2026-03-25 16:04:52,55] [info] SubWorkflowStoreActor stopped
[2026-03-25 16:04:52,55] [info] WriteMetadataActor Shutting down: 0 queued messages to process
[2026-03-25 16:04:52,55] [info] CallCacheWriteActor stopped
[2026-03-25 16:04:52,56] [info] KvWriteActor Shutting down: 0 queued messages to process
[2026-03-25 16:04:52,56] [info] ServiceRegistryActor stopped
[2026-03-25 16:04:52,56] [info] IoProxy stopped
[2026-03-25 16:04:52,56] [info] DockerHashActor stopped
[2026-03-25 16:04:52,57] [info] Database closed
[2026-03-25 16:04:52,57] [info] Stream materializer shut down
[2026-03-25 16:04:52,57] [info] WDL HTTP import resolver closed
[2026-03-25 16:04:52,60] [info] Shutting down connection pool: curAllocated=0 idleQueues.size=0 waitQueue.size=0 maxWaitQueueLimit=256 closed=false
[2026-03-25 16:04:52,60] [info] Shutting down connection pool: curAllocated=0 idleQueues.size=0 waitQueue.size=0 maxWaitQueueLimit=256 closed=false
[2026-03-25 16:04:52,60] [info] Shutting down connection pool: curAllocated=0 idleQueues.size=0 waitQueue.size=0 maxWaitQueueLimit=256 closed=false

 executions.
[2026-03-25 15:07:38,35] [[38;5;220mwarn[0m] Docker [[38;5;2m62cff5fe[0m]: Key/s [preemptible, bootDiskSizeGb, disks, memory] is/are not supported by backend. Unsupported attributes will not be part of job executions.
[2026-03-25 15:07:38,35] [[38;5;220mwarn[0m] Docker [[38;5;2m62cff5fe[0m]: Key/s [preemptible, bootDiskSizeGb, disks, memory] is/are not supported by backend. Unsupported attributes will not be part of job executions.
[2026-03-25 15:07:38,35] [[38;5;220mwarn[0m] Docker [[38;5;2m62cff5fe[0m]: Key/s [preemptible, disks, cpu, memory] is/are not supported by backend. Unsupported attributes will not be part of job executions.
[2026-03-25 15:07:38,35] [[38;5;220mwarn[0m] Docker [[38;5;2m62cff5fe[0m]: Key/s [memory, disks, preemptible] is/are not supported by backend. Unsupported attributes will not be part of job executions.
[2026-03-25 15:07:38,35] [[38;5;220mwarn[0m] Docker [[38;5;2m62cff5fe[0m]: Key/s [preemptible, disks, cpu, memory] is/are not supported by backend. Unsupported attributes will not be part of job executions.
[2026-03-25 15:07:38,35] [[38;5;220mwarn[0m] Docker [[38;5;2m62cff5fe[0m]: Key/s [preemptible, memory, disks] is/are not supported by backend. Unsupported attributes will not be part of job executions.
[2026-03-25 15:07:41,15] [info] Not triggering log of restart checking token queue status. Effective log interval = None
[2026-03-25 15:07:41,20] [info] Not triggering log of execution token queue status. Effective log interval = None
[2026-03-25 15:07:41,60] [info] 62cff5fe-42ff-4727-90af-a04169deff2b-SubWorkflowExecutionActor-SubWorkflow-UnmappedBamToAlignedBam:-1:1 [[38;5;2m62cff5fe[0mSubWorkflow-UnmappedBamToAlignedBam:-1:1]: Running subworkflow: 0551237b-680f-41df-bdcf-a1042ce60cb9, root: 62cff5fe-42ff-4727-90af-a04169deff2b
[2026-03-25 15:07:43,65] [info] 0551237b-680f-41df-bdcf-a1042ce60cb9-SubWorkflowActor-Sub[2026-03-25 15:58:26,96] [[38;5;1merror[0m] Timed out trying to gracefully stop WorkflowManagerActor. Forcefully stopping it.
[2026-03-25 15:58:26,97] [[38;5;220mwarn[0m] Task [stopWorkflowManagerActor] failed in phase [abort-all-workflows]: Ask timed out on [Actor[akka://cromwell-system/user/SingleWorkflowRunnerActor/WorkflowManagerActor#-205476214]] after [3600000 ms]. Message of type [cromwell.engine.workflow.WorkflowManagerActor$AbortAllWorkflowsCommand$]. A typical reason for [38;5;5mAskTimeoutException[0m is that the recipient actor didn't send a reply.
[2026-03-25 15:58:26,97] [[38;5;220mwarn[0m] Coordinated shutdown phase [abort-all-workflows] timed out after 3600000 milliseconds
[2026-03-25 15:58:27,12] [info] Connection pools shut down
[2026-03-25 15:58:27,12] [info] Shutting down SubWorkflowStoreActor - Timeout = 1800 seconds
[2026-03-25 15:58:27,12] [info] Shutting down JobStoreActor - Timeout = 1800 seconds
[2026-03-25 15:58:27,12] [info] Shutting down CallCacheWriteActor - Timeout = 1800 seconds
[2026-03-25 15:58:27,12] [info] Shutting down ServiceRegistryActor - Timeout = 1800 seconds
[2026-03-25 15:58:27,12] [info] Shutting down DockerHashActor - Timeout = 1800 seconds
[2026-03-25 15:58:27,12] [info] Shutting down IoProxy - Timeout = 1800 seconds
[2026-03-25 15:58:27,12] [info] CallCacheWriteActor Shutting down: 0 queued messages to process
[2026-03-25 15:58:27,12] [info] JobStoreActor stopped
[2026-03-25 15:58:27,12] [info] CallCacheWriteActor stopped
[2026-03-25 15:58:27,12] [info] SubWorkflowStoreActor stopped
[2026-03-25 15:58:27,12] [info] WriteMetadataActor Shutting down: 0 queued messages to process
[2026-03-25 15:58:27,12] [info] KvWriteActor Shutting down: 0 queued messages to process
[2026-03-25 15:58:27,13] [info] ServiceRegistryActor stopped
[2026-03-25 15:58:27,13] [info] IoProxy stopped
[2026-03-25 15:58:27,13] [info] DockerHashActor stopped
[2026-03-25 15:58:27,14] [info] Database closed
[2026-03-25 15:58:27,14] [info] Stream materializer shut down
[2026-03-25 15:58:27,14] [info] WDL HTTP import resolver closed
[2026-03-25 15:58:27,16] [info] Shutting down connection pool: curAllocated=0 idleQueues.size=0 waitQueue.size=0 maxWaitQueueLimit=256 closed=false
[2026-03-25 15:58:27,16] [info] Shutting down connection pool: curAllocated=0 idleQueues.size=0 waitQueue.size=0 maxWaitQueueLimit=256 closed=false
[2026-03-25 15:58:27,16] [info] Shutting down connection pool: curAllocated=0 idleQueues.size=0 waitQueue.size=0 maxWaitQueueLimit=256 closed=false
0 maxWaitQueueLimit=256 closed=false
[2026-03-25 15:55:43,03] [info] Shutting down connection pool: curAllocated=0 idleQueues.size=0 waitQueue.size=0 maxWaitQueueLimit=256 closed=false
m0551237b[0mUnmappedBamToAlignedBam.CreateSequenceGroupingTSV:NA:1]: executing: # make sure there is no preexisting Docker CID file
rm -f /home/darja/workflow/cromwell-executions1/WholeGenomeGermlineSingleSample/62cff5fe-42ff-4727-90af-a04169deff2b/call-UnmappedBamToAlignedBam/UnmappedBamToAlignedBam/0551237b-680f-41df-bdcf-a1042ce60cb9/call-CreateSequenceGroupingTSV/execution/docker_cid
# run as in the original configuration without --rm flag (will remove later)
docker run \
  --cidfile /home/darja/workflow/cromwell-executions1/WholeGenomeGermlineSingleSample/62cff5fe-42ff-4727-90af-a04169deff2b/call-UnmappedBamToAlignedBam/UnmappedBamToAlignedBam/0551237b-680f-41df-bdcf-a1042ce60cb9/call-CreateSequenceGroupingTSV/execution/docker_cid \
  -i \
  --user 1027:1028 \
  --cpus="32" \
  --memory="184320M" \
  --entrypoint /bin/bash \
  -v /home/darja/workflow/cromwell-executions1/WholeGenomeGermlineSingleSample/62cff5fe-42ff-4727-90af-a04169deff2b/call-UnmappedBamToAlignedBam/UnmappedBamToAlignedBam/0551237b-680f-41df-bdcf-a1042ce60cb9/call-CreateSequenceGroupingTSV:/cromwell-executions1/WholeGenomeGermlineSingleSample/62cff5fe-42ff-4727-90af-a04169deff2b/call-UnmappedBamToAlignedBam/UnmappedBamToAlignedBam/0551237b-680f-41df-bdcf-a1042ce60cb9/call-CreateSequenceGroupingTSV \
  -v /mnt/nas1/projects/lasr/blendseq:/mnt/nas1/projects/lasr/blendseq \
  us.gcr.io/broad-dsp-gcr-public/base/python@sha256:af87295ec55957b9997a20803e5e612fe819e39be40a6cd817d696f6b758ad1a /cromwell-executions1/WholeGenomeGermlineSingleSample/62cff5fe-42ff-4727-90af-a04169deff2b/call-UnmappedBamToAlignedBam/UnmappedBamToAlignedBam/0551237b-680f-41df-bdcf-a1042ce60cb9/call-CreateSequenceGroupingTSV/execution/script

# get the return code (working even if the container was detached)
rc=$(docker wait [38;5;5mcat /home/darja/workflow/cromwell-executions1/WholeGenomeGermlineSingleSample/62cff5fe-42ff-4727-90af-a04169deff2b/call-UnmappedBamToAlignedBam/UnmappedBamToAlignedBam/0551237b-680f-41df-bdcf-a1042ce60cb9/call-CreateSequenceGroupingTSV/execution/docker_cid[0m)

# remove the container after waiting
docker rm [38;5;5mcat /home/darja/workflow/cromwell-executions1/WholeGenomeGermlineSingleSample/62cff5fe-42ff-4727-90af-a04169deff2b/call-UnmappedBamToAlignedBam/UnmappedBamToAlignedBam/0551237b-680f-41df-bdcf-a1042ce60cb9/call-CreateSequenceGroupingTSV/execution/docker_cid[0m

# return exit code
exit $rc
[2026-03-25 15:07:48,88] [info] 0551237b-680f-41df-bdcf-a1042ce60cb9-SubWorkflowExecutionActor-SubWorkflow-SplitRG:0:1 [[38;5;2m0551237b[0mSubWorkflow-SplitRG:0:1]: Running subworkflow: cb93e366-b42f-4ae8-80a0-d934da4596df, root: 62cff5fe-42ff-4727-90af-a04169deff2b
[2026-03-25 15:07:50,92] [info] cb93e366-b42f-4ae8-80a0-d934da4596df-SubWorkflowActor-SubWorkflow-SplitRG:0:1 [[38;5;2mcb93e366[0m]: Starting SplitLargeReadGroup.SamSplitter
[2026-03-25 15:07:51,06] [info] BackgroundConfigAsyncJobExecutionActor [[38;5;2m0551237b[0mUnmappedBamToAlignedBam.CreateSequenceGroupingTSV:NA:1]: job id: 442353
[2026-03-25 15:07:51,07] [info] BackgroundConfigAsyncJobExecutionActor [[38;5;2m0551237b[0mUnmappedBamToAlignedBam.CreateSequenceGroupingTSV:NA:1]: Status change from - to Done
[2026-03-25 15:07:56,20] [info] Assigned new job execution tokens to the following groups: 62cff5fe: 2
[2026-03-25 15:07:56,92] [[38;5;220mwarn[0m] BackgroundConfigAsyncJobExecutionActor [[38;5;2m0551237b[0mUnmappedBamToAlignedBam.CollectQualityYieldMetrics:0:1]: Unrecognized runtime attribute keys: preemptible, disks, memory
[2026-03-25 15:07:56,92] [[38;5;220mwarn[0m] BackgroundConfigAsyncJobExecutionActor [[38;5;2mcb93e366[0mSplitLargeReadGroup.SamSplitter:NA:1]: Unrecognized runtime attribute keys: preemptible, disks, memory
[2026-03-25 15:18:44,15] [info] BackgroundConfigAsyncJobExecutionActor [[38;5;2m0551237b[0mUnmappedBamToAlignedBam.CollectQualityYieldMetrics:0:1]: [38;5;5mjava -Xms2000m -Xmx3000m -jar /usr/picard/picard.jar \
  CollectQualityYieldMetrics \
  INPUT=/cromwell-executions1/WholeGenomeGermlineSingleSample/62cff5fe-42ff-4727-90af-a04169deff2b/call-UnmappedBamToAlignedBam/UnmappedBamToAlignedBam/0551237b-680f-41df-bdcf-a1042ce60cb9/call-CollectQualityYieldMetrics/shard-0/inputs/1329413647/ERR3684866_ILMN.unmapped.bam \
  OQ=true \
  OUTPUT=ERR3684866_ILMN.unmapped.quality_yield_metrics[0m
[2026-03-25 15:18:44,15] [info] BackgroundConfigAsyncJobExecutionActor [[38;5;2mcb93e366[0mSplitLargeReadGroup.SamSplitter:NA:1]: [38;5;5mset -e
mkdir output_dir

total_reads=$(samtools view -c /cromwell-executions1/WholeGenomeGermlineSingleSample/62cff5fe-42ff-4727-90af-a04169deff2b/call-UnmappedBamToAlignedBam/UnmappedBamToAlignedBam/0551237b-680f-41df-bdcf-a1042ce60cb9/call-SplitRG/shard-0/SplitLargeReadGroup/cb93e366-b42f-4ae8-80a0-d934da4596df/call-SamSplitter/inputs/1329413647/ERR3684866_ILMN.unmapped.bam)

java -Dsamjdk.compression_level=2 -Xms3000m -Xmx3600m -jar /usr/gitc/picard.jar SplitSamByNumberOfReads \
  INPUT=/cromwell-executions1/WholeGenomeGermlineSingleSample/62cff5fe-42ff-4727-90af-a04169deff2b/call-UnmappedBamToAlignedBam/UnmappedBamToAlignedBam/0551237b-680f-41df-bdcf-a1042ce60cb9/call-SplitRG/shard-0/SplitLargeReadGroup/cb93e366-b42f-4ae8-80a0-d934da4596df/call-SamSplitter/inputs/1329413647/ERR3684866_ILMN.unmapped.bam \
  OUTPUT=output_dir \
  SPLIT_TO_N_READS=48000000 \
  TOTAL_READS_IN_INPUT=$total_reads[0m
[2026-03-25 15:18:44,17] [info] BackgroundConfigAsyncJobExecutionActor [[38;5;2m0551237b[0mUnmappedBamToAlignedBam.CollectQualityYieldMetrics:0:1]: executing: # make sure there is no preexisting Docker CID file
rm -f /home/darja/workflow/cromwell-executions1/WholeGenomeGermlineSingleSample/62cff5fe-42ff-4727-90af-a04169deff2b/call-UnmappedBamToAlignedBam/UnmappedBamToAlignedBam/0551237b-680f-41df-bdcf-a1042ce60cb9/call-CollectQualityYieldMetrics/shard-0/execution/docker_cid
# run as in the original configuration without --rm flag (will remove later)
docker run \
  --cidfile /home/darja/workflow/cromwell-executions1/WholeGenomeGermlineSingleSample/62cff5fe-42ff-4727-90af-a04169deff2b/call-UnmappedBamToAlignedBam/UnmappedBamToAlignedBam/0551237b-680f-41df-bdcf-a1042ce60cb9/call-CollectQualityYieldMetrics/shard-0/execution/docker_cid \
  -i \
  --user 1027:1028 \
  --cpus="32" \
  --memory="184320M" \
  --entrypoint /bin/bash \
  -v /home/darja/workflow/cromwell-executions1/WholeGenomeGermlineSingleSample/62cff5fe-42ff-4727-90af-a04169deff2b/call-UnmappedBamToAlignedBam/UnmappedBamToAlignedBam/0551237b-680f-41df-bdcf-a1042ce60cb9/call-CollectQualityYieldMetrics/shard-0:/cromwell-executions1/WholeGenomeGermlineSingleSample/62cff5fe-42ff-4727-90af-a04169deff2b/call-UnmappedBamToAlignedBam/UnmappedBamToAlignedBam/0551237b-680f-41df-bdcf-a1042ce60cb9/call-CollectQualityYieldMetrics/shard-0 \
  -v /mnt/nas1/projects/lasr/blendseq:/mnt/nas1/projects/lasr/blendseq \
  us.gcr.io/broad-gotc-prod/picard-cloud@sha256:e5ad5339080c3107c04e4a4d000b8ab06f472b77019debc3ff75499d28995b0c /cromwell-executions1/WholeGenomeGermlineSingleSample/62cff5fe-42ff-4727-90af-a04169deff2b/call-UnmappedBamToAlignedBam/UnmappedBamToAlignedBam/0551237b-680f-41df-bdcf-a1042ce60cb9/call-CollectQualityYieldMetrics/shard-0/execution/script

# get the return code (working even if the container was detached)
rc=$(docker wait [38;5;5mcat /home/darja/workflow/cromwell-executions1/WholeGenomeGermlineSingleSample/62cff5fe-42ff-4727-90af-a04169deff2b/call-UnmappedBamToAlignedBam/UnmappedBamToAlignedBam/0551237b-680f-41df-bdcf-a1042ce60cb9/call-CollectQualityYieldMetrics/shard-0/execution/docker_cid[0m)

# remove the container after waiting
docker rm [38;5;5mcat /home/darja/workflow/cromwell-executions1/WholeGenomeGermlineSingleSample/62cff5fe-42ff-4727-90af-a04169deff2b/call-UnmappedBamToAlignedBam/UnmappedBamToAlignedBam/0551237b-680f-41df-bdcf-a1042ce60cb9/call-CollectQualityYieldMetrics/shard-0/execution/docker_cid[0m

# return exit code
exit $rc
[2026-03-25 15:18:44,18] [info] BackgroundConfigAsyncJobExecutionActor [[38;5;2mcb93e366[0mSplitLargeReadGroup.SamSplitter:NA:1]: executing: # make sure there is no preexisting Docker CID file
rm -f /home/darja/workflow/cromwell-executions1/WholeGenomeGermlineSingleSample/62cff5fe-42ff-4727-90af-a04169deff2b/call-UnmappedBamToAlignedBam/UnmappedBamToAlignedBam/0551237b-680f-41df-bdcf-a1042ce60cb9/call-SplitRG/shard-0/SplitLargeReadGroup/cb93e366-b42f-4ae8-80a0-d934da4596df/call-SamSplitter/execution/docker_cid
# run as in the original configuration without --rm flag (will remove later)
docker run \
  --cidfile /home/darja/workflow/cromwell-executions1/WholeGenomeGermlineSingleSample/62cff5fe-42ff-4727-90af-a04169deff2b/call-UnmappedBamToAlignedBam/UnmappedBamToAlignedBam/0551237b-680f-41df-bdcf-a1042ce60cb9/call-SplitRG/shard-0/SplitLargeReadGroup/cb93e366-b42f-4ae8-80a0-d934da4596df/call-SamSplitter/execution/docker_cid \
  -i \
  --user 1027:1028 \
  --cpus="32" \
  --memory="184320M" \
  --entrypoint /bin/bash \
  -v /home/darja/workflow/cromwell-executions1/WholeGenomeGermlineSingleSample/62cff5fe-42ff-4727-90af-a04169deff2b/call-UnmappedBamToAlignedBam/UnmappedBamToAlignedBam/0551237b-680f-41df-bdcf-a1042ce60cb9/call-SplitRG/shard-0/SplitLargeReadGroup/cb93e366-b42f-4ae8-80a0-d934da4596df/call-SamSplitter:/cromwell-executions1/WholeGenomeGermlineSingleSample/62cff5fe-42ff-4727-90af-a04169deff2b/call-UnmappedBamToAlignedBam/UnmappedBamToAlignedBam/0551237b-680f-41df-bdcf-a1042ce60cb9/call-SplitRG/shard-0/SplitLargeReadGroup/cb93e366-b42f-4ae8-80a0-d934da4596df/call-SamSplitter \
  -v /mnt/nas1/projects/lasr/blendseq:/mnt/nas1/projects/lasr/blendseq \
  us.gcr.io/broad-gotc-prod/samtools-picard-bwa@sha256:68eae459869592a095b75598039a65e02dede4f6e89cb1452a6a9e673cc10fa9 /cromwell-executions1/WholeGenomeGermlineSingleSample/62cff5fe-42ff-4727-90af-a04169deff2b/call-UnmappedBamToAlignedBam/UnmappedBamToAlignedBam/0551237b-680f-41df-bdcf-a1042ce60cb9/call-SplitRG/shard-0/SplitLargeReadGroup/cb93e366-b42f-4ae8-80a0-d934da4596df/call-SamSplitter/execution/script

# get the return code (working even if the container was detached)
rc=$(docker wait [38;5;5mcat /home/darja/workflow/cromwell-executions1/WholeGenomeGermlineSingleSample/62cff5fe-42ff-4727-90af-a04169deff2b/call-UnmappedBamToAlignedBam/UnmappedBamToAlignedBam/0551237b-680f-41df-bdcf-a1042ce60cb9/call-SplitRG/shard-0/SplitLargeReadGroup/cb93e366-b42f-4ae8-80a0-d934da4596df/call-SamSplitter/execution/docker_cid[0m)

# remove the container after waiting
docker rm [38;5;5mcat /home/darja/workflow/cromwell-executions1/WholeGenomeGermlineSingleSample/62cff5fe-42ff-4727-90af-a04169deff2b/call-UnmappedBamToAlignedBam/UnmappedBamToAlignedBam/0551237b-680f-41df-bdcf-a1042ce60cb9/call-SplitRG/shard-0/SplitLargeReadGroup/cb93e366-b42f-4ae8-80a0-d934da4596df/call-SamSplitter/execution/docker_cid[0m

# return exit code
exit $rc
[2026-03-25 15:18:46,05] [info] BackgroundConfigAsyncJobExecutionActor [[38;5;2mcb93e366[0mSplitLargeReadGroup.SamSplitter:NA:1]: job id: 442970
[2026-03-25 15:18:46,05] [info] BackgroundConfigAsyncJobExecutionActor [[38;5;2m0551237b[0mUnmappedBamToAlignedBam.CollectQualityYieldMetrics:0:1]: job id: 442973
[2026-03-25 15:18:46,05] [info] BackgroundConfigAsyncJobExecutionActor [[38;5;2mcb93e366[0mSplitLargeReadGroup.SamSplitter:NA:1]: Status change from - to WaitingForReturnCode
[2026-03-25 15:18:46,05] [info] BackgroundConfigAsyncJobExecutionActor [[38;5;2m0551237b[0mUnmappedBamToAlignedBam.CollectQualityYieldMetrics:0:1]: Status change from - to WaitingForReturnCode
[2026-03-25 16:01:11,49] [info] BackgroundConfigAsyncJobExecutionActor [[38;5;2m0551237b[0mUnmappedBamToAlignedBam.CollectQualityYieldMetrics:0:1]: Status change from WaitingForReturnCode to Done
[2026-03-25 16:43:34,87] [info] BackgroundConfigAsyncJobExecutionActor [[38;5;2mcb93e366[0mSplitLargeReadGroup.SamSplitter:NA:1]: Status change from WaitingForReturnCode to Done
[2026-03-25 16:43:40,84] [info] cb93e366-b42f-4ae8-80a0-d934da4596df-SubWorkflowActor-SubWorkflow-SplitRG:0:1 [[38;5;2mcb93e366[0m]: Starting SplitLargeReadGroup.SamToFastqAndDragmapAndMba (33 shards)
[2026-03-25 16:43:46,20] [info] Assigned new job execution tokens to the following groups: 62cff5fe: 2
[2026-03-25 16:43:47,11] [[38;5;220mwarn[0m] BackgroundConfigAsyncJobExecutionActor [[38;5;2mcb93e366[0mSplitLargeReadGroup.SamToFastqAndDragmapAndMba:9:1]: Unrecognized runtime attribute keys: preemptible, disks, cpu, memory
[2026-03-25 16:43:47,11] [[38;5;220mwarn[0m] BackgroundConfigAsyncJobExecutionActor [[38;5;2mcb93e366[0mSplitLargeReadGroup.SamToFastqAndDragmapAndMba:22:1]: Unrecognized runtime attribute keys: preemptible, disks, cpu, memory
[2026-03-25 16:43:49,26] [info] BackgroundConfigAsyncJobExecutionActor [[38;5;2mcb93e366[0mSplitLargeReadGroup.SamToFastqAndDragmapAndMba:9:1]: [38;5;5mset -euxo pipefail

DRAGMAP_VERSION=$(dragen-os --version)

if [ -z ${DRAGMAP_VERSION} ]; then
    exit 1;
fi

mkdir dragen_reference
mv /cromwell-executions1/WholeGenomeGermlineSingleSample/62cff5fe-42ff-4727-90af-a04169deff2b/call-UnmappedBamToAlignedBam/UnmappedBamToAlignedBam/0551237b-680f-41df-bdcf-a1042ce60cb9/call-SplitRG/shard-0/SplitLargeReadGroup/cb93e366-b42f-4ae8-80a0-d934da4596df/call-SamToFastqAndDragmapAndMba/shard-9/inputs/-1290198700/reference.bin /cromwell-executions1/WholeGenomeGermlineSingleSample/62cff5fe-42ff-4727-90af-a04169deff2b/call-UnmappedBamToAlignedBam/UnmappedBamToAlignedBam/0551237b-680f-41df-bdcf-a1042ce60cb9/call-SplitRG/shard-0/SplitLargeReadGroup/cb93e366-b42f-4ae8-80a0-d934da4596df/call-SamToFastqAndDragmapAndMba/shard-9/inputs/-1290198700/hash_table.cfg.bin /cromwell-executions1/WholeGenomeGermlineSingleSample/62cff5fe-42ff-4727-90af-a04169deff2b/call-UnmappedBamToAlignedBam/UnmappedBamToAlignedBam/0551237b-680f-41df-bdcf-a1042ce60cb9/call-SplitRG/shard-0/SplitLargeReadGroup/cb93e366-b42f-4ae8-80a0-d934da4596df/call-SamToFastqAndDragmapAndMba/shard-9/inputs/-1290198700/hash_table.cmp dragen_reference

dragen-os -b /cromwell-executions1/WholeGenomeGermlineSingleSample/62cff5fe-42ff-4727-90af-a04169deff2b/call-UnmappedBamToAlignedBam/UnmappedBamToAlignedBam/0551237b-680f-41df-bdcf-a1042ce60cb9/call-SplitRG/shard-0/SplitLargeReadGroup/cb93e366-b42f-4ae8-80a0-d934da4596df/call-SamToFastqAndDragmapAndMba/shard-9/inputs/-365940741/shard_0010.bam -r dragen_reference --interleaved=1 --preserve-map-align-order true 2> >(tee shard_0010.dragmap.stderr.log >&2) | samtools view -h -O BAM - > aligned.bam
java -Dsamjdk.compression_level=2 -Xms1000m -Xmx1000m -jar /picard/picard.jar \
  MergeBamAlignment \
  VALIDATION_STRINGENCY=SILENT \
  EXPECTED_ORIENTATIONS=FR \
  ATTRIBUTES_TO_RETAIN=X0 \
  ATTRIBUTES_TO_REMOVE=RG \
  ATTRIBUTES_TO_REMOVE=NM \
  ATTRIBUTES_TO_REMOVE=MD \
  ALIGNED_BAM=aligned.bam \
  UNMAPPED_BAM=/cromwell-executions1/WholeGenomeGermlineSingleSample/62cff5fe-42ff-4727-90af-a04169deff2b/call-UnmappedBamToAlignedBam/UnmappedBamToAlignedBam/0551237b-680f-41df-bdcf-a1042ce60cb9/call-SplitRG/shard-0/SplitLargeReadGroup/cb93e366-b42f-4ae8-80a0-d934da4596df/call-SamToFastqAndDragmapAndMba/shard-9/inputs/-365940741/shard_0010.bam \
  OUTPUT=shard_0010.bam \
  REFERENCE_SEQUENCE=/cromwell-executions1/WholeGenomeGermlineSingleSample/62cff5fe-42ff-4727-90af-a04169deff2b/call-UnmappedBamToAlignedBam/UnmappedBamToAlignedBam/0551237b-680f-41df-bdcf-a1042ce60cb9/call-SplitRG/shard-0/SplitLargeReadGroup/cb93e366-b42f-4ae8-80a0-d934da4596df/call-SamToFastqAndDragmapAndMba/shard-9/inputs/-1569105944/Homo_sapiens_assembly38_masked.fasta \
  PAIRED_RUN=true \
  SORT_ORDER="unsorted" \
  IS_BISULFITE_SEQUENCE=false \
  ALIGNED_READS_ONLY=false \
  CLIP_ADAPTERS=false \
   \
   \
  MAX_RECORDS_IN_RAM=2000000 \
  ADD_MATE_CIGAR=true \
  MAX_INSERTIONS_OR_DELETIONS=-1 \
  PRIMARY_ALIGNMENT_STRATEGY=MostDistant \
  PROGRAM_RECORD_ID="dragen-os" \
  PROGRAM_GROUP_VERSION="${DRAGMAP_VERSION}" \
  PROGRAM_GROUP_COMMAND_LINE="dragen-os -b /cromwell-executions1/WholeGenomeGermlineSingleSample/62cff5fe-42ff-4727-90af-a04169deff2b/call-UnmappedBamToAlignedBam/UnmappedBamToAlignedBam/0551237b-680f-41df-bdcf-a1042ce60cb9/call-SplitRG/shard-0/SplitLargeReadGroup/cb93e366-b42f-4ae8-80a0-d934da4596df/call-SamToFastqAndDragmapAndMba/shard-9/inputs/-365940741/shard_0010.bam -r dragen_reference --interleaved=1" \
  PROGRAM_GROUP_NAME="dragen-os" \
  UNMAPPED_READ_STRATEGY=COPY_TO_TAG \
  ALIGNER_PROPER_PAIR_FLAGS=true \
  UNMAP_CONTAMINANT_READS=true \
  ADD_PG_TAG_TO_READS=false[0m
[2026-03-25 16:43:49,27] [info] BackgroundConfigAsyncJobExecutionActor [[38;5;2mcb93e366[0mSplitLargeReadGroup.SamToFastqAndDragmapAndMba:9:1]: executing: # make sure there is no preexisting Docker CID file
rm -f /home/darja/workflow/cromwell-executions1/WholeGenomeGermlineSingleSample/62cff5fe-42ff-4727-90af-a04169deff2b/call-UnmappedBamToAlignedBam/UnmappedBamToAlignedBam/0551237b-680f-41df-bdcf-a1042ce60cb9/call-SplitRG/shard-0/SplitLargeReadGroup/cb93e366-b42f-4ae8-80a0-d934da4596df/call-SamToFastqAndDragmapAndMba/shard-9/execution/docker_cid
# run as in the original configuration without --rm flag (will remove later)
docker run \
  --cidfile /home/darja/workflow/cromwell-executions1/WholeGenomeGermlineSingleSample/62cff5fe-42ff-4727-90af-a04169deff2b/call-UnmappedBamToAlignedBam/UnmappedBamToAlignedBam/0551237b-680f-41df-bdcf-a1042ce60cb9/call-SplitRG/shard-0/SplitLargeReadGroup/cb93e366-b42f-4ae8-80a0-d934da4596df/call-SamToFastqAndDragmapAndMba/shard-9/execution/docker_cid \
  -i \
  --user 1027:1028 \
  --cpus="32" \
  --memory="184320M" \
  --entrypoint /bin/bash \
  -v /home/darja/workflow/cromwell-executions1/WholeGenomeGermlineSingleSample/62cff5fe-42ff-4727-90af-a04169deff2b/call-UnmappedBamToAlignedBam/UnmappedBamToAlignedBam/0551237b-680f-41df-bdcf-a1042ce60cb9/call-SplitRG/shard-0/SplitLargeReadGroup/cb93e366-b42f-4ae8-80a0-d934da4596df/call-SamToFastqAndDragmapAndMba/shard-9:/cromwell-executions1/WholeGenomeGermlineSingleSample/62cff5fe-42ff-4727-90af-a04169deff2b/call-UnmappedBamToAlignedBam/UnmappedBamToAlignedBam/0551237b-680f-41df-bdcf-a1042ce60cb9/call-SplitRG/shard-0/SplitLargeReadGroup/cb93e366-b42f-4ae8-80a0-d934da4596df/call-SamToFastqAndDragmapAndMba/shard-9 \
  -v /mnt/nas1/projects/lasr/blendseq:/mnt/nas1/projects/lasr/blendseq \
  us.gcr.io/broad-gotc-prod/dragmap@sha256:5964afca3e4173c33b11100f68c1a44642e0ff2ee4de5a49d8cd446fef308b23 /cromwell-executions1/WholeGenomeGermlineSingleSample/62cff5fe-42ff-4727-90af-a04169deff2b/call-UnmappedBamToAlignedBam/UnmappedBamToAlignedBam/0551237b-680f-41df-bdcf-a1042ce60cb9/call-SplitRG/shard-0/SplitLargeReadGroup/cb93e366-b42f-4ae8-80a0-d934da4596df/call-SamToFastqAndDragmapAndMba/shard-9/execution/script

# get the return code (working even if the container was detached)
rc=$(docker wait [38;5;5mcat /home/darja/workflow/cromwell-executions1/WholeGenomeGermlineSingleSample/62cff5fe-42ff-4727-90af-a04169deff2b/call-UnmappedBamToAlignedBam/UnmappedBamToAlignedBam/0551237b-680f-41df-bdcf-a1042ce60cb9/call-SplitRG/shard-0/SplitLargeReadGroup/cb93e366-b42f-4ae8-80a0-d934da4596df/call-SamToFastqAndDragmapAndMba/shard-9/execution/docker_cid[0m)

# remove the container after waiting
docker rm [38;5;5mcat /home/darja/workflow/cromwell-executions1/WholeGenomeGermlineSingleSample/62cff5fe-42ff-4727-90af-a04169deff2b/call-UnmappedBamToAlignedBam/UnmappedBamToAlignedBam/0551237b-680f-41df-bdcf-a1042ce60cb9/call-SplitRG/shard-0/SplitLargeReadGroup/cb93e366-b42f-4ae8-80a0-d934da4596df/call-SamToFastqAndDragmapAndMba/shard-9/execution/docker_cid[0m

# return exit code
exit $rc
[2026-03-25 16:43:49,32] [info] BackgroundConfigAsyncJobExecutionActor [[38;5;2mcb93e366[0mSplitLargeReadGroup.SamToFastqAndDragmapAndMba:22:1]: [38;5;5mset -euxo pipefail

DRAGMAP_VERSION=$(dragen-os --version)

if [ -z ${DRAGMAP_VERSION} ]; then
    exit 1;
fi

mkdir dragen_reference
mv /cromwell-executions1/WholeGenomeGermlineSingleSample/62cff5fe-42ff-4727-90af-a04169deff2b/call-UnmappedBamToAlignedBam/UnmappedBamToAlignedBam/0551237b-680f-41df-bdcf-a1042ce60cb9/call-SplitRG/shard-0/SplitLargeReadGroup/cb93e366-b42f-4ae8-80a0-d934da4596df/call-SamToFastqAndDragmapAndMba/shard-22/inputs/-1290198700/reference.bin /cromwell-executions1/WholeGenomeGermlineSingleSample/62cff5fe-42ff-4727-90af-a04169deff2b/call-UnmappedBamToAlignedBam/UnmappedBamToAlignedBam/0551237b-680f-41df-bdcf-a1042ce60cb9/call-SplitRG/shard-0/SplitLargeReadGroup/cb93e366-b42f-4ae8-80a0-d934da4596df/call-SamToFastqAndDragmapAndMba/shard-22/inputs/-1290198700/hash_table.cfg.bin /cromwell-executions1/WholeGenomeGermlineSingleSample/62cff5fe-42ff-4727-90af-a04169deff2b/call-UnmappedBamToAlignedBam/UnmappedBamToAlignedBam/0551237b-680f-41df-bdcf-a1042ce60cb9/call-SplitRG/shard-0/SplitLargeReadGroup/cb93e366-b42f-4ae8-80a0-d934da4596df/call-SamToFastqAndDragmapAndMba/shard-22/inputs/-1290198700/hash_table.cmp dragen_reference

dragen-os -b /cromwell-executions1/WholeGenomeGermlineSingleSample/62cff5fe-42ff-4727-90af-a04169deff2b/call-UnmappedBamToAlignedBam/UnmappedBamToAlignedBam/0551237b-680f-41df-bdcf-a1042ce60cb9/call-SplitRG/shard-0/SplitLargeReadGroup/cb93e366-b42f-4ae8-80a0-d934da4596df/call-SamToFastqAndDragmapAndMba/shard-22/inputs/-365940741/shard_0023.bam -r dragen_reference --interleaved=1 --preserve-map-align-order true 2> >(tee shard_0023.dragmap.stderr.log >&2) | samtools view -h -O BAM - > aligned.bam
java -Dsamjdk.compression_level=2 -Xms1000m -Xmx1000m -jar /picard/picard.jar \
  MergeBamAlignment \
  VALIDATION_STRINGENCY=SILENT \
  EXPECTED_ORIENTATIONS=FR \
  ATTRIBUTES_TO_RETAIN=X0 \
  ATTRIBUTES_TO_REMOVE=RG \
  ATTRIBUTES_TO_REMOVE=NM \
  ATTRIBUTES_TO_REMOVE=MD \
  ALIGNED_BAM=aligned.bam \
  UNMAPPED_BAM=/cromwell-executions1/WholeGenomeGermlineSingleSample/62cff5fe-42ff-4727-90af-a04169deff2b/call-UnmappedBamToAlignedBam/UnmappedBamToAlignedBam/0551237b-680f-41df-bdcf-a1042ce60cb9/call-SplitRG/shard-0/SplitLargeReadGroup/cb93e366-b42f-4ae8-80a0-d934da4596df/call-SamToFastqAndDragmapAndMba/shard-22/inputs/-365940741/shard_0023.bam \
  OUTPUT=shard_0023.bam \
  REFERENCE_SEQUENCE=/cromwell-executions1/WholeGenomeGermlineSingleSample/62cff5fe-42ff-4727-90af-a04169deff2b/call-UnmappedBamToAlignedBam/UnmappedBamToAlignedBam/0551237b-680f-41df-bdcf-a1042ce60cb9/call-SplitRG/shard-0/SplitLargeReadGroup/cb93e366-b42f-4ae8-80a0-d934da4596df/call-SamToFastqAndDragmapAndMba/shard-22/inputs/-1569105944/Homo_sapiens_assembly38_masked.fasta \
  PAIRED_RUN=true \
  SORT_ORDER="unsorted" \
  IS_BISULFITE_SEQUENCE=false \
  ALIGNED_READS_ONLY=false \
  CLIP_ADAPTERS=false \
   \
   \
  MAX_RECORDS_IN_RAM=2000000 \
  ADD_MATE_CIGAR=true \
  MAX_INSERTIONS_OR_DELETIONS=-1 \
  PRIMARY_ALIGNMENT_STRATEGY=MostDistant \
  PROGRAM_RECORD_ID="dragen-os" \
  PROGRAM_GROUP_VERSION="${DRAGMAP_VERSION}" \
  PROGRAM_GROUP_COMMAND_LINE="dragen-os -b /cromwell-executions1/WholeGenomeGermlineSingleSample/62cff5fe-42ff-4727-90af-a04169deff2b/call-UnmappedBamToAlignedBam/UnmappedBamToAlignedBam/0551237b-680f-41df-bdcf-a1042ce60cb9/call-SplitRG/shard-0/SplitLargeReadGroup/cb93e366-b42f-4ae8-80a0-d934da4596df/call-SamToFastqAndDragmapAndMba/shard-22/inputs/-365940741/shard_0023.bam -r dragen_reference --interleaved=1" \
  PROGRAM_GROUP_NAME="dragen-os" \
  UNMAPPED_READ_STRATEGY=COPY_TO_TAG \
  ALIGNER_PROPER_PAIR_FLAGS=true \
  UNMAP_CONTAMINANT_READS=true \
  ADD_PG_TAG_TO_READS=false[0m
[2026-03-25 16:43:49,32] [info] BackgroundConfigAsyncJobExecutionActor [[38;5;2mcb93e366[0mSplitLargeReadGroup.SamToFastqAndDragmapAndMba:22:1]: executing: # make sure there is no preexisting Docker CID file
rm -f /home/darja/workflow/cromwell-executions1/WholeGenomeGermlineSingleSample/62cff5fe-42ff-4727-90af-a04169deff2b/call-UnmappedBamToAlignedBam/UnmappedBamToAlignedBam/0551237b-680f-41df-bdcf-a1042ce60cb9/call-SplitRG/shard-0/SplitLargeReadGroup/cb93e366-b42f-4ae8-80a0-d934da4596df/call-SamToFastqAndDragmapAndMba/shard-22/execution/docker_cid
# run as in the original configuration without --rm flag (will remove later)
docker run \
  --cidfile /home/darja/workflow/cromwell-executions1/WholeGenomeGermlineSingleSample/62cff5fe-42ff-4727-90af-a04169deff2b/call-UnmappedBamToAlignedBam/UnmappedBamToAlignedBam/0551237b-680f-41df-bdcf-a1042ce60cb9/call-SplitRG/shard-0/SplitLargeReadGroup/cb93e366-b42f-4ae8-80a0-d934da4596df/call-SamToFastqAndDragmapAndMba/shard-22/execution/docker_cid \
  -i \
  --user 1027:1028 \
  --cpus="32" \
  --memory="184320M" \
  --entrypoint /bin/bash \
  -v /home/darja/workflow/cromwell-executions1/WholeGenomeGermlineSingleSample/62cff5fe-42ff-4727-90af-a04169deff2b/call-UnmappedBamToAlignedBam/UnmappedBamToAlignedBam/0551237b-680f-41df-bdcf-a1042ce60cb9/call-SplitRG/shard-0/SplitLargeReadGroup/cb93e366-b42f-4ae8-80a0-d934da4596df/call-SamToFastqAndDragmapAndMba/shard-22:/cromwell-executions1/WholeGenomeGermlineSingleSample/62cff5fe-42ff-4727-90af-a04169deff2b/call-UnmappedBamToAlignedBam/UnmappedBamToAlignedBam/0551237b-680f-41df-bdcf-a1042ce60cb9/call-SplitRG/shard-0/SplitLargeReadGroup/cb93e366-b42f-4ae8-80a0-d934da4596df/call-SamToFastqAndDragmapAndMba/shard-22 \
  -v /mnt/nas1/projects/lasr/blendseq:/mnt/nas1/projects/lasr/blendseq \
  us.gcr.io/broad-gotc-prod/dragmap@sha256:5964afca3e4173c33b11100f68c1a44642e0ff2ee4de5a49d8cd446fef308b23 /cromwell-executions1/WholeGenomeGermlineSingleSample/62cff5fe-42ff-4727-90af-a04169deff2b/call-UnmappedBamToAlignedBam/UnmappedBamToAlignedBam/0551237b-680f-41df-bdcf-a1042ce60cb9/call-SplitRG/shard-0/SplitLargeReadGroup/cb93e366-b42f-4ae8-80a0-d934da4596df/call-SamToFastqAndDragmapAndMba/shard-22/execution/script

# get the return code (working even if the container was detached)
rc=$(docker wait [38;5;5mcat /home/darja/workflow/cromwell-executions1/WholeGenomeGermlineSingleSample/62cff5fe-42ff-4727-90af-a04169deff2b/call-UnmappedBamToAlignedBam/UnmappedBamToAlignedBam/0551237b-680f-41df-bdcf-a1042ce60cb9/call-SplitRG/shard-0/SplitLargeReadGroup/cb93e366-b42f-4ae8-80a0-d934da4596df/call-SamToFastqAndDragmapAndMba/shard-22/execution/docker_cid[0m)

# remove the container after waiting
docker rm [38;5;5mcat /home/darja/workflow/cromwell-executions1/WholeGenomeGermlineSingleSample/62cff5fe-42ff-4727-90af-a04169deff2b/call-UnmappedBamToAlignedBam/UnmappedBamToAlignedBam/0551237b-680f-41df-bdcf-a1042ce60cb9/call-SplitRG/shard-0/SplitLargeReadGroup/cb93e366-b42f-4ae8-80a0-d934da4596df/call-SamToFastqAndDragmapAndMba/shard-22/execution/docker_cid[0m

# return exit code
exit $rc
[2026-03-25 16:43:51,04] [info] BackgroundConfigAsyncJobExecutionActor [[38;5;2mcb93e366[0mSplitLargeReadGroup.SamToFastqAndDragmapAndMba:9:1]: job id: 444986
[2026-03-25 16:43:51,05] [info] BackgroundConfigAsyncJobExecutionActor [[38;5;2mcb93e366[0mSplitLargeReadGroup.SamToFastqAndDragmapAndMba:22:1]: job id: 445001
[2026-03-25 16:43:51,05] [info] BackgroundConfigAsyncJobExecutionActor [[38;5;2mcb93e366[0mSplitLargeReadGroup.SamToFastqAndDragmapAndMba:9:1]: Status change from - to WaitingForReturnCode
[2026-03-25 16:43:51,05] [info] BackgroundConfigAsyncJobExecutionActor [[38;5;2mcb93e366[0mSplitLargeReadGroup.SamToFastqAndDragmapAndMba:22:1]: Status change from - to WaitingForReturnCode
[2026-03-25 17:20:55,26] [info] BackgroundConfigAsyncJobExecutionActor [[38;5;2mcb93e366[0mSplitLargeReadGroup.SamToFastqAndDragmapAndMba:22:1]: Status change from WaitingForReturnCode to Done
[2026-03-25 17:20:56,20] [info] Assigned new job execution tokens to the following groups: 62cff5fe: 1
[2026-03-25 17:20:56,25] [[38;5;220mwarn[0m] BackgroundConfigAsyncJobExecutionActor [[38;5;2mcb93e366[0mSplitLargeReadGroup.SamToFastqAndDragmapAndMba:14:1]: Unrecognized runtime attribute keys: preemptible, disks, cpu, memory
[2026-03-25 17:20:59,22] [info] BackgroundConfigAsyncJobExecutionActor [[38;5;2mcb93e366[0mSplitLargeReadGroup.SamToFastqAndDragmapAndMba:14:1]: [38;5;5mset -euxo pipefail

DRAGMAP_VERSION=$(dragen-os --version)

if [ -z ${DRAGMAP_VERSION} ]; then
    exit 1;
fi

mkdir dragen_reference
mv /cromwell-executions1/WholeGenomeGermlineSingleSample/62cff5fe-42ff-4727-90af-a04169deff2b/call-UnmappedBamToAlignedBam/UnmappedBamToAlignedBam/0551237b-680f-41df-bdcf-a1042ce60cb9/call-SplitRG/shard-0/SplitLargeReadGroup/cb93e366-b42f-4ae8-80a0-d934da4596df/call-SamToFastqAndDragmapAndMba/shard-14/inputs/-1290198700/reference.bin /cromwell-executions1/WholeGenomeGermlineSingleSample/62cff5fe-42ff-4727-90af-a04169deff2b/call-UnmappedBamToAlignedBam/UnmappedBamToAlignedBam/0551237b-680f-41df-bdcf-a1042ce60cb9/call-SplitRG/shard-0/SplitLargeReadGroup/cb93e366-b42f-4ae8-80a0-d934da4596df/call-SamToFastqAndDragmapAndMba/shard-14/inputs/-1290198700/hash_table.cfg.bin /cromwell-executions1/WholeGenomeGermlineSingleSample/62cff5fe-42ff-4727-90af-a04169deff2b/call-UnmappedBamToAlignedBam/UnmappedBamToAlignedBam/0551237b-680f-41df-bdcf-a1042ce60cb9/call-SplitRG/shard-0/SplitLargeReadGroup/cb93e366-b42f-4ae8-80a0-d934da4596df/call-SamToFastqAndDragmapAndMba/shard-14/inputs/-1290198700/hash_table.cmp dragen_reference

dragen-os -b /cromwell-executions1/WholeGenomeGermlineSingleSample/62cff5fe-42ff-4727-90af-a04169deff2b/call-UnmappedBamToAlignedBam/UnmappedBamToAlignedBam/0551237b-680f-41df-bdcf-a1042ce60cb9/call-SplitRG/shard-0/SplitLargeReadGroup/cb93e366-b42f-4ae8-80a0-d934da4596df/call-SamToFastqAndDragmapAndMba/shard-14/inputs/-365940741/shard_0015.bam -r dragen_reference --interleaved=1 --preserve-map-align-order true 2> >(tee shard_0015.dragmap.stderr.log >&2) | samtools view -h -O BAM - > aligned.bam
java -Dsamjdk.compression_level=2 -Xms1000m -Xmx1000m -jar /picard/picard.jar \
  MergeBamAlignment \
  VALIDATION_STRINGENCY=SILENT \
  EXPECTED_ORIENTATIONS=FR \
  ATTRIBUTES_TO_RETAIN=X0 \
  ATTRIBUTES_TO_REMOVE=RG \
  ATTRIBUTES_TO_REMOVE=NM \
  ATTRIBUTES_TO_REMOVE=MD \
  ALIGNED_BAM=aligned.bam \
  UNMAPPED_BAM=/cromwell-executions1/WholeGenomeGermlineSingleSample/62cff5fe-42ff-4727-90af-a04169deff2b/call-UnmappedBamToAlignedBam/UnmappedBamToAlignedBam/0551237b-680f-41df-bdcf-a1042ce60cb9/call-SplitRG/shard-0/SplitLargeReadGroup/cb93e366-b42f-4ae8-80a0-d934da4596df/call-SamToFastqAndDragmapAndMba/shard-14/inputs/-365940741/shard_0015.bam \
  OUTPUT=shard_0015.bam \
  REFERENCE_SEQUENCE=/cromwell-executions1/WholeGenomeGermlineSingleSample/62cff5fe-42ff-4727-90af-a04169deff2b/call-UnmappedBamToAlignedBam/UnmappedBamToAlignedBam/0551237b-680f-41df-bdcf-a1042ce60cb9/call-SplitRG/shard-0/SplitLargeReadGroup/cb93e366-b42f-4ae8-80a0-d934da4596df/call-SamToFastqAndDragmapAndMba/shard-14/inputs/-1569105944/Homo_sapiens_assembly38_masked.fasta \
  PAIRED_RUN=true \
  SORT_ORDER="unsorted" \
  IS_BISULFITE_SEQUENCE=false \
  ALIGNED_READS_ONLY=false \
  CLIP_ADAPTERS=false \
   \
   \
  MAX_RECORDS_IN_RAM=2000000 \
  ADD_MATE_CIGAR=true \
  MAX_INSERTIONS_OR_DELETIONS=-1 \
  PRIMARY_ALIGNMENT_STRATEGY=MostDistant \
  PROGRAM_RECORD_ID="dragen-os" \
  PROGRAM_GROUP_VERSION="${DRAGMAP_VERSION}" \
  PROGRAM_GROUP_COMMAND_LINE="dragen-os -b /cromwell-executions1/WholeGenomeGermlineSingleSample/62cff5fe-42ff-4727-90af-a04169deff2b/call-UnmappedBamToAlignedBam/UnmappedBamToAlignedBam/0551237b-680f-41df-bdcf-a1042ce60cb9/call-SplitRG/shard-0/SplitLargeReadGroup/cb93e366-b42f-4ae8-80a0-d934da4596df/call-SamToFastqAndDragmapAndMba/shard-14/inputs/-365940741/shard_0015.bam -r dragen_reference --interleaved=1" \
  PROGRAM_GROUP_NAME="dragen-os" \
  UNMAPPED_READ_STRATEGY=COPY_TO_TAG \
  ALIGNER_PROPER_PAIR_FLAGS=true \
  UNMAP_CONTAMINANT_READS=true \
  ADD_PG_TAG_TO_READS=false[0m
[2026-03-25 17:20:59,23] [info] BackgroundConfigAsyncJobExecutionActor [[38;5;2mcb93e366[0mSplitLargeReadGroup.SamToFastqAndDragmapAndMba:14:1]: executing: # make sure there is no preexisting Docker CID file
rm -f /home/darja/workflow/cromwell-executions1/WholeGenomeGermlineSingleSample/62cff5fe-42ff-4727-90af-a04169deff2b/call-UnmappedBamToAlignedBam/UnmappedBamToAlignedBam/0551237b-680f-41df-bdcf-a1042ce60cb9/call-SplitRG/shard-0/SplitLargeReadGroup/cb93e366-b42f-4ae8-80a0-d934da4596df/call-SamToFastqAndDragmapAndMba/shard-14/execution/docker_cid
# run as in the original configuration without --rm flag (will remove later)
docker run \
  --cidfile /home/darja/workflow/cromwell-executions1/WholeGenomeGermlineSingleSample/62cff5fe-42ff-4727-90af-a04169deff2b/call-UnmappedBamToAlignedBam/UnmappedBamToAlignedBam/0551237b-680f-41df-bdcf-a1042ce60cb9/call-SplitRG/shard-0/SplitLargeReadGroup/cb93e366-b42f-4ae8-80a0-d934da4596df/call-SamToFastqAndDragmapAndMba/shard-14/execution/docker_cid \
  -i \
  --user 1027:1028 \
  --cpus="32" \
  --memory="184320M" \
  --entrypoint /bin/bash \
  -v /home/darja/workflow/cromwell-executions1/WholeGenomeGermlineSingleSample/62cff5fe-42ff-4727-90af-a04169deff2b/call-UnmappedBamToAlignedBam/UnmappedBamToAlignedBam/0551237b-680f-41df-bdcf-a1042ce60cb9/call-SplitRG/shard-0/SplitLargeReadGroup/cb93e366-b42f-4ae8-80a0-d934da4596df/call-SamToFastqAndDragmapAndMba/shard-14:/cromwell-executions1/WholeGenomeGermlineSingleSample/62cff5fe-42ff-4727-90af-a04169deff2b/call-UnmappedBamToAlignedBam/UnmappedBamToAlignedBam/0551237b-680f-41df-bdcf-a1042ce60cb9/call-SplitRG/shard-0/SplitLargeReadGroup/cb93e366-b42f-4ae8-80a0-d934da4596df/call-SamToFastqAndDragmapAndMba/shard-14 \
  -v /mnt/nas1/projects/lasr/blendseq:/mnt/nas1/projects/lasr/blendseq \
  us.gcr.io/broad-gotc-prod/dragmap@sha256:5964afca3e4173c33b11100f68c1a44642e0ff2ee4de5a49d8cd446fef308b23 /cromwell-executions1/WholeGenomeGermlineSingleSample/62cff5fe-42ff-4727-90af-a04169deff2b/call-UnmappedBamToAlignedBam/UnmappedBamToAlignedBam/0551237b-680f-41df-bdcf-a1042ce60cb9/call-SplitRG/shard-0/SplitLargeReadGroup/cb93e366-b42f-4ae8-80a0-d934da4596df/call-SamToFastqAndDragmapAndMba/shard-14/execution/script

# get the return code (working even if the container was detached)
rc=$(docker wait [38;5;5mcat /home/darja/workflow/cromwell-executions1/WholeGenomeGermlineSingleSample/62cff5fe-42ff-4727-90af-a04169deff2b/call-UnmappedBamToAlignedBam/UnmappedBamToAlignedBam/0551237b-680f-41df-bdcf-a1042ce60cb9/call-SplitRG/shard-0/SplitLargeReadGroup/cb93e366-b42f-4ae8-80a0-d934da4596df/call-SamToFastqAndDragmapAndMba/shard-14/execution/docker_cid[0m)

# remove the container after waiting
docker rm [38;5;5mcat /home/darja/workflow/cromwell-executions1/WholeGenomeGermlineSingleSample/62cff5fe-42ff-4727-90af-a04169deff2b/call-UnmappedBamToAlignedBam/UnmappedBamToAlignedBam/0551237b-680f-41df-bdcf-a1042ce60cb9/call-SplitRG/shard-0/SplitLargeReadGroup/cb93e366-b42f-4ae8-80a0-d934da4596df/call-SamToFastqAndDragmapAndMba/shard-14/execution/docker_cid[0m

# return exit code
exit $rc
[2026-03-25 17:21:01,04] [info] BackgroundConfigAsyncJobExecutionActor [[38;5;2mcb93e366[0mSplitLargeReadGroup.SamToFastqAndDragmapAndMba:14:1]: job id: 446612
[2026-03-25 17:21:01,04] [info] BackgroundConfigAsyncJobExecutionActor [[38;5;2mcb93e366[0mSplitLargeReadGroup.SamToFastqAndDragmapAndMba:14:1]: Status change from - to WaitingForReturnCode
[2026-03-25 17:22:11,07] [info] BackgroundConfigAsyncJobExecutionActor [[38;5;2mcb93e366[0mSplitLargeReadGroup.SamToFastqAndDragmapAndMba:9:1]: Status change from WaitingForReturnCode to Done
[2026-03-25 17:22:16,20] [info] Assigned new job execution tokens to the following groups: 62cff5fe: 1
[2026-03-25 17:22:16,24] [[38;5;220mwarn[0m] BackgroundConfigAsyncJobExecutionActor [[38;5;2mcb93e366[0mSplitLargeReadGroup.SamToFastqAndDragmapAndMba:10:1]: Unrecognized runtime attribute keys: preemptible, disks, cpu, memory
[2026-03-25 17:22:19,29] [info] BackgroundConfigAsyncJobExecutionActor [[38;5;2mcb93e366[0mSplitLargeReadGroup.SamToFastqAndDragmapAndMba:10:1]: [38;5;5mset -euxo pipefail

DRAGMAP_VERSION=$(dragen-os --version)

if [ -z ${DRAGMAP_VERSION} ]; then
    exit 1;
fi

mkdir dragen_reference
mv /cromwell-executions1/WholeGenomeGermlineSingleSample/62cff5fe-42ff-4727-90af-a04169deff2b/call-UnmappedBamToAlignedBam/UnmappedBamToAlignedBam/0551237b-680f-41df-bdcf-a1042ce60cb9/call-SplitRG/shard-0/SplitLargeReadGroup/cb93e366-b42f-4ae8-80a0-d934da4596df/call-SamToFastqAndDragmapAndMba/shard-10/inputs/-1290198700/reference.bin /cromwell-executions1/WholeGenomeGermlineSingleSample/62cff5fe-42ff-4727-90af-a04169deff2b/call-UnmappedBamToAlignedBam/UnmappedBamToAlignedBam/0551237b-680f-41df-bdcf-a1042ce60cb9/call-SplitRG/shard-0/SplitLargeReadGroup/cb93e366-b42f-4ae8-80a0-d934da4596df/call-SamToFastqAndDragmapAndMba/shard-10/inputs/-1290198700/hash_table.cfg.bin /cromwell-executions1/WholeGenomeGermlineSingleSample/62cff5fe-42ff-4727-90af-a04169deff2b/call-UnmappedBamToAlignedBam/UnmappedBamToAlignedBam/0551237b-680f-41df-bdcf-a1042ce60cb9/call-SplitRG/shard-0/SplitLargeReadGroup/cb93e366-b42f-4ae8-80a0-d934da4596df/call-SamToFastqAndDragmapAndMba/shard-10/inputs/-1290198700/hash_table.cmp dragen_reference

dragen-os -b /cromwell-executions1/WholeGenomeGermlineSingleSample/62cff5fe-42ff-4727-90af-a04169deff2b/call-UnmappedBamToAlignedBam/UnmappedBamToAlignedBam/0551237b-680f-41df-bdcf-a1042ce60cb9/call-SplitRG/shard-0/SplitLargeReadGroup/cb93e366-b42f-4ae8-80a0-d934da4596df/call-SamToFastqAndDragmapAndMba/shard-10/inputs/-365940741/shard_0011.bam -r dragen_reference --interleaved=1 --preserve-map-align-order true 2> >(tee shard_0011.dragmap.stderr.log >&2) | samtools view -h -O BAM - > aligned.bam
java -Dsamjdk.compression_level=2 -Xms1000m -Xmx1000m -jar /picard/picard.jar \
  MergeBamAlignment \
  VALIDATION_STRINGENCY=SILENT \
  EXPECTED_ORIENTATIONS=FR \
  ATTRIBUTES_TO_RETAIN=X0 \
  ATTRIBUTES_TO_REMOVE=RG \
  ATTRIBUTES_TO_REMOVE=NM \
  ATTRIBUTES_TO_REMOVE=MD \
  ALIGNED_BAM=aligned.bam \
  UNMAPPED_BAM=/cromwell-executions1/WholeGenomeGermlineSingleSample/62cff5fe-42ff-4727-90af-a04169deff2b/call-UnmappedBamToAlignedBam/UnmappedBamToAlignedBam/0551237b-680f-41df-bdcf-a1042ce60cb9/call-SplitRG/shard-0/SplitLargeReadGroup/cb93e366-b42f-4ae8-80a0-d934da4596df/call-SamToFastqAndDragmapAndMba/shard-10/inputs/-365940741/shard_0011.bam \
  OUTPUT=shard_0011.bam \
  REFERENCE_SEQUENCE=/cromwell-executions1/WholeGenomeGermlineSingleSample/62cff5fe-42ff-4727-90af-a04169deff2b/call-UnmappedBamToAlignedBam/UnmappedBamToAlignedBam/0551237b-680f-41df-bdcf-a1042ce60cb9/call-SplitRG/shard-0/SplitLargeReadGroup/cb93e366-b42f-4ae8-80a0-d934da4596df/call-SamToFastqAndDragmapAndMba/shard-10/inputs/-1569105944/Homo_sapiens_assembly38_masked.fasta \
  PAIRED_RUN=true \
  SORT_ORDER="unsorted" \
  IS_BISULFITE_SEQUENCE=false \
  ALIGNED_READS_ONLY=false \
  CLIP_ADAPTERS=false \
   \
   \
  MAX_RECORDS_IN_RAM=2000000 \
  ADD_MATE_CIGAR=true \
  MAX_INSERTIONS_OR_DELETIONS=-1 \
  PRIMARY_ALIGNMENT_STRATEGY=MostDistant \
  PROGRAM_RECORD_ID="dragen-os" \
  PROGRAM_GROUP_VERSION="${DRAGMAP_VERSION}" \
  PROGRAM_GROUP_COMMAND_LINE="dragen-os -b /cromwell-executions1/WholeGenomeGermlineSingleSample/62cff5fe-42ff-4727-90af-a04169deff2b/call-UnmappedBamToAlignedBam/UnmappedBamToAlignedBam/0551237b-680f-41df-bdcf-a1042ce60cb9/call-SplitRG/shard-0/SplitLargeReadGroup/cb93e366-b42f-4ae8-80a0-d934da4596df/call-SamToFastqAndDragmapAndMba/shard-10/inputs/-365940741/shard_0011.bam -r dragen_reference --interleaved=1" \
  PROGRAM_GROUP_NAME="dragen-os" \
  UNMAPPED_READ_STRATEGY=COPY_TO_TAG \
  ALIGNER_PROPER_PAIR_FLAGS=true \
  UNMAP_CONTAMINANT_READS=true \
  ADD_PG_TAG_TO_READS=false[0m
[2026-03-25 17:22:19,29] [info] BackgroundConfigAsyncJobExecutionActor [[38;5;2mcb93e366[0mSplitLargeReadGroup.SamToFastqAndDragmapAndMba:10:1]: executing: # make sure there is no preexisting Docker CID file
rm -f /home/darja/workflow/cromwell-executions1/WholeGenomeGermlineSingleSample/62cff5fe-42ff-4727-90af-a04169deff2b/call-UnmappedBamToAlignedBam/UnmappedBamToAlignedBam/0551237b-680f-41df-bdcf-a1042ce60cb9/call-SplitRG/shard-0/SplitLargeReadGroup/cb93e366-b42f-4ae8-80a0-d934da4596df/call-SamToFastqAndDragmapAndMba/shard-10/execution/docker_cid
# run as in the original configuration without --rm flag (will remove later)
docker run \
  --cidfile /home/darja/workflow/cromwell-executions1/WholeGenomeGermlineSingleSample/62cff5fe-42ff-4727-90af-a04169deff2b/call-UnmappedBamToAlignedBam/UnmappedBamToAlignedBam/0551237b-680f-41df-bdcf-a1042ce60cb9/call-SplitRG/shard-0/SplitLargeReadGroup/cb93e366-b42f-4ae8-80a0-d934da4596df/call-SamToFastqAndDragmapAndMba/shard-10/execution/docker_cid \
  -i \
  --user 1027:1028 \
  --cpus="32" \
  --memory="184320M" \
  --entrypoint /bin/bash \
  -v /home/darja/workflow/cromwell-executions1/WholeGenomeGermlineSingleSample/62cff5fe-42ff-4727-90af-a04169deff2b/call-UnmappedBamToAlignedBam/UnmappedBamToAlignedBam/0551237b-680f-41df-bdcf-a1042ce60cb9/call-SplitRG/shard-0/SplitLargeReadGroup/cb93e366-b42f-4ae8-80a0-d934da4596df/call-SamToFastqAndDragmapAndMba/shard-10:/cromwell-executions1/WholeGenomeGermlineSingleSample/62cff5fe-42ff-4727-90af-a04169deff2b/call-UnmappedBamToAlignedBam/UnmappedBamToAlignedBam/0551237b-680f-41df-bdcf-a1042ce60cb9/call-SplitRG/shard-0/SplitLargeReadGroup/cb93e366-b42f-4ae8-80a0-d934da4596df/call-SamToFastqAndDragmapAndMba/shard-10 \
  -v /mnt/nas1/projects/lasr/blendseq:/mnt/nas1/projects/lasr/blendseq \
  us.gcr.io/broad-gotc-prod/dragmap@sha256:5964afca3e4173c33b11100f68c1a44642e0ff2ee4de5a49d8cd446fef308b23 /cromwell-executions1/WholeGenomeGermlineSingleSample/62cff5fe-42ff-4727-90af-a04169deff2b/call-UnmappedBamToAlignedBam/UnmappedBamToAlignedBam/0551237b-680f-41df-bdcf-a1042ce60cb9/call-SplitRG/shard-0/SplitLargeReadGroup/cb93e366-b42f-4ae8-80a0-d934da4596df/call-SamToFastqAndDragmapAndMba/shard-10/execution/script

# get the return code (working even if the container was detached)
rc=$(docker wait [38;5;5mcat /home/darja/workflow/cromwell-executions1/WholeGenomeGermlineSingleSample/62cff5fe-42ff-4727-90af-a04169deff2b/call-UnmappedBamToAlignedBam/UnmappedBamToAlignedBam/0551237b-680f-41df-bdcf-a1042ce60cb9/call-SplitRG/shard-0/SplitLargeReadGroup/cb93e366-b42f-4ae8-80a0-d934da4596df/call-SamToFastqAndDragmapAndMba/shard-10/execution/docker_cid[0m)

# remove the container after waiting
docker rm [38;5;5mcat /home/darja/workflow/cromwell-executions1/WholeGenomeGermlineSingleSample/62cff5fe-42ff-4727-90af-a04169deff2b/call-UnmappedBamToAlignedBam/UnmappedBamToAlignedBam/0551237b-680f-41df-bdcf-a1042ce60cb9/call-SplitRG/shard-0/SplitLargeReadGroup/cb93e366-b42f-4ae8-80a0-d934da4596df/call-SamToFastqAndDragmapAndMba/shard-10/execution/docker_cid[0m

# return exit code
exit $rc
[2026-03-25 17:22:21,04] [info] BackgroundConfigAsyncJobExecutionActor [[38;5;2mcb93e366[0mSplitLargeReadGroup.SamToFastqAndDragmapAndMba:10:1]: job id: 447155
[2026-03-25 17:22:21,04] [info] BackgroundConfigAsyncJobExecutionActor [[38;5;2mcb93e366[0mSplitLargeReadGroup.SamToFastqAndDragmapAndMba:10:1]: Status change from - to WaitingForReturnCode
[2026-03-25 17:58:18,44] [info] BackgroundConfigAsyncJobExecutionActor [[38;5;2mcb93e366[0mSplitLargeReadGroup.SamToFastqAndDragmapAndMba:14:1]: Status change from WaitingForReturnCode to Done
[2026-03-25 17:58:26,20] [info] Assigned new job execution tokens to the following groups: 62cff5fe: 1
[2026-03-25 17:58:26,23] [[38;5;220mwarn[0m] BackgroundConfigAsyncJobExecutionActor [[38;5;2mcb93e366[0mSplitLargeReadGroup.SamToFastqAndDragmapAndMba:18:1]: Unrecognized runtime attribute keys: preemptible, disks, cpu, memory
[2026-03-25 17:58:28,09] [info] BackgroundConfigAsyncJobExecutionActor [[38;5;2mcb93e366[0mSplitLargeReadGroup.SamToFastqAndDragmapAndMba:18:1]: [38;5;5mset -euxo pipefail

DRAGMAP_VERSION=$(dragen-os --version)

if [ -z ${DRAGMAP_VERSION} ]; then
    exit 1;
fi

mkdir dragen_reference
mv /cromwell-executions1/WholeGenomeGermlineSingleSample/62cff5fe-42ff-4727-90af-a04169deff2b/call-UnmappedBamToAlignedBam/UnmappedBamToAlignedBam/0551237b-680f-41df-bdcf-a1042ce60cb9/call-SplitRG/shard-0/SplitLargeReadGroup/cb93e366-b42f-4ae8-80a0-d934da4596df/call-SamToFastqAndDragmapAndMba/shard-18/inputs/-1290198700/reference.bin /cromwell-executions1/WholeGenomeGermlineSingleSample/62cff5fe-42ff-4727-90af-a04169deff2b/call-UnmappedBamToAlignedBam/UnmappedBamToAlignedBam/0551237b-680f-41df-bdcf-a1042ce60cb9/call-SplitRG/shard-0/SplitLargeReadGroup/cb93e366-b42f-4ae8-80a0-d934da4596df/call-SamToFastqAndDragmapAndMba/shard-18/inputs/-1290198700/hash_table.cfg.bin /cromwell-executions1/WholeGenomeGermlineSingleSample/62cff5fe-42ff-4727-90af-a04169deff2b/call-UnmappedBamToAlignedBam/UnmappedBamToAlignedBam/0551237b-680f-41df-bdcf-a1042ce60cb9/call-SplitRG/shard-0/SplitLargeReadGroup/cb93e366-b42f-4ae8-80a0-d934da4596df/call-SamToFastqAndDragmapAndMba/shard-18/inputs/-1290198700/hash_table.cmp dragen_reference

dragen-os -b /cromwell-executions1/WholeGenomeGermlineSingleSample/62cff5fe-42ff-4727-90af-a04169deff2b/call-UnmappedBamToAlignedBam/UnmappedBamToAlignedBam/0551237b-680f-41df-bdcf-a1042ce60cb9/call-SplitRG/shard-0/SplitLargeReadGroup/cb93e366-b42f-4ae8-80a0-d934da4596df/call-SamToFastqAndDragmapAndMba/shard-18/inputs/-365940741/shard_0019.bam -r dragen_reference --interleaved=1 --preserve-map-align-order true 2> >(tee shard_0019.dragmap.stderr.log >&2) | samtools view -h -O BAM - > aligned.bam
java -Dsamjdk.compression_level=2 -Xms1000m -Xmx1000m -jar /picard/picard.jar \
  MergeBamAlignment \
  VALIDATION_STRINGENCY=SILENT \
  EXPECTED_ORIENTATIONS=FR \
  ATTRIBUTES_TO_RETAIN=X0 \
  ATTRIBUTES_TO_REMOVE=RG \
  ATTRIBUTES_TO_REMOVE=NM \
  ATTRIBUTES_TO_REMOVE=MD \
  ALIGNED_BAM=aligned.bam \
  UNMAPPED_BAM=/cromwell-executions1/WholeGenomeGermlineSingleSample/62cff5fe-42ff-4727-90af-a04169deff2b/call-UnmappedBamToAlignedBam/UnmappedBamToAlignedBam/0551237b-680f-41df-bdcf-a1042ce60cb9/call-SplitRG/shard-0/SplitLargeReadGroup/cb93e366-b42f-4ae8-80a0-d934da4596df/call-SamToFastqAndDragmapAndMba/shard-18/inputs/-365940741/shard_0019.bam \
  OUTPUT=shard_0019.bam \
  REFERENCE_SEQUENCE=/cromwell-executions1/WholeGenomeGermlineSingleSample/62cff5fe-42ff-4727-90af-a04169deff2b/call-UnmappedBamToAlignedBam/UnmappedBamToAlignedBam/0551237b-680f-41df-bdcf-a1042ce60cb9/call-SplitRG/shard-0/SplitLargeReadGroup/cb93e366-b42f-4ae8-80a0-d934da4596df/call-SamToFastqAndDragmapAndMba/shard-18/inputs/-1569105944/Homo_sapiens_assembly38_masked.fasta \
  PAIRED_RUN=true \
  SORT_ORDER="unsorted" \
  IS_BISULFITE_SEQUENCE=false \
  ALIGNED_READS_ONLY=false \
  CLIP_ADAPTERS=false \
   \
   \
  MAX_RECORDS_IN_RAM=2000000 \
  ADD_MATE_CIGAR=true \
  MAX_INSERTIONS_OR_DELETIONS=-1 \
  PRIMARY_ALIGNMENT_STRATEGY=MostDistant \
  PROGRAM_RECORD_ID="dragen-os" \
  PROGRAM_GROUP_VERSION="${DRAGMAP_VERSION}" \
  PROGRAM_GROUP_COMMAND_LINE="dragen-os -b /cromwell-executions1/WholeGenomeGermlineSingleSample/62cff5fe-42ff-4727-90af-a04169deff2b/call-UnmappedBamToAlignedBam/UnmappedBamToAlignedBam/0551237b-680f-41df-bdcf-a1042ce60cb9/call-SplitRG/shard-0/SplitLargeReadGroup/cb93e366-b42f-4ae8-80a0-d934da4596df/call-SamToFastqAndDragmapAndMba/shard-18/inputs/-365940741/shard_0019.bam -r dragen_reference --interleaved=1" \
  PROGRAM_GROUP_NAME="dragen-os" \
  UNMAPPED_READ_STRATEGY=COPY_TO_TAG \
  ALIGNER_PROPER_PAIR_FLAGS=true \
  UNMAP_CONTAMINANT_READS=true \
  ADD_PG_TAG_TO_READS=false[0m
[2026-03-25 17:58:28,09] [info] BackgroundConfigAsyncJobExecutionActor [[38;5;2mcb93e366[0mSplitLargeReadGroup.SamToFastqAndDragmapAndMba:18:1]: executing: # make sure there is no preexisting Docker CID file
rm -f /home/darja/workflow/cromwell-executions1/WholeGenomeGermlineSingleSample/62cff5fe-42ff-4727-90af-a04169deff2b/call-UnmappedBamToAlignedBam/UnmappedBamToAlignedBam/0551237b-680f-41df-bdcf-a1042ce60cb9/call-SplitRG/shard-0/SplitLargeReadGroup/cb93e366-b42f-4ae8-80a0-d934da4596df/call-SamToFastqAndDragmapAndMba/shard-18/execution/docker_cid
# run as in the original configuration without --rm flag (will remove later)
docker run \
  --cidfile /home/darja/workflow/cromwell-executions1/WholeGenomeGermlineSingleSample/62cff5fe-42ff-4727-90af-a04169deff2b/call-UnmappedBamToAlignedBam/UnmappedBamToAlignedBam/0551237b-680f-41df-bdcf-a1042ce60cb9/call-SplitRG/shard-0/SplitLargeReadGroup/cb93e366-b42f-4ae8-80a0-d934da4596df/call-SamToFastqAndDragmapAndMba/shard-18/execution/docker_cid \
  -i \
  --user 1027:1028 \
  --cpus="32" \
  --memory="184320M" \
  --entrypoint /bin/bash \
  -v /home/darja/workflow/cromwell-executions1/WholeGenomeGermlineSingleSample/62cff5fe-42ff-4727-90af-a04169deff2b/call-UnmappedBamToAlignedBam/UnmappedBamToAlignedBam/0551237b-680f-41df-bdcf-a1042ce60cb9/call-SplitRG/shard-0/SplitLargeReadGroup/cb93e366-b42f-4ae8-80a0-d934da4596df/call-SamToFastqAndDragmapAndMba/shard-18:/cromwell-executions1/WholeGenomeGermlineSingleSample/62cff5fe-42ff-4727-90af-a04169deff2b/call-UnmappedBamToAlignedBam/UnmappedBamToAlignedBam/0551237b-680f-41df-bdcf-a1042ce60cb9/call-SplitRG/shard-0/SplitLargeReadGroup/cb93e366-b42f-4ae8-80a0-d934da4596df/call-SamToFastqAndDragmapAndMba/shard-18 \
  -v /mnt/nas1/projects/lasr/blendseq:/mnt/nas1/projects/lasr/blendseq \
  us.gcr.io/broad-gotc-prod/dragmap@sha256:5964afca3e4173c33b11100f68c1a44642e0ff2ee4de5a49d8cd446fef308b23 /cromwell-executions1/WholeGenomeGermlineSingleSample/62cff5fe-42ff-4727-90af-a04169deff2b/call-UnmappedBamToAlignedBam/UnmappedBamToAlignedBam/0551237b-680f-41df-bdcf-a1042ce60cb9/call-SplitRG/shard-0/SplitLargeReadGroup/cb93e366-b42f-4ae8-80a0-d934da4596df/call-SamToFastqAndDragmapAndMba/shard-18/execution/script

# get the return code (working even if the container was detached)
rc=$(docker wait [38;5;5mcat /home/darja/workflow/cromwell-executions1/WholeGenomeGermlineSingleSample/62cff5fe-42ff-4727-90af-a04169deff2b/call-UnmappedBamToAlignedBam/UnmappedBamToAlignedBam/0551237b-680f-41df-bdcf-a1042ce60cb9/call-SplitRG/shard-0/SplitLargeReadGroup/cb93e366-b42f-4ae8-80a0-d934da4596df/call-SamToFastqAndDragmapAndMba/shard-18/execution/docker_cid[0m)

# remove the container after waiting
docker rm [38;5;5mcat /home/darja/workflow/cromwell-executions1/WholeGenomeGermlineSingleSample/62cff5fe-42ff-4727-90af-a04169deff2b/call-UnmappedBamToAlignedBam/UnmappedBamToAlignedBam/0551237b-680f-41df-bdcf-a1042ce60cb9/call-SplitRG/shard-0/SplitLargeReadGroup/cb93e366-b42f-4ae8-80a0-d934da4596df/call-SamToFastqAndDragmapAndMba/shard-18/execution/docker_cid[0m

# return exit code
exit $rc
[2026-03-25 17:58:31,04] [info] BackgroundConfigAsyncJobExecutionActor [[38;5;2mcb93e366[0mSplitLargeReadGroup.SamToFastqAndDragmapAndMba:18:1]: job id: 448332
[2026-03-25 17:58:31,04] [info] BackgroundConfigAsyncJobExecutionActor [[38;5;2mcb93e366[0mSplitLargeReadGroup.SamToFastqAndDragmapAndMba:18:1]: Status change from - to WaitingForReturnCode
[2026-03-25 18:02:40,28] [info] BackgroundConfigAsyncJobExecutionActor [[38;5;2mcb93e366[0mSplitLargeReadGroup.SamToFastqAndDragmapAndMba:10:1]: Status change from WaitingForReturnCode to Done
[2026-03-25 18:02:46,20] [info] Assigned new job execution tokens to the following groups: 62cff5fe: 1
[2026-03-25 18:02:46,24] [[38;5;220mwarn[0m] BackgroundConfigAsyncJobExecutionActor [[38;5;2mcb93e366[0mSplitLargeReadGroup.SamToFastqAndDragmapAndMba:11:1]: Unrecognized runtime attribute keys: preemptible, disks, cpu, memory
[2026-03-25 18:02:49,38] [info] BackgroundConfigAsyncJobExecutionActor [[38;5;2mcb93e366[0mSplitLargeReadGroup.SamToFastqAndDragmapAndMba:11:1]: [38;5;5mset -euxo pipefail

DRAGMAP_VERSION=$(dragen-os --version)

if [ -z ${DRAGMAP_VERSION} ]; then
    exit 1;
fi

mkdir dragen_reference
mv /cromwell-executions1/WholeGenomeGermlineSingleSample/62cff5fe-42ff-4727-90af-a04169deff2b/call-UnmappedBamToAlignedBam/UnmappedBamToAlignedBam/0551237b-680f-41df-bdcf-a1042ce60cb9/call-SplitRG/shard-0/SplitLargeReadGroup/cb93e366-b42f-4ae8-80a0-d934da4596df/call-SamToFastqAndDragmapAndMba/shard-11/inputs/-1290198700/reference.bin /cromwell-executions1/WholeGenomeGermlineSingleSample/62cff5fe-42ff-4727-90af-a04169deff2b/call-UnmappedBamToAlignedBam/UnmappedBamToAlignedBam/0551237b-680f-41df-bdcf-a1042ce60cb9/call-SplitRG/shard-0/SplitLargeReadGroup/cb93e366-b42f-4ae8-80a0-d934da4596df/call-SamToFastqAndDragmapAndMba/shard-11/inputs/-1290198700/hash_table.cfg.bin /cromwell-executions1/WholeGenomeGermlineSingleSample/62cff5fe-42ff-4727-90af-a04169deff2b/call-UnmappedBamToAlignedBam/UnmappedBamToAlignedBam/0551237b-680f-41df-bdcf-a1042ce60cb9/call-SplitRG/shard-0/SplitLargeReadGroup/cb93e366-b42f-4ae8-80a0-d934da4596df/call-SamToFastqAndDragmapAndMba/shard-11/inputs/-1290198700/hash_table.cmp dragen_reference

dragen-os -b /cromwell-executions1/WholeGenomeGermlineSingleSample/62cff5fe-42ff-4727-90af-a04169deff2b/call-UnmappedBamToAlignedBam/UnmappedBamToAlignedBam/0551237b-680f-41df-bdcf-a1042ce60cb9/call-SplitRG/shard-0/SplitLargeReadGroup/cb93e366-b42f-4ae8-80a0-d934da4596df/call-SamToFastqAndDragmapAndMba/shard-11/inputs/-365940741/shard_0012.bam -r dragen_reference --interleaved=1 --preserve-map-align-order true 2> >(tee shard_0012.dragmap.stderr.log >&2) | samtools view -h -O BAM - > aligned.bam
java -Dsamjdk.compression_level=2 -Xms1000m -Xmx1000m -jar /picard/picard.jar \
  MergeBamAlignment \
  VALIDATION_STRINGENCY=SILENT \
  EXPECTED_ORIENTATIONS=FR \
  ATTRIBUTES_TO_RETAIN=X0 \
  ATTRIBUTES_TO_REMOVE=RG \
  ATTRIBUTES_TO_REMOVE=NM \
  ATTRIBUTES_TO_REMOVE=MD \
  ALIGNED_BAM=aligned.bam \
  UNMAPPED_BAM=/cromwell-executions1/WholeGenomeGermlineSingleSample/62cff5fe-42ff-4727-90af-a04169deff2b/call-UnmappedBamToAlignedBam/UnmappedBamToAlignedBam/0551237b-680f-41df-bdcf-a1042ce60cb9/call-SplitRG/shard-0/SplitLargeReadGroup/cb93e366-b42f-4ae8-80a0-d934da4596df/call-SamToFastqAndDragmapAndMba/shard-11/inputs/-365940741/shard_0012.bam \
  OUTPUT=shard_0012.bam \
  REFERENCE_SEQUENCE=/cromwell-executions1/WholeGenomeGermlineSingleSample/62cff5fe-42ff-4727-90af-a04169deff2b/call-UnmappedBamToAlignedBam/UnmappedBamToAlignedBam/0551237b-680f-41df-bdcf-a1042ce60cb9/call-SplitRG/shard-0/SplitLargeReadGroup/cb93e366-b42f-4ae8-80a0-d934da4596df/call-SamToFastqAndDragmapAndMba/shard-11/inputs/-1569105944/Homo_sapiens_assembly38_masked.fasta \
  PAIRED_RUN=true \
  SORT_ORDER="unsorted" \
  IS_BISULFITE_SEQUENCE=false \
  ALIGNED_READS_ONLY=false \
  CLIP_ADAPTERS=false \
   \
   \
  MAX_RECORDS_IN_RAM=2000000 \
  ADD_MATE_CIGAR=true \
  MAX_INSERTIONS_OR_DELETIONS=-1 \
  PRIMARY_ALIGNMENT_STRATEGY=MostDistant \
  PROGRAM_RECORD_ID="dragen-os" \
  PROGRAM_GROUP_VERSION="${DRAGMAP_VERSION}" \
  PROGRAM_GROUP_COMMAND_LINE="dragen-os -b /cromwell-executions1/WholeGenomeGermlineSingleSample/62cff5fe-42ff-4727-90af-a04169deff2b/call-UnmappedBamToAlignedBam/UnmappedBamToAlignedBam/0551237b-680f-41df-bdcf-a1042ce60cb9/call-SplitRG/shard-0/SplitLargeReadGroup/cb93e366-b42f-4ae8-80a0-d934da4596df/call-SamToFastqAndDragmapAndMba/shard-11/inputs/-365940741/shard_0012.bam -r dragen_reference --interleaved=1" \
  PROGRAM_GROUP_NAME="dragen-os" \
  UNMAPPED_READ_STRATEGY=COPY_TO_TAG \
  ALIGNER_PROPER_PAIR_FLAGS=true \
  UNMAP_CONTAMINANT_READS=true \
  ADD_PG_TAG_TO_READS=false[0m
[2026-03-25 18:02:49,38] [info] BackgroundConfigAsyncJobExecutionActor [[38;5;2mcb93e366[0mSplitLargeReadGroup.SamToFastqAndDragmapAndMba:11:1]: executing: # make sure there is no preexisting Docker CID file
rm -f /home/darja/workflow/cromwell-executions1/WholeGenomeGermlineSingleSample/62cff5fe-42ff-4727-90af-a04169deff2b/call-UnmappedBamToAlignedBam/UnmappedBamToAlignedBam/0551237b-680f-41df-bdcf-a1042ce60cb9/call-SplitRG/shard-0/SplitLargeReadGroup/cb93e366-b42f-4ae8-80a0-d934da4596df/call-SamToFastqAndDragmapAndMba/shard-11/execution/docker_cid
# run as in the original configuration without --rm flag (will remove later)
docker run \
  --cidfile /home/darja/workflow/cromwell-executions1/WholeGenomeGermlineSingleSample/62cff5fe-42ff-4727-90af-a04169deff2b/call-UnmappedBamToAlignedBam/UnmappedBamToAlignedBam/0551237b-680f-41df-bdcf-a1042ce60cb9/call-SplitRG/shard-0/SplitLargeReadGroup/cb93e366-b42f-4ae8-80a0-d934da4596df/call-SamToFastqAndDragmapAndMba/shard-11/execution/docker_cid \
  -i \
  --user 1027:1028 \
  --cpus="32" \
  --memory="184320M" \
  --entrypoint /bin/bash \
  -v /home/darja/workflow/cromwell-executions1/WholeGenomeGermlineSingleSample/62cff5fe-42ff-4727-90af-a04169deff2b/call-UnmappedBamToAlignedBam/UnmappedBamToAlignedBam/0551237b-680f-41df-bdcf-a1042ce60cb9/call-SplitRG/shard-0/SplitLargeReadGroup/cb93e366-b42f-4ae8-80a0-d934da4596df/call-SamToFastqAndDragmapAndMba/shard-11:/cromwell-executions1/WholeGenomeGermlineSingleSample/62cff5fe-42ff-4727-90af-a04169deff2b/call-UnmappedBamToAlignedBam/UnmappedBamToAlignedBam/0551237b-680f-41df-bdcf-a1042ce60cb9/call-SplitRG/shard-0/SplitLargeReadGroup/cb93e366-b42f-4ae8-80a0-d934da4596df/call-SamToFastqAndDragmapAndMba/shard-11 \
  -v /mnt/nas1/projects/lasr/blendseq:/mnt/nas1/projects/lasr/blendseq \
  us.gcr.io/broad-gotc-prod/dragmap@sha256:5964afca3e4173c33b11100f68c1a44642e0ff2ee4de5a49d8cd446fef308b23 /cromwell-executions1/WholeGenomeGermlineSingleSample/62cff5fe-42ff-4727-90af-a04169deff2b/call-UnmappedBamToAlignedBam/UnmappedBamToAlignedBam/0551237b-680f-41df-bdcf-a1042ce60cb9/call-SplitRG/shard-0/SplitLargeReadGroup/cb93e366-b42f-4ae8-80a0-d934da4596df/call-SamToFastqAndDragmapAndMba/shard-11/execution/script

# get the return code (working even if the container was detached)
rc=$(docker wait [38;5;5mcat /home/darja/workflow/cromwell-executions1/WholeGenomeGermlineSingleSample/62cff5fe-42ff-4727-90af-a04169deff2b/call-UnmappedBamToAlignedBam/UnmappedBamToAlignedBam/0551237b-680f-41df-bdcf-a1042ce60cb9/call-SplitRG/shard-0/SplitLargeReadGroup/cb93e366-b42f-4ae8-80a0-d934da4596df/call-SamToFastqAndDragmapAndMba/shard-11/execution/docker_cid[0m)

# remove the container after waiting
docker rm [38;5;5mcat /home/darja/workflow/cromwell-executions1/WholeGenomeGermlineSingleSample/62cff5fe-42ff-4727-90af-a04169deff2b/call-UnmappedBamToAlignedBam/UnmappedBamToAlignedBam/0551237b-680f-41df-bdcf-a1042ce60cb9/call-SplitRG/shard-0/SplitLargeReadGroup/cb93e366-b42f-4ae8-80a0-d934da4596df/call-SamToFastqAndDragmapAndMba/shard-11/execution/docker_cid[0m

# return exit code
exit $rc
[2026-03-25 18:02:51,04] [info] BackgroundConfigAsyncJobExecutionActor [[38;5;2mcb93e366[0mSplitLargeReadGroup.SamToFastqAndDragmapAndMba:11:1]: job id: 448995
[2026-03-25 18:02:51,04] [info] BackgroundConfigAsyncJobExecutionActor [[38;5;2mcb93e366[0mSplitLargeReadGroup.SamToFastqAndDragmapAndMba:11:1]: Status change from - to WaitingForReturnCode
[2026-03-25 18:34:03,98] [info] BackgroundConfigAsyncJobExecutionActor [[38;5;2mcb93e366[0mSplitLargeReadGroup.SamToFastqAndDragmapAndMba:18:1]: Status change from WaitingForReturnCode to Done
[2026-03-25 18:34:06,20] [info] Assigned new job execution tokens to the following groups: 62cff5fe: 1
[2026-03-25 18:34:06,23] [[38;5;220mwarn[0m] BackgroundConfigAsyncJobExecutionActor [[38;5;2mcb93e366[0mSplitLargeReadGroup.SamToFastqAndDragmapAndMba:31:1]: Unrecognized runtime attribute keys: preemptible, disks, cpu, memory
[2026-03-25 18:34:09,49] [info] BackgroundConfigAsyncJobExecutionActor [[38;5;2mcb93e366[0mSplitLargeReadGroup.SamToFastqAndDragmapAndMba:31:1]: [38;5;5mset -euxo pipefail

DRAGMAP_VERSION=$(dragen-os --version)

if [ -z ${DRAGMAP_VERSION} ]; then
    exit 1;
fi

mkdir dragen_reference
mv /cromwell-executions1/WholeGenomeGermlineSingleSample/62cff5fe-42ff-4727-90af-a04169deff2b/call-UnmappedBamToAlignedBam/UnmappedBamToAlignedBam/0551237b-680f-41df-bdcf-a1042ce60cb9/call-SplitRG/shard-0/SplitLargeReadGroup/cb93e366-b42f-4ae8-80a0-d934da4596df/call-SamToFastqAndDragmapAndMba/shard-31/inputs/-1290198700/reference.bin /cromwell-executions1/WholeGenomeGermlineSingleSample/62cff5fe-42ff-4727-90af-a04169deff2b/call-UnmappedBamToAlignedBam/UnmappedBamToAlignedBam/0551237b-680f-41df-bdcf-a1042ce60cb9/call-SplitRG/shard-0/SplitLargeReadGroup/cb93e366-b42f-4ae8-80a0-d934da4596df/call-SamToFastqAndDragmapAndMba/shard-31/inputs/-1290198700/hash_table.cfg.bin /cromwell-executions1/WholeGenomeGermlineSingleSample/62cff5fe-42ff-4727-90af-a04169deff2b/call-UnmappedBamToAlignedBam/UnmappedBamToAlignedBam/0551237b-680f-41df-bdcf-a1042ce60cb9/call-SplitRG/shard-0/SplitLargeReadGroup/cb93e366-b42f-4ae8-80a0-d934da4596df/call-SamToFastqAndDragmapAndMba/shard-31/inputs/-1290198700/hash_table.cmp dragen_reference

dragen-os -b /cromwell-executions1/WholeGenomeGermlineSingleSample/62cff5fe-42ff-4727-90af-a04169deff2b/call-UnmappedBamToAlignedBam/UnmappedBamToAlignedBam/0551237b-680f-41df-bdcf-a1042ce60cb9/call-SplitRG/shard-0/SplitLargeReadGroup/cb93e366-b42f-4ae8-80a0-d934da4596df/call-SamToFastqAndDragmapAndMba/shard-31/inputs/-365940741/shard_0032.bam -r dragen_reference --interleaved=1 --preserve-map-align-order true 2> >(tee shard_0032.dragmap.stderr.log >&2) | samtools view -h -O BAM - > aligned.bam
java -Dsamjdk.compression_level=2 -Xms1000m -Xmx1000m -jar /picard/picard.jar \
  MergeBamAlignment \
  VALIDATION_STRINGENCY=SILENT \
  EXPECTED_ORIENTATIONS=FR \
  ATTRIBUTES_TO_RETAIN=X0 \
  ATTRIBUTES_TO_REMOVE=RG \
  ATTRIBUTES_TO_REMOVE=NM \
  ATTRIBUTES_TO_REMOVE=MD \
  ALIGNED_BAM=aligned.bam \
  UNMAPPED_BAM=/cromwell-executions1/WholeGenomeGermlineSingleSample/62cff5fe-42ff-4727-90af-a04169deff2b/call-UnmappedBamToAlignedBam/UnmappedBamToAlignedBam/0551237b-680f-41df-bdcf-a1042ce60cb9/call-SplitRG/shard-0/SplitLargeReadGroup/cb93e366-b42f-4ae8-80a0-d934da4596df/call-SamToFastqAndDragmapAndMba/shard-31/inputs/-365940741/shard_0032.bam \
  OUTPUT=shard_0032.bam \
  REFERENCE_SEQUENCE=/cromwell-executions1/WholeGenomeGermlineSingleSample/62cff5fe-42ff-4727-90af-a04169deff2b/call-UnmappedBamToAlignedBam/UnmappedBamToAlignedBam/0551237b-680f-41df-bdcf-a1042ce60cb9/call-SplitRG/shard-0/SplitLargeReadGroup/cb93e366-b42f-4ae8-80a0-d934da4596df/call-SamToFastqAndDragmapAndMba/shard-31/inputs/-1569105944/Homo_sapiens_assembly38_masked.fasta \
  PAIRED_RUN=true \
  SORT_ORDER="unsorted" \
  IS_BISULFITE_SEQUENCE=false \
  ALIGNED_READS_ONLY=false \
  CLIP_ADAPTERS=false \
   \
   \
  MAX_RECORDS_IN_RAM=2000000 \
  ADD_MATE_CIGAR=true \
  MAX_INSERTIONS_OR_DELETIONS=-1 \
  PRIMARY_ALIGNMENT_STRATEGY=MostDistant \
  PROGRAM_RECORD_ID="dragen-os" \
  PROGRAM_GROUP_VERSION="${DRAGMAP_VERSION}" \
  PROGRAM_GROUP_COMMAND_LINE="dragen-os -b /cromwell-executions1/WholeGenomeGermlineSingleSample/62cff5fe-42ff-4727-90af-a04169deff2b/call-UnmappedBamToAlignedBam/UnmappedBamToAlignedBam/0551237b-680f-41df-bdcf-a1042ce60cb9/call-SplitRG/shard-0/SplitLargeReadGroup/cb93e366-b42f-4ae8-80a0-d934da4596df/call-SamToFastqAndDragmapAndMba/shard-31/inputs/-365940741/shard_0032.bam -r dragen_reference --interleaved=1" \
  PROGRAM_GROUP_NAME="dragen-os" \
  UNMAPPED_READ_STRATEGY=COPY_TO_TAG \
  ALIGNER_PROPER_PAIR_FLAGS=true \
  UNMAP_CONTAMINANT_READS=true \
  ADD_PG_TAG_TO_READS=false[0m
[2026-03-25 18:34:09,50] [info] BackgroundConfigAsyncJobExecutionActor [[38;5;2mcb93e366[0mSplitLargeReadGroup.SamToFastqAndDragmapAndMba:31:1]: executing: # make sure there is no preexisting Docker CID file
rm -f /home/darja/workflow/cromwell-executions1/WholeGenomeGermlineSingleSample/62cff5fe-42ff-4727-90af-a04169deff2b/call-UnmappedBamToAlignedBam/UnmappedBamToAlignedBam/0551237b-680f-41df-bdcf-a1042ce60cb9/call-SplitRG/shard-0/SplitLargeReadGroup/cb93e366-b42f-4ae8-80a0-d934da4596df/call-SamToFastqAndDragmapAndMba/shard-31/execution/docker_cid
# run as in the original configuration without --rm flag (will remove later)
docker run \
  --cidfile /home/darja/workflow/cromwell-executions1/WholeGenomeGermlineSingleSample/62cff5fe-42ff-4727-90af-a04169deff2b/call-UnmappedBamToAlignedBam/UnmappedBamToAlignedBam/0551237b-680f-41df-bdcf-a1042ce60cb9/call-SplitRG/shard-0/SplitLargeReadGroup/cb93e366-b42f-4ae8-80a0-d934da4596df/call-SamToFastqAndDragmapAndMba/shard-31/execution/docker_cid \
  -i \
  --user 1027:1028 \
  --cpus="32" \
  --memory="184320M" \
  --entrypoint /bin/bash \
  -v /home/darja/workflow/cromwell-executions1/WholeGenomeGermlineSingleSample/62cff5fe-42ff-4727-90af-a04169deff2b/call-UnmappedBamToAlignedBam/UnmappedBamToAlignedBam/0551237b-680f-41df-bdcf-a1042ce60cb9/call-SplitRG/shard-0/SplitLargeReadGroup/cb93e366-b42f-4ae8-80a0-d934da4596df/call-SamToFastqAndDragmapAndMba/shard-31:/cromwell-executions1/WholeGenomeGermlineSingleSample/62cff5fe-42ff-4727-90af-a04169deff2b/call-UnmappedBamToAlignedBam/UnmappedBamToAlignedBam/0551237b-680f-41df-bdcf-a1042ce60cb9/call-SplitRG/shard-0/SplitLargeReadGroup/cb93e366-b42f-4ae8-80a0-d934da4596df/call-SamToFastqAndDragmapAndMba/shard-31 \
  -v /mnt/nas1/projects/lasr/blendseq:/mnt/nas1/projects/lasr/blendseq \
  us.gcr.io/broad-gotc-prod/dragmap@sha256:5964afca3e4173c33b11100f68c1a44642e0ff2ee4de5a49d8cd446fef308b23 /cromwell-executions1/WholeGenomeGermlineSingleSample/62cff5fe-42ff-4727-90af-a04169deff2b/call-UnmappedBamToAlignedBam/UnmappedBamToAlignedBam/0551237b-680f-41df-bdcf-a1042ce60cb9/call-SplitRG/shard-0/SplitLargeReadGroup/cb93e366-b42f-4ae8-80a0-d934da4596df/call-SamToFastqAndDragmapAndMba/shard-31/execution/script

# get the return code (working even if the container was detached)
rc=$(docker wait [38;5;5mcat /home/darja/workflow/cromwell-executions1/WholeGenomeGermlineSingleSample/62cff5fe-42ff-4727-90af-a04169deff2b/call-UnmappedBamToAlignedBam/UnmappedBamToAlignedBam/0551237b-680f-41df-bdcf-a1042ce60cb9/call-SplitRG/shard-0/SplitLargeReadGroup/cb93e366-b42f-4ae8-80a0-d934da4596df/call-SamToFastqAndDragmapAndMba/shard-31/execution/docker_cid[0m)

# remove the container after waiting
docker rm [38;5;5mcat /home/darja/workflow/cromwell-executions1/WholeGenomeGermlineSingleSample/62cff5fe-42ff-4727-90af-a04169deff2b/call-UnmappedBamToAlignedBam/UnmappedBamToAlignedBam/0551237b-680f-41df-bdcf-a1042ce60cb9/call-SplitRG/shard-0/SplitLargeReadGroup/cb93e366-b42f-4ae8-80a0-d934da4596df/call-SamToFastqAndDragmapAndMba/shard-31/execution/docker_cid[0m

# return exit code
exit $rc
[2026-03-25 18:34:11,04] [info] BackgroundConfigAsyncJobExecutionActor [[38;5;2mcb93e366[0mSplitLargeReadGroup.SamToFastqAndDragmapAndMba:31:1]: job id: 450000
[2026-03-25 18:34:11,04] [info] BackgroundConfigAsyncJobExecutionActor [[38;5;2mcb93e366[0mSplitLargeReadGroup.SamToFastqAndDragmapAndMba:31:1]: Status change from - to WaitingForReturnCode
[2026-03-25 18:52:13,74] [info] BackgroundConfigAsyncJobExecutionActor [[38;5;2mcb93e366[0mSplitLargeReadGroup.SamToFastqAndDragmapAndMba:11:1]: Status change from WaitingForReturnCode to Done
[2026-03-25 18:52:16,20] [info] Assigned new job execution tokens to the following groups: 62cff5fe: 1
[2026-03-25 18:52:16,22] [[38;5;220mwarn[0m] BackgroundConfigAsyncJobExecutionActor [[38;5;2mcb93e366[0mSplitLargeReadGroup.SamToFastqAndDragmapAndMba:17:1]: Unrecognized runtime attribute keys: preemptible, disks, cpu, memory
[2026-03-25 18:52:19,72] [info] BackgroundConfigAsyncJobExecutionActor [[38;5;2mcb93e366[0mSplitLargeReadGroup.SamToFastqAndDragmapAndMba:17:1]: [38;5;5mset -euxo pipefail

DRAGMAP_VERSION=$(dragen-os --version)

if [ -z ${DRAGMAP_VERSION} ]; then
    exit 1;
fi

mkdir dragen_reference
mv /cromwell-executions1/WholeGenomeGermlineSingleSample/62cff5fe-42ff-4727-90af-a04169deff2b/call-UnmappedBamToAlignedBam/UnmappedBamToAlignedBam/0551237b-680f-41df-bdcf-a1042ce60cb9/call-SplitRG/shard-0/SplitLargeReadGroup/cb93e366-b42f-4ae8-80a0-d934da4596df/call-SamToFastqAndDragmapAndMba/shard-17/inputs/-1290198700/reference.bin /cromwell-executions1/WholeGenomeGermlineSingleSample/62cff5fe-42ff-4727-90af-a04169deff2b/call-UnmappedBamToAlignedBam/UnmappedBamToAlignedBam/0551237b-680f-41df-bdcf-a1042ce60cb9/call-SplitRG/shard-0/SplitLargeReadGroup/cb93e366-b42f-4ae8-80a0-d934da4596df/call-SamToFastqAndDragmapAndMba/shard-17/inputs/-1290198700/hash_table.cfg.bin /cromwell-executions1/WholeGenomeGermlineSingleSample/62cff5fe-42ff-4727-90af-a04169deff2b/call-UnmappedBamToAlignedBam/UnmappedBamToAlignedBam/0551237b-680f-41df-bdcf-a1042ce60cb9/call-SplitRG/shard-0/SplitLargeReadGroup/cb93e366-b42f-4ae8-80a0-d934da4596df/call-SamToFastqAndDragmapAndMba/shard-17/inputs/-1290198700/hash_table.cmp dragen_reference

dragen-os -b /cromwell-executions1/WholeGenomeGermlineSingleSample/62cff5fe-42ff-4727-90af-a04169deff2b/call-UnmappedBamToAlignedBam/UnmappedBamToAlignedBam/0551237b-680f-41df-bdcf-a1042ce60cb9/call-SplitRG/shard-0/SplitLargeReadGroup/cb93e366-b42f-4ae8-80a0-d934da4596df/call-SamToFastqAndDragmapAndMba/shard-17/inputs/-365940741/shard_0018.bam -r dragen_reference --interleaved=1 --preserve-map-align-order true 2> >(tee shard_0018.dragmap.stderr.log >&2) | samtools view -h -O BAM - > aligned.bam
java -Dsamjdk.compression_level=2 -Xms1000m -Xmx1000m -jar /picard/picard.jar \
  MergeBamAlignment \
  VALIDATION_STRINGENCY=SILENT \
  EXPECTED_ORIENTATIONS=FR \
  ATTRIBUTES_TO_RETAIN=X0 \
  ATTRIBUTES_TO_REMOVE=RG \
  ATTRIBUTES_TO_REMOVE=NM \
  ATTRIBUTES_TO_REMOVE=MD \
  ALIGNED_BAM=aligned.bam \
  UNMAPPED_BAM=/cromwell-executions1/WholeGenomeGermlineSingleSample/62cff5fe-42ff-4727-90af-a04169deff2b/call-UnmappedBamToAlignedBam/UnmappedBamToAlignedBam/0551237b-680f-41df-bdcf-a1042ce60cb9/call-SplitRG/shard-0/SplitLargeReadGroup/cb93e366-b42f-4ae8-80a0-d934da4596df/call-SamToFastqAndDragmapAndMba/shard-17/inputs/-365940741/shard_0018.bam \
  OUTPUT=shard_0018.bam \
  REFERENCE_SEQUENCE=/cromwell-executions1/WholeGenomeGermlineSingleSample/62cff5fe-42ff-4727-90af-a04169deff2b/call-UnmappedBamToAlignedBam/UnmappedBamToAlignedBam/0551237b-680f-41df-bdcf-a1042ce60cb9/call-SplitRG/shard-0/SplitLargeReadGroup/cb93e366-b42f-4ae8-80a0-d934da4596df/call-SamToFastqAndDragmapAndMba/shard-17/inputs/-1569105944/Homo_sapiens_assembly38_masked.fasta \
  PAIRED_RUN=true \
  SORT_ORDER="unsorted" \
  IS_BISULFITE_SEQUENCE=false \
  ALIGNED_READS_ONLY=false \
  CLIP_ADAPTERS=false \
   \
   \
  MAX_RECORDS_IN_RAM=2000000 \
  ADD_MATE_CIGAR=true \
  MAX_INSERTIONS_OR_DELETIONS=-1 \
  PRIMARY_ALIGNMENT_STRATEGY=MostDistant \
  PROGRAM_RECORD_ID="dragen-os" \
  PROGRAM_GROUP_VERSION="${DRAGMAP_VERSION}" \
  PROGRAM_GROUP_COMMAND_LINE="dragen-os -b /cromwell-executions1/WholeGenomeGermlineSingleSample/62cff5fe-42ff-4727-90af-a04169deff2b/call-UnmappedBamToAlignedBam/UnmappedBamToAlignedBam/0551237b-680f-41df-bdcf-a1042ce60cb9/call-SplitRG/shard-0/SplitLargeReadGroup/cb93e366-b42f-4ae8-80a0-d934da4596df/call-SamToFastqAndDragmapAndMba/shard-17/inputs/-365940741/shard_0018.bam -r dragen_reference --interleaved=1" \
  PROGRAM_GROUP_NAME="dragen-os" \
  UNMAPPED_READ_STRATEGY=COPY_TO_TAG \
  ALIGNER_PROPER_PAIR_FLAGS=true \
  UNMAP_CONTAMINANT_READS=true \
  ADD_PG_TAG_TO_READS=false[0m
[2026-03-25 18:52:19,72] [info] BackgroundConfigAsyncJobExecutionActor [[38;5;2mcb93e366[0mSplitLargeReadGroup.SamToFastqAndDragmapAndMba:17:1]: executing: # make sure there is no preexisting Docker CID file
rm -f /home/darja/workflow/cromwell-executions1/WholeGenomeGermlineSingleSample/62cff5fe-42ff-4727-90af-a04169deff2b/call-UnmappedBamToAlignedBam/UnmappedBamToAlignedBam/0551237b-680f-41df-bdcf-a1042ce60cb9/call-SplitRG/shard-0/SplitLargeReadGroup/cb93e366-b42f-4ae8-80a0-d934da4596df/call-SamToFastqAndDragmapAndMba/shard-17/execution/docker_cid
# run as in the original configuration without --rm flag (will remove later)
docker run \
  --cidfile /home/darja/workflow/cromwell-executions1/WholeGenomeGermlineSingleSample/62cff5fe-42ff-4727-90af-a04169deff2b/call-UnmappedBamToAlignedBam/UnmappedBamToAlignedBam/0551237b-680f-41df-bdcf-a1042ce60cb9/call-SplitRG/shard-0/SplitLargeReadGroup/cb93e366-b42f-4ae8-80a0-d934da4596df/call-SamToFastqAndDragmapAndMba/shard-17/execution/docker_cid \
  -i \
  --user 1027:1028 \
  --cpus="32" \
  --memory="184320M" \
  --entrypoint /bin/bash \
  -v /home/darja/workflow/cromwell-executions1/WholeGenomeGermlineSingleSample/62cff5fe-42ff-4727-90af-a04169deff2b/call-UnmappedBamToAlignedBam/UnmappedBamToAlignedBam/0551237b-680f-41df-bdcf-a1042ce60cb9/call-SplitRG/shard-0/SplitLargeReadGroup/cb93e366-b42f-4ae8-80a0-d934da4596df/call-SamToFastqAndDragmapAndMba/shard-17:/cromwell-executions1/WholeGenomeGermlineSingleSample/62cff5fe-42ff-4727-90af-a04169deff2b/call-UnmappedBamToAlignedBam/UnmappedBamToAlignedBam/0551237b-680f-41df-bdcf-a1042ce60cb9/call-SplitRG/shard-0/SplitLargeReadGroup/cb93e366-b42f-4ae8-80a0-d934da4596df/call-SamToFastqAndDragmapAndMba/shard-17 \
  -v /mnt/nas1/projects/lasr/blendseq:/mnt/nas1/projects/lasr/blendseq \
  us.gcr.io/broad-gotc-prod/dragmap@sha256:5964afca3e4173c33b11100f68c1a44642e0ff2ee4de5a49d8cd446fef308b23 /cromwell-executions1/WholeGenomeGermlineSingleSample/62cff5fe-42ff-4727-90af-a04169deff2b/call-UnmappedBamToAlignedBam/UnmappedBamToAlignedBam/0551237b-680f-41df-bdcf-a1042ce60cb9/call-SplitRG/shard-0/SplitLargeReadGroup/cb93e366-b42f-4ae8-80a0-d934da4596df/call-SamToFastqAndDragmapAndMba/shard-17/execution/script

# get the return code (working even if the container was detached)
rc=$(docker wait [38;5;5mcat /home/darja/workflow/cromwell-executions1/WholeGenomeGermlineSingleSample/62cff5fe-42ff-4727-90af-a04169deff2b/call-UnmappedBamToAlignedBam/UnmappedBamToAlignedBam/0551237b-680f-41df-bdcf-a1042ce60cb9/call-SplitRG/shard-0/SplitLargeReadGroup/cb93e366-b42f-4ae8-80a0-d934da4596df/call-SamToFastqAndDragmapAndMba/shard-17/execution/docker_cid[0m)

# remove the container after waiting
docker rm [38;5;5mcat /home/darja/workflow/cromwell-executions1/WholeGenomeGermlineSingleSample/62cff5fe-42ff-4727-90af-a04169deff2b/call-UnmappedBamToAlignedBam/UnmappedBamToAlignedBam/0551237b-680f-41df-bdcf-a1042ce60cb9/call-SplitRG/shard-0/SplitLargeReadGroup/cb93e366-b42f-4ae8-80a0-d934da4596df/call-SamToFastqAndDragmapAndMba/shard-17/execution/docker_cid[0m

# return exit code
exit $rc
[2026-03-25 18:52:21,04] [info] BackgroundConfigAsyncJobExecutionActor [[38;5;2mcb93e366[0mSplitLargeReadGroup.SamToFastqAndDragmapAndMba:17:1]: job id: 450873
[2026-03-25 18:52:21,04] [info] BackgroundConfigAsyncJobExecutionActor [[38;5;2mcb93e366[0mSplitLargeReadGroup.SamToFastqAndDragmapAndMba:17:1]: Status change from - to WaitingForReturnCode
[2026-03-25 19:36:06,93] [info] BackgroundConfigAsyncJobExecutionActor [[38;5;2mcb93e366[0mSplitLargeReadGroup.SamToFastqAndDragmapAndMba:17:1]: Status change from WaitingForReturnCode to Done
[2026-03-25 19:36:16,20] [info] Assigned new job execution tokens to the following groups: 62cff5fe: 1
[2026-03-25 19:36:16,23] [[38;5;220mwarn[0m] BackgroundConfigAsyncJobExecutionActor [[38;5;2mcb93e366[0mSplitLargeReadGroup.SamToFastqAndDragmapAndMba:12:1]: Unrecognized runtime attribute keys: preemptible, disks, cpu, memory
[2026-03-25 19:36:19,81] [info] BackgroundConfigAsyncJobExecutionActor [[38;5;2mcb93e366[0mSplitLargeReadGroup.SamToFastqAndDragmapAndMba:12:1]: [38;5;5mset -euxo pipefail

DRAGMAP_VERSION=$(dragen-os --version)

if [ -z ${DRAGMAP_VERSION} ]; then
    exit 1;
fi

mkdir dragen_reference
mv /cromwell-executions1/WholeGenomeGermlineSingleSample/62cff5fe-42ff-4727-90af-a04169deff2b/call-UnmappedBamToAlignedBam/UnmappedBamToAlignedBam/0551237b-680f-41df-bdcf-a1042ce60cb9/call-SplitRG/shard-0/SplitLargeReadGroup/cb93e366-b42f-4ae8-80a0-d934da4596df/call-SamToFastqAndDragmapAndMba/shard-12/inputs/-1290198700/reference.bin /cromwell-executions1/WholeGenomeGermlineSingleSample/62cff5fe-42ff-4727-90af-a04169deff2b/call-UnmappedBamToAlignedBam/UnmappedBamToAlignedBam/0551237b-680f-41df-bdcf-a1042ce60cb9/call-SplitRG/shard-0/SplitLargeReadGroup/cb93e366-b42f-4ae8-80a0-d934da4596df/call-SamToFastqAndDragmapAndMba/shard-12/inputs/-1290198700/hash_table.cfg.bin /cromwell-executions1/WholeGenomeGermlineSingleSample/62cff5fe-42ff-4727-90af-a04169deff2b/call-UnmappedBamToAlignedBam/UnmappedBamToAlignedBam/0551237b-680f-41df-bdcf-a1042ce60cb9/call-SplitRG/shard-0/SplitLargeReadGroup/cb93e366-b42f-4ae8-80a0-d934da4596df/call-SamToFastqAndDragmapAndMba/shard-12/inputs/-1290198700/hash_table.cmp dragen_reference

dragen-os -b /cromwell-executions1/WholeGenomeGermlineSingleSample/62cff5fe-42ff-4727-90af-a04169deff2b/call-UnmappedBamToAlignedBam/UnmappedBamToAlignedBam/0551237b-680f-41df-bdcf-a1042ce60cb9/call-SplitRG/shard-0/SplitLargeReadGroup/cb93e366-b42f-4ae8-80a0-d934da4596df/call-SamToFastqAndDragmapAndMba/shard-12/inputs/-365940741/shard_0013.bam -r dragen_reference --interleaved=1 --preserve-map-align-order true 2> >(tee shard_0013.dragmap.stderr.log >&2) | samtools view -h -O BAM - > aligned.bam
java -Dsamjdk.compression_level=2 -Xms1000m -Xmx1000m -jar /picard/picard.jar \
  MergeBamAlignment \
  VALIDATION_STRINGENCY=SILENT \
  EXPECTED_ORIENTATIONS=FR \
  ATTRIBUTES_TO_RETAIN=X0 \
  ATTRIBUTES_TO_REMOVE=RG \
  ATTRIBUTES_TO_REMOVE=NM \
  ATTRIBUTES_TO_REMOVE=MD \
  ALIGNED_BAM=aligned.bam \
  UNMAPPED_BAM=/cromwell-executions1/WholeGenomeGermlineSingleSample/62cff5fe-42ff-4727-90af-a04169deff2b/call-UnmappedBamToAlignedBam/UnmappedBamToAlignedBam/0551237b-680f-41df-bdcf-a1042ce60cb9/call-SplitRG/shard-0/SplitLargeReadGroup/cb93e366-b42f-4ae8-80a0-d934da4596df/call-SamToFastqAndDragmapAndMba/shard-12/inputs/-365940741/shard_0013.bam \
  OUTPUT=shard_0013.bam \
  REFERENCE_SEQUENCE=/cromwell-executions1/WholeGenomeGermlineSingleSample/62cff5fe-42ff-4727-90af-a04169deff2b/call-UnmappedBamToAlignedBam/UnmappedBamToAlignedBam/0551237b-680f-41df-bdcf-a1042ce60cb9/call-SplitRG/shard-0/SplitLargeReadGroup/cb93e366-b42f-4ae8-80a0-d934da4596df/call-SamToFastqAndDragmapAndMba/shard-12/inputs/-1569105944/Homo_sapiens_assembly38_masked.fasta \
  PAIRED_RUN=true \
  SORT_ORDER="unsorted" \
  IS_BISULFITE_SEQUENCE=false \
  ALIGNED_READS_ONLY=false \
  CLIP_ADAPTERS=false \
   \
   \
  MAX_RECORDS_IN_RAM=2000000 \
  ADD_MATE_CIGAR=true \
  MAX_INSERTIONS_OR_DELETIONS=-1 \
  PRIMARY_ALIGNMENT_STRATEGY=MostDistant \
  PROGRAM_RECORD_ID="dragen-os" \
  PROGRAM_GROUP_VERSION="${DRAGMAP_VERSION}" \
  PROGRAM_GROUP_COMMAND_LINE="dragen-os -b /cromwell-executions1/WholeGenomeGermlineSingleSample/62cff5fe-42ff-4727-90af-a04169deff2b/call-UnmappedBamToAlignedBam/UnmappedBamToAlignedBam/0551237b-680f-41df-bdcf-a1042ce60cb9/call-SplitRG/shard-0/SplitLargeReadGroup/cb93e366-b42f-4ae8-80a0-d934da4596df/call-SamToFastqAndDragmapAndMba/shard-12/inputs/-365940741/shard_0013.bam -r dragen_reference --interleaved=1" \
  PROGRAM_GROUP_NAME="dragen-os" \
  UNMAPPED_READ_STRATEGY=COPY_TO_TAG \
  ALIGNER_PROPER_PAIR_FLAGS=true \
  UNMAP_CONTAMINANT_READS=true \
  ADD_PG_TAG_TO_READS=false[0m
[2026-03-25 19:36:19,82] [info] BackgroundConfigAsyncJobExecutionActor [[38;5;2mcb93e366[0mSplitLargeReadGroup.SamToFastqAndDragmapAndMba:12:1]: executing: # make sure there is no preexisting Docker CID file
rm -f /home/darja/workflow/cromwell-executions1/WholeGenomeGermlineSingleSample/62cff5fe-42ff-4727-90af-a04169deff2b/call-UnmappedBamToAlignedBam/UnmappedBamToAlignedBam/0551237b-680f-41df-bdcf-a1042ce60cb9/call-SplitRG/shard-0/SplitLargeReadGroup/cb93e366-b42f-4ae8-80a0-d934da4596df/call-SamToFastqAndDragmapAndMba/shard-12/execution/docker_cid
# run as in the original configuration without --rm flag (will remove later)
docker run \
  --cidfile /home/darja/workflow/cromwell-executions1/WholeGenomeGermlineSingleSample/62cff5fe-42ff-4727-90af-a04169deff2b/call-UnmappedBamToAlignedBam/UnmappedBamToAlignedBam/0551237b-680f-41df-bdcf-a1042ce60cb9/call-SplitRG/shard-0/SplitLargeReadGroup/cb93e366-b42f-4ae8-80a0-d934da4596df/call-SamToFastqAndDragmapAndMba/shard-12/execution/docker_cid \
  -i \
  --user 1027:1028 \
  --cpus="32" \
  --memory="184320M" \
  --entrypoint /bin/bash \
  -v /home/darja/workflow/cromwell-executions1/WholeGenomeGermlineSingleSample/62cff5fe-42ff-4727-90af-a04169deff2b/call-UnmappedBamToAlignedBam/UnmappedBamToAlignedBam/0551237b-680f-41df-bdcf-a1042ce60cb9/call-SplitRG/shard-0/SplitLargeReadGroup/cb93e366-b42f-4ae8-80a0-d934da4596df/call-SamToFastqAndDragmapAndMba/shard-12:/cromwell-executions1/WholeGenomeGermlineSingleSample/62cff5fe-42ff-4727-90af-a04169deff2b/call-UnmappedBamToAlignedBam/UnmappedBamToAlignedBam/0551237b-680f-41df-bdcf-a1042ce60cb9/call-SplitRG/shard-0/SplitLargeReadGroup/cb93e366-b42f-4ae8-80a0-d934da4596df/call-SamToFastqAndDragmapAndMba/shard-12 \
  -v /mnt/nas1/projects/lasr/blendseq:/mnt/nas1/projects/lasr/blendseq \
  us.gcr.io/broad-gotc-prod/dragmap@sha256:5964afca3e4173c33b11100f68c1a44642e0ff2ee4de5a49d8cd446fef308b23 /cromwell-executions1/WholeGenomeGermlineSingleSample/62cff5fe-42ff-4727-90af-a04169deff2b/call-UnmappedBamToAlignedBam/UnmappedBamToAlignedBam/0551237b-680f-41df-bdcf-a1042ce60cb9/call-SplitRG/shard-0/SplitLargeReadGroup/cb93e366-b42f-4ae8-80a0-d934da4596df/call-SamToFastqAndDragmapAndMba/shard-12/execution/script

# get the return code (working even if the container was detached)
rc=$(docker wait [38;5;5mcat /home/darja/workflow/cromwell-executions1/WholeGenomeGermlineSingleSample/62cff5fe-42ff-4727-90af-a04169deff2b/call-UnmappedBamToAlignedBam/UnmappedBamToAlignedBam/0551237b-680f-41df-bdcf-a1042ce60cb9/call-SplitRG/shard-0/SplitLargeReadGroup/cb93e366-b42f-4ae8-80a0-d934da4596df/call-SamToFastqAndDragmapAndMba/shard-12/execution/docker_cid[0m)

# remove the container after waiting
docker rm [38;5;5mcat /home/darja/workflow/cromwell-executions1/WholeGenomeGermlineSingleSample/62cff5fe-42ff-4727-90af-a04169deff2b/call-UnmappedBamToAlignedBam/UnmappedBamToAlignedBam/0551237b-680f-41df-bdcf-a1042ce60cb9/call-SplitRG/shard-0/SplitLargeReadGroup/cb93e366-b42f-4ae8-80a0-d934da4596df/call-SamToFastqAndDragmapAndMba/shard-12/execution/docker_cid[0m

# return exit code
exit $rc
[2026-03-25 19:36:21,04] [info] BackgroundConfigAsyncJobExecutionActor [[38;5;2mcb93e366[0mSplitLargeReadGroup.SamToFastqAndDragmapAndMba:12:1]: job id: 451960
[2026-03-25 19:36:21,04] [info] BackgroundConfigAsyncJobExecutionActor [[38;5;2mcb93e366[0mSplitLargeReadGroup.SamToFastqAndDragmapAndMba:12:1]: Status change from - to WaitingForReturnCode
[2026-03-25 20:02:45,73] [info] BackgroundConfigAsyncJobExecutionActor [[38;5;2mcb93e366[0mSplitLargeReadGroup.SamToFastqAndDragmapAndMba:31:1]: Status change from WaitingForReturnCode to Done
[2026-03-25 20:02:46,20] [info] Assigned new job execution tokens to the following groups: 62cff5fe: 1
[2026-03-25 20:02:46,24] [[38;5;220mwarn[0m] BackgroundConfigAsyncJobExecutionActor [[38;5;2mcb93e366[0mSplitLargeReadGroup.SamToFastqAndDragmapAndMba:21:1]: Unrecognized runtime attribute keys: preemptible, disks, cpu, memory
[2026-03-25 20:02:49,53] [info] BackgroundConfigAsyncJobExecutionActor [[38;5;2mcb93e366[0mSplitLargeReadGroup.SamToFastqAndDragmapAndMba:21:1]: [38;5;5mset -euxo pipefail

DRAGMAP_VERSION=$(dragen-os --version)

if [ -z ${DRAGMAP_VERSION} ]; then
    exit 1;
fi

mkdir dragen_reference
mv /cromwell-executions1/WholeGenomeGermlineSingleSample/62cff5fe-42ff-4727-90af-a04169deff2b/call-UnmappedBamToAlignedBam/UnmappedBamToAlignedBam/0551237b-680f-41df-bdcf-a1042ce60cb9/call-SplitRG/shard-0/SplitLargeReadGroup/cb93e366-b42f-4ae8-80a0-d934da4596df/call-SamToFastqAndDragmapAndMba/shard-21/inputs/-1290198700/reference.bin /cromwell-executions1/WholeGenomeGermlineSingleSample/62cff5fe-42ff-4727-90af-a04169deff2b/call-UnmappedBamToAlignedBam/UnmappedBamToAlignedBam/0551237b-680f-41df-bdcf-a1042ce60cb9/call-SplitRG/shard-0/SplitLargeReadGroup/cb93e366-b42f-4ae8-80a0-d934da4596df/call-SamToFastqAndDragmapAndMba/shard-21/inputs/-1290198700/hash_table.cfg.bin /cromwell-executions1/WholeGenomeGermlineSingleSample/62cff5fe-42ff-4727-90af-a04169deff2b/call-UnmappedBamToAlignedBam/UnmappedBamToAlignedBam/0551237b-680f-41df-bdcf-a1042ce60cb9/call-SplitRG/shard-0/SplitLargeReadGroup/cb93e366-b42f-4ae8-80a0-d934da4596df/call-SamToFastqAndDragmapAndMba/shard-21/inputs/-1290198700/hash_table.cmp dragen_reference

dragen-os -b /cromwell-executions1/WholeGenomeGermlineSingleSample/62cff5fe-42ff-4727-90af-a04169deff2b/call-UnmappedBamToAlignedBam/UnmappedBamToAlignedBam/0551237b-680f-41df-bdcf-a1042ce60cb9/call-SplitRG/shard-0/SplitLargeReadGroup/cb93e366-b42f-4ae8-80a0-d934da4596df/call-SamToFastqAndDragmapAndMba/shard-21/inputs/-365940741/shard_0022.bam -r dragen_reference --interleaved=1 --preserve-map-align-order true 2> >(tee shard_0022.dragmap.stderr.log >&2) | samtools view -h -O BAM - > aligned.bam
java -Dsamjdk.compression_level=2 -Xms1000m -Xmx1000m -jar /picard/picard.jar \
  MergeBamAlignment \
  VALIDATION_STRINGENCY=SILENT \
  EXPECTED_ORIENTATIONS=FR \
  ATTRIBUTES_TO_RETAIN=X0 \
  ATTRIBUTES_TO_REMOVE=RG \
  ATTRIBUTES_TO_REMOVE=NM \
  ATTRIBUTES_TO_REMOVE=MD \
  ALIGNED_BAM=aligned.bam \
  UNMAPPED_BAM=/cromwell-executions1/WholeGenomeGermlineSingleSample/62cff5fe-42ff-4727-90af-a04169deff2b/call-UnmappedBamToAlignedBam/UnmappedBamToAlignedBam/0551237b-680f-41df-bdcf-a1042ce60cb9/call-SplitRG/shard-0/SplitLargeReadGroup/cb93e366-b42f-4ae8-80a0-d934da4596df/call-SamToFastqAndDragmapAndMba/shard-21/inputs/-365940741/shard_0022.bam \
  OUTPUT=shard_0022.bam \
  REFERENCE_SEQUENCE=/cromwell-executions1/WholeGenomeGermlineSingleSample/62cff5fe-42ff-4727-90af-a04169deff2b/call-UnmappedBamToAlignedBam/UnmappedBamToAlignedBam/0551237b-680f-41df-bdcf-a1042ce60cb9/call-SplitRG/shard-0/SplitLargeReadGroup/cb93e366-b42f-4ae8-80a0-d934da4596df/call-SamToFastqAndDragmapAndMba/shard-21/inputs/-1569105944/Homo_sapiens_assembly38_masked.fasta \
  PAIRED_RUN=true \
  SORT_ORDER="unsorted" \
  IS_BISULFITE_SEQUENCE=false \
  ALIGNED_READS_ONLY=false \
  CLIP_ADAPTERS=false \
   \
   \
  MAX_RECORDS_IN_RAM=2000000 \
  ADD_MATE_CIGAR=true \
  MAX_INSERTIONS_OR_DELETIONS=-1 \
  PRIMARY_ALIGNMENT_STRATEGY=MostDistant \
  PROGRAM_RECORD_ID="dragen-os" \
  PROGRAM_GROUP_VERSION="${DRAGMAP_VERSION}" \
  PROGRAM_GROUP_COMMAND_LINE="dragen-os -b /cromwell-executions1/WholeGenomeGermlineSingleSample/62cff5fe-42ff-4727-90af-a04169deff2b/call-UnmappedBamToAlignedBam/UnmappedBamToAlignedBam/0551237b-680f-41df-bdcf-a1042ce60cb9/call-SplitRG/shard-0/SplitLargeReadGroup/cb93e366-b42f-4ae8-80a0-d934da4596df/call-SamToFastqAndDragmapAndMba/shard-21/inputs/-365940741/shard_0022.bam -r dragen_reference --interleaved=1" \
  PROGRAM_GROUP_NAME="dragen-os" \
  UNMAPPED_READ_STRATEGY=COPY_TO_TAG \
  ALIGNER_PROPER_PAIR_FLAGS=true \
  UNMAP_CONTAMINANT_READS=true \
  ADD_PG_TAG_TO_READS=false[0m
[2026-03-25 20:02:49,53] [info] BackgroundConfigAsyncJobExecutionActor [[38;5;2mcb93e366[0mSplitLargeReadGroup.SamToFastqAndDragmapAndMba:21:1]: executing: # make sure there is no preexisting Docker CID file
rm -f /home/darja/workflow/cromwell-executions1/WholeGenomeGermlineSingleSample/62cff5fe-42ff-4727-90af-a04169deff2b/call-UnmappedBamToAlignedBam/UnmappedBamToAlignedBam/0551237b-680f-41df-bdcf-a1042ce60cb9/call-SplitRG/shard-0/SplitLargeReadGroup/cb93e366-b42f-4ae8-80a0-d934da4596df/call-SamToFastqAndDragmapAndMba/shard-21/execution/docker_cid
# run as in the original configuration without --rm flag (will remove later)
docker run \
  --cidfile /home/darja/workflow/cromwell-executions1/WholeGenomeGermlineSingleSample/62cff5fe-42ff-4727-90af-a04169deff2b/call-UnmappedBamToAlignedBam/UnmappedBamToAlignedBam/0551237b-680f-41df-bdcf-a1042ce60cb9/call-SplitRG/shard-0/SplitLargeReadGroup/cb93e366-b42f-4ae8-80a0-d934da4596df/call-SamToFastqAndDragmapAndMba/shard-21/execution/docker_cid \
  -i \
  --user 1027:1028 \
  --cpus="32" \
  --memory="184320M" \
  --entrypoint /bin/bash \
  -v /home/darja/workflow/cromwell-executions1/WholeGenomeGermlineSingleSample/62cff5fe-42ff-4727-90af-a04169deff2b/call-UnmappedBamToAlignedBam/UnmappedBamToAlignedBam/0551237b-680f-41df-bdcf-a1042ce60cb9/call-SplitRG/shard-0/SplitLargeReadGroup/cb93e366-b42f-4ae8-80a0-d934da4596df/call-SamToFastqAndDragmapAndMba/shard-21:/cromwell-executions1/WholeGenomeGermlineSingleSample/62cff5fe-42ff-4727-90af-a04169deff2b/call-UnmappedBamToAlignedBam/UnmappedBamToAlignedBam/0551237b-680f-41df-bdcf-a1042ce60cb9/call-SplitRG/shard-0/SplitLargeReadGroup/cb93e366-b42f-4ae8-80a0-d934da4596df/call-SamToFastqAndDragmapAndMba/shard-21 \
  -v /mnt/nas1/projects/lasr/blendseq:/mnt/nas1/projects/lasr/blendseq \
  us.gcr.io/broad-gotc-prod/dragmap@sha256:5964afca3e4173c33b11100f68c1a44642e0ff2ee4de5a49d8cd446fef308b23 /cromwell-executions1/WholeGenomeGermlineSingleSample/62cff5fe-42ff-4727-90af-a04169deff2b/call-UnmappedBamToAlignedBam/UnmappedBamToAlignedBam/0551237b-680f-41df-bdcf-a1042ce60cb9/call-SplitRG/shard-0/SplitLargeReadGroup/cb93e366-b42f-4ae8-80a0-d934da4596df/call-SamToFastqAndDragmapAndMba/shard-21/execution/script

# get the return code (working even if the container was detached)
rc=$(docker wait [38;5;5mcat /home/darja/workflow/cromwell-executions1/WholeGenomeGermlineSingleSample/62cff5fe-42ff-4727-90af-a04169deff2b/call-UnmappedBamToAlignedBam/UnmappedBamToAlignedBam/0551237b-680f-41df-bdcf-a1042ce60cb9/call-SplitRG/shard-0/SplitLargeReadGroup/cb93e366-b42f-4ae8-80a0-d934da4596df/call-SamToFastqAndDragmapAndMba/shard-21/execution/docker_cid[0m)

# remove the container after waiting
docker rm [38;5;5mcat /home/darja/workflow/cromwell-executions1/WholeGenomeGermlineSingleSample/62cff5fe-42ff-4727-90af-a04169deff2b/call-UnmappedBamToAlignedBam/UnmappedBamToAlignedBam/0551237b-680f-41df-bdcf-a1042ce60cb9/call-SplitRG/shard-0/SplitLargeReadGroup/cb93e366-b42f-4ae8-80a0-d934da4596df/call-SamToFastqAndDragmapAndMba/shard-21/execution/docker_cid[0m

# return exit code
exit $rc
[2026-03-25 20:02:51,05] [info] BackgroundConfigAsyncJobExecutionActor [[38;5;2mcb93e366[0mSplitLargeReadGroup.SamToFastqAndDragmapAndMba:21:1]: job id: 452839
[2026-03-25 20:02:51,05] [info] BackgroundConfigAsyncJobExecutionActor [[38;5;2mcb93e366[0mSplitLargeReadGroup.SamToFastqAndDragmapAndMba:21:1]: Status change from - to WaitingForReturnCode
[2026-03-25 20:19:53,41] [info] BackgroundConfigAsyncJobExecutionActor [[38;5;2mcb93e366[0mSplitLargeReadGroup.SamToFastqAndDragmapAndMba:12:1]: Status change from WaitingForReturnCode to Done
[2026-03-25 20:19:56,20] [info] Assigned new job execution tokens to the following groups: 62cff5fe: 1
[2026-03-25 20:19:56,24] [[38;5;220mwarn[0m] BackgroundConfigAsyncJobExecutionActor [[38;5;2mcb93e366[0mSplitLargeReadGroup.SamToFastqAndDragmapAndMba:32:1]: Unrecognized runtime attribute keys: preemptible, disks, cpu, memory
[2026-03-25 20:19:58,72] [info] BackgroundConfigAsyncJobExecutionActor [[38;5;2mcb93e366[0mSplitLargeReadGroup.SamToFastqAndDragmapAndMba:32:1]: [38;5;5mset -euxo pipefail

DRAGMAP_VERSION=$(dragen-os --version)

if [ -z ${DRAGMAP_VERSION} ]; then
    exit 1;
fi

mkdir dragen_reference
mv /cromwell-executions1/WholeGenomeGermlineSingleSample/62cff5fe-42ff-4727-90af-a04169deff2b/call-UnmappedBamToAlignedBam/UnmappedBamToAlignedBam/0551237b-680f-41df-bdcf-a1042ce60cb9/call-SplitRG/shard-0/SplitLargeReadGroup/cb93e366-b42f-4ae8-80a0-d934da4596df/call-SamToFastqAndDragmapAndMba/shard-32/inputs/-1290198700/reference.bin /cromwell-executions1/WholeGenomeGermlineSingleSample/62cff5fe-42ff-4727-90af-a04169deff2b/call-UnmappedBamToAlignedBam/UnmappedBamToAlignedBam/0551237b-680f-41df-bdcf-a1042ce60cb9/call-SplitRG/shard-0/SplitLargeReadGroup/cb93e366-b42f-4ae8-80a0-d934da4596df/call-SamToFastqAndDragmapAndMba/shard-32/inputs/-1290198700/hash_table.cfg.bin /cromwell-executions1/WholeGenomeGermlineSingleSample/62cff5fe-42ff-4727-90af-a04169deff2b/call-UnmappedBamToAlignedBam/UnmappedBamToAlignedBam/0551237b-680f-41df-bdcf-a1042ce60cb9/call-SplitRG/shard-0/SplitLargeReadGroup/cb93e366-b42f-4ae8-80a0-d934da4596df/call-SamToFastqAndDragmapAndMba/shard-32/inputs/-1290198700/hash_table.cmp dragen_reference

dragen-os -b /cromwell-executions1/WholeGenomeGermlineSingleSample/62cff5fe-42ff-4727-90af-a04169deff2b/call-UnmappedBamToAlignedBam/UnmappedBamToAlignedBam/0551237b-680f-41df-bdcf-a1042ce60cb9/call-SplitRG/shard-0/SplitLargeReadGroup/cb93e366-b42f-4ae8-80a0-d934da4596df/call-SamToFastqAndDragmapAndMba/shard-32/inputs/-365940741/shard_0033.bam -r dragen_reference --interleaved=1 --preserve-map-align-order true 2> >(tee shard_0033.dragmap.stderr.log >&2) | samtools view -h -O BAM - > aligned.bam
java -Dsamjdk.compression_level=2 -Xms1000m -Xmx1000m -jar /picard/picard.jar \
  MergeBamAlignment \
  VALIDATION_STRINGENCY=SILENT \
  EXPECTED_ORIENTATIONS=FR \
  ATTRIBUTES_TO_RETAIN=X0 \
  ATTRIBUTES_TO_REMOVE=RG \
  ATTRIBUTES_TO_REMOVE=NM \
  ATTRIBUTES_TO_REMOVE=MD \
  ALIGNED_BAM=aligned.bam \
  UNMAPPED_BAM=/cromwell-executions1/WholeGenomeGermlineSingleSample/62cff5fe-42ff-4727-90af-a04169deff2b/call-UnmappedBamToAlignedBam/UnmappedBamToAlignedBam/0551237b-680f-41df-bdcf-a1042ce60cb9/call-SplitRG/shard-0/SplitLargeReadGroup/cb93e366-b42f-4ae8-80a0-d934da4596df/call-SamToFastqAndDragmapAndMba/shard-32/inputs/-365940741/shard_0033.bam \
  OUTPUT=shard_0033.bam \
  REFERENCE_SEQUENCE=/cromwell-executions1/WholeGenomeGermlineSingleSample/62cff5fe-42ff-4727-90af-a04169deff2b/call-UnmappedBamToAlignedBam/UnmappedBamToAlignedBam/0551237b-680f-41df-bdcf-a1042ce60cb9/call-SplitRG/shard-0/SplitLargeReadGroup/cb93e366-b42f-4ae8-80a0-d934da4596df/call-SamToFastqAndDragmapAndMba/shard-32/inputs/-1569105944/Homo_sapiens_assembly38_masked.fasta \
  PAIRED_RUN=true \
  SORT_ORDER="unsorted" \
  IS_BISULFITE_SEQUENCE=false \
  ALIGNED_READS_ONLY=false \
  CLIP_ADAPTERS=false \
   \
   \
  MAX_RECORDS_IN_RAM=2000000 \
  ADD_MATE_CIGAR=true \
  MAX_INSERTIONS_OR_DELETIONS=-1 \
  PRIMARY_ALIGNMENT_STRATEGY=MostDistant \
  PROGRAM_RECORD_ID="dragen-os" \
  PROGRAM_GROUP_VERSION="${DRAGMAP_VERSION}" \
  PROGRAM_GROUP_COMMAND_LINE="dragen-os -b /cromwell-executions1/WholeGenomeGermlineSingleSample/62cff5fe-42ff-4727-90af-a04169deff2b/call-UnmappedBamToAlignedBam/UnmappedBamToAlignedBam/0551237b-680f-41df-bdcf-a1042ce60cb9/call-SplitRG/shard-0/SplitLargeReadGroup/cb93e366-b42f-4ae8-80a0-d934da4596df/call-SamToFastqAndDragmapAndMba/shard-32/inputs/-365940741/shard_0033.bam -r dragen_reference --interleaved=1" \
  PROGRAM_GROUP_NAME="dragen-os" \
  UNMAPPED_READ_STRATEGY=COPY_TO_TAG \
  ALIGNER_PROPER_PAIR_FLAGS=true \
  UNMAP_CONTAMINANT_READS=true \
  ADD_PG_TAG_TO_READS=false[0m
[2026-03-25 20:19:58,72] [info] BackgroundConfigAsyncJobExecutionActor [[38;5;2mcb93e366[0mSplitLargeReadGroup.SamToFastqAndDragmapAndMba:32:1]: executing: # make sure there is no preexisting Docker CID file
rm -f /home/darja/workflow/cromwell-executions1/WholeGenomeGermlineSingleSample/62cff5fe-42ff-4727-90af-a04169deff2b/call-UnmappedBamToAlignedBam/UnmappedBamToAlignedBam/0551237b-680f-41df-bdcf-a1042ce60cb9/call-SplitRG/shard-0/SplitLargeReadGroup/cb93e366-b42f-4ae8-80a0-d934da4596df/call-SamToFastqAndDragmapAndMba/shard-32/execution/docker_cid
# run as in the original configuration without --rm flag (will remove later)
docker run \
  --cidfile /home/darja/workflow/cromwell-executions1/WholeGenomeGermlineSingleSample/62cff5fe-42ff-4727-90af-a04169deff2b/call-UnmappedBamToAlignedBam/UnmappedBamToAlignedBam/0551237b-680f-41df-bdcf-a1042ce60cb9/call-SplitRG/shard-0/SplitLargeReadGroup/cb93e366-b42f-4ae8-80a0-d934da4596df/call-SamToFastqAndDragmapAndMba/shard-32/execution/docker_cid \
  -i \
  --user 1027:1028 \
  --cpus="32" \
  --memory="184320M" \
  --entrypoint /bin/bash \
  -v /home/darja/workflow/cromwell-executions1/WholeGenomeGermlineSingleSample/62cff5fe-42ff-4727-90af-a04169deff2b/call-UnmappedBamToAlignedBam/UnmappedBamToAlignedBam/0551237b-680f-41df-bdcf-a1042ce60cb9/call-SplitRG/shard-0/SplitLargeReadGroup/cb93e366-b42f-4ae8-80a0-d934da4596df/call-SamToFastqAndDragmapAndMba/shard-32:/cromwell-executions1/WholeGenomeGermlineSingleSample/62cff5fe-42ff-4727-90af-a04169deff2b/call-UnmappedBamToAlignedBam/UnmappedBamToAlignedBam/0551237b-680f-41df-bdcf-a1042ce60cb9/call-SplitRG/shard-0/SplitLargeReadGroup/cb93e366-b42f-4ae8-80a0-d934da4596df/call-SamToFastqAndDragmapAndMba/shard-32 \
  -v /mnt/nas1/projects/lasr/blendseq:/mnt/nas1/projects/lasr/blendseq \
  us.gcr.io/broad-gotc-prod/dragmap@sha256:5964afca3e4173c33b11100f68c1a44642e0ff2ee4de5a49d8cd446fef308b23 /cromwell-executions1/WholeGenomeGermlineSingleSample/62cff5fe-42ff-4727-90af-a04169deff2b/call-UnmappedBamToAlignedBam/UnmappedBamToAlignedBam/0551237b-680f-41df-bdcf-a1042ce60cb9/call-SplitRG/shard-0/SplitLargeReadGroup/cb93e366-b42f-4ae8-80a0-d934da4596df/call-SamToFastqAndDragmapAndMba/shard-32/execution/script

# get the return code (working even if the container was detached)
rc=$(docker wait [38;5;5mcat /home/darja/workflow/cromwell-executions1/WholeGenomeGermlineSingleSample/62cff5fe-42ff-4727-90af-a04169deff2b/call-UnmappedBamToAlignedBam/UnmappedBamToAlignedBam/0551237b-680f-41df-bdcf-a1042ce60cb9/call-SplitRG/shard-0/SplitLargeReadGroup/cb93e366-b42f-4ae8-80a0-d934da4596df/call-SamToFastqAndDragmapAndMba/shard-32/execution/docker_cid[0m)

# remove the container after waiting
docker rm [38;5;5mcat /home/darja/workflow/cromwell-executions1/WholeGenomeGermlineSingleSample/62cff5fe-42ff-4727-90af-a04169deff2b/call-UnmappedBamToAlignedBam/UnmappedBamToAlignedBam/0551237b-680f-41df-bdcf-a1042ce60cb9/call-SplitRG/shard-0/SplitLargeReadGroup/cb93e366-b42f-4ae8-80a0-d934da4596df/call-SamToFastqAndDragmapAndMba/shard-32/execution/docker_cid[0m

# return exit code
exit $rc
[2026-03-25 20:20:01,04] [info] BackgroundConfigAsyncJobExecutionActor [[38;5;2mcb93e366[0mSplitLargeReadGroup.SamToFastqAndDragmapAndMba:32:1]: job id: 453727
[2026-03-25 20:20:01,04] [info] BackgroundConfigAsyncJobExecutionActor [[38;5;2mcb93e366[0mSplitLargeReadGroup.SamToFastqAndDragmapAndMba:32:1]: Status change from - to WaitingForReturnCode
[2026-03-25 20:38:31,74] [info] BackgroundConfigAsyncJobExecutionActor [[38;5;2mcb93e366[0mSplitLargeReadGroup.SamToFastqAndDragmapAndMba:21:1]: Status change from WaitingForReturnCode to Done
[2026-03-25 20:38:36,20] [info] Assigned new job execution tokens to the following groups: 62cff5fe: 1
[2026-03-25 20:38:36,23] [[38;5;220mwarn[0m] BackgroundConfigAsyncJobExecutionActor [[38;5;2mcb93e366[0mSplitLargeReadGroup.SamToFastqAndDragmapAndMba:7:1]: Unrecognized runtime attribute keys: preemptible, disks, cpu, memory
[2026-03-25 20:38:39,54] [info] BackgroundConfigAsyncJobExecutionActor [[38;5;2mcb93e366[0mSplitLargeReadGroup.SamToFastqAndDragmapAndMba:7:1]: [38;5;5mset -euxo pipefail

DRAGMAP_VERSION=$(dragen-os --version)

if [ -z ${DRAGMAP_VERSION} ]; then
    exit 1;
fi

mkdir dragen_reference
mv /cromwell-executions1/WholeGenomeGermlineSingleSample/62cff5fe-42ff-4727-90af-a04169deff2b/call-UnmappedBamToAlignedBam/UnmappedBamToAlignedBam/0551237b-680f-41df-bdcf-a1042ce60cb9/call-SplitRG/shard-0/SplitLargeReadGroup/cb93e366-b42f-4ae8-80a0-d934da4596df/call-SamToFastqAndDragmapAndMba/shard-7/inputs/-1290198700/reference.bin /cromwell-executions1/WholeGenomeGermlineSingleSample/62cff5fe-42ff-4727-90af-a04169deff2b/call-UnmappedBamToAlignedBam/UnmappedBamToAlignedBam/0551237b-680f-41df-bdcf-a1042ce60cb9/call-SplitRG/shard-0/SplitLargeReadGroup/cb93e366-b42f-4ae8-80a0-d934da4596df/call-SamToFastqAndDragmapAndMba/shard-7/inputs/-1290198700/hash_table.cfg.bin /cromwell-executions1/WholeGenomeGermlineSingleSample/62cff5fe-42ff-4727-90af-a04169deff2b/call-UnmappedBamToAlignedBam/UnmappedBamToAlignedBam/0551237b-680f-41df-bdcf-a1042ce60cb9/call-SplitRG/shard-0/SplitLargeReadGroup/cb93e366-b42f-4ae8-80a0-d934da4596df/call-SamToFastqAndDragmapAndMba/shard-7/inputs/-1290198700/hash_table.cmp dragen_reference

dragen-os -b /cromwell-executions1/WholeGenomeGermlineSingleSample/62cff5fe-42ff-4727-90af-a04169deff2b/call-UnmappedBamToAlignedBam/UnmappedBamToAlignedBam/0551237b-680f-41df-bdcf-a1042ce60cb9/call-SplitRG/shard-0/SplitLargeReadGroup/cb93e366-b42f-4ae8-80a0-d934da4596df/call-SamToFastqAndDragmapAndMba/shard-7/inputs/-365940741/shard_0008.bam -r dragen_reference --interleaved=1 --preserve-map-align-order true 2> >(tee shard_0008.dragmap.stderr.log >&2) | samtools view -h -O BAM - > aligned.bam
java -Dsamjdk.compression_level=2 -Xms1000m -Xmx1000m -jar /picard/picard.jar \
  MergeBamAlignment \
  VALIDATION_STRINGENCY=SILENT \
  EXPECTED_ORIENTATIONS=FR \
  ATTRIBUTES_TO_RETAIN=X0 \
  ATTRIBUTES_TO_REMOVE=RG \
  ATTRIBUTES_TO_REMOVE=NM \
  ATTRIBUTES_TO_REMOVE=MD \
  ALIGNED_BAM=aligned.bam \
  UNMAPPED_BAM=/cromwell-executions1/WholeGenomeGermlineSingleSample/62cff5fe-42ff-4727-90af-a04169deff2b/call-UnmappedBamToAlignedBam/UnmappedBamToAlignedBam/0551237b-680f-41df-bdcf-a1042ce60cb9/call-SplitRG/shard-0/SplitLargeReadGroup/cb93e366-b42f-4ae8-80a0-d934da4596df/call-SamToFastqAndDragmapAndMba/shard-7/inputs/-365940741/shard_0008.bam \
  OUTPUT=shard_0008.bam \
  REFERENCE_SEQUENCE=/cromwell-executions1/WholeGenomeGermlineSingleSample/62cff5fe-42ff-4727-90af-a04169deff2b/call-UnmappedBamToAlignedBam/UnmappedBamToAlignedBam/0551237b-680f-41df-bdcf-a1042ce60cb9/call-SplitRG/shard-0/SplitLargeReadGroup/cb93e366-b42f-4ae8-80a0-d934da4596df/call-SamToFastqAndDragmapAndMba/shard-7/inputs/-1569105944/Homo_sapiens_assembly38_masked.fasta \
  PAIRED_RUN=true \
  SORT_ORDER="unsorted" \
  IS_BISULFITE_SEQUENCE=false \
  ALIGNED_READS_ONLY=false \
  CLIP_ADAPTERS=false \
   \
   \
  MAX_RECORDS_IN_RAM=2000000 \
  ADD_MATE_CIGAR=true \
  MAX_INSERTIONS_OR_DELETIONS=-1 \
  PRIMARY_ALIGNMENT_STRATEGY=MostDistant \
  PROGRAM_RECORD_ID="dragen-os" \
  PROGRAM_GROUP_VERSION="${DRAGMAP_VERSION}" \
  PROGRAM_GROUP_COMMAND_LINE="dragen-os -b /cromwell-executions1/WholeGenomeGermlineSingleSample/62cff5fe-42ff-4727-90af-a04169deff2b/call-UnmappedBamToAlignedBam/UnmappedBamToAlignedBam/0551237b-680f-41df-bdcf-a1042ce60cb9/call-SplitRG/shard-0/SplitLargeReadGroup/cb93e366-b42f-4ae8-80a0-d934da4596df/call-SamToFastqAndDragmapAndMba/shard-7/inputs/-365940741/shard_0008.bam -r dragen_reference --interleaved=1" \
  PROGRAM_GROUP_NAME="dragen-os" \
  UNMAPPED_READ_STRATEGY=COPY_TO_TAG \
  ALIGNER_PROPER_PAIR_FLAGS=true \
  UNMAP_CONTAMINANT_READS=true \
  ADD_PG_TAG_TO_READS=false[0m
[2026-03-25 20:38:39,54] [info] BackgroundConfigAsyncJobExecutionActor [[38;5;2mcb93e366[0mSplitLargeReadGroup.SamToFastqAndDragmapAndMba:7:1]: executing: # make sure there is no preexisting Docker CID file
rm -f /home/darja/workflow/cromwell-executions1/WholeGenomeGermlineSingleSample/62cff5fe-42ff-4727-90af-a04169deff2b/call-UnmappedBamToAlignedBam/UnmappedBamToAlignedBam/0551237b-680f-41df-bdcf-a1042ce60cb9/call-SplitRG/shard-0/SplitLargeReadGroup/cb93e366-b42f-4ae8-80a0-d934da4596df/call-SamToFastqAndDragmapAndMba/shard-7/execution/docker_cid
# run as in the original configuration without --rm flag (will remove later)
docker run \
  --cidfile /home/darja/workflow/cromwell-executions1/WholeGenomeGermlineSingleSample/62cff5fe-42ff-4727-90af-a04169deff2b/call-UnmappedBamToAlignedBam/UnmappedBamToAlignedBam/0551237b-680f-41df-bdcf-a1042ce60cb9/call-SplitRG/shard-0/SplitLargeReadGroup/cb93e366-b42f-4ae8-80a0-d934da4596df/call-SamToFastqAndDragmapAndMba/shard-7/execution/docker_cid \
  -i \
  --user 1027:1028 \
  --cpus="32" \
  --memory="184320M" \
  --entrypoint /bin/bash \
  -v /home/darja/workflow/cromwell-executions1/WholeGenomeGermlineSingleSample/62cff5fe-42ff-4727-90af-a04169deff2b/call-UnmappedBamToAlignedBam/UnmappedBamToAlignedBam/0551237b-680f-41df-bdcf-a1042ce60cb9/call-SplitRG/shard-0/SplitLargeReadGroup/cb93e366-b42f-4ae8-80a0-d934da4596df/call-SamToFastqAndDragmapAndMba/shard-7:/cromwell-executions1/WholeGenomeGermlineSingleSample/62cff5fe-42ff-4727-90af-a04169deff2b/call-UnmappedBamToAlignedBam/UnmappedBamToAlignedBam/0551237b-680f-41df-bdcf-a1042ce60cb9/call-SplitRG/shard-0/SplitLargeReadGroup/cb93e366-b42f-4ae8-80a0-d934da4596df/call-SamToFastqAndDragmapAndMba/shard-7 \
  -v /mnt/nas1/projects/lasr/blendseq:/mnt/nas1/projects/lasr/blendseq \
  us.gcr.io/broad-gotc-prod/dragmap@sha256:5964afca3e4173c33b11100f68c1a44642e0ff2ee4de5a49d8cd446fef308b23 /cromwell-executions1/WholeGenomeGermlineSingleSample/62cff5fe-42ff-4727-90af-a04169deff2b/call-UnmappedBamToAlignedBam/UnmappedBamToAlignedBam/0551237b-680f-41df-bdcf-a1042ce60cb9/call-SplitRG/shard-0/SplitLargeReadGroup/cb93e366-b42f-4ae8-80a0-d934da4596df/call-SamToFastqAndDragmapAndMba/shard-7/execution/script

# get the return code (working even if the container was detached)
rc=$(docker wait [38;5;5mcat /home/darja/workflow/cromwell-executions1/WholeGenomeGermlineSingleSample/62cff5fe-42ff-4727-90af-a04169deff2b/call-UnmappedBamToAlignedBam/UnmappedBamToAlignedBam/0551237b-680f-41df-bdcf-a1042ce60cb9/call-SplitRG/shard-0/SplitLargeReadGroup/cb93e366-b42f-4ae8-80a0-d934da4596df/call-SamToFastqAndDragmapAndMba/shard-7/execution/docker_cid[0m)

# remove the container after waiting
docker rm [38;5;5mcat /home/darja/workflow/cromwell-executions1/WholeGenomeGermlineSingleSample/62cff5fe-42ff-4727-90af-a04169deff2b/call-UnmappedBamToAlignedBam/UnmappedBamToAlignedBam/0551237b-680f-41df-bdcf-a1042ce60cb9/call-SplitRG/shard-0/SplitLargeReadGroup/cb93e366-b42f-4ae8-80a0-d934da4596df/call-SamToFastqAndDragmapAndMba/shard-7/execution/docker_cid[0m

# return exit code
exit $rc
[2026-03-25 20:38:41,04] [info] BackgroundConfigAsyncJobExecutionActor [[38;5;2mcb93e366[0mSplitLargeReadGroup.SamToFastqAndDragmapAndMba:7:1]: job id: 454592
[2026-03-25 20:38:41,04] [info] BackgroundConfigAsyncJobExecutionActor [[38;5;2mcb93e366[0mSplitLargeReadGroup.SamToFastqAndDragmapAndMba:7:1]: Status change from - to WaitingForReturnCode
[2026-03-25 20:56:32,83] [info] BackgroundConfigAsyncJobExecutionActor [[38;5;2mcb93e366[0mSplitLargeReadGroup.SamToFastqAndDragmapAndMba:32:1]: Status change from WaitingForReturnCode to Done
[2026-03-25 20:56:36,20] [info] Assigned new job execution tokens to the following groups: 62cff5fe: 1
[2026-03-25 20:56:36,24] [[38;5;220mwarn[0m] BackgroundConfigAsyncJobExecutionActor [[38;5;2mcb93e366[0mSplitLargeReadGroup.SamToFastqAndDragmapAndMba:6:1]: Unrecognized runtime attribute keys: preemptible, disks, cpu, memory
[2026-03-25 20:56:39,43] [info] BackgroundConfigAsyncJobExecutionActor [[38;5;2mcb93e366[0mSplitLargeReadGroup.SamToFastqAndDragmapAndMba:6:1]: [38;5;5mset -euxo pipefail

DRAGMAP_VERSION=$(dragen-os --version)

if [ -z ${DRAGMAP_VERSION} ]; then
    exit 1;
fi

mkdir dragen_reference
mv /cromwell-executions1/WholeGenomeGermlineSingleSample/62cff5fe-42ff-4727-90af-a04169deff2b/call-UnmappedBamToAlignedBam/UnmappedBamToAlignedBam/0551237b-680f-41df-bdcf-a1042ce60cb9/call-SplitRG/shard-0/SplitLargeReadGroup/cb93e366-b42f-4ae8-80a0-d934da4596df/call-SamToFastqAndDragmapAndMba/shard-6/inputs/-1290198700/reference.bin /cromwell-executions1/WholeGenomeGermlineSingleSample/62cff5fe-42ff-4727-90af-a04169deff2b/call-UnmappedBamToAlignedBam/UnmappedBamToAlignedBam/0551237b-680f-41df-bdcf-a1042ce60cb9/call-SplitRG/shard-0/SplitLargeReadGroup/cb93e366-b42f-4ae8-80a0-d934da4596df/call-SamToFastqAndDragmapAndMba/shard-6/inputs/-1290198700/hash_table.cfg.bin /cromwell-executions1/WholeGenomeGermlineSingleSample/62cff5fe-42ff-4727-90af-a04169deff2b/call-UnmappedBamToAlignedBam/UnmappedBamToAlignedBam/0551237b-680f-41df-bdcf-a1042ce60cb9/call-SplitRG/shard-0/SplitLargeReadGroup/cb93e366-b42f-4ae8-80a0-d934da4596df/call-SamToFastqAndDragmapAndMba/shard-6/inputs/-1290198700/hash_table.cmp dragen_reference

dragen-os -b /cromwell-executions1/WholeGenomeGermlineSingleSample/62cff5fe-42ff-4727-90af-a04169deff2b/call-UnmappedBamToAlignedBam/UnmappedBamToAlignedBam/0551237b-680f-41df-bdcf-a1042ce60cb9/call-SplitRG/shard-0/SplitLargeReadGroup/cb93e366-b42f-4ae8-80a0-d934da4596df/call-SamToFastqAndDragmapAndMba/shard-6/inputs/-365940741/shard_0007.bam -r dragen_reference --interleaved=1 --preserve-map-align-order true 2> >(tee shard_0007.dragmap.stderr.log >&2) | samtools view -h -O BAM - > aligned.bam
java -Dsamjdk.compression_level=2 -Xms1000m -Xmx1000m -jar /picard/picard.jar \
  MergeBamAlignment \
  VALIDATION_STRINGENCY=SILENT \
  EXPECTED_ORIENTATIONS=FR \
  ATTRIBUTES_TO_RETAIN=X0 \
  ATTRIBUTES_TO_REMOVE=RG \
  ATTRIBUTES_TO_REMOVE=NM \
  ATTRIBUTES_TO_REMOVE=MD \
  ALIGNED_BAM=aligned.bam \
  UNMAPPED_BAM=/cromwell-executions1/WholeGenomeGermlineSingleSample/62cff5fe-42ff-4727-90af-a04169deff2b/call-UnmappedBamToAlignedBam/UnmappedBamToAlignedBam/0551237b-680f-41df-bdcf-a1042ce60cb9/call-SplitRG/shard-0/SplitLargeReadGroup/cb93e366-b42f-4ae8-80a0-d934da4596df/call-SamToFastqAndDragmapAndMba/shard-6/inputs/-365940741/shard_0007.bam \
  OUTPUT=shard_0007.bam \
  REFERENCE_SEQUENCE=/cromwell-executions1/WholeGenomeGermlineSingleSample/62cff5fe-42ff-4727-90af-a04169deff2b/call-UnmappedBamToAlignedBam/UnmappedBamToAlignedBam/0551237b-680f-41df-bdcf-a1042ce60cb9/call-SplitRG/shard-0/SplitLargeReadGroup/cb93e366-b42f-4ae8-80a0-d934da4596df/call-SamToFastqAndDragmapAndMba/shard-6/inputs/-1569105944/Homo_sapiens_assembly38_masked.fasta \
  PAIRED_RUN=true \
  SORT_ORDER="unsorted" \
  IS_BISULFITE_SEQUENCE=false \
  ALIGNED_READS_ONLY=false \
  CLIP_ADAPTERS=false \
   \
   \
  MAX_RECORDS_IN_RAM=2000000 \
  ADD_MATE_CIGAR=true \
  MAX_INSERTIONS_OR_DELETIONS=-1 \
  PRIMARY_ALIGNMENT_STRATEGY=MostDistant \
  PROGRAM_RECORD_ID="dragen-os" \
  PROGRAM_GROUP_VERSION="${DRAGMAP_VERSION}" \
  PROGRAM_GROUP_COMMAND_LINE="dragen-os -b /cromwell-executions1/WholeGenomeGermlineSingleSample/62cff5fe-42ff-4727-90af-a04169deff2b/call-UnmappedBamToAlignedBam/UnmappedBamToAlignedBam/0551237b-680f-41df-bdcf-a1042ce60cb9/call-SplitRG/shard-0/SplitLargeReadGroup/cb93e366-b42f-4ae8-80a0-d934da4596df/call-SamToFastqAndDragmapAndMba/shard-6/inputs/-365940741/shard_0007.bam -r dragen_reference --interleaved=1" \
  PROGRAM_GROUP_NAME="dragen-os" \
  UNMAPPED_READ_STRATEGY=COPY_TO_TAG \
  ALIGNER_PROPER_PAIR_FLAGS=true \
  UNMAP_CONTAMINANT_READS=true \
  ADD_PG_TAG_TO_READS=false[0m
[2026-03-25 20:56:39,43] [info] BackgroundConfigAsyncJobExecutionActor [[38;5;2mcb93e366[0mSplitLargeReadGroup.SamToFastqAndDragmapAndMba:6:1]: executing: # make sure there is no preexisting Docker CID file
rm -f /home/darja/workflow/cromwell-executions1/WholeGenomeGermlineSingleSample/62cff5fe-42ff-4727-90af-a04169deff2b/call-UnmappedBamToAlignedBam/UnmappedBamToAlignedBam/0551237b-680f-41df-bdcf-a1042ce60cb9/call-SplitRG/shard-0/SplitLargeReadGroup/cb93e366-b42f-4ae8-80a0-d934da4596df/call-SamToFastqAndDragmapAndMba/shard-6/execution/docker_cid
# run as in the original configuration without --rm flag (will remove later)
docker run \
  --cidfile /home/darja/workflow/cromwell-executions1/WholeGenomeGermlineSingleSample/62cff5fe-42ff-4727-90af-a04169deff2b/call-UnmappedBamToAlignedBam/UnmappedBamToAlignedBam/0551237b-680f-41df-bdcf-a1042ce60cb9/call-SplitRG/shard-0/SplitLargeReadGroup/cb93e366-b42f-4ae8-80a0-d934da4596df/call-SamToFastqAndDragmapAndMba/shard-6/execution/docker_cid \
  -i \
  --user 1027:1028 \
  --cpus="32" \
  --memory="184320M" \
  --entrypoint /bin/bash \
  -v /home/darja/workflow/cromwell-executions1/WholeGenomeGermlineSingleSample/62cff5fe-42ff-4727-90af-a04169deff2b/call-UnmappedBamToAlignedBam/UnmappedBamToAlignedBam/0551237b-680f-41df-bdcf-a1042ce60cb9/call-SplitRG/shard-0/SplitLargeReadGroup/cb93e366-b42f-4ae8-80a0-d934da4596df/call-SamToFastqAndDragmapAndMba/shard-6:/cromwell-executions1/WholeGenomeGermlineSingleSample/62cff5fe-42ff-4727-90af-a04169deff2b/call-UnmappedBamToAlignedBam/UnmappedBamToAlignedBam/0551237b-680f-41df-bdcf-a1042ce60cb9/call-SplitRG/shard-0/SplitLargeReadGroup/cb93e366-b42f-4ae8-80a0-d934da4596df/call-SamToFastqAndDragmapAndMba/shard-6 \
  -v /mnt/nas1/projects/lasr/blendseq:/mnt/nas1/projects/lasr/blendseq \
  us.gcr.io/broad-gotc-prod/dragmap@sha256:5964afca3e4173c33b11100f68c1a44642e0ff2ee4de5a49d8cd446fef308b23 /cromwell-executions1/WholeGenomeGermlineSingleSample/62cff5fe-42ff-4727-90af-a04169deff2b/call-UnmappedBamToAlignedBam/UnmappedBamToAlignedBam/0551237b-680f-41df-bdcf-a1042ce60cb9/call-SplitRG/shard-0/SplitLargeReadGroup/cb93e366-b42f-4ae8-80a0-d934da4596df/call-SamToFastqAndDragmapAndMba/shard-6/execution/script

# get the return code (working even if the container was detached)
rc=$(docker wait [38;5;5mcat /home/darja/workflow/cromwell-executions1/WholeGenomeGermlineSingleSample/62cff5fe-42ff-4727-90af-a04169deff2b/call-UnmappedBamToAlignedBam/UnmappedBamToAlignedBam/0551237b-680f-41df-bdcf-a1042ce60cb9/call-SplitRG/shard-0/SplitLargeReadGroup/cb93e366-b42f-4ae8-80a0-d934da4596df/call-SamToFastqAndDragmapAndMba/shard-6/execution/docker_cid[0m)

# remove the container after waiting
docker rm [38;5;5mcat /home/darja/workflow/cromwell-executions1/WholeGenomeGermlineSingleSample/62cff5fe-42ff-4727-90af-a04169deff2b/call-UnmappedBamToAlignedBam/UnmappedBamToAlignedBam/0551237b-680f-41df-bdcf-a1042ce60cb9/call-SplitRG/shard-0/SplitLargeReadGroup/cb93e366-b42f-4ae8-80a0-d934da4596df/call-SamToFastqAndDragmapAndMba/shard-6/execution/docker_cid[0m

# return exit code
exit $rc
[2026-03-25 20:56:41,04] [info] BackgroundConfigAsyncJobExecutionActor [[38;5;2mcb93e366[0mSplitLargeReadGroup.SamToFastqAndDragmapAndMba:6:1]: job id: 455405
[2026-03-25 20:56:41,04] [info] BackgroundConfigAsyncJobExecutionActor [[38;5;2mcb93e366[0mSplitLargeReadGroup.SamToFastqAndDragmapAndMba:6:1]: Status change from - to WaitingForReturnCode
[2026-03-25 21:16:13,64] [info] BackgroundConfigAsyncJobExecutionActor [[38;5;2mcb93e366[0mSplitLargeReadGroup.SamToFastqAndDragmapAndMba:7:1]: Status change from WaitingForReturnCode to Done
[2026-03-25 21:16:16,20] [info] Assigned new job execution tokens to the following groups: 62cff5fe: 1
[2026-03-25 21:16:16,22] [[38;5;220mwarn[0m] BackgroundConfigAsyncJobExecutionActor [[38;5;2mcb93e366[0mSplitLargeReadGroup.SamToFastqAndDragmapAndMba:30:1]: Unrecognized runtime attribute keys: preemptible, disks, cpu, memory
[2026-03-25 21:16:19,72] [info] BackgroundConfigAsyncJobExecutionActor [[38;5;2mcb93e366[0mSplitLargeReadGroup.SamToFastqAndDragmapAndMba:30:1]: [38;5;5mset -euxo pipefail

DRAGMAP_VERSION=$(dragen-os --version)

if [ -z ${DRAGMAP_VERSION} ]; then
    exit 1;
fi

mkdir dragen_reference
mv /cromwell-executions1/WholeGenomeGermlineSingleSample/62cff5fe-42ff-4727-90af-a04169deff2b/call-UnmappedBamToAlignedBam/UnmappedBamToAlignedBam/0551237b-680f-41df-bdcf-a1042ce60cb9/call-SplitRG/shard-0/SplitLargeReadGroup/cb93e366-b42f-4ae8-80a0-d934da4596df/call-SamToFastqAndDragmapAndMba/shard-30/inputs/-1290198700/reference.bin /cromwell-executions1/WholeGenomeGermlineSingleSample/62cff5fe-42ff-4727-90af-a04169deff2b/call-UnmappedBamToAlignedBam/UnmappedBamToAlignedBam/0551237b-680f-41df-bdcf-a1042ce60cb9/call-SplitRG/shard-0/SplitLargeReadGroup/cb93e366-b42f-4ae8-80a0-d934da4596df/call-SamToFastqAndDragmapAndMba/shard-30/inputs/-1290198700/hash_table.cfg.bin /cromwell-executions1/WholeGenomeGermlineSingleSample/62cff5fe-42ff-4727-90af-a04169deff2b/call-UnmappedBamToAlignedBam/UnmappedBamToAlignedBam/0551237b-680f-41df-bdcf-a1042ce60cb9/call-SplitRG/shard-0/SplitLargeReadGroup/cb93e366-b42f-4ae8-80a0-d934da4596df/call-SamToFastqAndDragmapAndMba/shard-30/inputs/-1290198700/hash_table.cmp dragen_reference

dragen-os -b /cromwell-executions1/WholeGenomeGermlineSingleSample/62cff5fe-42ff-4727-90af-a04169deff2b/call-UnmappedBamToAlignedBam/UnmappedBamToAlignedBam/0551237b-680f-41df-bdcf-a1042ce60cb9/call-SplitRG/shard-0/SplitLargeReadGroup/cb93e366-b42f-4ae8-80a0-d934da4596df/call-SamToFastqAndDragmapAndMba/shard-30/inputs/-365940741/shard_0031.bam -r dragen_reference --interleaved=1 --preserve-map-align-order true 2> >(tee shard_0031.dragmap.stderr.log >&2) | samtools view -h -O BAM - > aligned.bam
java -Dsamjdk.compression_level=2 -Xms1000m -Xmx1000m -jar /picard/picard.jar \
  MergeBamAlignment \
  VALIDATION_STRINGENCY=SILENT \
  EXPECTED_ORIENTATIONS=FR \
  ATTRIBUTES_TO_RETAIN=X0 \
  ATTRIBUTES_TO_REMOVE=RG \
  ATTRIBUTES_TO_REMOVE=NM \
  ATTRIBUTES_TO_REMOVE=MD \
  ALIGNED_BAM=aligned.bam \
  UNMAPPED_BAM=/cromwell-executions1/WholeGenomeGermlineSingleSample/62cff5fe-42ff-4727-90af-a04169deff2b/call-UnmappedBamToAlignedBam/UnmappedBamToAlignedBam/0551237b-680f-41df-bdcf-a1042ce60cb9/call-SplitRG/shard-0/SplitLargeReadGroup/cb93e366-b42f-4ae8-80a0-d934da4596df/call-SamToFastqAndDragmapAndMba/shard-30/inputs/-365940741/shard_0031.bam \
  OUTPUT=shard_0031.bam \
  REFERENCE_SEQUENCE=/cromwell-executions1/WholeGenomeGermlineSingleSample/62cff5fe-42ff-4727-90af-a04169deff2b/call-UnmappedBamToAlignedBam/UnmappedBamToAlignedBam/0551237b-680f-41df-bdcf-a1042ce60cb9/call-SplitRG/shard-0/SplitLargeReadGroup/cb93e366-b42f-4ae8-80a0-d934da4596df/call-SamToFastqAndDragmapAndMba/shard-30/inputs/-1569105944/Homo_sapiens_assembly38_masked.fasta \
  PAIRED_RUN=true \
  SORT_ORDER="unsorted" \
  IS_BISULFITE_SEQUENCE=false \
  ALIGNED_READS_ONLY=false \
  CLIP_ADAPTERS=false \
   \
   \
  MAX_RECORDS_IN_RAM=2000000 \
  ADD_MATE_CIGAR=true \
  MAX_INSERTIONS_OR_DELETIONS=-1 \
  PRIMARY_ALIGNMENT_STRATEGY=MostDistant \
  PROGRAM_RECORD_ID="dragen-os" \
  PROGRAM_GROUP_VERSION="${DRAGMAP_VERSION}" \
  PROGRAM_GROUP_COMMAND_LINE="dragen-os -b /cromwell-executions1/WholeGenomeGermlineSingleSample/62cff5fe-42ff-4727-90af-a04169deff2b/call-UnmappedBamToAlignedBam/UnmappedBamToAlignedBam/0551237b-680f-41df-bdcf-a1042ce60cb9/call-SplitRG/shard-0/SplitLargeReadGroup/cb93e366-b42f-4ae8-80a0-d934da4596df/call-SamToFastqAndDragmapAndMba/shard-30/inputs/-365940741/shard_0031.bam -r dragen_reference --interleaved=1" \
  PROGRAM_GROUP_NAME="dragen-os" \
  UNMAPPED_READ_STRATEGY=COPY_TO_TAG \
  ALIGNER_PROPER_PAIR_FLAGS=true \
  UNMAP_CONTAMINANT_READS=true \
  ADD_PG_TAG_TO_READS=false[0m
[2026-03-25 21:16:19,72] [info] BackgroundConfigAsyncJobExecutionActor [[38;5;2mcb93e366[0mSplitLargeReadGroup.SamToFastqAndDragmapAndMba:30:1]: executing: # make sure there is no preexisting Docker CID file
rm -f /home/darja/workflow/cromwell-executions1/WholeGenomeGermlineSingleSample/62cff5fe-42ff-4727-90af-a04169deff2b/call-UnmappedBamToAlignedBam/UnmappedBamToAlignedBam/0551237b-680f-41df-bdcf-a1042ce60cb9/call-SplitRG/shard-0/SplitLargeReadGroup/cb93e366-b42f-4ae8-80a0-d934da4596df/call-SamToFastqAndDragmapAndMba/shard-30/execution/docker_cid
# run as in the original configuration without --rm flag (will remove later)
docker run \
  --cidfile /home/darja/workflow/cromwell-executions1/WholeGenomeGermlineSingleSample/62cff5fe-42ff-4727-90af-a04169deff2b/call-UnmappedBamToAlignedBam/UnmappedBamToAlignedBam/0551237b-680f-41df-bdcf-a1042ce60cb9/call-SplitRG/shard-0/SplitLargeReadGroup/cb93e366-b42f-4ae8-80a0-d934da4596df/call-SamToFastqAndDragmapAndMba/shard-30/execution/docker_cid \
  -i \
  --user 1027:1028 \
  --cpus="32" \
  --memory="184320M" \
  --entrypoint /bin/bash \
  -v /home/darja/workflow/cromwell-executions1/WholeGenomeGermlineSingleSample/62cff5fe-42ff-4727-90af-a04169deff2b/call-UnmappedBamToAlignedBam/UnmappedBamToAlignedBam/0551237b-680f-41df-bdcf-a1042ce60cb9/call-SplitRG/shard-0/SplitLargeReadGroup/cb93e366-b42f-4ae8-80a0-d934da4596df/call-SamToFastqAndDragmapAndMba/shard-30:/cromwell-executions1/WholeGenomeGermlineSingleSample/62cff5fe-42ff-4727-90af-a04169deff2b/call-UnmappedBamToAlignedBam/UnmappedBamToAlignedBam/0551237b-680f-41df-bdcf-a1042ce60cb9/call-SplitRG/shard-0/SplitLargeReadGroup/cb93e366-b42f-4ae8-80a0-d934da4596df/call-SamToFastqAndDragmapAndMba/shard-30 \
  -v /mnt/nas1/projects/lasr/blendseq:/mnt/nas1/projects/lasr/blendseq \
  us.gcr.io/broad-gotc-prod/dragmap@sha256:5964afca3e4173c33b11100f68c1a44642e0ff2ee4de5a49d8cd446fef308b23 /cromwell-executions1/WholeGenomeGermlineSingleSample/62cff5fe-42ff-4727-90af-a04169deff2b/call-UnmappedBamToAlignedBam/UnmappedBamToAlignedBam/0551237b-680f-41df-bdcf-a1042ce60cb9/call-SplitRG/shard-0/SplitLargeReadGroup/cb93e366-b42f-4ae8-80a0-d934da4596df/call-SamToFastqAndDragmapAndMba/shard-30/execution/script

# get the return code (working even if the container was detached)
rc=$(docker wait [38;5;5mcat /home/darja/workflow/cromwell-executions1/WholeGenomeGermlineSingleSample/62cff5fe-42ff-4727-90af-a04169deff2b/call-UnmappedBamToAlignedBam/UnmappedBamToAlignedBam/0551237b-680f-41df-bdcf-a1042ce60cb9/call-SplitRG/shard-0/SplitLargeReadGroup/cb93e366-b42f-4ae8-80a0-d934da4596df/call-SamToFastqAndDragmapAndMba/shard-30/execution/docker_cid[0m)

# remove the container after waiting
docker rm [38;5;5mcat /home/darja/workflow/cromwell-executions1/WholeGenomeGermlineSingleSample/62cff5fe-42ff-4727-90af-a04169deff2b/call-UnmappedBamToAlignedBam/UnmappedBamToAlignedBam/0551237b-680f-41df-bdcf-a1042ce60cb9/call-SplitRG/shard-0/SplitLargeReadGroup/cb93e366-b42f-4ae8-80a0-d934da4596df/call-SamToFastqAndDragmapAndMba/shard-30/execution/docker_cid[0m

# return exit code
exit $rc
[2026-03-25 21:16:21,04] [info] BackgroundConfigAsyncJobExecutionActor [[38;5;2mcb93e366[0mSplitLargeReadGroup.SamToFastqAndDragmapAndMba:30:1]: job id: 456300
[2026-03-25 21:16:21,04] [info] BackgroundConfigAsyncJobExecutionActor [[38;5;2mcb93e366[0mSplitLargeReadGroup.SamToFastqAndDragmapAndMba:30:1]: Status change from - to WaitingForReturnCode
[2026-03-25 21:39:29,95] [info] BackgroundConfigAsyncJobExecutionActor [[38;5;2mcb93e366[0mSplitLargeReadGroup.SamToFastqAndDragmapAndMba:6:1]: Status change from WaitingForReturnCode to Done
[2026-03-25 21:39:36,20] [info] Assigned new job execution tokens to the following groups: 62cff5fe: 1
[2026-03-25 21:39:36,24] [[38;5;220mwarn[0m] BackgroundConfigAsyncJobExecutionActor [[38;5;2mcb93e366[0mSplitLargeReadGroup.SamToFastqAndDragmapAndMba:4:1]: Unrecognized runtime attribute keys: preemptible, disks, cpu, memory
[2026-03-25 21:39:39,51] [info] BackgroundConfigAsyncJobExecutionActor [[38;5;2mcb93e366[0mSplitLargeReadGroup.SamToFastqAndDragmapAndMba:4:1]: [38;5;5mset -euxo pipefail

DRAGMAP_VERSION=$(dragen-os --version)

if [ -z ${DRAGMAP_VERSION} ]; then
    exit 1;
fi

mkdir dragen_reference
mv /cromwell-executions1/WholeGenomeGermlineSingleSample/62cff5fe-42ff-4727-90af-a04169deff2b/call-UnmappedBamToAlignedBam/UnmappedBamToAlignedBam/0551237b-680f-41df-bdcf-a1042ce60cb9/call-SplitRG/shard-0/SplitLargeReadGroup/cb93e366-b42f-4ae8-80a0-d934da4596df/call-SamToFastqAndDragmapAndMba/shard-4/inputs/-1290198700/reference.bin /cromwell-executions1/WholeGenomeGermlineSingleSample/62cff5fe-42ff-4727-90af-a04169deff2b/call-UnmappedBamToAlignedBam/UnmappedBamToAlignedBam/0551237b-680f-41df-bdcf-a1042ce60cb9/call-SplitRG/shard-0/SplitLargeReadGroup/cb93e366-b42f-4ae8-80a0-d934da4596df/call-SamToFastqAndDragmapAndMba/shard-4/inputs/-1290198700/hash_table.cfg.bin /cromwell-executions1/WholeGenomeGermlineSingleSample/62cff5fe-42ff-4727-90af-a04169deff2b/call-UnmappedBamToAlignedBam/UnmappedBamToAlignedBam/0551237b-680f-41df-bdcf-a1042ce60cb9/call-SplitRG/shard-0/SplitLargeReadGroup/cb93e366-b42f-4ae8-80a0-d934da4596df/call-SamToFastqAndDragmapAndMba/shard-4/inputs/-1290198700/hash_table.cmp dragen_reference

dragen-os -b /cromwell-executions1/WholeGenomeGermlineSingleSample/62cff5fe-42ff-4727-90af-a04169deff2b/call-UnmappedBamToAlignedBam/UnmappedBamToAlignedBam/0551237b-680f-41df-bdcf-a1042ce60cb9/call-SplitRG/shard-0/SplitLargeReadGroup/cb93e366-b42f-4ae8-80a0-d934da4596df/call-SamToFastqAndDragmapAndMba/shard-4/inputs/-365940741/shard_0005.bam -r dragen_reference --interleaved=1 --preserve-map-align-order true 2> >(tee shard_0005.dragmap.stderr.log >&2) | samtools view -h -O BAM - > aligned.bam
java -Dsamjdk.compression_level=2 -Xms1000m -Xmx1000m -jar /picard/picard.jar \
  MergeBamAlignment \
  VALIDATION_STRINGENCY=SILENT \
  EXPECTED_ORIENTATIONS=FR \
  ATTRIBUTES_TO_RETAIN=X0 \
  ATTRIBUTES_TO_REMOVE=RG \
  ATTRIBUTES_TO_REMOVE=NM \
  ATTRIBUTES_TO_REMOVE=MD \
  ALIGNED_BAM=aligned.bam \
  UNMAPPED_BAM=/cromwell-executions1/WholeGenomeGermlineSingleSample/62cff5fe-42ff-4727-90af-a04169deff2b/call-UnmappedBamToAlignedBam/UnmappedBamToAlignedBam/0551237b-680f-41df-bdcf-a1042ce60cb9/call-SplitRG/shard-0/SplitLargeReadGroup/cb93e366-b42f-4ae8-80a0-d934da4596df/call-SamToFastqAndDragmapAndMba/shard-4/inputs/-365940741/shard_0005.bam \
  OUTPUT=shard_0005.bam \
  REFERENCE_SEQUENCE=/cromwell-executions1/WholeGenomeGermlineSingleSample/62cff5fe-42ff-4727-90af-a04169deff2b/call-UnmappedBamToAlignedBam/UnmappedBamToAlignedBam/0551237b-680f-41df-bdcf-a1042ce60cb9/call-SplitRG/shard-0/SplitLargeReadGroup/cb93e366-b42f-4ae8-80a0-d934da4596df/call-SamToFastqAndDragmapAndMba/shard-4/inputs/-1569105944/Homo_sapiens_assembly38_masked.fasta \
  PAIRED_RUN=true \
  SORT_ORDER="unsorted" \
  IS_BISULFITE_SEQUENCE=false \
  ALIGNED_READS_ONLY=false \
  CLIP_ADAPTERS=false \
   \
   \
  MAX_RECORDS_IN_RAM=2000000 \
  ADD_MATE_CIGAR=true \
  MAX_INSERTIONS_OR_DELETIONS=-1 \
  PRIMARY_ALIGNMENT_STRATEGY=MostDistant \
  PROGRAM_RECORD_ID="dragen-os" \
  PROGRAM_GROUP_VERSION="${DRAGMAP_VERSION}" \
  PROGRAM_GROUP_COMMAND_LINE="dragen-os -b /cromwell-executions1/WholeGenomeGermlineSingleSample/62cff5fe-42ff-4727-90af-a04169deff2b/call-UnmappedBamToAlignedBam/UnmappedBamToAlignedBam/0551237b-680f-41df-bdcf-a1042ce60cb9/call-SplitRG/shard-0/SplitLargeReadGroup/cb93e366-b42f-4ae8-80a0-d934da4596df/call-SamToFastqAndDragmapAndMba/shard-4/inputs/-365940741/shard_0005.bam -r dragen_reference --interleaved=1" \
  PROGRAM_GROUP_NAME="dragen-os" \
  UNMAPPED_READ_STRATEGY=COPY_TO_TAG \
  ALIGNER_PROPER_PAIR_FLAGS=true \
  UNMAP_CONTAMINANT_READS=true \
  ADD_PG_TAG_TO_READS=false[0m
[2026-03-25 21:39:39,51] [info] BackgroundConfigAsyncJobExecutionActor [[38;5;2mcb93e366[0mSplitLargeReadGroup.SamToFastqAndDragmapAndMba:4:1]: executing: # make sure there is no preexisting Docker CID file
rm -f /home/darja/workflow/cromwell-executions1/WholeGenomeGermlineSingleSample/62cff5fe-42ff-4727-90af-a04169deff2b/call-UnmappedBamToAlignedBam/UnmappedBamToAlignedBam/0551237b-680f-41df-bdcf-a1042ce60cb9/call-SplitRG/shard-0/SplitLargeReadGroup/cb93e366-b42f-4ae8-80a0-d934da4596df/call-SamToFastqAndDragmapAndMba/shard-4/execution/docker_cid
# run as in the original configuration without --rm flag (will remove later)
docker run \
  --cidfile /home/darja/workflow/cromwell-executions1/WholeGenomeGermlineSingleSample/62cff5fe-42ff-4727-90af-a04169deff2b/call-UnmappedBamToAlignedBam/UnmappedBamToAlignedBam/0551237b-680f-41df-bdcf-a1042ce60cb9/call-SplitRG/shard-0/SplitLargeReadGroup/cb93e366-b42f-4ae8-80a0-d934da4596df/call-SamToFastqAndDragmapAndMba/shard-4/execution/docker_cid \
  -i \
  --user 1027:1028 \
  --cpus="32" \
  --memory="184320M" \
  --entrypoint /bin/bash \
  -v /home/darja/workflow/cromwell-executions1/WholeGenomeGermlineSingleSample/62cff5fe-42ff-4727-90af-a04169deff2b/call-UnmappedBamToAlignedBam/UnmappedBamToAlignedBam/0551237b-680f-41df-bdcf-a1042ce60cb9/call-SplitRG/shard-0/SplitLargeReadGroup/cb93e366-b42f-4ae8-80a0-d934da4596df/call-SamToFastqAndDragmapAndMba/shard-4:/cromwell-executions1/WholeGenomeGermlineSingleSample/62cff5fe-42ff-4727-90af-a04169deff2b/call-UnmappedBamToAlignedBam/UnmappedBamToAlignedBam/0551237b-680f-41df-bdcf-a1042ce60cb9/call-SplitRG/shard-0/SplitLargeReadGroup/cb93e366-b42f-4ae8-80a0-d934da4596df/call-SamToFastqAndDragmapAndMba/shard-4 \
  -v /mnt/nas1/projects/lasr/blendseq:/mnt/nas1/projects/lasr/blendseq \
  us.gcr.io/broad-gotc-prod/dragmap@sha256:5964afca3e4173c33b11100f68c1a44642e0ff2ee4de5a49d8cd446fef308b23 /cromwell-executions1/WholeGenomeGermlineSingleSample/62cff5fe-42ff-4727-90af-a04169deff2b/call-UnmappedBamToAlignedBam/UnmappedBamToAlignedBam/0551237b-680f-41df-bdcf-a1042ce60cb9/call-SplitRG/shard-0/SplitLargeReadGroup/cb93e366-b42f-4ae8-80a0-d934da4596df/call-SamToFastqAndDragmapAndMba/shard-4/execution/script

# get the return code (working even if the container was detached)
rc=$(docker wait [38;5;5mcat /home/darja/workflow/cromwell-executions1/WholeGenomeGermlineSingleSample/62cff5fe-42ff-4727-90af-a04169deff2b/call-UnmappedBamToAlignedBam/UnmappedBamToAlignedBam/0551237b-680f-41df-bdcf-a1042ce60cb9/call-SplitRG/shard-0/SplitLargeReadGroup/cb93e366-b42f-4ae8-80a0-d934da4596df/call-SamToFastqAndDragmapAndMba/shard-4/execution/docker_cid[0m)

# remove the container after waiting
docker rm [38;5;5mcat /home/darja/workflow/cromwell-executions1/WholeGenomeGermlineSingleSample/62cff5fe-42ff-4727-90af-a04169deff2b/call-UnmappedBamToAlignedBam/UnmappedBamToAlignedBam/0551237b-680f-41df-bdcf-a1042ce60cb9/call-SplitRG/shard-0/SplitLargeReadGroup/cb93e366-b42f-4ae8-80a0-d934da4596df/call-SamToFastqAndDragmapAndMba/shard-4/execution/docker_cid[0m

# return exit code
exit $rc
[2026-03-25 21:39:41,04] [info] BackgroundConfigAsyncJobExecutionActor [[38;5;2mcb93e366[0mSplitLargeReadGroup.SamToFastqAndDragmapAndMba:4:1]: job id: 457233
[2026-03-25 21:39:41,04] [info] BackgroundConfigAsyncJobExecutionActor [[38;5;2mcb93e366[0mSplitLargeReadGroup.SamToFastqAndDragmapAndMba:4:1]: Status change from - to WaitingForReturnCode
[2026-03-25 22:23:27,51] [info] BackgroundConfigAsyncJobExecutionActor [[38;5;2mcb93e366[0mSplitLargeReadGroup.SamToFastqAndDragmapAndMba:4:1]: Status change from WaitingForReturnCode to Done
[2026-03-25 22:23:36,20] [info] Assigned new job execution tokens to the following groups: 62cff5fe: 1
[2026-03-25 22:23:36,24] [[38;5;220mwarn[0m] BackgroundConfigAsyncJobExecutionActor [[38;5;2mcb93e366[0mSplitLargeReadGroup.SamToFastqAndDragmapAndMba:26:1]: Unrecognized runtime attribute keys: preemptible, disks, cpu, memory
[2026-03-25 22:23:39,29] [info] BackgroundConfigAsyncJobExecutionActor [[38;5;2mcb93e366[0mSplitLargeReadGroup.SamToFastqAndDragmapAndMba:26:1]: [38;5;5mset -euxo pipefail

DRAGMAP_VERSION=$(dragen-os --version)

if [ -z ${DRAGMAP_VERSION} ]; then
    exit 1;
fi

mkdir dragen_reference
mv /cromwell-executions1/WholeGenomeGermlineSingleSample/62cff5fe-42ff-4727-90af-a04169deff2b/call-UnmappedBamToAlignedBam/UnmappedBamToAlignedBam/0551237b-680f-41df-bdcf-a1042ce60cb9/call-SplitRG/shard-0/SplitLargeReadGroup/cb93e366-b42f-4ae8-80a0-d934da4596df/call-SamToFastqAndDragmapAndMba/shard-26/inputs/-1290198700/reference.bin /cromwell-executions1/WholeGenomeGermlineSingleSample/62cff5fe-42ff-4727-90af-a04169deff2b/call-UnmappedBamToAlignedBam/UnmappedBamToAlignedBam/0551237b-680f-41df-bdcf-a1042ce60cb9/call-SplitRG/shard-0/SplitLargeReadGroup/cb93e366-b42f-4ae8-80a0-d934da4596df/call-SamToFastqAndDragmapAndMba/shard-26/inputs/-1290198700/hash_table.cfg.bin /cromwell-executions1/WholeGenomeGermlineSingleSample/62cff5fe-42ff-4727-90af-a04169deff2b/call-UnmappedBamToAlignedBam/UnmappedBamToAlignedBam/0551237b-680f-41df-bdcf-a1042ce60cb9/call-SplitRG/shard-0/SplitLargeReadGroup/cb93e366-b42f-4ae8-80a0-d934da4596df/call-SamToFastqAndDragmapAndMba/shard-26/inputs/-1290198700/hash_table.cmp dragen_reference

dragen-os -b /cromwell-executions1/WholeGenomeGermlineSingleSample/62cff5fe-42ff-4727-90af-a04169deff2b/call-UnmappedBamToAlignedBam/UnmappedBamToAlignedBam/0551237b-680f-41df-bdcf-a1042ce60cb9/call-SplitRG/shard-0/SplitLargeReadGroup/cb93e366-b42f-4ae8-80a0-d934da4596df/call-SamToFastqAndDragmapAndMba/shard-26/inputs/-365940741/shard_0027.bam -r dragen_reference --interleaved=1 --preserve-map-align-order true 2> >(tee shard_0027.dragmap.stderr.log >&2) | samtools view -h -O BAM - > aligned.bam
java -Dsamjdk.compression_level=2 -Xms1000m -Xmx1000m -jar /picard/picard.jar \
  MergeBamAlignment \
  VALIDATION_STRINGENCY=SILENT \
  EXPECTED_ORIENTATIONS=FR \
  ATTRIBUTES_TO_RETAIN=X0 \
  ATTRIBUTES_TO_REMOVE=RG \
  ATTRIBUTES_TO_REMOVE=NM \
  ATTRIBUTES_TO_REMOVE=MD \
  ALIGNED_BAM=aligned.bam \
  UNMAPPED_BAM=/cromwell-executions1/WholeGenomeGermlineSingleSample/62cff5fe-42ff-4727-90af-a04169deff2b/call-UnmappedBamToAlignedBam/UnmappedBamToAlignedBam/0551237b-680f-41df-bdcf-a1042ce60cb9/call-SplitRG/shard-0/SplitLargeReadGroup/cb93e366-b42f-4ae8-80a0-d934da4596df/call-SamToFastqAndDragmapAndMba/shard-26/inputs/-365940741/shard_0027.bam \
  OUTPUT=shard_0027.bam \
  REFERENCE_SEQUENCE=/cromwell-executions1/WholeGenomeGermlineSingleSample/62cff5fe-42ff-4727-90af-a04169deff2b/call-UnmappedBamToAlignedBam/UnmappedBamToAlignedBam/0551237b-680f-41df-bdcf-a1042ce60cb9/call-SplitRG/shard-0/SplitLargeReadGroup/cb93e366-b42f-4ae8-80a0-d934da4596df/call-SamToFastqAndDragmapAndMba/shard-26/inputs/-1569105944/Homo_sapiens_assembly38_masked.fasta \
  PAIRED_RUN=true \
  SORT_ORDER="unsorted" \
  IS_BISULFITE_SEQUENCE=false \
  ALIGNED_READS_ONLY=false \
  CLIP_ADAPTERS=false \
   \
   \
  MAX_RECORDS_IN_RAM=2000000 \
  ADD_MATE_CIGAR=true \
  MAX_INSERTIONS_OR_DELETIONS=-1 \
  PRIMARY_ALIGNMENT_STRATEGY=MostDistant \
  PROGRAM_RECORD_ID="dragen-os" \
  PROGRAM_GROUP_VERSION="${DRAGMAP_VERSION}" \
  PROGRAM_GROUP_COMMAND_LINE="dragen-os -b /cromwell-executions1/WholeGenomeGermlineSingleSample/62cff5fe-42ff-4727-90af-a04169deff2b/call-UnmappedBamToAlignedBam/UnmappedBamToAlignedBam/0551237b-680f-41df-bdcf-a1042ce60cb9/call-SplitRG/shard-0/SplitLargeReadGroup/cb93e366-b42f-4ae8-80a0-d934da4596df/call-SamToFastqAndDragmapAndMba/shard-26/inputs/-365940741/shard_0027.bam -r dragen_reference --interleaved=1" \
  PROGRAM_GROUP_NAME="dragen-os" \
  UNMAPPED_READ_STRATEGY=COPY_TO_TAG \
  ALIGNER_PROPER_PAIR_FLAGS=true \
  UNMAP_CONTAMINANT_READS=true \
  ADD_PG_TAG_TO_READS=false[0m
[2026-03-25 22:23:39,30] [info] BackgroundConfigAsyncJobExecutionActor [[38;5;2mcb93e366[0mSplitLargeReadGroup.SamToFastqAndDragmapAndMba:26:1]: executing: # make sure there is no preexisting Docker CID file
rm -f /home/darja/workflow/cromwell-executions1/WholeGenomeGermlineSingleSample/62cff5fe-42ff-4727-90af-a04169deff2b/call-UnmappedBamToAlignedBam/UnmappedBamToAlignedBam/0551237b-680f-41df-bdcf-a1042ce60cb9/call-SplitRG/shard-0/SplitLargeReadGroup/cb93e366-b42f-4ae8-80a0-d934da4596df/call-SamToFastqAndDragmapAndMba/shard-26/execution/docker_cid
# run as in the original configuration without --rm flag (will remove later)
docker run \
  --cidfile /home/darja/workflow/cromwell-executions1/WholeGenomeGermlineSingleSample/62cff5fe-42ff-4727-90af-a04169deff2b/call-UnmappedBamToAlignedBam/UnmappedBamToAlignedBam/0551237b-680f-41df-bdcf-a1042ce60cb9/call-SplitRG/shard-0/SplitLargeReadGroup/cb93e366-b42f-4ae8-80a0-d934da4596df/call-SamToFastqAndDragmapAndMba/shard-26/execution/docker_cid \
  -i \
  --user 1027:1028 \
  --cpus="32" \
  --memory="184320M" \
  --entrypoint /bin/bash \
  -v /home/darja/workflow/cromwell-executions1/WholeGenomeGermlineSingleSample/62cff5fe-42ff-4727-90af-a04169deff2b/call-UnmappedBamToAlignedBam/UnmappedBamToAlignedBam/0551237b-680f-41df-bdcf-a1042ce60cb9/call-SplitRG/shard-0/SplitLargeReadGroup/cb93e366-b42f-4ae8-80a0-d934da4596df/call-SamToFastqAndDragmapAndMba/shard-26:/cromwell-executions1/WholeGenomeGermlineSingleSample/62cff5fe-42ff-4727-90af-a04169deff2b/call-UnmappedBamToAlignedBam/UnmappedBamToAlignedBam/0551237b-680f-41df-bdcf-a1042ce60cb9/call-SplitRG/shard-0/SplitLargeReadGroup/cb93e366-b42f-4ae8-80a0-d934da4596df/call-SamToFastqAndDragmapAndMba/shard-26 \
  -v /mnt/nas1/projects/lasr/blendseq:/mnt/nas1/projects/lasr/blendseq \
  us.gcr.io/broad-gotc-prod/dragmap@sha256:5964afca3e4173c33b11100f68c1a44642e0ff2ee4de5a49d8cd446fef308b23 /cromwell-executions1/WholeGenomeGermlineSingleSample/62cff5fe-42ff-4727-90af-a04169deff2b/call-UnmappedBamToAlignedBam/UnmappedBamToAlignedBam/0551237b-680f-41df-bdcf-a1042ce60cb9/call-SplitRG/shard-0/SplitLargeReadGroup/cb93e366-b42f-4ae8-80a0-d934da4596df/call-SamToFastqAndDragmapAndMba/shard-26/execution/script

# get the return code (working even if the container was detached)
rc=$(docker wait [38;5;5mcat /home/darja/workflow/cromwell-executions1/WholeGenomeGermlineSingleSample/62cff5fe-42ff-4727-90af-a04169deff2b/call-UnmappedBamToAlignedBam/UnmappedBamToAlignedBam/0551237b-680f-41df-bdcf-a1042ce60cb9/call-SplitRG/shard-0/SplitLargeReadGroup/cb93e366-b42f-4ae8-80a0-d934da4596df/call-SamToFastqAndDragmapAndMba/shard-26/execution/docker_cid[0m)

# remove the container after waiting
docker rm [38;5;5mcat /home/darja/workflow/cromwell-executions1/WholeGenomeGermlineSingleSample/62cff5fe-42ff-4727-90af-a04169deff2b/call-UnmappedBamToAlignedBam/UnmappedBamToAlignedBam/0551237b-680f-41df-bdcf-a1042ce60cb9/call-SplitRG/shard-0/SplitLargeReadGroup/cb93e366-b42f-4ae8-80a0-d934da4596df/call-SamToFastqAndDragmapAndMba/shard-26/execution/docker_cid[0m

# return exit code
exit $rc
[2026-03-25 22:23:41,04] [info] BackgroundConfigAsyncJobExecutionActor [[38;5;2mcb93e366[0mSplitLargeReadGroup.SamToFastqAndDragmapAndMba:26:1]: job id: 458487
[2026-03-25 22:23:41,04] [info] BackgroundConfigAsyncJobExecutionActor [[38;5;2mcb93e366[0mSplitLargeReadGroup.SamToFastqAndDragmapAndMba:26:1]: Status change from - to WaitingForReturnCode
[2026-03-25 22:27:07,88] [info] BackgroundConfigAsyncJobExecutionActor [[38;5;2mcb93e366[0mSplitLargeReadGroup.SamToFastqAndDragmapAndMba:30:1]: Status change from WaitingForReturnCode to Done
[2026-03-25 22:27:16,20] [info] Assigned new job execution tokens to the following groups: 62cff5fe: 1
[2026-03-25 22:27:16,23] [[38;5;220mwarn[0m] BackgroundConfigAsyncJobExecutionActor [[38;5;2mcb93e366[0mSplitLargeReadGroup.SamToFastqAndDragmapAndMba:19:1]: Unrecognized runtime attribute keys: preemptible, disks, cpu, memory
[2026-03-25 22:27:19,43] [info] BackgroundConfigAsyncJobExecutionActor [[38;5;2mcb93e366[0mSplitLargeReadGroup.SamToFastqAndDragmapAndMba:19:1]: [38;5;5mset -euxo pipefail

DRAGMAP_VERSION=$(dragen-os --version)

if [ -z ${DRAGMAP_VERSION} ]; then
    exit 1;
fi

mkdir dragen_reference
mv /cromwell-executions1/WholeGenomeGermlineSingleSample/62cff5fe-42ff-4727-90af-a04169deff2b/call-UnmappedBamToAlignedBam/UnmappedBamToAlignedBam/0551237b-680f-41df-bdcf-a1042ce60cb9/call-SplitRG/shard-0/SplitLargeReadGroup/cb93e366-b42f-4ae8-80a0-d934da4596df/call-SamToFastqAndDragmapAndMba/shard-19/inputs/-1290198700/reference.bin /cromwell-executions1/WholeGenomeGermlineSingleSample/62cff5fe-42ff-4727-90af-a04169deff2b/call-UnmappedBamToAlignedBam/UnmappedBamToAlignedBam/0551237b-680f-41df-bdcf-a1042ce60cb9/call-SplitRG/shard-0/SplitLargeReadGroup/cb93e366-b42f-4ae8-80a0-d934da4596df/call-SamToFastqAndDragmapAndMba/shard-19/inputs/-1290198700/hash_table.cfg.bin /cromwell-executions1/WholeGenomeGermlineSingleSample/62cff5fe-42ff-4727-90af-a04169deff2b/call-UnmappedBamToAlignedBam/UnmappedBamToAlignedBam/0551237b-680f-41df-bdcf-a1042ce60cb9/call-SplitRG/shard-0/SplitLargeReadGroup/cb93e366-b42f-4ae8-80a0-d934da4596df/call-SamToFastqAndDragmapAndMba/shard-19/inputs/-1290198700/hash_table.cmp dragen_reference

dragen-os -b /cromwell-executions1/WholeGenomeGermlineSingleSample/62cff5fe-42ff-4727-90af-a04169deff2b/call-UnmappedBamToAlignedBam/UnmappedBamToAlignedBam/0551237b-680f-41df-bdcf-a1042ce60cb9/call-SplitRG/shard-0/SplitLargeReadGroup/cb93e366-b42f-4ae8-80a0-d934da4596df/call-SamToFastqAndDragmapAndMba/shard-19/inputs/-365940741/shard_0020.bam -r dragen_reference --interleaved=1 --preserve-map-align-order true 2> >(tee shard_0020.dragmap.stderr.log >&2) | samtools view -h -O BAM - > aligned.bam
java -Dsamjdk.compression_level=2 -Xms1000m -Xmx1000m -jar /picard/picard.jar \
  MergeBamAlignment \
  VALIDATION_STRINGENCY=SILENT \
  EXPECTED_ORIENTATIONS=FR \
  ATTRIBUTES_TO_RETAIN=X0 \
  ATTRIBUTES_TO_REMOVE=RG \
  ATTRIBUTES_TO_REMOVE=NM \
  ATTRIBUTES_TO_REMOVE=MD \
  ALIGNED_BAM=aligned.bam \
  UNMAPPED_BAM=/cromwell-executions1/WholeGenomeGermlineSingleSample/62cff5fe-42ff-4727-90af-a04169deff2b/call-UnmappedBamToAlignedBam/UnmappedBamToAlignedBam/0551237b-680f-41df-bdcf-a1042ce60cb9/call-SplitRG/shard-0/SplitLargeReadGroup/cb93e366-b42f-4ae8-80a0-d934da4596df/call-SamToFastqAndDragmapAndMba/shard-19/inputs/-365940741/shard_0020.bam \
  OUTPUT=shard_0020.bam \
  REFERENCE_SEQUENCE=/cromwell-executions1/WholeGenomeGermlineSingleSample/62cff5fe-42ff-4727-90af-a04169deff2b/call-UnmappedBamToAlignedBam/UnmappedBamToAlignedBam/0551237b-680f-41df-bdcf-a1042ce60cb9/call-SplitRG/shard-0/SplitLargeReadGroup/cb93e366-b42f-4ae8-80a0-d934da4596df/call-SamToFastqAndDragmapAndMba/shard-19/inputs/-1569105944/Homo_sapiens_assembly38_masked.fasta \
  PAIRED_RUN=true \
  SORT_ORDER="unsorted" \
  IS_BISULFITE_SEQUENCE=false \
  ALIGNED_READS_ONLY=false \
  CLIP_ADAPTERS=false \
   \
   \
  MAX_RECORDS_IN_RAM=2000000 \
  ADD_MATE_CIGAR=true \
  MAX_INSERTIONS_OR_DELETIONS=-1 \
  PRIMARY_ALIGNMENT_STRATEGY=MostDistant \
  PROGRAM_RECORD_ID="dragen-os" \
  PROGRAM_GROUP_VERSION="${DRAGMAP_VERSION}" \
  PROGRAM_GROUP_COMMAND_LINE="dragen-os -b /cromwell-executions1/WholeGenomeGermlineSingleSample/62cff5fe-42ff-4727-90af-a04169deff2b/call-UnmappedBamToAlignedBam/UnmappedBamToAlignedBam/0551237b-680f-41df-bdcf-a1042ce60cb9/call-SplitRG/shard-0/SplitLargeReadGroup/cb93e366-b42f-4ae8-80a0-d934da4596df/call-SamToFastqAndDragmapAndMba/shard-19/inputs/-365940741/shard_0020.bam -r dragen_reference --interleaved=1" \
  PROGRAM_GROUP_NAME="dragen-os" \
  UNMAPPED_READ_STRATEGY=COPY_TO_TAG \
  ALIGNER_PROPER_PAIR_FLAGS=true \
  UNMAP_CONTAMINANT_READS=true \
  ADD_PG_TAG_TO_READS=false[0m
[2026-03-25 22:27:19,43] [info] BackgroundConfigAsyncJobExecutionActor [[38;5;2mcb93e366[0mSplitLargeReadGroup.SamToFastqAndDragmapAndMba:19:1]: executing: # make sure there is no preexisting Docker CID file
rm -f /home/darja/workflow/cromwell-executions1/WholeGenomeGermlineSingleSample/62cff5fe-42ff-4727-90af-a04169deff2b/call-UnmappedBamToAlignedBam/UnmappedBamToAlignedBam/0551237b-680f-41df-bdcf-a1042ce60cb9/call-SplitRG/shard-0/SplitLargeReadGroup/cb93e366-b42f-4ae8-80a0-d934da4596df/call-SamToFastqAndDragmapAndMba/shard-19/execution/docker_cid
# run as in the original configuration without --rm flag (will remove later)
docker run \
  --cidfile /home/darja/workflow/cromwell-executions1/WholeGenomeGermlineSingleSample/62cff5fe-42ff-4727-90af-a04169deff2b/call-UnmappedBamToAlignedBam/UnmappedBamToAlignedBam/0551237b-680f-41df-bdcf-a1042ce60cb9/call-SplitRG/shard-0/SplitLargeReadGroup/cb93e366-b42f-4ae8-80a0-d934da4596df/call-SamToFastqAndDragmapAndMba/shard-19/execution/docker_cid \
  -i \
  --user 1027:1028 \
  --cpus="32" \
  --memory="184320M" \
  --entrypoint /bin/bash \
  -v /home/darja/workflow/cromwell-executions1/WholeGenomeGermlineSingleSample/62cff5fe-42ff-4727-90af-a04169deff2b/call-UnmappedBamToAlignedBam/UnmappedBamToAlignedBam/0551237b-680f-41df-bdcf-a1042ce60cb9/call-SplitRG/shard-0/SplitLargeReadGroup/cb93e366-b42f-4ae8-80a0-d934da4596df/call-SamToFastqAndDragmapAndMba/shard-19:/cromwell-executions1/WholeGenomeGermlineSingleSample/62cff5fe-42ff-4727-90af-a04169deff2b/call-UnmappedBamToAlignedBam/UnmappedBamToAlignedBam/0551237b-680f-41df-bdcf-a1042ce60cb9/call-SplitRG/shard-0/SplitLargeReadGroup/cb93e366-b42f-4ae8-80a0-d934da4596df/call-SamToFastqAndDragmapAndMba/shard-19 \
  -v /mnt/nas1/projects/lasr/blendseq:/mnt/nas1/projects/lasr/blendseq \
  us.gcr.io/broad-gotc-prod/dragmap@sha256:5964afca3e4173c33b11100f68c1a44642e0ff2ee4de5a49d8cd446fef308b23 /cromwell-executions1/WholeGenomeGermlineSingleSample/62cff5fe-42ff-4727-90af-a04169deff2b/call-UnmappedBamToAlignedBam/UnmappedBamToAlignedBam/0551237b-680f-41df-bdcf-a1042ce60cb9/call-SplitRG/shard-0/SplitLargeReadGroup/cb93e366-b42f-4ae8-80a0-d934da4596df/call-SamToFastqAndDragmapAndMba/shard-19/execution/script

# get the return code (working even if the container was detached)
rc=$(docker wait [38;5;5mcat /home/darja/workflow/cromwell-executions1/WholeGenomeGermlineSingleSample/62cff5fe-42ff-4727-90af-a04169deff2b/call-UnmappedBamToAlignedBam/UnmappedBamToAlignedBam/0551237b-680f-41df-bdcf-a1042ce60cb9/call-SplitRG/shard-0/SplitLargeReadGroup/cb93e366-b42f-4ae8-80a0-d934da4596df/call-SamToFastqAndDragmapAndMba/shard-19/execution/docker_cid[0m)

# remove the container after waiting
docker rm [38;5;5mcat /home/darja/workflow/cromwell-executions1/WholeGenomeGermlineSingleSample/62cff5fe-42ff-4727-90af-a04169deff2b/call-UnmappedBamToAlignedBam/UnmappedBamToAlignedBam/0551237b-680f-41df-bdcf-a1042ce60cb9/call-SplitRG/shard-0/SplitLargeReadGroup/cb93e366-b42f-4ae8-80a0-d934da4596df/call-SamToFastqAndDragmapAndMba/shard-19/execution/docker_cid[0m

# return exit code
exit $rc
[2026-03-25 22:27:21,04] [info] BackgroundConfigAsyncJobExecutionActor [[38;5;2mcb93e366[0mSplitLargeReadGroup.SamToFastqAndDragmapAndMba:19:1]: job id: 459068
[2026-03-25 22:27:21,04] [info] BackgroundConfigAsyncJobExecutionActor [[38;5;2mcb93e366[0mSplitLargeReadGroup.SamToFastqAndDragmapAndMba:19:1]: Status change from - to WaitingForReturnCode
[2026-03-25 22:59:35,50] [info] BackgroundConfigAsyncJobExecutionActor [[38;5;2mcb93e366[0mSplitLargeReadGroup.SamToFastqAndDragmapAndMba:26:1]: Status change from WaitingForReturnCode to Done
[2026-03-25 22:59:36,20] [info] Assigned new job execution tokens to the following groups: 62cff5fe: 1
[2026-03-25 22:59:36,22] [[38;5;220mwarn[0m] BackgroundConfigAsyncJobExecutionActor [[38;5;2mcb93e366[0mSplitLargeReadGroup.SamToFastqAndDragmapAndMba:1:1]: Unrecognized runtime attribute keys: preemptible, disks, cpu, memory
[2026-03-25 22:59:38,37] [info] BackgroundConfigAsyncJobExecutionActor [[38;5;2mcb93e366[0mSplitLargeReadGroup.SamToFastqAndDragmapAndMba:1:1]: [38;5;5mset -euxo pipefail

DRAGMAP_VERSION=$(dragen-os --version)

if [ -z ${DRAGMAP_VERSION} ]; then
    exit 1;
fi

mkdir dragen_reference
mv /cromwell-executions1/WholeGenomeGermlineSingleSample/62cff5fe-42ff-4727-90af-a04169deff2b/call-UnmappedBamToAlignedBam/UnmappedBamToAlignedBam/0551237b-680f-41df-bdcf-a1042ce60cb9/call-SplitRG/shard-0/SplitLargeReadGroup/cb93e366-b42f-4ae8-80a0-d934da4596df/call-SamToFastqAndDragmapAndMba/shard-1/inputs/-1290198700/reference.bin /cromwell-executions1/WholeGenomeGermlineSingleSample/62cff5fe-42ff-4727-90af-a04169deff2b/call-UnmappedBamToAlignedBam/UnmappedBamToAlignedBam/0551237b-680f-41df-bdcf-a1042ce60cb9/call-SplitRG/shard-0/SplitLargeReadGroup/cb93e366-b42f-4ae8-80a0-d934da4596df/call-SamToFastqAndDragmapAndMba/shard-1/inputs/-1290198700/hash_table.cfg.bin /cromwell-executions1/WholeGenomeGermlineSingleSample/62cff5fe-42ff-4727-90af-a04169deff2b/call-UnmappedBamToAlignedBam/UnmappedBamToAlignedBam/0551237b-680f-41df-bdcf-a1042ce60cb9/call-SplitRG/shard-0/SplitLargeReadGroup/cb93e366-b42f-4ae8-80a0-d934da4596df/call-SamToFastqAndDragmapAndMba/shard-1/inputs/-1290198700/hash_table.cmp dragen_reference

dragen-os -b /cromwell-executions1/WholeGenomeGermlineSingleSample/62cff5fe-42ff-4727-90af-a04169deff2b/call-UnmappedBamToAlignedBam/UnmappedBamToAlignedBam/0551237b-680f-41df-bdcf-a1042ce60cb9/call-SplitRG/shard-0/SplitLargeReadGroup/cb93e366-b42f-4ae8-80a0-d934da4596df/call-SamToFastqAndDragmapAndMba/shard-1/inputs/-365940741/shard_0002.bam -r dragen_reference --interleaved=1 --preserve-map-align-order true 2> >(tee shard_0002.dragmap.stderr.log >&2) | samtools view -h -O BAM - > aligned.bam
java -Dsamjdk.compression_level=2 -Xms1000m -Xmx1000m -jar /picard/picard.jar \
  MergeBamAlignment \
  VALIDATION_STRINGENCY=SILENT \
  EXPECTED_ORIENTATIONS=FR \
  ATTRIBUTES_TO_RETAIN=X0 \
  ATTRIBUTES_TO_REMOVE=RG \
  ATTRIBUTES_TO_REMOVE=NM \
  ATTRIBUTES_TO_REMOVE=MD \
  ALIGNED_BAM=aligned.bam \
  UNMAPPED_BAM=/cromwell-executions1/WholeGenomeGermlineSingleSample/62cff5fe-42ff-4727-90af-a04169deff2b/call-UnmappedBamToAlignedBam/UnmappedBamToAlignedBam/0551237b-680f-41df-bdcf-a1042ce60cb9/call-SplitRG/shard-0/SplitLargeReadGroup/cb93e366-b42f-4ae8-80a0-d934da4596df/call-SamToFastqAndDragmapAndMba/shard-1/inputs/-365940741/shard_0002.bam \
  OUTPUT=shard_0002.bam \
  REFERENCE_SEQUENCE=/cromwell-executions1/WholeGenomeGermlineSingleSample/62cff5fe-42ff-4727-90af-a04169deff2b/call-UnmappedBamToAlignedBam/UnmappedBamToAlignedBam/0551237b-680f-41df-bdcf-a1042ce60cb9/call-SplitRG/shard-0/SplitLargeReadGroup/cb93e366-b42f-4ae8-80a0-d934da4596df/call-SamToFastqAndDragmapAndMba/shard-1/inputs/-1569105944/Homo_sapiens_assembly38_masked.fasta \
  PAIRED_RUN=true \
  SORT_ORDER="unsorted" \
  IS_BISULFITE_SEQUENCE=false \
  ALIGNED_READS_ONLY=false \
  CLIP_ADAPTERS=false \
   \
   \
  MAX_RECORDS_IN_RAM=2000000 \
  ADD_MATE_CIGAR=true \
  MAX_INSERTIONS_OR_DELETIONS=-1 \
  PRIMARY_ALIGNMENT_STRATEGY=MostDistant \
  PROGRAM_RECORD_ID="dragen-os" \
  PROGRAM_GROUP_VERSION="${DRAGMAP_VERSION}" \
  PROGRAM_GROUP_COMMAND_LINE="dragen-os -b /cromwell-executions1/WholeGenomeGermlineSingleSample/62cff5fe-42ff-4727-90af-a04169deff2b/call-UnmappedBamToAlignedBam/UnmappedBamToAlignedBam/0551237b-680f-41df-bdcf-a1042ce60cb9/call-SplitRG/shard-0/SplitLargeReadGroup/cb93e366-b42f-4ae8-80a0-d934da4596df/call-SamToFastqAndDragmapAndMba/shard-1/inputs/-365940741/shard_0002.bam -r dragen_reference --interleaved=1" \
  PROGRAM_GROUP_NAME="dragen-os" \
  UNMAPPED_READ_STRATEGY=COPY_TO_TAG \
  ALIGNER_PROPER_PAIR_FLAGS=true \
  UNMAP_CONTAMINANT_READS=true \
  ADD_PG_TAG_TO_READS=false[0m
[2026-03-25 22:59:38,38] [info] BackgroundConfigAsyncJobExecutionActor [[38;5;2mcb93e366[0mSplitLargeReadGroup.SamToFastqAndDragmapAndMba:1:1]: executing: # make sure there is no preexisting Docker CID file
rm -f /home/darja/workflow/cromwell-executions1/WholeGenomeGermlineSingleSample/62cff5fe-42ff-4727-90af-a04169deff2b/call-UnmappedBamToAlignedBam/UnmappedBamToAlignedBam/0551237b-680f-41df-bdcf-a1042ce60cb9/call-SplitRG/shard-0/SplitLargeReadGroup/cb93e366-b42f-4ae8-80a0-d934da4596df/call-SamToFastqAndDragmapAndMba/shard-1/execution/docker_cid
# run as in the original configuration without --rm flag (will remove later)
docker run \
  --cidfile /home/darja/workflow/cromwell-executions1/WholeGenomeGermlineSingleSample/62cff5fe-42ff-4727-90af-a04169deff2b/call-UnmappedBamToAlignedBam/UnmappedBamToAlignedBam/0551237b-680f-41df-bdcf-a1042ce60cb9/call-SplitRG/shard-0/SplitLargeReadGroup/cb93e366-b42f-4ae8-80a0-d934da4596df/call-SamToFastqAndDragmapAndMba/shard-1/execution/docker_cid \
  -i \
  --user 1027:1028 \
  --cpus="32" \
  --memory="184320M" \
  --entrypoint /bin/bash \
  -v /home/darja/workflow/cromwell-executions1/WholeGenomeGermlineSingleSample/62cff5fe-42ff-4727-90af-a04169deff2b/call-UnmappedBamToAlignedBam/UnmappedBamToAlignedBam/0551237b-680f-41df-bdcf-a1042ce60cb9/call-SplitRG/shard-0/SplitLargeReadGroup/cb93e366-b42f-4ae8-80a0-d934da4596df/call-SamToFastqAndDragmapAndMba/shard-1:/cromwell-executions1/WholeGenomeGermlineSingleSample/62cff5fe-42ff-4727-90af-a04169deff2b/call-UnmappedBamToAlignedBam/UnmappedBamToAlignedBam/0551237b-680f-41df-bdcf-a1042ce60cb9/call-SplitRG/shard-0/SplitLargeReadGroup/cb93e366-b42f-4ae8-80a0-d934da4596df/call-SamToFastqAndDragmapAndMba/shard-1 \
  -v /mnt/nas1/projects/lasr/blendseq:/mnt/nas1/projects/lasr/blendseq \
  us.gcr.io/broad-gotc-prod/dragmap@sha256:5964afca3e4173c33b11100f68c1a44642e0ff2ee4de5a49d8cd446fef308b23 /cromwell-executions1/WholeGenomeGermlineSingleSample/62cff5fe-42ff-4727-90af-a04169deff2b/call-UnmappedBamToAlignedBam/UnmappedBamToAlignedBam/0551237b-680f-41df-bdcf-a1042ce60cb9/call-SplitRG/shard-0/SplitLargeReadGroup/cb93e366-b42f-4ae8-80a0-d934da4596df/call-SamToFastqAndDragmapAndMba/shard-1/execution/script

# get the return code (working even if the container was detached)
rc=$(docker wait [38;5;5mcat /home/darja/workflow/cromwell-executions1/WholeGenomeGermlineSingleSample/62cff5fe-42ff-4727-90af-a04169deff2b/call-UnmappedBamToAlignedBam/UnmappedBamToAlignedBam/0551237b-680f-41df-bdcf-a1042ce60cb9/call-SplitRG/shard-0/SplitLargeReadGroup/cb93e366-b42f-4ae8-80a0-d934da4596df/call-SamToFastqAndDragmapAndMba/shard-1/execution/docker_cid[0m)

# remove the container after waiting
docker rm [38;5;5mcat /home/darja/workflow/cromwell-executions1/WholeGenomeGermlineSingleSample/62cff5fe-42ff-4727-90af-a04169deff2b/call-UnmappedBamToAlignedBam/UnmappedBamToAlignedBam/0551237b-680f-41df-bdcf-a1042ce60cb9/call-SplitRG/shard-0/SplitLargeReadGroup/cb93e366-b42f-4ae8-80a0-d934da4596df/call-SamToFastqAndDragmapAndMba/shard-1/execution/docker_cid[0m

# return exit code
exit $rc
[2026-03-25 22:59:41,04] [info] BackgroundConfigAsyncJobExecutionActor [[38;5;2mcb93e366[0mSplitLargeReadGroup.SamToFastqAndDragmapAndMba:1:1]: job id: 460120
[2026-03-25 22:59:41,04] [info] BackgroundConfigAsyncJobExecutionActor [[38;5;2mcb93e366[0mSplitLargeReadGroup.SamToFastqAndDragmapAndMba:1:1]: Status change from - to WaitingForReturnCode
[2026-03-25 23:03:14,89] [info] BackgroundConfigAsyncJobExecutionActor [[38;5;2mcb93e366[0mSplitLargeReadGroup.SamToFastqAndDragmapAndMba:19:1]: Status change from WaitingForReturnCode to Done
[2026-03-25 23:03:16,20] [info] Assigned new job execution tokens to the following groups: 62cff5fe: 1
[2026-03-25 23:03:16,23] [[38;5;220mwarn[0m] BackgroundConfigAsyncJobExecutionActor [[38;5;2mcb93e366[0mSplitLargeReadGroup.SamToFastqAndDragmapAndMba:15:1]: Unrecognized runtime attribute keys: preemptible, disks, cpu, memory
[2026-03-25 23:03:19,25] [info] BackgroundConfigAsyncJobExecutionActor [[38;5;2mcb93e366[0mSplitLargeReadGroup.SamToFastqAndDragmapAndMba:15:1]: [38;5;5mset -euxo pipefail

DRAGMAP_VERSION=$(dragen-os --version)

if [ -z ${DRAGMAP_VERSION} ]; then
    exit 1;
fi

mkdir dragen_reference
mv /cromwell-executions1/WholeGenomeGermlineSingleSample/62cff5fe-42ff-4727-90af-a04169deff2b/call-UnmappedBamToAlignedBam/UnmappedBamToAlignedBam/0551237b-680f-41df-bdcf-a1042ce60cb9/call-SplitRG/shard-0/SplitLargeReadGroup/cb93e366-b42f-4ae8-80a0-d934da4596df/call-SamToFastqAndDragmapAndMba/shard-15/inputs/-1290198700/reference.bin /cromwell-executions1/WholeGenomeGermlineSingleSample/62cff5fe-42ff-4727-90af-a04169deff2b/call-UnmappedBamToAlignedBam/UnmappedBamToAlignedBam/0551237b-680f-41df-bdcf-a1042ce60cb9/call-SplitRG/shard-0/SplitLargeReadGroup/cb93e366-b42f-4ae8-80a0-d934da4596df/call-SamToFastqAndDragmapAndMba/shard-15/inputs/-1290198700/hash_table.cfg.bin /cromwell-executions1/WholeGenomeGermlineSingleSample/62cff5fe-42ff-4727-90af-a04169deff2b/call-UnmappedBamToAlignedBam/UnmappedBamToAlignedBam/0551237b-680f-41df-bdcf-a1042ce60cb9/call-SplitRG/shard-0/SplitLargeReadGroup/cb93e366-b42f-4ae8-80a0-d934da4596df/call-SamToFastqAndDragmapAndMba/shard-15/inputs/-1290198700/hash_table.cmp dragen_reference

dragen-os -b /cromwell-executions1/WholeGenomeGermlineSingleSample/62cff5fe-42ff-4727-90af-a04169deff2b/call-UnmappedBamToAlignedBam/UnmappedBamToAlignedBam/0551237b-680f-41df-bdcf-a1042ce60cb9/call-SplitRG/shard-0/SplitLargeReadGroup/cb93e366-b42f-4ae8-80a0-d934da4596df/call-SamToFastqAndDragmapAndMba/shard-15/inputs/-365940741/shard_0016.bam -r dragen_reference --interleaved=1 --preserve-map-align-order true 2> >(tee shard_0016.dragmap.stderr.log >&2) | samtools view -h -O BAM - > aligned.bam
java -Dsamjdk.compression_level=2 -Xms1000m -Xmx1000m -jar /picard/picard.jar \
  MergeBamAlignment \
  VALIDATION_STRINGENCY=SILENT \
  EXPECTED_ORIENTATIONS=FR \
  ATTRIBUTES_TO_RETAIN=X0 \
  ATTRIBUTES_TO_REMOVE=RG \
  ATTRIBUTES_TO_REMOVE=NM \
  ATTRIBUTES_TO_REMOVE=MD \
  ALIGNED_BAM=aligned.bam \
  UNMAPPED_BAM=/cromwell-executions1/WholeGenomeGermlineSingleSample/62cff5fe-42ff-4727-90af-a04169deff2b/call-UnmappedBamToAlignedBam/UnmappedBamToAlignedBam/0551237b-680f-41df-bdcf-a1042ce60cb9/call-SplitRG/shard-0/SplitLargeReadGroup/cb93e366-b42f-4ae8-80a0-d934da4596df/call-SamToFastqAndDragmapAndMba/shard-15/inputs/-365940741/shard_0016.bam \
  OUTPUT=shard_0016.bam \
  REFERENCE_SEQUENCE=/cromwell-executions1/WholeGenomeGermlineSingleSample/62cff5fe-42ff-4727-90af-a04169deff2b/call-UnmappedBamToAlignedBam/UnmappedBamToAlignedBam/0551237b-680f-41df-bdcf-a1042ce60cb9/call-SplitRG/shard-0/SplitLargeReadGroup/cb93e366-b42f-4ae8-80a0-d934da4596df/call-SamToFastqAndDragmapAndMba/shard-15/inputs/-1569105944/Homo_sapiens_assembly38_masked.fasta \
  PAIRED_RUN=true \
  SORT_ORDER="unsorted" \
  IS_BISULFITE_SEQUENCE=false \
  ALIGNED_READS_ONLY=false \
  CLIP_ADAPTERS=false \
   \
   \
  MAX_RECORDS_IN_RAM=2000000 \
  ADD_MATE_CIGAR=true \
  MAX_INSERTIONS_OR_DELETIONS=-1 \
  PRIMARY_ALIGNMENT_STRATEGY=MostDistant \
  PROGRAM_RECORD_ID="dragen-os" \
  PROGRAM_GROUP_VERSION="${DRAGMAP_VERSION}" \
  PROGRAM_GROUP_COMMAND_LINE="dragen-os -b /cromwell-executions1/WholeGenomeGermlineSingleSample/62cff5fe-42ff-4727-90af-a04169deff2b/call-UnmappedBamToAlignedBam/UnmappedBamToAlignedBam/0551237b-680f-41df-bdcf-a1042ce60cb9/call-SplitRG/shard-0/SplitLargeReadGroup/cb93e366-b42f-4ae8-80a0-d934da4596df/call-SamToFastqAndDragmapAndMba/shard-15/inputs/-365940741/shard_0016.bam -r dragen_reference --interleaved=1" \
  PROGRAM_GROUP_NAME="dragen-os" \
  UNMAPPED_READ_STRATEGY=COPY_TO_TAG \
  ALIGNER_PROPER_PAIR_FLAGS=true \
  UNMAP_CONTAMINANT_READS=true \
  ADD_PG_TAG_TO_READS=false[0m
[2026-03-25 23:03:19,25] [info] BackgroundConfigAsyncJobExecutionActor [[38;5;2mcb93e366[0mSplitLargeReadGroup.SamToFastqAndDragmapAndMba:15:1]: executing: # make sure there is no preexisting Docker CID file
rm -f /home/darja/workflow/cromwell-executions1/WholeGenomeGermlineSingleSample/62cff5fe-42ff-4727-90af-a04169deff2b/call-UnmappedBamToAlignedBam/UnmappedBamToAlignedBam/0551237b-680f-41df-bdcf-a1042ce60cb9/call-SplitRG/shard-0/SplitLargeReadGroup/cb93e366-b42f-4ae8-80a0-d934da4596df/call-SamToFastqAndDragmapAndMba/shard-15/execution/docker_cid
# run as in the original configuration without --rm flag (will remove later)
docker run \
  --cidfile /home/darja/workflow/cromwell-executions1/WholeGenomeGermlineSingleSample/62cff5fe-42ff-4727-90af-a04169deff2b/call-UnmappedBamToAlignedBam/UnmappedBamToAlignedBam/0551237b-680f-41df-bdcf-a1042ce60cb9/call-SplitRG/shard-0/SplitLargeReadGroup/cb93e366-b42f-4ae8-80a0-d934da4596df/call-SamToFastqAndDragmapAndMba/shard-15/execution/docker_cid \
  -i \
  --user 1027:1028 \
  --cpus="32" \
  --memory="184320M" \
  --entrypoint /bin/bash \
  -v /home/darja/workflow/cromwell-executions1/WholeGenomeGermlineSingleSample/62cff5fe-42ff-4727-90af-a04169deff2b/call-UnmappedBamToAlignedBam/UnmappedBamToAlignedBam/0551237b-680f-41df-bdcf-a1042ce60cb9/call-SplitRG/shard-0/SplitLargeReadGroup/cb93e366-b42f-4ae8-80a0-d934da4596df/call-SamToFastqAndDragmapAndMba/shard-15:/cromwell-executions1/WholeGenomeGermlineSingleSample/62cff5fe-42ff-4727-90af-a04169deff2b/call-UnmappedBamToAlignedBam/UnmappedBamToAlignedBam/0551237b-680f-41df-bdcf-a1042ce60cb9/call-SplitRG/shard-0/SplitLargeReadGroup/cb93e366-b42f-4ae8-80a0-d934da4596df/call-SamToFastqAndDragmapAndMba/shard-15 \
  -v /mnt/nas1/projects/lasr/blendseq:/mnt/nas1/projects/lasr/blendseq \
  us.gcr.io/broad-gotc-prod/dragmap@sha256:5964afca3e4173c33b11100f68c1a44642e0ff2ee4de5a49d8cd446fef308b23 /cromwell-executions1/WholeGenomeGermlineSingleSample/62cff5fe-42ff-4727-90af-a04169deff2b/call-UnmappedBamToAlignedBam/UnmappedBamToAlignedBam/0551237b-680f-41df-bdcf-a1042ce60cb9/call-SplitRG/shard-0/SplitLargeReadGroup/cb93e366-b42f-4ae8-80a0-d934da4596df/call-SamToFastqAndDragmapAndMba/shard-15/execution/script

# get the return code (working even if the container was detached)
rc=$(docker wait [38;5;5mcat /home/darja/workflow/cromwell-executions1/WholeGenomeGermlineSingleSample/62cff5fe-42ff-4727-90af-a04169deff2b/call-UnmappedBamToAlignedBam/UnmappedBamToAlignedBam/0551237b-680f-41df-bdcf-a1042ce60cb9/call-SplitRG/shard-0/SplitLargeReadGroup/cb93e366-b42f-4ae8-80a0-d934da4596df/call-SamToFastqAndDragmapAndMba/shard-15/execution/docker_cid[0m)

# remove the container after waiting
docker rm [38;5;5mcat /home/darja/workflow/cromwell-executions1/WholeGenomeGermlineSingleSample/62cff5fe-42ff-4727-90af-a04169deff2b/call-UnmappedBamToAlignedBam/UnmappedBamToAlignedBam/0551237b-680f-41df-bdcf-a1042ce60cb9/call-SplitRG/shard-0/SplitLargeReadGroup/cb93e366-b42f-4ae8-80a0-d934da4596df/call-SamToFastqAndDragmapAndMba/shard-15/execution/docker_cid[0m

# return exit code
exit $rc
[2026-03-25 23:03:21,03] [info] BackgroundConfigAsyncJobExecutionActor [[38;5;2mcb93e366[0mSplitLargeReadGroup.SamToFastqAndDragmapAndMba:15:1]: job id: 460806
[2026-03-25 23:03:21,03] [info] BackgroundConfigAsyncJobExecutionActor [[38;5;2mcb93e366[0mSplitLargeReadGroup.SamToFastqAndDragmapAndMba:15:1]: Status change from - to WaitingForReturnCode
[2026-03-25 23:38:25,44] [info] BackgroundConfigAsyncJobExecutionActor [[38;5;2mcb93e366[0mSplitLargeReadGroup.SamToFastqAndDragmapAndMba:1:1]: Status change from WaitingForReturnCode to Done
[2026-03-25 23:38:26,20] [info] Assigned new job execution tokens to the following groups: 62cff5fe: 1
[2026-03-25 23:38:26,22] [[38;5;220mwarn[0m] BackgroundConfigAsyncJobExecutionActor [[38;5;2mcb93e366[0mSplitLargeReadGroup.SamToFastqAndDragmapAndMba:24:1]: Unrecognized runtime attribute keys: preemptible, disks, cpu, memory
[2026-03-25 23:38:28,40] [info] BackgroundConfigAsyncJobExecutionActor [[38;5;2mcb93e366[0mSplitLargeReadGroup.SamToFastqAndDragmapAndMba:24:1]: [38;5;5mset -euxo pipefail

DRAGMAP_VERSION=$(dragen-os --version)

if [ -z ${DRAGMAP_VERSION} ]; then
    exit 1;
fi

mkdir dragen_reference
mv /cromwell-executions1/WholeGenomeGermlineSingleSample/62cff5fe-42ff-4727-90af-a04169deff2b/call-UnmappedBamToAlignedBam/UnmappedBamToAlignedBam/0551237b-680f-41df-bdcf-a1042ce60cb9/call-SplitRG/shard-0/SplitLargeReadGroup/cb93e366-b42f-4ae8-80a0-d934da4596df/call-SamToFastqAndDragmapAndMba/shard-24/inputs/-1290198700/reference.bin /cromwell-executions1/WholeGenomeGermlineSingleSample/62cff5fe-42ff-4727-90af-a04169deff2b/call-UnmappedBamToAlignedBam/UnmappedBamToAlignedBam/0551237b-680f-41df-bdcf-a1042ce60cb9/call-SplitRG/shard-0/SplitLargeReadGroup/cb93e366-b42f-4ae8-80a0-d934da4596df/call-SamToFastqAndDragmapAndMba/shard-24/inputs/-1290198700/hash_table.cfg.bin /cromwell-executions1/WholeGenomeGermlineSingleSample/62cff5fe-42ff-4727-90af-a04169deff2b/call-UnmappedBamToAlignedBam/UnmappedBamToAlignedBam/0551237b-680f-41df-bdcf-a1042ce60cb9/call-SplitRG/shard-0/SplitLargeReadGroup/cb93e366-b42f-4ae8-80a0-d934da4596df/call-SamToFastqAndDragmapAndMba/shard-24/inputs/-1290198700/hash_table.cmp dragen_reference

dragen-os -b /cromwell-executions1/WholeGenomeGermlineSingleSample/62cff5fe-42ff-4727-90af-a04169deff2b/call-UnmappedBamToAlignedBam/UnmappedBamToAlignedBam/0551237b-680f-41df-bdcf-a1042ce60cb9/call-SplitRG/shard-0/SplitLargeReadGroup/cb93e366-b42f-4ae8-80a0-d934da4596df/call-SamToFastqAndDragmapAndMba/shard-24/inputs/-365940741/shard_0025.bam -r dragen_reference --interleaved=1 --preserve-map-align-order true 2> >(tee shard_0025.dragmap.stderr.log >&2) | samtools view -h -O BAM - > aligned.bam
java -Dsamjdk.compression_level=2 -Xms1000m -Xmx1000m -jar /picard/picard.jar \
  MergeBamAlignment \
  VALIDATION_STRINGENCY=SILENT \
  EXPECTED_ORIENTATIONS=FR \
  ATTRIBUTES_TO_RETAIN=X0 \
  ATTRIBUTES_TO_REMOVE=RG \
  ATTRIBUTES_TO_REMOVE=NM \
  ATTRIBUTES_TO_REMOVE=MD \
  ALIGNED_BAM=aligned.bam \
  UNMAPPED_BAM=/cromwell-executions1/WholeGenomeGermlineSingleSample/62cff5fe-42ff-4727-90af-a04169deff2b/call-UnmappedBamToAlignedBam/UnmappedBamToAlignedBam/0551237b-680f-41df-bdcf-a1042ce60cb9/call-SplitRG/shard-0/SplitLargeReadGroup/cb93e366-b42f-4ae8-80a0-d934da4596df/call-SamToFastqAndDragmapAndMba/shard-24/inputs/-365940741/shard_0025.bam \
  OUTPUT=shard_0025.bam \
  REFERENCE_SEQUENCE=/cromwell-executions1/WholeGenomeGermlineSingleSample/62cff5fe-42ff-4727-90af-a04169deff2b/call-UnmappedBamToAlignedBam/UnmappedBamToAlignedBam/0551237b-680f-41df-bdcf-a1042ce60cb9/call-SplitRG/shard-0/SplitLargeReadGroup/cb93e366-b42f-4ae8-80a0-d934da4596df/call-SamToFastqAndDragmapAndMba/shard-24/inputs/-1569105944/Homo_sapiens_assembly38_masked.fasta \
  PAIRED_RUN=true \
  SORT_ORDER="unsorted" \
  IS_BISULFITE_SEQUENCE=false \
  ALIGNED_READS_ONLY=false \
  CLIP_ADAPTERS=false \
   \
   \
  MAX_RECORDS_IN_RAM=2000000 \
  ADD_MATE_CIGAR=true \
  MAX_INSERTIONS_OR_DELETIONS=-1 \
  PRIMARY_ALIGNMENT_STRATEGY=MostDistant \
  PROGRAM_RECORD_ID="dragen-os" \
  PROGRAM_GROUP_VERSION="${DRAGMAP_VERSION}" \
  PROGRAM_GROUP_COMMAND_LINE="dragen-os -b /cromwell-executions1/WholeGenomeGermlineSingleSample/62cff5fe-42ff-4727-90af-a04169deff2b/call-UnmappedBamToAlignedBam/UnmappedBamToAlignedBam/0551237b-680f-41df-bdcf-a1042ce60cb9/call-SplitRG/shard-0/SplitLargeReadGroup/cb93e366-b42f-4ae8-80a0-d934da4596df/call-SamToFastqAndDragmapAndMba/shard-24/inputs/-365940741/shard_0025.bam -r dragen_reference --interleaved=1" \
  PROGRAM_GROUP_NAME="dragen-os" \
  UNMAPPED_READ_STRATEGY=COPY_TO_TAG \
  ALIGNER_PROPER_PAIR_FLAGS=true \
  UNMAP_CONTAMINANT_READS=true \
  ADD_PG_TAG_TO_READS=false[0m
[2026-03-25 23:38:28,40] [info] BackgroundConfigAsyncJobExecutionActor [[38;5;2mcb93e366[0mSplitLargeReadGroup.SamToFastqAndDragmapAndMba:24:1]: executing: # make sure there is no preexisting Docker CID file
rm -f /home/darja/workflow/cromwell-executions1/WholeGenomeGermlineSingleSample/62cff5fe-42ff-4727-90af-a04169deff2b/call-UnmappedBamToAlignedBam/UnmappedBamToAlignedBam/0551237b-680f-41df-bdcf-a1042ce60cb9/call-SplitRG/shard-0/SplitLargeReadGroup/cb93e366-b42f-4ae8-80a0-d934da4596df/call-SamToFastqAndDragmapAndMba/shard-24/execution/docker_cid
# run as in the original configuration without --rm flag (will remove later)
docker run \
  --cidfile /home/darja/workflow/cromwell-executions1/WholeGenomeGermlineSingleSample/62cff5fe-42ff-4727-90af-a04169deff2b/call-UnmappedBamToAlignedBam/UnmappedBamToAlignedBam/0551237b-680f-41df-bdcf-a1042ce60cb9/call-SplitRG/shard-0/SplitLargeReadGroup/cb93e366-b42f-4ae8-80a0-d934da4596df/call-SamToFastqAndDragmapAndMba/shard-24/execution/docker_cid \
  -i \
  --user 1027:1028 \
  --cpus="32" \
  --memory="184320M" \
  --entrypoint /bin/bash \
  -v /home/darja/workflow/cromwell-executions1/WholeGenomeGermlineSingleSample/62cff5fe-42ff-4727-90af-a04169deff2b/call-UnmappedBamToAlignedBam/UnmappedBamToAlignedBam/0551237b-680f-41df-bdcf-a1042ce60cb9/call-SplitRG/shard-0/SplitLargeReadGroup/cb93e366-b42f-4ae8-80a0-d934da4596df/call-SamToFastqAndDragmapAndMba/shard-24:/cromwell-executions1/WholeGenomeGermlineSingleSample/62cff5fe-42ff-4727-90af-a04169deff2b/call-UnmappedBamToAlignedBam/UnmappedBamToAlignedBam/0551237b-680f-41df-bdcf-a1042ce60cb9/call-SplitRG/shard-0/SplitLargeReadGroup/cb93e366-b42f-4ae8-80a0-d934da4596df/call-SamToFastqAndDragmapAndMba/shard-24 \
  -v /mnt/nas1/projects/lasr/blendseq:/mnt/nas1/projects/lasr/blendseq \
  us.gcr.io/broad-gotc-prod/dragmap@sha256:5964afca3e4173c33b11100f68c1a44642e0ff2ee4de5a49d8cd446fef308b23 /cromwell-executions1/WholeGenomeGermlineSingleSample/62cff5fe-42ff-4727-90af-a04169deff2b/call-UnmappedBamToAlignedBam/UnmappedBamToAlignedBam/0551237b-680f-41df-bdcf-a1042ce60cb9/call-SplitRG/shard-0/SplitLargeReadGroup/cb93e366-b42f-4ae8-80a0-d934da4596df/call-SamToFastqAndDragmapAndMba/shard-24/execution/script

# get the return code (working even if the container was detached)
rc=$(docker wait [38;5;5mcat /home/darja/workflow/cromwell-executions1/WholeGenomeGermlineSingleSample/62cff5fe-42ff-4727-90af-a04169deff2b/call-UnmappedBamToAlignedBam/UnmappedBamToAlignedBam/0551237b-680f-41df-bdcf-a1042ce60cb9/call-SplitRG/shard-0/SplitLargeReadGroup/cb93e366-b42f-4ae8-80a0-d934da4596df/call-SamToFastqAndDragmapAndMba/shard-24/execution/docker_cid[0m)

# remove the container after waiting
docker rm [38;5;5mcat /home/darja/workflow/cromwell-executions1/WholeGenomeGermlineSingleSample/62cff5fe-42ff-4727-90af-a04169deff2b/call-UnmappedBamToAlignedBam/UnmappedBamToAlignedBam/0551237b-680f-41df-bdcf-a1042ce60cb9/call-SplitRG/shard-0/SplitLargeReadGroup/cb93e366-b42f-4ae8-80a0-d934da4596df/call-SamToFastqAndDragmapAndMba/shard-24/execution/docker_cid[0m

# return exit code
exit $rc
[2026-03-25 23:38:31,04] [info] BackgroundConfigAsyncJobExecutionActor [[38;5;2mcb93e366[0mSplitLargeReadGroup.SamToFastqAndDragmapAndMba:24:1]: job id: 461913
[2026-03-25 23:38:31,04] [info] BackgroundConfigAsyncJobExecutionActor [[38;5;2mcb93e366[0mSplitLargeReadGroup.SamToFastqAndDragmapAndMba:24:1]: Status change from - to WaitingForReturnCode
[2026-03-25 23:44:15,21] [info] BackgroundConfigAsyncJobExecutionActor [[38;5;2mcb93e366[0mSplitLargeReadGroup.SamToFastqAndDragmapAndMba:15:1]: Status change from WaitingForReturnCode to Done
[2026-03-25 23:44:16,20] [info] Assigned new job execution tokens to the following groups: 62cff5fe: 1
[2026-03-25 23:44:16,23] [[38;5;220mwarn[0m] BackgroundConfigAsyncJobExecutionActor [[38;5;2mcb93e366[0mSplitLargeReadGroup.SamToFastqAndDragmapAndMba:23:1]: Unrecognized runtime attribute keys: preemptible, disks, cpu, memory
[2026-03-25 23:44:19,93] [info] BackgroundConfigAsyncJobExecutionActor [[38;5;2mcb93e366[0mSplitLargeReadGroup.SamToFastqAndDragmapAndMba:23:1]: [38;5;5mset -euxo pipefail

DRAGMAP_VERSION=$(dragen-os --version)

if [ -z ${DRAGMAP_VERSION} ]; then
    exit 1;
fi

mkdir dragen_reference
mv /cromwell-executions1/WholeGenomeGermlineSingleSample/62cff5fe-42ff-4727-90af-a04169deff2b/call-UnmappedBamToAlignedBam/UnmappedBamToAlignedBam/0551237b-680f-41df-bdcf-a1042ce60cb9/call-SplitRG/shard-0/SplitLargeReadGroup/cb93e366-b42f-4ae8-80a0-d934da4596df/call-SamToFastqAndDragmapAndMba/shard-23/inputs/-1290198700/reference.bin /cromwell-executions1/WholeGenomeGermlineSingleSample/62cff5fe-42ff-4727-90af-a04169deff2b/call-UnmappedBamToAlignedBam/UnmappedBamToAlignedBam/0551237b-680f-41df-bdcf-a1042ce60cb9/call-SplitRG/shard-0/SplitLargeReadGroup/cb93e366-b42f-4ae8-80a0-d934da4596df/call-SamToFastqAndDragmapAndMba/shard-23/inputs/-1290198700/hash_table.cfg.bin /cromwell-executions1/WholeGenomeGermlineSingleSample/62cff5fe-42ff-4727-90af-a04169deff2b/call-UnmappedBamToAlignedBam/UnmappedBamToAlignedBam/0551237b-680f-41df-bdcf-a1042ce60cb9/call-SplitRG/shard-0/SplitLargeReadGroup/cb93e366-b42f-4ae8-80a0-d934da4596df/call-SamToFastqAndDragmapAndMba/shard-23/inputs/-1290198700/hash_table.cmp dragen_reference

dragen-os -b /cromwell-executions1/WholeGenomeGermlineSingleSample/62cff5fe-42ff-4727-90af-a04169deff2b/call-UnmappedBamToAlignedBam/UnmappedBamToAlignedBam/0551237b-680f-41df-bdcf-a1042ce60cb9/call-SplitRG/shard-0/SplitLargeReadGroup/cb93e366-b42f-4ae8-80a0-d934da4596df/call-SamToFastqAndDragmapAndMba/shard-23/inputs/-365940741/shard_0024.bam -r dragen_reference --interleaved=1 --preserve-map-align-order true 2> >(tee shard_0024.dragmap.stderr.log >&2) | samtools view -h -O BAM - > aligned.bam
java -Dsamjdk.compression_level=2 -Xms1000m -Xmx1000m -jar /picard/picard.jar \
  MergeBamAlignment \
  VALIDATION_STRINGENCY=SILENT \
  EXPECTED_ORIENTATIONS=FR \
  ATTRIBUTES_TO_RETAIN=X0 \
  ATTRIBUTES_TO_REMOVE=RG \
  ATTRIBUTES_TO_REMOVE=NM \
  ATTRIBUTES_TO_REMOVE=MD \
  ALIGNED_BAM=aligned.bam \
  UNMAPPED_BAM=/cromwell-executions1/WholeGenomeGermlineSingleSample/62cff5fe-42ff-4727-90af-a04169deff2b/call-UnmappedBamToAlignedBam/UnmappedBamToAlignedBam/0551237b-680f-41df-bdcf-a1042ce60cb9/call-SplitRG/shard-0/SplitLargeReadGroup/cb93e366-b42f-4ae8-80a0-d934da4596df/call-SamToFastqAndDragmapAndMba/shard-23/inputs/-365940741/shard_0024.bam \
  OUTPUT=shard_0024.bam \
  REFERENCE_SEQUENCE=/cromwell-executions1/WholeGenomeGermlineSingleSample/62cff5fe-42ff-4727-90af-a04169deff2b/call-UnmappedBamToAlignedBam/UnmappedBamToAlignedBam/0551237b-680f-41df-bdcf-a1042ce60cb9/call-SplitRG/shard-0/SplitLargeReadGroup/cb93e366-b42f-4ae8-80a0-d934da4596df/call-SamToFastqAndDragmapAndMba/shard-23/inputs/-1569105944/Homo_sapiens_assembly38_masked.fasta \
  PAIRED_RUN=true \
  SORT_ORDER="unsorted" \
  IS_BISULFITE_SEQUENCE=false \
  ALIGNED_READS_ONLY=false \
  CLIP_ADAPTERS=false \
   \
   \
  MAX_RECORDS_IN_RAM=2000000 \
  ADD_MATE_CIGAR=true \
  MAX_INSERTIONS_OR_DELETIONS=-1 \
  PRIMARY_ALIGNMENT_STRATEGY=MostDistant \
  PROGRAM_RECORD_ID="dragen-os" \
  PROGRAM_GROUP_VERSION="${DRAGMAP_VERSION}" \
  PROGRAM_GROUP_COMMAND_LINE="dragen-os -b /cromwell-executions1/WholeGenomeGermlineSingleSample/62cff5fe-42ff-4727-90af-a04169deff2b/call-UnmappedBamToAlignedBam/UnmappedBamToAlignedBam/0551237b-680f-41df-bdcf-a1042ce60cb9/call-SplitRG/shard-0/SplitLargeReadGroup/cb93e366-b42f-4ae8-80a0-d934da4596df/call-SamToFastqAndDragmapAndMba/shard-23/inputs/-365940741/shard_0024.bam -r dragen_reference --interleaved=1" \
  PROGRAM_GROUP_NAME="dragen-os" \
  UNMAPPED_READ_STRATEGY=COPY_TO_TAG \
  ALIGNER_PROPER_PAIR_FLAGS=true \
  UNMAP_CONTAMINANT_READS=true \
  ADD_PG_TAG_TO_READS=false[0m
[2026-03-25 23:44:19,93] [info] BackgroundConfigAsyncJobExecutionActor [[38;5;2mcb93e366[0mSplitLargeReadGroup.SamToFastqAndDragmapAndMba:23:1]: executing: # make sure there is no preexisting Docker CID file
rm -f /home/darja/workflow/cromwell-executions1/WholeGenomeGermlineSingleSample/62cff5fe-42ff-4727-90af-a04169deff2b/call-UnmappedBamToAlignedBam/UnmappedBamToAlignedBam/0551237b-680f-41df-bdcf-a1042ce60cb9/call-SplitRG/shard-0/SplitLargeReadGroup/cb93e366-b42f-4ae8-80a0-d934da4596df/call-SamToFastqAndDragmapAndMba/shard-23/execution/docker_cid
# run as in the original configuration without --rm flag (will remove later)
docker run \
  --cidfile /home/darja/workflow/cromwell-executions1/WholeGenomeGermlineSingleSample/62cff5fe-42ff-4727-90af-a04169deff2b/call-UnmappedBamToAlignedBam/UnmappedBamToAlignedBam/0551237b-680f-41df-bdcf-a1042ce60cb9/call-SplitRG/shard-0/SplitLargeReadGroup/cb93e366-b42f-4ae8-80a0-d934da4596df/call-SamToFastqAndDragmapAndMba/shard-23/execution/docker_cid \
  -i \
  --user 1027:1028 \
  --cpus="32" \
  --memory="184320M" \
  --entrypoint /bin/bash \
  -v /home/darja/workflow/cromwell-executions1/WholeGenomeGermlineSingleSample/62cff5fe-42ff-4727-90af-a04169deff2b/call-UnmappedBamToAlignedBam/UnmappedBamToAlignedBam/0551237b-680f-41df-bdcf-a1042ce60cb9/call-SplitRG/shard-0/SplitLargeReadGroup/cb93e366-b42f-4ae8-80a0-d934da4596df/call-SamToFastqAndDragmapAndMba/shard-23:/cromwell-executions1/WholeGenomeGermlineSingleSample/62cff5fe-42ff-4727-90af-a04169deff2b/call-UnmappedBamToAlignedBam/UnmappedBamToAlignedBam/0551237b-680f-41df-bdcf-a1042ce60cb9/call-SplitRG/shard-0/SplitLargeReadGroup/cb93e366-b42f-4ae8-80a0-d934da4596df/call-SamToFastqAndDragmapAndMba/shard-23 \
  -v /mnt/nas1/projects/lasr/blendseq:/mnt/nas1/projects/lasr/blendseq \
  us.gcr.io/broad-gotc-prod/dragmap@sha256:5964afca3e4173c33b11100f68c1a44642e0ff2ee4de5a49d8cd446fef308b23 /cromwell-executions1/WholeGenomeGermlineSingleSample/62cff5fe-42ff-4727-90af-a04169deff2b/call-UnmappedBamToAlignedBam/UnmappedBamToAlignedBam/0551237b-680f-41df-bdcf-a1042ce60cb9/call-SplitRG/shard-0/SplitLargeReadGroup/cb93e366-b42f-4ae8-80a0-d934da4596df/call-SamToFastqAndDragmapAndMba/shard-23/execution/script

# get the return code (working even if the container was detached)
rc=$(docker wait [38;5;5mcat /home/darja/workflow/cromwell-executions1/WholeGenomeGermlineSingleSample/62cff5fe-42ff-4727-90af-a04169deff2b/call-UnmappedBamToAlignedBam/UnmappedBamToAlignedBam/0551237b-680f-41df-bdcf-a1042ce60cb9/call-SplitRG/shard-0/SplitLargeReadGroup/cb93e366-b42f-4ae8-80a0-d934da4596df/call-SamToFastqAndDragmapAndMba/shard-23/execution/docker_cid[0m)

# remove the container after waiting
docker rm [38;5;5mcat /home/darja/workflow/cromwell-executions1/WholeGenomeGermlineSingleSample/62cff5fe-42ff-4727-90af-a04169deff2b/call-UnmappedBamToAlignedBam/UnmappedBamToAlignedBam/0551237b-680f-41df-bdcf-a1042ce60cb9/call-SplitRG/shard-0/SplitLargeReadGroup/cb93e366-b42f-4ae8-80a0-d934da4596df/call-SamToFastqAndDragmapAndMba/shard-23/execution/docker_cid[0m

# return exit code
exit $rc
[2026-03-25 23:44:21,05] [info] BackgroundConfigAsyncJobExecutionActor [[38;5;2mcb93e366[0mSplitLargeReadGroup.SamToFastqAndDragmapAndMba:23:1]: job id: 462581
[2026-03-25 23:44:21,05] [info] BackgroundConfigAsyncJobExecutionActor [[38;5;2mcb93e366[0mSplitLargeReadGroup.SamToFastqAndDragmapAndMba:23:1]: Status change from - to WaitingForReturnCode
[2026-03-26 00:14:44,26] [info] BackgroundConfigAsyncJobExecutionActor [[38;5;2mcb93e366[0mSplitLargeReadGroup.SamToFastqAndDragmapAndMba:24:1]: Status change from WaitingForReturnCode to Done
[2026-03-26 00:14:46,20] [info] Assigned new job execution tokens to the following groups: 62cff5fe: 1
[2026-03-26 00:14:46,22] [[38;5;220mwarn[0m] BackgroundConfigAsyncJobExecutionActor [[38;5;2mcb93e366[0mSplitLargeReadGroup.SamToFastqAndDragmapAndMba:28:1]: Unrecognized runtime attribute keys: preemptible, disks, cpu, memory
[2026-03-26 00:14:48,35] [info] BackgroundConfigAsyncJobExecutionActor [[38;5;2mcb93e366[0mSplitLargeReadGroup.SamToFastqAndDragmapAndMba:28:1]: [38;5;5mset -euxo pipefail

DRAGMAP_VERSION=$(dragen-os --version)

if [ -z ${DRAGMAP_VERSION} ]; then
    exit 1;
fi

mkdir dragen_reference
mv /cromwell-executions1/WholeGenomeGermlineSingleSample/62cff5fe-42ff-4727-90af-a04169deff2b/call-UnmappedBamToAlignedBam/UnmappedBamToAlignedBam/0551237b-680f-41df-bdcf-a1042ce60cb9/call-SplitRG/shard-0/SplitLargeReadGroup/cb93e366-b42f-4ae8-80a0-d934da4596df/call-SamToFastqAndDragmapAndMba/shard-28/inputs/-1290198700/reference.bin /cromwell-executions1/WholeGenomeGermlineSingleSample/62cff5fe-42ff-4727-90af-a04169deff2b/call-UnmappedBamToAlignedBam/UnmappedBamToAlignedBam/0551237b-680f-41df-bdcf-a1042ce60cb9/call-SplitRG/shard-0/SplitLargeReadGroup/cb93e366-b42f-4ae8-80a0-d934da4596df/call-SamToFastqAndDragmapAndMba/shard-28/inputs/-1290198700/hash_table.cfg.bin /cromwell-executions1/WholeGenomeGermlineSingleSample/62cff5fe-42ff-4727-90af-a04169deff2b/call-UnmappedBamToAlignedBam/UnmappedBamToAlignedBam/0551237b-680f-41df-bdcf-a1042ce60cb9/call-SplitRG/shard-0/SplitLargeReadGroup/cb93e366-b42f-4ae8-80a0-d934da4596df/call-SamToFastqAndDragmapAndMba/shard-28/inputs/-1290198700/hash_table.cmp dragen_reference

dragen-os -b /cromwell-executions1/WholeGenomeGermlineSingleSample/62cff5fe-42ff-4727-90af-a04169deff2b/call-UnmappedBamToAlignedBam/UnmappedBamToAlignedBam/0551237b-680f-41df-bdcf-a1042ce60cb9/call-SplitRG/shard-0/SplitLargeReadGroup/cb93e366-b42f-4ae8-80a0-d934da4596df/call-SamToFastqAndDragmapAndMba/shard-28/inputs/-365940741/shard_0029.bam -r dragen_reference --interleaved=1 --preserve-map-align-order true 2> >(tee shard_0029.dragmap.stderr.log >&2) | samtools view -h -O BAM - > aligned.bam
java -Dsamjdk.compression_level=2 -Xms1000m -Xmx1000m -jar /picard/picard.jar \
  MergeBamAlignment \
  VALIDATION_STRINGENCY=SILENT \
  EXPECTED_ORIENTATIONS=FR \
  ATTRIBUTES_TO_RETAIN=X0 \
  ATTRIBUTES_TO_REMOVE=RG \
  ATTRIBUTES_TO_REMOVE=NM \
  ATTRIBUTES_TO_REMOVE=MD \
  ALIGNED_BAM=aligned.bam \
  UNMAPPED_BAM=/cromwell-executions1/WholeGenomeGermlineSingleSample/62cff5fe-42ff-4727-90af-a04169deff2b/call-UnmappedBamToAlignedBam/UnmappedBamToAlignedBam/0551237b-680f-41df-bdcf-a1042ce60cb9/call-SplitRG/shard-0/SplitLargeReadGroup/cb93e366-b42f-4ae8-80a0-d934da4596df/call-SamToFastqAndDragmapAndMba/shard-28/inputs/-365940741/shard_0029.bam \
  OUTPUT=shard_0029.bam \
  REFERENCE_SEQUENCE=/cromwell-executions1/WholeGenomeGermlineSingleSample/62cff5fe-42ff-4727-90af-a04169deff2b/call-UnmappedBamToAlignedBam/UnmappedBamToAlignedBam/0551237b-680f-41df-bdcf-a1042ce60cb9/call-SplitRG/shard-0/SplitLargeReadGroup/cb93e366-b42f-4ae8-80a0-d934da4596df/call-SamToFastqAndDragmapAndMba/shard-28/inputs/-1569105944/Homo_sapiens_assembly38_masked.fasta \
  PAIRED_RUN=true \
  SORT_ORDER="unsorted" \
  IS_BISULFITE_SEQUENCE=false \
  ALIGNED_READS_ONLY=false \
  CLIP_ADAPTERS=false \
   \
   \
  MAX_RECORDS_IN_RAM=2000000 \
  ADD_MATE_CIGAR=true \
  MAX_INSERTIONS_OR_DELETIONS=-1 \
  PRIMARY_ALIGNMENT_STRATEGY=MostDistant \
  PROGRAM_RECORD_ID="dragen-os" \
  PROGRAM_GROUP_VERSION="${DRAGMAP_VERSION}" \
  PROGRAM_GROUP_COMMAND_LINE="dragen-os -b /cromwell-executions1/WholeGenomeGermlineSingleSample/62cff5fe-42ff-4727-90af-a04169deff2b/call-UnmappedBamToAlignedBam/UnmappedBamToAlignedBam/0551237b-680f-41df-bdcf-a1042ce60cb9/call-SplitRG/shard-0/SplitLargeReadGroup/cb93e366-b42f-4ae8-80a0-d934da4596df/call-SamToFastqAndDragmapAndMba/shard-28/inputs/-365940741/shard_0029.bam -r dragen_reference --interleaved=1" \
  PROGRAM_GROUP_NAME="dragen-os" \
  UNMAPPED_READ_STRATEGY=COPY_TO_TAG \
  ALIGNER_PROPER_PAIR_FLAGS=true \
  UNMAP_CONTAMINANT_READS=true \
  ADD_PG_TAG_TO_READS=false[0m
[2026-03-26 00:14:48,35] [info] BackgroundConfigAsyncJobExecutionActor [[38;5;2mcb93e366[0mSplitLargeReadGroup.SamToFastqAndDragmapAndMba:28:1]: executing: # make sure there is no preexisting Docker CID file
rm -f /home/darja/workflow/cromwell-executions1/WholeGenomeGermlineSingleSample/62cff5fe-42ff-4727-90af-a04169deff2b/call-UnmappedBamToAlignedBam/UnmappedBamToAlignedBam/0551237b-680f-41df-bdcf-a1042ce60cb9/call-SplitRG/shard-0/SplitLargeReadGroup/cb93e366-b42f-4ae8-80a0-d934da4596df/call-SamToFastqAndDragmapAndMba/shard-28/execution/docker_cid
# run as in the original configuration without --rm flag (will remove later)
docker run \
  --cidfile /home/darja/workflow/cromwell-executions1/WholeGenomeGermlineSingleSample/62cff5fe-42ff-4727-90af-a04169deff2b/call-UnmappedBamToAlignedBam/UnmappedBamToAlignedBam/0551237b-680f-41df-bdcf-a1042ce60cb9/call-SplitRG/shard-0/SplitLargeReadGroup/cb93e366-b42f-4ae8-80a0-d934da4596df/call-SamToFastqAndDragmapAndMba/shard-28/execution/docker_cid \
  -i \
  --user 1027:1028 \
  --cpus="32" \
  --memory="184320M" \
  --entrypoint /bin/bash \
  -v /home/darja/workflow/cromwell-executions1/WholeGenomeGermlineSingleSample/62cff5fe-42ff-4727-90af-a04169deff2b/call-UnmappedBamToAlignedBam/UnmappedBamToAlignedBam/0551237b-680f-41df-bdcf-a1042ce60cb9/call-SplitRG/shard-0/SplitLargeReadGroup/cb93e366-b42f-4ae8-80a0-d934da4596df/call-SamToFastqAndDragmapAndMba/shard-28:/cromwell-executions1/WholeGenomeGermlineSingleSample/62cff5fe-42ff-4727-90af-a04169deff2b/call-UnmappedBamToAlignedBam/UnmappedBamToAlignedBam/0551237b-680f-41df-bdcf-a1042ce60cb9/call-SplitRG/shard-0/SplitLargeReadGroup/cb93e366-b42f-4ae8-80a0-d934da4596df/call-SamToFastqAndDragmapAndMba/shard-28 \
  -v /mnt/nas1/projects/lasr/blendseq:/mnt/nas1/projects/lasr/blendseq \
  us.gcr.io/broad-gotc-prod/dragmap@sha256:5964afca3e4173c33b11100f68c1a44642e0ff2ee4de5a49d8cd446fef308b23 /cromwell-executions1/WholeGenomeGermlineSingleSample/62cff5fe-42ff-4727-90af-a04169deff2b/call-UnmappedBamToAlignedBam/UnmappedBamToAlignedBam/0551237b-680f-41df-bdcf-a1042ce60cb9/call-SplitRG/shard-0/SplitLargeReadGroup/cb93e366-b42f-4ae8-80a0-d934da4596df/call-SamToFastqAndDragmapAndMba/shard-28/execution/script

# get the return code (working even if the container was detached)
rc=$(docker wait [38;5;5mcat /home/darja/workflow/cromwell-executions1/WholeGenomeGermlineSingleSample/62cff5fe-42ff-4727-90af-a04169deff2b/call-UnmappedBamToAlignedBam/UnmappedBamToAlignedBam/0551237b-680f-41df-bdcf-a1042ce60cb9/call-SplitRG/shard-0/SplitLargeReadGroup/cb93e366-b42f-4ae8-80a0-d934da4596df/call-SamToFastqAndDragmapAndMba/shard-28/execution/docker_cid[0m)

# remove the container after waiting
docker rm [38;5;5mcat /home/darja/workflow/cromwell-executions1/WholeGenomeGermlineSingleSample/62cff5fe-42ff-4727-90af-a04169deff2b/call-UnmappedBamToAlignedBam/UnmappedBamToAlignedBam/0551237b-680f-41df-bdcf-a1042ce60cb9/call-SplitRG/shard-0/SplitLargeReadGroup/cb93e366-b42f-4ae8-80a0-d934da4596df/call-SamToFastqAndDragmapAndMba/shard-28/execution/docker_cid[0m

# return exit code
exit $rc
[2026-03-26 00:14:51,04] [info] BackgroundConfigAsyncJobExecutionActor [[38;5;2mcb93e366[0mSplitLargeReadGroup.SamToFastqAndDragmapAndMba:28:1]: job id: 463713
[2026-03-26 00:14:51,04] [info] BackgroundConfigAsyncJobExecutionActor [[38;5;2mcb93e366[0mSplitLargeReadGroup.SamToFastqAndDragmapAndMba:28:1]: Status change from - to WaitingForReturnCode
[2026-03-26 00:19:40,41] [info] BackgroundConfigAsyncJobExecutionActor [[38;5;2mcb93e366[0mSplitLargeReadGroup.SamToFastqAndDragmapAndMba:23:1]: Status change from WaitingForReturnCode to Done
[2026-03-26 00:19:46,20] [info] Assigned new job execution tokens to the following groups: 62cff5fe: 1
[2026-03-26 00:19:46,23] [[38;5;220mwarn[0m] BackgroundConfigAsyncJobExecutionActor [[38;5;2mcb93e366[0mSplitLargeReadGroup.SamToFastqAndDragmapAndMba:25:1]: Unrecognized runtime attribute keys: preemptible, disks, cpu, memory
[2026-03-26 00:19:49,31] [info] BackgroundConfigAsyncJobExecutionActor [[38;5;2mcb93e366[0mSplitLargeReadGroup.SamToFastqAndDragmapAndMba:25:1]: [38;5;5mset -euxo pipefail

DRAGMAP_VERSION=$(dragen-os --version)

if [ -z ${DRAGMAP_VERSION} ]; then
    exit 1;
fi

mkdir dragen_reference
mv /cromwell-executions1/WholeGenomeGermlineSingleSample/62cff5fe-42ff-4727-90af-a04169deff2b/call-UnmappedBamToAlignedBam/UnmappedBamToAlignedBam/0551237b-680f-41df-bdcf-a1042ce60cb9/call-SplitRG/shard-0/SplitLargeReadGroup/cb93e366-b42f-4ae8-80a0-d934da4596df/call-SamToFastqAndDragmapAndMba/shard-25/inputs/-1290198700/reference.bin /cromwell-executions1/WholeGenomeGermlineSingleSample/62cff5fe-42ff-4727-90af-a04169deff2b/call-UnmappedBamToAlignedBam/UnmappedBamToAlignedBam/0551237b-680f-41df-bdcf-a1042ce60cb9/call-SplitRG/shard-0/SplitLargeReadGroup/cb93e366-b42f-4ae8-80a0-d934da4596df/call-SamToFastqAndDragmapAndMba/shard-25/inputs/-1290198700/hash_table.cfg.bin /cromwell-executions1/WholeGenomeGermlineSingleSample/62cff5fe-42ff-4727-90af-a04169deff2b/call-UnmappedBamToAlignedBam/UnmappedBamToAlignedBam/0551237b-680f-41df-bdcf-a1042ce60cb9/call-SplitRG/shard-0/SplitLargeReadGroup/cb93e366-b42f-4ae8-80a0-d934da4596df/call-SamToFastqAndDragmapAndMba/shard-25/inputs/-1290198700/hash_table.cmp dragen_reference

dragen-os -b /cromwell-executions1/WholeGenomeGermlineSingleSample/62cff5fe-42ff-4727-90af-a04169deff2b/call-UnmappedBamToAlignedBam/UnmappedBamToAlignedBam/0551237b-680f-41df-bdcf-a1042ce60cb9/call-SplitRG/shard-0/SplitLargeReadGroup/cb93e366-b42f-4ae8-80a0-d934da4596df/call-SamToFastqAndDragmapAndMba/shard-25/inputs/-365940741/shard_0026.bam -r dragen_reference --interleaved=1 --preserve-map-align-order true 2> >(tee shard_0026.dragmap.stderr.log >&2) | samtools view -h -O BAM - > aligned.bam
java -Dsamjdk.compression_level=2 -Xms1000m -Xmx1000m -jar /picard/picard.jar \
  MergeBamAlignment \
  VALIDATION_STRINGENCY=SILENT \
  EXPECTED_ORIENTATIONS=FR \
  ATTRIBUTES_TO_RETAIN=X0 \
  ATTRIBUTES_TO_REMOVE=RG \
  ATTRIBUTES_TO_REMOVE=NM \
  ATTRIBUTES_TO_REMOVE=MD \
  ALIGNED_BAM=aligned.bam \
  UNMAPPED_BAM=/cromwell-executions1/WholeGenomeGermlineSingleSample/62cff5fe-42ff-4727-90af-a04169deff2b/call-UnmappedBamToAlignedBam/UnmappedBamToAlignedBam/0551237b-680f-41df-bdcf-a1042ce60cb9/call-SplitRG/shard-0/SplitLargeReadGroup/cb93e366-b42f-4ae8-80a0-d934da4596df/call-SamToFastqAndDragmapAndMba/shard-25/inputs/-365940741/shard_0026.bam \
  OUTPUT=shard_0026.bam \
  REFERENCE_SEQUENCE=/cromwell-executions1/WholeGenomeGermlineSingleSample/62cff5fe-42ff-4727-90af-a04169deff2b/call-UnmappedBamToAlignedBam/UnmappedBamToAlignedBam/0551237b-680f-41df-bdcf-a1042ce60cb9/call-SplitRG/shard-0/SplitLargeReadGroup/cb93e366-b42f-4ae8-80a0-d934da4596df/call-SamToFastqAndDragmapAndMba/shard-25/inputs/-1569105944/Homo_sapiens_assembly38_masked.fasta \
  PAIRED_RUN=true \
  SORT_ORDER="unsorted" \
  IS_BISULFITE_SEQUENCE=false \
  ALIGNED_READS_ONLY=false \
  CLIP_ADAPTERS=false \
   \
   \
  MAX_RECORDS_IN_RAM=2000000 \
  ADD_MATE_CIGAR=true \
  MAX_INSERTIONS_OR_DELETIONS=-1 \
  PRIMARY_ALIGNMENT_STRATEGY=MostDistant \
  PROGRAM_RECORD_ID="dragen-os" \
  PROGRAM_GROUP_VERSION="${DRAGMAP_VERSION}" \
  PROGRAM_GROUP_COMMAND_LINE="dragen-os -b /cromwell-executions1/WholeGenomeGermlineSingleSample/62cff5fe-42ff-4727-90af-a04169deff2b/call-UnmappedBamToAlignedBam/UnmappedBamToAlignedBam/0551237b-680f-41df-bdcf-a1042ce60cb9/call-SplitRG/shard-0/SplitLargeReadGroup/cb93e366-b42f-4ae8-80a0-d934da4596df/call-SamToFastqAndDragmapAndMba/shard-25/inputs/-365940741/shard_0026.bam -r dragen_reference --interleaved=1" \
  PROGRAM_GROUP_NAME="dragen-os" \
  UNMAPPED_READ_STRATEGY=COPY_TO_TAG \
  ALIGNER_PROPER_PAIR_FLAGS=true \
  UNMAP_CONTAMINANT_READS=true \
  ADD_PG_TAG_TO_READS=false[0m
[2026-03-26 00:19:49,31] [info] BackgroundConfigAsyncJobExecutionActor [[38;5;2mcb93e366[0mSplitLargeReadGroup.SamToFastqAndDragmapAndMba:25:1]: executing: # make sure there is no preexisting Docker CID file
rm -f /home/darja/workflow/cromwell-executions1/WholeGenomeGermlineSingleSample/62cff5fe-42ff-4727-90af-a04169deff2b/call-UnmappedBamToAlignedBam/UnmappedBamToAlignedBam/0551237b-680f-41df-bdcf-a1042ce60cb9/call-SplitRG/shard-0/SplitLargeReadGroup/cb93e366-b42f-4ae8-80a0-d934da4596df/call-SamToFastqAndDragmapAndMba/shard-25/execution/docker_cid
# run as in the original configuration without --rm flag (will remove later)
docker run \
  --cidfile /home/darja/workflow/cromwell-executions1/WholeGenomeGermlineSingleSample/62cff5fe-42ff-4727-90af-a04169deff2b/call-UnmappedBamToAlignedBam/UnmappedBamToAlignedBam/0551237b-680f-41df-bdcf-a1042ce60cb9/call-SplitRG/shard-0/SplitLargeReadGroup/cb93e366-b42f-4ae8-80a0-d934da4596df/call-SamToFastqAndDragmapAndMba/shard-25/execution/docker_cid \
  -i \
  --user 1027:1028 \
  --cpus="32" \
  --memory="184320M" \
  --entrypoint /bin/bash \
  -v /home/darja/workflow/cromwell-executions1/WholeGenomeGermlineSingleSample/62cff5fe-42ff-4727-90af-a04169deff2b/call-UnmappedBamToAlignedBam/UnmappedBamToAlignedBam/0551237b-680f-41df-bdcf-a1042ce60cb9/call-SplitRG/shard-0/SplitLargeReadGroup/cb93e366-b42f-4ae8-80a0-d934da4596df/call-SamToFastqAndDragmapAndMba/shard-25:/cromwell-executions1/WholeGenomeGermlineSingleSample/62cff5fe-42ff-4727-90af-a04169deff2b/call-UnmappedBamToAlignedBam/UnmappedBamToAlignedBam/0551237b-680f-41df-bdcf-a1042ce60cb9/call-SplitRG/shard-0/SplitLargeReadGroup/cb93e366-b42f-4ae8-80a0-d934da4596df/call-SamToFastqAndDragmapAndMba/shard-25 \
  -v /mnt/nas1/projects/lasr/blendseq:/mnt/nas1/projects/lasr/blendseq \
  us.gcr.io/broad-gotc-prod/dragmap@sha256:5964afca3e4173c33b11100f68c1a44642e0ff2ee4de5a49d8cd446fef308b23 /cromwell-executions1/WholeGenomeGermlineSingleSample/62cff5fe-42ff-4727-90af-a04169deff2b/call-UnmappedBamToAlignedBam/UnmappedBamToAlignedBam/0551237b-680f-41df-bdcf-a1042ce60cb9/call-SplitRG/shard-0/SplitLargeReadGroup/cb93e366-b42f-4ae8-80a0-d934da4596df/call-SamToFastqAndDragmapAndMba/shard-25/execution/script

# get the return code (working even if the container was detached)
rc=$(docker wait [38;5;5mcat /home/darja/workflow/cromwell-executions1/WholeGenomeGermlineSingleSample/62cff5fe-42ff-4727-90af-a04169deff2b/call-UnmappedBamToAlignedBam/UnmappedBamToAlignedBam/0551237b-680f-41df-bdcf-a1042ce60cb9/call-SplitRG/shard-0/SplitLargeReadGroup/cb93e366-b42f-4ae8-80a0-d934da4596df/call-SamToFastqAndDragmapAndMba/shard-25/execution/docker_cid[0m)

# remove the container after waiting
docker rm [38;5;5mcat /home/darja/workflow/cromwell-executions1/WholeGenomeGermlineSingleSample/62cff5fe-42ff-4727-90af-a04169deff2b/call-UnmappedBamToAlignedBam/UnmappedBamToAlignedBam/0551237b-680f-41df-bdcf-a1042ce60cb9/call-SplitRG/shard-0/SplitLargeReadGroup/cb93e366-b42f-4ae8-80a0-d934da4596df/call-SamToFastqAndDragmapAndMba/shard-25/execution/docker_cid[0m

# return exit code
exit $rc
[2026-03-26 00:19:51,04] [info] BackgroundConfigAsyncJobExecutionActor [[38;5;2mcb93e366[0mSplitLargeReadGroup.SamToFastqAndDragmapAndMba:25:1]: job id: 464388
[2026-03-26 00:19:51,04] [info] BackgroundConfigAsyncJobExecutionActor [[38;5;2mcb93e366[0mSplitLargeReadGroup.SamToFastqAndDragmapAndMba:25:1]: Status change from - to WaitingForReturnCode
[2026-03-26 00:52:15,70] [info] BackgroundConfigAsyncJobExecutionActor [[38;5;2mcb93e366[0mSplitLargeReadGroup.SamToFastqAndDragmapAndMba:28:1]: Status change from WaitingForReturnCode to Done
[2026-03-26 00:52:16,20] [info] Assigned new job execution tokens to the following groups: 62cff5fe: 1
[2026-03-26 00:52:16,22] [[38;5;220mwarn[0m] BackgroundConfigAsyncJobExecutionActor [[38;5;2mcb93e366[0mSplitLargeReadGroup.SamToFastqAndDragmapAndMba:0:1]: Unrecognized runtime attribute keys: preemptible, disks, cpu, memory
[2026-03-26 00:52:18,33] [info] BackgroundConfigAsyncJobExecutionActor [[38;5;2mcb93e366[0mSplitLargeReadGroup.SamToFastqAndDragmapAndMba:0:1]: [38;5;5mset -euxo pipefail

DRAGMAP_VERSION=$(dragen-os --version)

if [ -z ${DRAGMAP_VERSION} ]; then
    exit 1;
fi

mkdir dragen_reference
mv /cromwell-executions1/WholeGenomeGermlineSingleSample/62cff5fe-42ff-4727-90af-a04169deff2b/call-UnmappedBamToAlignedBam/UnmappedBamToAlignedBam/0551237b-680f-41df-bdcf-a1042ce60cb9/call-SplitRG/shard-0/SplitLargeReadGroup/cb93e366-b42f-4ae8-80a0-d934da4596df/call-SamToFastqAndDragmapAndMba/shard-0/inputs/-1290198700/reference.bin /cromwell-executions1/WholeGenomeGermlineSingleSample/62cff5fe-42ff-4727-90af-a04169deff2b/call-UnmappedBamToAlignedBam/UnmappedBamToAlignedBam/0551237b-680f-41df-bdcf-a1042ce60cb9/call-SplitRG/shard-0/SplitLargeReadGroup/cb93e366-b42f-4ae8-80a0-d934da4596df/call-SamToFastqAndDragmapAndMba/shard-0/inputs/-1290198700/hash_table.cfg.bin /cromwell-executions1/WholeGenomeGermlineSingleSample/62cff5fe-42ff-4727-90af-a04169deff2b/call-UnmappedBamToAlignedBam/UnmappedBamToAlignedBam/0551237b-680f-41df-bdcf-a1042ce60cb9/call-SplitRG/shard-0/SplitLargeReadGroup/cb93e366-b42f-4ae8-80a0-d934da4596df/call-SamToFastqAndDragmapAndMba/shard-0/inputs/-1290198700/hash_table.cmp dragen_reference

dragen-os -b /cromwell-executions1/WholeGenomeGermlineSingleSample/62cff5fe-42ff-4727-90af-a04169deff2b/call-UnmappedBamToAlignedBam/UnmappedBamToAlignedBam/0551237b-680f-41df-bdcf-a1042ce60cb9/call-SplitRG/shard-0/SplitLargeReadGroup/cb93e366-b42f-4ae8-80a0-d934da4596df/call-SamToFastqAndDragmapAndMba/shard-0/inputs/-365940741/shard_0001.bam -r dragen_reference --interleaved=1 --preserve-map-align-order true 2> >(tee shard_0001.dragmap.stderr.log >&2) | samtools view -h -O BAM - > aligned.bam
java -Dsamjdk.compression_level=2 -Xms1000m -Xmx1000m -jar /picard/picard.jar \
  MergeBamAlignment \
  VALIDATION_STRINGENCY=SILENT \
  EXPECTED_ORIENTATIONS=FR \
  ATTRIBUTES_TO_RETAIN=X0 \
  ATTRIBUTES_TO_REMOVE=RG \
  ATTRIBUTES_TO_REMOVE=NM \
  ATTRIBUTES_TO_REMOVE=MD \
  ALIGNED_BAM=aligned.bam \
  UNMAPPED_BAM=/cromwell-executions1/WholeGenomeGermlineSingleSample/62cff5fe-42ff-4727-90af-a04169deff2b/call-UnmappedBamToAlignedBam/UnmappedBamToAlignedBam/0551237b-680f-41df-bdcf-a1042ce60cb9/call-SplitRG/shard-0/SplitLargeReadGroup/cb93e366-b42f-4ae8-80a0-d934da4596df/call-SamToFastqAndDragmapAndMba/shard-0/inputs/-365940741/shard_0001.bam \
  OUTPUT=shard_0001.bam \
  REFERENCE_SEQUENCE=/cromwell-executions1/WholeGenomeGermlineSingleSample/62cff5fe-42ff-4727-90af-a04169deff2b/call-UnmappedBamToAlignedBam/UnmappedBamToAlignedBam/0551237b-680f-41df-bdcf-a1042ce60cb9/call-SplitRG/shard-0/SplitLargeReadGroup/cb93e366-b42f-4ae8-80a0-d934da4596df/call-SamToFastqAndDragmapAndMba/shard-0/inputs/-1569105944/Homo_sapiens_assembly38_masked.fasta \
  PAIRED_RUN=true \
  SORT_ORDER="unsorted" \
  IS_BISULFITE_SEQUENCE=false \
  ALIGNED_READS_ONLY=false \
  CLIP_ADAPTERS=false \
   \
   \
  MAX_RECORDS_IN_RAM=2000000 \
  ADD_MATE_CIGAR=true \
  MAX_INSERTIONS_OR_DELETIONS=-1 \
  PRIMARY_ALIGNMENT_STRATEGY=MostDistant \
  PROGRAM_RECORD_ID="dragen-os" \
  PROGRAM_GROUP_VERSION="${DRAGMAP_VERSION}" \
  PROGRAM_GROUP_COMMAND_LINE="dragen-os -b /cromwell-executions1/WholeGenomeGermlineSingleSample/62cff5fe-42ff-4727-90af-a04169deff2b/call-UnmappedBamToAlignedBam/UnmappedBamToAlignedBam/0551237b-680f-41df-bdcf-a1042ce60cb9/call-SplitRG/shard-0/SplitLargeReadGroup/cb93e366-b42f-4ae8-80a0-d934da4596df/call-SamToFastqAndDragmapAndMba/shard-0/inputs/-365940741/shard_0001.bam -r dragen_reference --interleaved=1" \
  PROGRAM_GROUP_NAME="dragen-os" \
  UNMAPPED_READ_STRATEGY=COPY_TO_TAG \
  ALIGNER_PROPER_PAIR_FLAGS=true \
  UNMAP_CONTAMINANT_READS=true \
  ADD_PG_TAG_TO_READS=false[0m
[2026-03-26 00:52:18,33] [info] BackgroundConfigAsyncJobExecutionActor [[38;5;2mcb93e366[0mSplitLargeReadGroup.SamToFastqAndDragmapAndMba:0:1]: executing: # make sure there is no preexisting Docker CID file
rm -f /home/darja/workflow/cromwell-executions1/WholeGenomeGermlineSingleSample/62cff5fe-42ff-4727-90af-a04169deff2b/call-UnmappedBamToAlignedBam/UnmappedBamToAlignedBam/0551237b-680f-41df-bdcf-a1042ce60cb9/call-SplitRG/shard-0/SplitLargeReadGroup/cb93e366-b42f-4ae8-80a0-d934da4596df/call-SamToFastqAndDragmapAndMba/shard-0/execution/docker_cid
# run as in the original configuration without --rm flag (will remove later)
docker run \
  --cidfile /home/darja/workflow/cromwell-executions1/WholeGenomeGermlineSingleSample/62cff5fe-42ff-4727-90af-a04169deff2b/call-UnmappedBamToAlignedBam/UnmappedBamToAlignedBam/0551237b-680f-41df-bdcf-a1042ce60cb9/call-SplitRG/shard-0/SplitLargeReadGroup/cb93e366-b42f-4ae8-80a0-d934da4596df/call-SamToFastqAndDragmapAndMba/shard-0/execution/docker_cid \
  -i \
  --user 1027:1028 \
  --cpus="32" \
  --memory="184320M" \
  --entrypoint /bin/bash \
  -v /home/darja/workflow/cromwell-executions1/WholeGenomeGermlineSingleSample/62cff5fe-42ff-4727-90af-a04169deff2b/call-UnmappedBamToAlignedBam/UnmappedBamToAlignedBam/0551237b-680f-41df-bdcf-a1042ce60cb9/call-SplitRG/shard-0/SplitLargeReadGroup/cb93e366-b42f-4ae8-80a0-d934da4596df/call-SamToFastqAndDragmapAndMba/shard-0:/cromwell-executions1/WholeGenomeGermlineSingleSample/62cff5fe-42ff-4727-90af-a04169deff2b/call-UnmappedBamToAlignedBam/UnmappedBamToAlignedBam/0551237b-680f-41df-bdcf-a1042ce60cb9/call-SplitRG/shard-0/SplitLargeReadGroup/cb93e366-b42f-4ae8-80a0-d934da4596df/call-SamToFastqAndDragmapAndMba/shard-0 \
  -v /mnt/nas1/projects/lasr/blendseq:/mnt/nas1/projects/lasr/blendseq \
  us.gcr.io/broad-gotc-prod/dragmap@sha256:5964afca3e4173c33b11100f68c1a44642e0ff2ee4de5a49d8cd446fef308b23 /cromwell-executions1/WholeGenomeGermlineSingleSample/62cff5fe-42ff-4727-90af-a04169deff2b/call-UnmappedBamToAlignedBam/UnmappedBamToAlignedBam/0551237b-680f-41df-bdcf-a1042ce60cb9/call-SplitRG/shard-0/SplitLargeReadGroup/cb93e366-b42f-4ae8-80a0-d934da4596df/call-SamToFastqAndDragmapAndMba/shard-0/execution/script

# get the return code (working even if the container was detached)
rc=$(docker wait [38;5;5mcat /home/darja/workflow/cromwell-executions1/WholeGenomeGermlineSingleSample/62cff5fe-42ff-4727-90af-a04169deff2b/call-UnmappedBamToAlignedBam/UnmappedBamToAlignedBam/0551237b-680f-41df-bdcf-a1042ce60cb9/call-SplitRG/shard-0/SplitLargeReadGroup/cb93e366-b42f-4ae8-80a0-d934da4596df/call-SamToFastqAndDragmapAndMba/shard-0/execution/docker_cid[0m)

# remove the container after waiting
docker rm [38;5;5mcat /home/darja/workflow/cromwell-executions1/WholeGenomeGermlineSingleSample/62cff5fe-42ff-4727-90af-a04169deff2b/call-UnmappedBamToAlignedBam/UnmappedBamToAlignedBam/0551237b-680f-41df-bdcf-a1042ce60cb9/call-SplitRG/shard-0/SplitLargeReadGroup/cb93e366-b42f-4ae8-80a0-d934da4596df/call-SamToFastqAndDragmapAndMba/shard-0/execution/docker_cid[0m

# return exit code
exit $rc
[2026-03-26 00:52:21,04] [info] BackgroundConfigAsyncJobExecutionActor [[38;5;2mcb93e366[0mSplitLargeReadGroup.SamToFastqAndDragmapAndMba:0:1]: job id: 465488
[2026-03-26 00:52:21,04] [info] BackgroundConfigAsyncJobExecutionActor [[38;5;2mcb93e366[0mSplitLargeReadGroup.SamToFastqAndDragmapAndMba:0:1]: Status change from - to WaitingForReturnCode
[2026-03-26 01:01:43,10] [info] BackgroundConfigAsyncJobExecutionActor [[38;5;2mcb93e366[0mSplitLargeReadGroup.SamToFastqAndDragmapAndMba:25:1]: Status change from WaitingForReturnCode to Done
[2026-03-26 01:01:46,20] [info] Assigned new job execution tokens to the following groups: 62cff5fe: 1
[2026-03-26 01:01:46,22] [[38;5;220mwarn[0m] BackgroundConfigAsyncJobExecutionActor [[38;5;2mcb93e366[0mSplitLargeReadGroup.SamToFastqAndDragmapAndMba:27:1]: Unrecognized runtime attribute keys: preemptible, disks, cpu, memory
[2026-03-26 01:01:48,88] [info] BackgroundConfigAsyncJobExecutionActor [[38;5;2mcb93e366[0mSplitLargeReadGroup.SamToFastqAndDragmapAndMba:27:1]: [38;5;5mset -euxo pipefail

DRAGMAP_VERSION=$(dragen-os --version)

if [ -z ${DRAGMAP_VERSION} ]; then
    exit 1;
fi

mkdir dragen_reference
mv /cromwell-executions1/WholeGenomeGermlineSingleSample/62cff5fe-42ff-4727-90af-a04169deff2b/call-UnmappedBamToAlignedBam/UnmappedBamToAlignedBam/0551237b-680f-41df-bdcf-a1042ce60cb9/call-SplitRG/shard-0/SplitLargeReadGroup/cb93e366-b42f-4ae8-80a0-d934da4596df/call-SamToFastqAndDragmapAndMba/shard-27/inputs/-1290198700/reference.bin /cromwell-executions1/WholeGenomeGermlineSingleSample/62cff5fe-42ff-4727-90af-a04169deff2b/call-UnmappedBamToAlignedBam/UnmappedBamToAlignedBam/0551237b-680f-41df-bdcf-a1042ce60cb9/call-SplitRG/shard-0/SplitLargeReadGroup/cb93e366-b42f-4ae8-80a0-d934da4596df/call-SamToFastqAndDragmapAndMba/shard-27/inputs/-1290198700/hash_table.cfg.bin /cromwell-executions1/WholeGenomeGermlineSingleSample/62cff5fe-42ff-4727-90af-a04169deff2b/call-UnmappedBamToAlignedBam/UnmappedBamToAlignedBam/0551237b-680f-41df-bdcf-a1042ce60cb9/call-SplitRG/shard-0/SplitLargeReadGroup/cb93e366-b42f-4ae8-80a0-d934da4596df/call-SamToFastqAndDragmapAndMba/shard-27/inputs/-1290198700/hash_table.cmp dragen_reference

dragen-os -b /cromwell-executions1/WholeGenomeGermlineSingleSample/62cff5fe-42ff-4727-90af-a04169deff2b/call-UnmappedBamToAlignedBam/UnmappedBamToAlignedBam/0551237b-680f-41df-bdcf-a1042ce60cb9/call-SplitRG/shard-0/SplitLargeReadGroup/cb93e366-b42f-4ae8-80a0-d934da4596df/call-SamToFastqAndDragmapAndMba/shard-27/inputs/-365940741/shard_0028.bam -r dragen_reference --interleaved=1 --preserve-map-align-order true 2> >(tee shard_0028.dragmap.stderr.log >&2) | samtools view -h -O BAM - > aligned.bam
java -Dsamjdk.compression_level=2 -Xms1000m -Xmx1000m -jar /picard/picard.jar \
  MergeBamAlignment \
  VALIDATION_STRINGENCY=SILENT \
  EXPECTED_ORIENTATIONS=FR \
  ATTRIBUTES_TO_RETAIN=X0 \
  ATTRIBUTES_TO_REMOVE=RG \
  ATTRIBUTES_TO_REMOVE=NM \
  ATTRIBUTES_TO_REMOVE=MD \
  ALIGNED_BAM=aligned.bam \
  UNMAPPED_BAM=/cromwell-executions1/WholeGenomeGermlineSingleSample/62cff5fe-42ff-4727-90af-a04169deff2b/call-UnmappedBamToAlignedBam/UnmappedBamToAlignedBam/0551237b-680f-41df-bdcf-a1042ce60cb9/call-SplitRG/shard-0/SplitLargeReadGroup/cb93e366-b42f-4ae8-80a0-d934da4596df/call-SamToFastqAndDragmapAndMba/shard-27/inputs/-365940741/shard_0028.bam \
  OUTPUT=shard_0028.bam \
  REFERENCE_SEQUENCE=/cromwell-executions1/WholeGenomeGermlineSingleSample/62cff5fe-42ff-4727-90af-a04169deff2b/call-UnmappedBamToAlignedBam/UnmappedBamToAlignedBam/0551237b-680f-41df-bdcf-a1042ce60cb9/call-SplitRG/shard-0/SplitLargeReadGroup/cb93e366-b42f-4ae8-80a0-d934da4596df/call-SamToFastqAndDragmapAndMba/shard-27/inputs/-1569105944/Homo_sapiens_assembly38_masked.fasta \
  PAIRED_RUN=true \
  SORT_ORDER="unsorted" \
  IS_BISULFITE_SEQUENCE=false \
  ALIGNED_READS_ONLY=false \
  CLIP_ADAPTERS=false \
   \
   \
  MAX_RECORDS_IN_RAM=2000000 \
  ADD_MATE_CIGAR=true \
  MAX_INSERTIONS_OR_DELETIONS=-1 \
  PRIMARY_ALIGNMENT_STRATEGY=MostDistant \
  PROGRAM_RECORD_ID="dragen-os" \
  PROGRAM_GROUP_VERSION="${DRAGMAP_VERSION}" \
  PROGRAM_GROUP_COMMAND_LINE="dragen-os -b /cromwell-executions1/WholeGenomeGermlineSingleSample/62cff5fe-42ff-4727-90af-a04169deff2b/call-UnmappedBamToAlignedBam/UnmappedBamToAlignedBam/0551237b-680f-41df-bdcf-a1042ce60cb9/call-SplitRG/shard-0/SplitLargeReadGroup/cb93e366-b42f-4ae8-80a0-d934da4596df/call-SamToFastqAndDragmapAndMba/shard-27/inputs/-365940741/shard_0028.bam -r dragen_reference --interleaved=1" \
  PROGRAM_GROUP_NAME="dragen-os" \
  UNMAPPED_READ_STRATEGY=COPY_TO_TAG \
  ALIGNER_PROPER_PAIR_FLAGS=true \
  UNMAP_CONTAMINANT_READS=true \
  ADD_PG_TAG_TO_READS=false[0m
[2026-03-26 01:01:48,88] [info] BackgroundConfigAsyncJobExecutionActor [[38;5;2mcb93e366[0mSplitLargeReadGroup.SamToFastqAndDragmapAndMba:27:1]: executing: # make sure there is no preexisting Docker CID file
rm -f /home/darja/workflow/cromwell-executions1/WholeGenomeGermlineSingleSample/62cff5fe-42ff-4727-90af-a04169deff2b/call-UnmappedBamToAlignedBam/UnmappedBamToAlignedBam/0551237b-680f-41df-bdcf-a1042ce60cb9/call-SplitRG/shard-0/SplitLargeReadGroup/cb93e366-b42f-4ae8-80a0-d934da4596df/call-SamToFastqAndDragmapAndMba/shard-27/execution/docker_cid
# run as in the original configuration without --rm flag (will remove later)
docker run \
  --cidfile /home/darja/workflow/cromwell-executions1/WholeGenomeGermlineSingleSample/62cff5fe-42ff-4727-90af-a04169deff2b/call-UnmappedBamToAlignedBam/UnmappedBamToAlignedBam/0551237b-680f-41df-bdcf-a1042ce60cb9/call-SplitRG/shard-0/SplitLargeReadGroup/cb93e366-b42f-4ae8-80a0-d934da4596df/call-SamToFastqAndDragmapAndMba/shard-27/execution/docker_cid \
  -i \
  --user 1027:1028 \
  --cpus="32" \
  --memory="184320M" \
  --entrypoint /bin/bash \
  -v /home/darja/workflow/cromwell-executions1/WholeGenomeGermlineSingleSample/62cff5fe-42ff-4727-90af-a04169deff2b/call-UnmappedBamToAlignedBam/UnmappedBamToAlignedBam/0551237b-680f-41df-bdcf-a1042ce60cb9/call-SplitRG/shard-0/SplitLargeReadGroup/cb93e366-b42f-4ae8-80a0-d934da4596df/call-SamToFastqAndDragmapAndMba/shard-27:/cromwell-executions1/WholeGenomeGermlineSingleSample/62cff5fe-42ff-4727-90af-a04169deff2b/call-UnmappedBamToAlignedBam/UnmappedBamToAlignedBam/0551237b-680f-41df-bdcf-a1042ce60cb9/call-SplitRG/shard-0/SplitLargeReadGroup/cb93e366-b42f-4ae8-80a0-d934da4596df/call-SamToFastqAndDragmapAndMba/shard-27 \
  -v /mnt/nas1/projects/lasr/blendseq:/mnt/nas1/projects/lasr/blendseq \
  us.gcr.io/broad-gotc-prod/dragmap@sha256:5964afca3e4173c33b11100f68c1a44642e0ff2ee4de5a49d8cd446fef308b23 /cromwell-executions1/WholeGenomeGermlineSingleSample/62cff5fe-42ff-4727-90af-a04169deff2b/call-UnmappedBamToAlignedBam/UnmappedBamToAlignedBam/0551237b-680f-41df-bdcf-a1042ce60cb9/call-SplitRG/shard-0/SplitLargeReadGroup/cb93e366-b42f-4ae8-80a0-d934da4596df/call-SamToFastqAndDragmapAndMba/shard-27/execution/script

# get the return code (working even if the container was detached)
rc=$(docker wait [38;5;5mcat /home/darja/workflow/cromwell-executions1/WholeGenomeGermlineSingleSample/62cff5fe-42ff-4727-90af-a04169deff2b/call-UnmappedBamToAlignedBam/UnmappedBamToAlignedBam/0551237b-680f-41df-bdcf-a1042ce60cb9/call-SplitRG/shard-0/SplitLargeReadGroup/cb93e366-b42f-4ae8-80a0-d934da4596df/call-SamToFastqAndDragmapAndMba/shard-27/execution/docker_cid[0m)

# remove the container after waiting
docker rm [38;5;5mcat /home/darja/workflow/cromwell-executions1/WholeGenomeGermlineSingleSample/62cff5fe-42ff-4727-90af-a04169deff2b/call-UnmappedBamToAlignedBam/UnmappedBamToAlignedBam/0551237b-680f-41df-bdcf-a1042ce60cb9/call-SplitRG/shard-0/SplitLargeReadGroup/cb93e366-b42f-4ae8-80a0-d934da4596df/call-SamToFastqAndDragmapAndMba/shard-27/execution/docker_cid[0m

# return exit code
exit $rc
[2026-03-26 01:01:51,03] [info] BackgroundConfigAsyncJobExecutionActor [[38;5;2mcb93e366[0mSplitLargeReadGroup.SamToFastqAndDragmapAndMba:27:1]: job id: 466815
[2026-03-26 01:01:51,03] [info] BackgroundConfigAsyncJobExecutionActor [[38;5;2mcb93e366[0mSplitLargeReadGroup.SamToFastqAndDragmapAndMba:27:1]: Status change from - to WaitingForReturnCode
[2026-03-26 01:29:14,44] [info] BackgroundConfigAsyncJobExecutionActor [[38;5;2mcb93e366[0mSplitLargeReadGroup.SamToFastqAndDragmapAndMba:0:1]: Status change from WaitingForReturnCode to Done
[2026-03-26 01:29:16,20] [info] Assigned new job execution tokens to the following groups: 62cff5fe: 1
[2026-03-26 01:29:16,24] [[38;5;220mwarn[0m] BackgroundConfigAsyncJobExecutionActor [[38;5;2mcb93e366[0mSplitLargeReadGroup.SamToFastqAndDragmapAndMba:5:1]: Unrecognized runtime attribute keys: preemptible, disks, cpu, memory
[2026-03-26 01:29:18,75] [info] BackgroundConfigAsyncJobExecutionActor [[38;5;2mcb93e366[0mSplitLargeReadGroup.SamToFastqAndDragmapAndMba:5:1]: [38;5;5mset -euxo pipefail

DRAGMAP_VERSION=$(dragen-os --version)

if [ -z ${DRAGMAP_VERSION} ]; then
    exit 1;
fi

mkdir dragen_reference
mv /cromwell-executions1/WholeGenomeGermlineSingleSample/62cff5fe-42ff-4727-90af-a04169deff2b/call-UnmappedBamToAlignedBam/UnmappedBamToAlignedBam/0551237b-680f-41df-bdcf-a1042ce60cb9/call-SplitRG/shard-0/SplitLargeReadGroup/cb93e366-b42f-4ae8-80a0-d934da4596df/call-SamToFastqAndDragmapAndMba/shard-5/inputs/-1290198700/reference.bin /cromwell-executions1/WholeGenomeGermlineSingleSample/62cff5fe-42ff-4727-90af-a04169deff2b/call-UnmappedBamToAlignedBam/UnmappedBamToAlignedBam/0551237b-680f-41df-bdcf-a1042ce60cb9/call-SplitRG/shard-0/SplitLargeReadGroup/cb93e366-b42f-4ae8-80a0-d934da4596df/call-SamToFastqAndDragmapAndMba/shard-5/inputs/-1290198700/hash_table.cfg.bin /cromwell-executions1/WholeGenomeGermlineSingleSample/62cff5fe-42ff-4727-90af-a04169deff2b/call-UnmappedBamToAlignedBam/UnmappedBamToAlignedBam/0551237b-680f-41df-bdcf-a1042ce60cb9/call-SplitRG/shard-0/SplitLargeReadGroup/cb93e366-b42f-4ae8-80a0-d934da4596df/call-SamToFastqAndDragmapAndMba/shard-5/inputs/-1290198700/hash_table.cmp dragen_reference

dragen-os -b /cromwell-executions1/WholeGenomeGermlineSingleSample/62cff5fe-42ff-4727-90af-a04169deff2b/call-UnmappedBamToAlignedBam/UnmappedBamToAlignedBam/0551237b-680f-41df-bdcf-a1042ce60cb9/call-SplitRG/shard-0/SplitLargeReadGroup/cb93e366-b42f-4ae8-80a0-d934da4596df/call-SamToFastqAndDragmapAndMba/shard-5/inputs/-365940741/shard_0006.bam -r dragen_reference --interleaved=1 --preserve-map-align-order true 2> >(tee shard_0006.dragmap.stderr.log >&2) | samtools view -h -O BAM - > aligned.bam
java -Dsamjdk.compression_level=2 -Xms1000m -Xmx1000m -jar /picard/picard.jar \
  MergeBamAlignment \
  VALIDATION_STRINGENCY=SILENT \
  EXPECTED_ORIENTATIONS=FR \
  ATTRIBUTES_TO_RETAIN=X0 \
  ATTRIBUTES_TO_REMOVE=RG \
  ATTRIBUTES_TO_REMOVE=NM \
  ATTRIBUTES_TO_REMOVE=MD \
  ALIGNED_BAM=aligned.bam \
  UNMAPPED_BAM=/cromwell-executions1/WholeGenomeGermlineSingleSample/62cff5fe-42ff-4727-90af-a04169deff2b/call-UnmappedBamToAlignedBam/UnmappedBamToAlignedBam/0551237b-680f-41df-bdcf-a1042ce60cb9/call-SplitRG/shard-0/SplitLargeReadGroup/cb93e366-b42f-4ae8-80a0-d934da4596df/call-SamToFastqAndDragmapAndMba/shard-5/inputs/-365940741/shard_0006.bam \
  OUTPUT=shard_0006.bam \
  REFERENCE_SEQUENCE=/cromwell-executions1/WholeGenomeGermlineSingleSample/62cff5fe-42ff-4727-90af-a04169deff2b/call-UnmappedBamToAlignedBam/UnmappedBamToAlignedBam/0551237b-680f-41df-bdcf-a1042ce60cb9/call-SplitRG/shard-0/SplitLargeReadGroup/cb93e366-b42f-4ae8-80a0-d934da4596df/call-SamToFastqAndDragmapAndMba/shard-5/inputs/-1569105944/Homo_sapiens_assembly38_masked.fasta \
  PAIRED_RUN=true \
  SORT_ORDER="unsorted" \
  IS_BISULFITE_SEQUENCE=false \
  ALIGNED_READS_ONLY=false \
  CLIP_ADAPTERS=false \
   \
   \
  MAX_RECORDS_IN_RAM=2000000 \
  ADD_MATE_CIGAR=true \
  MAX_INSERTIONS_OR_DELETIONS=-1 \
  PRIMARY_ALIGNMENT_STRATEGY=MostDistant \
  PROGRAM_RECORD_ID="dragen-os" \
  PROGRAM_GROUP_VERSION="${DRAGMAP_VERSION}" \
  PROGRAM_GROUP_COMMAND_LINE="dragen-os -b /cromwell-executions1/WholeGenomeGermlineSingleSample/62cff5fe-42ff-4727-90af-a04169deff2b/call-UnmappedBamToAlignedBam/UnmappedBamToAlignedBam/0551237b-680f-41df-bdcf-a1042ce60cb9/call-SplitRG/shard-0/SplitLargeReadGroup/cb93e366-b42f-4ae8-80a0-d934da4596df/call-SamToFastqAndDragmapAndMba/shard-5/inputs/-365940741/shard_0006.bam -r dragen_reference --interleaved=1" \
  PROGRAM_GROUP_NAME="dragen-os" \
  UNMAPPED_READ_STRATEGY=COPY_TO_TAG \
  ALIGNER_PROPER_PAIR_FLAGS=true \
  UNMAP_CONTAMINANT_READS=true \
  ADD_PG_TAG_TO_READS=false[0m
[2026-03-26 01:29:18,75] [info] BackgroundConfigAsyncJobExecutionActor [[38;5;2mcb93e366[0mSplitLargeReadGroup.SamToFastqAndDragmapAndMba:5:1]: executing: # make sure there is no preexisting Docker CID file
rm -f /home/darja/workflow/cromwell-executions1/WholeGenomeGermlineSingleSample/62cff5fe-42ff-4727-90af-a04169deff2b/call-UnmappedBamToAlignedBam/UnmappedBamToAlignedBam/0551237b-680f-41df-bdcf-a1042ce60cb9/call-SplitRG/shard-0/SplitLargeReadGroup/cb93e366-b42f-4ae8-80a0-d934da4596df/call-SamToFastqAndDragmapAndMba/shard-5/execution/docker_cid
# run as in the original configuration without --rm flag (will remove later)
docker run \
  --cidfile /home/darja/workflow/cromwell-executions1/WholeGenomeGermlineSingleSample/62cff5fe-42ff-4727-90af-a04169deff2b/call-UnmappedBamToAlignedBam/UnmappedBamToAlignedBam/0551237b-680f-41df-bdcf-a1042ce60cb9/call-SplitRG/shard-0/SplitLargeReadGroup/cb93e366-b42f-4ae8-80a0-d934da4596df/call-SamToFastqAndDragmapAndMba/shard-5/execution/docker_cid \
  -i \
  --user 1027:1028 \
  --cpus="32" \
  --memory="184320M" \
  --entrypoint /bin/bash \
  -v /home/darja/workflow/cromwell-executions1/WholeGenomeGermlineSingleSample/62cff5fe-42ff-4727-90af-a04169deff2b/call-UnmappedBamToAlignedBam/UnmappedBamToAlignedBam/0551237b-680f-41df-bdcf-a1042ce60cb9/call-SplitRG/shard-0/SplitLargeReadGroup/cb93e366-b42f-4ae8-80a0-d934da4596df/call-SamToFastqAndDragmapAndMba/shard-5:/cromwell-executions1/WholeGenomeGermlineSingleSample/62cff5fe-42ff-4727-90af-a04169deff2b/call-UnmappedBamToAlignedBam/UnmappedBamToAlignedBam/0551237b-680f-41df-bdcf-a1042ce60cb9/call-SplitRG/shard-0/SplitLargeReadGroup/cb93e366-b42f-4ae8-80a0-d934da4596df/call-SamToFastqAndDragmapAndMba/shard-5 \
  -v /mnt/nas1/projects/lasr/blendseq:/mnt/nas1/projects/lasr/blendseq \
  us.gcr.io/broad-gotc-prod/dragmap@sha256:5964afca3e4173c33b11100f68c1a44642e0ff2ee4de5a49d8cd446fef308b23 /cromwell-executions1/WholeGenomeGermlineSingleSample/62cff5fe-42ff-4727-90af-a04169deff2b/call-UnmappedBamToAlignedBam/UnmappedBamToAlignedBam/0551237b-680f-41df-bdcf-a1042ce60cb9/call-SplitRG/shard-0/SplitLargeReadGroup/cb93e366-b42f-4ae8-80a0-d934da4596df/call-SamToFastqAndDragmapAndMba/shard-5/execution/script

# get the return code (working even if the container was detached)
rc=$(docker wait [38;5;5mcat /home/darja/workflow/cromwell-executions1/WholeGenomeGermlineSingleSample/62cff5fe-42ff-4727-90af-a04169deff2b/call-UnmappedBamToAlignedBam/UnmappedBamToAlignedBam/0551237b-680f-41df-bdcf-a1042ce60cb9/call-SplitRG/shard-0/SplitLargeReadGroup/cb93e366-b42f-4ae8-80a0-d934da4596df/call-SamToFastqAndDragmapAndMba/shard-5/execution/docker_cid[0m)

# remove the container after waiting
docker rm [38;5;5mcat /home/darja/workflow/cromwell-executions1/WholeGenomeGermlineSingleSample/62cff5fe-42ff-4727-90af-a04169deff2b/call-UnmappedBamToAlignedBam/UnmappedBamToAlignedBam/0551237b-680f-41df-bdcf-a1042ce60cb9/call-SplitRG/shard-0/SplitLargeReadGroup/cb93e366-b42f-4ae8-80a0-d934da4596df/call-SamToFastqAndDragmapAndMba/shard-5/execution/docker_cid[0m

# return exit code
exit $rc
[2026-03-26 01:29:21,04] [info] BackgroundConfigAsyncJobExecutionActor [[38;5;2mcb93e366[0mSplitLargeReadGroup.SamToFastqAndDragmapAndMba:5:1]: job id: 467763
[2026-03-26 01:29:21,04] [info] BackgroundConfigAsyncJobExecutionActor [[38;5;2mcb93e366[0mSplitLargeReadGroup.SamToFastqAndDragmapAndMba:5:1]: Status change from - to WaitingForReturnCode
[2026-03-26 01:42:08,90] [info] BackgroundConfigAsyncJobExecutionActor [[38;5;2mcb93e366[0mSplitLargeReadGroup.SamToFastqAndDragmapAndMba:27:1]: Status change from WaitingForReturnCode to Done
[2026-03-26 01:42:16,20] [info] Assigned new job execution tokens to the following groups: 62cff5fe: 1
[2026-03-26 01:42:16,22] [[38;5;220mwarn[0m] BackgroundConfigAsyncJobExecutionActor [[38;5;2mcb93e366[0mSplitLargeReadGroup.SamToFastqAndDragmapAndMba:8:1]: Unrecognized runtime attribute keys: preemptible, disks, cpu, memory
[2026-03-26 01:42:19,17] [info] BackgroundConfigAsyncJobExecutionActor [[38;5;2mcb93e366[0mSplitLargeReadGroup.SamToFastqAndDragmapAndMba:8:1]: [38;5;5mset -euxo pipefail

DRAGMAP_VERSION=$(dragen-os --version)

if [ -z ${DRAGMAP_VERSION} ]; then
    exit 1;
fi

mkdir dragen_reference
mv /cromwell-executions1/WholeGenomeGermlineSingleSample/62cff5fe-42ff-4727-90af-a04169deff2b/call-UnmappedBamToAlignedBam/UnmappedBamToAlignedBam/0551237b-680f-41df-bdcf-a1042ce60cb9/call-SplitRG/shard-0/SplitLargeReadGroup/cb93e366-b42f-4ae8-80a0-d934da4596df/call-SamToFastqAndDragmapAndMba/shard-8/inputs/-1290198700/reference.bin /cromwell-executions1/WholeGenomeGermlineSingleSample/62cff5fe-42ff-4727-90af-a04169deff2b/call-UnmappedBamToAlignedBam/UnmappedBamToAlignedBam/0551237b-680f-41df-bdcf-a1042ce60cb9/call-SplitRG/shard-0/SplitLargeReadGroup/cb93e366-b42f-4ae8-80a0-d934da4596df/call-SamToFastqAndDragmapAndMba/shard-8/inputs/-1290198700/hash_table.cfg.bin /cromwell-executions1/WholeGenomeGermlineSingleSample/62cff5fe-42ff-4727-90af-a04169deff2b/call-UnmappedBamToAlignedBam/UnmappedBamToAlignedBam/0551237b-680f-41df-bdcf-a1042ce60cb9/call-SplitRG/shard-0/SplitLargeReadGroup/cb93e366-b42f-4ae8-80a0-d934da4596df/call-SamToFastqAndDragmapAndMba/shard-8/inputs/-1290198700/hash_table.cmp dragen_reference

dragen-os -b /cromwell-executions1/WholeGenomeGermlineSingleSample/62cff5fe-42ff-4727-90af-a04169deff2b/call-UnmappedBamToAlignedBam/UnmappedBamToAlignedBam/0551237b-680f-41df-bdcf-a1042ce60cb9/call-SplitRG/shard-0/SplitLargeReadGroup/cb93e366-b42f-4ae8-80a0-d934da4596df/call-SamToFastqAndDragmapAndMba/shard-8/inputs/-365940741/shard_0009.bam -r dragen_reference --interleaved=1 --preserve-map-align-order true 2> >(tee shard_0009.dragmap.stderr.log >&2) | samtools view -h -O BAM - > aligned.bam
java -Dsamjdk.compression_level=2 -Xms1000m -Xmx1000m -jar /picard/picard.jar \
  MergeBamAlignment \
  VALIDATION_STRINGENCY=SILENT \
  EXPECTED_ORIENTATIONS=FR \
  ATTRIBUTES_TO_RETAIN=X0 \
  ATTRIBUTES_TO_REMOVE=RG \
  ATTRIBUTES_TO_REMOVE=NM \
  ATTRIBUTES_TO_REMOVE=MD \
  ALIGNED_BAM=aligned.bam \
  UNMAPPED_BAM=/cromwell-executions1/WholeGenomeGermlineSingleSample/62cff5fe-42ff-4727-90af-a04169deff2b/call-UnmappedBamToAlignedBam/UnmappedBamToAlignedBam/0551237b-680f-41df-bdcf-a1042ce60cb9/call-SplitRG/shard-0/SplitLargeReadGroup/cb93e366-b42f-4ae8-80a0-d934da4596df/call-SamToFastqAndDragmapAndMba/shard-8/inputs/-365940741/shard_0009.bam \
  OUTPUT=shard_0009.bam \
  REFERENCE_SEQUENCE=/cromwell-executions1/WholeGenomeGermlineSingleSample/62cff5fe-42ff-4727-90af-a04169deff2b/call-UnmappedBamToAlignedBam/UnmappedBamToAlignedBam/0551237b-680f-41df-bdcf-a1042ce60cb9/call-SplitRG/shard-0/SplitLargeReadGroup/cb93e366-b42f-4ae8-80a0-d934da4596df/call-SamToFastqAndDragmapAndMba/shard-8/inputs/-1569105944/Homo_sapiens_assembly38_masked.fasta \
  PAIRED_RUN=true \
  SORT_ORDER="unsorted" \
  IS_BISULFITE_SEQUENCE=false \
  ALIGNED_READS_ONLY=false \
  CLIP_ADAPTERS=false \
   \
   \
  MAX_RECORDS_IN_RAM=2000000 \
  ADD_MATE_CIGAR=true \
  MAX_INSERTIONS_OR_DELETIONS=-1 \
  PRIMARY_ALIGNMENT_STRATEGY=MostDistant \
  PROGRAM_RECORD_ID="dragen-os" \
  PROGRAM_GROUP_VERSION="${DRAGMAP_VERSION}" \
  PROGRAM_GROUP_COMMAND_LINE="dragen-os -b /cromwell-executions1/WholeGenomeGermlineSingleSample/62cff5fe-42ff-4727-90af-a04169deff2b/call-UnmappedBamToAlignedBam/UnmappedBamToAlignedBam/0551237b-680f-41df-bdcf-a1042ce60cb9/call-SplitRG/shard-0/SplitLargeReadGroup/cb93e366-b42f-4ae8-80a0-d934da4596df/call-SamToFastqAndDragmapAndMba/shard-8/inputs/-365940741/shard_0009.bam -r dragen_reference --interleaved=1" \
  PROGRAM_GROUP_NAME="dragen-os" \
  UNMAPPED_READ_STRATEGY=COPY_TO_TAG \
  ALIGNER_PROPER_PAIR_FLAGS=true \
  UNMAP_CONTAMINANT_READS=true \
  ADD_PG_TAG_TO_READS=false[0m
[2026-03-26 01:42:19,17] [info] BackgroundConfigAsyncJobExecutionActor [[38;5;2mcb93e366[0mSplitLargeReadGroup.SamToFastqAndDragmapAndMba:8:1]: executing: # make sure there is no preexisting Docker CID file
rm -f /home/darja/workflow/cromwell-executions1/WholeGenomeGermlineSingleSample/62cff5fe-42ff-4727-90af-a04169deff2b/call-UnmappedBamToAlignedBam/UnmappedBamToAlignedBam/0551237b-680f-41df-bdcf-a1042ce60cb9/call-SplitRG/shard-0/SplitLargeReadGroup/cb93e366-b42f-4ae8-80a0-d934da4596df/call-SamToFastqAndDragmapAndMba/shard-8/execution/docker_cid
# run as in the original configuration without --rm flag (will remove later)
docker run \
  --cidfile /home/darja/workflow/cromwell-executions1/WholeGenomeGermlineSingleSample/62cff5fe-42ff-4727-90af-a04169deff2b/call-UnmappedBamToAlignedBam/UnmappedBamToAlignedBam/0551237b-680f-41df-bdcf-a1042ce60cb9/call-SplitRG/shard-0/SplitLargeReadGroup/cb93e366-b42f-4ae8-80a0-d934da4596df/call-SamToFastqAndDragmapAndMba/shard-8/execution/docker_cid \
  -i \
  --user 1027:1028 \
  --cpus="32" \
  --memory="184320M" \
  --entrypoint /bin/bash \
  -v /home/darja/workflow/cromwell-executions1/WholeGenomeGermlineSingleSample/62cff5fe-42ff-4727-90af-a04169deff2b/call-UnmappedBamToAlignedBam/UnmappedBamToAlignedBam/0551237b-680f-41df-bdcf-a1042ce60cb9/call-SplitRG/shard-0/SplitLargeReadGroup/cb93e366-b42f-4ae8-80a0-d934da4596df/call-SamToFastqAndDragmapAndMba/shard-8:/cromwell-executions1/WholeGenomeGermlineSingleSample/62cff5fe-42ff-4727-90af-a04169deff2b/call-UnmappedBamToAlignedBam/UnmappedBamToAlignedBam/0551237b-680f-41df-bdcf-a1042ce60cb9/call-SplitRG/shard-0/SplitLargeReadGroup/cb93e366-b42f-4ae8-80a0-d934da4596df/call-SamToFastqAndDragmapAndMba/shard-8 \
  -v /mnt/nas1/projects/lasr/blendseq:/mnt/nas1/projects/lasr/blendseq \
  us.gcr.io/broad-gotc-prod/dragmap@sha256:5964afca3e4173c33b11100f68c1a44642e0ff2ee4de5a49d8cd446fef308b23 /cromwell-executions1/WholeGenomeGermlineSingleSample/62cff5fe-42ff-4727-90af-a04169deff2b/call-UnmappedBamToAlignedBam/UnmappedBamToAlignedBam/0551237b-680f-41df-bdcf-a1042ce60cb9/call-SplitRG/shard-0/SplitLargeReadGroup/cb93e366-b42f-4ae8-80a0-d934da4596df/call-SamToFastqAndDragmapAndMba/shard-8/execution/script

# get the return code (working even if the container was detached)
rc=$(docker wait [38;5;5mcat /home/darja/workflow/cromwell-executions1/WholeGenomeGermlineSingleSample/62cff5fe-42ff-4727-90af-a04169deff2b/call-UnmappedBamToAlignedBam/UnmappedBamToAlignedBam/0551237b-680f-41df-bdcf-a1042ce60cb9/call-SplitRG/shard-0/SplitLargeReadGroup/cb93e366-b42f-4ae8-80a0-d934da4596df/call-SamToFastqAndDragmapAndMba/shard-8/execution/docker_cid[0m)

# remove the container after waiting
docker rm [38;5;5mcat /home/darja/workflow/cromwell-executions1/WholeGenomeGermlineSingleSample/62cff5fe-42ff-4727-90af-a04169deff2b/call-UnmappedBamToAlignedBam/UnmappedBamToAlignedBam/0551237b-680f-41df-bdcf-a1042ce60cb9/call-SplitRG/shard-0/SplitLargeReadGroup/cb93e366-b42f-4ae8-80a0-d934da4596df/call-SamToFastqAndDragmapAndMba/shard-8/execution/docker_cid[0m

# return exit code
exit $rc
[2026-03-26 01:42:21,04] [info] BackgroundConfigAsyncJobExecutionActor [[38;5;2mcb93e366[0mSplitLargeReadGroup.SamToFastqAndDragmapAndMba:8:1]: job id: 468590
[2026-03-26 01:42:21,04] [info] BackgroundConfigAsyncJobExecutionActor [[38;5;2mcb93e366[0mSplitLargeReadGroup.SamToFastqAndDragmapAndMba:8:1]: Status change from - to WaitingForReturnCode
[2026-03-26 02:04:52,49] [info] BackgroundConfigAsyncJobExecutionActor [[38;5;2mcb93e366[0mSplitLargeReadGroup.SamToFastqAndDragmapAndMba:5:1]: Status change from WaitingForReturnCode to Done
[2026-03-26 02:04:56,20] [info] Assigned new job execution tokens to the following groups: 62cff5fe: 1
[2026-03-26 02:04:56,23] [[38;5;220mwarn[0m] BackgroundConfigAsyncJobExecutionActor [[38;5;2mcb93e366[0mSplitLargeReadGroup.SamToFastqAndDragmapAndMba:3:1]: Unrecognized runtime attribute keys: preemptible, disks, cpu, memory
[2026-03-26 02:04:58,85] [info] BackgroundConfigAsyncJobExecutionActor [[38;5;2mcb93e366[0mSplitLargeReadGroup.SamToFastqAndDragmapAndMba:3:1]: [38;5;5mset -euxo pipefail

DRAGMAP_VERSION=$(dragen-os --version)

if [ -z ${DRAGMAP_VERSION} ]; then
    exit 1;
fi

mkdir dragen_reference
mv /cromwell-executions1/WholeGenomeGermlineSingleSample/62cff5fe-42ff-4727-90af-a04169deff2b/call-UnmappedBamToAlignedBam/UnmappedBamToAlignedBam/0551237b-680f-41df-bdcf-a1042ce60cb9/call-SplitRG/shard-0/SplitLargeReadGroup/cb93e366-b42f-4ae8-80a0-d934da4596df/call-SamToFastqAndDragmapAndMba/shard-3/inputs/-1290198700/reference.bin /cromwell-executions1/WholeGenomeGermlineSingleSample/62cff5fe-42ff-4727-90af-a04169deff2b/call-UnmappedBamToAlignedBam/UnmappedBamToAlignedBam/0551237b-680f-41df-bdcf-a1042ce60cb9/call-SplitRG/shard-0/SplitLargeReadGroup/cb93e366-b42f-4ae8-80a0-d934da4596df/call-SamToFastqAndDragmapAndMba/shard-3/inputs/-1290198700/hash_table.cfg.bin /cromwell-executions1/WholeGenomeGermlineSingleSample/62cff5fe-42ff-4727-90af-a04169deff2b/call-UnmappedBamToAlignedBam/UnmappedBamToAlignedBam/0551237b-680f-41df-bdcf-a1042ce60cb9/call-SplitRG/shard-0/SplitLargeReadGroup/cb93e366-b42f-4ae8-80a0-d934da4596df/call-SamToFastqAndDragmapAndMba/shard-3/inputs/-1290198700/hash_table.cmp dragen_reference

dragen-os -b /cromwell-executions1/WholeGenomeGermlineSingleSample/62cff5fe-42ff-4727-90af-a04169deff2b/call-UnmappedBamToAlignedBam/UnmappedBamToAlignedBam/0551237b-680f-41df-bdcf-a1042ce60cb9/call-SplitRG/shard-0/SplitLargeReadGroup/cb93e366-b42f-4ae8-80a0-d934da4596df/call-SamToFastqAndDragmapAndMba/shard-3/inputs/-365940741/shard_0004.bam -r dragen_reference --interleaved=1 --preserve-map-align-order true 2> >(tee shard_0004.dragmap.stderr.log >&2) | samtools view -h -O BAM - > aligned.bam
java -Dsamjdk.compression_level=2 -Xms1000m -Xmx1000m -jar /picard/picard.jar \
  MergeBamAlignment \
  VALIDATION_STRINGENCY=SILENT \
  EXPECTED_ORIENTATIONS=FR \
  ATTRIBUTES_TO_RETAIN=X0 \
  ATTRIBUTES_TO_REMOVE=RG \
  ATTRIBUTES_TO_REMOVE=NM \
  ATTRIBUTES_TO_REMOVE=MD \
  ALIGNED_BAM=aligned.bam \
  UNMAPPED_BAM=/cromwell-executions1/WholeGenomeGermlineSingleSample/62cff5fe-42ff-4727-90af-a04169deff2b/call-UnmappedBamToAlignedBam/UnmappedBamToAlignedBam/0551237b-680f-41df-bdcf-a1042ce60cb9/call-SplitRG/shard-0/SplitLargeReadGroup/cb93e366-b42f-4ae8-80a0-d934da4596df/call-SamToFastqAndDragmapAndMba/shard-3/inputs/-365940741/shard_0004.bam \
  OUTPUT=shard_0004.bam \
  REFERENCE_SEQUENCE=/cromwell-executions1/WholeGenomeGermlineSingleSample/62cff5fe-42ff-4727-90af-a04169deff2b/call-UnmappedBamToAlignedBam/UnmappedBamToAlignedBam/0551237b-680f-41df-bdcf-a1042ce60cb9/call-SplitRG/shard-0/SplitLargeReadGroup/cb93e366-b42f-4ae8-80a0-d934da4596df/call-SamToFastqAndDragmapAndMba/shard-3/inputs/-1569105944/Homo_sapiens_assembly38_masked.fasta \
  PAIRED_RUN=true \
  SORT_ORDER="unsorted" \
  IS_BISULFITE_SEQUENCE=false \
  ALIGNED_READS_ONLY=false \
  CLIP_ADAPTERS=false \
   \
   \
  MAX_RECORDS_IN_RAM=2000000 \
  ADD_MATE_CIGAR=true \
  MAX_INSERTIONS_OR_DELETIONS=-1 \
  PRIMARY_ALIGNMENT_STRATEGY=MostDistant \
  PROGRAM_RECORD_ID="dragen-os" \
  PROGRAM_GROUP_VERSION="${DRAGMAP_VERSION}" \
  PROGRAM_GROUP_COMMAND_LINE="dragen-os -b /cromwell-executions1/WholeGenomeGermlineSingleSample/62cff5fe-42ff-4727-90af-a04169deff2b/call-UnmappedBamToAlignedBam/UnmappedBamToAlignedBam/0551237b-680f-41df-bdcf-a1042ce60cb9/call-SplitRG/shard-0/SplitLargeReadGroup/cb93e366-b42f-4ae8-80a0-d934da4596df/call-SamToFastqAndDragmapAndMba/shard-3/inputs/-365940741/shard_0004.bam -r dragen_reference --interleaved=1" \
  PROGRAM_GROUP_NAME="dragen-os" \
  UNMAPPED_READ_STRATEGY=COPY_TO_TAG \
  ALIGNER_PROPER_PAIR_FLAGS=true \
  UNMAP_CONTAMINANT_READS=true \
  ADD_PG_TAG_TO_READS=false[0m
[2026-03-26 02:04:58,85] [info] BackgroundConfigAsyncJobExecutionActor [[38;5;2mcb93e366[0mSplitLargeReadGroup.SamToFastqAndDragmapAndMba:3:1]: executing: # make sure there is no preexisting Docker CID file
rm -f /home/darja/workflow/cromwell-executions1/WholeGenomeGermlineSingleSample/62cff5fe-42ff-4727-90af-a04169deff2b/call-UnmappedBamToAlignedBam/UnmappedBamToAlignedBam/0551237b-680f-41df-bdcf-a1042ce60cb9/call-SplitRG/shard-0/SplitLargeReadGroup/cb93e366-b42f-4ae8-80a0-d934da4596df/call-SamToFastqAndDragmapAndMba/shard-3/execution/docker_cid
# run as in the original configuration without --rm flag (will remove later)
docker run \
  --cidfile /home/darja/workflow/cromwell-executions1/WholeGenomeGermlineSingleSample/62cff5fe-42ff-4727-90af-a04169deff2b/call-UnmappedBamToAlignedBam/UnmappedBamToAlignedBam/0551237b-680f-41df-bdcf-a1042ce60cb9/call-SplitRG/shard-0/SplitLargeReadGroup/cb93e366-b42f-4ae8-80a0-d934da4596df/call-SamToFastqAndDragmapAndMba/shard-3/execution/docker_cid \
  -i \
  --user 1027:1028 \
  --cpus="32" \
  --memory="184320M" \
  --entrypoint /bin/bash \
  -v /home/darja/workflow/cromwell-executions1/WholeGenomeGermlineSingleSample/62cff5fe-42ff-4727-90af-a04169deff2b/call-UnmappedBamToAlignedBam/UnmappedBamToAlignedBam/0551237b-680f-41df-bdcf-a1042ce60cb9/call-SplitRG/shard-0/SplitLargeReadGroup/cb93e366-b42f-4ae8-80a0-d934da4596df/call-SamToFastqAndDragmapAndMba/shard-3:/cromwell-executions1/WholeGenomeGermlineSingleSample/62cff5fe-42ff-4727-90af-a04169deff2b/call-UnmappedBamToAlignedBam/UnmappedBamToAlignedBam/0551237b-680f-41df-bdcf-a1042ce60cb9/call-SplitRG/shard-0/SplitLargeReadGroup/cb93e366-b42f-4ae8-80a0-d934da4596df/call-SamToFastqAndDragmapAndMba/shard-3 \
  -v /mnt/nas1/projects/lasr/blendseq:/mnt/nas1/projects/lasr/blendseq \
  us.gcr.io/broad-gotc-prod/dragmap@sha256:5964afca3e4173c33b11100f68c1a44642e0ff2ee4de5a49d8cd446fef308b23 /cromwell-executions1/WholeGenomeGermlineSingleSample/62cff5fe-42ff-4727-90af-a04169deff2b/call-UnmappedBamToAlignedBam/UnmappedBamToAlignedBam/0551237b-680f-41df-bdcf-a1042ce60cb9/call-SplitRG/shard-0/SplitLargeReadGroup/cb93e366-b42f-4ae8-80a0-d934da4596df/call-SamToFastqAndDragmapAndMba/shard-3/execution/script

# get the return code (working even if the container was detached)
rc=$(docker wait [38;5;5mcat /home/darja/workflow/cromwell-executions1/WholeGenomeGermlineSingleSample/62cff5fe-42ff-4727-90af-a04169deff2b/call-UnmappedBamToAlignedBam/UnmappedBamToAlignedBam/0551237b-680f-41df-bdcf-a1042ce60cb9/call-SplitRG/shard-0/SplitLargeReadGroup/cb93e366-b42f-4ae8-80a0-d934da4596df/call-SamToFastqAndDragmapAndMba/shard-3/execution/docker_cid[0m)

# remove the container after waiting
docker rm [38;5;5mcat /home/darja/workflow/cromwell-executions1/WholeGenomeGermlineSingleSample/62cff5fe-42ff-4727-90af-a04169deff2b/call-UnmappedBamToAlignedBam/UnmappedBamToAlignedBam/0551237b-680f-41df-bdcf-a1042ce60cb9/call-SplitRG/shard-0/SplitLargeReadGroup/cb93e366-b42f-4ae8-80a0-d934da4596df/call-SamToFastqAndDragmapAndMba/shard-3/execution/docker_cid[0m

# return exit code
exit $rc
[2026-03-26 02:05:01,04] [info] BackgroundConfigAsyncJobExecutionActor [[38;5;2mcb93e366[0mSplitLargeReadGroup.SamToFastqAndDragmapAndMba:3:1]: job id: 469494
[2026-03-26 02:05:01,04] [info] BackgroundConfigAsyncJobExecutionActor [[38;5;2mcb93e366[0mSplitLargeReadGroup.SamToFastqAndDragmapAndMba:3:1]: Status change from - to WaitingForReturnCode
[2026-03-26 02:24:58,53] [info] BackgroundConfigAsyncJobExecutionActor [[38;5;2mcb93e366[0mSplitLargeReadGroup.SamToFastqAndDragmapAndMba:8:1]: Status change from WaitingForReturnCode to Done
[2026-03-26 02:25:06,20] [info] Assigned new job execution tokens to the following groups: 62cff5fe: 1
[2026-03-26 02:25:06,23] [[38;5;220mwarn[0m] BackgroundConfigAsyncJobExecutionActor [[38;5;2mcb93e366[0mSplitLargeReadGroup.SamToFastqAndDragmapAndMba:20:1]: Unrecognized runtime attribute keys: preemptible, disks, cpu, memory
[2026-03-26 02:25:09,42] [info] BackgroundConfigAsyncJobExecutionActor [[38;5;2mcb93e366[0mSplitLargeReadGroup.SamToFastqAndDragmapAndMba:20:1]: [38;5;5mset -euxo pipefail

DRAGMAP_VERSION=$(dragen-os --version)

if [ -z ${DRAGMAP_VERSION} ]; then
    exit 1;
fi

mkdir dragen_reference
mv /cromwell-executions1/WholeGenomeGermlineSingleSample/62cff5fe-42ff-4727-90af-a04169deff2b/call-UnmappedBamToAlignedBam/UnmappedBamToAlignedBam/0551237b-680f-41df-bdcf-a1042ce60cb9/call-SplitRG/shard-0/SplitLargeReadGroup/cb93e366-b42f-4ae8-80a0-d934da4596df/call-SamToFastqAndDragmapAndMba/shard-20/inputs/-1290198700/reference.bin /cromwell-executions1/WholeGenomeGermlineSingleSample/62cff5fe-42ff-4727-90af-a04169deff2b/call-UnmappedBamToAlignedBam/UnmappedBamToAlignedBam/0551237b-680f-41df-bdcf-a1042ce60cb9/call-SplitRG/shard-0/SplitLargeReadGroup/cb93e366-b42f-4ae8-80a0-d934da4596df/call-SamToFastqAndDragmapAndMba/shard-20/inputs/-1290198700/hash_table.cfg.bin /cromwell-executions1/WholeGenomeGermlineSingleSample/62cff5fe-42ff-4727-90af-a04169deff2b/call-UnmappedBamToAlignedBam/UnmappedBamToAlignedBam/0551237b-680f-41df-bdcf-a1042ce60cb9/call-SplitRG/shard-0/SplitLargeReadGroup/cb93e366-b42f-4ae8-80a0-d934da4596df/call-SamToFastqAndDragmapAndMba/shard-20/inputs/-1290198700/hash_table.cmp dragen_reference

dragen-os -b /cromwell-executions1/WholeGenomeGermlineSingleSample/62cff5fe-42ff-4727-90af-a04169deff2b/call-UnmappedBamToAlignedBam/UnmappedBamToAlignedBam/0551237b-680f-41df-bdcf-a1042ce60cb9/call-SplitRG/shard-0/SplitLargeReadGroup/cb93e366-b42f-4ae8-80a0-d934da4596df/call-SamToFastqAndDragmapAndMba/shard-20/inputs/-365940741/shard_0021.bam -r dragen_reference --interleaved=1 --preserve-map-align-order true 2> >(tee shard_0021.dragmap.stderr.log >&2) | samtools view -h -O BAM - > aligned.bam
java -Dsamjdk.compression_level=2 -Xms1000m -Xmx1000m -jar /picard/picard.jar \
  MergeBamAlignment \
  VALIDATION_STRINGENCY=SILENT \
  EXPECTED_ORIENTATIONS=FR \
  ATTRIBUTES_TO_RETAIN=X0 \
  ATTRIBUTES_TO_REMOVE=RG \
  ATTRIBUTES_TO_REMOVE=NM \
  ATTRIBUTES_TO_REMOVE=MD \
  ALIGNED_BAM=aligned.bam \
  UNMAPPED_BAM=/cromwell-executions1/WholeGenomeGermlineSingleSample/62cff5fe-42ff-4727-90af-a04169deff2b/call-UnmappedBamToAlignedBam/UnmappedBamToAlignedBam/0551237b-680f-41df-bdcf-a1042ce60cb9/call-SplitRG/shard-0/SplitLargeReadGroup/cb93e366-b42f-4ae8-80a0-d934da4596df/call-SamToFastqAndDragmapAndMba/shard-20/inputs/-365940741/shard_0021.bam \
  OUTPUT=shard_0021.bam \
  REFERENCE_SEQUENCE=/cromwell-executions1/WholeGenomeGermlineSingleSample/62cff5fe-42ff-4727-90af-a04169deff2b/call-UnmappedBamToAlignedBam/UnmappedBamToAlignedBam/0551237b-680f-41df-bdcf-a1042ce60cb9/call-SplitRG/shard-0/SplitLargeReadGroup/cb93e366-b42f-4ae8-80a0-d934da4596df/call-SamToFastqAndDragmapAndMba/shard-20/inputs/-1569105944/Homo_sapiens_assembly38_masked.fasta \
  PAIRED_RUN=true \
  SORT_ORDER="unsorted" \
  IS_BISULFITE_SEQUENCE=false \
  ALIGNED_READS_ONLY=false \
  CLIP_ADAPTERS=false \
   \
   \
  MAX_RECORDS_IN_RAM=2000000 \
  ADD_MATE_CIGAR=true \
  MAX_INSERTIONS_OR_DELETIONS=-1 \
  PRIMARY_ALIGNMENT_STRATEGY=MostDistant \
  PROGRAM_RECORD_ID="dragen-os" \
  PROGRAM_GROUP_VERSION="${DRAGMAP_VERSION}" \
  PROGRAM_GROUP_COMMAND_LINE="dragen-os -b /cromwell-executions1/WholeGenomeGermlineSingleSample/62cff5fe-42ff-4727-90af-a04169deff2b/call-UnmappedBamToAlignedBam/UnmappedBamToAlignedBam/0551237b-680f-41df-bdcf-a1042ce60cb9/call-SplitRG/shard-0/SplitLargeReadGroup/cb93e366-b42f-4ae8-80a0-d934da4596df/call-SamToFastqAndDragmapAndMba/shard-20/inputs/-365940741/shard_0021.bam -r dragen_reference --interleaved=1" \
  PROGRAM_GROUP_NAME="dragen-os" \
  UNMAPPED_READ_STRATEGY=COPY_TO_TAG \
  ALIGNER_PROPER_PAIR_FLAGS=true \
  UNMAP_CONTAMINANT_READS=true \
  ADD_PG_TAG_TO_READS=false[0m
[2026-03-26 02:25:09,42] [info] BackgroundConfigAsyncJobExecutionActor [[38;5;2mcb93e366[0mSplitLargeReadGroup.SamToFastqAndDragmapAndMba:20:1]: executing: # make sure there is no preexisting Docker CID file
rm -f /home/darja/workflow/cromwell-executions1/WholeGenomeGermlineSingleSample/62cff5fe-42ff-4727-90af-a04169deff2b/call-UnmappedBamToAlignedBam/UnmappedBamToAlignedBam/0551237b-680f-41df-bdcf-a1042ce60cb9/call-SplitRG/shard-0/SplitLargeReadGroup/cb93e366-b42f-4ae8-80a0-d934da4596df/call-SamToFastqAndDragmapAndMba/shard-20/execution/docker_cid
# run as in the original configuration without --rm flag (will remove later)
docker run \
  --cidfile /home/darja/workflow/cromwell-executions1/WholeGenomeGermlineSingleSample/62cff5fe-42ff-4727-90af-a04169deff2b/call-UnmappedBamToAlignedBam/UnmappedBamToAlignedBam/0551237b-680f-41df-bdcf-a1042ce60cb9/call-SplitRG/shard-0/SplitLargeReadGroup/cb93e366-b42f-4ae8-80a0-d934da4596df/call-SamToFastqAndDragmapAndMba/shard-20/execution/docker_cid \
  -i \
  --user 1027:1028 \
  --cpus="32" \
  --memory="184320M" \
  --entrypoint /bin/bash \
  -v /home/darja/workflow/cromwell-executions1/WholeGenomeGermlineSingleSample/62cff5fe-42ff-4727-90af-a04169deff2b/call-UnmappedBamToAlignedBam/UnmappedBamToAlignedBam/0551237b-680f-41df-bdcf-a1042ce60cb9/call-SplitRG/shard-0/SplitLargeReadGroup/cb93e366-b42f-4ae8-80a0-d934da4596df/call-SamToFastqAndDragmapAndMba/shard-20:/cromwell-executions1/WholeGenomeGermlineSingleSample/62cff5fe-42ff-4727-90af-a04169deff2b/call-UnmappedBamToAlignedBam/UnmappedBamToAlignedBam/0551237b-680f-41df-bdcf-a1042ce60cb9/call-SplitRG/shard-0/SplitLargeReadGroup/cb93e366-b42f-4ae8-80a0-d934da4596df/call-SamToFastqAndDragmapAndMba/shard-20 \
  -v /mnt/nas1/projects/lasr/blendseq:/mnt/nas1/projects/lasr/blendseq \
  us.gcr.io/broad-gotc-prod/dragmap@sha256:5964afca3e4173c33b11100f68c1a44642e0ff2ee4de5a49d8cd446fef308b23 /cromwell-executions1/WholeGenomeGermlineSingleSample/62cff5fe-42ff-4727-90af-a04169deff2b/call-UnmappedBamToAlignedBam/UnmappedBamToAlignedBam/0551237b-680f-41df-bdcf-a1042ce60cb9/call-SplitRG/shard-0/SplitLargeReadGroup/cb93e366-b42f-4ae8-80a0-d934da4596df/call-SamToFastqAndDragmapAndMba/shard-20/execution/script

# get the return code (working even if the container was detached)
rc=$(docker wait [38;5;5mcat /home/darja/workflow/cromwell-executions1/WholeGenomeGermlineSingleSample/62cff5fe-42ff-4727-90af-a04169deff2b/call-UnmappedBamToAlignedBam/UnmappedBamToAlignedBam/0551237b-680f-41df-bdcf-a1042ce60cb9/call-SplitRG/shard-0/SplitLargeReadGroup/cb93e366-b42f-4ae8-80a0-d934da4596df/call-SamToFastqAndDragmapAndMba/shard-20/execution/docker_cid[0m)

# remove the container after waiting
docker rm [38;5;5mcat /home/darja/workflow/cromwell-executions1/WholeGenomeGermlineSingleSample/62cff5fe-42ff-4727-90af-a04169deff2b/call-UnmappedBamToAlignedBam/UnmappedBamToAlignedBam/0551237b-680f-41df-bdcf-a1042ce60cb9/call-SplitRG/shard-0/SplitLargeReadGroup/cb93e366-b42f-4ae8-80a0-d934da4596df/call-SamToFastqAndDragmapAndMba/shard-20/execution/docker_cid[0m

# return exit code
exit $rc
[2026-03-26 02:25:11,04] [info] BackgroundConfigAsyncJobExecutionActor [[38;5;2mcb93e366[0mSplitLargeReadGroup.SamToFastqAndDragmapAndMba:20:1]: job id: 470367
[2026-03-26 02:25:11,04] [info] BackgroundConfigAsyncJobExecutionActor [[38;5;2mcb93e366[0mSplitLargeReadGroup.SamToFastqAndDragmapAndMba:20:1]: Status change from - to WaitingForReturnCode
[2026-03-26 02:41:16,62] [info] BackgroundConfigAsyncJobExecutionActor [[38;5;2mcb93e366[0mSplitLargeReadGroup.SamToFastqAndDragmapAndMba:3:1]: Status change from WaitingForReturnCode to Done
[2026-03-26 02:41:26,20] [info] Assigned new job execution tokens to the following groups: 62cff5fe: 1
[2026-03-26 02:41:26,23] [[38;5;220mwarn[0m] BackgroundConfigAsyncJobExecutionActor [[38;5;2mcb93e366[0mSplitLargeReadGroup.SamToFastqAndDragmapAndMba:29:1]: Unrecognized runtime attribute keys: preemptible, disks, cpu, memory
[2026-03-26 02:41:29,54] [info] BackgroundConfigAsyncJobExecutionActor [[38;5;2mcb93e366[0mSplitLargeReadGroup.SamToFastqAndDragmapAndMba:29:1]: [38;5;5mset -euxo pipefail

DRAGMAP_VERSION=$(dragen-os --version)

if [ -z ${DRAGMAP_VERSION} ]; then
    exit 1;
fi

mkdir dragen_reference
mv /cromwell-executions1/WholeGenomeGermlineSingleSample/62cff5fe-42ff-4727-90af-a04169deff2b/call-UnmappedBamToAlignedBam/UnmappedBamToAlignedBam/0551237b-680f-41df-bdcf-a1042ce60cb9/call-SplitRG/shard-0/SplitLargeReadGroup/cb93e366-b42f-4ae8-80a0-d934da4596df/call-SamToFastqAndDragmapAndMba/shard-29/inputs/-1290198700/reference.bin /cromwell-executions1/WholeGenomeGermlineSingleSample/62cff5fe-42ff-4727-90af-a04169deff2b/call-UnmappedBamToAlignedBam/UnmappedBamToAlignedBam/0551237b-680f-41df-bdcf-a1042ce60cb9/call-SplitRG/shard-0/SplitLargeReadGroup/cb93e366-b42f-4ae8-80a0-d934da4596df/call-SamToFastqAndDragmapAndMba/shard-29/inputs/-1290198700/hash_table.cfg.bin /cromwell-executions1/WholeGenomeGermlineSingleSample/62cff5fe-42ff-4727-90af-a04169deff2b/call-UnmappedBamToAlignedBam/UnmappedBamToAlignedBam/0551237b-680f-41df-bdcf-a1042ce60cb9/call-SplitRG/shard-0/SplitLargeReadGroup/cb93e366-b42f-4ae8-80a0-d934da4596df/call-SamToFastqAndDragmapAndMba/shard-29/inputs/-1290198700/hash_table.cmp dragen_reference

dragen-os -b /cromwell-executions1/WholeGenomeGermlineSingleSample/62cff5fe-42ff-4727-90af-a04169deff2b/call-UnmappedBamToAlignedBam/UnmappedBamToAlignedBam/0551237b-680f-41df-bdcf-a1042ce60cb9/call-SplitRG/shard-0/SplitLargeReadGroup/cb93e366-b42f-4ae8-80a0-d934da4596df/call-SamToFastqAndDragmapAndMba/shard-29/inputs/-365940741/shard_0030.bam -r dragen_reference --interleaved=1 --preserve-map-align-order true 2> >(tee shard_0030.dragmap.stderr.log >&2) | samtools view -h -O BAM - > aligned.bam
java -Dsamjdk.compression_level=2 -Xms1000m -Xmx1000m -jar /picard/picard.jar \
  MergeBamAlignment \
  VALIDATION_STRINGENCY=SILENT \
  EXPECTED_ORIENTATIONS=FR \
  ATTRIBUTES_TO_RETAIN=X0 \
  ATTRIBUTES_TO_REMOVE=RG \
  ATTRIBUTES_TO_REMOVE=NM \
  ATTRIBUTES_TO_REMOVE=MD \
  ALIGNED_BAM=aligned.bam \
  UNMAPPED_BAM=/cromwell-executions1/WholeGenomeGermlineSingleSample/62cff5fe-42ff-4727-90af-a04169deff2b/call-UnmappedBamToAlignedBam/UnmappedBamToAlignedBam/0551237b-680f-41df-bdcf-a1042ce60cb9/call-SplitRG/shard-0/SplitLargeReadGroup/cb93e366-b42f-4ae8-80a0-d934da4596df/call-SamToFastqAndDragmapAndMba/shard-29/inputs/-365940741/shard_0030.bam \
  OUTPUT=shard_0030.bam \
  REFERENCE_SEQUENCE=/cromwell-executions1/WholeGenomeGermlineSingleSample/62cff5fe-42ff-4727-90af-a04169deff2b/call-UnmappedBamToAlignedBam/UnmappedBamToAlignedBam/0551237b-680f-41df-bdcf-a1042ce60cb9/call-SplitRG/shard-0/SplitLargeReadGroup/cb93e366-b42f-4ae8-80a0-d934da4596df/call-SamToFastqAndDragmapAndMba/shard-29/inputs/-1569105944/Homo_sapiens_assembly38_masked.fasta \
  PAIRED_RUN=true \
  SORT_ORDER="unsorted" \
  IS_BISULFITE_SEQUENCE=false \
  ALIGNED_READS_ONLY=false \
  CLIP_ADAPTERS=false \
   \
   \
  MAX_RECORDS_IN_RAM=2000000 \
  ADD_MATE_CIGAR=true \
  MAX_INSERTIONS_OR_DELETIONS=-1 \
  PRIMARY_ALIGNMENT_STRATEGY=MostDistant \
  PROGRAM_RECORD_ID="dragen-os" \
  PROGRAM_GROUP_VERSION="${DRAGMAP_VERSION}" \
  PROGRAM_GROUP_COMMAND_LINE="dragen-os -b /cromwell-executions1/WholeGenomeGermlineSingleSample/62cff5fe-42ff-4727-90af-a04169deff2b/call-UnmappedBamToAlignedBam/UnmappedBamToAlignedBam/0551237b-680f-41df-bdcf-a1042ce60cb9/call-SplitRG/shard-0/SplitLargeReadGroup/cb93e366-b42f-4ae8-80a0-d934da4596df/call-SamToFastqAndDragmapAndMba/shard-29/inputs/-365940741/shard_0030.bam -r dragen_reference --interleaved=1" \
  PROGRAM_GROUP_NAME="dragen-os" \
  UNMAPPED_READ_STRATEGY=COPY_TO_TAG \
  ALIGNER_PROPER_PAIR_FLAGS=true \
  UNMAP_CONTAMINANT_READS=true \
  ADD_PG_TAG_TO_READS=false[0m
[2026-03-26 02:41:29,54] [info] BackgroundConfigAsyncJobExecutionActor [[38;5;2mcb93e366[0mSplitLargeReadGroup.SamToFastqAndDragmapAndMba:29:1]: executing: # make sure there is no preexisting Docker CID file
rm -f /home/darja/workflow/cromwell-executions1/WholeGenomeGermlineSingleSample/62cff5fe-42ff-4727-90af-a04169deff2b/call-UnmappedBamToAlignedBam/UnmappedBamToAlignedBam/0551237b-680f-41df-bdcf-a1042ce60cb9/call-SplitRG/shard-0/SplitLargeReadGroup/cb93e366-b42f-4ae8-80a0-d934da4596df/call-SamToFastqAndDragmapAndMba/shard-29/execution/docker_cid
# run as in the original configuration without --rm flag (will remove later)
docker run \
  --cidfile /home/darja/workflow/cromwell-executions1/WholeGenomeGermlineSingleSample/62cff5fe-42ff-4727-90af-a04169deff2b/call-UnmappedBamToAlignedBam/UnmappedBamToAlignedBam/0551237b-680f-41df-bdcf-a1042ce60cb9/call-SplitRG/shard-0/SplitLargeReadGroup/cb93e366-b42f-4ae8-80a0-d934da4596df/call-SamToFastqAndDragmapAndMba/shard-29/execution/docker_cid \
  -i \
  --user 1027:1028 \
  --cpus="32" \
  --memory="184320M" \
  --entrypoint /bin/bash \
  -v /home/darja/workflow/cromwell-executions1/WholeGenomeGermlineSingleSample/62cff5fe-42ff-4727-90af-a04169deff2b/call-UnmappedBamToAlignedBam/UnmappedBamToAlignedBam/0551237b-680f-41df-bdcf-a1042ce60cb9/call-SplitRG/shard-0/SplitLargeReadGroup/cb93e366-b42f-4ae8-80a0-d934da4596df/call-SamToFastqAndDragmapAndMba/shard-29:/cromwell-executions1/WholeGenomeGermlineSingleSample/62cff5fe-42ff-4727-90af-a04169deff2b/call-UnmappedBamToAlignedBam/UnmappedBamToAlignedBam/0551237b-680f-41df-bdcf-a1042ce60cb9/call-SplitRG/shard-0/SplitLargeReadGroup/cb93e366-b42f-4ae8-80a0-d934da4596df/call-SamToFastqAndDragmapAndMba/shard-29 \
  -v /mnt/nas1/projects/lasr/blendseq:/mnt/nas1/projects/lasr/blendseq \
  us.gcr.io/broad-gotc-prod/dragmap@sha256:5964afca3e4173c33b11100f68c1a44642e0ff2ee4de5a49d8cd446fef308b23 /cromwell-executions1/WholeGenomeGermlineSingleSample/62cff5fe-42ff-4727-90af-a04169deff2b/call-UnmappedBamToAlignedBam/UnmappedBamToAlignedBam/0551237b-680f-41df-bdcf-a1042ce60cb9/call-SplitRG/shard-0/SplitLargeReadGroup/cb93e366-b42f-4ae8-80a0-d934da4596df/call-SamToFastqAndDragmapAndMba/shard-29/execution/script

# get the return code (working even if the container was detached)
rc=$(docker wait [38;5;5mcat /home/darja/workflow/cromwell-executions1/WholeGenomeGermlineSingleSample/62cff5fe-42ff-4727-90af-a04169deff2b/call-UnmappedBamToAlignedBam/UnmappedBamToAlignedBam/0551237b-680f-41df-bdcf-a1042ce60cb9/call-SplitRG/shard-0/SplitLargeReadGroup/cb93e366-b42f-4ae8-80a0-d934da4596df/call-SamToFastqAndDragmapAndMba/shard-29/execution/docker_cid[0m)

# remove the container after waiting
docker rm [38;5;5mcat /home/darja/workflow/cromwell-executions1/WholeGenomeGermlineSingleSample/62cff5fe-42ff-4727-90af-a04169deff2b/call-UnmappedBamToAlignedBam/UnmappedBamToAlignedBam/0551237b-680f-41df-bdcf-a1042ce60cb9/call-SplitRG/shard-0/SplitLargeReadGroup/cb93e366-b42f-4ae8-80a0-d934da4596df/call-SamToFastqAndDragmapAndMba/shard-29/execution/docker_cid[0m

# return exit code
exit $rc
[2026-03-26 02:41:31,04] [info] BackgroundConfigAsyncJobExecutionActor [[38;5;2mcb93e366[0mSplitLargeReadGroup.SamToFastqAndDragmapAndMba:29:1]: job id: 471240
[2026-03-26 02:41:31,04] [info] BackgroundConfigAsyncJobExecutionActor [[38;5;2mcb93e366[0mSplitLargeReadGroup.SamToFastqAndDragmapAndMba:29:1]: Status change from - to WaitingForReturnCode
[2026-03-26 03:15:32,65] [info] BackgroundConfigAsyncJobExecutionActor [[38;5;2mcb93e366[0mSplitLargeReadGroup.SamToFastqAndDragmapAndMba:20:1]: Status change from WaitingForReturnCode to Done
[2026-03-26 03:15:36,20] [info] Assigned new job execution tokens to the following groups: 62cff5fe: 1
[2026-03-26 03:15:36,22] [[38;5;220mwarn[0m] BackgroundConfigAsyncJobExecutionActor [[38;5;2mcb93e366[0mSplitLargeReadGroup.SamToFastqAndDragmapAndMba:2:1]: Unrecognized runtime attribute keys: preemptible, disks, cpu, memory
[2026-03-26 03:15:38,35] [info] BackgroundConfigAsyncJobExecutionActor [[38;5;2mcb93e366[0mSplitLargeReadGroup.SamToFastqAndDragmapAndMba:2:1]: [38;5;5mset -euxo pipefail

DRAGMAP_VERSION=$(dragen-os --version)

if [ -z ${DRAGMAP_VERSION} ]; then
    exit 1;
fi

mkdir dragen_reference
mv /cromwell-executions1/WholeGenomeGermlineSingleSample/62cff5fe-42ff-4727-90af-a04169deff2b/call-UnmappedBamToAlignedBam/UnmappedBamToAlignedBam/0551237b-680f-41df-bdcf-a1042ce60cb9/call-SplitRG/shard-0/SplitLargeReadGroup/cb93e366-b42f-4ae8-80a0-d934da4596df/call-SamToFastqAndDragmapAndMba/shard-2/inputs/-1290198700/reference.bin /cromwell-executions1/WholeGenomeGermlineSingleSample/62cff5fe-42ff-4727-90af-a04169deff2b/call-UnmappedBamToAlignedBam/UnmappedBamToAlignedBam/0551237b-680f-41df-bdcf-a1042ce60cb9/call-SplitRG/shard-0/SplitLargeReadGroup/cb93e366-b42f-4ae8-80a0-d934da4596df/call-SamToFastqAndDragmapAndMba/shard-2/inputs/-1290198700/hash_table.cfg.bin /cromwell-executions1/WholeGenomeGermlineSingleSample/62cff5fe-42ff-4727-90af-a04169deff2b/call-UnmappedBamToAlignedBam/UnmappedBamToAlignedBam/0551237b-680f-41df-bdcf-a1042ce60cb9/call-SplitRG/shard-0/SplitLargeReadGroup/cb93e366-b42f-4ae8-80a0-d934da4596df/call-SamToFastqAndDragmapAndMba/shard-2/inputs/-1290198700/hash_table.cmp dragen_reference

dragen-os -b /cromwell-executions1/WholeGenomeGermlineSingleSample/62cff5fe-42ff-4727-90af-a04169deff2b/call-UnmappedBamToAlignedBam/UnmappedBamToAlignedBam/0551237b-680f-41df-bdcf-a1042ce60cb9/call-SplitRG/shard-0/SplitLargeReadGroup/cb93e366-b42f-4ae8-80a0-d934da4596df/call-SamToFastqAndDragmapAndMba/shard-2/inputs/-365940741/shard_0003.bam -r dragen_reference --interleaved=1 --preserve-map-align-order true 2> >(tee shard_0003.dragmap.stderr.log >&2) | samtools view -h -O BAM - > aligned.bam
java -Dsamjdk.compression_level=2 -Xms1000m -Xmx1000m -jar /picard/picard.jar \
  MergeBamAlignment \
  VALIDATION_STRINGENCY=SILENT \
  EXPECTED_ORIENTATIONS=FR \
  ATTRIBUTES_TO_RETAIN=X0 \
  ATTRIBUTES_TO_REMOVE=RG \
  ATTRIBUTES_TO_REMOVE=NM \
  ATTRIBUTES_TO_REMOVE=MD \
  ALIGNED_BAM=aligned.bam \
  UNMAPPED_BAM=/cromwell-executions1/WholeGenomeGermlineSingleSample/62cff5fe-42ff-4727-90af-a04169deff2b/call-UnmappedBamToAlignedBam/UnmappedBamToAlignedBam/0551237b-680f-41df-bdcf-a1042ce60cb9/call-SplitRG/shard-0/SplitLargeReadGroup/cb93e366-b42f-4ae8-80a0-d934da4596df/call-SamToFastqAndDragmapAndMba/shard-2/inputs/-365940741/shard_0003.bam \
  OUTPUT=shard_0003.bam \
  REFERENCE_SEQUENCE=/cromwell-executions1/WholeGenomeGermlineSingleSample/62cff5fe-42ff-4727-90af-a04169deff2b/call-UnmappedBamToAlignedBam/UnmappedBamToAlignedBam/0551237b-680f-41df-bdcf-a1042ce60cb9/call-SplitRG/shard-0/SplitLargeReadGroup/cb93e366-b42f-4ae8-80a0-d934da4596df/call-SamToFastqAndDragmapAndMba/shard-2/inputs/-1569105944/Homo_sapiens_assembly38_masked.fasta \
  PAIRED_RUN=true \
  SORT_ORDER="unsorted" \
  IS_BISULFITE_SEQUENCE=false \
  ALIGNED_READS_ONLY=false \
  CLIP_ADAPTERS=false \
   \
   \
  MAX_RECORDS_IN_RAM=2000000 \
  ADD_MATE_CIGAR=true \
  MAX_INSERTIONS_OR_DELETIONS=-1 \
  PRIMARY_ALIGNMENT_STRATEGY=MostDistant \
  PROGRAM_RECORD_ID="dragen-os" \
  PROGRAM_GROUP_VERSION="${DRAGMAP_VERSION}" \
  PROGRAM_GROUP_COMMAND_LINE="dragen-os -b /cromwell-executions1/WholeGenomeGermlineSingleSample/62cff5fe-42ff-4727-90af-a04169deff2b/call-UnmappedBamToAlignedBam/UnmappedBamToAlignedBam/0551237b-680f-41df-bdcf-a1042ce60cb9/call-SplitRG/shard-0/SplitLargeReadGroup/cb93e366-b42f-4ae8-80a0-d934da4596df/call-SamToFastqAndDragmapAndMba/shard-2/inputs/-365940741/shard_0003.bam -r dragen_reference --interleaved=1" \
  PROGRAM_GROUP_NAME="dragen-os" \
  UNMAPPED_READ_STRATEGY=COPY_TO_TAG \
  ALIGNER_PROPER_PAIR_FLAGS=true \
  UNMAP_CONTAMINANT_READS=true \
  ADD_PG_TAG_TO_READS=false[0m
[2026-03-26 03:15:38,36] [info] BackgroundConfigAsyncJobExecutionActor [[38;5;2mcb93e366[0mSplitLargeReadGroup.SamToFastqAndDragmapAndMba:2:1]: executing: # make sure there is no preexisting Docker CID file
rm -f /home/darja/workflow/cromwell-executions1/WholeGenomeGermlineSingleSample/62cff5fe-42ff-4727-90af-a04169deff2b/call-UnmappedBamToAlignedBam/UnmappedBamToAlignedBam/0551237b-680f-41df-bdcf-a1042ce60cb9/call-SplitRG/shard-0/SplitLargeReadGroup/cb93e366-b42f-4ae8-80a0-d934da4596df/call-SamToFastqAndDragmapAndMba/shard-2/execution/docker_cid
# run as in the original configuration without --rm flag (will remove later)
docker run \
  --cidfile /home/darja/workflow/cromwell-executions1/WholeGenomeGermlineSingleSample/62cff5fe-42ff-4727-90af-a04169deff2b/call-UnmappedBamToAlignedBam/UnmappedBamToAlignedBam/0551237b-680f-41df-bdcf-a1042ce60cb9/call-SplitRG/shard-0/SplitLargeReadGroup/cb93e366-b42f-4ae8-80a0-d934da4596df/call-SamToFastqAndDragmapAndMba/shard-2/execution/docker_cid \
  -i \
  --user 1027:1028 \
  --cpus="32" \
  --memory="184320M" \
  --entrypoint /bin/bash \
  -v /home/darja/workflow/cromwell-executions1/WholeGenomeGermlineSingleSample/62cff5fe-42ff-4727-90af-a04169deff2b/call-UnmappedBamToAlignedBam/UnmappedBamToAlignedBam/0551237b-680f-41df-bdcf-a1042ce60cb9/call-SplitRG/shard-0/SplitLargeReadGroup/cb93e366-b42f-4ae8-80a0-d934da4596df/call-SamToFastqAndDragmapAndMba/shard-2:/cromwell-executions1/WholeGenomeGermlineSingleSample/62cff5fe-42ff-4727-90af-a04169deff2b/call-UnmappedBamToAlignedBam/UnmappedBamToAlignedBam/0551237b-680f-41df-bdcf-a1042ce60cb9/call-SplitRG/shard-0/SplitLargeReadGroup/cb93e366-b42f-4ae8-80a0-d934da4596df/call-SamToFastqAndDragmapAndMba/shard-2 \
  -v /mnt/nas1/projects/lasr/blendseq:/mnt/nas1/projects/lasr/blendseq \
  us.gcr.io/broad-gotc-prod/dragmap@sha256:5964afca3e4173c33b11100f68c1a44642e0ff2ee4de5a49d8cd446fef308b23 /cromwell-executions1/WholeGenomeGermlineSingleSample/62cff5fe-42ff-4727-90af-a04169deff2b/call-UnmappedBamToAlignedBam/UnmappedBamToAlignedBam/0551237b-680f-41df-bdcf-a1042ce60cb9/call-SplitRG/shard-0/SplitLargeReadGroup/cb93e366-b42f-4ae8-80a0-d934da4596df/call-SamToFastqAndDragmapAndMba/shard-2/execution/script

# get the return code (working even if the container was detached)
rc=$(docker wait [38;5;5mcat /home/darja/workflow/cromwell-executions1/WholeGenomeGermlineSingleSample/62cff5fe-42ff-4727-90af-a04169deff2b/call-UnmappedBamToAlignedBam/UnmappedBamToAlignedBam/0551237b-680f-41df-bdcf-a1042ce60cb9/call-SplitRG/shard-0/SplitLargeReadGroup/cb93e366-b42f-4ae8-80a0-d934da4596df/call-SamToFastqAndDragmapAndMba/shard-2/execution/docker_cid[0m)

# remove the container after waiting
docker rm [38;5;5mcat /home/darja/workflow/cromwell-executions1/WholeGenomeGermlineSingleSample/62cff5fe-42ff-4727-90af-a04169deff2b/call-UnmappedBamToAlignedBam/UnmappedBamToAlignedBam/0551237b-680f-41df-bdcf-a1042ce60cb9/call-SplitRG/shard-0/SplitLargeReadGroup/cb93e366-b42f-4ae8-80a0-d934da4596df/call-SamToFastqAndDragmapAndMba/shard-2/execution/docker_cid[0m

# return exit code
exit $rc
[2026-03-26 03:15:41,04] [info] BackgroundConfigAsyncJobExecutionActor [[38;5;2mcb93e366[0mSplitLargeReadGroup.SamToFastqAndDragmapAndMba:2:1]: job id: 472305
[2026-03-26 03:15:41,04] [info] BackgroundConfigAsyncJobExecutionActor [[38;5;2mcb93e366[0mSplitLargeReadGroup.SamToFastqAndDragmapAndMba:2:1]: Status change from - to WaitingForReturnCode
[2026-03-26 03:23:08,04] [info] BackgroundConfigAsyncJobExecutionActor [[38;5;2mcb93e366[0mSplitLargeReadGroup.SamToFastqAndDragmapAndMba:29:1]: Status change from WaitingForReturnCode to Done
[2026-03-26 03:23:16,20] [info] Assigned new job execution tokens to the following groups: 62cff5fe: 1
[2026-03-26 03:23:16,22] [[38;5;220mwarn[0m] BackgroundConfigAsyncJobExecutionActor [[38;5;2mcb93e366[0mSplitLargeReadGroup.SamToFastqAndDragmapAndMba:13:1]: Unrecognized runtime attribute keys: preemptible, disks, cpu, memory
[2026-03-26 03:23:19,05] [info] BackgroundConfigAsyncJobExecutionActor [[38;5;2mcb93e366[0mSplitLargeReadGroup.SamToFastqAndDragmapAndMba:13:1]: [38;5;5mset -euxo pipefail

DRAGMAP_VERSION=$(dragen-os --version)

if [ -z ${DRAGMAP_VERSION} ]; then
    exit 1;
fi

mkdir dragen_reference
mv /cromwell-executions1/WholeGenomeGermlineSingleSample/62cff5fe-42ff-4727-90af-a04169deff2b/call-UnmappedBamToAlignedBam/UnmappedBamToAlignedBam/0551237b-680f-41df-bdcf-a1042ce60cb9/call-SplitRG/shard-0/SplitLargeReadGroup/cb93e366-b42f-4ae8-80a0-d934da4596df/call-SamToFastqAndDragmapAndMba/shard-13/inputs/-1290198700/reference.bin /cromwell-executions1/WholeGenomeGermlineSingleSample/62cff5fe-42ff-4727-90af-a04169deff2b/call-UnmappedBamToAlignedBam/UnmappedBamToAlignedBam/0551237b-680f-41df-bdcf-a1042ce60cb9/call-SplitRG/shard-0/SplitLargeReadGroup/cb93e366-b42f-4ae8-80a0-d934da4596df/call-SamToFastqAndDragmapAndMba/shard-13/inputs/-1290198700/hash_table.cfg.bin /cromwell-executions1/WholeGenomeGermlineSingleSample/62cff5fe-42ff-4727-90af-a04169deff2b/call-UnmappedBamToAlignedBam/UnmappedBamToAlignedBam/0551237b-680f-41df-bdcf-a1042ce60cb9/call-SplitRG/shard-0/SplitLargeReadGroup/cb93e366-b42f-4ae8-80a0-d934da4596df/call-SamToFastqAndDragmapAndMba/shard-13/inputs/-1290198700/hash_table.cmp dragen_reference

dragen-os -b /cromwell-executions1/WholeGenomeGermlineSingleSample/62cff5fe-42ff-4727-90af-a04169deff2b/call-UnmappedBamToAlignedBam/UnmappedBamToAlignedBam/0551237b-680f-41df-bdcf-a1042ce60cb9/call-SplitRG/shard-0/SplitLargeReadGroup/cb93e366-b42f-4ae8-80a0-d934da4596df/call-SamToFastqAndDragmapAndMba/shard-13/inputs/-365940741/shard_0014.bam -r dragen_reference --interleaved=1 --preserve-map-align-order true 2> >(tee shard_0014.dragmap.stderr.log >&2) | samtools view -h -O BAM - > aligned.bam
java -Dsamjdk.compression_level=2 -Xms1000m -Xmx1000m -jar /picard/picard.jar \
  MergeBamAlignment \
  VALIDATION_STRINGENCY=SILENT \
  EXPECTED_ORIENTATIONS=FR \
  ATTRIBUTES_TO_RETAIN=X0 \
  ATTRIBUTES_TO_REMOVE=RG \
  ATTRIBUTES_TO_REMOVE=NM \
  ATTRIBUTES_TO_REMOVE=MD \
  ALIGNED_BAM=aligned.bam \
  UNMAPPED_BAM=/cromwell-executions1/WholeGenomeGermlineSingleSample/62cff5fe-42ff-4727-90af-a04169deff2b/call-UnmappedBamToAlignedBam/UnmappedBamToAlignedBam/0551237b-680f-41df-bdcf-a1042ce60cb9/call-SplitRG/shard-0/SplitLargeReadGroup/cb93e366-b42f-4ae8-80a0-d934da4596df/call-SamToFastqAndDragmapAndMba/shard-13/inputs/-365940741/shard_0014.bam \
  OUTPUT=shard_0014.bam \
  REFERENCE_SEQUENCE=/cromwell-executions1/WholeGenomeGermlineSingleSample/62cff5fe-42ff-4727-90af-a04169deff2b/call-UnmappedBamToAlignedBam/UnmappedBamToAlignedBam/0551237b-680f-41df-bdcf-a1042ce60cb9/call-SplitRG/shard-0/SplitLargeReadGroup/cb93e366-b42f-4ae8-80a0-d934da4596df/call-SamToFastqAndDragmapAndMba/shard-13/inputs/-1569105944/Homo_sapiens_assembly38_masked.fasta \
  PAIRED_RUN=true \
  SORT_ORDER="unsorted" \
  IS_BISULFITE_SEQUENCE=false \
  ALIGNED_READS_ONLY=false \
  CLIP_ADAPTERS=false \
   \
   \
  MAX_RECORDS_IN_RAM=2000000 \
  ADD_MATE_CIGAR=true \
  MAX_INSERTIONS_OR_DELETIONS=-1 \
  PRIMARY_ALIGNMENT_STRATEGY=MostDistant \
  PROGRAM_RECORD_ID="dragen-os" \
  PROGRAM_GROUP_VERSION="${DRAGMAP_VERSION}" \
  PROGRAM_GROUP_COMMAND_LINE="dragen-os -b /cromwell-executions1/WholeGenomeGermlineSingleSample/62cff5fe-42ff-4727-90af-a04169deff2b/call-UnmappedBamToAlignedBam/UnmappedBamToAlignedBam/0551237b-680f-41df-bdcf-a1042ce60cb9/call-SplitRG/shard-0/SplitLargeReadGroup/cb93e366-b42f-4ae8-80a0-d934da4596df/call-SamToFastqAndDragmapAndMba/shard-13/inputs/-365940741/shard_0014.bam -r dragen_reference --interleaved=1" \
  PROGRAM_GROUP_NAME="dragen-os" \
  UNMAPPED_READ_STRATEGY=COPY_TO_TAG \
  ALIGNER_PROPER_PAIR_FLAGS=true \
  UNMAP_CONTAMINANT_READS=true \
  ADD_PG_TAG_TO_READS=false[0m
[2026-03-26 03:23:19,05] [info] BackgroundConfigAsyncJobExecutionActor [[38;5;2mcb93e366[0mSplitLargeReadGroup.SamToFastqAndDragmapAndMba:13:1]: executing: # make sure there is no preexisting Docker CID file
rm -f /home/darja/workflow/cromwell-executions1/WholeGenomeGermlineSingleSample/62cff5fe-42ff-4727-90af-a04169deff2b/call-UnmappedBamToAlignedBam/UnmappedBamToAlignedBam/0551237b-680f-41df-bdcf-a1042ce60cb9/call-SplitRG/shard-0/SplitLargeReadGroup/cb93e366-b42f-4ae8-80a0-d934da4596df/call-SamToFastqAndDragmapAndMba/shard-13/execution/docker_cid
# run as in the original configuration without --rm flag (will remove later)
docker run \
  --cidfile /home/darja/workflow/cromwell-executions1/WholeGenomeGermlineSingleSample/62cff5fe-42ff-4727-90af-a04169deff2b/call-UnmappedBamToAlignedBam/UnmappedBamToAlignedBam/0551237b-680f-41df-bdcf-a1042ce60cb9/call-SplitRG/shard-0/SplitLargeReadGroup/cb93e366-b42f-4ae8-80a0-d934da4596df/call-SamToFastqAndDragmapAndMba/shard-13/execution/docker_cid \
  -i \
  --user 1027:1028 \
  --cpus="32" \
  --memory="184320M" \
  --entrypoint /bin/bash \
  -v /home/darja/workflow/cromwell-executions1/WholeGenomeGermlineSingleSample/62cff5fe-42ff-4727-90af-a04169deff2b/call-UnmappedBamToAlignedBam/UnmappedBamToAlignedBam/0551237b-680f-41df-bdcf-a1042ce60cb9/call-SplitRG/shard-0/SplitLargeReadGroup/cb93e366-b42f-4ae8-80a0-d934da4596df/call-SamToFastqAndDragmapAndMba/shard-13:/cromwell-executions1/WholeGenomeGermlineSingleSample/62cff5fe-42ff-4727-90af-a04169deff2b/call-UnmappedBamToAlignedBam/UnmappedBamToAlignedBam/0551237b-680f-41df-bdcf-a1042ce60cb9/call-SplitRG/shard-0/SplitLargeReadGroup/cb93e366-b42f-4ae8-80a0-d934da4596df/call-SamToFastqAndDragmapAndMba/shard-13 \
  -v /mnt/nas1/projects/lasr/blendseq:/mnt/nas1/projects/lasr/blendseq \
  us.gcr.io/broad-gotc-prod/dragmap@sha256:5964afca3e4173c33b11100f68c1a44642e0ff2ee4de5a49d8cd446fef308b23 /cromwell-executions1/WholeGenomeGermlineSingleSample/62cff5fe-42ff-4727-90af-a04169deff2b/call-UnmappedBamToAlignedBam/UnmappedBamToAlignedBam/0551237b-680f-41df-bdcf-a1042ce60cb9/call-SplitRG/shard-0/SplitLargeReadGroup/cb93e366-b42f-4ae8-80a0-d934da4596df/call-SamToFastqAndDragmapAndMba/shard-13/execution/script

# get the return code (working even if the container was detached)
rc=$(docker wait [38;5;5mcat /home/darja/workflow/cromwell-executions1/WholeGenomeGermlineSingleSample/62cff5fe-42ff-4727-90af-a04169deff2b/call-UnmappedBamToAlignedBam/UnmappedBamToAlignedBam/0551237b-680f-41df-bdcf-a1042ce60cb9/call-SplitRG/shard-0/SplitLargeReadGroup/cb93e366-b42f-4ae8-80a0-d934da4596df/call-SamToFastqAndDragmapAndMba/shard-13/execution/docker_cid[0m)

# remove the container after waiting
docker rm [38;5;5mcat /home/darja/workflow/cromwell-executions1/WholeGenomeGermlineSingleSample/62cff5fe-42ff-4727-90af-a04169deff2b/call-UnmappedBamToAlignedBam/UnmappedBamToAlignedBam/0551237b-680f-41df-bdcf-a1042ce60cb9/call-SplitRG/shard-0/SplitLargeReadGroup/cb93e366-b42f-4ae8-80a0-d934da4596df/call-SamToFastqAndDragmapAndMba/shard-13/execution/docker_cid[0m

# return exit code
exit $rc
[2026-03-26 03:23:21,04] [info] BackgroundConfigAsyncJobExecutionActor [[38;5;2mcb93e366[0mSplitLargeReadGroup.SamToFastqAndDragmapAndMba:13:1]: job id: 472988
[2026-03-26 03:23:21,04] [info] BackgroundConfigAsyncJobExecutionActor [[38;5;2mcb93e366[0mSplitLargeReadGroup.SamToFastqAndDragmapAndMba:13:1]: Status change from - to WaitingForReturnCode
[2026-03-26 03:53:36,25] [info] BackgroundConfigAsyncJobExecutionActor [[38;5;2mcb93e366[0mSplitLargeReadGroup.SamToFastqAndDragmapAndMba:2:1]: Status change from WaitingForReturnCode to Done
[2026-03-26 03:53:46,20] [info] Assigned new job execution tokens to the following groups: 62cff5fe: 1
[2026-03-26 03:53:46,22] [[38;5;220mwarn[0m] BackgroundConfigAsyncJobExecutionActor [[38;5;2mcb93e366[0mSplitLargeReadGroup.SamToFastqAndDragmapAndMba:16:1]: Unrecognized runtime attribute keys: preemptible, disks, cpu, memory
[2026-03-26 03:53:48,32] [info] BackgroundConfigAsyncJobExecutionActor [[38;5;2mcb93e366[0mSplitLargeReadGroup.SamToFastqAndDragmapAndMba:16:1]: [38;5;5mset -euxo pipefail

DRAGMAP_VERSION=$(dragen-os --version)

if [ -z ${DRAGMAP_VERSION} ]; then
    exit 1;
fi

mkdir dragen_reference
mv /cromwell-executions1/WholeGenomeGermlineSingleSample/62cff5fe-42ff-4727-90af-a04169deff2b/call-UnmappedBamToAlignedBam/UnmappedBamToAlignedBam/0551237b-680f-41df-bdcf-a1042ce60cb9/call-SplitRG/shard-0/SplitLargeReadGroup/cb93e366-b42f-4ae8-80a0-d934da4596df/call-SamToFastqAndDragmapAndMba/shard-16/inputs/-1290198700/reference.bin /cromwell-executions1/WholeGenomeGermlineSingleSample/62cff5fe-42ff-4727-90af-a04169deff2b/call-UnmappedBamToAlignedBam/UnmappedBamToAlignedBam/0551237b-680f-41df-bdcf-a1042ce60cb9/call-SplitRG/shard-0/SplitLargeReadGroup/cb93e366-b42f-4ae8-80a0-d934da4596df/call-SamToFastqAndDragmapAndMba/shard-16/inputs/-1290198700/hash_table.cfg.bin /cromwell-executions1/WholeGenomeGermlineSingleSample/62cff5fe-42ff-4727-90af-a04169deff2b/call-UnmappedBamToAlignedBam/UnmappedBamToAlignedBam/0551237b-680f-41df-bdcf-a1042ce60cb9/call-SplitRG/shard-0/SplitLargeReadGroup/cb93e366-b42f-4ae8-80a0-d934da4596df/call-SamToFastqAndDragmapAndMba/shard-16/inputs/-1290198700/hash_table.cmp dragen_reference

dragen-os -b /cromwell-executions1/WholeGenomeGermlineSingleSample/62cff5fe-42ff-4727-90af-a04169deff2b/call-UnmappedBamToAlignedBam/UnmappedBamToAlignedBam/0551237b-680f-41df-bdcf-a1042ce60cb9/call-SplitRG/shard-0/SplitLargeReadGroup/cb93e366-b42f-4ae8-80a0-d934da4596df/call-SamToFastqAndDragmapAndMba/shard-16/inputs/-365940741/shard_0017.bam -r dragen_reference --interleaved=1 --preserve-map-align-order true 2> >(tee shard_0017.dragmap.stderr.log >&2) | samtools view -h -O BAM - > aligned.bam
java -Dsamjdk.compression_level=2 -Xms1000m -Xmx1000m -jar /picard/picard.jar \
  MergeBamAlignment \
  VALIDATION_STRINGENCY=SILENT \
  EXPECTED_ORIENTATIONS=FR \
  ATTRIBUTES_TO_RETAIN=X0 \
  ATTRIBUTES_TO_REMOVE=RG \
  ATTRIBUTES_TO_REMOVE=NM \
  ATTRIBUTES_TO_REMOVE=MD \
  ALIGNED_BAM=aligned.bam \
  UNMAPPED_BAM=/cromwell-executions1/WholeGenomeGermlineSingleSample/62cff5fe-42ff-4727-90af-a04169deff2b/call-UnmappedBamToAlignedBam/UnmappedBamToAlignedBam/0551237b-680f-41df-bdcf-a1042ce60cb9/call-SplitRG/shard-0/SplitLargeReadGroup/cb93e366-b42f-4ae8-80a0-d934da4596df/call-SamToFastqAndDragmapAndMba/shard-16/inputs/-365940741/shard_0017.bam \
  OUTPUT=shard_0017.bam \
  REFERENCE_SEQUENCE=/cromwell-executions1/WholeGenomeGermlineSingleSample/62cff5fe-42ff-4727-90af-a04169deff2b/call-UnmappedBamToAlignedBam/UnmappedBamToAlignedBam/0551237b-680f-41df-bdcf-a1042ce60cb9/call-SplitRG/shard-0/SplitLargeReadGroup/cb93e366-b42f-4ae8-80a0-d934da4596df/call-SamToFastqAndDragmapAndMba/shard-16/inputs/-1569105944/Homo_sapiens_assembly38_masked.fasta \
  PAIRED_RUN=true \
  SORT_ORDER="unsorted" \
  IS_BISULFITE_SEQUENCE=false \
  ALIGNED_READS_ONLY=false \
  CLIP_ADAPTERS=false \
   \
   \
  MAX_RECORDS_IN_RAM=2000000 \
  ADD_MATE_CIGAR=true \
  MAX_INSERTIONS_OR_DELETIONS=-1 \
  PRIMARY_ALIGNMENT_STRATEGY=MostDistant \
  PROGRAM_RECORD_ID="dragen-os" \
  PROGRAM_GROUP_VERSION="${DRAGMAP_VERSION}" \
  PROGRAM_GROUP_COMMAND_LINE="dragen-os -b /cromwell-executions1/WholeGenomeGermlineSingleSample/62cff5fe-42ff-4727-90af-a04169deff2b/call-UnmappedBamToAlignedBam/UnmappedBamToAlignedBam/0551237b-680f-41df-bdcf-a1042ce60cb9/call-SplitRG/shard-0/SplitLargeReadGroup/cb93e366-b42f-4ae8-80a0-d934da4596df/call-SamToFastqAndDragmapAndMba/shard-16/inputs/-365940741/shard_0017.bam -r dragen_reference --interleaved=1" \
  PROGRAM_GROUP_NAME="dragen-os" \
  UNMAPPED_READ_STRATEGY=COPY_TO_TAG \
  ALIGNER_PROPER_PAIR_FLAGS=true \
  UNMAP_CONTAMINANT_READS=true \
  ADD_PG_TAG_TO_READS=false[0m
[2026-03-26 03:53:48,32] [info] BackgroundConfigAsyncJobExecutionActor [[38;5;2mcb93e366[0mSplitLargeReadGroup.SamToFastqAndDragmapAndMba:16:1]: executing: # make sure there is no preexisting Docker CID file
rm -f /home/darja/workflow/cromwell-executions1/WholeGenomeGermlineSingleSample/62cff5fe-42ff-4727-90af-a04169deff2b/call-UnmappedBamToAlignedBam/UnmappedBamToAlignedBam/0551237b-680f-41df-bdcf-a1042ce60cb9/call-SplitRG/shard-0/SplitLargeReadGroup/cb93e366-b42f-4ae8-80a0-d934da4596df/call-SamToFastqAndDragmapAndMba/shard-16/execution/docker_cid
# run as in the original configuration without --rm flag (will remove later)
docker run \
  --cidfile /home/darja/workflow/cromwell-executions1/WholeGenomeGermlineSingleSample/62cff5fe-42ff-4727-90af-a04169deff2b/call-UnmappedBamToAlignedBam/UnmappedBamToAlignedBam/0551237b-680f-41df-bdcf-a1042ce60cb9/call-SplitRG/shard-0/SplitLargeReadGroup/cb93e366-b42f-4ae8-80a0-d934da4596df/call-SamToFastqAndDragmapAndMba/shard-16/execution/docker_cid \
  -i \
  --user 1027:1028 \
  --cpus="32" \
  --memory="184320M" \
  --entrypoint /bin/bash \
  -v /home/darja/workflow/cromwell-executions1/WholeGenomeGermlineSingleSample/62cff5fe-42ff-4727-90af-a04169deff2b/call-UnmappedBamToAlignedBam/UnmappedBamToAlignedBam/0551237b-680f-41df-bdcf-a1042ce60cb9/call-SplitRG/shard-0/SplitLargeReadGroup/cb93e366-b42f-4ae8-80a0-d934da4596df/call-SamToFastqAndDragmapAndMba/shard-16:/cromwell-executions1/WholeGenomeGermlineSingleSample/62cff5fe-42ff-4727-90af-a04169deff2b/call-UnmappedBamToAlignedBam/UnmappedBamToAlignedBam/0551237b-680f-41df-bdcf-a1042ce60cb9/call-SplitRG/shard-0/SplitLargeReadGroup/cb93e366-b42f-4ae8-80a0-d934da4596df/call-SamToFastqAndDragmapAndMba/shard-16 \
  -v /mnt/nas1/projects/lasr/blendseq:/mnt/nas1/projects/lasr/blendseq \
  us.gcr.io/broad-gotc-prod/dragmap@sha256:5964afca3e4173c33b11100f68c1a44642e0ff2ee4de5a49d8cd446fef308b23 /cromwell-executions1/WholeGenomeGermlineSingleSample/62cff5fe-42ff-4727-90af-a04169deff2b/call-UnmappedBamToAlignedBam/UnmappedBamToAlignedBam/0551237b-680f-41df-bdcf-a1042ce60cb9/call-SplitRG/shard-0/SplitLargeReadGroup/cb93e366-b42f-4ae8-80a0-d934da4596df/call-SamToFastqAndDragmapAndMba/shard-16/execution/script

# get the return code (working even if the container was detached)
rc=$(docker wait [38;5;5mcat /home/darja/workflow/cromwell-executions1/WholeGenomeGermlineSingleSample/62cff5fe-42ff-4727-90af-a04169deff2b/call-UnmappedBamToAlignedBam/UnmappedBamToAlignedBam/0551237b-680f-41df-bdcf-a1042ce60cb9/call-SplitRG/shard-0/SplitLargeReadGroup/cb93e366-b42f-4ae8-80a0-d934da4596df/call-SamToFastqAndDragmapAndMba/shard-16/execution/docker_cid[0m)

# remove the container after waiting
docker rm [38;5;5mcat /home/darja/workflow/cromwell-executions1/WholeGenomeGermlineSingleSample/62cff5fe-42ff-4727-90af-a04169deff2b/call-UnmappedBamToAlignedBam/UnmappedBamToAlignedBam/0551237b-680f-41df-bdcf-a1042ce60cb9/call-SplitRG/shard-0/SplitLargeReadGroup/cb93e366-b42f-4ae8-80a0-d934da4596df/call-SamToFastqAndDragmapAndMba/shard-16/execution/docker_cid[0m

# return exit code
exit $rc
[2026-03-26 03:53:51,04] [info] BackgroundConfigAsyncJobExecutionActor [[38;5;2mcb93e366[0mSplitLargeReadGroup.SamToFastqAndDragmapAndMba:16:1]: job id: 474042
[2026-03-26 03:53:51,04] [info] BackgroundConfigAsyncJobExecutionActor [[38;5;2mcb93e366[0mSplitLargeReadGroup.SamToFastqAndDragmapAndMba:16:1]: Status change from - to WaitingForReturnCode
[2026-03-26 04:02:28,45] [info] BackgroundConfigAsyncJobExecutionActor [[38;5;2mcb93e366[0mSplitLargeReadGroup.SamToFastqAndDragmapAndMba:13:1]: Status change from WaitingForReturnCode to Done
[2026-03-26 04:24:30,00] [info] BackgroundConfigAsyncJobExecutionActor [[38;5;2mcb93e366[0mSplitLargeReadGroup.SamToFastqAndDragmapAndMba:16:1]: Status change from WaitingForReturnCode to Done
[2026-03-26 04:24:34,43] [info] cb93e366-b42f-4ae8-80a0-d934da4596df-SubWorkflowActor-SubWorkflow-SplitRG:0:1 [[38;5;2mcb93e366[0m]: Starting SplitLargeReadGroup.GatherMonolithicBamFile
[2026-03-26 04:24:36,20] [info] Assigned new job execution tokens to the following groups: 62cff5fe: 1
[2026-03-26 04:24:36,21] [[38;5;220mwarn[0m] BackgroundConfigAsyncJobExecutionActor [[38;5;2mcb93e366[0mSplitLargeReadGroup.GatherMonolithicBamFile:NA:1]: Unrecognized runtime attribute keys: preemptible, disks, memory
[2026-03-26 04:27:27,21] [info] BackgroundConfigAsyncJobExecutionActor [[38;5;2mcb93e366[0mSplitLargeReadGroup.GatherMonolithicBamFile:NA:1]: [38;5;5mjava -Dsamjdk.compression_level=2 -Xms2000m -Xmx2500m -jar /usr/picard/picard.jar \
  GatherBamFiles \
  INPUT=/cromwell-executions1/WholeGenomeGermlineSingleSample/62cff5fe-42ff-4727-90af-a04169deff2b/call-UnmappedBamToAlignedBam/UnmappedBamToAlignedBam/0551237b-680f-41df-bdcf-a1042ce60cb9/call-SplitRG/shard-0/SplitLargeReadGroup/cb93e366-b42f-4ae8-80a0-d934da4596df/call-GatherMonolithicBamFile/inputs/-1051345191/shard_0001.bam INPUT=/cromwell-executions1/WholeGenomeGermlineSingleSample/62cff5fe-42ff-4727-90af-a04169deff2b/call-UnmappedBamToAlignedBam/UnmappedBamToAlignedBam/0551237b-680f-41df-bdcf-a1042ce60cb9/call-SplitRG/shard-0/SplitLargeReadGroup/cb93e366-b42f-4ae8-80a0-d934da4596df/call-GatherMonolithicBamFile/inputs/1446670746/shard_0002.bam INPUT=/cromwell-executions1/WholeGenomeGermlineSingleSample/62cff5fe-42ff-4727-90af-a04169deff2b/call-UnmappedBamToAlignedBam/UnmappedBamToAlignedBam/0551237b-680f-41df-bdcf-a1042ce60cb9/call-SplitRG/shard-0/SplitLargeReadGroup/cb93e366-b42f-4ae8-80a0-d934da4596df/call-GatherMonolithicBamFile/inputs/-350280613/shard_0003.bam INPUT=/cromwell-executions1/WholeGenomeGermlineSingleSample/62cff5fe-42ff-4727-90af-a04169deff2b/call-UnmappedBamToAlignedBam/UnmappedBamToAlignedBam/0551237b-680f-41df-bdcf-a1042ce60cb9/call-SplitRG/shard-0/SplitLargeReadGroup/cb93e366-b42f-4ae8-80a0-d934da4596df/call-GatherMonolithicBamFile/inputs/-2147231972/shard_0004.bam INPUT=/cromwell-executions1/WholeGenomeGermlineSingleSample/62cff5fe-42ff-4727-90af-a04169deff2b/call-UnmappedBamToAlignedBam/UnmappedBamToAlignedBam/0551237b-680f-41df-bdcf-a1042ce60cb9/call-SplitRG/shard-0/SplitLargeReadGroup/cb93e366-b42f-4ae8-80a0-d934da4596df/call-GatherMonolithicBamFile/inputs/350783965/shard_0005.bam INPUT=/cromwell-executions1/WholeGenomeGermlineSingleSample/62cff5fe-42ff-4727-90af-a04169deff2b/call-UnmappedBamToAlignedBam/UnmappedBamToAlignedBam/0551237b-680f-41df-bdcf-a1042ce60cb9/call-SplitRG/shard-0/SplitLargeReadGroup/cb93e366-b42f-4ae8-80a0-d934da4596df/call-GatherMonolithicBamFile/inputs/-1446167394/shard_0006.bam INPUT=/cromwell-executions1/WholeGenomeGermlineSingleSample/62cff5fe-42ff-4727-90af-a04169deff2b/call-UnmappedBamToAlignedBam/UnmappedBamToAlignedBam/0551237b-680f-41df-bdcf-a1042ce60cb9/call-SplitRG/shard-0/SplitLargeReadGroup/cb93e366-b42f-4ae8-80a0-d934da4596df/call-GatherMonolithicBamFile/inputs/1051848543/shard_0007.bam INPUT=/cromwell-executions1/WholeGenomeGermlineSingleSample/62cff5fe-42ff-4727-90af-a04169deff2b/call-UnmappedBamToAlignedBam/UnmappedBamToAlignedBam/0551237b-680f-41df-bdcf-a1042ce60cb9/call-SplitRG/shard-0/SplitLargeReadGroup/cb93e366-b42f-4ae8-80a0-d934da4596df/call-GatherMonolithicBamFile/inputs/-745102816/shard_0008.bam INPUT=/cromwell-executions1/WholeGenomeGermlineSingleSample/62cff5fe-42ff-4727-90af-a04169deff2b/call-UnmappedBamToAlignedBam/UnmappedBamToAlignedBam/0551237b-680f-41df-bdcf-a1042ce60cb9/call-SplitRG/shard-0/SplitLargeReadGroup/cb93e366-b42f-4ae8-80a0-d934da4596df/call-GatherMonolithicBamFile/inputs/1752913121/shard_0009.bam INPUT=/cromwell-executions1/WholeGenomeGermlineSingleSample/62cff5fe-42ff-4727-90af-a04169deff2b/call-UnmappedBamToAlignedBam/UnmappedBamToAlignedBam/0551237b-680f-41df-bdcf-a1042ce60cb9/call-SplitRG/shard-0/SplitLargeReadGroup/cb93e366-b42f-4ae8-80a0-d934da4596df/call-GatherMonolithicBamFile/inputs/-44038238/shard_0010.bam INPUT=/cromwell-executions1/WholeGenomeGermlineSingleSample/62cff5fe-42ff-4727-90af-a04169deff2b/call-UnmappedBamToAlignedBam/UnmappedBamToAlignedBam/0551237b-680f-41df-bdcf-a1042ce60cb9/call-SplitRG/shard-0/SplitLargeReadGroup/cb93e366-b42f-4ae8-80a0-d934da4596df/call-GatherMonolithicBamFile/inputs/2118446152/shard_0011.bam INPUT=/cromwell-executions1/WholeGenomeGermlineSingleSample/62cff5fe-42ff-4727-90af-a04169deff2b/call-UnmappedBamToAlignedBam/UnmappedBamToAlignedBam/0551237b-680f-41df-bdcf-a1042ce60cb9/call-SplitRG/shard-0/SplitLargeReadGroup/cb93e366-b42f-4ae8-80a0-d934da4596df/call-GatherMonolithicBamFile/inputs/321494793/shard_0012.bam INPUT=/cromwell-executions1/WholeGenomeGermlineSingleSample/62cff5fe-42ff-4727-90af-a04169deff2b/call-UnmappedBamToAlignedBam/UnmappedBamToAlignedBam/0551237b-680f-41df-bdcf-a1042ce60cb9/call-SplitRG/shard-0/SplitLargeReadGroup/cb93e366-b42f-4ae8-80a0-d934da4596df/call-GatherMonolithicBamFile/inputs/-1475456566/shard_0013.bam INPUT=/cromwell-executions1/WholeGenomeGermlineSingleSample/62cff5fe-42ff-4727-90af-a04169deff2b/call-UnmappedBamToAlignedBam/UnmappedBamToAlignedBam/0551237b-680f-41df-bdcf-a1042ce60cb9/call-SplitRG/shard-0/SplitLargeReadGroup/cb93e366-b42f-4ae8-80a0-d934da4596df/call-GatherMonolithicBamFile/inputs/1022559371/shard_0014.bam INPUT=/cromwell-executions1/WholeGenomeGermlineSingleSample/62cff5fe-42ff-4727-90af-a04169deff2b/call-UnmappedBamToAlignedBam/UnmappedBamToAlignedBam/0551237b-680f-41df-bdcf-a1042ce60cb9/call-SplitRG/shard-0/SplitLargeReadGroup/cb93e366-b42f-4ae8-80a0-d934da4596df/call-GatherMonolithicBamFile/inputs/-774391988/shard_0015.bam INPUT=/cromwell-executions1/WholeGenomeGermlineSingleSample/62cff5fe-42ff-4727-90af-a04169deff2b/call-UnmappedBamToAlignedBam/UnmappedBamToAlignedBam/0551237b-680f-41df-bdcf-a1042ce60cb9/call-SplitRG/shard-0/SplitLargeReadGroup/cb93e366-b42f-4ae8-80a0-d934da4596df/call-GatherMonolithicBamFile/inputs/1723623949/shard_0016.bam INPUT=/cromwell-executions1/WholeGenomeGermlineSingleSample/62cff5fe-42ff-4727-90af-a04169deff2b/call-UnmappedBamToAlignedBam/UnmappedBamToAlignedBam/0551237b-680f-41df-bdcf-a1042ce60cb9/call-SplitRG/shard-0/SplitLargeReadGroup/cb93e366-b42f-4ae8-80a0-d934da4596df/call-GatherMonolithicBamFile/inputs/-73327410/shard_0017.bam INPUT=/cromwell-executions1/WholeGenomeGermlineSingleSample/62cff5fe-42ff-4727-90af-a04169deff2b/call-UnmappedBamToAlignedBam/UnmappedBamToAlignedBam/0551237b-680f-41df-bdcf-a1042ce60cb9/call-SplitRG/shard-0/SplitLargeReadGroup/cb93e366-b42f-4ae8-80a0-d934da4596df/call-GatherMonolithicBamFile/inputs/-1870278769/shard_0018.bam INPUT=/cromwell-executions1/WholeGenomeGermlineSingleSample/62cff5fe-42ff-4727-90af-a04169deff2b/call-UnmappedBamToAlignedBam/UnmappedBamToAlignedBam/0551237b-680f-41df-bdcf-a1042ce60cb9/call-SplitRG/shard-0/SplitLargeReadGroup/cb93e366-b42f-4ae8-80a0-d934da4596df/call-GatherMonolithicBamFile/inputs/627737168/shard_0019.bam INPUT=/cromwell-executions1/WholeGenomeGermlineSingleSample/62cff5fe-42ff-4727-90af-a04169deff2b/call-UnmappedBamToAlignedBam/UnmappedBamToAlignedBam/0551237b-680f-41df-bdcf-a1042ce60cb9/call-SplitRG/shard-0/SplitLargeReadGroup/cb93e366-b42f-4ae8-80a0-d934da4596df/call-GatherMonolithicBamFile/inputs/-1169214191/shard_0020.bam INPUT=/cromwell-executions1/WholeGenomeGermlineSingleSample/62cff5fe-42ff-4727-90af-a04169deff2b/call-UnmappedBamToAlignedBam/UnmappedBamToAlignedBam/0551237b-680f-41df-bdcf-a1042ce60cb9/call-SplitRG/shard-0/SplitLargeReadGroup/cb93e366-b42f-4ae8-80a0-d934da4596df/call-GatherMonolithicBamFile/inputs/-2047438425/shard_0021.bam INPUT=/cromwell-executions1/WholeGenomeGermlineSingleSample/62cff5fe-42ff-4727-90af-a04169deff2b/call-UnmappedBamToAlignedBam/UnmappedBamToAlignedBam/0551237b-680f-41df-bdcf-a1042ce60cb9/call-SplitRG/shard-0/SplitLargeReadGroup/cb93e366-b42f-4ae8-80a0-d934da4596df/call-GatherMonolithicBamFile/inputs/450577512/shard_0022.bam INPUT=/cromwell-executions1/WholeGenomeGermlineSingleSample/62cff5fe-42ff-4727-90af-a04169deff2b/call-UnmappedBamToAlignedBam/UnmappedBamToAlignedBam/0551237b-680f-41df-bdcf-a1042ce60cb9/call-SplitRG/shard-0/SplitLargeReadGroup/cb93e366-b42f-4ae8-80a0-d934da4596df/call-GatherMonolithicBamFile/inputs/-1346373847/shard_0023.bam INPUT=/cromwell-executions1/WholeGenomeGermlineSingleSample/62cff5fe-42ff-4727-90af-a04169deff2b/call-UnmappedBamToAlignedBam/UnmappedBamToAlignedBam/0551237b-680f-41df-bdcf-a1042ce60cb9/call-SplitRG/shard-0/SplitLargeReadGroup/cb93e366-b42f-4ae8-80a0-d934da4596df/call-GatherMonolithicBamFile/inputs/1151642090/shard_0024.bam INPUT=/cromwell-executions1/WholeGenomeGermlineSingleSample/62cff5fe-42ff-4727-90af-a04169deff2b/call-UnmappedBamToAlignedBam/UnmappedBamToAlignedBam/0551237b-680f-41df-bdcf-a1042ce60cb9/call-SplitRG/shard-0/SplitLargeReadGroup/cb93e366-b42f-4ae8-80a0-d934da4596df/call-GatherMonolithicBamFile/inputs/-645309269/shard_0025.bam INPUT=/cromwell-executions1/WholeGenomeGermlineSingleSample/62cff5fe-42ff-4727-90af-a04169deff2b/call-UnmappedBamToAlignedBam/UnmappedBamToAlignedBam/0551237b-680f-41df-bdcf-a1042ce60cb9/call-SplitRG/shard-0/SplitLargeReadGroup/cb93e366-b42f-4ae8-80a0-d934da4596df/call-GatherMonolithicBamFile/inputs/1852706668/shard_0026.bam INPUT=/cromwell-executions1/WholeGenomeGermlineSingleSample/62cff5fe-42ff-4727-90af-a04169deff2b/call-UnmappedBamToAlignedBam/UnmappedBamToAlignedBam/0551237b-680f-41df-bdcf-a1042ce60cb9/call-SplitRG/shard-0/SplitLargeReadGroup/cb93e366-b42f-4ae8-80a0-d934da4596df/call-GatherMonolithicBamFile/inputs/55755309/shard_0027.bam INPUT=/cromwell-executions1/WholeGenomeGermlineSingleSample/62cff5fe-42ff-4727-90af-a04169deff2b/call-UnmappedBamToAlignedBam/UnmappedBamToAlignedBam/0551237b-680f-41df-bdcf-a1042ce60cb9/call-SplitRG/shard-0/SplitLargeReadGroup/cb93e366-b42f-4ae8-80a0-d934da4596df/call-GatherMonolithicBamFile/inputs/-1741196050/shard_0028.bam INPUT=/cromwell-executions1/WholeGenomeGermlineSingleSample/62cff5fe-42ff-4727-90af-a04169deff2b/call-UnmappedBamToAlignedBam/UnmappedBamToAlignedBam/0551237b-680f-41df-bdcf-a1042ce60cb9/call-SplitRG/shard-0/SplitLargeReadGroup/cb93e366-b42f-4ae8-80a0-d934da4596df/call-GatherMonolithicBamFile/inputs/756819887/shard_0029.bam INPUT=/cromwell-executions1/WholeGenomeGermlineSingleSample/62cff5fe-42ff-4727-90af-a04169deff2b/call-UnmappedBamToAlignedBam/UnmappedBamToAlignedBam/0551237b-680f-41df-bdcf-a1042ce60cb9/call-SplitRG/shard-0/SplitLargeReadGroup/cb93e366-b42f-4ae8-80a0-d934da4596df/call-GatherMonolithicBamFile/inputs/-1040131472/shard_0030.bam INPUT=/cromwell-executions1/WholeGenomeGermlineSingleSample/62cff5fe-42ff-4727-90af-a04169deff2b/call-UnmappedBamToAlignedBam/UnmappedBamToAlignedBam/0551237b-680f-41df-bdcf-a1042ce60cb9/call-SplitRG/shard-0/SplitLargeReadGroup/cb93e366-b42f-4ae8-80a0-d934da4596df/call-GatherMonolithicBamFile/inputs/-1918355706/shard_0031.bam INPUT=/cromwell-executions1/WholeGenomeGermlineSingleSample/62cff5fe-42ff-4727-90af-a04169deff2b/call-UnmappedBamToAlignedBam/UnmappedBamToAlignedBam/0551237b-680f-41df-bdcf-a1042ce60cb9/call-SplitRG/shard-0/SplitLargeReadGroup/cb93e366-b42f-4ae8-80a0-d934da4596df/call-GatherMonolithicBamFile/inputs/579660231/shard_0032.bam INPUT=/cromwell-executions1/WholeGenomeGermlineSingleSample/62cff5fe-42ff-4727-90af-a04169deff2b/call-UnmappedBamToAlignedBam/UnmappedBamToAlignedBam/0551237b-680f-41df-bdcf-a1042ce60cb9/call-SplitRG/shard-0/SplitLargeReadGroup/cb93e366-b42f-4ae8-80a0-d934da4596df/call-GatherMonolithicBamFile/inputs/-1217291128/shard_0033.bam \
  OUTPUT=ERR3684866_ILMN.aligned.unsorted.bam \
  CREATE_INDEX=false \
  CREATE_MD5_FILE=false[0m
[2026-03-26 04:27:27,22] [info] BackgroundConfigAsyncJobExecutionActor [[38;5;2mcb93e366[0mSplitLargeReadGroup.GatherMonolithicBamFile:NA:1]: executing: # make sure there is no preexisting Docker CID file
rm -f /home/darja/workflow/cromwell-executions1/WholeGenomeGermlineSingleSample/62cff5fe-42ff-4727-90af-a04169deff2b/call-UnmappedBamToAlignedBam/UnmappedBamToAlignedBam/0551237b-680f-41df-bdcf-a1042ce60cb9/call-SplitRG/shard-0/SplitLargeReadGroup/cb93e366-b42f-4ae8-80a0-d934da4596df/call-GatherMonolithicBamFile/execution/docker_cid
# run as in the original configuration without --rm flag (will remove later)
docker run \
  --cidfile /home/darja/workflow/cromwell-executions1/WholeGenomeGermlineSingleSample/62cff5fe-42ff-4727-90af-a04169deff2b/call-UnmappedBamToAlignedBam/UnmappedBamToAlignedBam/0551237b-680f-41df-bdcf-a1042ce60cb9/call-SplitRG/shard-0/SplitLargeReadGroup/cb93e366-b42f-4ae8-80a0-d934da4596df/call-GatherMonolithicBamFile/execution/docker_cid \
  -i \
  --user 1027:1028 \
  --cpus="32" \
  --memory="184320M" \
  --entrypoint /bin/bash \
  -v /home/darja/workflow/cromwell-executions1/WholeGenomeGermlineSingleSample/62cff5fe-42ff-4727-90af-a04169deff2b/call-UnmappedBamToAlignedBam/UnmappedBamToAlignedBam/0551237b-680f-41df-bdcf-a1042ce60cb9/call-SplitRG/shard-0/SplitLargeReadGroup/cb93e366-b42f-4ae8-80a0-d934da4596df/call-GatherMonolithicBamFile:/cromwell-executions1/WholeGenomeGermlineSingleSample/62cff5fe-42ff-4727-90af-a04169deff2b/call-UnmappedBamToAlignedBam/UnmappedBamToAlignedBam/0551237b-680f-41df-bdcf-a1042ce60cb9/call-SplitRG/shard-0/SplitLargeReadGroup/cb93e366-b42f-4ae8-80a0-d934da4596df/call-GatherMonolithicBamFile \
  -v /mnt/nas1/projects/lasr/blendseq:/mnt/nas1/projects/lasr/blendseq \
  us.gcr.io/broad-gotc-prod/picard-cloud@sha256:e5ad5339080c3107c04e4a4d000b8ab06f472b77019debc3ff75499d28995b0c /cromwell-executions1/WholeGenomeGermlineSingleSample/62cff5fe-42ff-4727-90af-a04169deff2b/call-UnmappedBamToAlignedBam/UnmappedBamToAlignedBam/0551237b-680f-41df-bdcf-a1042ce60cb9/call-SplitRG/shard-0/SplitLargeReadGroup/cb93e366-b42f-4ae8-80a0-d934da4596df/call-GatherMonolithicBamFile/execution/script

# get the return code (working even if the container was detached)
rc=$(docker wait [38;5;5mcat /home/darja/workflow/cromwell-executions1/WholeGenomeGermlineSingleSample/62cff5fe-42ff-4727-90af-a04169deff2b/call-UnmappedBamToAlignedBam/UnmappedBamToAlignedBam/0551237b-680f-41df-bdcf-a1042ce60cb9/call-SplitRG/shard-0/SplitLargeReadGroup/cb93e366-b42f-4ae8-80a0-d934da4596df/call-GatherMonolithicBamFile/execution/docker_cid[0m)

# remove the container after waiting
docker rm [38;5;5mcat /home/darja/workflow/cromwell-executions1/WholeGenomeGermlineSingleSample/62cff5fe-42ff-4727-90af-a04169deff2b/call-UnmappedBamToAlignedBam/UnmappedBamToAlignedBam/0551237b-680f-41df-bdcf-a1042ce60cb9/call-SplitRG/shard-0/SplitLargeReadGroup/cb93e366-b42f-4ae8-80a0-d934da4596df/call-GatherMonolithicBamFile/execution/docker_cid[0m

# return exit code
exit $rc
[2026-03-26 04:27:31,03] [info] BackgroundConfigAsyncJobExecutionActor [[38;5;2mcb93e366[0mSplitLargeReadGroup.GatherMonolithicBamFile:NA:1]: job id: 475174
[2026-03-26 04:27:31,04] [info] BackgroundConfigAsyncJobExecutionActor [[38;5;2mcb93e366[0mSplitLargeReadGroup.GatherMonolithicBamFile:NA:1]: Status change from - to WaitingForReturnCode
[2026-03-26 04:29:47,86] [info] BackgroundConfigAsyncJobExecutionActor [[38;5;2mcb93e366[0mSplitLargeReadGroup.GatherMonolithicBamFile:NA:1]: Status change from WaitingForReturnCode to Done
[2026-03-26 04:29:49,64] [info] cb93e366-b42f-4ae8-80a0-d934da4596df-SubWorkflowActor-SubWorkflow-SplitRG:0:1 [[38;5;2mcb93e366[0m]: Workflow SplitLargeReadGroup complete. Final Outputs:
{
  "SplitLargeReadGroup.aligned_bam": "/home/darja/workflow/cromwell-executions1/WholeGenomeGermlineSingleSample/62cff5fe-42ff-4727-90af-a04169deff2b/call-UnmappedBamToAlignedBam/UnmappedBamToAlignedBam/0551237b-680f-41df-bdcf-a1042ce60cb9/call-SplitRG/shard-0/SplitLargeReadGroup/cb93e366-b42f-4ae8-80a0-d934da4596df/call-GatherMonolithicBamFile/execution/ERR3684866_ILMN.aligned.unsorted.bam"
}
[2026-03-26 04:29:54,75] [info] 0551237b-680f-41df-bdcf-a1042ce60cb9-SubWorkflowActor-SubWorkflow-UnmappedBamToAlignedBam:-1:1 [[38;5;2m0551237b[0m]: Starting UnmappedBamToAlignedBam.CollectUnsortedReadgroupBamQualityMetrics
[2026-03-26 04:29:56,20] [info] Assigned new job execution tokens to the following groups: 62cff5fe: 1
[2026-03-26 04:29:56,21] [[38;5;220mwarn[0m] BackgroundConfigAsyncJobExecutionActor [[38;5;2m0551237b[0mUnmappedBamToAlignedBam.CollectUnsortedReadgroupBamQualityMetrics:0:1]: Unrecognized runtime attribute keys: preemptible, disks, memory
[2026-03-26 04:29:56,79] [info] 0551237b-680f-41df-bdcf-a1042ce60cb9-SubWorkflowActor-SubWorkflow-UnmappedBamToAlignedBam:-1:1 [[38;5;2m0551237b[0m]: Starting UnmappedBamToAlignedBam.MarkDuplicates
[2026-03-26 04:30:06,20] [info] Assigned new job execution tokens to the following groups: 62cff5fe: 1
[2026-03-26 04:30:06,21] [[38;5;220mwarn[0m] BackgroundConfigAsyncJobExecutionActor [[38;5;2m0551237b[0mUnmappedBamToAlignedBam.MarkDuplicates:NA:1]: Unrecognized runtime attribute keys: preemptible, disks, memory
[2026-03-26 04:31:50,59] [[38;5;220mwarn[0m] Localization via cached copy file has failed: /home/darja/workflow/cromwell-executions1/WholeGenomeGermlineSingleSample/62cff5fe-42ff-4727-90af-a04169deff2b/call-UnmappedBamToAlignedBam/UnmappedBamToAlignedBam/0551237b-680f-41df-bdcf-a1042ce60cb9/call-SplitRG/shard-0/SplitLargeReadGroup/cb93e366-b42f-4ae8-80a0-d934da4596df/call-GatherMonolithicBamFile/execution/ERR3684866_ILMN.aligned.unsorted.bam -> /home/darja/workflow/cromwell-executions1/cached-inputs/1866465805/1774499354960ERR3684866_ILMN.aligned.unsorted.bam.tmp: No space left on device
[2026-03-26 04:31:50,59] [[38;5;220mwarn[0m] Localization via copy has failed: /home/darja/workflow/cromwell-executions1/WholeGenomeGermlineSingleSample/62cff5fe-42ff-4727-90af-a04169deff2b/call-UnmappedBamToAlignedBam/UnmappedBamToAlignedBam/0551237b-680f-41df-bdcf-a1042ce60cb9/call-SplitRG/shard-0/SplitLargeReadGroup/cb93e366-b42f-4ae8-80a0-d934da4596df/call-GatherMonolithicBamFile/execution/ERR3684866_ILMN.aligned.unsorted.bam -> /home/darja/workflow/cromwell-executions1/WholeGenomeGermlineSingleSample/62cff5fe-42ff-4727-90af-a04169deff2b/call-UnmappedBamToAlignedBam/UnmappedBamToAlignedBam/0551237b-680f-41df-bdcf-a1042ce60cb9/call-CollectUnsortedReadgroupBamQualityMetrics/shard-0/inputs/1866465805/ERR3684866_ILMN.aligned.unsorted.bam.tmp: No space left on device
[2026-03-26 04:31:50,59] [[38;5;220mwarn[0m] Localization via cached copy file has failed: /home/darja/workflow/cromwell-executions1/WholeGenomeGermlineSingleSample/62cff5fe-42ff-4727-90af-a04169deff2b/call-UnmappedBamToAlignedBam/UnmappedBamToAlignedBam/0551237b-680f-41df-bdcf-a1042ce60cb9/call-MarkDuplicates/inputs/1866465805/ERR3684866_ILMN.aligned.unsorted.bam -> /home/darja/workflow/cromwell-executions1/cached-inputs/1866465805/1774499354960ERR3684866_ILMN.aligned.unsorted.bam
[2026-03-26 04:31:50,59] [[38;5;220mwarn[0m] Localization via copy has failed: /home/darja/workflow/cromwell-executions1/WholeGenomeGermlineSingleSample/62cff5fe-42ff-4727-90af-a04169deff2b/call-UnmappedBamToAlignedBam/UnmappedBamToAlignedBam/0551237b-680f-41df-bdcf-a1042ce60cb9/call-SplitRG/shard-0/SplitLargeReadGroup/cb93e366-b42f-4ae8-80a0-d934da4596df/call-GatherMonolithicBamFile/execution/ERR3684866_ILMN.aligned.unsorted.bam -> /home/darja/workflow/cromwell-executions1/WholeGenomeGermlineSingleSample/62cff5fe-42ff-4727-90af-a04169deff2b/call-UnmappedBamToAlignedBam/UnmappedBamToAlignedBam/0551237b-680f-41df-bdcf-a1042ce60cb9/call-MarkDuplicates/inputs/1866465805/ERR3684866_ILMN.aligned.unsorted.bam.tmp: No space left on device
[2026-03-26 04:31:50,60] [[38;5;1merror[0m] BackgroundConfigAsyncJobExecutionActor [[38;5;2m0551237b[0mUnmappedBamToAlignedBam.CollectUnsortedReadgroupBamQualityMetrics:0:1]: Error attempting to Execute
java.lang.Exception: Failed command instantiation
	at cromwell.backend.standard.StandardAsyncExecutionActor.instantiatedCommand(StandardAsyncExecutionActor.scala:733)
	at cromwell.backend.standard.StandardAsyncExecutionActor.instantiatedCommand$(StandardAsyncExecutionActor.scala:652)
	at cromwell.backend.impl.sfs.config.BackgroundConfigAsyncJobExecutionActor.instantiatedCommand$lzycompute(ConfigAsyncJobExecutionActor.scala:205)
	at cromwell.backend.impl.sfs.config.BackgroundConfigAsyncJobExecutionActor.instantiatedCommand(ConfigAsyncJobExecutionActor.scala:205)
	at cromwell.backend.standard.StandardAsyncExecutionActor.commandScriptContents(StandardAsyncExecutionActor.scala:414)
	at cromwell.backend.standard.StandardAsyncExecutionActor.commandScriptContents$(StandardAsyncExecutionActor.scala:413)
	at cromwell.backend.impl.sfs.config.BackgroundConfigAsyncJobExecutionActor.commandScriptContents(ConfigAsyncJobExecutionActor.scala:205)
	at cromwell.backend.sfs.SharedFileSystemAsyncJobExecutionActor.writeScriptContents(SharedFileSystemAsyncJobExecutionActor.scala:180)
	at cromwell.backend.sfs.SharedFileSystemAsyncJobExecutionActor.writeScriptContents$(SharedFileSystemAsyncJobExecutionActor.scala:179)
	at cromwell.backend.impl.sfs.config.BackgroundConfigAsyncJobExecutionActor.cromwell$backend$sfs$BackgroundAsyncJobExecutionActor$$super$writeScriptContents(ConfigAsyncJobExecutionActor.scala:205)
	at cromwell.backend.sfs.BackgroundAsyncJobExecutionActor.writeScriptContents(BackgroundAsyncJobExecutionActor.scala:12)
	at cromwell.backend.sfs.BackgroundAsyncJobExecutionActor.writeScriptContents$(BackgroundAsyncJobExecutionActor.scala:11)
	at cromwell.backend.impl.sfs.config.BackgroundConfigAsyncJobExecutionActor.writeScriptContents(ConfigAsyncJobExecutionActor.scala:205)
	at cromwell.backend.sfs.SharedFileSystemAsyncJobExecutionActor.execute(SharedFileSystemAsyncJobExecutionActor.scala:159)
	at cromwell.backend.sfs.SharedFileSystemAsyncJobExecutionActor.execute$(SharedFileSystemAsyncJobExecutionActor.scala:156)
	at cromwell.backend.impl.sfs.config.BackgroundConfigAsyncJobExecutionActor.execute(ConfigAsyncJobExecutionActor.scala:205)
	at cromwell.backend.standard.StandardAsyncExecutionActor.$anonfun$executeAsync$1(StandardAsyncExecutionActor.scala:813)
	at scala.util.Try$.apply(Try.scala:210)
	at cromwell.backend.standard.StandardAsyncExecutionActor.executeAsync(StandardAsyncExecutionActor.scala:813)
	at cromwell.backend.standard.StandardAsyncExecutionActor.executeAsync$(StandardAsyncExecutionActor.scala:813)
	at cromwell.backend.impl.sfs.config.BackgroundConfigAsyncJobExecutionActor.executeAsync(ConfigAsyncJobExecutionActor.scala:205)
	at cromwell.backend.standard.StandardAsyncExecutionActor.executeOrRecover(StandardAsyncExecutionActor.scala:1253)
	at cromwell.backend.standard.StandardAsyncExecutionActor.executeOrRecover$(StandardAsyncExecutionActor.scala:1245)
	at cromwell.backend.impl.sfs.config.BackgroundConfigAsyncJobExecutionActor.executeOrRecover(ConfigAsyncJobExecutionActor.scala:205)
	at cromwell.backend.async.AsyncBackendJobExecutionActor.$anonfun$robustExecuteOrRecover$1(AsyncBackendJobExecutionActor.scala:65)
	at cromwell.core.retry.Retry$.withRetry(Retry.scala:46)
	at cromwell.backend.async.AsyncBackendJobExecutionActor.withRetry(AsyncBackendJobExecutionActor.scala:62)
	at cromwell.backend.async.AsyncBackendJobExecutionActor.cromwell$backend$async$AsyncBackendJobExecutionActor$$robustExecuteOrRecover(AsyncBackendJobExecutionActor.scala:65)
	at cromwell.backend.async.AsyncBackendJobExecutionActor$$anonfun$receive$1.applyOrElse(AsyncBackendJobExecutionActor.scala:86)
	at scala.PartialFunction$OrElse.applyOrElse(PartialFunction.scala:270)
	at scala.PartialFunction$OrElse.applyOrElse(PartialFunction.scala:270)
	at scala.PartialFunction$OrElse.applyOrElse(PartialFunction.scala:270)
	at scala.PartialFunction$OrElse.applyOrElse(PartialFunction.scala:270)
	at akka.actor.Actor.aroundReceive(Actor.scala:539)
	at akka.actor.Actor.aroundReceive$(Actor.scala:537)
	at cromwell.backend.impl.sfs.config.BackgroundConfigAsyncJobExecutionActor.aroundReceive(ConfigAsyncJobExecutionActor.scala:205)
	at akka.actor.ActorCell.receiveMessage(ActorCell.scala:614)
	at akka.actor.ActorCell.invoke(ActorCell.scala:583)
	at akka.dispatch.Mailbox.processMailbox(Mailbox.scala:268)
	at akka.dispatch.Mailbox.run(Mailbox.scala:229)
	at akka.dispatch.Mailbox.exec(Mailbox.scala:241)
	at akka.dispatch.forkjoin.ForkJoinTask.doExec(ForkJoinTask.java:260)
	at akka.dispatch.forkjoin.ForkJoinPool$WorkQueue.runTask(ForkJoinPool.java:1339)
	at akka.dispatch.forkjoin.ForkJoinPool.runWorker(ForkJoinPool.java:1979)
	at akka.dispatch.forkjoin.ForkJoinWorkerThread.run(ForkJoinWorkerThread.java:107)
Caused by: common.exception.AggregatedMessageException: Error(s):
:
Could not localize /home/darja/workflow/cromwell-executions1/WholeGenomeGermlineSingleSample/62cff5fe-42ff-4727-90af-a04169deff2b/call-UnmappedBamToAlignedBam/UnmappedBamToAlignedBam/0551237b-680f-41df-bdcf-a1042ce60cb9/call-SplitRG/shard-0/SplitLargeReadGroup/cb93e366-b42f-4ae8-80a0-d934da4596df/call-GatherMonolithicBamFile/execution/ERR3684866_ILMN.aligned.unsorted.bam -> /home/darja/workflow/cromwell-executions1/WholeGenomeGermlineSingleSample/62cff5fe-42ff-4727-90af-a04169deff2b/call-UnmappedBamToAlignedBam/UnmappedBamToAlignedBam/0551237b-680f-41df-bdcf-a1042ce60cb9/call-CollectUnsortedReadgroupBamQualityMetrics/shard-0/inputs/1866465805/ERR3684866_ILMN.aligned.unsorted.bam:
	/home/darja/workflow/cromwell-executions1/WholeGenomeGermlineSingleSample/62cff5fe-42ff-4727-90af-a04169deff2b/call-UnmappedBamToAlignedBam/UnmappedBamToAlignedBam/0551237b-680f-41df-bdcf-a1042ce60cb9/call-SplitRG/shard-0/SplitLargeReadGroup/cb93e366-b42f-4ae8-80a0-d934da4596df/call-GatherMonolithicBamFile/execution/ERR3684866_ILMN.aligned.unsorted.bam doesn't exist
	/home/darja/workflow/cromwell-executions1/WholeGenomeGermlineSingleSample/62cff5fe-42ff-4727-90af-a04169deff2b/call-UnmappedBamToAlignedBam/UnmappedBamToAlignedBam/0551237b-680f-41df-bdcf-a1042ce60cb9/call-SplitRG/shard-0/SplitLargeReadGroup/cb93e366-b42f-4ae8-80a0-d934da4596df/call-GatherMonolithicBamFile/execution/ERR3684866_ILMN.aligned.unsorted.bam -> /home/darja/workflow/cromwell-executions1/cached-inputs/1866465805/1774499354960ERR3684866_ILMN.aligned.unsorted.bam.tmp: No space left on device
	/home/darja/workflow/cromwell-executions1/WholeGenomeGermlineSingleSample/62cff5fe-42ff-4727-90af-a04169deff2b/call-UnmappedBamToAlignedBam/UnmappedBamToAlignedBam/0551237b-680f-41df-bdcf-a1042ce60cb9/call-SplitRG/shard-0/SplitLargeReadGroup/cb93e366-b42f-4ae8-80a0-d934da4596df/call-GatherMonolithicBamFile/execution/ERR3684866_ILMN.aligned.unsorted.bam -> /home/darja/workflow/cromwell-executions1/WholeGenomeGermlineSingleSample/62cff5fe-42ff-4727-90af-a04169deff2b/call-UnmappedBamToAlignedBam/UnmappedBamToAlignedBam/0551237b-680f-41df-bdcf-a1042ce60cb9/call-CollectUnsortedReadgroupBamQualityMetrics/shard-0/inputs/1866465805/ERR3684866_ILMN.aligned.unsorted.bam.tmp: No space left on device
	at common.validation.Validation$ValidationTry$.toTry$extension(Validation.scala:93)
	at common.validation.Validation$ValidationTry$.toTry$extension(Validation.scala:89)
	at cromwell.backend.standard.StandardAsyncExecutionActor.instantiatedCommand(StandardAsyncExecutionActor.scala:731)
	... 44 common frames omitted
[2026-03-26 04:31:50,60] [[38;5;1merror[0m] BackgroundConfigAsyncJobExecutionActor [[38;5;2m0551237b[0mUnmappedBamToAlignedBam.MarkDuplicates:NA:1]: Error attempting to Execute
java.lang.Exception: Failed command instantiation
	at cromwell.backend.standard.StandardAsyncExecutionActor.instantiatedCommand(StandardAsyncExecutionActor.scala:733)
	at cromwell.backend.standard.StandardAsyncExecutionActor.instantiatedCommand$(StandardAsyncExecutionActor.scala:652)
	at cromwell.backend.impl.sfs.config.BackgroundConfigAsyncJobExecutionActor.instantiatedCommand$lzycompute(ConfigAsyncJobExecutionActor.scala:205)
	at cromwell.backend.impl.sfs.config.BackgroundConfigAsyncJobExecutionActor.instantiatedCommand(ConfigAsyncJobExecutionActor.scala:205)
	at cromwell.backend.standard.StandardAsyncExecutionActor.commandScriptContents(StandardAsyncExecutionActor.scala:414)
	at cromwell.backend.standard.StandardAsyncExecutionActor.commandScriptContents$(StandardAsyncExecutionActor.scala:413)
	at cromwell.backend.impl.sfs.config.BackgroundConfigAsyncJobExecutionActor.commandScriptContents(ConfigAsyncJobExecutionActor.scala:205)
	at cromwell.backend.sfs.SharedFileSystemAsyncJobExecutionActor.writeScriptContents(SharedFileSystemAsyncJobExecutionActor.scala:180)
	at cromwell.backend.sfs.SharedFileSystemAsyncJobExecutionActor.writeScriptContents$(SharedFileSystemAsyncJobExecutionActor.scala:179)
	at cromwell.backend.impl.sfs.config.BackgroundConfigAsyncJobExecutionActor.cromwell$backend$sfs$BackgroundAsyncJobExecutionActor$$super$writeScriptContents(ConfigAsyncJobExecutionActor.scala:205)
	at cromwell.backend.sfs.BackgroundAsyncJobExecutionActor.writeScriptContents(BackgroundAsyncJobExecutionActor.scala:12)
	at cromwell.backend.sfs.BackgroundAsyncJobExecutionActor.writeScriptContents$(BackgroundAsyncJobExecutionActor.scala:11)
	at cromwell.backend.impl.sfs.config.BackgroundConfigAsyncJobExecutionActor.writeScriptContents(ConfigAsyncJobExecutionActor.scala:205)
	at cromwell.backend.sfs.SharedFileSystemAsyncJobExecutionActor.execute(SharedFileSystemAsyncJobExecutionActor.scala:159)
	at cromwell.backend.sfs.SharedFileSystemAsyncJobExecutionActor.execute$(SharedFileSystemAsyncJobExecutionActor.scala:156)
	at cromwell.backend.impl.sfs.config.BackgroundConfigAsyncJobExecutionActor.execute(ConfigAsyncJobExecutionActor.scala:205)
	at cromwell.backend.standard.StandardAsyncExecutionActor.$anonfun$executeAsync$1(StandardAsyncExecutionActor.scala:813)
	at scala.util.Try$.apply(Try.scala:210)
	at cromwell.backend.standard.StandardAsyncExecutionActor.executeAsync(StandardAsyncExecutionActor.scala:813)
	at cromwell.backend.standard.StandardAsyncExecutionActor.executeAsync$(StandardAsyncExecutionActor.scala:813)
	at cromwell.backend.impl.sfs.config.BackgroundConfigAsyncJobExecutionActor.executeAsync(ConfigAsyncJobExecutionActor.scala:205)
	at cromwell.backend.standard.StandardAsyncExecutionActor.executeOrRecover(StandardAsyncExecutionActor.scala:1253)
	at cromwell.backend.standard.StandardAsyncExecutionActor.executeOrRecover$(StandardAsyncExecutionActor.scala:1245)
	at cromwell.backend.impl.sfs.config.BackgroundConfigAsyncJobExecutionActor.executeOrRecover(ConfigAsyncJobExecutionActor.scala:205)
	at cromwell.backend.async.AsyncBackendJobExecutionActor.$anonfun$robustExecuteOrRecover$1(AsyncBackendJobExecutionActor.scala:65)
	at cromwell.core.retry.Retry$.withRetry(Retry.scala:46)
	at cromwell.backend.async.AsyncBackendJobExecutionActor.withRetry(AsyncBackendJobExecutionActor.scala:62)
	at cromwell.backend.async.AsyncBackendJobExecutionActor.cromwell$backend$async$AsyncBackendJobExecutionActor$$robustExecuteOrRecover(AsyncBackendJobExecutionActor.scala:65)
	at cromwell.backend.async.AsyncBackendJobExecutionActor$$anonfun$receive$1.applyOrElse(AsyncBackendJobExecutionActor.scala:86)
	at scala.PartialFunction$OrElse.applyOrElse(PartialFunction.scala:270)
	at scala.PartialFunction$OrElse.applyOrElse(PartialFunction.scala:270)
	at scala.PartialFunction$OrElse.applyOrElse(PartialFunction.scala:270)
	at scala.PartialFunction$OrElse.applyOrElse(PartialFunction.scala:270)
	at akka.actor.Actor.aroundReceive(Actor.scala:539)
	at akka.actor.Actor.aroundReceive$(Actor.scala:537)
	at cromwell.backend.impl.sfs.config.BackgroundConfigAsyncJobExecutionActor.aroundReceive(ConfigAsyncJobExecutionActor.scala:205)
	at akka.actor.ActorCell.receiveMessage(ActorCell.scala:614)
	at akka.actor.ActorCell.invoke(ActorCell.scala:583)
	at akka.dispatch.Mailbox.processMailbox(Mailbox.scala:268)
	at akka.dispatch.Mailbox.run(Mailbox.scala:229)
	at akka.dispatch.Mailbox.exec(Mailbox.scala:241)
	at akka.dispatch.forkjoin.ForkJoinTask.doExec(ForkJoinTask.java:260)
	at akka.dispatch.forkjoin.ForkJoinPool$WorkQueue.runTask(ForkJoinPool.java:1339)
	at akka.dispatch.forkjoin.ForkJoinPool.runWorker(ForkJoinPool.java:1979)
	at akka.dispatch.forkjoin.ForkJoinWorkerThread.run(ForkJoinWorkerThread.java:107)
Caused by: common.exception.AggregatedMessageException: Error(s):
:
:
	Could not localize /home/darja/workflow/cromwell-executions1/WholeGenomeGermlineSingleSample/62cff5fe-42ff-4727-90af-a04169deff2b/call-UnmappedBamToAlignedBam/UnmappedBamToAlignedBam/0551237b-680f-41df-bdcf-a1042ce60cb9/call-SplitRG/shard-0/SplitLargeReadGroup/cb93e366-b42f-4ae8-80a0-d934da4596df/call-GatherMonolithicBamFile/execution/ERR3684866_ILMN.aligned.unsorted.bam -> /home/darja/workflow/cromwell-executions1/WholeGenomeGermlineSingleSample/62cff5fe-42ff-4727-90af-a04169deff2b/call-UnmappedBamToAlignedBam/UnmappedBamToAlignedBam/0551237b-680f-41df-bdcf-a1042ce60cb9/call-MarkDuplicates/inputs/1866465805/ERR3684866_ILMN.aligned.unsorted.bam:
	/home/darja/workflow/cromwell-executions1/WholeGenomeGermlineSingleSample/62cff5fe-42ff-4727-90af-a04169deff2b/call-UnmappedBamToAlignedBam/UnmappedBamToAlignedBam/0551237b-680f-41df-bdcf-a1042ce60cb9/call-SplitRG/shard-0/SplitLargeReadGroup/cb93e366-b42f-4ae8-80a0-d934da4596df/call-GatherMonolithicBamFile/execution/ERR3684866_ILMN.aligned.unsorted.bam doesn't exist
	File not found /home/darja/workflow/cromwell-executions1/WholeGenomeGermlineSingleSample/62cff5fe-42ff-4727-90af-a04169deff2b/call-UnmappedBamToAlignedBam/UnmappedBamToAlignedBam/0551237b-680f-41df-bdcf-a1042ce60cb9/call-MarkDuplicates/inputs/1866465805/ERR3684866_ILMN.aligned.unsorted.bam -> /home/darja/workflow/cromwell-executions1/cached-inputs/1866465805/1774499354960ERR3684866_ILMN.aligned.unsorted.bam
	/home/darja/workflow/cromwell-executions1/WholeGenomeGermlineSingleSample/62cff5fe-42ff-4727-90af-a04169deff2b/call-UnmappedBamToAlignedBam/UnmappedBamToAlignedBam/0551237b-680f-41df-bdcf-a1042ce60cb9/call-SplitRG/shard-0/SplitLargeReadGroup/cb93e366-b42f-4ae8-80a0-d934da4596df/call-GatherMonolithicBamFile/execution/ERR3684866_ILMN.aligned.unsorted.bam -> /home/darja/workflow/cromwell-executions1/WholeGenomeGermlineSingleSample/62cff5fe-42ff-4727-90af-a04169deff2b/call-UnmappedBamToAlignedBam/UnmappedBamToAlignedBam/0551237b-680f-41df-bdcf-a1042ce60cb9/call-MarkDuplicates/inputs/1866465805/ERR3684866_ILMN.aligned.unsorted.bam.tmp: No space left on device
	at common.validation.Validation$ValidationTry$.toTry$extension(Validation.scala:93)
	at common.validation.Validation$ValidationTry$.toTry$extension(Validation.scala:89)
	at cromwell.backend.standard.StandardAsyncExecutionActor.instantiatedCommand(StandardAsyncExecutionActor.scala:731)
	... 44 common frames omitted
[2026-03-26 04:31:52,96] [[38;5;1merror[0m] BackgroundConfigAsyncJobExecutionActor [[38;5;2m0551237b[0mUnmappedBamToAlignedBam.CollectUnsortedReadgroupBamQualityMetrics:0:1]: Error attempting to Execute
java.lang.Exception: Failed command instantiation
	at cromwell.backend.standard.StandardAsyncExecutionActor.instantiatedCommand(StandardAsyncExecutionActor.scala:733)
	at cromwell.backend.standard.StandardAsyncExecutionActor.instantiatedCommand$(StandardAsyncExecutionActor.scala:652)
	at cromwell.backend.impl.sfs.config.BackgroundConfigAsyncJobExecutionActor.instantiatedCommand$lzycompute(ConfigAsyncJobExecutionActor.scala:205)
	at cromwell.backend.impl.sfs.config.BackgroundConfigAsyncJobExecutionActor.instantiatedCommand(ConfigAsyncJobExecutionActor.scala:205)
	at cromwell.backend.standard.StandardAsyncExecutionActor.commandScriptContents(StandardAsyncExecutionActor.scala:414)
	at cromwell.backend.standard.StandardAsyncExecutionActor.commandScriptContents$(StandardAsyncExecutionActor.scala:413)
	at cromwell.backend.impl.sfs.config.BackgroundConfigAsyncJobExecutionActor.commandScriptContents(ConfigAsyncJobExecutionActor.scala:205)
	at cromwell.backend.sfs.SharedFileSystemAsyncJobExecutionActor.writeScriptContents(SharedFileSystemAsyncJobExecutionActor.scala:180)
	at cromwell.backend.sfs.SharedFileSystemAsyncJobExecutionActor.writeScriptContents$(SharedFileSystemAsyncJobExecutionActor.scala:179)
	at cromwell.backend.impl.sfs.config.BackgroundConfigAsyncJobExecutionActor.cromwell$backend$sfs$BackgroundAsyncJobExecutionActor$$super$writeScriptContents(ConfigAsyncJobExecutionActor.scala:205)
	at cromwell.backend.sfs.BackgroundAsyncJobExecutionActor.writeScriptContents(BackgroundAsyncJobExecutionActor.scala:12)
	at cromwell.backend.sfs.BackgroundAsyncJobExecutionActor.writeScriptContents$(BackgroundAsyncJobExecutionActor.scala:11)
	at cromwell.backend.impl.sfs.config.BackgroundConfigAsyncJobExecutionActor.writeScriptContents(ConfigAsyncJobExecutionActor.scala:205)
	at cromwell.backend.sfs.SharedFileSystemAsyncJobExecutionActor.execute(SharedFileSystemAsyncJobExecutionActor.scala:159)
	at cromwell.backend.sfs.SharedFileSystemAsyncJobExecutionActor.execute$(SharedFileSystemAsyncJobExecutionActor.scala:156)
	at cromwell.backend.impl.sfs.config.BackgroundConfigAsyncJobExecutionActor.execute(ConfigAsyncJobExecutionActor.scala:205)
	at cromwell.backend.standard.StandardAsyncExecutionActor.$anonfun$executeAsync$1(StandardAsyncExecutionActor.scala:813)
	at scala.util.Try$.apply(Try.scala:210)
	at cromwell.backend.standard.StandardAsyncExecutionActor.executeAsync(StandardAsyncExecutionActor.scala:813)
	at cromwell.backend.standard.StandardAsyncExecutionActor.executeAsync$(StandardAsyncExecutionActor.scala:813)
	at cromwell.backend.impl.sfs.config.BackgroundConfigAsyncJobExecutionActor.executeAsync(ConfigAsyncJobExecutionActor.scala:205)
	at cromwell.backend.standard.StandardAsyncExecutionActor.executeOrRecover(StandardAsyncExecutionActor.scala:1253)
	at cromwell.backend.standard.StandardAsyncExecutionActor.executeOrRecover$(StandardAsyncExecutionActor.scala:1245)
	at cromwell.backend.impl.sfs.config.BackgroundConfigAsyncJobExecutionActor.executeOrRecover(ConfigAsyncJobExecutionActor.scala:205)
	at cromwell.backend.async.AsyncBackendJobExecutionActor.$anonfun$robustExecuteOrRecover$1(AsyncBackendJobExecutionActor.scala:65)
	at cromwell.core.retry.Retry$.withRetry(Retry.scala:46)
	at cromwell.core.retry.Retry$$anonfun$withRetry$1.$anonfun$applyOrElse$3(Retry.scala:54)
	at akka.pattern.FutureTimeoutSupport.liftedTree1$1(FutureTimeoutSupport.scala:31)
	at akka.pattern.FutureTimeoutSupport.$anonfun$after$1(FutureTimeoutSupport.scala:31)
	at akka.actor.Scheduler$$anon$4.run(Scheduler.scala:202)
	at akka.dispatch.TaskInvocation.run(AbstractDispatcher.scala:41)
	at akka.dispatch.ForkJoinExecutorConfigurator$AkkaForkJoinTask.exec(ForkJoinExecutorConfigurator.scala:49)
	at akka.dispatch.forkjoin.ForkJoinTask.doExec(ForkJoinTask.java:260)
	at akka.dispatch.forkjoin.ForkJoinPool$WorkQueue.runTask(ForkJoinPool.java:1339)
	at akka.dispatch.forkjoin.ForkJoinPool.runWorker(ForkJoinPool.java:1979)
	at akka.dispatch.forkjoin.ForkJoinWorkerThread.run(ForkJoinWorkerThread.java:107)
Caused by: common.exception.AggregatedMessageException: Error(s):
:
Could not localize /home/darja/workflow/cromwell-executions1/WholeGenomeGermlineSingleSample/62cff5fe-42ff-4727-90af-a04169deff2b/call-UnmappedBamToAlignedBam/UnmappedBamToAlignedBam/0551237b-680f-41df-bdcf-a1042ce60cb9/call-SplitRG/shard-0/SplitLargeReadGroup/cb93e366-b42f-4ae8-80a0-d934da4596df/call-GatherMonolithicBamFile/execution/ERR3684866_ILMN.aligned.unsorted.bam -> /home/darja/workflow/cromwell-executions1/WholeGenomeGermlineSingleSample/62cff5fe-42ff-4727-90af-a04169deff2b/call-UnmappedBamToAlignedBam/UnmappedBamToAlignedBam/0551237b-680f-41df-bdcf-a1042ce60cb9/call-CollectUnsortedReadgroupBamQualityMetrics/shard-0/inputs/1866465805/ERR3684866_ILMN.aligned.unsorted.bam:
	/home/darja/workflow/cromwell-executions1/WholeGenomeGermlineSingleSample/62cff5fe-42ff-4727-90af-a04169deff2b/call-UnmappedBamToAlignedBam/UnmappedBamToAlignedBam/0551237b-680f-41df-bdcf-a1042ce60cb9/call-SplitRG/shard-0/SplitLargeReadGroup/cb93e366-b42f-4ae8-80a0-d934da4596df/call-GatherMonolithicBamFile/execution/ERR3684866_ILMN.aligned.unsorted.bam doesn't exist
	/home/darja/workflow/cromwell-executions1/WholeGenomeGermlineSingleSample/62cff5fe-42ff-4727-90af-a04169deff2b/call-UnmappedBamToAlignedBam/UnmappedBamToAlignedBam/0551237b-680f-41df-bdcf-a1042ce60cb9/call-SplitRG/shard-0/SplitLargeReadGroup/cb93e366-b42f-4ae8-80a0-d934da4596df/call-GatherMonolithicBamFile/execution/ERR3684866_ILMN.aligned.unsorted.bam -> /home/darja/workflow/cromwell-executions1/cached-inputs/1866465805/1774499354960ERR3684866_ILMN.aligned.unsorted.bam.tmp: No space left on device
	/home/darja/workflow/cromwell-executions1/WholeGenomeGermlineSingleSample/62cff5fe-42ff-4727-90af-a04169deff2b/call-UnmappedBamToAlignedBam/UnmappedBamToAlignedBam/0551237b-680f-41df-bdcf-a1042ce60cb9/call-SplitRG/shard-0/SplitLargeReadGroup/cb93e366-b42f-4ae8-80a0-d934da4596df/call-GatherMonolithicBamFile/execution/ERR3684866_ILMN.aligned.unsorted.bam -> /home/darja/workflow/cromwell-executions1/WholeGenomeGermlineSingleSample/62cff5fe-42ff-4727-90af-a04169deff2b/call-UnmappedBamToAlignedBam/UnmappedBamToAlignedBam/0551237b-680f-41df-bdcf-a1042ce60cb9/call-CollectUnsortedReadgroupBamQualityMetrics/shard-0/inputs/1866465805/ERR3684866_ILMN.aligned.unsorted.bam.tmp: No space left on device
	at common.validation.Validation$ValidationTry$.toTry$extension(Validation.scala:93)
	at common.validation.Validation$ValidationTry$.toTry$extension(Validation.scala:89)
	at cromwell.backend.standard.StandardAsyncExecutionActor.instantiatedCommand(StandardAsyncExecutionActor.scala:731)
	... 35 common frames omitted
[2026-03-26 04:31:53,59] [[38;5;1merror[0m] BackgroundConfigAsyncJobExecutionActor [[38;5;2m0551237b[0mUnmappedBamToAlignedBam.MarkDuplicates:NA:1]: Error attempting to Execute
java.lang.Exception: Failed command instantiation
	at cromwell.backend.standard.StandardAsyncExecutionActor.instantiatedCommand(StandardAsyncExecutionActor.scala:733)
	at cromwell.backend.standard.StandardAsyncExecutionActor.instantiatedCommand$(StandardAsyncExecutionActor.scala:652)
	at cromwell.backend.impl.sfs.config.BackgroundConfigAsyncJobExecutionActor.instantiatedCommand$lzycompute(ConfigAsyncJobExecutionActor.scala:205)
	at cromwell.backend.impl.sfs.config.BackgroundConfigAsyncJobExecutionActor.instantiatedCommand(ConfigAsyncJobExecutionActor.scala:205)
	at cromwell.backend.standard.StandardAsyncExecutionActor.commandScriptContents(StandardAsyncExecutionActor.scala:414)
	at cromwell.backend.standard.StandardAsyncExecutionActor.commandScriptContents$(StandardAsyncExecutionActor.scala:413)
	at cromwell.backend.impl.sfs.config.BackgroundConfigAsyncJobExecutionActor.commandScriptContents(ConfigAsyncJobExecutionActor.scala:205)
	at cromwell.backend.sfs.SharedFileSystemAsyncJobExecutionActor.writeScriptContents(SharedFileSystemAsyncJobExecutionActor.scala:180)
	at cromwell.backend.sfs.SharedFileSystemAsyncJobExecutionActor.writeScriptContents$(SharedFileSystemAsyncJobExecutionActor.scala:179)
	at cromwell.backend.impl.sfs.config.BackgroundConfigAsyncJobExecutionActor.cromwell$backend$sfs$BackgroundAsyncJobExecutionActor$$super$writeScriptContents(ConfigAsyncJobExecutionActor.scala:205)
	at cromwell.backend.sfs.BackgroundAsyncJobExecutionActor.writeScriptContents(BackgroundAsyncJobExecutionActor.scala:12)
	at cromwell.backend.sfs.BackgroundAsyncJobExecutionActor.writeScriptContents$(BackgroundAsyncJobExecutionActor.scala:11)
	at cromwell.backend.impl.sfs.config.BackgroundConfigAsyncJobExecutionActor.writeScriptContents(ConfigAsyncJobExecutionActor.scala:205)
	at cromwell.backend.sfs.SharedFileSystemAsyncJobExecutionActor.execute(SharedFileSystemAsyncJobExecutionActor.scala:159)
	at cromwell.backend.sfs.SharedFileSystemAsyncJobExecutionActor.execute$(SharedFileSystemAsyncJobExecutionActor.scala:156)
	at cromwell.backend.impl.sfs.config.BackgroundConfigAsyncJobExecutionActor.execute(ConfigAsyncJobExecutionActor.scala:205)
	at cromwell.backend.standard.StandardAsyncExecutionActor.$anonfun$executeAsync$1(StandardAsyncExecutionActor.scala:813)
	at scala.util.Try$.apply(Try.scala:210)
	at cromwell.backend.standard.StandardAsyncExecutionActor.executeAsync(StandardAsyncExecutionActor.scala:813)
	at cromwell.backend.standard.StandardAsyncExecutionActor.executeAsync$(StandardAsyncExecutionActor.scala:813)
	at cromwell.backend.impl.sfs.config.BackgroundConfigAsyncJobExecutionActor.executeAsync(ConfigAsyncJobExecutionActor.scala:205)
	at cromwell.backend.standard.StandardAsyncExecutionActor.executeOrRecover(StandardAsyncExecutionActor.scala:1253)
	at cromwell.backend.standard.StandardAsyncExecutionActor.executeOrRecover$(StandardAsyncExecutionActor.scala:1245)
	at cromwell.backend.impl.sfs.config.BackgroundConfigAsyncJobExecutionActor.executeOrRecover(ConfigAsyncJobExecutionActor.scala:205)
	at cromwell.backend.async.AsyncBackendJobExecutionActor.$anonfun$robustExecuteOrRecover$1(AsyncBackendJobExecutionActor.scala:65)
	at cromwell.core.retry.Retry$.withRetry(Retry.scala:46)
	at cromwell.core.retry.Retry$$anonfun$withRetry$1.$anonfun$applyOrElse$3(Retry.scala:54)
	at akka.pattern.FutureTimeoutSupport.liftedTree1$1(FutureTimeoutSupport.scala:31)
	at akka.pattern.FutureTimeoutSupport.$anonfun$after$1(FutureTimeoutSupport.scala:31)
	at akka.actor.Scheduler$$anon$4.run(Scheduler.scala:202)
	at akka.dispatch.TaskInvocation.run(AbstractDispatcher.scala:41)
	at akka.dispatch.ForkJoinExecutorConfigurator$AkkaForkJoinTask.exec(ForkJoinExecutorConfigurator.scala:49)
	at akka.dispatch.forkjoin.ForkJoinTask.doExec(ForkJoinTask.java:260)
	at akka.dispatch.forkjoin.ForkJoinPool$WorkQueue.runTask(ForkJoinPool.java:1339)
	at akka.dispatch.forkjoin.ForkJoinPool.runWorker(ForkJoinPool.java:1979)
	at akka.dispatch.forkjoin.ForkJoinWorkerThread.run(ForkJoinWorkerThread.java:107)
Caused by: common.exception.AggregatedMessageException: Error(s):
:
:
	Could not localize /home/darja/workflow/cromwell-executions1/WholeGenomeGermlineSingleSample/62cff5fe-42ff-4727-90af-a04169deff2b/call-UnmappedBamToAlignedBam/UnmappedBamToAlignedBam/0551237b-680f-41df-bdcf-a1042ce60cb9/call-SplitRG/shard-0/SplitLargeReadGroup/cb93e366-b42f-4ae8-80a0-d934da4596df/call-GatherMonolithicBamFile/execution/ERR3684866_ILMN.aligned.unsorted.bam -> /home/darja/workflow/cromwell-executions1/WholeGenomeGermlineSingleSample/62cff5fe-42ff-4727-90af-a04169deff2b/call-UnmappedBamToAlignedBam/UnmappedBamToAlignedBam/0551237b-680f-41df-bdcf-a1042ce60cb9/call-MarkDuplicates/inputs/1866465805/ERR3684866_ILMN.aligned.unsorted.bam:
	/home/darja/workflow/cromwell-executions1/WholeGenomeGermlineSingleSample/62cff5fe-42ff-4727-90af-a04169deff2b/call-UnmappedBamToAlignedBam/UnmappedBamToAlignedBam/0551237b-680f-41df-bdcf-a1042ce60cb9/call-SplitRG/shard-0/SplitLargeReadGroup/cb93e366-b42f-4ae8-80a0-d934da4596df/call-GatherMonolithicBamFile/execution/ERR3684866_ILMN.aligned.unsorted.bam doesn't exist
	File not found /home/darja/workflow/cromwell-executions1/WholeGenomeGermlineSingleSample/62cff5fe-42ff-4727-90af-a04169deff2b/call-UnmappedBamToAlignedBam/UnmappedBamToAlignedBam/0551237b-680f-41df-bdcf-a1042ce60cb9/call-MarkDuplicates/inputs/1866465805/ERR3684866_ILMN.aligned.unsorted.bam -> /home/darja/workflow/cromwell-executions1/cached-inputs/1866465805/1774499354960ERR3684866_ILMN.aligned.unsorted.bam
	/home/darja/workflow/cromwell-executions1/WholeGenomeGermlineSingleSample/62cff5fe-42ff-4727-90af-a04169deff2b/call-UnmappedBamToAlignedBam/UnmappedBamToAlignedBam/0551237b-680f-41df-bdcf-a1042ce60cb9/call-SplitRG/shard-0/SplitLargeReadGroup/cb93e366-b42f-4ae8-80a0-d934da4596df/call-GatherMonolithicBamFile/execution/ERR3684866_ILMN.aligned.unsorted.bam -> /home/darja/workflow/cromwell-executions1/WholeGenomeGermlineSingleSample/62cff5fe-42ff-4727-90af-a04169deff2b/call-UnmappedBamToAlignedBam/UnmappedBamToAlignedBam/0551237b-680f-41df-bdcf-a1042ce60cb9/call-MarkDuplicates/inputs/1866465805/ERR3684866_ILMN.aligned.unsorted.bam.tmp: No space left on device
	at common.validation.Validation$ValidationTry$.toTry$extension(Validation.scala:93)
	at common.validation.Validation$ValidationTry$.toTry$extension(Validation.scala:89)
	at cromwell.backend.standard.StandardAsyncExecutionActor.instantiatedCommand(StandardAsyncExecutionActor.scala:731)
	... 35 common frames omitted
[2026-03-26 04:31:56,64] [[38;5;1merror[0m] BackgroundConfigAsyncJobExecutionActor [[38;5;2m0551237b[0mUnmappedBamToAlignedBam.CollectUnsortedReadgroupBamQualityMetrics:0:1]: Error attempting to Execute
java.lang.Exception: Failed command instantiation
	at cromwell.backend.standard.StandardAsyncExecutionActor.instantiatedCommand(StandardAsyncExecutionActor.scala:733)
	at cromwell.backend.standard.StandardAsyncExecutionActor.instantiatedCommand$(StandardAsyncExecutionActor.scala:652)
	at cromwell.backend.impl.sfs.config.BackgroundConfigAsyncJobExecutionActor.instantiatedCommand$lzycompute(ConfigAsyncJobExecutionActor.scala:205)
	at cromwell.backend.impl.sfs.config.BackgroundConfigAsyncJobExecutionActor.instantiatedCommand(ConfigAsyncJobExecutionActor.scala:205)
	at cromwell.backend.standard.StandardAsyncExecutionActor.commandScriptContents(StandardAsyncExecutionActor.scala:414)
	at cromwell.backend.standard.StandardAsyncExecutionActor.commandScriptContents$(StandardAsyncExecutionActor.scala:413)
	at cromwell.backend.impl.sfs.config.BackgroundConfigAsyncJobExecutionActor.commandScriptContents(ConfigAsyncJobExecutionActor.scala:205)
	at cromwell.backend.sfs.SharedFileSystemAsyncJobExecutionActor.writeScriptContents(SharedFileSystemAsyncJobExecutionActor.scala:180)
	at cromwell.backend.sfs.SharedFileSystemAsyncJobExecutionActor.writeScriptContents$(SharedFileSystemAsyncJobExecutionActor.scala:179)
	at cromwell.backend.impl.sfs.config.BackgroundConfigAsyncJobExecutionActor.cromwell$backend$sfs$BackgroundAsyncJobExecutionActor$$super$writeScriptContents(ConfigAsyncJobExecutionActor.scala:205)
	at cromwell.backend.sfs.BackgroundAsyncJobExecutionActor.writeScriptContents(BackgroundAsyncJobExecutionActor.scala:12)
	at cromwell.backend.sfs.BackgroundAsyncJobExecutionActor.writeScriptContents$(BackgroundAsyncJobExecutionActor.scala:11)
	at cromwell.backend.impl.sfs.config.BackgroundConfigAsyncJobExecutionActor.writeScriptContents(ConfigAsyncJobExecutionActor.scala:205)
	at cromwell.backend.sfs.SharedFileSystemAsyncJobExecutionActor.execute(SharedFileSystemAsyncJobExecutionActor.scala:159)
	at cromwell.backend.sfs.SharedFileSystemAsyncJobExecutionActor.execute$(SharedFileSystemAsyncJobExecutionActor.scala:156)
	at cromwell.backend.impl.sfs.config.BackgroundConfigAsyncJobExecutionActor.execute(ConfigAsyncJobExecutionActor.scala:205)
	at cromwell.backend.standard.StandardAsyncExecutionActor.$anonfun$executeAsync$1(StandardAsyncExecutionActor.scala:813)
	at scala.util.Try$.apply(Try.scala:210)
	at cromwell.backend.standard.StandardAsyncExecutionActor.executeAsync(StandardAsyncExecutionActor.scala:813)
	at cromwell.backend.standard.StandardAsyncExecutionActor.executeAsync$(StandardAsyncExecutionActor.scala:813)
	at cromwell.backend.impl.sfs.config.BackgroundConfigAsyncJobExecutionActor.executeAsync(ConfigAsyncJobExecutionActor.scala:205)
	at cromwell.backend.standard.StandardAsyncExecutionActor.executeOrRecover(StandardAsyncExecutionActor.scala:1253)
	at cromwell.backend.standard.StandardAsyncExecutionActor.executeOrRecover$(StandardAsyncExecutionActor.scala:1245)
	at cromwell.backend.impl.sfs.config.BackgroundConfigAsyncJobExecutionActor.executeOrRecover(ConfigAsyncJobExecutionActor.scala:205)
	at cromwell.backend.async.AsyncBackendJobExecutionActor.$anonfun$robustExecuteOrRecover$1(AsyncBackendJobExecutionActor.scala:65)
	at cromwell.core.retry.Retry$.withRetry(Retry.scala:46)
	at cromwell.core.retry.Retry$$anonfun$withRetry$1.$anonfun$applyOrElse$3(Retry.scala:54)
	at akka.pattern.FutureTimeoutSupport.liftedTree1$1(FutureTimeoutSupport.scala:31)
	at akka.pattern.FutureTimeoutSupport.$anonfun$after$1(FutureTimeoutSupport.scala:31)
	at akka.actor.Scheduler$$anon$4.run(Scheduler.scala:202)
	at akka.dispatch.TaskInvocation.run(AbstractDispatcher.scala:41)
	at akka.dispatch.ForkJoinExecutorConfigurator$AkkaForkJoinTask.exec(ForkJoinExecutorConfigurator.scala:49)
	at akka.dispatch.forkjoin.ForkJoinTask.doExec(ForkJoinTask.java:260)
	at akka.dispatch.forkjoin.ForkJoinPool$WorkQueue.runTask(ForkJoinPool.java:1339)
	at akka.dispatch.forkjoin.ForkJoinPool.runWorker(ForkJoinPool.java:1979)
	at akka.dispatch.forkjoin.ForkJoinWorkerThread.run(ForkJoinWorkerThread.java:107)
Caused by: common.exception.AggregatedMessageException: Error(s):
:
Could not localize /home/darja/workflow/cromwell-executions1/WholeGenomeGermlineSingleSample/62cff5fe-42ff-4727-90af-a04169deff2b/call-UnmappedBamToAlignedBam/UnmappedBamToAlignedBam/0551237b-680f-41df-bdcf-a1042ce60cb9/call-SplitRG/shard-0/SplitLargeReadGroup/cb93e366-b42f-4ae8-80a0-d934da4596df/call-GatherMonolithicBamFile/execution/ERR3684866_ILMN.aligned.unsorted.bam -> /home/darja/workflow/cromwell-executions1/WholeGenomeGermlineSingleSample/62cff5fe-42ff-4727-90af-a04169deff2b/call-UnmappedBamToAlignedBam/UnmappedBamToAlignedBam/0551237b-680f-41df-bdcf-a1042ce60cb9/call-CollectUnsortedReadgroupBamQualityMetrics/shard-0/inputs/1866465805/ERR3684866_ILMN.aligned.unsorted.bam:
	/home/darja/workflow/cromwell-executions1/WholeGenomeGermlineSingleSample/62cff5fe-42ff-4727-90af-a04169deff2b/call-UnmappedBamToAlignedBam/UnmappedBamToAlignedBam/0551237b-680f-41df-bdcf-a1042ce60cb9/call-SplitRG/shard-0/SplitLargeReadGroup/cb93e366-b42f-4ae8-80a0-d934da4596df/call-GatherMonolithicBamFile/execution/ERR3684866_ILMN.aligned.unsorted.bam doesn't exist
	/home/darja/workflow/cromwell-executions1/WholeGenomeGermlineSingleSample/62cff5fe-42ff-4727-90af-a04169deff2b/call-UnmappedBamToAlignedBam/UnmappedBamToAlignedBam/0551237b-680f-41df-bdcf-a1042ce60cb9/call-SplitRG/shard-0/SplitLargeReadGroup/cb93e366-b42f-4ae8-80a0-d934da4596df/call-GatherMonolithicBamFile/execution/ERR3684866_ILMN.aligned.unsorted.bam -> /home/darja/workflow/cromwell-executions1/cached-inputs/1866465805/1774499354960ERR3684866_ILMN.aligned.unsorted.bam.tmp: No space left on device
	/home/darja/workflow/cromwell-executions1/WholeGenomeGermlineSingleSample/62cff5fe-42ff-4727-90af-a04169deff2b/call-UnmappedBamToAlignedBam/UnmappedBamToAlignedBam/0551237b-680f-41df-bdcf-a1042ce60cb9/call-SplitRG/shard-0/SplitLargeReadGroup/cb93e366-b42f-4ae8-80a0-d934da4596df/call-GatherMonolithicBamFile/execution/ERR3684866_ILMN.aligned.unsorted.bam -> /home/darja/workflow/cromwell-executions1/WholeGenomeGermlineSingleSample/62cff5fe-42ff-4727-90af-a04169deff2b/call-UnmappedBamToAlignedBam/UnmappedBamToAlignedBam/0551237b-680f-41df-bdcf-a1042ce60cb9/call-CollectUnsortedReadgroupBamQualityMetrics/shard-0/inputs/1866465805/ERR3684866_ILMN.aligned.unsorted.bam.tmp: No space left on device
	at common.validation.Validation$ValidationTry$.toTry$extension(Validation.scala:93)
	at common.validation.Validation$ValidationTry$.toTry$extension(Validation.scala:89)
	at cromwell.backend.standard.StandardAsyncExecutionActor.instantiatedCommand(StandardAsyncExecutionActor.scala:731)
	... 35 common frames omitted
[2026-03-26 04:31:57,95] [[38;5;1merror[0m] BackgroundConfigAsyncJobExecutionActor [[38;5;2m0551237b[0mUnmappedBamToAlignedBam.MarkDuplicates:NA:1]: Error attempting to Execute
java.lang.Exception: Failed command instantiation
	at cromwell.backend.standard.StandardAsyncExecutionActor.instantiatedCommand(StandardAsyncExecutionActor.scala:733)
	at cromwell.backend.standard.StandardAsyncExecutionActor.instantiatedCommand$(StandardAsyncExecutionActor.scala:652)
	at cromwell.backend.impl.sfs.config.BackgroundConfigAsyncJobExecutionActor.instantiatedCommand$lzycompute(ConfigAsyncJobExecutionActor.scala:205)
	at cromwell.backend.impl.sfs.config.BackgroundConfigAsyncJobExecutionActor.instantiatedCommand(ConfigAsyncJobExecutionActor.scala:205)
	at cromwell.backend.standard.StandardAsyncExecutionActor.commandScriptContents(StandardAsyncExecutionActor.scala:414)
	at cromwell.backend.standard.StandardAsyncExecutionActor.commandScriptContents$(StandardAsyncExecutionActor.scala:413)
	at cromwell.backend.impl.sfs.config.BackgroundConfigAsyncJobExecutionActor.commandScriptContents(ConfigAsyncJobExecutionActor.scala:205)
	at cromwell.backend.sfs.SharedFileSystemAsyncJobExecutionActor.writeScriptContents(SharedFileSystemAsyncJobExecutionActor.scala:180)
	at cromwell.backend.sfs.SharedFileSystemAsyncJobExecutionActor.writeScriptContents$(SharedFileSystemAsyncJobExecutionActor.scala:179)
	at cromwell.backend.impl.sfs.config.BackgroundConfigAsyncJobExecutionActor.cromwell$backend$sfs$BackgroundAsyncJobExecutionActor$$super$writeScriptContents(ConfigAsyncJobExecutionActor.scala:205)
	at cromwell.backend.sfs.BackgroundAsyncJobExecutionActor.writeScriptContents(BackgroundAsyncJobExecutionActor.scala:12)
	at cromwell.backend.sfs.BackgroundAsyncJobExecutionActor.writeScriptContents$(BackgroundAsyncJobExecutionActor.scala:11)
	at cromwell.backend.impl.sfs.config.BackgroundConfigAsyncJobExecutionActor.writeScriptContents(ConfigAsyncJobExecutionActor.scala:205)
	at cromwell.backend.sfs.SharedFileSystemAsyncJobExecutionActor.execute(SharedFileSystemAsyncJobExecutionActor.scala:159)
	at cromwell.backend.sfs.SharedFileSystemAsyncJobExecutionActor.execute$(SharedFileSystemAsyncJobExecutionActor.scala:156)
	at cromwell.backend.impl.sfs.config.BackgroundConfigAsyncJobExecutionActor.execute(ConfigAsyncJobExecutionActor.scala:205)
	at cromwell.backend.standard.StandardAsyncExecutionActor.$anonfun$executeAsync$1(StandardAsyncExecutionActor.scala:813)
	at scala.util.Try$.apply(Try.scala:210)
	at cromwell.backend.standard.StandardAsyncExecutionActor.executeAsync(StandardAsyncExecutionActor.scala:813)
	at cromwell.backend.standard.StandardAsyncExecutionActor.executeAsync$(StandardAsyncExecutionActor.scala:813)
	at cromwell.backend.impl.sfs.config.BackgroundConfigAsyncJobExecutionActor.executeAsync(ConfigAsyncJobExecutionActor.scala:205)
	at cromwell.backend.standard.StandardAsyncExecutionActor.executeOrRecover(StandardAsyncExecutionActor.scala:1253)
	at cromwell.backend.standard.StandardAsyncExecutionActor.executeOrRecover$(StandardAsyncExecutionActor.scala:1245)
	at cromwell.backend.impl.sfs.config.BackgroundConfigAsyncJobExecutionActor.executeOrRecover(ConfigAsyncJobExecutionActor.scala:205)
	at cromwell.backend.async.AsyncBackendJobExecutionActor.$anonfun$robustExecuteOrRecover$1(AsyncBackendJobExecutionActor.scala:65)
	at cromwell.core.retry.Retry$.withRetry(Retry.scala:46)
	at cromwell.core.retry.Retry$$anonfun$withRetry$1.$anonfun$applyOrElse$3(Retry.scala:54)
	at akka.pattern.FutureTimeoutSupport.liftedTree1$1(FutureTimeoutSupport.scala:31)
	at akka.pattern.FutureTimeoutSupport.$anonfun$after$1(FutureTimeoutSupport.scala:31)
	at akka.actor.Scheduler$$anon$4.run(Scheduler.scala:202)
	at akka.dispatch.TaskInvocation.run(AbstractDispatcher.scala:41)
	at akka.dispatch.ForkJoinExecutorConfigurator$AkkaForkJoinTask.exec(ForkJoinExecutorConfigurator.scala:49)
	at akka.dispatch.forkjoin.ForkJoinTask.doExec(ForkJoinTask.java:260)
	at akka.dispatch.forkjoin.ForkJoinPool$WorkQueue.runTask(ForkJoinPool.java:1339)
	at akka.dispatch.forkjoin.ForkJoinPool.runWorker(ForkJoinPool.java:1979)
	at akka.dispatch.forkjoin.ForkJoinWorkerThread.run(ForkJoinWorkerThread.java:107)
Caused by: common.exception.AggregatedMessageException: Error(s):
:
:
	Could not localize /home/darja/workflow/cromwell-executions1/WholeGenomeGermlineSingleSample/62cff5fe-42ff-4727-90af-a04169deff2b/call-UnmappedBamToAlignedBam/UnmappedBamToAlignedBam/0551237b-680f-41df-bdcf-a1042ce60cb9/call-SplitRG/shard-0/SplitLargeReadGroup/cb93e366-b42f-4ae8-80a0-d934da4596df/call-GatherMonolithicBamFile/execution/ERR3684866_ILMN.aligned.unsorted.bam -> /home/darja/workflow/cromwell-executions1/WholeGenomeGermlineSingleSample/62cff5fe-42ff-4727-90af-a04169deff2b/call-UnmappedBamToAlignedBam/UnmappedBamToAlignedBam/0551237b-680f-41df-bdcf-a1042ce60cb9/call-MarkDuplicates/inputs/1866465805/ERR3684866_ILMN.aligned.unsorted.bam:
	/home/darja/workflow/cromwell-executions1/WholeGenomeGermlineSingleSample/62cff5fe-42ff-4727-90af-a04169deff2b/call-UnmappedBamToAlignedBam/UnmappedBamToAlignedBam/0551237b-680f-41df-bdcf-a1042ce60cb9/call-SplitRG/shard-0/SplitLargeReadGroup/cb93e366-b42f-4ae8-80a0-d934da4596df/call-GatherMonolithicBamFile/execution/ERR3684866_ILMN.aligned.unsorted.bam doesn't exist
	File not found /home/darja/workflow/cromwell-executions1/WholeGenomeGermlineSingleSample/62cff5fe-42ff-4727-90af-a04169deff2b/call-UnmappedBamToAlignedBam/UnmappedBamToAlignedBam/0551237b-680f-41df-bdcf-a1042ce60cb9/call-MarkDuplicates/inputs/1866465805/ERR3684866_ILMN.aligned.unsorted.bam -> /home/darja/workflow/cromwell-executions1/cached-inputs/1866465805/1774499354960ERR3684866_ILMN.aligned.unsorted.bam
	/home/darja/workflow/cromwell-executions1/WholeGenomeGermlineSingleSample/62cff5fe-42ff-4727-90af-a04169deff2b/call-UnmappedBamToAlignedBam/UnmappedBamToAlignedBam/0551237b-680f-41df-bdcf-a1042ce60cb9/call-SplitRG/shard-0/SplitLargeReadGroup/cb93e366-b42f-4ae8-80a0-d934da4596df/call-GatherMonolithicBamFile/execution/ERR3684866_ILMN.aligned.unsorted.bam -> /home/darja/workflow/cromwell-executions1/WholeGenomeGermlineSingleSample/62cff5fe-42ff-4727-90af-a04169deff2b/call-UnmappedBamToAlignedBam/UnmappedBamToAlignedBam/0551237b-680f-41df-bdcf-a1042ce60cb9/call-MarkDuplicates/inputs/1866465805/ERR3684866_ILMN.aligned.unsorted.bam.tmp: No space left on device
	at common.validation.Validation$ValidationTry$.toTry$extension(Validation.scala:93)
	at common.validation.Validation$ValidationTry$.toTry$extension(Validation.scala:89)
	at cromwell.backend.standard.StandardAsyncExecutionActor.instantiatedCommand(StandardAsyncExecutionActor.scala:731)
	... 35 common frames omitted
[2026-03-26 04:31:59,55] [[38;5;1merror[0m] BackgroundConfigAsyncJobExecutionActor [[38;5;2m0551237b[0mUnmappedBamToAlignedBam.CollectUnsortedReadgroupBamQualityMetrics:0:1]: Error attempting to Execute
java.lang.Exception: Failed command instantiation
	at cromwell.backend.standard.StandardAsyncExecutionActor.instantiatedCommand(StandardAsyncExecutionActor.scala:733)
	at cromwell.backend.standard.StandardAsyncExecutionActor.instantiatedCommand$(StandardAsyncExecutionActor.scala:652)
	at cromwell.backend.impl.sfs.config.BackgroundConfigAsyncJobExecutionActor.instantiatedCommand$lzycompute(ConfigAsyncJobExecutionActor.scala:205)
	at cromwell.backend.impl.sfs.config.BackgroundConfigAsyncJobExecutionActor.instantiatedCommand(ConfigAsyncJobExecutionActor.scala:205)
	at cromwell.backend.standard.StandardAsyncExecutionActor.commandScriptContents(StandardAsyncExecutionActor.scala:414)
	at cromwell.backend.standard.StandardAsyncExecutionActor.commandScriptContents$(StandardAsyncExecutionActor.scala:413)
	at cromwell.backend.impl.sfs.config.BackgroundConfigAsyncJobExecutionActor.commandScriptContents(ConfigAsyncJobExecutionActor.scala:205)
	at cromwell.backend.sfs.SharedFileSystemAsyncJobExecutionActor.writeScriptContents(SharedFileSystemAsyncJobExecutionActor.scala:180)
	at cromwell.backend.sfs.SharedFileSystemAsyncJobExecutionActor.writeScriptContents$(SharedFileSystemAsyncJobExecutionActor.scala:179)
	at cromwell.backend.impl.sfs.config.BackgroundConfigAsyncJobExecutionActor.cromwell$backend$sfs$BackgroundAsyncJobExecutionActor$$super$writeScriptContents(ConfigAsyncJobExecutionActor.scala:205)
	at cromwell.backend.sfs.BackgroundAsyncJobExecutionActor.writeScriptContents(BackgroundAsyncJobExecutionActor.scala:12)
	at cromwell.backend.sfs.BackgroundAsyncJobExecutionActor.writeScriptContents$(BackgroundAsyncJobExecutionActor.scala:11)
	at cromwell.backend.impl.sfs.config.BackgroundConfigAsyncJobExecutionActor.writeScriptContents(ConfigAsyncJobExecutionActor.scala:205)
	at cromwell.backend.sfs.SharedFileSystemAsyncJobExecutionActor.execute(SharedFileSystemAsyncJobExecutionActor.scala:159)
	at cromwell.backend.sfs.SharedFileSystemAsyncJobExecutionActor.execute$(SharedFileSystemAsyncJobExecutionActor.scala:156)
	at cromwell.backend.impl.sfs.config.BackgroundConfigAsyncJobExecutionActor.execute(ConfigAsyncJobExecutionActor.scala:205)
	at cromwell.backend.standard.StandardAsyncExecutionActor.$anonfun$executeAsync$1(StandardAsyncExecutionActor.scala:813)
	at scala.util.Try$.apply(Try.scala:210)
	at cromwell.backend.standard.StandardAsyncExecutionActor.executeAsync(StandardAsyncExecutionActor.scala:813)
	at cromwell.backend.standard.StandardAsyncExecutionActor.executeAsync$(StandardAsyncExecutionActor.scala:813)
	at cromwell.backend.impl.sfs.config.BackgroundConfigAsyncJobExecutionActor.executeAsync(ConfigAsyncJobExecutionActor.scala:205)
	at cromwell.backend.standard.StandardAsyncExecutionActor.executeOrRecover(StandardAsyncExecutionActor.scala:1253)
	at cromwell.backend.standard.StandardAsyncExecutionActor.executeOrRecover$(StandardAsyncExecutionActor.scala:1245)
	at cromwell.backend.impl.sfs.config.BackgroundConfigAsyncJobExecutionActor.executeOrRecover(ConfigAsyncJobExecutionActor.scala:205)
	at cromwell.backend.async.AsyncBackendJobExecutionActor.$anonfun$robustExecuteOrRecover$1(AsyncBackendJobExecutionActor.scala:65)
	at cromwell.core.retry.Retry$.withRetry(Retry.scala:46)
	at cromwell.core.retry.Retry$$anonfun$withRetry$1.$anonfun$applyOrElse$3(Retry.scala:54)
	at akka.pattern.FutureTimeoutSupport.liftedTree1$1(FutureTimeoutSupport.scala:31)
	at akka.pattern.FutureTimeoutSupport.$anonfun$after$1(FutureTimeoutSupport.scala:31)
	at akka.actor.Scheduler$$anon$4.run(Scheduler.scala:202)
	at akka.dispatch.TaskInvocation.run(AbstractDispatcher.scala:41)
	at akka.dispatch.ForkJoinExecutorConfigurator$AkkaForkJoinTask.exec(ForkJoinExecutorConfigurator.scala:49)
	at akka.dispatch.forkjoin.ForkJoinTask.doExec(ForkJoinTask.java:260)
	at akka.dispatch.forkjoin.ForkJoinPool$WorkQueue.runTask(ForkJoinPool.java:1339)
	at akka.dispatch.forkjoin.ForkJoinPool.runWorker(ForkJoinPool.java:1979)
	at akka.dispatch.forkjoin.ForkJoinWorkerThread.run(ForkJoinWorkerThread.java:107)
Caused by: common.exception.AggregatedMessageException: Error(s):
:
Could not localize /home/darja/workflow/cromwell-executions1/WholeGenomeGermlineSingleSample/62cff5fe-42ff-4727-90af-a04169deff2b/call-UnmappedBamToAlignedBam/UnmappedBamToAlignedBam/0551237b-680f-41df-bdcf-a1042ce60cb9/call-SplitRG/shard-0/SplitLargeReadGroup/cb93e366-b42f-4ae8-80a0-d934da4596df/call-GatherMonolithicBamFile/execution/ERR3684866_ILMN.aligned.unsorted.bam -> /home/darja/workflow/cromwell-executions1/WholeGenomeGermlineSingleSample/62cff5fe-42ff-4727-90af-a04169deff2b/call-UnmappedBamToAlignedBam/UnmappedBamToAlignedBam/0551237b-680f-41df-bdcf-a1042ce60cb9/call-CollectUnsortedReadgroupBamQualityMetrics/shard-0/inputs/1866465805/ERR3684866_ILMN.aligned.unsorted.bam:
	/home/darja/workflow/cromwell-executions1/WholeGenomeGermlineSingleSample/62cff5fe-42ff-4727-90af-a04169deff2b/call-UnmappedBamToAlignedBam/UnmappedBamToAlignedBam/0551237b-680f-41df-bdcf-a1042ce60cb9/call-SplitRG/shard-0/SplitLargeReadGroup/cb93e366-b42f-4ae8-80a0-d934da4596df/call-GatherMonolithicBamFile/execution/ERR3684866_ILMN.aligned.unsorted.bam doesn't exist
	/home/darja/workflow/cromwell-executions1/WholeGenomeGermlineSingleSample/62cff5fe-42ff-4727-90af-a04169deff2b/call-UnmappedBamToAlignedBam/UnmappedBamToAlignedBam/0551237b-680f-41df-bdcf-a1042ce60cb9/call-SplitRG/shard-0/SplitLargeReadGroup/cb93e366-b42f-4ae8-80a0-d934da4596df/call-GatherMonolithicBamFile/execution/ERR3684866_ILMN.aligned.unsorted.bam -> /home/darja/workflow/cromwell-executions1/cached-inputs/1866465805/1774499354960ERR3684866_ILMN.aligned.unsorted.bam.tmp: No space left on device
	/home/darja/workflow/cromwell-executions1/WholeGenomeGermlineSingleSample/62cff5fe-42ff-4727-90af-a04169deff2b/call-UnmappedBamToAlignedBam/UnmappedBamToAlignedBam/0551237b-680f-41df-bdcf-a1042ce60cb9/call-SplitRG/shard-0/SplitLargeReadGroup/cb93e366-b42f-4ae8-80a0-d934da4596df/call-GatherMonolithicBamFile/execution/ERR3684866_ILMN.aligned.unsorted.bam -> /home/darja/workflow/cromwell-executions1/WholeGenomeGermlineSingleSample/62cff5fe-42ff-4727-90af-a04169deff2b/call-UnmappedBamToAlignedBam/UnmappedBamToAlignedBam/0551237b-680f-41df-bdcf-a1042ce60cb9/call-CollectUnsortedReadgroupBamQualityMetrics/shard-0/inputs/1866465805/ERR3684866_ILMN.aligned.unsorted.bam.tmp: No space left on device
	at common.validation.Validation$ValidationTry$.toTry$extension(Validation.scala:93)
	at common.validation.Validation$ValidationTry$.toTry$extension(Validation.scala:89)
	at cromwell.backend.standard.StandardAsyncExecutionActor.instantiatedCommand(StandardAsyncExecutionActor.scala:731)
	... 35 common frames omitted
[2026-03-26 04:32:02,58] [[38;5;1merror[0m] BackgroundConfigAsyncJobExecutionActor [[38;5;2m0551237b[0mUnmappedBamToAlignedBam.MarkDuplicates:NA:1]: Error attempting to Execute
java.lang.Exception: Failed command instantiation
	at cromwell.backend.standard.StandardAsyncExecutionActor.instantiatedCommand(StandardAsyncExecutionActor.scala:733)
	at cromwell.backend.standard.StandardAsyncExecutionActor.instantiatedCommand$(StandardAsyncExecutionActor.scala:652)
	at cromwell.backend.impl.sfs.config.BackgroundConfigAsyncJobExecutionActor.instantiatedCommand$lzycompute(ConfigAsyncJobExecutionActor.scala:205)
	at cromwell.backend.impl.sfs.config.BackgroundConfigAsyncJobExecutionActor.instantiatedCommand(ConfigAsyncJobExecutionActor.scala:205)
	at cromwell.backend.standard.StandardAsyncExecutionActor.commandScriptContents(StandardAsyncExecutionActor.scala:414)
	at cromwell.backend.standard.StandardAsyncExecutionActor.commandScriptContents$(StandardAsyncExecutionActor.scala:413)
	at cromwell.backend.impl.sfs.config.BackgroundConfigAsyncJobExecutionActor.commandScriptContents(ConfigAsyncJobExecutionActor.scala:205)
	at cromwell.backend.sfs.SharedFileSystemAsyncJobExecutionActor.writeScriptContents(SharedFileSystemAsyncJobExecutionActor.scala:180)
	at cromwell.backend.sfs.SharedFileSystemAsyncJobExecutionActor.writeScriptContents$(SharedFileSystemAsyncJobExecutionActor.scala:179)
	at cromwell.backend.impl.sfs.config.BackgroundConfigAsyncJobExecutionActor.cromwell$backend$sfs$BackgroundAsyncJobExecutionActor$$super$writeScriptContents(ConfigAsyncJobExecutionActor.scala:205)
	at cromwell.backend.sfs.BackgroundAsyncJobExecutionActor.writeScriptContents(BackgroundAsyncJobExecutionActor.scala:12)
	at cromwell.backend.sfs.BackgroundAsyncJobExecutionActor.writeScriptContents$(BackgroundAsyncJobExecutionActor.scala:11)
	at cromwell.backend.impl.sfs.config.BackgroundConfigAsyncJobExecutionActor.writeScriptContents(ConfigAsyncJobExecutionActor.scala:205)
	at cromwell.backend.sfs.SharedFileSystemAsyncJobExecutionActor.execute(SharedFileSystemAsyncJobExecutionActor.scala:159)
	at cromwell.backend.sfs.SharedFileSystemAsyncJobExecutionActor.execute$(SharedFileSystemAsyncJobExecutionActor.scala:156)
	at cromwell.backend.impl.sfs.config.BackgroundConfigAsyncJobExecutionActor.execute(ConfigAsyncJobExecutionActor.scala:205)
	at cromwell.backend.standard.StandardAsyncExecutionActor.$anonfun$executeAsync$1(StandardAsyncExecutionActor.scala:813)
	at scala.util.Try$.apply(Try.scala:210)
	at cromwell.backend.standard.StandardAsyncExecutionActor.executeAsync(StandardAsyncExecutionActor.scala:813)
	at cromwell.backend.standard.StandardAsyncExecutionActor.executeAsync$(StandardAsyncExecutionActor.scala:813)
	at cromwell.backend.impl.sfs.config.BackgroundConfigAsyncJobExecutionActor.executeAsync(ConfigAsyncJobExecutionActor.scala:205)
	at cromwell.backend.standard.StandardAsyncExecutionActor.executeOrRecover(StandardAsyncExecutionActor.scala:1253)
	at cromwell.backend.standard.StandardAsyncExecutionActor.executeOrRecover$(StandardAsyncExecutionActor.scala:1245)
	at cromwell.backend.impl.sfs.config.BackgroundConfigAsyncJobExecutionActor.executeOrRecover(ConfigAsyncJobExecutionActor.scala:205)
	at cromwell.backend.async.AsyncBackendJobExecutionActor.$anonfun$robustExecuteOrRecover$1(AsyncBackendJobExecutionActor.scala:65)
	at cromwell.core.retry.Retry$.withRetry(Retry.scala:46)
	at cromwell.core.retry.Retry$$anonfun$withRetry$1.$anonfun$applyOrElse$3(Retry.scala:54)
	at akka.pattern.FutureTimeoutSupport.liftedTree1$1(FutureTimeoutSupport.scala:31)
	at akka.pattern.FutureTimeoutSupport.$anonfun$after$1(FutureTimeoutSupport.scala:31)
	at akka.actor.Scheduler$$anon$4.run(Scheduler.scala:202)
	at akka.dispatch.TaskInvocation.run(AbstractDispatcher.scala:41)
	at akka.dispatch.ForkJoinExecutorConfigurator$AkkaForkJoinTask.exec(ForkJoinExecutorConfigurator.scala:49)
	at akka.dispatch.forkjoin.ForkJoinTask.doExec(ForkJoinTask.java:260)
	at akka.dispatch.forkjoin.ForkJoinPool$WorkQueue.runTask(ForkJoinPool.java:1339)
	at akka.dispatch.forkjoin.ForkJoinPool.runWorker(ForkJoinPool.java:1979)
	at akka.dispatch.forkjoin.ForkJoinWorkerThread.run(ForkJoinWorkerThread.java:107)
Caused by: common.exception.AggregatedMessageException: Error(s):
:
:
	Could not localize /home/darja/workflow/cromwell-executions1/WholeGenomeGermlineSingleSample/62cff5fe-42ff-4727-90af-a04169deff2b/call-UnmappedBamToAlignedBam/UnmappedBamToAlignedBam/0551237b-680f-41df-bdcf-a1042ce60cb9/call-SplitRG/shard-0/SplitLargeReadGroup/cb93e366-b42f-4ae8-80a0-d934da4596df/call-GatherMonolithicBamFile/execution/ERR3684866_ILMN.aligned.unsorted.bam -> /home/darja/workflow/cromwell-executions1/WholeGenomeGermlineSingleSample/62cff5fe-42ff-4727-90af-a04169deff2b/call-UnmappedBamToAlignedBam/UnmappedBamToAlignedBam/0551237b-680f-41df-bdcf-a1042ce60cb9/call-MarkDuplicates/inputs/1866465805/ERR3684866_ILMN.aligned.unsorted.bam:
	/home/darja/workflow/cromwell-executions1/WholeGenomeGermlineSingleSample/62cff5fe-42ff-4727-90af-a04169deff2b/call-UnmappedBamToAlignedBam/UnmappedBamToAlignedBam/0551237b-680f-41df-bdcf-a1042ce60cb9/call-SplitRG/shard-0/SplitLargeReadGroup/cb93e366-b42f-4ae8-80a0-d934da4596df/call-GatherMonolithicBamFile/execution/ERR3684866_ILMN.aligned.unsorted.bam doesn't exist
	File not found /home/darja/workflow/cromwell-executions1/WholeGenomeGermlineSingleSample/62cff5fe-42ff-4727-90af-a04169deff2b/call-UnmappedBamToAlignedBam/UnmappedBamToAlignedBam/0551237b-680f-41df-bdcf-a1042ce60cb9/call-MarkDuplicates/inputs/1866465805/ERR3684866_ILMN.aligned.unsorted.bam -> /home/darja/workflow/cromwell-executions1/cached-inputs/1866465805/1774499354960ERR3684866_ILMN.aligned.unsorted.bam
	/home/darja/workflow/cromwell-executions1/WholeGenomeGermlineSingleSample/62cff5fe-42ff-4727-90af-a04169deff2b/call-UnmappedBamToAlignedBam/UnmappedBamToAlignedBam/0551237b-680f-41df-bdcf-a1042ce60cb9/call-SplitRG/shard-0/SplitLargeReadGroup/cb93e366-b42f-4ae8-80a0-d934da4596df/call-GatherMonolithicBamFile/execution/ERR3684866_ILMN.aligned.unsorted.bam -> /home/darja/workflow/cromwell-executions1/WholeGenomeGermlineSingleSample/62cff5fe-42ff-4727-90af-a04169deff2b/call-UnmappedBamToAlignedBam/UnmappedBamToAlignedBam/0551237b-680f-41df-bdcf-a1042ce60cb9/call-MarkDuplicates/inputs/1866465805/ERR3684866_ILMN.aligned.unsorted.bam.tmp: No space left on device
	at common.validation.Validation$ValidationTry$.toTry$extension(Validation.scala:93)
	at common.validation.Validation$ValidationTry$.toTry$extension(Validation.scala:89)
	at cromwell.backend.standard.StandardAsyncExecutionActor.instantiatedCommand(StandardAsyncExecutionActor.scala:731)
	... 35 common frames omitted
[2026-03-26 04:32:05,28] [[38;5;1merror[0m] BackgroundConfigAsyncJobExecutionActor [[38;5;2m0551237b[0mUnmappedBamToAlignedBam.CollectUnsortedReadgroupBamQualityMetrics:0:1]: Error attempting to Execute
java.lang.Exception: Failed command instantiation
	at cromwell.backend.standard.StandardAsyncExecutionActor.instantiatedCommand(StandardAsyncExecutionActor.scala:733)
	at cromwell.backend.standard.StandardAsyncExecutionActor.instantiatedCommand$(StandardAsyncExecutionActor.scala:652)
	at cromwell.backend.impl.sfs.config.BackgroundConfigAsyncJobExecutionActor.instantiatedCommand$lzycompute(ConfigAsyncJobExecutionActor.scala:205)
	at cromwell.backend.impl.sfs.config.BackgroundConfigAsyncJobExecutionActor.instantiatedCommand(ConfigAsyncJobExecutionActor.scala:205)
	at cromwell.backend.standard.StandardAsyncExecutionActor.commandScriptContents(StandardAsyncExecutionActor.scala:414)
	at cromwell.backend.standard.StandardAsyncExecutionActor.commandScriptContents$(StandardAsyncExecutionActor.scala:413)
	at cromwell.backend.impl.sfs.config.BackgroundConfigAsyncJobExecutionActor.commandScriptContents(ConfigAsyncJobExecutionActor.scala:205)
	at cromwell.backend.sfs.SharedFileSystemAsyncJobExecutionActor.writeScriptContents(SharedFileSystemAsyncJobExecutionActor.scala:180)
	at cromwell.backend.sfs.SharedFileSystemAsyncJobExecutionActor.writeScriptContents$(SharedFileSystemAsyncJobExecutionActor.scala:179)
	at cromwell.backend.impl.sfs.config.BackgroundConfigAsyncJobExecutionActor.cromwell$backend$sfs$BackgroundAsyncJobExecutionActor$$super$writeScriptContents(ConfigAsyncJobExecutionActor.scala:205)
	at cromwell.backend.sfs.BackgroundAsyncJobExecutionActor.writeScriptContents(BackgroundAsyncJobExecutionActor.scala:12)
	at cromwell.backend.sfs.BackgroundAsyncJobExecutionActor.writeScriptContents$(BackgroundAsyncJobExecutionActor.scala:11)
	at cromwell.backend.impl.sfs.config.BackgroundConfigAsyncJobExecutionActor.writeScriptContents(ConfigAsyncJobExecutionActor.scala:205)
	at cromwell.backend.sfs.SharedFileSystemAsyncJobExecutionActor.execute(SharedFileSystemAsyncJobExecutionActor.scala:159)
	at cromwell.backend.sfs.SharedFileSystemAsyncJobExecutionActor.execute$(SharedFileSystemAsyncJobExecutionActor.scala:156)
	at cromwell.backend.impl.sfs.config.BackgroundConfigAsyncJobExecutionActor.execute(ConfigAsyncJobExecutionActor.scala:205)
	at cromwell.backend.standard.StandardAsyncExecutionActor.$anonfun$executeAsync$1(StandardAsyncExecutionActor.scala:813)
	at scala.util.Try$.apply(Try.scala:210)
	at cromwell.backend.standard.StandardAsyncExecutionActor.executeAsync(StandardAsyncExecutionActor.scala:813)
	at cromwell.backend.standard.StandardAsyncExecutionActor.executeAsync$(StandardAsyncExecutionActor.scala:813)
	at cromwell.backend.impl.sfs.config.BackgroundConfigAsyncJobExecutionActor.executeAsync(ConfigAsyncJobExecutionActor.scala:205)
	at cromwell.backend.standard.StandardAsyncExecutionActor.executeOrRecover(StandardAsyncExecutionActor.scala:1253)
	at cromwell.backend.standard.StandardAsyncExecutionActor.executeOrRecover$(StandardAsyncExecutionActor.scala:1245)
	at cromwell.backend.impl.sfs.config.BackgroundConfigAsyncJobExecutionActor.executeOrRecover(ConfigAsyncJobExecutionActor.scala:205)
	at cromwell.backend.async.AsyncBackendJobExecutionActor.$anonfun$robustExecuteOrRecover$1(AsyncBackendJobExecutionActor.scala:65)
	at cromwell.core.retry.Retry$.withRetry(Retry.scala:46)
	at cromwell.core.retry.Retry$$anonfun$withRetry$1.$anonfun$applyOrElse$3(Retry.scala:54)
	at akka.pattern.FutureTimeoutSupport.liftedTree1$1(FutureTimeoutSupport.scala:31)
	at akka.pattern.FutureTimeoutSupport.$anonfun$after$1(FutureTimeoutSupport.scala:31)
	at akka.actor.Scheduler$$anon$4.run(Scheduler.scala:202)
	at akka.dispatch.TaskInvocation.run(AbstractDispatcher.scala:41)
	at akka.dispatch.ForkJoinExecutorConfigurator$AkkaForkJoinTask.exec(ForkJoinExecutorConfigurator.scala:49)
	at akka.dispatch.forkjoin.ForkJoinTask.doExec(ForkJoinTask.java:260)
	at akka.dispatch.forkjoin.ForkJoinPool$WorkQueue.runTask(ForkJoinPool.java:1339)
	at akka.dispatch.forkjoin.ForkJoinPool.runWorker(ForkJoinPool.java:1979)
	at akka.dispatch.forkjoin.ForkJoinWorkerThread.run(ForkJoinWorkerThread.java:107)
Caused by: common.exception.AggregatedMessageException: Error(s):
:
Could not localize /home/darja/workflow/cromwell-executions1/WholeGenomeGermlineSingleSample/62cff5fe-42ff-4727-90af-a04169deff2b/call-UnmappedBamToAlignedBam/UnmappedBamToAlignedBam/0551237b-680f-41df-bdcf-a1042ce60cb9/call-SplitRG/shard-0/SplitLargeReadGroup/cb93e366-b42f-4ae8-80a0-d934da4596df/call-GatherMonolithicBamFile/execution/ERR3684866_ILMN.aligned.unsorted.bam -> /home/darja/workflow/cromwell-executions1/WholeGenomeGermlineSingleSample/62cff5fe-42ff-4727-90af-a04169deff2b/call-UnmappedBamToAlignedBam/UnmappedBamToAlignedBam/0551237b-680f-41df-bdcf-a1042ce60cb9/call-CollectUnsortedReadgroupBamQualityMetrics/shard-0/inputs/1866465805/ERR3684866_ILMN.aligned.unsorted.bam:
	/home/darja/workflow/cromwell-executions1/WholeGenomeGermlineSingleSample/62cff5fe-42ff-4727-90af-a04169deff2b/call-UnmappedBamToAlignedBam/UnmappedBamToAlignedBam/0551237b-680f-41df-bdcf-a1042ce60cb9/call-SplitRG/shard-0/SplitLargeReadGroup/cb93e366-b42f-4ae8-80a0-d934da4596df/call-GatherMonolithicBamFile/execution/ERR3684866_ILMN.aligned.unsorted.bam doesn't exist
	/home/darja/workflow/cromwell-executions1/WholeGenomeGermlineSingleSample/62cff5fe-42ff-4727-90af-a04169deff2b/call-UnmappedBamToAlignedBam/UnmappedBamToAlignedBam/0551237b-680f-41df-bdcf-a1042ce60cb9/call-SplitRG/shard-0/SplitLargeReadGroup/cb93e366-b42f-4ae8-80a0-d934da4596df/call-GatherMonolithicBamFile/execution/ERR3684866_ILMN.aligned.unsorted.bam -> /home/darja/workflow/cromwell-executions1/cached-inputs/1866465805/1774499354960ERR3684866_ILMN.aligned.unsorted.bam.tmp: No space left on device
	/home/darja/workflow/cromwell-executions1/WholeGenomeGermlineSingleSample/62cff5fe-42ff-4727-90af-a04169deff2b/call-UnmappedBamToAlignedBam/UnmappedBamToAlignedBam/0551237b-680f-41df-bdcf-a1042ce60cb9/call-SplitRG/shard-0/SplitLargeReadGroup/cb93e366-b42f-4ae8-80a0-d934da4596df/call-GatherMonolithicBamFile/execution/ERR3684866_ILMN.aligned.unsorted.bam -> /home/darja/workflow/cromwell-executions1/WholeGenomeGermlineSingleSample/62cff5fe-42ff-4727-90af-a04169deff2b/call-UnmappedBamToAlignedBam/UnmappedBamToAlignedBam/0551237b-680f-41df-bdcf-a1042ce60cb9/call-CollectUnsortedReadgroupBamQualityMetrics/shard-0/inputs/1866465805/ERR3684866_ILMN.aligned.unsorted.bam.tmp: No space left on device
	at common.validation.Validation$ValidationTry$.toTry$extension(Validation.scala:93)
	at common.validation.Validation$ValidationTry$.toTry$extension(Validation.scala:89)
	at cromwell.backend.standard.StandardAsyncExecutionActor.instantiatedCommand(StandardAsyncExecutionActor.scala:731)
	... 35 common frames omitted
[2026-03-26 04:32:07,51] [[38;5;1merror[0m] BackgroundConfigAsyncJobExecutionActor [[38;5;2m0551237b[0mUnmappedBamToAlignedBam.MarkDuplicates:NA:1]: Error attempting to Execute
java.lang.Exception: Failed command instantiation
	at cromwell.backend.standard.StandardAsyncExecutionActor.instantiatedCommand(StandardAsyncExecutionActor.scala:733)
	at cromwell.backend.standard.StandardAsyncExecutionActor.instantiatedCommand$(StandardAsyncExecutionActor.scala:652)
	at cromwell.backend.impl.sfs.config.BackgroundConfigAsyncJobExecutionActor.instantiatedCommand$lzycompute(ConfigAsyncJobExecutionActor.scala:205)
	at cromwell.backend.impl.sfs.config.BackgroundConfigAsyncJobExecutionActor.instantiatedCommand(ConfigAsyncJobExecutionActor.scala:205)
	at cromwell.backend.standard.StandardAsyncExecutionActor.commandScriptContents(StandardAsyncExecutionActor.scala:414)
	at cromwell.backend.standard.StandardAsyncExecutionActor.commandScriptContents$(StandardAsyncExecutionActor.scala:413)
	at cromwell.backend.impl.sfs.config.BackgroundConfigAsyncJobExecutionActor.commandScriptContents(ConfigAsyncJobExecutionActor.scala:205)
	at cromwell.backend.sfs.SharedFileSystemAsyncJobExecutionActor.writeScriptContents(SharedFileSystemAsyncJobExecutionActor.scala:180)
	at cromwell.backend.sfs.SharedFileSystemAsyncJobExecutionActor.writeScriptContents$(SharedFileSystemAsyncJobExecutionActor.scala:179)
	at cromwell.backend.impl.sfs.config.BackgroundConfigAsyncJobExecutionActor.cromwell$backend$sfs$BackgroundAsyncJobExecutionActor$$super$writeScriptContents(ConfigAsyncJobExecutionActor.scala:205)
	at cromwell.backend.sfs.BackgroundAsyncJobExecutionActor.writeScriptContents(BackgroundAsyncJobExecutionActor.scala:12)
	at cromwell.backend.sfs.BackgroundAsyncJobExecutionActor.writeScriptContents$(BackgroundAsyncJobExecutionActor.scala:11)
	at cromwell.backend.impl.sfs.config.BackgroundConfigAsyncJobExecutionActor.writeScriptContents(ConfigAsyncJobExecutionActor.scala:205)
	at cromwell.backend.sfs.SharedFileSystemAsyncJobExecutionActor.execute(SharedFileSystemAsyncJobExecutionActor.scala:159)
	at cromwell.backend.sfs.SharedFileSystemAsyncJobExecutionActor.execute$(SharedFileSystemAsyncJobExecutionActor.scala:156)
	at cromwell.backend.impl.sfs.config.BackgroundConfigAsyncJobExecutionActor.execute(ConfigAsyncJobExecutionActor.scala:205)
	at cromwell.backend.standard.StandardAsyncExecutionActor.$anonfun$executeAsync$1(StandardAsyncExecutionActor.scala:813)
	at scala.util.Try$.apply(Try.scala:210)
	at cromwell.backend.standard.StandardAsyncExecutionActor.executeAsync(StandardAsyncExecutionActor.scala:813)
	at cromwell.backend.standard.StandardAsyncExecutionActor.executeAsync$(StandardAsyncExecutionActor.scala:813)
	at cromwell.backend.impl.sfs.config.BackgroundConfigAsyncJobExecutionActor.executeAsync(ConfigAsyncJobExecutionActor.scala:205)
	at cromwell.backend.standard.StandardAsyncExecutionActor.executeOrRecover(StandardAsyncExecutionActor.scala:1253)
	at cromwell.backend.standard.StandardAsyncExecutionActor.executeOrRecover$(StandardAsyncExecutionActor.scala:1245)
	at cromwell.backend.impl.sfs.config.BackgroundConfigAsyncJobExecutionActor.executeOrRecover(ConfigAsyncJobExecutionActor.scala:205)
	at cromwell.backend.async.AsyncBackendJobExecutionActor.$anonfun$robustExecuteOrRecover$1(AsyncBackendJobExecutionActor.scala:65)
	at cromwell.core.retry.Retry$.withRetry(Retry.scala:46)
	at cromwell.core.retry.Retry$$anonfun$withRetry$1.$anonfun$applyOrElse$3(Retry.scala:54)
	at akka.pattern.FutureTimeoutSupport.liftedTree1$1(FutureTimeoutSupport.scala:31)
	at akka.pattern.FutureTimeoutSupport.$anonfun$after$1(FutureTimeoutSupport.scala:31)
	at akka.actor.Scheduler$$anon$4.run(Scheduler.scala:202)
	at akka.dispatch.TaskInvocation.run(AbstractDispatcher.scala:41)
	at akka.dispatch.ForkJoinExecutorConfigurator$AkkaForkJoinTask.exec(ForkJoinExecutorConfigurator.scala:49)
	at akka.dispatch.forkjoin.ForkJoinTask.doExec(ForkJoinTask.java:260)
	at akka.dispatch.forkjoin.ForkJoinPool$WorkQueue.runTask(ForkJoinPool.java:1339)
	at akka.dispatch.forkjoin.ForkJoinPool.runWorker(ForkJoinPool.java:1979)
	at akka.dispatch.forkjoin.ForkJoinWorkerThread.run(ForkJoinWorkerThread.java:107)
Caused by: common.exception.AggregatedMessageException: Error(s):
:
:
	Could not localize /home/darja/workflow/cromwell-executions1/WholeGenomeGermlineSingleSample/62cff5fe-42ff-4727-90af-a04169deff2b/call-UnmappedBamToAlignedBam/UnmappedBamToAlignedBam/0551237b-680f-41df-bdcf-a1042ce60cb9/call-SplitRG/shard-0/SplitLargeReadGroup/cb93e366-b42f-4ae8-80a0-d934da4596df/call-GatherMonolithicBamFile/execution/ERR3684866_ILMN.aligned.unsorted.bam -> /home/darja/workflow/cromwell-executions1/WholeGenomeGermlineSingleSample/62cff5fe-42ff-4727-90af-a04169deff2b/call-UnmappedBamToAlignedBam/UnmappedBamToAlignedBam/0551237b-680f-41df-bdcf-a1042ce60cb9/call-MarkDuplicates/inputs/1866465805/ERR3684866_ILMN.aligned.unsorted.bam:
	/home/darja/workflow/cromwell-executions1/WholeGenomeGermlineSingleSample/62cff5fe-42ff-4727-90af-a04169deff2b/call-UnmappedBamToAlignedBam/UnmappedBamToAlignedBam/0551237b-680f-41df-bdcf-a1042ce60cb9/call-SplitRG/shard-0/SplitLargeReadGroup/cb93e366-b42f-4ae8-80a0-d934da4596df/call-GatherMonolithicBamFile/execution/ERR3684866_ILMN.aligned.unsorted.bam doesn't exist
	File not found /home/darja/workflow/cromwell-executions1/WholeGenomeGermlineSingleSample/62cff5fe-42ff-4727-90af-a04169deff2b/call-UnmappedBamToAlignedBam/UnmappedBamToAlignedBam/0551237b-680f-41df-bdcf-a1042ce60cb9/call-MarkDuplicates/inputs/1866465805/ERR3684866_ILMN.aligned.unsorted.bam -> /home/darja/workflow/cromwell-executions1/cached-inputs/1866465805/1774499354960ERR3684866_ILMN.aligned.unsorted.bam
	/home/darja/workflow/cromwell-executions1/WholeGenomeGermlineSingleSample/62cff5fe-42ff-4727-90af-a04169deff2b/call-UnmappedBamToAlignedBam/UnmappedBamToAlignedBam/0551237b-680f-41df-bdcf-a1042ce60cb9/call-SplitRG/shard-0/SplitLargeReadGroup/cb93e366-b42f-4ae8-80a0-d934da4596df/call-GatherMonolithicBamFile/execution/ERR3684866_ILMN.aligned.unsorted.bam -> /home/darja/workflow/cromwell-executions1/WholeGenomeGermlineSingleSample/62cff5fe-42ff-4727-90af-a04169deff2b/call-UnmappedBamToAlignedBam/UnmappedBamToAlignedBam/0551237b-680f-41df-bdcf-a1042ce60cb9/call-MarkDuplicates/inputs/1866465805/ERR3684866_ILMN.aligned.unsorted.bam.tmp: No space left on device
	at common.validation.Validation$ValidationTry$.toTry$extension(Validation.scala:93)
	at common.validation.Validation$ValidationTry$.toTry$extension(Validation.scala:89)
	at cromwell.backend.standard.StandardAsyncExecutionActor.instantiatedCommand(StandardAsyncExecutionActor.scala:731)
	... 35 common frames omitted
[2026-03-26 04:32:10,11] [[38;5;1merror[0m] BackgroundConfigAsyncJobExecutionActor [[38;5;2m0551237b[0mUnmappedBamToAlignedBam.MarkDuplicates:NA:1]: Error attempting to Execute
java.lang.Exception: Failed command instantiation
	at cromwell.backend.standard.StandardAsyncExecutionActor.instantiatedCommand(StandardAsyncExecutionActor.scala:733)
	at cromwell.backend.standard.StandardAsyncExecutionActor.instantiatedCommand$(StandardAsyncExecutionActor.scala:652)
	at cromwell.backend.impl.sfs.config.BackgroundConfigAsyncJobExecutionActor.instantiatedCommand$lzycompute(ConfigAsyncJobExecutionActor.scala:205)
	at cromwell.backend.impl.sfs.config.BackgroundConfigAsyncJobExecutionActor.instantiatedCommand(ConfigAsyncJobExecutionActor.scala:205)
	at cromwell.backend.standard.StandardAsyncExecutionActor.commandScriptContents(StandardAsyncExecutionActor.scala:414)
	at cromwell.backend.standard.StandardAsyncExecutionActor.commandScriptContents$(StandardAsyncExecutionActor.scala:413)
	at cromwell.backend.impl.sfs.config.BackgroundConfigAsyncJobExecutionActor.commandScriptContents(ConfigAsyncJobExecutionActor.scala:205)
	at cromwell.backend.sfs.SharedFileSystemAsyncJobExecutionActor.writeScriptContents(SharedFileSystemAsyncJobExecutionActor.scala:180)
	at cromwell.backend.sfs.SharedFileSystemAsyncJobExecutionActor.writeScriptContents$(SharedFileSystemAsyncJobExecutionActor.scala:179)
	at cromwell.backend.impl.sfs.config.BackgroundConfigAsyncJobExecutionActor.cromwell$backend$sfs$BackgroundAsyncJobExecutionActor$$super$writeScriptContents(ConfigAsyncJobExecutionActor.scala:205)
	at cromwell.backend.sfs.BackgroundAsyncJobExecutionActor.writeScriptContents(BackgroundAsyncJobExecutionActor.scala:12)
	at cromwell.backend.sfs.BackgroundAsyncJobExecutionActor.writeScriptContents$(BackgroundAsyncJobExecutionActor.scala:11)
	at cromwell.backend.impl.sfs.config.BackgroundConfigAsyncJobExecutionActor.writeScriptContents(ConfigAsyncJobExecutionActor.scala:205)
	at cromwell.backend.sfs.SharedFileSystemAsyncJobExecutionActor.execute(SharedFileSystemAsyncJobExecutionActor.scala:159)
	at cromwell.backend.sfs.SharedFileSystemAsyncJobExecutionActor.execute$(SharedFileSystemAsyncJobExecutionActor.scala:156)
	at cromwell.backend.impl.sfs.config.BackgroundConfigAsyncJobExecutionActor.execute(ConfigAsyncJobExecutionActor.scala:205)
	at cromwell.backend.standard.StandardAsyncExecutionActor.$anonfun$executeAsync$1(StandardAsyncExecutionActor.scala:813)
	at scala.util.Try$.apply(Try.scala:210)
	at cromwell.backend.standard.StandardAsyncExecutionActor.executeAsync(StandardAsyncExecutionActor.scala:813)
	at cromwell.backend.standard.StandardAsyncExecutionActor.executeAsync$(StandardAsyncExecutionActor.scala:813)
	at cromwell.backend.impl.sfs.config.BackgroundConfigAsyncJobExecutionActor.executeAsync(ConfigAsyncJobExecutionActor.scala:205)
	at cromwell.backend.standard.StandardAsyncExecutionActor.executeOrRecover(StandardAsyncExecutionActor.scala:1253)
	at cromwell.backend.standard.StandardAsyncExecutionActor.executeOrRecover$(StandardAsyncExecutionActor.scala:1245)
	at cromwell.backend.impl.sfs.config.BackgroundConfigAsyncJobExecutionActor.executeOrRecover(ConfigAsyncJobExecutionActor.scala:205)
	at cromwell.backend.async.AsyncBackendJobExecutionActor.$anonfun$robustExecuteOrRecover$1(AsyncBackendJobExecutionActor.scala:65)
	at cromwell.core.retry.Retry$.withRetry(Retry.scala:46)
	at cromwell.core.retry.Retry$$anonfun$withRetry$1.$anonfun$applyOrElse$3(Retry.scala:54)
	at akka.pattern.FutureTimeoutSupport.liftedTree1$1(FutureTimeoutSupport.scala:31)
	at akka.pattern.FutureTimeoutSupport.$anonfun$after$1(FutureTimeoutSupport.scala:31)
	at akka.actor.Scheduler$$anon$4.run(Scheduler.scala:202)
	at akka.dispatch.TaskInvocation.run(AbstractDispatcher.scala:41)
	at akka.dispatch.ForkJoinExecutorConfigurator$AkkaForkJoinTask.exec(ForkJoinExecutorConfigurator.scala:49)
	at akka.dispatch.forkjoin.ForkJoinTask.doExec(ForkJoinTask.java:260)
	at akka.dispatch.forkjoin.ForkJoinPool$WorkQueue.runTask(ForkJoinPool.java:1339)
	at akka.dispatch.forkjoin.ForkJoinPool.runWorker(ForkJoinPool.java:1979)
	at akka.dispatch.forkjoin.ForkJoinWorkerThread.run(ForkJoinWorkerThread.java:107)
Caused by: common.exception.AggregatedMessageException: Error(s):
:
:
	Could not localize /home/darja/workflow/cromwell-executions1/WholeGenomeGermlineSingleSample/62cff5fe-42ff-4727-90af-a04169deff2b/call-UnmappedBamToAlignedBam/UnmappedBamToAlignedBam/0551237b-680f-41df-bdcf-a1042ce60cb9/call-SplitRG/shard-0/SplitLargeReadGroup/cb93e366-b42f-4ae8-80a0-d934da4596df/call-GatherMonolithicBamFile/execution/ERR3684866_ILMN.aligned.unsorted.bam -> /home/darja/workflow/cromwell-executions1/WholeGenomeGermlineSingleSample/62cff5fe-42ff-4727-90af-a04169deff2b/call-UnmappedBamToAlignedBam/UnmappedBamToAlignedBam/0551237b-680f-41df-bdcf-a1042ce60cb9/call-MarkDuplicates/inputs/1866465805/ERR3684866_ILMN.aligned.unsorted.bam:
	/home/darja/workflow/cromwell-executions1/WholeGenomeGermlineSingleSample/62cff5fe-42ff-4727-90af-a04169deff2b/call-UnmappedBamToAlignedBam/UnmappedBamToAlignedBam/0551237b-680f-41df-bdcf-a1042ce60cb9/call-SplitRG/shard-0/SplitLargeReadGroup/cb93e366-b42f-4ae8-80a0-d934da4596df/call-GatherMonolithicBamFile/execution/ERR3684866_ILMN.aligned.unsorted.bam doesn't exist
	File not found /home/darja/workflow/cromwell-executions1/WholeGenomeGermlineSingleSample/62cff5fe-42ff-4727-90af-a04169deff2b/call-UnmappedBamToAlignedBam/UnmappedBamToAlignedBam/0551237b-680f-41df-bdcf-a1042ce60cb9/call-MarkDuplicates/inputs/1866465805/ERR3684866_ILMN.aligned.unsorted.bam -> /home/darja/workflow/cromwell-executions1/cached-inputs/1866465805/1774499354960ERR3684866_ILMN.aligned.unsorted.bam
	/home/darja/workflow/cromwell-executions1/WholeGenomeGermlineSingleSample/62cff5fe-42ff-4727-90af-a04169deff2b/call-UnmappedBamToAlignedBam/UnmappedBamToAlignedBam/0551237b-680f-41df-bdcf-a1042ce60cb9/call-SplitRG/shard-0/SplitLargeReadGroup/cb93e366-b42f-4ae8-80a0-d934da4596df/call-GatherMonolithicBamFile/execution/ERR3684866_ILMN.aligned.unsorted.bam -> /home/darja/workflow/cromwell-executions1/WholeGenomeGermlineSingleSample/62cff5fe-42ff-4727-90af-a04169deff2b/call-UnmappedBamToAlignedBam/UnmappedBamToAlignedBam/0551237b-680f-41df-bdcf-a1042ce60cb9/call-MarkDuplicates/inputs/1866465805/ERR3684866_ILMN.aligned.unsorted.bam.tmp: No space left on device
	at common.validation.Validation$ValidationTry$.toTry$extension(Validation.scala:93)
	at common.validation.Validation$ValidationTry$.toTry$extension(Validation.scala:89)
	at cromwell.backend.standard.StandardAsyncExecutionActor.instantiatedCommand(StandardAsyncExecutionActor.scala:731)
	... 35 common frames omitted
[2026-03-26 04:32:11,83] [[38;5;1merror[0m] BackgroundConfigAsyncJobExecutionActor [[38;5;2m0551237b[0mUnmappedBamToAlignedBam.CollectUnsortedReadgroupBamQualityMetrics:0:1]: Error attempting to Execute
java.lang.Exception: Failed command instantiation
	at cromwell.backend.standard.StandardAsyncExecutionActor.instantiatedCommand(StandardAsyncExecutionActor.scala:733)
	at cromwell.backend.standard.StandardAsyncExecutionActor.instantiatedCommand$(StandardAsyncExecutionActor.scala:652)
	at cromwell.backend.impl.sfs.config.BackgroundConfigAsyncJobExecutionActor.instantiatedCommand$lzycompute(ConfigAsyncJobExecutionActor.scala:205)
	at cromwell.backend.impl.sfs.config.BackgroundConfigAsyncJobExecutionActor.instantiatedCommand(ConfigAsyncJobExecutionActor.scala:205)
	at cromwell.backend.standard.StandardAsyncExecutionActor.commandScriptContents(StandardAsyncExecutionActor.scala:414)
	at cromwell.backend.standard.StandardAsyncExecutionActor.commandScriptContents$(StandardAsyncExecutionActor.scala:413)
	at cromwell.backend.impl.sfs.config.BackgroundConfigAsyncJobExecutionActor.commandScriptContents(ConfigAsyncJobExecutionActor.scala:205)
	at cromwell.backend.sfs.SharedFileSystemAsyncJobExecutionActor.writeScriptContents(SharedFileSystemAsyncJobExecutionActor.scala:180)
	at cromwell.backend.sfs.SharedFileSystemAsyncJobExecutionActor.writeScriptContents$(SharedFileSystemAsyncJobExecutionActor.scala:179)
	at cromwell.backend.impl.sfs.config.BackgroundConfigAsyncJobExecutionActor.cromwell$backend$sfs$BackgroundAsyncJobExecutionActor$$super$writeScriptContents(ConfigAsyncJobExecutionActor.scala:205)
	at cromwell.backend.sfs.BackgroundAsyncJobExecutionActor.writeScriptContents(BackgroundAsyncJobExecutionActor.scala:12)
	at cromwell.backend.sfs.BackgroundAsyncJobExecutionActor.writeScriptContents$(BackgroundAsyncJobExecutionActor.scala:11)
	at cromwell.backend.impl.sfs.config.BackgroundConfigAsyncJobExecutionActor.writeScriptContents(ConfigAsyncJobExecutionActor.scala:205)
	at cromwell.backend.sfs.SharedFileSystemAsyncJobExecutionActor.execute(SharedFileSystemAsyncJobExecutionActor.scala:159)
	at cromwell.backend.sfs.SharedFileSystemAsyncJobExecutionActor.execute$(SharedFileSystemAsyncJobExecutionActor.scala:156)
	at cromwell.backend.impl.sfs.config.BackgroundConfigAsyncJobExecutionActor.execute(ConfigAsyncJobExecutionActor.scala:205)
	at cromwell.backend.standard.StandardAsyncExecutionActor.$anonfun$executeAsync$1(StandardAsyncExecutionActor.scala:813)
	at scala.util.Try$.apply(Try.scala:210)
	at cromwell.backend.standard.StandardAsyncExecutionActor.executeAsync(StandardAsyncExecutionActor.scala:813)
	at cromwell.backend.standard.StandardAsyncExecutionActor.executeAsync$(StandardAsyncExecutionActor.scala:813)
	at cromwell.backend.impl.sfs.config.BackgroundConfigAsyncJobExecutionActor.executeAsync(ConfigAsyncJobExecutionActor.scala:205)
	at cromwell.backend.standard.StandardAsyncExecutionActor.executeOrRecover(StandardAsyncExecutionActor.scala:1253)
	at cromwell.backend.standard.StandardAsyncExecutionActor.executeOrRecover$(StandardAsyncExecutionActor.scala:1245)
	at cromwell.backend.impl.sfs.config.BackgroundConfigAsyncJobExecutionActor.executeOrRecover(ConfigAsyncJobExecutionActor.scala:205)
	at cromwell.backend.async.AsyncBackendJobExecutionActor.$anonfun$robustExecuteOrRecover$1(AsyncBackendJobExecutionActor.scala:65)
	at cromwell.core.retry.Retry$.withRetry(Retry.scala:46)
	at cromwell.core.retry.Retry$$anonfun$withRetry$1.$anonfun$applyOrElse$3(Retry.scala:54)
	at akka.pattern.FutureTimeoutSupport.liftedTree1$1(FutureTimeoutSupport.scala:31)
	at akka.pattern.FutureTimeoutSupport.$anonfun$after$1(FutureTimeoutSupport.scala:31)
	at akka.actor.Scheduler$$anon$4.run(Scheduler.scala:202)
	at akka.dispatch.TaskInvocation.run(AbstractDispatcher.scala:41)
	at akka.dispatch.ForkJoinExecutorConfigurator$AkkaForkJoinTask.exec(ForkJoinExecutorConfigurator.scala:49)
	at akka.dispatch.forkjoin.ForkJoinTask.doExec(ForkJoinTask.java:260)
	at akka.dispatch.forkjoin.ForkJoinPool$WorkQueue.runTask(ForkJoinPool.java:1339)
	at akka.dispatch.forkjoin.ForkJoinPool.runWorker(ForkJoinPool.java:1979)
	at akka.dispatch.forkjoin.ForkJoinWorkerThread.run(ForkJoinWorkerThread.java:107)
Caused by: common.exception.AggregatedMessageException: Error(s):
:
Could not localize /home/darja/workflow/cromwell-executions1/WholeGenomeGermlineSingleSample/62cff5fe-42ff-4727-90af-a04169deff2b/call-UnmappedBamToAlignedBam/UnmappedBamToAlignedBam/0551237b-680f-41df-bdcf-a1042ce60cb9/call-SplitRG/shard-0/SplitLargeReadGroup/cb93e366-b42f-4ae8-80a0-d934da4596df/call-GatherMonolithicBamFile/execution/ERR3684866_ILMN.aligned.unsorted.bam -> /home/darja/workflow/cromwell-executions1/WholeGenomeGermlineSingleSample/62cff5fe-42ff-4727-90af-a04169deff2b/call-UnmappedBamToAlignedBam/UnmappedBamToAlignedBam/0551237b-680f-41df-bdcf-a1042ce60cb9/call-CollectUnsortedReadgroupBamQualityMetrics/shard-0/inputs/1866465805/ERR3684866_ILMN.aligned.unsorted.bam:
	/home/darja/workflow/cromwell-executions1/WholeGenomeGermlineSingleSample/62cff5fe-42ff-4727-90af-a04169deff2b/call-UnmappedBamToAlignedBam/UnmappedBamToAlignedBam/0551237b-680f-41df-bdcf-a1042ce60cb9/call-SplitRG/shard-0/SplitLargeReadGroup/cb93e366-b42f-4ae8-80a0-d934da4596df/call-GatherMonolithicBamFile/execution/ERR3684866_ILMN.aligned.unsorted.bam doesn't exist
	/home/darja/workflow/cromwell-executions1/WholeGenomeGermlineSingleSample/62cff5fe-42ff-4727-90af-a04169deff2b/call-UnmappedBamToAlignedBam/UnmappedBamToAlignedBam/0551237b-680f-41df-bdcf-a1042ce60cb9/call-SplitRG/shard-0/SplitLargeReadGroup/cb93e366-b42f-4ae8-80a0-d934da4596df/call-GatherMonolithicBamFile/execution/ERR3684866_ILMN.aligned.unsorted.bam -> /home/darja/workflow/cromwell-executions1/cached-inputs/1866465805/1774499354960ERR3684866_ILMN.aligned.unsorted.bam.tmp: No space left on device
	/home/darja/workflow/cromwell-executions1/WholeGenomeGermlineSingleSample/62cff5fe-42ff-4727-90af-a04169deff2b/call-UnmappedBamToAlignedBam/UnmappedBamToAlignedBam/0551237b-680f-41df-bdcf-a1042ce60cb9/call-SplitRG/shard-0/SplitLargeReadGroup/cb93e366-b42f-4ae8-80a0-d934da4596df/call-GatherMonolithicBamFile/execution/ERR3684866_ILMN.aligned.unsorted.bam -> /home/darja/workflow/cromwell-executions1/WholeGenomeGermlineSingleSample/62cff5fe-42ff-4727-90af-a04169deff2b/call-UnmappedBamToAlignedBam/UnmappedBamToAlignedBam/0551237b-680f-41df-bdcf-a1042ce60cb9/call-CollectUnsortedReadgroupBamQualityMetrics/shard-0/inputs/1866465805/ERR3684866_ILMN.aligned.unsorted.bam.tmp: No space left on device
	at common.validation.Validation$ValidationTry$.toTry$extension(Validation.scala:93)
	at common.validation.Validation$ValidationTry$.toTry$extension(Validation.scala:89)
	at cromwell.backend.standard.StandardAsyncExecutionActor.instantiatedCommand(StandardAsyncExecutionActor.scala:731)
	... 35 common frames omitted
[2026-03-26 04:32:16,34] [[38;5;1merror[0m] BackgroundConfigAsyncJobExecutionActor [[38;5;2m0551237b[0mUnmappedBamToAlignedBam.MarkDuplicates:NA:1]: Error attempting to Execute
java.lang.Exception: Failed command instantiation
	at cromwell.backend.standard.StandardAsyncExecutionActor.instantiatedCommand(StandardAsyncExecutionActor.scala:733)
	at cromwell.backend.standard.StandardAsyncExecutionActor.instantiatedCommand$(StandardAsyncExecutionActor.scala:652)
	at cromwell.backend.impl.sfs.config.BackgroundConfigAsyncJobExecutionActor.instantiatedCommand$lzycompute(ConfigAsyncJobExecutionActor.scala:205)
	at cromwell.backend.impl.sfs.config.BackgroundConfigAsyncJobExecutionActor.instantiatedCommand(ConfigAsyncJobExecutionActor.scala:205)
	at cromwell.backend.standard.StandardAsyncExecutionActor.commandScriptContents(StandardAsyncExecutionActor.scala:414)
	at cromwell.backend.standard.StandardAsyncExecutionActor.commandScriptContents$(StandardAsyncExecutionActor.scala:413)
	at cromwell.backend.impl.sfs.config.BackgroundConfigAsyncJobExecutionActor.commandScriptContents(ConfigAsyncJobExecutionActor.scala:205)
	at cromwell.backend.sfs.SharedFileSystemAsyncJobExecutionActor.writeScriptContents(SharedFileSystemAsyncJobExecutionActor.scala:180)
	at cromwell.backend.sfs.SharedFileSystemAsyncJobExecutionActor.writeScriptContents$(SharedFileSystemAsyncJobExecutionActor.scala:179)
	at cromwell.backend.impl.sfs.config.BackgroundConfigAsyncJobExecutionActor.cromwell$backend$sfs$BackgroundAsyncJobExecutionActor$$super$writeScriptContents(ConfigAsyncJobExecutionActor.scala:205)
	at cromwell.backend.sfs.BackgroundAsyncJobExecutionActor.writeScriptContents(BackgroundAsyncJobExecutionActor.scala:12)
	at cromwell.backend.sfs.BackgroundAsyncJobExecutionActor.writeScriptContents$(BackgroundAsyncJobExecutionActor.scala:11)
	at cromwell.backend.impl.sfs.config.BackgroundConfigAsyncJobExecutionActor.writeScriptContents(ConfigAsyncJobExecutionActor.scala:205)
	at cromwell.backend.sfs.SharedFileSystemAsyncJobExecutionActor.execute(SharedFileSystemAsyncJobExecutionActor.scala:159)
	at cromwell.backend.sfs.SharedFileSystemAsyncJobExecutionActor.execute$(SharedFileSystemAsyncJobExecutionActor.scala:156)
	at cromwell.backend.impl.sfs.config.BackgroundConfigAsyncJobExecutionActor.execute(ConfigAsyncJobExecutionActor.scala:205)
	at cromwell.backend.standard.StandardAsyncExecutionActor.$anonfun$executeAsync$1(StandardAsyncExecutionActor.scala:813)
	at scala.util.Try$.apply(Try.scala:210)
	at cromwell.backend.standard.StandardAsyncExecutionActor.executeAsync(StandardAsyncExecutionActor.scala:813)
	at cromwell.backend.standard.StandardAsyncExecutionActor.executeAsync$(StandardAsyncExecutionActor.scala:813)
	at cromwell.backend.impl.sfs.config.BackgroundConfigAsyncJobExecutionActor.executeAsync(ConfigAsyncJobExecutionActor.scala:205)
	at cromwell.backend.standard.StandardAsyncExecutionActor.executeOrRecover(StandardAsyncExecutionActor.scala:1253)
	at cromwell.backend.standard.StandardAsyncExecutionActor.executeOrRecover$(StandardAsyncExecutionActor.scala:1245)
	at cromwell.backend.impl.sfs.config.BackgroundConfigAsyncJobExecutionActor.executeOrRecover(ConfigAsyncJobExecutionActor.scala:205)
	at cromwell.backend.async.AsyncBackendJobExecutionActor.$anonfun$robustExecuteOrRecover$1(AsyncBackendJobExecutionActor.scala:65)
	at cromwell.core.retry.Retry$.withRetry(Retry.scala:46)
	at cromwell.core.retry.Retry$$anonfun$withRetry$1.$anonfun$applyOrElse$3(Retry.scala:54)
	at akka.pattern.FutureTimeoutSupport.liftedTree1$1(FutureTimeoutSupport.scala:31)
	at akka.pattern.FutureTimeoutSupport.$anonfun$after$1(FutureTimeoutSupport.scala:31)
	at akka.actor.Scheduler$$anon$4.run(Scheduler.scala:202)
	at akka.dispatch.TaskInvocation.run(AbstractDispatcher.scala:41)
	at akka.dispatch.ForkJoinExecutorConfigurator$AkkaForkJoinTask.exec(ForkJoinExecutorConfigurator.scala:49)
	at akka.dispatch.forkjoin.ForkJoinTask.doExec(ForkJoinTask.java:260)
	at akka.dispatch.forkjoin.ForkJoinPool$WorkQueue.runTask(ForkJoinPool.java:1339)
	at akka.dispatch.forkjoin.ForkJoinPool.runWorker(ForkJoinPool.java:1979)
	at akka.dispatch.forkjoin.ForkJoinWorkerThread.run(ForkJoinWorkerThread.java:107)
Caused by: common.exception.AggregatedMessageException: Error(s):
:
:
	Could not localize /home/darja/workflow/cromwell-executions1/WholeGenomeGermlineSingleSample/62cff5fe-42ff-4727-90af-a04169deff2b/call-UnmappedBamToAlignedBam/UnmappedBamToAlignedBam/0551237b-680f-41df-bdcf-a1042ce60cb9/call-SplitRG/shard-0/SplitLargeReadGroup/cb93e366-b42f-4ae8-80a0-d934da4596df/call-GatherMonolithicBamFile/execution/ERR3684866_ILMN.aligned.unsorted.bam -> /home/darja/workflow/cromwell-executions1/WholeGenomeGermlineSingleSample/62cff5fe-42ff-4727-90af-a04169deff2b/call-UnmappedBamToAlignedBam/UnmappedBamToAlignedBam/0551237b-680f-41df-bdcf-a1042ce60cb9/call-MarkDuplicates/inputs/1866465805/ERR3684866_ILMN.aligned.unsorted.bam:
	/home/darja/workflow/cromwell-executions1/WholeGenomeGermlineSingleSample/62cff5fe-42ff-4727-90af-a04169deff2b/call-UnmappedBamToAlignedBam/UnmappedBamToAlignedBam/0551237b-680f-41df-bdcf-a1042ce60cb9/call-SplitRG/shard-0/SplitLargeReadGroup/cb93e366-b42f-4ae8-80a0-d934da4596df/call-GatherMonolithicBamFile/execution/ERR3684866_ILMN.aligned.unsorted.bam doesn't exist
	File not found /home/darja/workflow/cromwell-executions1/WholeGenomeGermlineSingleSample/62cff5fe-42ff-4727-90af-a04169deff2b/call-UnmappedBamToAlignedBam/UnmappedBamToAlignedBam/0551237b-680f-41df-bdcf-a1042ce60cb9/call-MarkDuplicates/inputs/1866465805/ERR3684866_ILMN.aligned.unsorted.bam -> /home/darja/workflow/cromwell-executions1/cached-inputs/1866465805/1774499354960ERR3684866_ILMN.aligned.unsorted.bam
	/home/darja/workflow/cromwell-executions1/WholeGenomeGermlineSingleSample/62cff5fe-42ff-4727-90af-a04169deff2b/call-UnmappedBamToAlignedBam/UnmappedBamToAlignedBam/0551237b-680f-41df-bdcf-a1042ce60cb9/call-SplitRG/shard-0/SplitLargeReadGroup/cb93e366-b42f-4ae8-80a0-d934da4596df/call-GatherMonolithicBamFile/execution/ERR3684866_ILMN.aligned.unsorted.bam -> /home/darja/workflow/cromwell-executions1/WholeGenomeGermlineSingleSample/62cff5fe-42ff-4727-90af-a04169deff2b/call-UnmappedBamToAlignedBam/UnmappedBamToAlignedBam/0551237b-680f-41df-bdcf-a1042ce60cb9/call-MarkDuplicates/inputs/1866465805/ERR3684866_ILMN.aligned.unsorted.bam.tmp: No space left on device
	at common.validation.Validation$ValidationTry$.toTry$extension(Validation.scala:93)
	at common.validation.Validation$ValidationTry$.toTry$extension(Validation.scala:89)
	at cromwell.backend.standard.StandardAsyncExecutionActor.instantiatedCommand(StandardAsyncExecutionActor.scala:731)
	... 35 common frames omitted
[2026-03-26 04:32:16,60] [[38;5;1merror[0m] BackgroundConfigAsyncJobExecutionActor [[38;5;2m0551237b[0mUnmappedBamToAlignedBam.CollectUnsortedReadgroupBamQualityMetrics:0:1]: Error attempting to Execute
java.lang.Exception: Failed command instantiation
	at cromwell.backend.standard.StandardAsyncExecutionActor.instantiatedCommand(StandardAsyncExecutionActor.scala:733)
	at cromwell.backend.standard.StandardAsyncExecutionActor.instantiatedCommand$(StandardAsyncExecutionActor.scala:652)
	at cromwell.backend.impl.sfs.config.BackgroundConfigAsyncJobExecutionActor.instantiatedCommand$lzycompute(ConfigAsyncJobExecutionActor.scala:205)
	at cromwell.backend.impl.sfs.config.BackgroundConfigAsyncJobExecutionActor.instantiatedCommand(ConfigAsyncJobExecutionActor.scala:205)
	at cromwell.backend.standard.StandardAsyncExecutionActor.commandScriptContents(StandardAsyncExecutionActor.scala:414)
	at cromwell.backend.standard.StandardAsyncExecutionActor.commandScriptContents$(StandardAsyncExecutionActor.scala:413)
	at cromwell.backend.impl.sfs.config.BackgroundConfigAsyncJobExecutionActor.commandScriptContents(ConfigAsyncJobExecutionActor.scala:205)
	at cromwell.backend.sfs.SharedFileSystemAsyncJobExecutionActor.writeScriptContents(SharedFileSystemAsyncJobExecutionActor.scala:180)
	at cromwell.backend.sfs.SharedFileSystemAsyncJobExecutionActor.writeScriptContents$(SharedFileSystemAsyncJobExecutionActor.scala:179)
	at cromwell.backend.impl.sfs.config.BackgroundConfigAsyncJobExecutionActor.cromwell$backend$sfs$BackgroundAsyncJobExecutionActor$$super$writeScriptContents(ConfigAsyncJobExecutionActor.scala:205)
	at cromwell.backend.sfs.BackgroundAsyncJobExecutionActor.writeScriptContents(BackgroundAsyncJobExecutionActor.scala:12)
	at cromwell.backend.sfs.BackgroundAsyncJobExecutionActor.writeScriptContents$(BackgroundAsyncJobExecutionActor.scala:11)
	at cromwell.backend.impl.sfs.config.BackgroundConfigAsyncJobExecutionActor.writeScriptContents(ConfigAsyncJobExecutionActor.scala:205)
	at cromwell.backend.sfs.SharedFileSystemAsyncJobExecutionActor.execute(SharedFileSystemAsyncJobExecutionActor.scala:159)
	at cromwell.backend.sfs.SharedFileSystemAsyncJobExecutionActor.execute$(SharedFileSystemAsyncJobExecutionActor.scala:156)
	at cromwell.backend.impl.sfs.config.BackgroundConfigAsyncJobExecutionActor.execute(ConfigAsyncJobExecutionActor.scala:205)
	at cromwell.backend.standard.StandardAsyncExecutionActor.$anonfun$executeAsync$1(StandardAsyncExecutionActor.scala:813)
	at scala.util.Try$.apply(Try.scala:210)
	at cromwell.backend.standard.StandardAsyncExecutionActor.executeAsync(StandardAsyncExecutionActor.scala:813)
	at cromwell.backend.standard.StandardAsyncExecutionActor.executeAsync$(StandardAsyncExecutionActor.scala:813)
	at cromwell.backend.impl.sfs.config.BackgroundConfigAsyncJobExecutionActor.executeAsync(ConfigAsyncJobExecutionActor.scala:205)
	at cromwell.backend.standard.StandardAsyncExecutionActor.executeOrRecover(StandardAsyncExecutionActor.scala:1253)
	at cromwell.backend.standard.StandardAsyncExecutionActor.executeOrRecover$(StandardAsyncExecutionActor.scala:1245)
	at cromwell.backend.impl.sfs.config.BackgroundConfigAsyncJobExecutionActor.executeOrRecover(ConfigAsyncJobExecutionActor.scala:205)
	at cromwell.backend.async.AsyncBackendJobExecutionActor.$anonfun$robustExecuteOrRecover$1(AsyncBackendJobExecutionActor.scala:65)
	at cromwell.core.retry.Retry$.withRetry(Retry.scala:46)
	at cromwell.core.retry.Retry$$anonfun$withRetry$1.$anonfun$applyOrElse$3(Retry.scala:54)
	at akka.pattern.FutureTimeoutSupport.liftedTree1$1(FutureTimeoutSupport.scala:31)
	at akka.pattern.FutureTimeoutSupport.$anonfun$after$1(FutureTimeoutSupport.scala:31)
	at akka.actor.Scheduler$$anon$4.run(Scheduler.scala:202)
	at akka.dispatch.TaskInvocation.run(AbstractDispatcher.scala:41)
	at akka.dispatch.ForkJoinExecutorConfigurator$AkkaForkJoinTask.exec(ForkJoinExecutorConfigurator.scala:49)
	at akka.dispatch.forkjoin.ForkJoinTask.doExec(ForkJoinTask.java:260)
	at akka.dispatch.forkjoin.ForkJoinPool$WorkQueue.runTask(ForkJoinPool.java:1339)
	at akka.dispatch.forkjoin.ForkJoinPool.runWorker(ForkJoinPool.java:1979)
	at akka.dispatch.forkjoin.ForkJoinWorkerThread.run(ForkJoinWorkerThread.java:107)
Caused by: common.exception.AggregatedMessageException: Error(s):
:
Could not localize /home/darja/workflow/cromwell-executions1/WholeGenomeGermlineSingleSample/62cff5fe-42ff-4727-90af-a04169deff2b/call-UnmappedBamToAlignedBam/UnmappedBamToAlignedBam/0551237b-680f-41df-bdcf-a1042ce60cb9/call-SplitRG/shard-0/SplitLargeReadGroup/cb93e366-b42f-4ae8-80a0-d934da4596df/call-GatherMonolithicBamFile/execution/ERR3684866_ILMN.aligned.unsorted.bam -> /home/darja/workflow/cromwell-executions1/WholeGenomeGermlineSingleSample/62cff5fe-42ff-4727-90af-a04169deff2b/call-UnmappedBamToAlignedBam/UnmappedBamToAlignedBam/0551237b-680f-41df-bdcf-a1042ce60cb9/call-CollectUnsortedReadgroupBamQualityMetrics/shard-0/inputs/1866465805/ERR3684866_ILMN.aligned.unsorted.bam:
	/home/darja/workflow/cromwell-executions1/WholeGenomeGermlineSingleSample/62cff5fe-42ff-4727-90af-a04169deff2b/call-UnmappedBamToAlignedBam/UnmappedBamToAlignedBam/0551237b-680f-41df-bdcf-a1042ce60cb9/call-SplitRG/shard-0/SplitLargeReadGroup/cb93e366-b42f-4ae8-80a0-d934da4596df/call-GatherMonolithicBamFile/execution/ERR3684866_ILMN.aligned.unsorted.bam doesn't exist
	/home/darja/workflow/cromwell-executions1/WholeGenomeGermlineSingleSample/62cff5fe-42ff-4727-90af-a04169deff2b/call-UnmappedBamToAlignedBam/UnmappedBamToAlignedBam/0551237b-680f-41df-bdcf-a1042ce60cb9/call-SplitRG/shard-0/SplitLargeReadGroup/cb93e366-b42f-4ae8-80a0-d934da4596df/call-GatherMonolithicBamFile/execution/ERR3684866_ILMN.aligned.unsorted.bam -> /home/darja/workflow/cromwell-executions1/cached-inputs/1866465805/1774499354960ERR3684866_ILMN.aligned.unsorted.bam.tmp: No space left on device
	/home/darja/workflow/cromwell-executions1/WholeGenomeGermlineSingleSample/62cff5fe-42ff-4727-90af-a04169deff2b/call-UnmappedBamToAlignedBam/UnmappedBamToAlignedBam/0551237b-680f-41df-bdcf-a1042ce60cb9/call-SplitRG/shard-0/SplitLargeReadGroup/cb93e366-b42f-4ae8-80a0-d934da4596df/call-GatherMonolithicBamFile/execution/ERR3684866_ILMN.aligned.unsorted.bam -> /home/darja/workflow/cromwell-executions1/WholeGenomeGermlineSingleSample/62cff5fe-42ff-4727-90af-a04169deff2b/call-UnmappedBamToAlignedBam/UnmappedBamToAlignedBam/0551237b-680f-41df-bdcf-a1042ce60cb9/call-CollectUnsortedReadgroupBamQualityMetrics/shard-0/inputs/1866465805/ERR3684866_ILMN.aligned.unsorted.bam.tmp: No space left on device
	at common.validation.Validation$ValidationTry$.toTry$extension(Validation.scala:93)
	at common.validation.Validation$ValidationTry$.toTry$extension(Validation.scala:89)
	at cromwell.backend.standard.StandardAsyncExecutionActor.instantiatedCommand(StandardAsyncExecutionActor.scala:731)
	... 35 common frames omitted
[2026-03-26 04:32:19,70] [[38;5;1merror[0m] BackgroundConfigAsyncJobExecutionActor [[38;5;2m0551237b[0mUnmappedBamToAlignedBam.CollectUnsortedReadgroupBamQualityMetrics:0:1]: Error attempting to Execute
java.lang.Exception: Failed command instantiation
	at cromwell.backend.standard.StandardAsyncExecutionActor.instantiatedCommand(StandardAsyncExecutionActor.scala:733)
	at cromwell.backend.standard.StandardAsyncExecutionActor.instantiatedCommand$(StandardAsyncExecutionActor.scala:652)
	at cromwell.backend.impl.sfs.config.BackgroundConfigAsyncJobExecutionActor.instantiatedCommand$lzycompute(ConfigAsyncJobExecutionActor.scala:205)
	at cromwell.backend.impl.sfs.config.BackgroundConfigAsyncJobExecutionActor.instantiatedCommand(ConfigAsyncJobExecutionActor.scala:205)
	at cromwell.backend.standard.StandardAsyncExecutionActor.commandScriptContents(StandardAsyncExecutionActor.scala:414)
	at cromwell.backend.standard.StandardAsyncExecutionActor.commandScriptContents$(StandardAsyncExecutionActor.scala:413)
	at cromwell.backend.impl.sfs.config.BackgroundConfigAsyncJobExecutionActor.commandScriptContents(ConfigAsyncJobExecutionActor.scala:205)
	at cromwell.backend.sfs.SharedFileSystemAsyncJobExecutionActor.writeScriptContents(SharedFileSystemAsyncJobExecutionActor.scala:180)
	at cromwell.backend.sfs.SharedFileSystemAsyncJobExecutionActor.writeScriptContents$(SharedFileSystemAsyncJobExecutionActor.scala:179)
	at cromwell.backend.impl.sfs.config.BackgroundConfigAsyncJobExecutionActor.cromwell$backend$sfs$BackgroundAsyncJobExecutionActor$$super$writeScriptContents(ConfigAsyncJobExecutionActor.scala:205)
	at cromwell.backend.sfs.BackgroundAsyncJobExecutionActor.writeScriptContents(BackgroundAsyncJobExecutionActor.scala:12)
	at cromwell.backend.sfs.BackgroundAsyncJobExecutionActor.writeScriptContents$(BackgroundAsyncJobExecutionActor.scala:11)
	at cromwell.backend.impl.sfs.config.BackgroundConfigAsyncJobExecutionActor.writeScriptContents(ConfigAsyncJobExecutionActor.scala:205)
	at cromwell.backend.sfs.SharedFileSystemAsyncJobExecutionActor.execute(SharedFileSystemAsyncJobExecutionActor.scala:159)
	at cromwell.backend.sfs.SharedFileSystemAsyncJobExecutionActor.execute$(SharedFileSystemAsyncJobExecutionActor.scala:156)
	at cromwell.backend.impl.sfs.config.BackgroundConfigAsyncJobExecutionActor.execute(ConfigAsyncJobExecutionActor.scala:205)
	at cromwell.backend.standard.StandardAsyncExecutionActor.$anonfun$executeAsync$1(StandardAsyncExecutionActor.scala:813)
	at scala.util.Try$.apply(Try.scala:210)
	at cromwell.backend.standard.StandardAsyncExecutionActor.executeAsync(StandardAsyncExecutionActor.scala:813)
	at cromwell.backend.standard.StandardAsyncExecutionActor.executeAsync$(StandardAsyncExecutionActor.scala:813)
	at cromwell.backend.impl.sfs.config.BackgroundConfigAsyncJobExecutionActor.executeAsync(ConfigAsyncJobExecutionActor.scala:205)
	at cromwell.backend.standard.StandardAsyncExecutionActor.executeOrRecover(StandardAsyncExecutionActor.scala:1253)
	at cromwell.backend.standard.StandardAsyncExecutionActor.executeOrRecover$(StandardAsyncExecutionActor.scala:1245)
	at cromwell.backend.impl.sfs.config.BackgroundConfigAsyncJobExecutionActor.executeOrRecover(ConfigAsyncJobExecutionActor.scala:205)
	at cromwell.backend.async.AsyncBackendJobExecutionActor.$anonfun$robustExecuteOrRecover$1(AsyncBackendJobExecutionActor.scala:65)
	at cromwell.core.retry.Retry$.withRetry(Retry.scala:46)
	at cromwell.core.retry.Retry$$anonfun$withRetry$1.$anonfun$applyOrElse$3(Retry.scala:54)
	at akka.pattern.FutureTimeoutSupport.liftedTree1$1(FutureTimeoutSupport.scala:31)
	at akka.pattern.FutureTimeoutSupport.$anonfun$after$1(FutureTimeoutSupport.scala:31)
	at akka.actor.Scheduler$$anon$4.run(Scheduler.scala:202)
	at akka.dispatch.TaskInvocation.run(AbstractDispatcher.scala:41)
	at akka.dispatch.ForkJoinExecutorConfigurator$AkkaForkJoinTask.exec(ForkJoinExecutorConfigurator.scala:49)
	at akka.dispatch.forkjoin.ForkJoinTask.doExec(ForkJoinTask.java:260)
	at akka.dispatch.forkjoin.ForkJoinPool$WorkQueue.runTask(ForkJoinPool.java:1339)
	at akka.dispatch.forkjoin.ForkJoinPool.runWorker(ForkJoinPool.java:1979)
	at akka.dispatch.forkjoin.ForkJoinWorkerThread.run(ForkJoinWorkerThread.java:107)
Caused by: common.exception.AggregatedMessageException: Error(s):
:
Could not localize /home/darja/workflow/cromwell-executions1/WholeGenomeGermlineSingleSample/62cff5fe-42ff-4727-90af-a04169deff2b/call-UnmappedBamToAlignedBam/UnmappedBamToAlignedBam/0551237b-680f-41df-bdcf-a1042ce60cb9/call-SplitRG/shard-0/SplitLargeReadGroup/cb93e366-b42f-4ae8-80a0-d934da4596df/call-GatherMonolithicBamFile/execution/ERR3684866_ILMN.aligned.unsorted.bam -> /home/darja/workflow/cromwell-executions1/WholeGenomeGermlineSingleSample/62cff5fe-42ff-4727-90af-a04169deff2b/call-UnmappedBamToAlignedBam/UnmappedBamToAlignedBam/0551237b-680f-41df-bdcf-a1042ce60cb9/call-CollectUnsortedReadgroupBamQualityMetrics/shard-0/inputs/1866465805/ERR3684866_ILMN.aligned.unsorted.bam:
	/home/darja/workflow/cromwell-executions1/WholeGenomeGermlineSingleSample/62cff5fe-42ff-4727-90af-a04169deff2b/call-UnmappedBamToAlignedBam/UnmappedBamToAlignedBam/0551237b-680f-41df-bdcf-a1042ce60cb9/call-SplitRG/shard-0/SplitLargeReadGroup/cb93e366-b42f-4ae8-80a0-d934da4596df/call-GatherMonolithicBamFile/execution/ERR3684866_ILMN.aligned.unsorted.bam doesn't exist
	/home/darja/workflow/cromwell-executions1/WholeGenomeGermlineSingleSample/62cff5fe-42ff-4727-90af-a04169deff2b/call-UnmappedBamToAlignedBam/UnmappedBamToAlignedBam/0551237b-680f-41df-bdcf-a1042ce60cb9/call-SplitRG/shard-0/SplitLargeReadGroup/cb93e366-b42f-4ae8-80a0-d934da4596df/call-GatherMonolithicBamFile/execution/ERR3684866_ILMN.aligned.unsorted.bam -> /home/darja/workflow/cromwell-executions1/cached-inputs/1866465805/1774499354960ERR3684866_ILMN.aligned.unsorted.bam.tmp: No space left on device
	/home/darja/workflow/cromwell-executions1/WholeGenomeGermlineSingleSample/62cff5fe-42ff-4727-90af-a04169deff2b/call-UnmappedBamToAlignedBam/UnmappedBamToAlignedBam/0551237b-680f-41df-bdcf-a1042ce60cb9/call-SplitRG/shard-0/SplitLargeReadGroup/cb93e366-b42f-4ae8-80a0-d934da4596df/call-GatherMonolithicBamFile/execution/ERR3684866_ILMN.aligned.unsorted.bam -> /home/darja/workflow/cromwell-executions1/WholeGenomeGermlineSingleSample/62cff5fe-42ff-4727-90af-a04169deff2b/call-UnmappedBamToAlignedBam/UnmappedBamToAlignedBam/0551237b-680f-41df-bdcf-a1042ce60cb9/call-CollectUnsortedReadgroupBamQualityMetrics/shard-0/inputs/1866465805/ERR3684866_ILMN.aligned.unsorted.bam.tmp: No space left on device
	at common.validation.Validation$ValidationTry$.toTry$extension(Validation.scala:93)
	at common.validation.Validation$ValidationTry$.toTry$extension(Validation.scala:89)
	at cromwell.backend.standard.StandardAsyncExecutionActor.instantiatedCommand(StandardAsyncExecutionActor.scala:731)
	... 35 common frames omitted
[2026-03-26 04:32:24,22] [[38;5;1merror[0m] BackgroundConfigAsyncJobExecutionActor [[38;5;2m0551237b[0mUnmappedBamToAlignedBam.MarkDuplicates:NA:1]: Error attempting to Execute
java.lang.Exception: Failed command instantiation
	at cromwell.backend.standard.StandardAsyncExecutionActor.instantiatedCommand(StandardAsyncExecutionActor.scala:733)
	at cromwell.backend.standard.StandardAsyncExecutionActor.instantiatedCommand$(StandardAsyncExecutionActor.scala:652)
	at cromwell.backend.impl.sfs.config.BackgroundConfigAsyncJobExecutionActor.instantiatedCommand$lzycompute(ConfigAsyncJobExecutionActor.scala:205)
	at cromwell.backend.impl.sfs.config.BackgroundConfigAsyncJobExecutionActor.instantiatedCommand(ConfigAsyncJobExecutionActor.scala:205)
	at cromwell.backend.standard.StandardAsyncExecutionActor.commandScriptContents(StandardAsyncExecutionActor.scala:414)
	at cromwell.backend.standard.StandardAsyncExecutionActor.commandScriptContents$(StandardAsyncExecutionActor.scala:413)
	at cromwell.backend.impl.sfs.config.BackgroundConfigAsyncJobExecutionActor.commandScriptContents(ConfigAsyncJobExecutionActor.scala:205)
	at cromwell.backend.sfs.SharedFileSystemAsyncJobExecutionActor.writeScriptContents(SharedFileSystemAsyncJobExecutionActor.scala:180)
	at cromwell.backend.sfs.SharedFileSystemAsyncJobExecutionActor.writeScriptContents$(SharedFileSystemAsyncJobExecutionActor.scala:179)
	at cromwell.backend.impl.sfs.config.BackgroundConfigAsyncJobExecutionActor.cromwell$backend$sfs$BackgroundAsyncJobExecutionActor$$super$writeScriptContents(ConfigAsyncJobExecutionActor.scala:205)
	at cromwell.backend.sfs.BackgroundAsyncJobExecutionActor.writeScriptContents(BackgroundAsyncJobExecutionActor.scala:12)
	at cromwell.backend.sfs.BackgroundAsyncJobExecutionActor.writeScriptContents$(BackgroundAsyncJobExecutionActor.scala:11)
	at cromwell.backend.impl.sfs.config.BackgroundConfigAsyncJobExecutionActor.writeScriptContents(ConfigAsyncJobExecutionActor.scala:205)
	at cromwell.backend.sfs.SharedFileSystemAsyncJobExecutionActor.execute(SharedFileSystemAsyncJobExecutionActor.scala:159)
	at cromwell.backend.sfs.SharedFileSystemAsyncJobExecutionActor.execute$(SharedFileSystemAsyncJobExecutionActor.scala:156)
	at cromwell.backend.impl.sfs.config.BackgroundConfigAsyncJobExecutionActor.execute(ConfigAsyncJobExecutionActor.scala:205)
	at cromwell.backend.standard.StandardAsyncExecutionActor.$anonfun$executeAsync$1(StandardAsyncExecutionActor.scala:813)
	at scala.util.Try$.apply(Try.scala:210)
	at cromwell.backend.standard.StandardAsyncExecutionActor.executeAsync(StandardAsyncExecutionActor.scala:813)
	at cromwell.backend.standard.StandardAsyncExecutionActor.executeAsync$(StandardAsyncExecutionActor.scala:813)
	at cromwell.backend.impl.sfs.config.BackgroundConfigAsyncJobExecutionActor.executeAsync(ConfigAsyncJobExecutionActor.scala:205)
	at cromwell.backend.standard.StandardAsyncExecutionActor.executeOrRecover(StandardAsyncExecutionActor.scala:1253)
	at cromwell.backend.standard.StandardAsyncExecutionActor.executeOrRecover$(StandardAsyncExecutionActor.scala:1245)
	at cromwell.backend.impl.sfs.config.BackgroundConfigAsyncJobExecutionActor.executeOrRecover(ConfigAsyncJobExecutionActor.scala:205)
	at cromwell.backend.async.AsyncBackendJobExecutionActor.$anonfun$robustExecuteOrRecover$1(AsyncBackendJobExecutionActor.scala:65)
	at cromwell.core.retry.Retry$.withRetry(Retry.scala:46)
	at cromwell.core.retry.Retry$$anonfun$withRetry$1.$anonfun$applyOrElse$3(Retry.scala:54)
	at akka.pattern.FutureTimeoutSupport.liftedTree1$1(FutureTimeoutSupport.scala:31)
	at akka.pattern.FutureTimeoutSupport.$anonfun$after$1(FutureTimeoutSupport.scala:31)
	at akka.actor.Scheduler$$anon$4.run(Scheduler.scala:202)
	at akka.dispatch.TaskInvocation.run(AbstractDispatcher.scala:41)
	at akka.dispatch.ForkJoinExecutorConfigurator$AkkaForkJoinTask.exec(ForkJoinExecutorConfigurator.scala:49)
	at akka.dispatch.forkjoin.ForkJoinTask.doExec(ForkJoinTask.java:260)
	at akka.dispatch.forkjoin.ForkJoinPool$WorkQueue.runTask(ForkJoinPool.java:1339)
	at akka.dispatch.forkjoin.ForkJoinPool.runWorker(ForkJoinPool.java:1979)
	at akka.dispatch.forkjoin.ForkJoinWorkerThread.run(ForkJoinWorkerThread.java:107)
Caused by: common.exception.AggregatedMessageException: Error(s):
:
:
	Could not localize /home/darja/workflow/cromwell-executions1/WholeGenomeGermlineSingleSample/62cff5fe-42ff-4727-90af-a04169deff2b/call-UnmappedBamToAlignedBam/UnmappedBamToAlignedBam/0551237b-680f-41df-bdcf-a1042ce60cb9/call-SplitRG/shard-0/SplitLargeReadGroup/cb93e366-b42f-4ae8-80a0-d934da4596df/call-GatherMonolithicBamFile/execution/ERR3684866_ILMN.aligned.unsorted.bam -> /home/darja/workflow/cromwell-executions1/WholeGenomeGermlineSingleSample/62cff5fe-42ff-4727-90af-a04169deff2b/call-UnmappedBamToAlignedBam/UnmappedBamToAlignedBam/0551237b-680f-41df-bdcf-a1042ce60cb9/call-MarkDuplicates/inputs/1866465805/ERR3684866_ILMN.aligned.unsorted.bam:
	/home/darja/workflow/cromwell-executions1/WholeGenomeGermlineSingleSample/62cff5fe-42ff-4727-90af-a04169deff2b/call-UnmappedBamToAlignedBam/UnmappedBamToAlignedBam/0551237b-680f-41df-bdcf-a1042ce60cb9/call-SplitRG/shard-0/SplitLargeReadGroup/cb93e366-b42f-4ae8-80a0-d934da4596df/call-GatherMonolithicBamFile/execution/ERR3684866_ILMN.aligned.unsorted.bam doesn't exist
	File not found /home/darja/workflow/cromwell-executions1/WholeGenomeGermlineSingleSample/62cff5fe-42ff-4727-90af-a04169deff2b/call-UnmappedBamToAlignedBam/UnmappedBamToAlignedBam/0551237b-680f-41df-bdcf-a1042ce60cb9/call-MarkDuplicates/inputs/1866465805/ERR3684866_ILMN.aligned.unsorted.bam -> /home/darja/workflow/cromwell-executions1/cached-inputs/1866465805/1774499354960ERR3684866_ILMN.aligned.unsorted.bam
	/home/darja/workflow/cromwell-executions1/WholeGenomeGermlineSingleSample/62cff5fe-42ff-4727-90af-a04169deff2b/call-UnmappedBamToAlignedBam/UnmappedBamToAlignedBam/0551237b-680f-41df-bdcf-a1042ce60cb9/call-SplitRG/shard-0/SplitLargeReadGroup/cb93e366-b42f-4ae8-80a0-d934da4596df/call-GatherMonolithicBamFile/execution/ERR3684866_ILMN.aligned.unsorted.bam -> /home/darja/workflow/cromwell-executions1/WholeGenomeGermlineSingleSample/62cff5fe-42ff-4727-90af-a04169deff2b/call-UnmappedBamToAlignedBam/UnmappedBamToAlignedBam/0551237b-680f-41df-bdcf-a1042ce60cb9/call-MarkDuplicates/inputs/1866465805/ERR3684866_ILMN.aligned.unsorted.bam.tmp: No space left on device
	at common.validation.Validation$ValidationTry$.toTry$extension(Validation.scala:93)
	at common.validation.Validation$ValidationTry$.toTry$extension(Validation.scala:89)
	at cromwell.backend.standard.StandardAsyncExecutionActor.instantiatedCommand(StandardAsyncExecutionActor.scala:731)
	... 35 common frames omitted
[2026-03-26 04:32:24,49] [[38;5;1merror[0m] BackgroundConfigAsyncJobExecutionActor [[38;5;2m0551237b[0mUnmappedBamToAlignedBam.CollectUnsortedReadgroupBamQualityMetrics:0:1]: Error attempting to Execute
java.lang.Exception: Failed command instantiation
	at cromwell.backend.standard.StandardAsyncExecutionActor.instantiatedCommand(StandardAsyncExecutionActor.scala:733)
	at cromwell.backend.standard.StandardAsyncExecutionActor.instantiatedCommand$(StandardAsyncExecutionActor.scala:652)
	at cromwell.backend.impl.sfs.config.BackgroundConfigAsyncJobExecutionActor.instantiatedCommand$lzycompute(ConfigAsyncJobExecutionActor.scala:205)
	at cromwell.backend.impl.sfs.config.BackgroundConfigAsyncJobExecutionActor.instantiatedCommand(ConfigAsyncJobExecutionActor.scala:205)
	at cromwell.backend.standard.StandardAsyncExecutionActor.commandScriptContents(StandardAsyncExecutionActor.scala:414)
	at cromwell.backend.standard.StandardAsyncExecutionActor.commandScriptContents$(StandardAsyncExecutionActor.scala:413)
	at cromwell.backend.impl.sfs.config.BackgroundConfigAsyncJobExecutionActor.commandScriptContents(ConfigAsyncJobExecutionActor.scala:205)
	at cromwell.backend.sfs.SharedFileSystemAsyncJobExecutionActor.writeScriptContents(SharedFileSystemAsyncJobExecutionActor.scala:180)
	at cromwell.backend.sfs.SharedFileSystemAsyncJobExecutionActor.writeScriptContents$(SharedFileSystemAsyncJobExecutionActor.scala:179)
	at cromwell.backend.impl.sfs.config.BackgroundConfigAsyncJobExecutionActor.cromwell$backend$sfs$BackgroundAsyncJobExecutionActor$$super$writeScriptContents(ConfigAsyncJobExecutionActor.scala:205)
	at cromwell.backend.sfs.BackgroundAsyncJobExecutionActor.writeScriptContents(BackgroundAsyncJobExecutionActor.scala:12)
	at cromwell.backend.sfs.BackgroundAsyncJobExecutionActor.writeScriptContents$(BackgroundAsyncJobExecutionActor.scala:11)
	at cromwell.backend.impl.sfs.config.BackgroundConfigAsyncJobExecutionActor.writeScriptContents(ConfigAsyncJobExecutionActor.scala:205)
	at cromwell.backend.sfs.SharedFileSystemAsyncJobExecutionActor.execute(SharedFileSystemAsyncJobExecutionActor.scala:159)
	at cromwell.backend.sfs.SharedFileSystemAsyncJobExecutionActor.execute$(SharedFileSystemAsyncJobExecutionActor.scala:156)
	at cromwell.backend.impl.sfs.config.BackgroundConfigAsyncJobExecutionActor.execute(ConfigAsyncJobExecutionActor.scala:205)
	at cromwell.backend.standard.StandardAsyncExecutionActor.$anonfun$executeAsync$1(StandardAsyncExecutionActor.scala:813)
	at scala.util.Try$.apply(Try.scala:210)
	at cromwell.backend.standard.StandardAsyncExecutionActor.executeAsync(StandardAsyncExecutionActor.scala:813)
	at cromwell.backend.standard.StandardAsyncExecutionActor.executeAsync$(StandardAsyncExecutionActor.scala:813)
	at cromwell.backend.impl.sfs.config.BackgroundConfigAsyncJobExecutionActor.executeAsync(ConfigAsyncJobExecutionActor.scala:205)
	at cromwell.backend.standard.StandardAsyncExecutionActor.executeOrRecover(StandardAsyncExecutionActor.scala:1253)
	at cromwell.backend.standard.StandardAsyncExecutionActor.executeOrRecover$(StandardAsyncExecutionActor.scala:1245)
	at cromwell.backend.impl.sfs.config.BackgroundConfigAsyncJobExecutionActor.executeOrRecover(ConfigAsyncJobExecutionActor.scala:205)
	at cromwell.backend.async.AsyncBackendJobExecutionActor.$anonfun$robustExecuteOrRecover$1(AsyncBackendJobExecutionActor.scala:65)
	at cromwell.core.retry.Retry$.withRetry(Retry.scala:46)
	at cromwell.core.retry.Retry$$anonfun$withRetry$1.$anonfun$applyOrElse$3(Retry.scala:54)
	at akka.pattern.FutureTimeoutSupport.liftedTree1$1(FutureTimeoutSupport.scala:31)
	at akka.pattern.FutureTimeoutSupport.$anonfun$after$1(FutureTimeoutSupport.scala:31)
	at akka.actor.Scheduler$$anon$4.run(Scheduler.scala:202)
	at akka.dispatch.TaskInvocation.run(AbstractDispatcher.scala:41)
	at akka.dispatch.ForkJoinExecutorConfigurator$AkkaForkJoinTask.exec(ForkJoinExecutorConfigurator.scala:49)
	at akka.dispatch.forkjoin.ForkJoinTask.doExec(ForkJoinTask.java:260)
	at akka.dispatch.forkjoin.ForkJoinPool$WorkQueue.runTask(ForkJoinPool.java:1339)
	at akka.dispatch.forkjoin.ForkJoinPool.runWorker(ForkJoinPool.java:1979)
	at akka.dispatch.forkjoin.ForkJoinWorkerThread.run(ForkJoinWorkerThread.java:107)
Caused by: common.exception.AggregatedMessageException: Error(s):
:
Could not localize /home/darja/workflow/cromwell-executions1/WholeGenomeGermlineSingleSample/62cff5fe-42ff-4727-90af-a04169deff2b/call-UnmappedBamToAlignedBam/UnmappedBamToAlignedBam/0551237b-680f-41df-bdcf-a1042ce60cb9/call-SplitRG/shard-0/SplitLargeReadGroup/cb93e366-b42f-4ae8-80a0-d934da4596df/call-GatherMonolithicBamFile/execution/ERR3684866_ILMN.aligned.unsorted.bam -> /home/darja/workflow/cromwell-executions1/WholeGenomeGermlineSingleSample/62cff5fe-42ff-4727-90af-a04169deff2b/call-UnmappedBamToAlignedBam/UnmappedBamToAlignedBam/0551237b-680f-41df-bdcf-a1042ce60cb9/call-CollectUnsortedReadgroupBamQualityMetrics/shard-0/inputs/1866465805/ERR3684866_ILMN.aligned.unsorted.bam:
	/home/darja/workflow/cromwell-executions1/WholeGenomeGermlineSingleSample/62cff5fe-42ff-4727-90af-a04169deff2b/call-UnmappedBamToAlignedBam/UnmappedBamToAlignedBam/0551237b-680f-41df-bdcf-a1042ce60cb9/call-SplitRG/shard-0/SplitLargeReadGroup/cb93e366-b42f-4ae8-80a0-d934da4596df/call-GatherMonolithicBamFile/execution/ERR3684866_ILMN.aligned.unsorted.bam doesn't exist
	/home/darja/workflow/cromwell-executions1/WholeGenomeGermlineSingleSample/62cff5fe-42ff-4727-90af-a04169deff2b/call-UnmappedBamToAlignedBam/UnmappedBamToAlignedBam/0551237b-680f-41df-bdcf-a1042ce60cb9/call-SplitRG/shard-0/SplitLargeReadGroup/cb93e366-b42f-4ae8-80a0-d934da4596df/call-GatherMonolithicBamFile/execution/ERR3684866_ILMN.aligned.unsorted.bam -> /home/darja/workflow/cromwell-executions1/cached-inputs/1866465805/1774499354960ERR3684866_ILMN.aligned.unsorted.bam.tmp: No space left on device
	/home/darja/workflow/cromwell-executions1/WholeGenomeGermlineSingleSample/62cff5fe-42ff-4727-90af-a04169deff2b/call-UnmappedBamToAlignedBam/UnmappedBamToAlignedBam/0551237b-680f-41df-bdcf-a1042ce60cb9/call-SplitRG/shard-0/SplitLargeReadGroup/cb93e366-b42f-4ae8-80a0-d934da4596df/call-GatherMonolithicBamFile/execution/ERR3684866_ILMN.aligned.unsorted.bam -> /home/darja/workflow/cromwell-executions1/WholeGenomeGermlineSingleSample/62cff5fe-42ff-4727-90af-a04169deff2b/call-UnmappedBamToAlignedBam/UnmappedBamToAlignedBam/0551237b-680f-41df-bdcf-a1042ce60cb9/call-CollectUnsortedReadgroupBamQualityMetrics/shard-0/inputs/1866465805/ERR3684866_ILMN.aligned.unsorted.bam.tmp: No space left on device
	at common.validation.Validation$ValidationTry$.toTry$extension(Validation.scala:93)
	at common.validation.Validation$ValidationTry$.toTry$extension(Validation.scala:89)
	at cromwell.backend.standard.StandardAsyncExecutionActor.instantiatedCommand(StandardAsyncExecutionActor.scala:731)
	... 35 common frames omitted
[2026-03-26 04:32:29,17] [[38;5;1merror[0m] BackgroundConfigAsyncJobExecutionActor [[38;5;2m0551237b[0mUnmappedBamToAlignedBam.MarkDuplicates:NA:1]: Error attempting to Execute
java.lang.Exception: Failed command instantiation
	at cromwell.backend.standard.StandardAsyncExecutionActor.instantiatedCommand(StandardAsyncExecutionActor.scala:733)
	at cromwell.backend.standard.StandardAsyncExecutionActor.instantiatedCommand$(StandardAsyncExecutionActor.scala:652)
	at cromwell.backend.impl.sfs.config.BackgroundConfigAsyncJobExecutionActor.instantiatedCommand$lzycompute(ConfigAsyncJobExecutionActor.scala:205)
	at cromwell.backend.impl.sfs.config.BackgroundConfigAsyncJobExecutionActor.instantiatedCommand(ConfigAsyncJobExecutionActor.scala:205)
	at cromwell.backend.standard.StandardAsyncExecutionActor.commandScriptContents(StandardAsyncExecutionActor.scala:414)
	at cromwell.backend.standard.StandardAsyncExecutionActor.commandScriptContents$(StandardAsyncExecutionActor.scala:413)
	at cromwell.backend.impl.sfs.config.BackgroundConfigAsyncJobExecutionActor.commandScriptContents(ConfigAsyncJobExecutionActor.scala:205)
	at cromwell.backend.sfs.SharedFileSystemAsyncJobExecutionActor.writeScriptContents(SharedFileSystemAsyncJobExecutionActor.scala:180)
	at cromwell.backend.sfs.SharedFileSystemAsyncJobExecutionActor.writeScriptContents$(SharedFileSystemAsyncJobExecutionActor.scala:179)
	at cromwell.backend.impl.sfs.config.BackgroundConfigAsyncJobExecutionActor.cromwell$backend$sfs$BackgroundAsyncJobExecutionActor$$super$writeScriptContents(ConfigAsyncJobExecutionActor.scala:205)
	at cromwell.backend.sfs.BackgroundAsyncJobExecutionActor.writeScriptContents(BackgroundAsyncJobExecutionActor.scala:12)
	at cromwell.backend.sfs.BackgroundAsyncJobExecutionActor.writeScriptContents$(BackgroundAsyncJobExecutionActor.scala:11)
	at cromwell.backend.impl.sfs.config.BackgroundConfigAsyncJobExecutionActor.writeScriptContents(ConfigAsyncJobExecutionActor.scala:205)
	at cromwell.backend.sfs.SharedFileSystemAsyncJobExecutionActor.execute(SharedFileSystemAsyncJobExecutionActor.scala:159)
	at cromwell.backend.sfs.SharedFileSystemAsyncJobExecutionActor.execute$(SharedFileSystemAsyncJobExecutionActor.scala:156)
	at cromwell.backend.impl.sfs.config.BackgroundConfigAsyncJobExecutionActor.execute(ConfigAsyncJobExecutionActor.scala:205)
	at cromwell.backend.standard.StandardAsyncExecutionActor.$anonfun$executeAsync$1(StandardAsyncExecutionActor.scala:813)
	at scala.util.Try$.apply(Try.scala:210)
	at cromwell.backend.standard.StandardAsyncExecutionActor.executeAsync(StandardAsyncExecutionActor.scala:813)
	at cromwell.backend.standard.StandardAsyncExecutionActor.executeAsync$(StandardAsyncExecutionActor.scala:813)
	at cromwell.backend.impl.sfs.config.BackgroundConfigAsyncJobExecutionActor.executeAsync(ConfigAsyncJobExecutionActor.scala:205)
	at cromwell.backend.standard.StandardAsyncExecutionActor.executeOrRecover(StandardAsyncExecutionActor.scala:1253)
	at cromwell.backend.standard.StandardAsyncExecutionActor.executeOrRecover$(StandardAsyncExecutionActor.scala:1245)
	at cromwell.backend.impl.sfs.config.BackgroundConfigAsyncJobExecutionActor.executeOrRecover(ConfigAsyncJobExecutionActor.scala:205)
	at cromwell.backend.async.AsyncBackendJobExecutionActor.$anonfun$robustExecuteOrRecover$1(AsyncBackendJobExecutionActor.scala:65)
	at cromwell.core.retry.Retry$.withRetry(Retry.scala:46)
	at cromwell.core.retry.Retry$$anonfun$withRetry$1.$anonfun$applyOrElse$3(Retry.scala:54)
	at akka.pattern.FutureTimeoutSupport.liftedTree1$1(FutureTimeoutSupport.scala:31)
	at akka.pattern.FutureTimeoutSupport.$anonfun$after$1(FutureTimeoutSupport.scala:31)
	at akka.actor.Scheduler$$anon$4.run(Scheduler.scala:202)
	at akka.dispatch.TaskInvocation.run(AbstractDispatcher.scala:41)
	at akka.dispatch.ForkJoinExecutorConfigurator$AkkaForkJoinTask.exec(ForkJoinExecutorConfigurator.scala:49)
	at akka.dispatch.forkjoin.ForkJoinTask.doExec(ForkJoinTask.java:260)
	at akka.dispatch.forkjoin.ForkJoinPool$WorkQueue.runTask(ForkJoinPool.java:1339)
	at akka.dispatch.forkjoin.ForkJoinPool.runWorker(ForkJoinPool.java:1979)
	at akka.dispatch.forkjoin.ForkJoinWorkerThread.run(ForkJoinWorkerThread.java:107)
Caused by: common.exception.AggregatedMessageException: Error(s):
:
:
	Could not localize /home/darja/workflow/cromwell-executions1/WholeGenomeGermlineSingleSample/62cff5fe-42ff-4727-90af-a04169deff2b/call-UnmappedBamToAlignedBam/UnmappedBamToAlignedBam/0551237b-680f-41df-bdcf-a1042ce60cb9/call-SplitRG/shard-0/SplitLargeReadGroup/cb93e366-b42f-4ae8-80a0-d934da4596df/call-GatherMonolithicBamFile/execution/ERR3684866_ILMN.aligned.unsorted.bam -> /home/darja/workflow/cromwell-executions1/WholeGenomeGermlineSingleSample/62cff5fe-42ff-4727-90af-a04169deff2b/call-UnmappedBamToAlignedBam/UnmappedBamToAlignedBam/0551237b-680f-41df-bdcf-a1042ce60cb9/call-MarkDuplicates/inputs/1866465805/ERR3684866_ILMN.aligned.unsorted.bam:
	/home/darja/workflow/cromwell-executions1/WholeGenomeGermlineSingleSample/62cff5fe-42ff-4727-90af-a04169deff2b/call-UnmappedBamToAlignedBam/UnmappedBamToAlignedBam/0551237b-680f-41df-bdcf-a1042ce60cb9/call-SplitRG/shard-0/SplitLargeReadGroup/cb93e366-b42f-4ae8-80a0-d934da4596df/call-GatherMonolithicBamFile/execution/ERR3684866_ILMN.aligned.unsorted.bam doesn't exist
	File not found /home/darja/workflow/cromwell-executions1/WholeGenomeGermlineSingleSample/62cff5fe-42ff-4727-90af-a04169deff2b/call-UnmappedBamToAlignedBam/UnmappedBamToAlignedBam/0551237b-680f-41df-bdcf-a1042ce60cb9/call-MarkDuplicates/inputs/1866465805/ERR3684866_ILMN.aligned.unsorted.bam -> /home/darja/workflow/cromwell-executions1/cached-inputs/1866465805/1774499354960ERR3684866_ILMN.aligned.unsorted.bam
	/home/darja/workflow/cromwell-executions1/WholeGenomeGermlineSingleSample/62cff5fe-42ff-4727-90af-a04169deff2b/call-UnmappedBamToAlignedBam/UnmappedBamToAlignedBam/0551237b-680f-41df-bdcf-a1042ce60cb9/call-SplitRG/shard-0/SplitLargeReadGroup/cb93e366-b42f-4ae8-80a0-d934da4596df/call-GatherMonolithicBamFile/execution/ERR3684866_ILMN.aligned.unsorted.bam -> /home/darja/workflow/cromwell-executions1/WholeGenomeGermlineSingleSample/62cff5fe-42ff-4727-90af-a04169deff2b/call-UnmappedBamToAlignedBam/UnmappedBamToAlignedBam/0551237b-680f-41df-bdcf-a1042ce60cb9/call-MarkDuplicates/inputs/1866465805/ERR3684866_ILMN.aligned.unsorted.bam.tmp: No space left on device
	at common.validation.Validation$ValidationTry$.toTry$extension(Validation.scala:93)
	at common.validation.Validation$ValidationTry$.toTry$extension(Validation.scala:89)
	at cromwell.backend.standard.StandardAsyncExecutionActor.instantiatedCommand(StandardAsyncExecutionActor.scala:731)
	... 35 common frames omitted
[2026-03-26 04:32:33,08] [[38;5;1merror[0m] BackgroundConfigAsyncJobExecutionActor [[38;5;2m0551237b[0mUnmappedBamToAlignedBam.CollectUnsortedReadgroupBamQualityMetrics:0:1]: Error attempting to Execute
java.lang.Exception: Failed command instantiation
	at cromwell.backend.standard.StandardAsyncExecutionActor.instantiatedCommand(StandardAsyncExecutionActor.scala:733)
	at cromwell.backend.standard.StandardAsyncExecutionActor.instantiatedCommand$(StandardAsyncExecutionActor.scala:652)
	at cromwell.backend.impl.sfs.config.BackgroundConfigAsyncJobExecutionActor.instantiatedCommand$lzycompute(ConfigAsyncJobExecutionActor.scala:205)
	at cromwell.backend.impl.sfs.config.BackgroundConfigAsyncJobExecutionActor.instantiatedCommand(ConfigAsyncJobExecutionActor.scala:205)
	at cromwell.backend.standard.StandardAsyncExecutionActor.commandScriptContents(StandardAsyncExecutionActor.scala:414)
	at cromwell.backend.standard.StandardAsyncExecutionActor.commandScriptContents$(StandardAsyncExecutionActor.scala:413)
	at cromwell.backend.impl.sfs.config.BackgroundConfigAsyncJobExecutionActor.commandScriptContents(ConfigAsyncJobExecutionActor.scala:205)
	at cromwell.backend.sfs.SharedFileSystemAsyncJobExecutionActor.writeScriptContents(SharedFileSystemAsyncJobExecutionActor.scala:180)
	at cromwell.backend.sfs.SharedFileSystemAsyncJobExecutionActor.writeScriptContents$(SharedFileSystemAsyncJobExecutionActor.scala:179)
	at cromwell.backend.impl.sfs.config.BackgroundConfigAsyncJobExecutionActor.cromwell$backend$sfs$BackgroundAsyncJobExecutionActor$$super$writeScriptContents(ConfigAsyncJobExecutionActor.scala:205)
	at cromwell.backend.sfs.BackgroundAsyncJobExecutionActor.writeScriptContents(BackgroundAsyncJobExecutionActor.scala:12)
	at cromwell.backend.sfs.BackgroundAsyncJobExecutionActor.writeScriptContents$(BackgroundAsyncJobExecutionActor.scala:11)
	at cromwell.backend.impl.sfs.config.BackgroundConfigAsyncJobExecutionActor.writeScriptContents(ConfigAsyncJobExecutionActor.scala:205)
	at cromwell.backend.sfs.SharedFileSystemAsyncJobExecutionActor.execute(SharedFileSystemAsyncJobExecutionActor.scala:159)
	at cromwell.backend.sfs.SharedFileSystemAsyncJobExecutionActor.execute$(SharedFileSystemAsyncJobExecutionActor.scala:156)
	at cromwell.backend.impl.sfs.config.BackgroundConfigAsyncJobExecutionActor.execute(ConfigAsyncJobExecutionActor.scala:205)
	at cromwell.backend.standard.StandardAsyncExecutionActor.$anonfun$executeAsync$1(StandardAsyncExecutionActor.scala:813)
	at scala.util.Try$.apply(Try.scala:210)
	at cromwell.backend.standard.StandardAsyncExecutionActor.executeAsync(StandardAsyncExecutionActor.scala:813)
	at cromwell.backend.standard.StandardAsyncExecutionActor.executeAsync$(StandardAsyncExecutionActor.scala:813)
	at cromwell.backend.impl.sfs.config.BackgroundConfigAsyncJobExecutionActor.executeAsync(ConfigAsyncJobExecutionActor.scala:205)
	at cromwell.backend.standard.StandardAsyncExecutionActor.executeOrRecover(StandardAsyncExecutionActor.scala:1253)
	at cromwell.backend.standard.StandardAsyncExecutionActor.executeOrRecover$(StandardAsyncExecutionActor.scala:1245)
	at cromwell.backend.impl.sfs.config.BackgroundConfigAsyncJobExecutionActor.executeOrRecover(ConfigAsyncJobExecutionActor.scala:205)
	at cromwell.backend.async.AsyncBackendJobExecutionActor.$anonfun$robustExecuteOrRecover$1(AsyncBackendJobExecutionActor.scala:65)
	at cromwell.core.retry.Retry$.withRetry(Retry.scala:46)
	at cromwell.core.retry.Retry$$anonfun$withRetry$1.$anonfun$applyOrElse$3(Retry.scala:54)
	at akka.pattern.FutureTimeoutSupport.liftedTree1$1(FutureTimeoutSupport.scala:31)
	at akka.pattern.FutureTimeoutSupport.$anonfun$after$1(FutureTimeoutSupport.scala:31)
	at akka.actor.Scheduler$$anon$4.run(Scheduler.scala:202)
	at akka.dispatch.TaskInvocation.run(AbstractDispatcher.scala:41)
	at akka.dispatch.ForkJoinExecutorConfigurator$AkkaForkJoinTask.exec(ForkJoinExecutorConfigurator.scala:49)
	at akka.dispatch.forkjoin.ForkJoinTask.doExec(ForkJoinTask.java:260)
	at akka.dispatch.forkjoin.ForkJoinPool$WorkQueue.runTask(ForkJoinPool.java:1339)
	at akka.dispatch.forkjoin.ForkJoinPool.runWorker(ForkJoinPool.java:1979)
	at akka.dispatch.forkjoin.ForkJoinWorkerThread.run(ForkJoinWorkerThread.java:107)
Caused by: common.exception.AggregatedMessageException: Error(s):
:
Could not localize /home/darja/workflow/cromwell-executions1/WholeGenomeGermlineSingleSample/62cff5fe-42ff-4727-90af-a04169deff2b/call-UnmappedBamToAlignedBam/UnmappedBamToAlignedBam/0551237b-680f-41df-bdcf-a1042ce60cb9/call-SplitRG/shard-0/SplitLargeReadGroup/cb93e366-b42f-4ae8-80a0-d934da4596df/call-GatherMonolithicBamFile/execution/ERR3684866_ILMN.aligned.unsorted.bam -> /home/darja/workflow/cromwell-executions1/WholeGenomeGermlineSingleSample/62cff5fe-42ff-4727-90af-a04169deff2b/call-UnmappedBamToAlignedBam/UnmappedBamToAlignedBam/0551237b-680f-41df-bdcf-a1042ce60cb9/call-CollectUnsortedReadgroupBamQualityMetrics/shard-0/inputs/1866465805/ERR3684866_ILMN.aligned.unsorted.bam:
	/home/darja/workflow/cromwell-executions1/WholeGenomeGermlineSingleSample/62cff5fe-42ff-4727-90af-a04169deff2b/call-UnmappedBamToAlignedBam/UnmappedBamToAlignedBam/0551237b-680f-41df-bdcf-a1042ce60cb9/call-SplitRG/shard-0/SplitLargeReadGroup/cb93e366-b42f-4ae8-80a0-d934da4596df/call-GatherMonolithicBamFile/execution/ERR3684866_ILMN.aligned.unsorted.bam doesn't exist
	/home/darja/workflow/cromwell-executions1/WholeGenomeGermlineSingleSample/62cff5fe-42ff-4727-90af-a04169deff2b/call-UnmappedBamToAlignedBam/UnmappedBamToAlignedBam/0551237b-680f-41df-bdcf-a1042ce60cb9/call-SplitRG/shard-0/SplitLargeReadGroup/cb93e366-b42f-4ae8-80a0-d934da4596df/call-GatherMonolithicBamFile/execution/ERR3684866_ILMN.aligned.unsorted.bam -> /home/darja/workflow/cromwell-executions1/cached-inputs/1866465805/1774499354960ERR3684866_ILMN.aligned.unsorted.bam.tmp: No space left on device
	/home/darja/workflow/cromwell-executions1/WholeGenomeGermlineSingleSample/62cff5fe-42ff-4727-90af-a04169deff2b/call-UnmappedBamToAlignedBam/UnmappedBamToAlignedBam/0551237b-680f-41df-bdcf-a1042ce60cb9/call-SplitRG/shard-0/SplitLargeReadGroup/cb93e366-b42f-4ae8-80a0-d934da4596df/call-GatherMonolithicBamFile/execution/ERR3684866_ILMN.aligned.unsorted.bam -> /home/darja/workflow/cromwell-executions1/WholeGenomeGermlineSingleSample/62cff5fe-42ff-4727-90af-a04169deff2b/call-UnmappedBamToAlignedBam/UnmappedBamToAlignedBam/0551237b-680f-41df-bdcf-a1042ce60cb9/call-CollectUnsortedReadgroupBamQualityMetrics/shard-0/inputs/1866465805/ERR3684866_ILMN.aligned.unsorted.bam.tmp: No space left on device
	at common.validation.Validation$ValidationTry$.toTry$extension(Validation.scala:93)
	at common.validation.Validation$ValidationTry$.toTry$extension(Validation.scala:89)
	at cromwell.backend.standard.StandardAsyncExecutionActor.instantiatedCommand(StandardAsyncExecutionActor.scala:731)
	... 35 common frames omitted
[2026-03-26 04:32:33,14] [[38;5;1merror[0m] BackgroundConfigAsyncJobExecutionActor [[38;5;2m0551237b[0mUnmappedBamToAlignedBam.MarkDuplicates:NA:1]: Error attempting to Execute
java.lang.Exception: Failed command instantiation
	at cromwell.backend.standard.StandardAsyncExecutionActor.instantiatedCommand(StandardAsyncExecutionActor.scala:733)
	at cromwell.backend.standard.StandardAsyncExecutionActor.instantiatedCommand$(StandardAsyncExecutionActor.scala:652)
	at cromwell.backend.impl.sfs.config.BackgroundConfigAsyncJobExecutionActor.instantiatedCommand$lzycompute(ConfigAsyncJobExecutionActor.scala:205)
	at cromwell.backend.impl.sfs.config.BackgroundConfigAsyncJobExecutionActor.instantiatedCommand(ConfigAsyncJobExecutionActor.scala:205)
	at cromwell.backend.standard.StandardAsyncExecutionActor.commandScriptContents(StandardAsyncExecutionActor.scala:414)
	at cromwell.backend.standard.StandardAsyncExecutionActor.commandScriptContents$(StandardAsyncExecutionActor.scala:413)
	at cromwell.backend.impl.sfs.config.BackgroundConfigAsyncJobExecutionActor.commandScriptContents(ConfigAsyncJobExecutionActor.scala:205)
	at cromwell.backend.sfs.SharedFileSystemAsyncJobExecutionActor.writeScriptContents(SharedFileSystemAsyncJobExecutionActor.scala:180)
	at cromwell.backend.sfs.SharedFileSystemAsyncJobExecutionActor.writeScriptContents$(SharedFileSystemAsyncJobExecutionActor.scala:179)
	at cromwell.backend.impl.sfs.config.BackgroundConfigAsyncJobExecutionActor.cromwell$backend$sfs$BackgroundAsyncJobExecutionActor$$super$writeScriptContents(ConfigAsyncJobExecutionActor.scala:205)
	at cromwell.backend.sfs.BackgroundAsyncJobExecutionActor.writeScriptContents(BackgroundAsyncJobExecutionActor.scala:12)
	at cromwell.backend.sfs.BackgroundAsyncJobExecutionActor.writeScriptContents$(BackgroundAsyncJobExecutionActor.scala:11)
	at cromwell.backend.impl.sfs.config.BackgroundConfigAsyncJobExecutionActor.writeScriptContents(ConfigAsyncJobExecutionActor.scala:205)
	at cromwell.backend.sfs.SharedFileSystemAsyncJobExecutionActor.execute(SharedFileSystemAsyncJobExecutionActor.scala:159)
	at cromwell.backend.sfs.SharedFileSystemAsyncJobExecutionActor.execute$(SharedFileSystemAsyncJobExecutionActor.scala:156)
	at cromwell.backend.impl.sfs.config.BackgroundConfigAsyncJobExecutionActor.execute(ConfigAsyncJobExecutionActor.scala:205)
	at cromwell.backend.standard.StandardAsyncExecutionActor.$anonfun$executeAsync$1(StandardAsyncExecutionActor.scala:813)
	at scala.util.Try$.apply(Try.scala:210)
	at cromwell.backend.standard.StandardAsyncExecutionActor.executeAsync(StandardAsyncExecutionActor.scala:813)
	at cromwell.backend.standard.StandardAsyncExecutionActor.executeAsync$(StandardAsyncExecutionActor.scala:813)
	at cromwell.backend.impl.sfs.config.BackgroundConfigAsyncJobExecutionActor.executeAsync(ConfigAsyncJobExecutionActor.scala:205)
	at cromwell.backend.standard.StandardAsyncExecutionActor.executeOrRecover(StandardAsyncExecutionActor.scala:1253)
	at cromwell.backend.standard.StandardAsyncExecutionActor.executeOrRecover$(StandardAsyncExecutionActor.scala:1245)
	at cromwell.backend.impl.sfs.config.BackgroundConfigAsyncJobExecutionActor.executeOrRecover(ConfigAsyncJobExecutionActor.scala:205)
	at cromwell.backend.async.AsyncBackendJobExecutionActor.$anonfun$robustExecuteOrRecover$1(AsyncBackendJobExecutionActor.scala:65)
	at cromwell.core.retry.Retry$.withRetry(Retry.scala:46)
	at cromwell.core.retry.Retry$$anonfun$withRetry$1.$anonfun$applyOrElse$3(Retry.scala:54)
	at akka.pattern.FutureTimeoutSupport.liftedTree1$1(FutureTimeoutSupport.scala:31)
	at akka.pattern.FutureTimeoutSupport.$anonfun$after$1(FutureTimeoutSupport.scala:31)
	at akka.actor.Scheduler$$anon$4.run(Scheduler.scala:202)
	at akka.dispatch.TaskInvocation.run(AbstractDispatcher.scala:41)
	at akka.dispatch.ForkJoinExecutorConfigurator$AkkaForkJoinTask.exec(ForkJoinExecutorConfigurator.scala:49)
	at akka.dispatch.forkjoin.ForkJoinTask.doExec(ForkJoinTask.java:260)
	at akka.dispatch.forkjoin.ForkJoinPool$WorkQueue.runTask(ForkJoinPool.java:1339)
	at akka.dispatch.forkjoin.ForkJoinPool.runWorker(ForkJoinPool.java:1979)
	at akka.dispatch.forkjoin.ForkJoinWorkerThread.run(ForkJoinWorkerThread.java:107)
Caused by: common.exception.AggregatedMessageException: Error(s):
:
:
	Could not localize /home/darja/workflow/cromwell-executions1/WholeGenomeGermlineSingleSample/62cff5fe-42ff-4727-90af-a04169deff2b/call-UnmappedBamToAlignedBam/UnmappedBamToAlignedBam/0551237b-680f-41df-bdcf-a1042ce60cb9/call-SplitRG/shard-0/SplitLargeReadGroup/cb93e366-b42f-4ae8-80a0-d934da4596df/call-GatherMonolithicBamFile/execution/ERR3684866_ILMN.aligned.unsorted.bam -> /home/darja/workflow/cromwell-executions1/WholeGenomeGermlineSingleSample/62cff5fe-42ff-4727-90af-a04169deff2b/call-UnmappedBamToAlignedBam/UnmappedBamToAlignedBam/0551237b-680f-41df-bdcf-a1042ce60cb9/call-MarkDuplicates/inputs/1866465805/ERR3684866_ILMN.aligned.unsorted.bam:
	/home/darja/workflow/cromwell-executions1/WholeGenomeGermlineSingleSample/62cff5fe-42ff-4727-90af-a04169deff2b/call-UnmappedBamToAlignedBam/UnmappedBamToAlignedBam/0551237b-680f-41df-bdcf-a1042ce60cb9/call-SplitRG/shard-0/SplitLargeReadGroup/cb93e366-b42f-4ae8-80a0-d934da4596df/call-GatherMonolithicBamFile/execution/ERR3684866_ILMN.aligned.unsorted.bam doesn't exist
	File not found /home/darja/workflow/cromwell-executions1/WholeGenomeGermlineSingleSample/62cff5fe-42ff-4727-90af-a04169deff2b/call-UnmappedBamToAlignedBam/UnmappedBamToAlignedBam/0551237b-680f-41df-bdcf-a1042ce60cb9/call-MarkDuplicates/inputs/1866465805/ERR3684866_ILMN.aligned.unsorted.bam -> /home/darja/workflow/cromwell-executions1/cached-inputs/1866465805/1774499354960ERR3684866_ILMN.aligned.unsorted.bam
	/home/darja/workflow/cromwell-executions1/WholeGenomeGermlineSingleSample/62cff5fe-42ff-4727-90af-a04169deff2b/call-UnmappedBamToAlignedBam/UnmappedBamToAlignedBam/0551237b-680f-41df-bdcf-a1042ce60cb9/call-SplitRG/shard-0/SplitLargeReadGroup/cb93e366-b42f-4ae8-80a0-d934da4596df/call-GatherMonolithicBamFile/execution/ERR3684866_ILMN.aligned.unsorted.bam -> /home/darja/workflow/cromwell-executions1/WholeGenomeGermlineSingleSample/62cff5fe-42ff-4727-90af-a04169deff2b/call-UnmappedBamToAlignedBam/UnmappedBamToAlignedBam/0551237b-680f-41df-bdcf-a1042ce60cb9/call-MarkDuplicates/inputs/1866465805/ERR3684866_ILMN.aligned.unsorted.bam.tmp: No space left on device
	at common.validation.Validation$ValidationTry$.toTry$extension(Validation.scala:93)
	at common.validation.Validation$ValidationTry$.toTry$extension(Validation.scala:89)
	at cromwell.backend.standard.StandardAsyncExecutionActor.instantiatedCommand(StandardAsyncExecutionActor.scala:731)
	... 35 common frames omitted
[2026-03-26 04:32:37,46] [info] WorkflowManagerActor: Workflow 62cff5fe-42ff-4727-90af-a04169deff2b failed (during ExecutingWorkflowState): cromwell.core.CromwellFatalException: java.lang.Exception: Failed command instantiation
	at cromwell.core.retry.Retry$$anonfun$withRetry$1.applyOrElse(Retry.scala:63)
	at cromwell.core.retry.Retry$$anonfun$withRetry$1.applyOrElse(Retry.scala:46)
	at scala.concurrent.impl.Promise$Transformation.run(Promise.scala:490)
	at akka.dispatch.TaskInvocation.run(AbstractDispatcher.scala:41)
	at akka.dispatch.ForkJoinExecutorConfigurator$AkkaForkJoinTask.exec(ForkJoinExecutorConfigurator.scala:49)
	at akka.dispatch.forkjoin.ForkJoinTask.doExec(ForkJoinTask.java:260)
	at akka.dispatch.forkjoin.ForkJoinPool$WorkQueue.runTask(ForkJoinPool.java:1339)
	at akka.dispatch.forkjoin.ForkJoinPool.runWorker(ForkJoinPool.java:1979)
	at akka.dispatch.forkjoin.ForkJoinWorkerThread.run(ForkJoinWorkerThread.java:107)
Caused by: java.lang.Exception: Failed command instantiation
	at cromwell.backend.standard.StandardAsyncExecutionActor.instantiatedCommand(StandardAsyncExecutionActor.scala:733)
	at cromwell.backend.standard.StandardAsyncExecutionActor.instantiatedCommand$(StandardAsyncExecutionActor.scala:652)
	at cromwell.backend.impl.sfs.config.BackgroundConfigAsyncJobExecutionActor.instantiatedCommand$lzycompute(ConfigAsyncJobExecutionActor.scala:205)
	at cromwell.backend.impl.sfs.config.BackgroundConfigAsyncJobExecutionActor.instantiatedCommand(ConfigAsyncJobExecutionActor.scala:205)
	at cromwell.backend.standard.StandardAsyncExecutionActor.commandScriptContents(StandardAsyncExecutionActor.scala:414)
	at cromwell.backend.standard.StandardAsyncExecutionActor.commandScriptContents$(StandardAsyncExecutionActor.scala:413)
	at cromwell.backend.impl.sfs.config.BackgroundConfigAsyncJobExecutionActor.commandScriptContents(ConfigAsyncJobExecutionActor.scala:205)
	at cromwell.backend.sfs.SharedFileSystemAsyncJobExecutionActor.writeScriptContents(SharedFileSystemAsyncJobExecutionActor.scala:180)
	at cromwell.backend.sfs.SharedFileSystemAsyncJobExecutionActor.writeScriptContents$(SharedFileSystemAsyncJobExecutionActor.scala:179)
	at cromwell.backend.impl.sfs.config.BackgroundConfigAsyncJobExecutionActor.cromwell$backend$sfs$BackgroundAsyncJobExecutionActor$$super$writeScriptContents(ConfigAsyncJobExecutionActor.scala:205)
	at cromwell.backend.sfs.BackgroundAsyncJobExecutionActor.writeScriptContents(BackgroundAsyncJobExecutionActor.scala:12)
	at cromwell.backend.sfs.BackgroundAsyncJobExecutionActor.writeScriptContents$(BackgroundAsyncJobExecutionActor.scala:11)
	at cromwell.backend.impl.sfs.config.BackgroundConfigAsyncJobExecutionActor.writeScriptContents(ConfigAsyncJobExecutionActor.scala:205)
	at cromwell.backend.sfs.SharedFileSystemAsyncJobExecutionActor.execute(SharedFileSystemAsyncJobExecutionActor.scala:159)
	at cromwell.backend.sfs.SharedFileSystemAsyncJobExecutionActor.execute$(SharedFileSystemAsyncJobExecutionActor.scala:156)
	at cromwell.backend.impl.sfs.config.BackgroundConfigAsyncJobExecutionActor.execute(ConfigAsyncJobExecutionActor.scala:205)
	at cromwell.backend.standard.StandardAsyncExecutionActor.$anonfun$executeAsync$1(StandardAsyncExecutionActor.scala:813)
	at scala.util.Try$.apply(Try.scala:210)
	at cromwell.backend.standard.StandardAsyncExecutionActor.executeAsync(StandardAsyncExecutionActor.scala:813)
	at cromwell.backend.standard.StandardAsyncExecutionActor.executeAsync$(StandardAsyncExecutionActor.scala:813)
	at cromwell.backend.impl.sfs.config.BackgroundConfigAsyncJobExecutionActor.executeAsync(ConfigAsyncJobExecutionActor.scala:205)
	at cromwell.backend.standard.StandardAsyncExecutionActor.executeOrRecover(StandardAsyncExecutionActor.scala:1253)
	at cromwell.backend.standard.StandardAsyncExecutionActor.executeOrRecover$(StandardAsyncExecutionActor.scala:1245)
	at cromwell.backend.impl.sfs.config.BackgroundConfigAsyncJobExecutionActor.executeOrRecover(ConfigAsyncJobExecutionActor.scala:205)
	at cromwell.backend.async.AsyncBackendJobExecutionActor.$anonfun$robustExecuteOrRecover$1(AsyncBackendJobExecutionActor.scala:65)
	at cromwell.core.retry.Retry$.withRetry(Retry.scala:46)
	at cromwell.core.retry.Retry$$anonfun$withRetry$1.$anonfun$applyOrElse$3(Retry.scala:54)
	at akka.pattern.FutureTimeoutSupport.liftedTree1$1(FutureTimeoutSupport.scala:31)
	at akka.pattern.FutureTimeoutSupport.$anonfun$after$1(FutureTimeoutSupport.scala:31)
	at akka.actor.Scheduler$$anon$4.run(Scheduler.scala:202)
	... 6 more
Caused by: common.exception.AggregatedMessageException: Error(s):
:
Could not localize /home/darja/workflow/cromwell-executions1/WholeGenomeGermlineSingleSample/62cff5fe-42ff-4727-90af-a04169deff2b/call-UnmappedBamToAlignedBam/UnmappedBamToAlignedBam/0551237b-680f-41df-bdcf-a1042ce60cb9/call-SplitRG/shard-0/SplitLargeReadGroup/cb93e366-b42f-4ae8-80a0-d934da4596df/call-GatherMonolithicBamFile/execution/ERR3684866_ILMN.aligned.unsorted.bam -> /home/darja/workflow/cromwell-executions1/WholeGenomeGermlineSingleSample/62cff5fe-42ff-4727-90af-a04169deff2b/call-UnmappedBamToAlignedBam/UnmappedBamToAlignedBam/0551237b-680f-41df-bdcf-a1042ce60cb9/call-CollectUnsortedReadgroupBamQualityMetrics/shard-0/inputs/1866465805/ERR3684866_ILMN.aligned.unsorted.bam:
	/home/darja/workflow/cromwell-executions1/WholeGenomeGermlineSingleSample/62cff5fe-42ff-4727-90af-a04169deff2b/call-UnmappedBamToAlignedBam/UnmappedBamToAlignedBam/0551237b-680f-41df-bdcf-a1042ce60cb9/call-SplitRG/shard-0/SplitLargeReadGroup/cb93e366-b42f-4ae8-80a0-d934da4596df/call-GatherMonolithicBamFile/execution/ERR3684866_ILMN.aligned.unsorted.bam doesn't exist
	/home/darja/workflow/cromwell-executions1/WholeGenomeGermlineSingleSample/62cff5fe-42ff-4727-90af-a04169deff2b/call-UnmappedBamToAlignedBam/UnmappedBamToAlignedBam/0551237b-680f-41df-bdcf-a1042ce60cb9/call-SplitRG/shard-0/SplitLargeReadGroup/cb93e366-b42f-4ae8-80a0-d934da4596df/call-GatherMonolithicBamFile/execution/ERR3684866_ILMN.aligned.unsorted.bam -> /home/darja/workflow/cromwell-executions1/cached-inputs/1866465805/1774499354960ERR3684866_ILMN.aligned.unsorted.bam.tmp: No space left on device
	/home/darja/workflow/cromwell-executions1/WholeGenomeGermlineSingleSample/62cff5fe-42ff-4727-90af-a04169deff2b/call-UnmappedBamToAlignedBam/UnmappedBamToAlignedBam/0551237b-680f-41df-bdcf-a1042ce60cb9/call-SplitRG/shard-0/SplitLargeReadGroup/cb93e366-b42f-4ae8-80a0-d934da4596df/call-GatherMonolithicBamFile/execution/ERR3684866_ILMN.aligned.unsorted.bam -> /home/darja/workflow/cromwell-executions1/WholeGenomeGermlineSingleSample/62cff5fe-42ff-4727-90af-a04169deff2b/call-UnmappedBamToAlignedBam/UnmappedBamToAlignedBam/0551237b-680f-41df-bdcf-a1042ce60cb9/call-CollectUnsortedReadgroupBamQualityMetrics/shard-0/inputs/1866465805/ERR3684866_ILMN.aligned.unsorted.bam.tmp: No space left on device
	at common.validation.Validation$ValidationTry$.toTry$extension(Validation.scala:93)
	at common.validation.Validation$ValidationTry$.toTry$extension(Validation.scala:89)
	at cromwell.backend.standard.StandardAsyncExecutionActor.instantiatedCommand(StandardAsyncExecutionActor.scala:731)
	... 35 more

cromwell.core.CromwellFatalException: java.lang.Exception: Failed command instantiation
	at cromwell.core.retry.Retry$$anonfun$withRetry$1.applyOrElse(Retry.scala:63)
	at cromwell.core.retry.Retry$$anonfun$withRetry$1.applyOrElse(Retry.scala:46)
	at scala.concurrent.impl.Promise$Transformation.run(Promise.scala:490)
	at akka.dispatch.TaskInvocation.run(AbstractDispatcher.scala:41)
	at akka.dispatch.ForkJoinExecutorConfigurator$AkkaForkJoinTask.exec(ForkJoinExecutorConfigurator.scala:49)
	at akka.dispatch.forkjoin.ForkJoinTask.doExec(ForkJoinTask.java:260)
	at akka.dispatch.forkjoin.ForkJoinPool$WorkQueue.runTask(ForkJoinPool.java:1339)
	at akka.dispatch.forkjoin.ForkJoinPool.runWorker(ForkJoinPool.java:1979)
	at akka.dispatch.forkjoin.ForkJoinWorkerThread.run(ForkJoinWorkerThread.java:107)
Caused by: java.lang.Exception: Failed command instantiation
	at cromwell.backend.standard.StandardAsyncExecutionActor.instantiatedCommand(StandardAsyncExecutionActor.scala:733)
	at cromwell.backend.standard.StandardAsyncExecutionActor.instantiatedCommand$(StandardAsyncExecutionActor.scala:652)
	at cromwell.backend.impl.sfs.config.BackgroundConfigAsyncJobExecutionActor.instantiatedCommand$lzycompute(ConfigAsyncJobExecutionActor.scala:205)
	at cromwell.backend.impl.sfs.config.BackgroundConfigAsyncJobExecutionActor.instantiatedCommand(ConfigAsyncJobExecutionActor.scala:205)
	at cromwell.backend.standard.StandardAsyncExecutionActor.commandScriptContents(StandardAsyncExecutionActor.scala:414)
	at cromwell.backend.standard.StandardAsyncExecutionActor.commandScriptContents$(StandardAsyncExecutionActor.scala:413)
	at cromwell.backend.impl.sfs.config.BackgroundConfigAsyncJobExecutionActor.commandScriptContents(ConfigAsyncJobExecutionActor.scala:205)
	at cromwell.backend.sfs.SharedFileSystemAsyncJobExecutionActor.writeScriptContents(SharedFileSystemAsyncJobExecutionActor.scala:180)
	at cromwell.backend.sfs.SharedFileSystemAsyncJobExecutionActor.writeScriptContents$(SharedFileSystemAsyncJobExecutionActor.scala:179)
	at cromwell.backend.impl.sfs.config.BackgroundConfigAsyncJobExecutionActor.cromwell$backend$sfs$BackgroundAsyncJobExecutionActor$$super$writeScriptContents(ConfigAsyncJobExecutionActor.scala:205)
	at cromwell.backend.sfs.BackgroundAsyncJobExecutionActor.writeScriptContents(BackgroundAsyncJobExecutionActor.scala:12)
	at cromwell.backend.sfs.BackgroundAsyncJobExecutionActor.writeScriptContents$(BackgroundAsyncJobExecutionActor.scala:11)
	at cromwell.backend.impl.sfs.config.BackgroundConfigAsyncJobExecutionActor.writeScriptContents(ConfigAsyncJobExecutionActor.scala:205)
	at cromwell.backend.sfs.SharedFileSystemAsyncJobExecutionActor.execute(SharedFileSystemAsyncJobExecutionActor.scala:159)
	at cromwell.backend.sfs.SharedFileSystemAsyncJobExecutionActor.execute$(SharedFileSystemAsyncJobExecutionActor.scala:156)
	at cromwell.backend.impl.sfs.config.BackgroundConfigAsyncJobExecutionActor.execute(ConfigAsyncJobExecutionActor.scala:205)
	at cromwell.backend.standard.StandardAsyncExecutionActor.$anonfun$executeAsync$1(StandardAsyncExecutionActor.scala:813)
	at scala.util.Try$.apply(Try.scala:210)
	at cromwell.backend.standard.StandardAsyncExecutionActor.executeAsync(StandardAsyncExecutionActor.scala:813)
	at cromwell.backend.standard.StandardAsyncExecutionActor.executeAsync$(StandardAsyncExecutionActor.scala:813)
	at cromwell.backend.impl.sfs.config.BackgroundConfigAsyncJobExecutionActor.executeAsync(ConfigAsyncJobExecutionActor.scala:205)
	at cromwell.backend.standard.StandardAsyncExecutionActor.executeOrRecover(StandardAsyncExecutionActor.scala:1253)
	at cromwell.backend.standard.StandardAsyncExecutionActor.executeOrRecover$(StandardAsyncExecutionActor.scala:1245)
	at cromwell.backend.impl.sfs.config.BackgroundConfigAsyncJobExecutionActor.executeOrRecover(ConfigAsyncJobExecutionActor.scala:205)
	at cromwell.backend.async.AsyncBackendJobExecutionActor.$anonfun$robustExecuteOrRecover$1(AsyncBackendJobExecutionActor.scala:65)
	at cromwell.core.retry.Retry$.withRetry(Retry.scala:46)
	at cromwell.core.retry.Retry$$anonfun$withRetry$1.$anonfun$applyOrElse$3(Retry.scala:54)
	at akka.pattern.FutureTimeoutSupport.liftedTree1$1(FutureTimeoutSupport.scala:31)
	at akka.pattern.FutureTimeoutSupport.$anonfun$after$1(FutureTimeoutSupport.scala:31)
	at akka.actor.Scheduler$$anon$4.run(Scheduler.scala:202)
	... 6 more
Caused by: common.exception.AggregatedMessageException: Error(s):
:
:
	Could not localize /home/darja/workflow/cromwell-executions1/WholeGenomeGermlineSingleSample/62cff5fe-42ff-4727-90af-a04169deff2b/call-UnmappedBamToAlignedBam/UnmappedBamToAlignedBam/0551237b-680f-41df-bdcf-a1042ce60cb9/call-SplitRG/shard-0/SplitLargeReadGroup/cb93e366-b42f-4ae8-80a0-d934da4596df/call-GatherMonolithicBamFile/execution/ERR3684866_ILMN.aligned.unsorted.bam -> /home/darja/workflow/cromwell-executions1/WholeGenomeGermlineSingleSample/62cff5fe-42ff-4727-90af-a04169deff2b/call-UnmappedBamToAlignedBam/UnmappedBamToAlignedBam/0551237b-680f-41df-bdcf-a1042ce60cb9/call-MarkDuplicates/inputs/1866465805/ERR3684866_ILMN.aligned.unsorted.bam:
	/home/darja/workflow/cromwell-executions1/WholeGenomeGermlineSingleSample/62cff5fe-42ff-4727-90af-a04169deff2b/call-UnmappedBamToAlignedBam/UnmappedBamToAlignedBam/0551237b-680f-41df-bdcf-a1042ce60cb9/call-SplitRG/shard-0/SplitLargeReadGroup/cb93e366-b42f-4ae8-80a0-d934da4596df/call-GatherMonolithicBamFile/execution/ERR3684866_ILMN.aligned.unsorted.bam doesn't exist
	File not found /home/darja/workflow/cromwell-executions1/WholeGenomeGermlineSingleSample/62cff5fe-42ff-4727-90af-a04169deff2b/call-UnmappedBamToAlignedBam/UnmappedBamToAlignedBam/0551237b-680f-41df-bdcf-a1042ce60cb9/call-MarkDuplicates/inputs/1866465805/ERR3684866_ILMN.aligned.unsorted.bam -> /home/darja/workflow/cromwell-executions1/cached-inputs/1866465805/1774499354960ERR3684866_ILMN.aligned.unsorted.bam
	/home/darja/workflow/cromwell-executions1/WholeGenomeGermlineSingleSample/62cff5fe-42ff-4727-90af-a04169deff2b/call-UnmappedBamToAlignedBam/UnmappedBamToAlignedBam/0551237b-680f-41df-bdcf-a1042ce60cb9/call-SplitRG/shard-0/SplitLargeReadGroup/cb93e366-b42f-4ae8-80a0-d934da4596df/call-GatherMonolithicBamFile/execution/ERR3684866_ILMN.aligned.unsorted.bam -> /home/darja/workflow/cromwell-executions1/WholeGenomeGermlineSingleSample/62cff5fe-42ff-4727-90af-a04169deff2b/call-UnmappedBamToAlignedBam/UnmappedBamToAlignedBam/0551237b-680f-41df-bdcf-a1042ce60cb9/call-MarkDuplicates/inputs/1866465805/ERR3684866_ILMN.aligned.unsorted.bam.tmp: No space left on device
	at common.validation.Validation$ValidationTry$.toTry$extension(Validation.scala:93)
	at common.validation.Validation$ValidationTry$.toTry$extension(Validation.scala:89)
	at cromwell.backend.standard.StandardAsyncExecutionActor.instantiatedCommand(StandardAsyncExecutionActor.scala:731)
	... 35 more

[2026-03-26 04:32:37,47] [info] $a [[38;5;2m62cff5fe[0m]: Copying workflow logs from /home/darja/workflow/cromwell-workflow-logs/workflow.62cff5fe-42ff-4727-90af-a04169deff2b.log to /mnt/nas1/projects/lasr/blendseq/warp-pipelines/data/run-logs/workflow.62cff5fe-42ff-4727-90af-a04169deff2b.log
[2026-03-26 04:32:41,05] [info] WorkflowManagerActor: Workflow actor for 62cff5fe-42ff-4727-90af-a04169deff2b completed with status 'Failed'. The workflow will be removed from the workflow store.
[2026-03-26 04:33:24,86] [info] SingleWorkflowRunnerActor workflow finished with status 'Failed'.
[2026-03-26 04:33:26,04] [info] Workflow polling stopped
[2026-03-26 04:33:26,06] [info] 0 workflows released by cromid-9a1c780
[2026-03-26 04:33:26,06] [info] Shutting down WorkflowStoreActor - Timeout = 5 seconds
[2026-03-26 04:33:26,07] [info] Shutting down WorkflowLogCopyRouter - Timeout = 5 seconds
[2026-03-26 04:33:26,07] [info] Shutting down JobExecutionTokenDispenser - Timeout = 5 seconds
[2026-03-26 04:33:26,07] [info] JobExecutionTokenDispenser stopped
[2026-03-26 04:33:26,07] [info] Aborting all running workflows.
[2026-03-26 04:33:26,07] [info] WorkflowStoreActor stopped
[2026-03-26 04:33:26,07] [info] WorkflowLogCopyRouter stopped
[2026-03-26 04:33:26,07] [info] Shutting down WorkflowManagerActor - Timeout = 3600 seconds
[2026-03-26 04:33:26,07] [info] WorkflowManagerActor: All workflows finished
[2026-03-26 04:33:26,07] [info] WorkflowManagerActor stopped
[2026-03-26 04:33:26,29] [info] Connection pools shut down
[2026-03-26 04:33:26,29] [info] Shutting down SubWorkflowStoreActor - Timeout = 1800 seconds
[2026-03-26 04:33:26,29] [info] Shutting down JobStoreActor - Timeout = 1800 seconds
[2026-03-26 04:33:26,29] [info] Shutting down CallCacheWriteActor - Timeout = 1800 seconds
[2026-03-26 04:33:26,29] [info] Shutting down ServiceRegistryActor - Timeout = 1800 seconds
[2026-03-26 04:33:26,29] [info] Shutting down DockerHashActor - Timeout = 1800 seconds
[2026-03-26 04:33:26,29] [info] Shutting down IoProxy - Timeout = 1800 seconds
[2026-03-26 04:33:26,29] [info] SubWorkflowStoreActor stopped
[2026-03-26 04:33:26,29] [info] JobStoreActor stopped
[2026-03-26 04:33:26,29] [info] CallCacheWriteActor Shutting down: 0 queued messages to process
[2026-03-26 04:33:26,29] [info] WriteMetadataActor Shutting down: 0 queued messages to process
[2026-03-26 04:33:26,29] [info] KvWriteActor Shutting down: 0 queued messages to process
[2026-03-26 04:33:26,29] [info] IoProxy stopped
[2026-03-26 04:33:26,29] [info] DockerHashActor stopped
[2026-03-26 04:33:26,29] [info] CallCacheWriteActor stopped
[2026-03-26 04:33:26,29] [info] ServiceRegistryActor stopped
[2026-03-26 04:33:26,30] [info] Shutting down connection pool: curAllocated=0 idleQueues.size=0 waitQueue.size=0 maxWaitQueueLimit=256 closed=false
[2026-03-26 04:33:26,30] [info] Shutting down connection pool: curAllocated=1 idleQueues.size=1 waitQueue.size=0 maxWaitQueueLimit=256 closed=false
[2026-03-26 04:33:26,30] [info] Shutting down connection pool: curAllocated=0 idleQueues.size=0 waitQueue.size=0 maxWaitQueueLimit=256 closed=false
[2026-03-26 04:33:26,31] [info] Database closed
[2026-03-26 04:33:26,31] [info] Stream materializer shut down
[2026-03-26 04:33:26,31] [info] WDL HTTP import resolver closed
Workflow 62cff5fe-42ff-4727-90af-a04169deff2b transitioned to state Failed
