Docker version 29.0.1, build eedd969
CONTAINER ID   IMAGE                       COMMAND       CREATED             STATUS             PORTS     NAMES
03af9ac974ef   us.gcr.io/broad-gatk/gatk   "/bin/bash"   About an hour ago   Up About an hour             relaxed_yonath
darja
uid=1027(darja) gid=1028(darja) groups=1028(darja),27(sudo),988(docker),1039(lasr)
/mnt/nas1/projects/lasr/blendseq/warp-pipelines/warp-gatk-germline-single-sample-pipeline-master/tmp/
Running with Cromwell 91 , Dockstore tests with 84
Created temporary working directory at '/mnt/nas1/projects/lasr/blendseq/warp-pipelines/warp-gatk-germline-single-sample-pipeline-master/tmp/14743852445737874576'
Using local file '/mnt/nas1/projects/lasr/blendseq/warp-pipelines/warp-gatk-germline-single-sample-pipeline-master/pipelines/wdl/dna_seq/germline/single_sample/wgs/WholeGenomeGermlineSingleSample.wdl' as primary descriptor
Creating directories for run of Dockstore launcher in current working directory: /mnt/nas1/projects/lasr/blendseq/warp-pipelines/warp-gatk-germline-single-sample-pipeline-master/pipelines/wdl/dna_seq/germline/single_sample/wgs
Provisioning your input files to your local machine
Downloading: WholeGenomeGermlineSingleSample.wgs_coverage_interval_list from /mnt/nas1/projects/lasr/blendseq/warp-pipelines/data/warp-gatk-dragen-input-files-01/intervals/wgs_coverage_regions.hg38.interval_list to: /mnt/nas1/projects/lasr/blendseq/warp-pipelines/warp-gatk-germline-single-sample-pipeline-master/cromwell-input/f2d8ce68-a203-4f71-b2b5-5f255f3d33ba/mnt/nas1/projects/lasr/blendseq/warp-pipelines/data/warp-gatk-dragen-input-files-01/intervals/wgs_coverage_regions.hg38.interval_list
Calling out to Cromwell to run your workflow
Executing: java -Duser_id=1027 -Dgroup_id=1028 -Dconfig.file=/mnt/nas1/projects/lasr/blendseq/warp-pipelines/warp-gatk-germline-single-sample-pipeline-master/cromwell.conf -jar /home/darja/.dockstore/libraries/cromwell-91.jar run --inputs /mnt/nas1/projects/lasr/blendseq/warp-pipelines/warp-gatk-germline-single-sample-pipeline-master/tmp/foo6072790986202440070json /mnt/nas1/projects/lasr/blendseq/warp-pipelines/warp-gatk-germline-single-sample-pipeline-master/pipelines/wdl/dna_seq/germline/single_sample/wgs/WholeGenomeGermlineSingleSample.wdl
{
  "cromwellId" : "cromid-83fe20d",
  "heartbeatInterval" : "2 minutes",
  "ttl" : "10 minutes",
  "failureShutdownDuration" : "5 minutes",
  "writeBatchSize" : 10000,
  "writeThreshold" : 10000
}

# Job Sequence Grouping 

with open("/cromwell-executions/WholeGenomeGermlineSingleSample/32774cc6-b120-4b08-a694-107abb6e2242/call-UnmappedBamToAlignedBam/UnmappedBamToAlignedBam/ee05efaf-d4d4-4fe3-a6c6-c05d6c1e5173/call-CreateSequenceGroupingTSV/inputs/-1569105944/Homo_sapiens_assembly38_masked.dict", "r") as ref_dict_file:
    sequence_tuple_list = []
    longest_sequence = 0
    for line in ref_dict_file:
        if line.startswith("@SQ"):
            line_split = line.split("\t")
            # (Sequence_Name, Sequence_Length)
            sequence_tuple_list.append((line_split[1].split("SN:")[1], int(line_split[2].split("LN:")[1])))
    longest_sequence = sorted(sequence_tuple_list, key=lambda x: x[1], reverse=True)[0][1]
# We are adding this to the intervals because hg38 has contigs named with embedded colons and a bug in GATK strips off
# the last element after a :, so we add this as a sacrificial element.
hg38_protection_tag = ":1+"
# initialize the tsv string with the first sequence
tsv_string = sequence_tuple_list[0][0] + hg38_protection_tag
temp_size = sequence_tuple_list[0][1]
for sequence_tuple in sequence_tuple_list[1:]:
    if temp_size + sequence_tuple[1] <= longest_sequence:
        temp_size += sequence_tuple[1]
        tsv_string += "\t" + sequence_tuple[0] + hg38_protection_tag
    else:
        tsv_string += "\n" + sequence_tuple[0] + hg38_protection_tag
        temp_size = sequence_tuple[1]
# add the unmapped sequences as a separate line to ensure that they are recalibrated as well
with open("sequence_grouping.txt","w") as tsv_file:
  tsv_file.write(tsv_string)
  tsv_file.close()

tsv_string += '\n' + "unmapped"

with open("sequence_grouping_with_unmapped.txt","w") as tsv_file_with_unmapped:
  tsv_file_with_unmapped.write(tsv_string)
  tsv_file_with_unmapped.close()
CODE[0m
rm -f /mnt/nas1/projects/lasr/blendseq/warp-pipelines/warp-gatk-germline-single-sample-pipeline-master/tmp/14743852445737874576/cromwell-executions/WholeGenomeGermlineSingleSample/32774cc6-b120-4b08-a694-107abb6e2242/call-UnmappedBamToAlignedBam/UnmappedBamToAlignedBam/ee05efaf-d4d4-4fe3-a6c6-c05d6c1e5173/call-CreateSequenceGroupingTSV/execution/docker_cid
# run as in the original configuration without --rm flag (will remove later)
docker run \
  --cidfile /mnt/nas1/projects/lasr/blendseq/warp-pipelines/warp-gatk-germline-single-sample-pipeline-master/tmp/14743852445737874576/cromwell-executions/WholeGenomeGermlineSingleSample/32774cc6-b120-4b08-a694-107abb6e2242/call-UnmappedBamToAlignedBam/UnmappedBamToAlignedBam/ee05efaf-d4d4-4fe3-a6c6-c05d6c1e5173/call-CreateSequenceGroupingTSV/execution/docker_cid \
  -i \
  --user 1027:1028 \
  --cpus="64" \
  --memory="204800M" \
  --entrypoint /bin/bash \
  -v /mnt/nas1/projects/lasr/blendseq/warp-pipelines/warp-gatk-germline-single-sample-pipeline-master/tmp/14743852445737874576/cromwell-executions/WholeGenomeGermlineSingleSample/32774cc6-b120-4b08-a694-107abb6e2242/call-UnmappedBamToAlignedBam/UnmappedBamToAlignedBam/ee05efaf-d4d4-4fe3-a6c6-c05d6c1e5173/call-CreateSequenceGroupingTSV:/cromwell-executions/WholeGenomeGermlineSingleSample/32774cc6-b120-4b08-a694-107abb6e2242/call-UnmappedBamToAlignedBam/UnmappedBamToAlignedBam/ee05efaf-d4d4-4fe3-a6c6-c05d6c1e5173/call-CreateSequenceGroupingTSV \
  us.gcr.io/broad-dsp-gcr-public/base/python@sha256:af87295ec55957b9997a20803e5e612fe819e39be40a6cd817d696f6b758ad1a /cromwell-executions/WholeGenomeGermlineSingleSample/32774cc6-b120-4b08-a694-107abb6e2242/call-UnmappedBamToAlignedBam/UnmappedBamToAlignedBam/ee05efaf-d4d4-4fe3-a6c6-c05d6c1e5173/call-CreateSequenceGroupingTSV/execution/script

# get the return code (working even if the container was detached)
rc=$(docker wait [38;5;5mcat /mnt/nas1/projects/lasr/blendseq/warp-pipelines/warp-gatk-germline-single-sample-pipeline-master/tmp/14743852445737874576/cromwell-executions/WholeGenomeGermlineSingleSample/32774cc6-b120-4b08-a694-107abb6e2242/call-UnmappedBamToAlignedBam/UnmappedBamToAlignedBam/ee05efaf-d4d4-4fe3-a6c6-c05d6c1e5173/call-CreateSequenceGroupingTSV/execution/docker_cid[0m)

# remove the container after waiting
docker rm [38;5;5mcat /mnt/nas1/projects/lasr/blendseq/warp-pipelines/warp-gatk-germline-single-sample-pipeline-master/tmp/14743852445737874576/cromwell-executions/WholeGenomeGermlineSingleSample/32774cc6-b120-4b08-a694-107abb6e2242/call-UnmappedBamToAlignedBam/UnmappedBamToAlignedBam/ee05efaf-d4d4-4fe3-a6c6-c05d6c1e5173/call-CreateSequenceGroupingTSV/execution/docker_cid[0m

# return exit code
exit $rc

# Job CollectQualityYieldMetrics

  CollectQualityYieldMetrics \
  INPUT=/cromwell-executions/WholeGenomeGermlineSingleSample/32774cc6-b120-4b08-a694-107abb6e2242/call-UnmappedBamToAlignedBam/UnmappedBamToAlignedBam/ee05efaf-d4d4-4fe3-a6c6-c05d6c1e5173/call-CollectQualityYieldMetrics/shard-0/inputs/1329413647/ERR3684866_ILMN.unmapped.bam \
  OQ=true \
  OUTPUT=ERR3684866_ILMN.unmapped.quality_yield_metrics[0m
rm -f /mnt/nas1/projects/lasr/blendseq/warp-pipelines/warp-gatk-germline-single-sample-pipeline-master/tmp/14743852445737874576/cromwell-executions/WholeGenomeGermlineSingleSample/32774cc6-b120-4b08-a694-107abb6e2242/call-UnmappedBamToAlignedBam/UnmappedBamToAlignedBam/ee05efaf-d4d4-4fe3-a6c6-c05d6c1e5173/call-CollectQualityYieldMetrics/shard-0/execution/docker_cid
# run as in the original configuration without --rm flag (will remove later)
docker run \
  --cidfile /mnt/nas1/projects/lasr/blendseq/warp-pipelines/warp-gatk-germline-single-sample-pipeline-master/tmp/14743852445737874576/cromwell-executions/WholeGenomeGermlineSingleSample/32774cc6-b120-4b08-a694-107abb6e2242/call-UnmappedBamToAlignedBam/UnmappedBamToAlignedBam/ee05efaf-d4d4-4fe3-a6c6-c05d6c1e5173/call-CollectQualityYieldMetrics/shard-0/execution/docker_cid \
  -i \
  --user 1027:1028 \
  --cpus="64" \
  --memory="204800M" \
  --entrypoint /bin/bash \
  -v /mnt/nas1/projects/lasr/blendseq/warp-pipelines/warp-gatk-germline-single-sample-pipeline-master/tmp/14743852445737874576/cromwell-executions/WholeGenomeGermlineSingleSample/32774cc6-b120-4b08-a694-107abb6e2242/call-UnmappedBamToAlignedBam/UnmappedBamToAlignedBam/ee05efaf-d4d4-4fe3-a6c6-c05d6c1e5173/call-CollectQualityYieldMetrics/shard-0:/cromwell-executions/WholeGenomeGermlineSingleSample/32774cc6-b120-4b08-a694-107abb6e2242/call-UnmappedBamToAlignedBam/UnmappedBamToAlignedBam/ee05efaf-d4d4-4fe3-a6c6-c05d6c1e5173/call-CollectQualityYieldMetrics/shard-0 \
  us.gcr.io/broad-gotc-prod/picard-cloud@sha256:e5ad5339080c3107c04e4a4d000b8ab06f472b77019debc3ff75499d28995b0c /cromwell-executions/WholeGenomeGermlineSingleSample/32774cc6-b120-4b08-a694-107abb6e2242/call-UnmappedBamToAlignedBam/UnmappedBamToAlignedBam/ee05efaf-d4d4-4fe3-a6c6-c05d6c1e5173/call-CollectQualityYieldMetrics/shard-0/execution/script

# get the return code (working even if the container was detached)
rc=$(docker wait [38;5;5mcat /mnt/nas1/projects/lasr/blendseq/warp-pipelines/warp-gatk-germline-single-sample-pipeline-master/tmp/14743852445737874576/cromwell-executions/WholeGenomeGermlineSingleSample/32774cc6-b120-4b08-a694-107abb6e2242/call-UnmappedBamToAlignedBam/UnmappedBamToAlignedBam/ee05efaf-d4d4-4fe3-a6c6-c05d6c1e5173/call-CollectQualityYieldMetrics/shard-0/execution/docker_cid[0m)

# remove the container after waiting
docker rm [38;5;5mcat /mnt/nas1/projects/lasr/blendseq/warp-pipelines/warp-gatk-germline-single-sample-pipeline-master/tmp/14743852445737874576/cromwell-executions/WholeGenomeGermlineSingleSample/32774cc6-b120-4b08-a694-107abb6e2242/call-UnmappedBamToAlignedBam/UnmappedBamToAlignedBam/ee05efaf-d4d4-4fe3-a6c6-c05d6c1e5173/call-CollectQualityYieldMetrics/shard-0/execution/docker_cid[0m

# return exit code
exit $rc

# Job SplitSamByNumberOfReads

mkdir output_dir

total_reads=$(samtools view -c /cromwell-executions/WholeGenomeGermlineSingleSample/32774cc6-b120-4b08-a694-107abb6e2242/call-UnmappedBamToAlignedBam/UnmappedBamToAlignedBam/ee05efaf-d4d4-4fe3-a6c6-c05d6c1e5173/call-SplitRG/shard-0/SplitLargeReadGroup/a39188f4-58a3-4987-ac11-0a144b7e746f/call-SamSplitter/inputs/1329413647/ERR3684866_ILMN.unmapped.bam)

java -Dsamjdk.compression_level=2 -Xms3000m -Xmx3600m -jar /usr/gitc/picard.jar SplitSamByNumberOfReads \
  INPUT=/cromwell-executions/WholeGenomeGermlineSingleSample/32774cc6-b120-4b08-a694-107abb6e2242/call-UnmappedBamToAlignedBam/UnmappedBamToAlignedBam/ee05efaf-d4d4-4fe3-a6c6-c05d6c1e5173/call-SplitRG/shard-0/SplitLargeReadGroup/a39188f4-58a3-4987-ac11-0a144b7e746f/call-SamSplitter/inputs/1329413647/ERR3684866_ILMN.unmapped.bam \
  OUTPUT=output_dir \
  SPLIT_TO_N_READS=48000000 \
  TOTAL_READS_IN_INPUT=$total_reads[0m
rm -f /mnt/nas1/projects/lasr/blendseq/warp-pipelines/warp-gatk-germline-single-sample-pipeline-master/tmp/14743852445737874576/cromwell-executions/WholeGenomeGermlineSingleSample/32774cc6-b120-4b08-a694-107abb6e2242/call-UnmappedBamToAlignedBam/UnmappedBamToAlignedBam/ee05efaf-d4d4-4fe3-a6c6-c05d6c1e5173/call-SplitRG/shard-0/SplitLargeReadGroup/a39188f4-58a3-4987-ac11-0a144b7e746f/call-SamSplitter/execution/docker_cid
# run as in the original configuration without --rm flag (will remove later)
docker run \
  --cidfile /mnt/nas1/projects/lasr/blendseq/warp-pipelines/warp-gatk-germline-single-sample-pipeline-master/tmp/14743852445737874576/cromwell-executions/WholeGenomeGermlineSingleSample/32774cc6-b120-4b08-a694-107abb6e2242/call-UnmappedBamToAlignedBam/UnmappedBamToAlignedBam/ee05efaf-d4d4-4fe3-a6c6-c05d6c1e5173/call-SplitRG/shard-0/SplitLargeReadGroup/a39188f4-58a3-4987-ac11-0a144b7e746f/call-SamSplitter/execution/docker_cid \
  -i \
  --user 1027:1028 \
  --cpus="64" \
  --memory="204800M" \
  --entrypoint /bin/bash \
  -v /mnt/nas1/projects/lasr/blendseq/warp-pipelines/warp-gatk-germline-single-sample-pipeline-master/tmp/14743852445737874576/cromwell-executions/WholeGenomeGermlineSingleSample/32774cc6-b120-4b08-a694-107abb6e2242/call-UnmappedBamToAlignedBam/UnmappedBamToAlignedBam/ee05efaf-d4d4-4fe3-a6c6-c05d6c1e5173/call-SplitRG/shard-0/SplitLargeReadGroup/a39188f4-58a3-4987-ac11-0a144b7e746f/call-SamSplitter:/cromwell-executions/WholeGenomeGermlineSingleSample/32774cc6-b120-4b08-a694-107abb6e2242/call-UnmappedBamToAlignedBam/UnmappedBamToAlignedBam/ee05efaf-d4d4-4fe3-a6c6-c05d6c1e5173/call-SplitRG/shard-0/SplitLargeReadGroup/a39188f4-58a3-4987-ac11-0a144b7e746f/call-SamSplitter \
  us.gcr.io/broad-gotc-prod/samtools-picard-bwa@sha256:68eae459869592a095b75598039a65e02dede4f6e89cb1452a6a9e673cc10fa9 /cromwell-executions/WholeGenomeGermlineSingleSample/32774cc6-b120-4b08-a694-107abb6e2242/call-UnmappedBamToAlignedBam/UnmappedBamToAlignedBam/ee05efaf-d4d4-4fe3-a6c6-c05d6c1e5173/call-SplitRG/shard-0/SplitLargeReadGroup/a39188f4-58a3-4987-ac11-0a144b7e746f/call-SamSplitter/execution/script

# get the return code (working even if the container was detached)
rc=$(docker wait [38;5;5mcat /mnt/nas1/projects/lasr/blendseq/warp-pipelines/warp-gatk-germline-single-sample-pipeline-master/tmp/14743852445737874576/cromwell-executions/WholeGenomeGermlineSingleSample/32774cc6-b120-4b08-a694-107abb6e2242/call-UnmappedBamToAlignedBam/UnmappedBamToAlignedBam/ee05efaf-d4d4-4fe3-a6c6-c05d6c1e5173/call-SplitRG/shard-0/SplitLargeReadGroup/a39188f4-58a3-4987-ac11-0a144b7e746f/call-SamSplitter/execution/docker_cid[0m)

# remove the container after waiting
docker rm [38;5;5mcat /mnt/nas1/projects/lasr/blendseq/warp-pipelines/warp-gatk-germline-single-sample-pipeline-master/tmp/14743852445737874576/cromwell-executions/WholeGenomeGermlineSingleSample/32774cc6-b120-4b08-a694-107abb6e2242/call-UnmappedBamToAlignedBam/UnmappedBamToAlignedBam/ee05efaf-d4d4-4fe3-a6c6-c05d6c1e5173/call-SplitRG/shard-0/SplitLargeReadGroup/a39188f4-58a3-4987-ac11-0a144b7e746f/call-SamSplitter/execution/docker_cid[0m

# return exit code
exit $rc

# Job DRAGMAP and MergeBamAlignment (for each shard)

DRAGMAP_VERSION=$(dragen-os --version)

if [ -z ${DRAGMAP_VERSION} ]; then
    exit 1;
fi

mkdir dragen_reference
mv /cromwell-executions/WholeGenomeGermlineSingleSample/32774cc6-b120-4b08-a694-107abb6e2242/call-UnmappedBamToAlignedBam/UnmappedBamToAlignedBam/ee05efaf-d4d4-4fe3-a6c6-c05d6c1e5173/call-SplitRG/shard-0/SplitLargeReadGroup/a39188f4-58a3-4987-ac11-0a144b7e746f/call-SamToFastqAndDragmapAndMba/shard-23/inputs/-1290198700/reference.bin /cromwell-executions/WholeGenomeGermlineSingleSample/32774cc6-b120-4b08-a694-107abb6e2242/call-UnmappedBamToAlignedBam/UnmappedBamToAlignedBam/ee05efaf-d4d4-4fe3-a6c6-c05d6c1e5173/call-SplitRG/shard-0/SplitLargeReadGroup/a39188f4-58a3-4987-ac11-0a144b7e746f/call-SamToFastqAndDragmapAndMba/shard-23/inputs/-1290198700/hash_table.cfg.bin /cromwell-executions/WholeGenomeGermlineSingleSample/32774cc6-b120-4b08-a694-107abb6e2242/call-UnmappedBamToAlignedBam/UnmappedBamToAlignedBam/ee05efaf-d4d4-4fe3-a6c6-c05d6c1e5173/call-SplitRG/shard-0/SplitLargeReadGroup/a39188f4-58a3-4987-ac11-0a144b7e746f/call-SamToFastqAndDragmapAndMba/shard-23/inputs/-1290198700/hash_table.cmp dragen_reference

dragen-os -b /cromwell-executions/WholeGenomeGermlineSingleSample/32774cc6-b120-4b08-a694-107abb6e2242/call-UnmappedBamToAlignedBam/UnmappedBamToAlignedBam/ee05efaf-d4d4-4fe3-a6c6-c05d6c1e5173/call-SplitRG/shard-0/SplitLargeReadGroup/a39188f4-58a3-4987-ac11-0a144b7e746f/call-SamToFastqAndDragmapAndMba/shard-23/inputs/1105413507/shard_0024.bam -r dragen_reference --interleaved=1 --preserve-map-align-order true 2> >(tee shard_0024.dragmap.stderr.log >&2) | samtools view -h -O BAM - > aligned.bam
java -Dsamjdk.compression_level=2 -Xms1000m -Xmx1000m -jar /picard/picard.jar \
  MergeBamAlignment \
  VALIDATION_STRINGENCY=SILENT \
  EXPECTED_ORIENTATIONS=FR \
  ATTRIBUTES_TO_RETAIN=X0 \
  ATTRIBUTES_TO_REMOVE=RG \
  ATTRIBUTES_TO_REMOVE=NM \
  ATTRIBUTES_TO_REMOVE=MD \
  ALIGNED_BAM=aligned.bam \
  UNMAPPED_BAM=/cromwell-executions/WholeGenomeGermlineSingleSample/32774cc6-b120-4b08-a694-107abb6e2242/call-UnmappedBamToAlignedBam/UnmappedBamToAlignedBam/ee05efaf-d4d4-4fe3-a6c6-c05d6c1e5173/call-SplitRG/shard-0/SplitLargeReadGroup/a39188f4-58a3-4987-ac11-0a144b7e746f/call-SamToFastqAndDragmapAndMba/shard-23/inputs/1105413507/shard_0024.bam \
  OUTPUT=shard_0024.bam \
  REFERENCE_SEQUENCE=/cromwell-executions/WholeGenomeGermlineSingleSample/32774cc6-b120-4b08-a694-107abb6e2242/call-UnmappedBamToAlignedBam/UnmappedBamToAlignedBam/ee05efaf-d4d4-4fe3-a6c6-c05d6c1e5173/call-SplitRG/shard-0/SplitLargeReadGroup/a39188f4-58a3-4987-ac11-0a144b7e746f/call-SamToFastqAndDragmapAndMba/shard-23/inputs/-1569105944/Homo_sapiens_assembly38_masked.fasta \
  PAIRED_RUN=true \
  SORT_ORDER="unsorted" \
  IS_BISULFITE_SEQUENCE=false \
  ALIGNED_READS_ONLY=false \
  CLIP_ADAPTERS=false \
   \
   \
  MAX_RECORDS_IN_RAM=2000000 \
  ADD_MATE_CIGAR=true \
  MAX_INSERTIONS_OR_DELETIONS=-1 \
  PRIMARY_ALIGNMENT_STRATEGY=MostDistant \
  PROGRAM_RECORD_ID="dragen-os" \
  PROGRAM_GROUP_VERSION="${DRAGMAP_VERSION}" \
  PROGRAM_GROUP_COMMAND_LINE="dragen-os -b /cromwell-executions/WholeGenomeGermlineSingleSample/32774cc6-b120-4b08-a694-107abb6e2242/call-UnmappedBamToAlignedBam/UnmappedBamToAlignedBam/ee05efaf-d4d4-4fe3-a6c6-c05d6c1e5173/call-SplitRG/shard-0/SplitLargeReadGroup/a39188f4-58a3-4987-ac11-0a144b7e746f/call-SamToFastqAndDragmapAndMba/shard-23/inputs/1105413507/shard_0024.bam -r dragen_reference --interleaved=1" \
  PROGRAM_GROUP_NAME="dragen-os" \
  UNMAPPED_READ_STRATEGY=COPY_TO_TAG \
  ALIGNER_PROPER_PAIR_FLAGS=true \
  UNMAP_CONTAMINANT_READS=true \
  ADD_PG_TAG_TO_READS=false[0m
rm -f /mnt/nas1/projects/lasr/blendseq/warp-pipelines/warp-gatk-germline-single-sample-pipeline-master/tmp/14743852445737874576/cromwell-executions/WholeGenomeGermlineSingleSample/32774cc6-b120-4b08-a694-107abb6e2242/call-UnmappedBamToAlignedBam/UnmappedBamToAlignedBam/ee05efaf-d4d4-4fe3-a6c6-c05d6c1e5173/call-SplitRG/shard-0/SplitLargeReadGroup/a39188f4-58a3-4987-ac11-0a144b7e746f/call-SamToFastqAndDragmapAndMba/shard-23/execution/docker_cid
# run as in the original configuration without --rm flag (will remove later)
docker run \
  --cidfile /mnt/nas1/projects/lasr/blendseq/warp-pipelines/warp-gatk-germline-single-sample-pipeline-master/tmp/14743852445737874576/cromwell-executions/WholeGenomeGermlineSingleSample/32774cc6-b120-4b08-a694-107abb6e2242/call-UnmappedBamToAlignedBam/UnmappedBamToAlignedBam/ee05efaf-d4d4-4fe3-a6c6-c05d6c1e5173/call-SplitRG/shard-0/SplitLargeReadGroup/a39188f4-58a3-4987-ac11-0a144b7e746f/call-SamToFastqAndDragmapAndMba/shard-23/execution/docker_cid \
  -i \
  --user 1027:1028 \
  --cpus="64" \
  --memory="204800M" \
  --entrypoint /bin/bash \
  -v /mnt/nas1/projects/lasr/blendseq/warp-pipelines/warp-gatk-germline-single-sample-pipeline-master/tmp/14743852445737874576/cromwell-executions/WholeGenomeGermlineSingleSample/32774cc6-b120-4b08-a694-107abb6e2242/call-UnmappedBamToAlignedBam/UnmappedBamToAlignedBam/ee05efaf-d4d4-4fe3-a6c6-c05d6c1e5173/call-SplitRG/shard-0/SplitLargeReadGroup/a39188f4-58a3-4987-ac11-0a144b7e746f/call-SamToFastqAndDragmapAndMba/shard-23:/cromwell-executions/WholeGenomeGermlineSingleSample/32774cc6-b120-4b08-a694-107abb6e2242/call-UnmappedBamToAlignedBam/UnmappedBamToAlignedBam/ee05efaf-d4d4-4fe3-a6c6-c05d6c1e5173/call-SplitRG/shard-0/SplitLargeReadGroup/a39188f4-58a3-4987-ac11-0a144b7e746f/call-SamToFastqAndDragmapAndMba/shard-23 \
  us.gcr.io/broad-gotc-prod/dragmap@sha256:5964afca3e4173c33b11100f68c1a44642e0ff2ee4de5a49d8cd446fef308b23 /cromwell-executions/WholeGenomeGermlineSingleSample/32774cc6-b120-4b08-a694-107abb6e2242/call-UnmappedBamToAlignedBam/UnmappedBamToAlignedBam/ee05efaf-d4d4-4fe3-a6c6-c05d6c1e5173/call-SplitRG/shard-0/SplitLargeReadGroup/a39188f4-58a3-4987-ac11-0a144b7e746f/call-SamToFastqAndDragmapAndMba/shard-23/execution/script

# get the return code (working even if the container was detached)
rc=$(docker wait [38;5;5mcat /mnt/nas1/projects/lasr/blendseq/warp-pipelines/warp-gatk-germline-single-sample-pipeline-master/tmp/14743852445737874576/cromwell-executions/WholeGenomeGermlineSingleSample/32774cc6-b120-4b08-a694-107abb6e2242/call-UnmappedBamToAlignedBam/UnmappedBamToAlignedBam/ee05efaf-d4d4-4fe3-a6c6-c05d6c1e5173/call-SplitRG/shard-0/SplitLargeReadGroup/a39188f4-58a3-4987-ac11-0a144b7e746f/call-SamToFastqAndDragmapAndMba/shard-23/execution/docker_cid[0m)

# remove the container after waiting
docker rm [38;5;5mcat /mnt/nas1/projects/lasr/blendseq/warp-pipelines/warp-gatk-germline-single-sample-pipeline-master/tmp/14743852445737874576/cromwell-executions/WholeGenomeGermlineSingleSample/32774cc6-b120-4b08-a694-107abb6e2242/call-UnmappedBamToAlignedBam/UnmappedBamToAlignedBam/ee05efaf-d4d4-4fe3-a6c6-c05d6c1e5173/call-SplitRG/shard-0/SplitLargeReadGroup/a39188f4-58a3-4987-ac11-0a144b7e746f/call-SamToFastqAndDragmapAndMba/shard-23/execution/docker_cid[0m

# return exit code
exit $rc

# Job GatherBamFiles (unsorted BAM files)

  GatherBamFiles \
  INPUT=/cromwell-executions/WholeGenomeGermlineSingleSample/32774cc6-b120-4b08-a694-107abb6e2242/call-UnmappedBamToAlignedBam/UnmappedBamToAlignedBam/ee05efaf-d4d4-4fe3-a6c6-c05d6c1e5173/call-SplitRG/shard-0/SplitLargeReadGroup/a39188f4-58a3-4987-ac11-0a144b7e746f/call-GatherMonolithicBamFile/inputs/-19183023/shard_0001.bam INPUT=/cromwell-executions/WholeGenomeGermlineSingleSample/32774cc6-b120-4b08-a694-107abb6e2242/call-UnmappedBamToAlignedBam/UnmappedBamToAlignedBam/ee05efaf-d4d4-4fe3-a6c6-c05d6c1e5173/call-SplitRG/shard-0/SplitLargeReadGroup/a39188f4-58a3-4987-ac11-0a144b7e746f/call-GatherMonolithicBamFile/inputs/-1816134382/shard_0002.bam INPUT=/cromwell-executions/WholeGenomeGermlineSingleSample/32774cc6-b120-4b08-a694-107abb6e2242/call-UnmappedBamToAlignedBam/UnmappedBamToAlignedBam/ee05efaf-d4d4-4fe3-a6c6-c05d6c1e5173/call-SplitRG/shard-0/SplitLargeReadGroup/a39188f4-58a3-4987-ac11-0a144b7e746f/call-GatherMonolithicBamFile/inputs/681881555/shard_0003.bam INPUT=/cromwell-executions/WholeGenomeGermlineSingleSample/32774cc6-b120-4b08-a694-107abb6e2242/call-UnmappedBamToAlignedBam/UnmappedBamToAlignedBam/ee05efaf-d4d4-4fe3-a6c6-c05d6c1e5173/call-SplitRG/shard-0/SplitLargeReadGroup/a39188f4-58a3-4987-ac11-0a144b7e746f/call-GatherMonolithicBamFile/inputs/-1115069804/shard_0004.bam INPUT=/cromwell-executions/WholeGenomeGermlineSingleSample/32774cc6-b120-4b08-a694-107abb6e2242/call-UnmappedBamToAlignedBam/UnmappedBamToAlignedBam/ee05efaf-d4d4-4fe3-a6c6-c05d6c1e5173/call-SplitRG/shard-0/SplitLargeReadGroup/a39188f4-58a3-4987-ac11-0a144b7e746f/call-GatherMonolithicBamFile/inputs/1382946133/shard_0005.bam INPUT=/cromwell-executions/WholeGenomeGermlineSingleSample/32774cc6-b120-4b08-a694-107abb6e2242/call-UnmappedBamToAlignedBam/UnmappedBamToAlignedBam/ee05efaf-d4d4-4fe3-a6c6-c05d6c1e5173/call-SplitRG/shard-0/SplitLargeReadGroup/a39188f4-58a3-4987-ac11-0a144b7e746f/call-GatherMonolithicBamFile/inputs/-414005226/shard_0006.bam INPUT=/cromwell-executions/WholeGenomeGermlineSingleSample/32774cc6-b120-4b08-a694-107abb6e2242/call-UnmappedBamToAlignedBam/UnmappedBamToAlignedBam/ee05efaf-d4d4-4fe3-a6c6-c05d6c1e5173/call-SplitRG/shard-0/SplitLargeReadGroup/a39188f4-58a3-4987-ac11-0a144b7e746f/call-GatherMonolithicBamFile/inputs/2084010711/shard_0007.bam INPUT=/cromwell-executions/WholeGenomeGermlineSingleSample/32774cc6-b120-4b08-a694-107abb6e2242/call-UnmappedBamToAlignedBam/UnmappedBamToAlignedBam/ee05efaf-d4d4-4fe3-a6c6-c05d6c1e5173/call-SplitRG/shard-0/SplitLargeReadGroup/a39188f4-58a3-4987-ac11-0a144b7e746f/call-GatherMonolithicBamFile/inputs/287059352/shard_0008.bam INPUT=/cromwell-executions/WholeGenomeGermlineSingleSample/32774cc6-b120-4b08-a694-107abb6e2242/call-UnmappedBamToAlignedBam/UnmappedBamToAlignedBam/ee05efaf-d4d4-4fe3-a6c6-c05d6c1e5173/call-SplitRG/shard-0/SplitLargeReadGroup/a39188f4-58a3-4987-ac11-0a144b7e746f/call-GatherMonolithicBamFile/inputs/-1509892007/shard_0009.bam INPUT=/cromwell-executions/WholeGenomeGermlineSingleSample/32774cc6-b120-4b08-a694-107abb6e2242/call-UnmappedBamToAlignedBam/UnmappedBamToAlignedBam/ee05efaf-d4d4-4fe3-a6c6-c05d6c1e5173/call-SplitRG/shard-0/SplitLargeReadGroup/a39188f4-58a3-4987-ac11-0a144b7e746f/call-GatherMonolithicBamFile/inputs/988123930/shard_0010.bam INPUT=/cromwell-executions/WholeGenomeGermlineSingleSample/32774cc6-b120-4b08-a694-107abb6e2242/call-UnmappedBamToAlignedBam/UnmappedBamToAlignedBam/ee05efaf-d4d4-4fe3-a6c6-c05d6c1e5173/call-SplitRG/shard-0/SplitLargeReadGroup/a39188f4-58a3-4987-ac11-0a144b7e746f/call-GatherMonolithicBamFile/inputs/-244265008/shard_0011.bam INPUT=/cromwell-executions/WholeGenomeGermlineSingleSample/32774cc6-b120-4b08-a694-107abb6e2242/call-UnmappedBamToAlignedBam/UnmappedBamToAlignedBam/ee05efaf-d4d4-4fe3-a6c6-c05d6c1e5173/call-SplitRG/shard-0/SplitLargeReadGroup/a39188f4-58a3-4987-ac11-0a144b7e746f/call-GatherMonolithicBamFile/inputs/-2041216367/shard_0012.bam INPUT=/cromwell-executions/WholeGenomeGermlineSingleSample/32774cc6-b120-4b08-a694-107abb6e2242/call-UnmappedBamToAlignedBam/UnmappedBamToAlignedBam/ee05efaf-d4d4-4fe3-a6c6-c05d6c1e5173/call-SplitRG/shard-0/SplitLargeReadGroup/a39188f4-58a3-4987-ac11-0a144b7e746f/call-GatherMonolithicBamFile/inputs/456799570/shard_0013.bam INPUT=/cromwell-executions/WholeGenomeGermlineSingleSample/32774cc6-b120-4b08-a694-107abb6e2242/call-UnmappedBamToAlignedBam/UnmappedBamToAlignedBam/ee05efaf-d4d4-4fe3-a6c6-c05d6c1e5173/call-SplitRG/shard-0/SplitLargeReadGroup/a39188f4-58a3-4987-ac11-0a144b7e746f/call-GatherMonolithicBamFile/inputs/-1340151789/shard_0014.bam INPUT=/cromwell-executions/WholeGenomeGermlineSingleSample/32774cc6-b120-4b08-a694-107abb6e2242/call-UnmappedBamToAlignedBam/UnmappedBamToAlignedBam/ee05efaf-d4d4-4fe3-a6c6-c05d6c1e5173/call-SplitRG/shard-0/SplitLargeReadGroup/a39188f4-58a3-4987-ac11-0a144b7e746f/call-GatherMonolithicBamFile/inputs/1157864148/shard_0015.bam INPUT=/cromwell-executions/WholeGenomeGermlineSingleSample/32774cc6-b120-4b08-a694-107abb6e2242/call-UnmappedBamToAlignedBam/UnmappedBamToAlignedBam/ee05efaf-d4d4-4fe3-a6c6-c05d6c1e5173/call-SplitRG/shard-0/SplitLargeReadGroup/a39188f4-58a3-4987-ac11-0a144b7e746f/call-GatherMonolithicBamFile/inputs/-639087211/shard_0016.bam INPUT=/cromwell-executions/WholeGenomeGermlineSingleSample/32774cc6-b120-4b08-a694-107abb6e2242/call-UnmappedBamToAlignedBam/UnmappedBamToAlignedBam/ee05efaf-d4d4-4fe3-a6c6-c05d6c1e5173/call-SplitRG/shard-0/SplitLargeReadGroup/a39188f4-58a3-4987-ac11-0a144b7e746f/call-GatherMonolithicBamFile/inputs/1858928726/shard_0017.bam INPUT=/cromwell-executions/WholeGenomeGermlineSingleSample/32774cc6-b120-4b08-a694-107abb6e2242/call-UnmappedBamToAlignedBam/UnmappedBamToAlignedBam/ee05efaf-d4d4-4fe3-a6c6-c05d6c1e5173/call-SplitRG/shard-0/SplitLargeReadGroup/a39188f4-58a3-4987-ac11-0a144b7e746f/call-GatherMonolithicBamFile/inputs/61977367/shard_0018.bam INPUT=/cromwell-executions/WholeGenomeGermlineSingleSample/32774cc6-b120-4b08-a694-107abb6e2242/call-UnmappedBamToAlignedBam/UnmappedBamToAlignedBam/ee05efaf-d4d4-4fe3-a6c6-c05d6c1e5173/call-SplitRG/shard-0/SplitLargeReadGroup/a39188f4-58a3-4987-ac11-0a144b7e746f/call-GatherMonolithicBamFile/inputs/-1734973992/shard_0019.bam INPUT=/cromwell-executions/WholeGenomeGermlineSingleSample/32774cc6-b120-4b08-a694-107abb6e2242/call-UnmappedBamToAlignedBam/UnmappedBamToAlignedBam/ee05efaf-d4d4-4fe3-a6c6-c05d6c1e5173/call-SplitRG/shard-0/SplitLargeReadGroup/a39188f4-58a3-4987-ac11-0a144b7e746f/call-GatherMonolithicBamFile/inputs/763041945/shard_0020.bam INPUT=/cromwell-executions/WholeGenomeGermlineSingleSample/32774cc6-b120-4b08-a694-107abb6e2242/call-UnmappedBamToAlignedBam/UnmappedBamToAlignedBam/ee05efaf-d4d4-4fe3-a6c6-c05d6c1e5173/call-SplitRG/shard-0/SplitLargeReadGroup/a39188f4-58a3-4987-ac11-0a144b7e746f/call-GatherMonolithicBamFile/inputs/-115182289/shard_0021.bam INPUT=/cromwell-executions/WholeGenomeGermlineSingleSample/32774cc6-b120-4b08-a694-107abb6e2242/call-UnmappedBamToAlignedBam/UnmappedBamToAlignedBam/ee05efaf-d4d4-4fe3-a6c6-c05d6c1e5173/call-SplitRG/shard-0/SplitLargeReadGroup/a39188f4-58a3-4987-ac11-0a144b7e746f/call-GatherMonolithicBamFile/inputs/-1912133648/shard_0022.bam INPUT=/cromwell-executions/WholeGenomeGermlineSingleSample/32774cc6-b120-4b08-a694-107abb6e2242/call-UnmappedBamToAlignedBam/UnmappedBamToAlignedBam/ee05efaf-d4d4-4fe3-a6c6-c05d6c1e5173/call-SplitRG/shard-0/SplitLargeReadGroup/a39188f4-58a3-4987-ac11-0a144b7e746f/call-GatherMonolithicBamFile/inputs/585882289/shard_0023.bam INPUT=/cromwell-executions/WholeGenomeGermlineSingleSample/32774cc6-b120-4b08-a694-107abb6e2242/call-UnmappedBamToAlignedBam/UnmappedBamToAlignedBam/ee05efaf-d4d4-4fe3-a6c6-c05d6c1e5173/call-SplitRG/shard-0/SplitLargeReadGroup/a39188f4-58a3-4987-ac11-0a144b7e746f/call-GatherMonolithicBamFile/inputs/-1211069070/shard_0024.bam INPUT=/cromwell-executions/WholeGenomeGermlineSingleSample/32774cc6-b120-4b08-a694-107abb6e2242/call-UnmappedBamToAlignedBam/UnmappedBamToAlignedBam/ee05efaf-d4d4-4fe3-a6c6-c05d6c1e5173/call-SplitRG/shard-0/SplitLargeReadGroup/a39188f4-58a3-4987-ac11-0a144b7e746f/call-GatherMonolithicBamFile/inputs/1286946867/shard_0025.bam INPUT=/cromwell-executions/WholeGenomeGermlineSingleSample/32774cc6-b120-4b08-a694-107abb6e2242/call-UnmappedBamToAlignedBam/UnmappedBamToAlignedBam/ee05efaf-d4d4-4fe3-a6c6-c05d6c1e5173/call-SplitRG/shard-0/SplitLargeReadGroup/a39188f4-58a3-4987-ac11-0a144b7e746f/call-GatherMonolithicBamFile/inputs/-510004492/shard_0026.bam INPUT=/cromwell-executions/WholeGenomeGermlineSingleSample/32774cc6-b120-4b08-a694-107abb6e2242/call-UnmappedBamToAlignedBam/UnmappedBamToAlignedBam/ee05efaf-d4d4-4fe3-a6c6-c05d6c1e5173/call-SplitRG/shard-0/SplitLargeReadGroup/a39188f4-58a3-4987-ac11-0a144b7e746f/call-GatherMonolithicBamFile/inputs/1988011445/shard_0027.bam INPUT=/cromwell-executions/WholeGenomeGermlineSingleSample/32774cc6-b120-4b08-a694-107abb6e2242/call-UnmappedBamToAlignedBam/UnmappedBamToAlignedBam/ee05efaf-d4d4-4fe3-a6c6-c05d6c1e5173/call-SplitRG/shard-0/SplitLargeReadGroup/a39188f4-58a3-4987-ac11-0a144b7e746f/call-GatherMonolithicBamFile/inputs/191060086/shard_0028.bam INPUT=/cromwell-executions/WholeGenomeGermlineSingleSample/32774cc6-b120-4b08-a694-107abb6e2242/call-UnmappedBamToAlignedBam/UnmappedBamToAlignedBam/ee05efaf-d4d4-4fe3-a6c6-c05d6c1e5173/call-SplitRG/shard-0/SplitLargeReadGroup/a39188f4-58a3-4987-ac11-0a144b7e746f/call-GatherMonolithicBamFile/inputs/-1605891273/shard_0029.bam INPUT=/cromwell-executions/WholeGenomeGermlineSingleSample/32774cc6-b120-4b08-a694-107abb6e2242/call-UnmappedBamToAlignedBam/UnmappedBamToAlignedBam/ee05efaf-d4d4-4fe3-a6c6-c05d6c1e5173/call-SplitRG/shard-0/SplitLargeReadGroup/a39188f4-58a3-4987-ac11-0a144b7e746f/call-GatherMonolithicBamFile/inputs/892124664/shard_0030.bam INPUT=/cromwell-executions/WholeGenomeGermlineSingleSample/32774cc6-b120-4b08-a694-107abb6e2242/call-UnmappedBamToAlignedBam/UnmappedBamToAlignedBam/ee05efaf-d4d4-4fe3-a6c6-c05d6c1e5173/call-SplitRG/shard-0/SplitLargeReadGroup/a39188f4-58a3-4987-ac11-0a144b7e746f/call-GatherMonolithicBamFile/inputs/13900430/shard_0031.bam INPUT=/cromwell-executions/WholeGenomeGermlineSingleSample/32774cc6-b120-4b08-a694-107abb6e2242/call-UnmappedBamToAlignedBam/UnmappedBamToAlignedBam/ee05efaf-d4d4-4fe3-a6c6-c05d6c1e5173/call-SplitRG/shard-0/SplitLargeReadGroup/a39188f4-58a3-4987-ac11-0a144b7e746f/call-GatherMonolithicBamFile/inputs/-1783050929/shard_0032.bam INPUT=/cromwell-executions/WholeGenomeGermlineSingleSample/32774cc6-b120-4b08-a694-107abb6e2242/call-UnmappedBamToAlignedBam/UnmappedBamToAlignedBam/ee05efaf-d4d4-4fe3-a6c6-c05d6c1e5173/call-SplitRG/shard-0/SplitLargeReadGroup/a39188f4-58a3-4987-ac11-0a144b7e746f/call-GatherMonolithicBamFile/inputs/714965008/shard_0033.bam \
  OUTPUT=ERR3684866_ILMN.aligned.unsorted.bam \
  CREATE_INDEX=false \
  CREATE_MD5_FILE=false[0m
rm -f /mnt/nas1/projects/lasr/blendseq/warp-pipelines/warp-gatk-germline-single-sample-pipeline-master/tmp/14743852445737874576/cromwell-executions/WholeGenomeGermlineSingleSample/32774cc6-b120-4b08-a694-107abb6e2242/call-UnmappedBamToAlignedBam/UnmappedBamToAlignedBam/ee05efaf-d4d4-4fe3-a6c6-c05d6c1e5173/call-SplitRG/shard-0/SplitLargeReadGroup/a39188f4-58a3-4987-ac11-0a144b7e746f/call-GatherMonolithicBamFile/execution/docker_cid
# run as in the original configuration without --rm flag (will remove later)
docker run \
  --cidfile /mnt/nas1/projects/lasr/blendseq/warp-pipelines/warp-gatk-germline-single-sample-pipeline-master/tmp/14743852445737874576/cromwell-executions/WholeGenomeGermlineSingleSample/32774cc6-b120-4b08-a694-107abb6e2242/call-UnmappedBamToAlignedBam/UnmappedBamToAlignedBam/ee05efaf-d4d4-4fe3-a6c6-c05d6c1e5173/call-SplitRG/shard-0/SplitLargeReadGroup/a39188f4-58a3-4987-ac11-0a144b7e746f/call-GatherMonolithicBamFile/execution/docker_cid \
  -i \
  --user 1027:1028 \
  --cpus="64" \
  --memory="204800M" \
  --entrypoint /bin/bash \
  -v /mnt/nas1/projects/lasr/blendseq/warp-pipelines/warp-gatk-germline-single-sample-pipeline-master/tmp/14743852445737874576/cromwell-executions/WholeGenomeGermlineSingleSample/32774cc6-b120-4b08-a694-107abb6e2242/call-UnmappedBamToAlignedBam/UnmappedBamToAlignedBam/ee05efaf-d4d4-4fe3-a6c6-c05d6c1e5173/call-SplitRG/shard-0/SplitLargeReadGroup/a39188f4-58a3-4987-ac11-0a144b7e746f/call-GatherMonolithicBamFile:/cromwell-executions/WholeGenomeGermlineSingleSample/32774cc6-b120-4b08-a694-107abb6e2242/call-UnmappedBamToAlignedBam/UnmappedBamToAlignedBam/ee05efaf-d4d4-4fe3-a6c6-c05d6c1e5173/call-SplitRG/shard-0/SplitLargeReadGroup/a39188f4-58a3-4987-ac11-0a144b7e746f/call-GatherMonolithicBamFile \
  us.gcr.io/broad-gotc-prod/picard-cloud@sha256:e5ad5339080c3107c04e4a4d000b8ab06f472b77019debc3ff75499d28995b0c /cromwell-executions/WholeGenomeGermlineSingleSample/32774cc6-b120-4b08-a694-107abb6e2242/call-UnmappedBamToAlignedBam/UnmappedBamToAlignedBam/ee05efaf-d4d4-4fe3-a6c6-c05d6c1e5173/call-SplitRG/shard-0/SplitLargeReadGroup/a39188f4-58a3-4987-ac11-0a144b7e746f/call-GatherMonolithicBamFile/execution/script

# get the return code (working even if the container was detached)
rc=$(docker wait [38;5;5mcat /mnt/nas1/projects/lasr/blendseq/warp-pipelines/warp-gatk-germline-single-sample-pipeline-master/tmp/14743852445737874576/cromwell-executions/WholeGenomeGermlineSingleSample/32774cc6-b120-4b08-a694-107abb6e2242/call-UnmappedBamToAlignedBam/UnmappedBamToAlignedBam/ee05efaf-d4d4-4fe3-a6c6-c05d6c1e5173/call-SplitRG/shard-0/SplitLargeReadGroup/a39188f4-58a3-4987-ac11-0a144b7e746f/call-GatherMonolithicBamFile/execution/docker_cid[0m)

# remove the container after waiting
docker rm [38;5;5mcat /mnt/nas1/projects/lasr/blendseq/warp-pipelines/warp-gatk-germline-single-sample-pipeline-master/tmp/14743852445737874576/cromwell-executions/WholeGenomeGermlineSingleSample/32774cc6-b120-4b08-a694-107abb6e2242/call-UnmappedBamToAlignedBam/UnmappedBamToAlignedBam/ee05efaf-d4d4-4fe3-a6c6-c05d6c1e5173/call-SplitRG/shard-0/SplitLargeReadGroup/a39188f4-58a3-4987-ac11-0a144b7e746f/call-GatherMonolithicBamFile/execution/docker_cid[0m

# return exit code
exit $rc
{
  "SplitLargeReadGroup.aligned_bam": "/mnt/nas1/projects/lasr/blendseq/warp-pipelines/warp-gatk-germline-single-sample-pipeline-master/tmp/14743852445737874576/cromwell-executions/WholeGenomeGermlineSingleSample/32774cc6-b120-4b08-a694-107abb6e2242/call-UnmappedBamToAlignedBam/UnmappedBamToAlignedBam/ee05efaf-d4d4-4fe3-a6c6-c05d6c1e5173/call-SplitRG/shard-0/SplitLargeReadGroup/a39188f4-58a3-4987-ac11-0a144b7e746f/call-GatherMonolithicBamFile/execution/ERR3684866_ILMN.aligned.unsorted.bam"
}

# Job CollectMultipleMetrics (aligned, unsorted) 

  CollectMultipleMetrics \
  INPUT=/cromwell-executions/WholeGenomeGermlineSingleSample/32774cc6-b120-4b08-a694-107abb6e2242/call-UnmappedBamToAlignedBam/UnmappedBamToAlignedBam/ee05efaf-d4d4-4fe3-a6c6-c05d6c1e5173/call-CollectUnsortedReadgroupBamQualityMetrics/shard-0/inputs/650047893/ERR3684866_ILMN.aligned.unsorted.bam \
  OUTPUT=ERR3684866_ILMN.readgroup \
  ASSUME_SORTED=true \
  PROGRAM=null \
  PROGRAM=CollectBaseDistributionByCycle \
  PROGRAM=CollectInsertSizeMetrics \
  PROGRAM=MeanQualityByCycle \
  PROGRAM=QualityScoreDistribution \
  METRIC_ACCUMULATION_LEVEL=null \
  METRIC_ACCUMULATION_LEVEL=ALL_READS

touch ERR3684866_ILMN.readgroup.insert_size_metrics
touch ERR3684866_ILMN.readgroup.insert_size_histogram.pdf[0m
rm -f /mnt/nas1/projects/lasr/blendseq/warp-pipelines/warp-gatk-germline-single-sample-pipeline-master/tmp/14743852445737874576/cromwell-executions/WholeGenomeGermlineSingleSample/32774cc6-b120-4b08-a694-107abb6e2242/call-UnmappedBamToAlignedBam/UnmappedBamToAlignedBam/ee05efaf-d4d4-4fe3-a6c6-c05d6c1e5173/call-CollectUnsortedReadgroupBamQualityMetrics/shard-0/execution/docker_cid
# run as in the original configuration without --rm flag (will remove later)
docker run \
  --cidfile /mnt/nas1/projects/lasr/blendseq/warp-pipelines/warp-gatk-germline-single-sample-pipeline-master/tmp/14743852445737874576/cromwell-executions/WholeGenomeGermlineSingleSample/32774cc6-b120-4b08-a694-107abb6e2242/call-UnmappedBamToAlignedBam/UnmappedBamToAlignedBam/ee05efaf-d4d4-4fe3-a6c6-c05d6c1e5173/call-CollectUnsortedReadgroupBamQualityMetrics/shard-0/execution/docker_cid \
  -i \
  --user 1027:1028 \
  --cpus="64" \
  --memory="204800M" \
  --entrypoint /bin/bash \
  -v /mnt/nas1/projects/lasr/blendseq/warp-pipelines/warp-gatk-germline-single-sample-pipeline-master/tmp/14743852445737874576/cromwell-executions/WholeGenomeGermlineSingleSample/32774cc6-b120-4b08-a694-107abb6e2242/call-UnmappedBamToAlignedBam/UnmappedBamToAlignedBam/ee05efaf-d4d4-4fe3-a6c6-c05d6c1e5173/call-CollectUnsortedReadgroupBamQualityMetrics/shard-0:/cromwell-executions/WholeGenomeGermlineSingleSample/32774cc6-b120-4b08-a694-107abb6e2242/call-UnmappedBamToAlignedBam/UnmappedBamToAlignedBam/ee05efaf-d4d4-4fe3-a6c6-c05d6c1e5173/call-CollectUnsortedReadgroupBamQualityMetrics/shard-0 \
  us.gcr.io/broad-gotc-prod/picard-cloud@sha256:e5ad5339080c3107c04e4a4d000b8ab06f472b77019debc3ff75499d28995b0c /cromwell-executions/WholeGenomeGermlineSingleSample/32774cc6-b120-4b08-a694-107abb6e2242/call-UnmappedBamToAlignedBam/UnmappedBamToAlignedBam/ee05efaf-d4d4-4fe3-a6c6-c05d6c1e5173/call-CollectUnsortedReadgroupBamQualityMetrics/shard-0/execution/script

# get the return code (working even if the container was detached)
rc=$(docker wait [38;5;5mcat /mnt/nas1/projects/lasr/blendseq/warp-pipelines/warp-gatk-germline-single-sample-pipeline-master/tmp/14743852445737874576/cromwell-executions/WholeGenomeGermlineSingleSample/32774cc6-b120-4b08-a694-107abb6e2242/call-UnmappedBamToAlignedBam/UnmappedBamToAlignedBam/ee05efaf-d4d4-4fe3-a6c6-c05d6c1e5173/call-CollectUnsortedReadgroupBamQualityMetrics/shard-0/execution/docker_cid[0m)

# remove the container after waiting
docker rm [38;5;5mcat /mnt/nas1/projects/lasr/blendseq/warp-pipelines/warp-gatk-germline-single-sample-pipeline-master/tmp/14743852445737874576/cromwell-executions/WholeGenomeGermlineSingleSample/32774cc6-b120-4b08-a694-107abb6e2242/call-UnmappedBamToAlignedBam/UnmappedBamToAlignedBam/ee05efaf-d4d4-4fe3-a6c6-c05d6c1e5173/call-CollectUnsortedReadgroupBamQualityMetrics/shard-0/execution/docker_cid[0m

# return exit code
exit $rc

# Job MarkDuplicates 

  MarkDuplicates \
  INPUT=/cromwell-executions/WholeGenomeGermlineSingleSample/32774cc6-b120-4b08-a694-107abb6e2242/call-UnmappedBamToAlignedBam/UnmappedBamToAlignedBam/ee05efaf-d4d4-4fe3-a6c6-c05d6c1e5173/call-MarkDuplicates/inputs/650047893/ERR3684866_ILMN.aligned.unsorted.bam \
  OUTPUT=ERR3684866_ILMN.aligned.unsorted.duplicates_marked.bam \
  METRICS_FILE=ERR3684866_ILMN.duplicate_metrics \
  VALIDATION_STRINGENCY=SILENT \
   \
   \
  OPTICAL_DUPLICATE_PIXEL_DISTANCE=2500 \
  ASSUME_SORT_ORDER="queryname" \
  CLEAR_DT="false" \
  ADD_PG_TAG_TO_READS=false[0m
rm -f /mnt/nas1/projects/lasr/blendseq/warp-pipelines/warp-gatk-germline-single-sample-pipeline-master/tmp/14743852445737874576/cromwell-executions/WholeGenomeGermlineSingleSample/32774cc6-b120-4b08-a694-107abb6e2242/call-UnmappedBamToAlignedBam/UnmappedBamToAlignedBam/ee05efaf-d4d4-4fe3-a6c6-c05d6c1e5173/call-MarkDuplicates/execution/docker_cid
# run as in the original configuration without --rm flag (will remove later)
docker run \
  --cidfile /mnt/nas1/projects/lasr/blendseq/warp-pipelines/warp-gatk-germline-single-sample-pipeline-master/tmp/14743852445737874576/cromwell-executions/WholeGenomeGermlineSingleSample/32774cc6-b120-4b08-a694-107abb6e2242/call-UnmappedBamToAlignedBam/UnmappedBamToAlignedBam/ee05efaf-d4d4-4fe3-a6c6-c05d6c1e5173/call-MarkDuplicates/execution/docker_cid \
  -i \
  --user 1027:1028 \
  --cpus="64" \
  --memory="204800M" \
  --entrypoint /bin/bash \
  -v /mnt/nas1/projects/lasr/blendseq/warp-pipelines/warp-gatk-germline-single-sample-pipeline-master/tmp/14743852445737874576/cromwell-executions/WholeGenomeGermlineSingleSample/32774cc6-b120-4b08-a694-107abb6e2242/call-UnmappedBamToAlignedBam/UnmappedBamToAlignedBam/ee05efaf-d4d4-4fe3-a6c6-c05d6c1e5173/call-MarkDuplicates:/cromwell-executions/WholeGenomeGermlineSingleSample/32774cc6-b120-4b08-a694-107abb6e2242/call-UnmappedBamToAlignedBam/UnmappedBamToAlignedBam/ee05efaf-d4d4-4fe3-a6c6-c05d6c1e5173/call-MarkDuplicates \
  us.gcr.io/broad-gotc-prod/picard-cloud@sha256:e5ad5339080c3107c04e4a4d000b8ab06f472b77019debc3ff75499d28995b0c /cromwell-executions/WholeGenomeGermlineSingleSample/32774cc6-b120-4b08-a694-107abb6e2242/call-UnmappedBamToAlignedBam/UnmappedBamToAlignedBam/ee05efaf-d4d4-4fe3-a6c6-c05d6c1e5173/call-MarkDuplicates/execution/script

# get the return code (working even if the container was detached)
rc=$(docker wait [38;5;5mcat /mnt/nas1/projects/lasr/blendseq/warp-pipelines/warp-gatk-germline-single-sample-pipeline-master/tmp/14743852445737874576/cromwell-executions/WholeGenomeGermlineSingleSample/32774cc6-b120-4b08-a694-107abb6e2242/call-UnmappedBamToAlignedBam/UnmappedBamToAlignedBam/ee05efaf-d4d4-4fe3-a6c6-c05d6c1e5173/call-MarkDuplicates/execution/docker_cid[0m)

# remove the container after waiting
docker rm [38;5;5mcat /mnt/nas1/projects/lasr/blendseq/warp-pipelines/warp-gatk-germline-single-sample-pipeline-master/tmp/14743852445737874576/cromwell-executions/WholeGenomeGermlineSingleSample/32774cc6-b120-4b08-a694-107abb6e2242/call-UnmappedBamToAlignedBam/UnmappedBamToAlignedBam/ee05efaf-d4d4-4fe3-a6c6-c05d6c1e5173/call-MarkDuplicates/execution/docker_cid[0m

# return exit code
exit $rc

# Job SortSam 

  SortSam \
  INPUT=/cromwell-executions/WholeGenomeGermlineSingleSample/32774cc6-b120-4b08-a694-107abb6e2242/call-UnmappedBamToAlignedBam/UnmappedBamToAlignedBam/ee05efaf-d4d4-4fe3-a6c6-c05d6c1e5173/call-SortSampleBam/inputs/1277689788/ERR3684866_ILMN.aligned.unsorted.duplicates_marked.bam \
  OUTPUT=ERR3684866_ILMN.aligned.duplicate_marked.sorted.bam \
  SORT_ORDER="coordinate" \
  CREATE_INDEX=true \
  CREATE_MD5_FILE=true \
  MAX_RECORDS_IN_RAM=300000[0m
rm -f /mnt/nas1/projects/lasr/blendseq/warp-pipelines/warp-gatk-germline-single-sample-pipeline-master/tmp/14743852445737874576/cromwell-executions/WholeGenomeGermlineSingleSample/32774cc6-b120-4b08-a694-107abb6e2242/call-UnmappedBamToAlignedBam/UnmappedBamToAlignedBam/ee05efaf-d4d4-4fe3-a6c6-c05d6c1e5173/call-SortSampleBam/execution/docker_cid
# run as in the original configuration without --rm flag (will remove later)
docker run \
  --cidfile /mnt/nas1/projects/lasr/blendseq/warp-pipelines/warp-gatk-germline-single-sample-pipeline-master/tmp/14743852445737874576/cromwell-executions/WholeGenomeGermlineSingleSample/32774cc6-b120-4b08-a694-107abb6e2242/call-UnmappedBamToAlignedBam/UnmappedBamToAlignedBam/ee05efaf-d4d4-4fe3-a6c6-c05d6c1e5173/call-SortSampleBam/execution/docker_cid \
  -i \
  --user 1027:1028 \
  --cpus="64" \
  --memory="204800M" \
  --entrypoint /bin/bash \
  -v /mnt/nas1/projects/lasr/blendseq/warp-pipelines/warp-gatk-germline-single-sample-pipeline-master/tmp/14743852445737874576/cromwell-executions/WholeGenomeGermlineSingleSample/32774cc6-b120-4b08-a694-107abb6e2242/call-UnmappedBamToAlignedBam/UnmappedBamToAlignedBam/ee05efaf-d4d4-4fe3-a6c6-c05d6c1e5173/call-SortSampleBam:/cromwell-executions/WholeGenomeGermlineSingleSample/32774cc6-b120-4b08-a694-107abb6e2242/call-UnmappedBamToAlignedBam/UnmappedBamToAlignedBam/ee05efaf-d4d4-4fe3-a6c6-c05d6c1e5173/call-SortSampleBam \
  us.gcr.io/broad-gotc-prod/picard-cloud@sha256:e5ad5339080c3107c04e4a4d000b8ab06f472b77019debc3ff75499d28995b0c /cromwell-executions/WholeGenomeGermlineSingleSample/32774cc6-b120-4b08-a694-107abb6e2242/call-UnmappedBamToAlignedBam/UnmappedBamToAlignedBam/ee05efaf-d4d4-4fe3-a6c6-c05d6c1e5173/call-SortSampleBam/execution/script

# get the return code (working even if the container was detached)
rc=$(docker wait [38;5;5mcat /mnt/nas1/projects/lasr/blendseq/warp-pipelines/warp-gatk-germline-single-sample-pipeline-master/tmp/14743852445737874576/cromwell-executions/WholeGenomeGermlineSingleSample/32774cc6-b120-4b08-a694-107abb6e2242/call-UnmappedBamToAlignedBam/UnmappedBamToAlignedBam/ee05efaf-d4d4-4fe3-a6c6-c05d6c1e5173/call-SortSampleBam/execution/docker_cid[0m)

# remove the container after waiting
docker rm [38;5;5mcat /mnt/nas1/projects/lasr/blendseq/warp-pipelines/warp-gatk-germline-single-sample-pipeline-master/tmp/14743852445737874576/cromwell-executions/WholeGenomeGermlineSingleSample/32774cc6-b120-4b08-a694-107abb6e2242/call-UnmappedBamToAlignedBam/UnmappedBamToAlignedBam/ee05efaf-d4d4-4fe3-a6c6-c05d6c1e5173/call-SortSampleBam/execution/docker_cid[0m

# return exit code
exit $rc

# Job VerifyBamID 

# creates a ERR3684866_ILMN.preBqsr.selfSM file, a TSV file with 2 rows, 19 columns.
# First row are the keys (e.g., SEQ_SM, RG, FREEMIX), second row are the associated values
/usr/gitc/VerifyBamID \
--Verbose \
--NumPC 4 \
--Output ERR3684866_ILMN.preBqsr \
--BamFile /cromwell-executions/WholeGenomeGermlineSingleSample/32774cc6-b120-4b08-a694-107abb6e2242/call-UnmappedBamToAlignedBam/UnmappedBamToAlignedBam/ee05efaf-d4d4-4fe3-a6c6-c05d6c1e5173/call-CheckContamination/inputs/786767825/ERR3684866_ILMN.aligned.duplicate_marked.sorted.bam \
--Reference /cromwell-executions/WholeGenomeGermlineSingleSample/32774cc6-b120-4b08-a694-107abb6e2242/call-UnmappedBamToAlignedBam/UnmappedBamToAlignedBam/ee05efaf-d4d4-4fe3-a6c6-c05d6c1e5173/call-CheckContamination/inputs/-1569105944/Homo_sapiens_assembly38_masked.fasta \
--UDPath /cromwell-executions/WholeGenomeGermlineSingleSample/32774cc6-b120-4b08-a694-107abb6e2242/call-UnmappedBamToAlignedBam/UnmappedBamToAlignedBam/ee05efaf-d4d4-4fe3-a6c6-c05d6c1e5173/call-CheckContamination/inputs/-1034781492/1000g.phase3.100k.b38.vcf.gz.dat.UD \
--MeanPath /cromwell-executions/WholeGenomeGermlineSingleSample/32774cc6-b120-4b08-a694-107abb6e2242/call-UnmappedBamToAlignedBam/UnmappedBamToAlignedBam/ee05efaf-d4d4-4fe3-a6c6-c05d6c1e5173/call-CheckContamination/inputs/-1034781492/1000g.phase3.100k.b38.vcf.gz.dat.mu \
--BedPath /cromwell-executions/WholeGenomeGermlineSingleSample/32774cc6-b120-4b08-a694-107abb6e2242/call-UnmappedBamToAlignedBam/UnmappedBamToAlignedBam/ee05efaf-d4d4-4fe3-a6c6-c05d6c1e5173/call-CheckContamination/inputs/-1034781492/1000g.phase3.100k.b38.vcf.gz.dat.bed \
 \
1>/dev/null

# used to read from the selfSM file and calculate contamination, which gets printed out
python3 <<CODE
import csv
import sys
with open('ERR3684866_ILMN.preBqsr.selfSM') as selfSM:
  reader = csv.DictReader(selfSM, delimiter='\t')
  i = 0
  for row in reader:
    if float(row["FREELK0"])==0 and float(row["FREELK1"])==0:
      # a zero value for the likelihoods implies no data. This usually indicates a problem rather than a real event.
      # if the bam isn't really empty, this is probably due to the use of a incompatible reference build between
      # vcf and bam.
      sys.stderr.write("Found zero likelihoods. Bam is either very-very shallow, or aligned to the wrong reference (relative to the vcf).")
      sys.exit(1)
    print(float(row["FREEMIX"])/0.75)
    i = i + 1
    # there should be exactly one row, and if this isn't the case the format of the output is unexpectedly different
    # and the results are not reliable.
    if i != 1:
      sys.stderr.write("Found %d rows in .selfSM file. Was expecting exactly 1. This is an error"%(i))
      sys.exit(2)
CODE[0m
rm -f /mnt/nas1/projects/lasr/blendseq/warp-pipelines/warp-gatk-germline-single-sample-pipeline-master/tmp/14743852445737874576/cromwell-executions/WholeGenomeGermlineSingleSample/32774cc6-b120-4b08-a694-107abb6e2242/call-UnmappedBamToAlignedBam/UnmappedBamToAlignedBam/ee05efaf-d4d4-4fe3-a6c6-c05d6c1e5173/call-CheckContamination/execution/docker_cid
# run as in the original configuration without --rm flag (will remove later)
docker run \
  --cidfile /mnt/nas1/projects/lasr/blendseq/warp-pipelines/warp-gatk-germline-single-sample-pipeline-master/tmp/14743852445737874576/cromwell-executions/WholeGenomeGermlineSingleSample/32774cc6-b120-4b08-a694-107abb6e2242/call-UnmappedBamToAlignedBam/UnmappedBamToAlignedBam/ee05efaf-d4d4-4fe3-a6c6-c05d6c1e5173/call-CheckContamination/execution/docker_cid \
  -i \
  --user 1027:1028 \
  --cpus="64" \
  --memory="204800M" \
  --entrypoint /bin/bash \
  -v /mnt/nas1/projects/lasr/blendseq/warp-pipelines/warp-gatk-germline-single-sample-pipeline-master/tmp/14743852445737874576/cromwell-executions/WholeGenomeGermlineSingleSample/32774cc6-b120-4b08-a694-107abb6e2242/call-UnmappedBamToAlignedBam/UnmappedBamToAlignedBam/ee05efaf-d4d4-4fe3-a6c6-c05d6c1e5173/call-CheckContamination:/cromwell-executions/WholeGenomeGermlineSingleSample/32774cc6-b120-4b08-a694-107abb6e2242/call-UnmappedBamToAlignedBam/UnmappedBamToAlignedBam/ee05efaf-d4d4-4fe3-a6c6-c05d6c1e5173/call-CheckContamination \
  us.gcr.io/broad-gotc-prod/verify-bam-id@sha256:c2b59ed40409a0f4c8696e7cf05f6673e964f94865d43bbdf97ec5ec671f1ecf /cromwell-executions/WholeGenomeGermlineSingleSample/32774cc6-b120-4b08-a694-107abb6e2242/call-UnmappedBamToAlignedBam/UnmappedBamToAlignedBam/ee05efaf-d4d4-4fe3-a6c6-c05d6c1e5173/call-CheckContamination/execution/script

# get the return code (working even if the container was detached)
rc=$(docker wait [38;5;5mcat /mnt/nas1/projects/lasr/blendseq/warp-pipelines/warp-gatk-germline-single-sample-pipeline-master/tmp/14743852445737874576/cromwell-executions/WholeGenomeGermlineSingleSample/32774cc6-b120-4b08-a694-107abb6e2242/call-UnmappedBamToAlignedBam/UnmappedBamToAlignedBam/ee05efaf-d4d4-4fe3-a6c6-c05d6c1e5173/call-CheckContamination/execution/docker_cid[0m)

# remove the container after waiting
docker rm [38;5;5mcat /mnt/nas1/projects/lasr/blendseq/warp-pipelines/warp-gatk-germline-single-sample-pipeline-master/tmp/14743852445737874576/cromwell-executions/WholeGenomeGermlineSingleSample/32774cc6-b120-4b08-a694-107abb6e2242/call-UnmappedBamToAlignedBam/UnmappedBamToAlignedBam/ee05efaf-d4d4-4fe3-a6c6-c05d6c1e5173/call-CheckContamination/execution/docker_cid[0m

# return exit code
exit $rc

# Job CrosscheckFingerprints

  -XX:GCTimeLimit=50 -XX:GCHeapFreeLimit=10 -Xms3000m -Xmx3000m \
  -jar /usr/picard/picard.jar \
  CrosscheckFingerprints \
  OUTPUT=ERR3684866_ILMN.crosscheck \
  HAPLOTYPE_MAP=/cromwell-executions/WholeGenomeGermlineSingleSample/32774cc6-b120-4b08-a694-107abb6e2242/call-UnmappedBamToAlignedBam/UnmappedBamToAlignedBam/ee05efaf-d4d4-4fe3-a6c6-c05d6c1e5173/call-CrossCheckFingerprints/inputs/-1839652262/Homo_sapiens_assembly38.haplotype_database.txt \
  EXPECT_ALL_GROUPS_TO_MATCH=true \
  INPUT=/cromwell-executions/WholeGenomeGermlineSingleSample/32774cc6-b120-4b08-a694-107abb6e2242/call-UnmappedBamToAlignedBam/UnmappedBamToAlignedBam/ee05efaf-d4d4-4fe3-a6c6-c05d6c1e5173/call-CrossCheckFingerprints/inputs/786767825/ERR3684866_ILMN.aligned.duplicate_marked.sorted.bam \
  LOD_THRESHOLD=-20.0 \
  CROSSCHECK_BY=READGROUP[0m
rm -f /mnt/nas1/projects/lasr/blendseq/warp-pipelines/warp-gatk-germline-single-sample-pipeline-master/tmp/14743852445737874576/cromwell-executions/WholeGenomeGermlineSingleSample/32774cc6-b120-4b08-a694-107abb6e2242/call-UnmappedBamToAlignedBam/UnmappedBamToAlignedBam/ee05efaf-d4d4-4fe3-a6c6-c05d6c1e5173/call-CrossCheckFingerprints/execution/docker_cid
# run as in the original configuration without --rm flag (will remove later)
docker run \
  --cidfile /mnt/nas1/projects/lasr/blendseq/warp-pipelines/warp-gatk-germline-single-sample-pipeline-master/tmp/14743852445737874576/cromwell-executions/WholeGenomeGermlineSingleSample/32774cc6-b120-4b08-a694-107abb6e2242/call-UnmappedBamToAlignedBam/UnmappedBamToAlignedBam/ee05efaf-d4d4-4fe3-a6c6-c05d6c1e5173/call-CrossCheckFingerprints/execution/docker_cid \
  -i \
  --user 1027:1028 \
  --cpus="64" \
  --memory="204800M" \
  --entrypoint /bin/bash \
  -v /mnt/nas1/projects/lasr/blendseq/warp-pipelines/warp-gatk-germline-single-sample-pipeline-master/tmp/14743852445737874576/cromwell-executions/WholeGenomeGermlineSingleSample/32774cc6-b120-4b08-a694-107abb6e2242/call-UnmappedBamToAlignedBam/UnmappedBamToAlignedBam/ee05efaf-d4d4-4fe3-a6c6-c05d6c1e5173/call-CrossCheckFingerprints:/cromwell-executions/WholeGenomeGermlineSingleSample/32774cc6-b120-4b08-a694-107abb6e2242/call-UnmappedBamToAlignedBam/UnmappedBamToAlignedBam/ee05efaf-d4d4-4fe3-a6c6-c05d6c1e5173/call-CrossCheckFingerprints \
  us.gcr.io/broad-gotc-prod/picard-cloud@sha256:e5ad5339080c3107c04e4a4d000b8ab06f472b77019debc3ff75499d28995b0c /cromwell-executions/WholeGenomeGermlineSingleSample/32774cc6-b120-4b08-a694-107abb6e2242/call-UnmappedBamToAlignedBam/UnmappedBamToAlignedBam/ee05efaf-d4d4-4fe3-a6c6-c05d6c1e5173/call-CrossCheckFingerprints/execution/script

# get the return code (working even if the container was detached)
rc=$(docker wait [38;5;5mcat /mnt/nas1/projects/lasr/blendseq/warp-pipelines/warp-gatk-germline-single-sample-pipeline-master/tmp/14743852445737874576/cromwell-executions/WholeGenomeGermlineSingleSample/32774cc6-b120-4b08-a694-107abb6e2242/call-UnmappedBamToAlignedBam/UnmappedBamToAlignedBam/ee05efaf-d4d4-4fe3-a6c6-c05d6c1e5173/call-CrossCheckFingerprints/execution/docker_cid[0m)

# remove the container after waiting
docker rm [38;5;5mcat /mnt/nas1/projects/lasr/blendseq/warp-pipelines/warp-gatk-germline-single-sample-pipeline-master/tmp/14743852445737874576/cromwell-executions/WholeGenomeGermlineSingleSample/32774cc6-b120-4b08-a694-107abb6e2242/call-UnmappedBamToAlignedBam/UnmappedBamToAlignedBam/ee05efaf-d4d4-4fe3-a6c6-c05d6c1e5173/call-CrossCheckFingerprints/execution/docker_cid[0m

# return exit code
exit $rc

# Job GatherBamFiles 

  GatherBamFiles \
  INPUT=/cromwell-executions/WholeGenomeGermlineSingleSample/32774cc6-b120-4b08-a694-107abb6e2242/call-UnmappedBamToAlignedBam/UnmappedBamToAlignedBam/ee05efaf-d4d4-4fe3-a6c6-c05d6c1e5173/call-GatherBamFiles/inputs/786767825/ERR3684866_ILMN.aligned.duplicate_marked.sorted.bam \
  OUTPUT=ERR3684866_ILMN.bam \
  CREATE_INDEX=true \
  CREATE_MD5_FILE=true[0m
rm -f /mnt/nas1/projects/lasr/blendseq/warp-pipelines/warp-gatk-germline-single-sample-pipeline-master/tmp/14743852445737874576/cromwell-executions/WholeGenomeGermlineSingleSample/32774cc6-b120-4b08-a694-107abb6e2242/call-UnmappedBamToAlignedBam/UnmappedBamToAlignedBam/ee05efaf-d4d4-4fe3-a6c6-c05d6c1e5173/call-GatherBamFiles/execution/docker_cid
# run as in the original configuration without --rm flag (will remove later)
docker run \
  --cidfile /mnt/nas1/projects/lasr/blendseq/warp-pipelines/warp-gatk-germline-single-sample-pipeline-master/tmp/14743852445737874576/cromwell-executions/WholeGenomeGermlineSingleSample/32774cc6-b120-4b08-a694-107abb6e2242/call-UnmappedBamToAlignedBam/UnmappedBamToAlignedBam/ee05efaf-d4d4-4fe3-a6c6-c05d6c1e5173/call-GatherBamFiles/execution/docker_cid \
  -i \
  --user 1027:1028 \
  --cpus="64" \
  --memory="204800M" \
  --entrypoint /bin/bash \
  -v /mnt/nas1/projects/lasr/blendseq/warp-pipelines/warp-gatk-germline-single-sample-pipeline-master/tmp/14743852445737874576/cromwell-executions/WholeGenomeGermlineSingleSample/32774cc6-b120-4b08-a694-107abb6e2242/call-UnmappedBamToAlignedBam/UnmappedBamToAlignedBam/ee05efaf-d4d4-4fe3-a6c6-c05d6c1e5173/call-GatherBamFiles:/cromwell-executions/WholeGenomeGermlineSingleSample/32774cc6-b120-4b08-a694-107abb6e2242/call-UnmappedBamToAlignedBam/UnmappedBamToAlignedBam/ee05efaf-d4d4-4fe3-a6c6-c05d6c1e5173/call-GatherBamFiles \
  us.gcr.io/broad-gotc-prod/picard-cloud@sha256:e5ad5339080c3107c04e4a4d000b8ab06f472b77019debc3ff75499d28995b0c /cromwell-executions/WholeGenomeGermlineSingleSample/32774cc6-b120-4b08-a694-107abb6e2242/call-UnmappedBamToAlignedBam/UnmappedBamToAlignedBam/ee05efaf-d4d4-4fe3-a6c6-c05d6c1e5173/call-GatherBamFiles/execution/script

# get the return code (working even if the container was detached)
rc=$(docker wait [38;5;5mcat /mnt/nas1/projects/lasr/blendseq/warp-pipelines/warp-gatk-germline-single-sample-pipeline-master/tmp/14743852445737874576/cromwell-executions/WholeGenomeGermlineSingleSample/32774cc6-b120-4b08-a694-107abb6e2242/call-UnmappedBamToAlignedBam/UnmappedBamToAlignedBam/ee05efaf-d4d4-4fe3-a6c6-c05d6c1e5173/call-GatherBamFiles/execution/docker_cid[0m)

# remove the container after waiting
docker rm [38;5;5mcat /mnt/nas1/projects/lasr/blendseq/warp-pipelines/warp-gatk-germline-single-sample-pipeline-master/tmp/14743852445737874576/cromwell-executions/WholeGenomeGermlineSingleSample/32774cc6-b120-4b08-a694-107abb6e2242/call-UnmappedBamToAlignedBam/UnmappedBamToAlignedBam/ee05efaf-d4d4-4fe3-a6c6-c05d6c1e5173/call-GatherBamFiles/execution/docker_cid[0m

# return exit code
exit $rc
{
  "UnmappedBamToAlignedBam.contamination": 0.000019022666666666667,
  "UnmappedBamToAlignedBam.unsorted_read_group_quality_distribution_metrics": ["/mnt/nas1/projects/lasr/blendseq/warp-pipelines/warp-gatk-germline-single-sample-pipeline-master/tmp/14743852445737874576/cromwell-executions/WholeGenomeGermlineSingleSample/32774cc6-b120-4b08-a694-107abb6e2242/call-UnmappedBamToAlignedBam/UnmappedBamToAlignedBam/ee05efaf-d4d4-4fe3-a6c6-c05d6c1e5173/call-CollectUnsortedReadgroupBamQualityMetrics/shard-0/execution/ERR3684866_ILMN.readgroup.quality_distribution_metrics"],
  "UnmappedBamToAlignedBam.unsorted_read_group_insert_size_histogram_pdf": ["/mnt/nas1/projects/lasr/blendseq/warp-pipelines/warp-gatk-germline-single-sample-pipeline-master/tmp/14743852445737874576/cromwell-executions/WholeGenomeGermlineSingleSample/32774cc6-b120-4b08-a694-107abb6e2242/call-UnmappedBamToAlignedBam/UnmappedBamToAlignedBam/ee05efaf-d4d4-4fe3-a6c6-c05d6c1e5173/call-CollectUnsortedReadgroupBamQualityMetrics/shard-0/execution/ERR3684866_ILMN.readgroup.insert_size_histogram.pdf"],
  "UnmappedBamToAlignedBam.unsorted_read_group_quality_distribution_pdf": ["/mnt/nas1/projects/lasr/blendseq/warp-pipelines/warp-gatk-germline-single-sample-pipeline-master/tmp/14743852445737874576/cromwell-executions/WholeGenomeGermlineSingleSample/32774cc6-b120-4b08-a694-107abb6e2242/call-UnmappedBamToAlignedBam/UnmappedBamToAlignedBam/ee05efaf-d4d4-4fe3-a6c6-c05d6c1e5173/call-CollectUnsortedReadgroupBamQualityMetrics/shard-0/execution/ERR3684866_ILMN.readgroup.quality_distribution.pdf"],
  "UnmappedBamToAlignedBam.output_bam_index": "/mnt/nas1/projects/lasr/blendseq/warp-pipelines/warp-gatk-germline-single-sample-pipeline-master/tmp/14743852445737874576/cromwell-executions/WholeGenomeGermlineSingleSample/32774cc6-b120-4b08-a694-107abb6e2242/call-UnmappedBamToAlignedBam/UnmappedBamToAlignedBam/ee05efaf-d4d4-4fe3-a6c6-c05d6c1e5173/call-GatherBamFiles/execution/ERR3684866_ILMN.bai",
  "UnmappedBamToAlignedBam.quality_yield_metrics": ["/mnt/nas1/projects/lasr/blendseq/warp-pipelines/warp-gatk-germline-single-sample-pipeline-master/tmp/14743852445737874576/cromwell-executions/WholeGenomeGermlineSingleSample/32774cc6-b120-4b08-a694-107abb6e2242/call-UnmappedBamToAlignedBam/UnmappedBamToAlignedBam/ee05efaf-d4d4-4fe3-a6c6-c05d6c1e5173/call-CollectQualityYieldMetrics/shard-0/execution/ERR3684866_ILMN.unmapped.quality_yield_metrics"],
  "UnmappedBamToAlignedBam.unsorted_read_group_base_distribution_by_cycle_metrics": ["/mnt/nas1/projects/lasr/blendseq/warp-pipelines/warp-gatk-germline-single-sample-pipeline-master/tmp/14743852445737874576/cromwell-executions/WholeGenomeGermlineSingleSample/32774cc6-b120-4b08-a694-107abb6e2242/call-UnmappedBamToAlignedBam/UnmappedBamToAlignedBam/ee05efaf-d4d4-4fe3-a6c6-c05d6c1e5173/call-CollectUnsortedReadgroupBamQualityMetrics/shard-0/execution/ERR3684866_ILMN.readgroup.base_distribution_by_cycle_metrics"],
  "UnmappedBamToAlignedBam.unsorted_read_group_insert_size_metrics": ["/mnt/nas1/projects/lasr/blendseq/warp-pipelines/warp-gatk-germline-single-sample-pipeline-master/tmp/14743852445737874576/cromwell-executions/WholeGenomeGermlineSingleSample/32774cc6-b120-4b08-a694-107abb6e2242/call-UnmappedBamToAlignedBam/UnmappedBamToAlignedBam/ee05efaf-d4d4-4fe3-a6c6-c05d6c1e5173/call-CollectUnsortedReadgroupBamQualityMetrics/shard-0/execution/ERR3684866_ILMN.readgroup.insert_size_metrics"],
  "UnmappedBamToAlignedBam.selfSM": "/mnt/nas1/projects/lasr/blendseq/warp-pipelines/warp-gatk-germline-single-sample-pipeline-master/tmp/14743852445737874576/cromwell-executions/WholeGenomeGermlineSingleSample/32774cc6-b120-4b08-a694-107abb6e2242/call-UnmappedBamToAlignedBam/UnmappedBamToAlignedBam/ee05efaf-d4d4-4fe3-a6c6-c05d6c1e5173/call-CheckContamination/execution/ERR3684866_ILMN.preBqsr.selfSM",
  "UnmappedBamToAlignedBam.unsorted_read_group_base_distribution_by_cycle_pdf": ["/mnt/nas1/projects/lasr/blendseq/warp-pipelines/warp-gatk-germline-single-sample-pipeline-master/tmp/14743852445737874576/cromwell-executions/WholeGenomeGermlineSingleSample/32774cc6-b120-4b08-a694-107abb6e2242/call-UnmappedBamToAlignedBam/UnmappedBamToAlignedBam/ee05efaf-d4d4-4fe3-a6c6-c05d6c1e5173/call-CollectUnsortedReadgroupBamQualityMetrics/shard-0/execution/ERR3684866_ILMN.readgroup.base_distribution_by_cycle.pdf"],
  "UnmappedBamToAlignedBam.duplicate_metrics": "/mnt/nas1/projects/lasr/blendseq/warp-pipelines/warp-gatk-germline-single-sample-pipeline-master/tmp/14743852445737874576/cromwell-executions/WholeGenomeGermlineSingleSample/32774cc6-b120-4b08-a694-107abb6e2242/call-UnmappedBamToAlignedBam/UnmappedBamToAlignedBam/ee05efaf-d4d4-4fe3-a6c6-c05d6c1e5173/call-MarkDuplicates/execution/ERR3684866_ILMN.duplicate_metrics",
  "UnmappedBamToAlignedBam.unsorted_read_group_quality_by_cycle_pdf": ["/mnt/nas1/projects/lasr/blendseq/warp-pipelines/warp-gatk-germline-single-sample-pipeline-master/tmp/14743852445737874576/cromwell-executions/WholeGenomeGermlineSingleSample/32774cc6-b120-4b08-a694-107abb6e2242/call-UnmappedBamToAlignedBam/UnmappedBamToAlignedBam/ee05efaf-d4d4-4fe3-a6c6-c05d6c1e5173/call-CollectUnsortedReadgroupBamQualityMetrics/shard-0/execution/ERR3684866_ILMN.readgroup.quality_by_cycle.pdf"],
  "UnmappedBamToAlignedBam.output_bqsr_reports": null,
  "UnmappedBamToAlignedBam.unsorted_read_group_quality_by_cycle_metrics": ["/mnt/nas1/projects/lasr/blendseq/warp-pipelines/warp-gatk-germline-single-sample-pipeline-master/tmp/14743852445737874576/cromwell-executions/WholeGenomeGermlineSingleSample/32774cc6-b120-4b08-a694-107abb6e2242/call-UnmappedBamToAlignedBam/UnmappedBamToAlignedBam/ee05efaf-d4d4-4fe3-a6c6-c05d6c1e5173/call-CollectUnsortedReadgroupBamQualityMetrics/shard-0/execution/ERR3684866_ILMN.readgroup.quality_by_cycle_metrics"],
  "UnmappedBamToAlignedBam.cross_check_fingerprints_metrics": "/mnt/nas1/projects/lasr/blendseq/warp-pipelines/warp-gatk-germline-single-sample-pipeline-master/tmp/14743852445737874576/cromwell-executions/WholeGenomeGermlineSingleSample/32774cc6-b120-4b08-a694-107abb6e2242/call-UnmappedBamToAlignedBam/UnmappedBamToAlignedBam/ee05efaf-d4d4-4fe3-a6c6-c05d6c1e5173/call-CrossCheckFingerprints/execution/ERR3684866_ILMN.crosscheck",
  "UnmappedBamToAlignedBam.output_bam": "/mnt/nas1/projects/lasr/blendseq/warp-pipelines/warp-gatk-germline-single-sample-pipeline-master/tmp/14743852445737874576/cromwell-executions/WholeGenomeGermlineSingleSample/32774cc6-b120-4b08-a694-107abb6e2242/call-UnmappedBamToAlignedBam/UnmappedBamToAlignedBam/ee05efaf-d4d4-4fe3-a6c6-c05d6c1e5173/call-GatherBamFiles/execution/ERR3684866_ILMN.bam"
}

# Job CollectRawWgsMetrics

  CollectRawWgsMetrics \
  INPUT=/cromwell-executions/WholeGenomeGermlineSingleSample/32774cc6-b120-4b08-a694-107abb6e2242/call-CollectRawWgsMetrics/inputs/-402910293/ERR3684866_ILMN.bam \
  VALIDATION_STRINGENCY=SILENT \
  REFERENCE_SEQUENCE=/cromwell-executions/WholeGenomeGermlineSingleSample/32774cc6-b120-4b08-a694-107abb6e2242/call-CollectRawWgsMetrics/inputs/-1569105944/Homo_sapiens_assembly38_masked.fasta \
  INCLUDE_BQ_HISTOGRAM=true \
  INTERVALS=/cromwell-executions/WholeGenomeGermlineSingleSample/32774cc6-b120-4b08-a694-107abb6e2242/call-CollectRawWgsMetrics/inputs/-2093772673/wgs_coverage_regions.hg38.interval_list \
  OUTPUT=ERR3684866_ILMN.raw_wgs_metrics \
  USE_FAST_ALGORITHM=true \
  READ_LENGTH=250[0m
rm -f /mnt/nas1/projects/lasr/blendseq/warp-pipelines/warp-gatk-germline-single-sample-pipeline-master/tmp/14743852445737874576/cromwell-executions/WholeGenomeGermlineSingleSample/32774cc6-b120-4b08-a694-107abb6e2242/call-CollectRawWgsMetrics/execution/docker_cid
# run as in the original configuration without --rm flag (will remove later)
docker run \
  --cidfile /mnt/nas1/projects/lasr/blendseq/warp-pipelines/warp-gatk-germline-single-sample-pipeline-master/tmp/14743852445737874576/cromwell-executions/WholeGenomeGermlineSingleSample/32774cc6-b120-4b08-a694-107abb6e2242/call-CollectRawWgsMetrics/execution/docker_cid \
  -i \
  --user 1027:1028 \
  --cpus="64" \
  --memory="204800M" \
  --entrypoint /bin/bash \
  -v /mnt/nas1/projects/lasr/blendseq/warp-pipelines/warp-gatk-germline-single-sample-pipeline-master/tmp/14743852445737874576/cromwell-executions/WholeGenomeGermlineSingleSample/32774cc6-b120-4b08-a694-107abb6e2242/call-CollectRawWgsMetrics:/cromwell-executions/WholeGenomeGermlineSingleSample/32774cc6-b120-4b08-a694-107abb6e2242/call-CollectRawWgsMetrics \
  us.gcr.io/broad-gotc-prod/picard-cloud@sha256:e5ad5339080c3107c04e4a4d000b8ab06f472b77019debc3ff75499d28995b0c /cromwell-executions/WholeGenomeGermlineSingleSample/32774cc6-b120-4b08-a694-107abb6e2242/call-CollectRawWgsMetrics/execution/script

# get the return code (working even if the container was detached)
rc=$(docker wait [38;5;5mcat /mnt/nas1/projects/lasr/blendseq/warp-pipelines/warp-gatk-germline-single-sample-pipeline-master/tmp/14743852445737874576/cromwell-executions/WholeGenomeGermlineSingleSample/32774cc6-b120-4b08-a694-107abb6e2242/call-CollectRawWgsMetrics/execution/docker_cid[0m)

# remove the container after waiting
docker rm [38;5;5mcat /mnt/nas1/projects/lasr/blendseq/warp-pipelines/warp-gatk-germline-single-sample-pipeline-master/tmp/14743852445737874576/cromwell-executions/WholeGenomeGermlineSingleSample/32774cc6-b120-4b08-a694-107abb6e2242/call-CollectRawWgsMetrics/execution/docker_cid[0m

# return exit code
exit $rc

# Job CollectWgsMetrics

  CollectWgsMetrics \
  INPUT=/cromwell-executions/WholeGenomeGermlineSingleSample/32774cc6-b120-4b08-a694-107abb6e2242/call-CollectWgsMetrics/inputs/-402910293/ERR3684866_ILMN.bam \
  VALIDATION_STRINGENCY=SILENT \
  REFERENCE_SEQUENCE=/cromwell-executions/WholeGenomeGermlineSingleSample/32774cc6-b120-4b08-a694-107abb6e2242/call-CollectWgsMetrics/inputs/-1569105944/Homo_sapiens_assembly38_masked.fasta \
  INCLUDE_BQ_HISTOGRAM=true \
  INTERVALS=/cromwell-executions/WholeGenomeGermlineSingleSample/32774cc6-b120-4b08-a694-107abb6e2242/call-CollectWgsMetrics/inputs/-2093772673/wgs_coverage_regions.hg38.interval_list \
  OUTPUT=ERR3684866_ILMN.wgs_metrics \
  USE_FAST_ALGORITHM=true \
  READ_LENGTH=250[0m
rm -f /mnt/nas1/projects/lasr/blendseq/warp-pipelines/warp-gatk-germline-single-sample-pipeline-master/tmp/14743852445737874576/cromwell-executions/WholeGenomeGermlineSingleSample/32774cc6-b120-4b08-a694-107abb6e2242/call-CollectWgsMetrics/execution/docker_cid
# run as in the original configuration without --rm flag (will remove later)
docker run \
  --cidfile /mnt/nas1/projects/lasr/blendseq/warp-pipelines/warp-gatk-germline-single-sample-pipeline-master/tmp/14743852445737874576/cromwell-executions/WholeGenomeGermlineSingleSample/32774cc6-b120-4b08-a694-107abb6e2242/call-CollectWgsMetrics/execution/docker_cid \
  -i \
  --user 1027:1028 \
  --cpus="64" \
  --memory="204800M" \
  --entrypoint /bin/bash \
  -v /mnt/nas1/projects/lasr/blendseq/warp-pipelines/warp-gatk-germline-single-sample-pipeline-master/tmp/14743852445737874576/cromwell-executions/WholeGenomeGermlineSingleSample/32774cc6-b120-4b08-a694-107abb6e2242/call-CollectWgsMetrics:/cromwell-executions/WholeGenomeGermlineSingleSample/32774cc6-b120-4b08-a694-107abb6e2242/call-CollectWgsMetrics \
  us.gcr.io/broad-gotc-prod/picard-cloud@sha256:e5ad5339080c3107c04e4a4d000b8ab06f472b77019debc3ff75499d28995b0c /cromwell-executions/WholeGenomeGermlineSingleSample/32774cc6-b120-4b08-a694-107abb6e2242/call-CollectWgsMetrics/execution/script

# get the return code (working even if the container was detached)
rc=$(docker wait [38;5;5mcat /mnt/nas1/projects/lasr/blendseq/warp-pipelines/warp-gatk-germline-single-sample-pipeline-master/tmp/14743852445737874576/cromwell-executions/WholeGenomeGermlineSingleSample/32774cc6-b120-4b08-a694-107abb6e2242/call-CollectWgsMetrics/execution/docker_cid[0m)

# remove the container after waiting
docker rm [38;5;5mcat /mnt/nas1/projects/lasr/blendseq/warp-pipelines/warp-gatk-germline-single-sample-pipeline-master/tmp/14743852445737874576/cromwell-executions/WholeGenomeGermlineSingleSample/32774cc6-b120-4b08-a694-107abb6e2242/call-CollectWgsMetrics/execution/docker_cid[0m

# return exit code
exit $rc

# Job CollectMultipleMetrics

touch ERR3684866_ILMN.readgroup.gc_bias.detail_metrics \
  ERR3684866_ILMN.readgroup.gc_bias.pdf \
  ERR3684866_ILMN.readgroup.gc_bias.summary_metrics

java -Xms5000m -Xmx6500m -jar /usr/picard/picard.jar \
  CollectMultipleMetrics \
  INPUT=/cromwell-executions/WholeGenomeGermlineSingleSample/32774cc6-b120-4b08-a694-107abb6e2242/call-AggregatedBamQC/AggregatedBamQC/beea54b7-390e-4ea0-9518-717cbfc46992/call-CollectReadgroupBamQualityMetrics/inputs/-402910293/ERR3684866_ILMN.bam \
  REFERENCE_SEQUENCE=/cromwell-executions/WholeGenomeGermlineSingleSample/32774cc6-b120-4b08-a694-107abb6e2242/call-AggregatedBamQC/AggregatedBamQC/beea54b7-390e-4ea0-9518-717cbfc46992/call-CollectReadgroupBamQualityMetrics/inputs/-1569105944/Homo_sapiens_assembly38_masked.fasta \
  OUTPUT=ERR3684866_ILMN.readgroup \
  ASSUME_SORTED=true \
  PROGRAM=null \
  PROGRAM=CollectAlignmentSummaryMetrics \
  PROGRAM="CollectGcBiasMetrics" \
  METRIC_ACCUMULATION_LEVEL=null \
  METRIC_ACCUMULATION_LEVEL=READ_GROUP[0m
rm -f /mnt/nas1/projects/lasr/blendseq/warp-pipelines/warp-gatk-germline-single-sample-pipeline-master/tmp/14743852445737874576/cromwell-executions/WholeGenomeGermlineSingleSample/32774cc6-b120-4b08-a694-107abb6e2242/call-AggregatedBamQC/AggregatedBamQC/beea54b7-390e-4ea0-9518-717cbfc46992/call-CollectReadgroupBamQualityMetrics/execution/docker_cid
# run as in the original configuration without --rm flag (will remove later)
docker run \
  --cidfile /mnt/nas1/projects/lasr/blendseq/warp-pipelines/warp-gatk-germline-single-sample-pipeline-master/tmp/14743852445737874576/cromwell-executions/WholeGenomeGermlineSingleSample/32774cc6-b120-4b08-a694-107abb6e2242/call-AggregatedBamQC/AggregatedBamQC/beea54b7-390e-4ea0-9518-717cbfc46992/call-CollectReadgroupBamQualityMetrics/execution/docker_cid \
  -i \
  --user 1027:1028 \
  --cpus="64" \
  --memory="204800M" \
  --entrypoint /bin/bash \
  -v /mnt/nas1/projects/lasr/blendseq/warp-pipelines/warp-gatk-germline-single-sample-pipeline-master/tmp/14743852445737874576/cromwell-executions/WholeGenomeGermlineSingleSample/32774cc6-b120-4b08-a694-107abb6e2242/call-AggregatedBamQC/AggregatedBamQC/beea54b7-390e-4ea0-9518-717cbfc46992/call-CollectReadgroupBamQualityMetrics:/cromwell-executions/WholeGenomeGermlineSingleSample/32774cc6-b120-4b08-a694-107abb6e2242/call-AggregatedBamQC/AggregatedBamQC/beea54b7-390e-4ea0-9518-717cbfc46992/call-CollectReadgroupBamQualityMetrics \
  us.gcr.io/broad-gotc-prod/picard-cloud@sha256:e5ad5339080c3107c04e4a4d000b8ab06f472b77019debc3ff75499d28995b0c /cromwell-executions/WholeGenomeGermlineSingleSample/32774cc6-b120-4b08-a694-107abb6e2242/call-AggregatedBamQC/AggregatedBamQC/beea54b7-390e-4ea0-9518-717cbfc46992/call-CollectReadgroupBamQualityMetrics/execution/script

# get the return code (working even if the container was detached)
rc=$(docker wait [38;5;5mcat /mnt/nas1/projects/lasr/blendseq/warp-pipelines/warp-gatk-germline-single-sample-pipeline-master/tmp/14743852445737874576/cromwell-executions/WholeGenomeGermlineSingleSample/32774cc6-b120-4b08-a694-107abb6e2242/call-AggregatedBamQC/AggregatedBamQC/beea54b7-390e-4ea0-9518-717cbfc46992/call-CollectReadgroupBamQualityMetrics/execution/docker_cid[0m)

# remove the container after waiting
docker rm [38;5;5mcat /mnt/nas1/projects/lasr/blendseq/warp-pipelines/warp-gatk-germline-single-sample-pipeline-master/tmp/14743852445737874576/cromwell-executions/WholeGenomeGermlineSingleSample/32774cc6-b120-4b08-a694-107abb6e2242/call-AggregatedBamQC/AggregatedBamQC/beea54b7-390e-4ea0-9518-717cbfc46992/call-CollectReadgroupBamQualityMetrics/execution/docker_cid[0m

# return exit code
exit $rc

# Job CalculateReadGroupChecksum

  CalculateReadGroupChecksum \
  INPUT=/cromwell-executions/WholeGenomeGermlineSingleSample/32774cc6-b120-4b08-a694-107abb6e2242/call-AggregatedBamQC/AggregatedBamQC/beea54b7-390e-4ea0-9518-717cbfc46992/call-CalculateReadGroupChecksum/inputs/-402910293/ERR3684866_ILMN.bam \
  OUTPUT=ERR3684866_ILMN.aligned.duplicates_marked.recalibrated.bam.read_group_md5[0m
rm -f /mnt/nas1/projects/lasr/blendseq/warp-pipelines/warp-gatk-germline-single-sample-pipeline-master/tmp/14743852445737874576/cromwell-executions/WholeGenomeGermlineSingleSample/32774cc6-b120-4b08-a694-107abb6e2242/call-AggregatedBamQC/AggregatedBamQC/beea54b7-390e-4ea0-9518-717cbfc46992/call-CalculateReadGroupChecksum/execution/docker_cid
# run as in the original configuration without --rm flag (will remove later)
docker run \
  --cidfile /mnt/nas1/projects/lasr/blendseq/warp-pipelines/warp-gatk-germline-single-sample-pipeline-master/tmp/14743852445737874576/cromwell-executions/WholeGenomeGermlineSingleSample/32774cc6-b120-4b08-a694-107abb6e2242/call-AggregatedBamQC/AggregatedBamQC/beea54b7-390e-4ea0-9518-717cbfc46992/call-CalculateReadGroupChecksum/execution/docker_cid \
  -i \
  --user 1027:1028 \
  --cpus="64" \
  --memory="204800M" \
  --entrypoint /bin/bash \
  -v /mnt/nas1/projects/lasr/blendseq/warp-pipelines/warp-gatk-germline-single-sample-pipeline-master/tmp/14743852445737874576/cromwell-executions/WholeGenomeGermlineSingleSample/32774cc6-b120-4b08-a694-107abb6e2242/call-AggregatedBamQC/AggregatedBamQC/beea54b7-390e-4ea0-9518-717cbfc46992/call-CalculateReadGroupChecksum:/cromwell-executions/WholeGenomeGermlineSingleSample/32774cc6-b120-4b08-a694-107abb6e2242/call-AggregatedBamQC/AggregatedBamQC/beea54b7-390e-4ea0-9518-717cbfc46992/call-CalculateReadGroupChecksum \
  us.gcr.io/broad-gotc-prod/picard-cloud@sha256:e5ad5339080c3107c04e4a4d000b8ab06f472b77019debc3ff75499d28995b0c /cromwell-executions/WholeGenomeGermlineSingleSample/32774cc6-b120-4b08-a694-107abb6e2242/call-AggregatedBamQC/AggregatedBamQC/beea54b7-390e-4ea0-9518-717cbfc46992/call-CalculateReadGroupChecksum/execution/script

# get the return code (working even if the container was detached)
rc=$(docker wait [38;5;5mcat /mnt/nas1/projects/lasr/blendseq/warp-pipelines/warp-gatk-germline-single-sample-pipeline-master/tmp/14743852445737874576/cromwell-executions/WholeGenomeGermlineSingleSample/32774cc6-b120-4b08-a694-107abb6e2242/call-AggregatedBamQC/AggregatedBamQC/beea54b7-390e-4ea0-9518-717cbfc46992/call-CalculateReadGroupChecksum/execution/docker_cid[0m)

# remove the container after waiting
docker rm [38;5;5mcat /mnt/nas1/projects/lasr/blendseq/warp-pipelines/warp-gatk-germline-single-sample-pipeline-master/tmp/14743852445737874576/cromwell-executions/WholeGenomeGermlineSingleSample/32774cc6-b120-4b08-a694-107abb6e2242/call-AggregatedBamQC/AggregatedBamQC/beea54b7-390e-4ea0-9518-717cbfc46992/call-CalculateReadGroupChecksum/execution/docker_cid[0m

# return exit code
exit $rc

# Job CollectMultipleMetrics

touch ERR3684866_ILMN.gc_bias.detail_metrics \
  ERR3684866_ILMN.gc_bias.pdf \
  ERR3684866_ILMN.gc_bias.summary_metrics \
  ERR3684866_ILMN.insert_size_metrics \
  ERR3684866_ILMN.insert_size_histogram.pdf

java -Xms5000m -Xmx6500m -jar /usr/picard/picard.jar \
  CollectMultipleMetrics \
  INPUT=/cromwell-executions/WholeGenomeGermlineSingleSample/32774cc6-b120-4b08-a694-107abb6e2242/call-AggregatedBamQC/AggregatedBamQC/beea54b7-390e-4ea0-9518-717cbfc46992/call-CollectAggregationMetrics/inputs/-402910293/ERR3684866_ILMN.bam \
  REFERENCE_SEQUENCE=/cromwell-executions/WholeGenomeGermlineSingleSample/32774cc6-b120-4b08-a694-107abb6e2242/call-AggregatedBamQC/AggregatedBamQC/beea54b7-390e-4ea0-9518-717cbfc46992/call-CollectAggregationMetrics/inputs/-1569105944/Homo_sapiens_assembly38_masked.fasta \
  OUTPUT=ERR3684866_ILMN \
  ASSUME_SORTED=true \
  PROGRAM=null \
  PROGRAM=CollectAlignmentSummaryMetrics \
  PROGRAM=CollectInsertSizeMetrics \
  PROGRAM=CollectSequencingArtifactMetrics \
  PROGRAM=QualityScoreDistribution \
  PROGRAM="CollectGcBiasMetrics" \
  METRIC_ACCUMULATION_LEVEL=null \
  METRIC_ACCUMULATION_LEVEL=SAMPLE \
  METRIC_ACCUMULATION_LEVEL=LIBRARY[0m
rm -f /mnt/nas1/projects/lasr/blendseq/warp-pipelines/warp-gatk-germline-single-sample-pipeline-master/tmp/14743852445737874576/cromwell-executions/WholeGenomeGermlineSingleSample/32774cc6-b120-4b08-a694-107abb6e2242/call-AggregatedBamQC/AggregatedBamQC/beea54b7-390e-4ea0-9518-717cbfc46992/call-CollectAggregationMetrics/execution/docker_cid
# run as in the original configuration without --rm flag (will remove later)
docker run \
  --cidfile /mnt/nas1/projects/lasr/blendseq/warp-pipelines/warp-gatk-germline-single-sample-pipeline-master/tmp/14743852445737874576/cromwell-executions/WholeGenomeGermlineSingleSample/32774cc6-b120-4b08-a694-107abb6e2242/call-AggregatedBamQC/AggregatedBamQC/beea54b7-390e-4ea0-9518-717cbfc46992/call-CollectAggregationMetrics/execution/docker_cid \
  -i \
  --user 1027:1028 \
  --cpus="64" \
  --memory="204800M" \
  --entrypoint /bin/bash \
  -v /mnt/nas1/projects/lasr/blendseq/warp-pipelines/warp-gatk-germline-single-sample-pipeline-master/tmp/14743852445737874576/cromwell-executions/WholeGenomeGermlineSingleSample/32774cc6-b120-4b08-a694-107abb6e2242/call-AggregatedBamQC/AggregatedBamQC/beea54b7-390e-4ea0-9518-717cbfc46992/call-CollectAggregationMetrics:/cromwell-executions/WholeGenomeGermlineSingleSample/32774cc6-b120-4b08-a694-107abb6e2242/call-AggregatedBamQC/AggregatedBamQC/beea54b7-390e-4ea0-9518-717cbfc46992/call-CollectAggregationMetrics \
  us.gcr.io/broad-gotc-prod/picard-cloud@sha256:e5ad5339080c3107c04e4a4d000b8ab06f472b77019debc3ff75499d28995b0c /cromwell-executions/WholeGenomeGermlineSingleSample/32774cc6-b120-4b08-a694-107abb6e2242/call-AggregatedBamQC/AggregatedBamQC/beea54b7-390e-4ea0-9518-717cbfc46992/call-CollectAggregationMetrics/execution/script

# get the return code (working even if the container was detached)
rc=$(docker wait [38;5;5mcat /mnt/nas1/projects/lasr/blendseq/warp-pipelines/warp-gatk-germline-single-sample-pipeline-master/tmp/14743852445737874576/cromwell-executions/WholeGenomeGermlineSingleSample/32774cc6-b120-4b08-a694-107abb6e2242/call-AggregatedBamQC/AggregatedBamQC/beea54b7-390e-4ea0-9518-717cbfc46992/call-CollectAggregationMetrics/execution/docker_cid[0m)

# remove the container after waiting
docker rm [38;5;5mcat /mnt/nas1/projects/lasr/blendseq/warp-pipelines/warp-gatk-germline-single-sample-pipeline-master/tmp/14743852445737874576/cromwell-executions/WholeGenomeGermlineSingleSample/32774cc6-b120-4b08-a694-107abb6e2242/call-AggregatedBamQC/AggregatedBamQC/beea54b7-390e-4ea0-9518-717cbfc46992/call-CollectAggregationMetrics/execution/docker_cid[0m

# return exit code
exit $rc
{
  "AggregatedBamQC.fingerprint_summary_metrics": null,
  "AggregatedBamQC.calculate_read_group_checksum_md5": "/mnt/nas1/projects/lasr/blendseq/warp-pipelines/warp-gatk-germline-single-sample-pipeline-master/tmp/14743852445737874576/cromwell-executions/WholeGenomeGermlineSingleSample/32774cc6-b120-4b08-a694-107abb6e2242/call-AggregatedBamQC/AggregatedBamQC/beea54b7-390e-4ea0-9518-717cbfc46992/call-CalculateReadGroupChecksum/execution/ERR3684866_ILMN.aligned.duplicates_marked.recalibrated.bam.read_group_md5",
  "AggregatedBamQC.fingerprint_detail_metrics": null,
  "AggregatedBamQC.agg_gc_bias_summary_metrics": "/mnt/nas1/projects/lasr/blendseq/warp-pipelines/warp-gatk-germline-single-sample-pipeline-master/tmp/14743852445737874576/cromwell-executions/WholeGenomeGermlineSingleSample/32774cc6-b120-4b08-a694-107abb6e2242/call-AggregatedBamQC/AggregatedBamQC/beea54b7-390e-4ea0-9518-717cbfc46992/call-CollectAggregationMetrics/execution/ERR3684866_ILMN.gc_bias.summary_metrics",
  "AggregatedBamQC.agg_quality_distribution_pdf": "/mnt/nas1/projects/lasr/blendseq/warp-pipelines/warp-gatk-germline-single-sample-pipeline-master/tmp/14743852445737874576/cromwell-executions/WholeGenomeGermlineSingleSample/32774cc6-b120-4b08-a694-107abb6e2242/call-AggregatedBamQC/AggregatedBamQC/beea54b7-390e-4ea0-9518-717cbfc46992/call-CollectAggregationMetrics/execution/ERR3684866_ILMN.quality_distribution.pdf",
  "AggregatedBamQC.agg_bait_bias_summary_metrics": "/mnt/nas1/projects/lasr/blendseq/warp-pipelines/warp-gatk-germline-single-sample-pipeline-master/tmp/14743852445737874576/cromwell-executions/WholeGenomeGermlineSingleSample/32774cc6-b120-4b08-a694-107abb6e2242/call-AggregatedBamQC/AggregatedBamQC/beea54b7-390e-4ea0-9518-717cbfc46992/call-CollectAggregationMetrics/execution/ERR3684866_ILMN.bait_bias_summary_metrics",
  "AggregatedBamQC.agg_bait_bias_detail_metrics": "/mnt/nas1/projects/lasr/blendseq/warp-pipelines/warp-gatk-germline-single-sample-pipeline-master/tmp/14743852445737874576/cromwell-executions/WholeGenomeGermlineSingleSample/32774cc6-b120-4b08-a694-107abb6e2242/call-AggregatedBamQC/AggregatedBamQC/beea54b7-390e-4ea0-9518-717cbfc46992/call-CollectAggregationMetrics/execution/ERR3684866_ILMN.bait_bias_detail_metrics",
  "AggregatedBamQC.agg_gc_bias_pdf": "/mnt/nas1/projects/lasr/blendseq/warp-pipelines/warp-gatk-germline-single-sample-pipeline-master/tmp/14743852445737874576/cromwell-executions/WholeGenomeGermlineSingleSample/32774cc6-b120-4b08-a694-107abb6e2242/call-AggregatedBamQC/AggregatedBamQC/beea54b7-390e-4ea0-9518-717cbfc46992/call-CollectAggregationMetrics/execution/ERR3684866_ILMN.gc_bias.pdf",
  "AggregatedBamQC.agg_pre_adapter_summary_metrics": "/mnt/nas1/projects/lasr/blendseq/warp-pipelines/warp-gatk-germline-single-sample-pipeline-master/tmp/14743852445737874576/cromwell-executions/WholeGenomeGermlineSingleSample/32774cc6-b120-4b08-a694-107abb6e2242/call-AggregatedBamQC/AggregatedBamQC/beea54b7-390e-4ea0-9518-717cbfc46992/call-CollectAggregationMetrics/execution/ERR3684866_ILMN.pre_adapter_summary_metrics",
  "AggregatedBamQC.read_group_gc_bias_detail_metrics": "/mnt/nas1/projects/lasr/blendseq/warp-pipelines/warp-gatk-germline-single-sample-pipeline-master/tmp/14743852445737874576/cromwell-executions/WholeGenomeGermlineSingleSample/32774cc6-b120-4b08-a694-107abb6e2242/call-AggregatedBamQC/AggregatedBamQC/beea54b7-390e-4ea0-9518-717cbfc46992/call-CollectReadgroupBamQualityMetrics/execution/ERR3684866_ILMN.readgroup.gc_bias.detail_metrics",
  "AggregatedBamQC.agg_pre_adapter_detail_metrics": "/mnt/nas1/projects/lasr/blendseq/warp-pipelines/warp-gatk-germline-single-sample-pipeline-master/tmp/14743852445737874576/cromwell-executions/WholeGenomeGermlineSingleSample/32774cc6-b120-4b08-a694-107abb6e2242/call-AggregatedBamQC/AggregatedBamQC/beea54b7-390e-4ea0-9518-717cbfc46992/call-CollectAggregationMetrics/execution/ERR3684866_ILMN.pre_adapter_detail_metrics",
  "AggregatedBamQC.agg_insert_size_metrics": "/mnt/nas1/projects/lasr/blendseq/warp-pipelines/warp-gatk-germline-single-sample-pipeline-master/tmp/14743852445737874576/cromwell-executions/WholeGenomeGermlineSingleSample/32774cc6-b120-4b08-a694-107abb6e2242/call-AggregatedBamQC/AggregatedBamQC/beea54b7-390e-4ea0-9518-717cbfc46992/call-CollectAggregationMetrics/execution/ERR3684866_ILMN.insert_size_metrics",
  "AggregatedBamQC.read_group_gc_bias_pdf": "/mnt/nas1/projects/lasr/blendseq/warp-pipelines/warp-gatk-germline-single-sample-pipeline-master/tmp/14743852445737874576/cromwell-executions/WholeGenomeGermlineSingleSample/32774cc6-b120-4b08-a694-107abb6e2242/call-AggregatedBamQC/AggregatedBamQC/beea54b7-390e-4ea0-9518-717cbfc46992/call-CollectReadgroupBamQualityMetrics/execution/ERR3684866_ILMN.readgroup.gc_bias.pdf",
  "AggregatedBamQC.agg_insert_size_histogram_pdf": "/mnt/nas1/projects/lasr/blendseq/warp-pipelines/warp-gatk-germline-single-sample-pipeline-master/tmp/14743852445737874576/cromwell-executions/WholeGenomeGermlineSingleSample/32774cc6-b120-4b08-a694-107abb6e2242/call-AggregatedBamQC/AggregatedBamQC/beea54b7-390e-4ea0-9518-717cbfc46992/call-CollectAggregationMetrics/execution/ERR3684866_ILMN.insert_size_histogram.pdf",
  "AggregatedBamQC.agg_quality_distribution_metrics": "/mnt/nas1/projects/lasr/blendseq/warp-pipelines/warp-gatk-germline-single-sample-pipeline-master/tmp/14743852445737874576/cromwell-executions/WholeGenomeGermlineSingleSample/32774cc6-b120-4b08-a694-107abb6e2242/call-AggregatedBamQC/AggregatedBamQC/beea54b7-390e-4ea0-9518-717cbfc46992/call-CollectAggregationMetrics/execution/ERR3684866_ILMN.quality_distribution_metrics",
  "AggregatedBamQC.agg_alignment_summary_metrics": "/mnt/nas1/projects/lasr/blendseq/warp-pipelines/warp-gatk-germline-single-sample-pipeline-master/tmp/14743852445737874576/cromwell-executions/WholeGenomeGermlineSingleSample/32774cc6-b120-4b08-a694-107abb6e2242/call-AggregatedBamQC/AggregatedBamQC/beea54b7-390e-4ea0-9518-717cbfc46992/call-CollectAggregationMetrics/execution/ERR3684866_ILMN.alignment_summary_metrics",
  "AggregatedBamQC.agg_error_summary_metrics": "/mnt/nas1/projects/lasr/blendseq/warp-pipelines/warp-gatk-germline-single-sample-pipeline-master/tmp/14743852445737874576/cromwell-executions/WholeGenomeGermlineSingleSample/32774cc6-b120-4b08-a694-107abb6e2242/call-AggregatedBamQC/AggregatedBamQC/beea54b7-390e-4ea0-9518-717cbfc46992/call-CollectAggregationMetrics/execution/ERR3684866_ILMN.error_summary_metrics",
  "AggregatedBamQC.read_group_gc_bias_summary_metrics": "/mnt/nas1/projects/lasr/blendseq/warp-pipelines/warp-gatk-germline-single-sample-pipeline-master/tmp/14743852445737874576/cromwell-executions/WholeGenomeGermlineSingleSample/32774cc6-b120-4b08-a694-107abb6e2242/call-AggregatedBamQC/AggregatedBamQC/beea54b7-390e-4ea0-9518-717cbfc46992/call-CollectReadgroupBamQualityMetrics/execution/ERR3684866_ILMN.readgroup.gc_bias.summary_metrics",
  "AggregatedBamQC.agg_gc_bias_detail_metrics": "/mnt/nas1/projects/lasr/blendseq/warp-pipelines/warp-gatk-germline-single-sample-pipeline-master/tmp/14743852445737874576/cromwell-executions/WholeGenomeGermlineSingleSample/32774cc6-b120-4b08-a694-107abb6e2242/call-AggregatedBamQC/AggregatedBamQC/beea54b7-390e-4ea0-9518-717cbfc46992/call-CollectAggregationMetrics/execution/ERR3684866_ILMN.gc_bias.detail_metrics",
  "AggregatedBamQC.read_group_alignment_summary_metrics": "/mnt/nas1/projects/lasr/blendseq/warp-pipelines/warp-gatk-germline-single-sample-pipeline-master/tmp/14743852445737874576/cromwell-executions/WholeGenomeGermlineSingleSample/32774cc6-b120-4b08-a694-107abb6e2242/call-AggregatedBamQC/AggregatedBamQC/beea54b7-390e-4ea0-9518-717cbfc46992/call-CollectReadgroupBamQualityMetrics/execution/ERR3684866_ILMN.readgroup.alignment_summary_metrics"
}

# Job IntervalListTools

mkdir out
java -Xms1000m -Xmx1500m -jar /usr/gitc/picard.jar \
  IntervalListTools \
  SCATTER_COUNT=50 \
  SUBDIVISION_MODE=BALANCING_WITHOUT_INTERVAL_SUBDIVISION_WITH_OVERFLOW \
  UNIQUE=true \
  SORT=true \
  BREAK_BANDS_AT_MULTIPLES_OF=1000000 \
  INPUT=/cromwell-executions/WholeGenomeGermlineSingleSample/32774cc6-b120-4b08-a694-107abb6e2242/call-BamToGvcf/VariantCalling/c61b4b0d-c7c6-436e-a01f-cafbe78c1d11/call-ScatterIntervalList/inputs/-790663736/wgs_calling_regions.hg38.interval_list \
  OUTPUT=out

python3 <<CODE
import glob, os
# Works around a JES limitation where multiples files with the same name overwrite each other when globbed
intervals = sorted(glob.glob("out/*/*.interval_list"))
for i, interval in enumerate(intervals):
  (directory, filename) = os.path.split(interval)
  newName = os.path.join(directory, str(i + 1) + filename)
  os.rename(interval, newName)
print(len(intervals))
CODE[0m
rm -f /mnt/nas1/projects/lasr/blendseq/warp-pipelines/warp-gatk-germline-single-sample-pipeline-master/tmp/14743852445737874576/cromwell-executions/WholeGenomeGermlineSingleSample/32774cc6-b120-4b08-a694-107abb6e2242/call-BamToGvcf/VariantCalling/c61b4b0d-c7c6-436e-a01f-cafbe78c1d11/call-ScatterIntervalList/execution/docker_cid
# run as in the original configuration without --rm flag (will remove later)
docker run \
  --cidfile /mnt/nas1/projects/lasr/blendseq/warp-pipelines/warp-gatk-germline-single-sample-pipeline-master/tmp/14743852445737874576/cromwell-executions/WholeGenomeGermlineSingleSample/32774cc6-b120-4b08-a694-107abb6e2242/call-BamToGvcf/VariantCalling/c61b4b0d-c7c6-436e-a01f-cafbe78c1d11/call-ScatterIntervalList/execution/docker_cid \
  -i \
  --user 1027:1028 \
  --cpus="64" \
  --memory="204800M" \
  --entrypoint /bin/bash \
  -v /mnt/nas1/projects/lasr/blendseq/warp-pipelines/warp-gatk-germline-single-sample-pipeline-master/tmp/14743852445737874576/cromwell-executions/WholeGenomeGermlineSingleSample/32774cc6-b120-4b08-a694-107abb6e2242/call-BamToGvcf/VariantCalling/c61b4b0d-c7c6-436e-a01f-cafbe78c1d11/call-ScatterIntervalList:/cromwell-executions/WholeGenomeGermlineSingleSample/32774cc6-b120-4b08-a694-107abb6e2242/call-BamToGvcf/VariantCalling/c61b4b0d-c7c6-436e-a01f-cafbe78c1d11/call-ScatterIntervalList \
  us.gcr.io/broad-gotc-prod/picard-python@sha256:18e5d917ab46b03ae08ecc11e74b962278f885deedd21a057c72ce0b517c93a2 /cromwell-executions/WholeGenomeGermlineSingleSample/32774cc6-b120-4b08-a694-107abb6e2242/call-BamToGvcf/VariantCalling/c61b4b0d-c7c6-436e-a01f-cafbe78c1d11/call-ScatterIntervalList/execution/script

# get the return code (working even if the container was detached)
rc=$(docker wait [38;5;5mcat /mnt/nas1/projects/lasr/blendseq/warp-pipelines/warp-gatk-germline-single-sample-pipeline-master/tmp/14743852445737874576/cromwell-executions/WholeGenomeGermlineSingleSample/32774cc6-b120-4b08-a694-107abb6e2242/call-BamToGvcf/VariantCalling/c61b4b0d-c7c6-436e-a01f-cafbe78c1d11/call-ScatterIntervalList/execution/docker_cid[0m)

# remove the container after waiting
docker rm [38;5;5mcat /mnt/nas1/projects/lasr/blendseq/warp-pipelines/warp-gatk-germline-single-sample-pipeline-master/tmp/14743852445737874576/cromwell-executions/WholeGenomeGermlineSingleSample/32774cc6-b120-4b08-a694-107abb6e2242/call-BamToGvcf/VariantCalling/c61b4b0d-c7c6-436e-a01f-cafbe78c1d11/call-ScatterIntervalList/execution/docker_cid[0m

# return exit code
exit $rc

# Job CalibrateDragstrModel

gatk --java-options "-Xmx1400m -DGATK_STACKTRACE_ON_USER_EXCEPTION=true -Dsamjdk.reference_fasta=/cromwell-executions/WholeGenomeGermlineSingleSample/32774cc6-b120-4b08-a694-107abb6e2242/call-BamToGvcf/VariantCalling/c61b4b0d-c7c6-436e-a01f-cafbe78c1d11/call-DragstrAutoCalibration/inputs/-1569105944/Homo_sapiens_assembly38_masked.fasta" \
  CalibrateDragstrModel \
    -R /cromwell-executions/WholeGenomeGermlineSingleSample/32774cc6-b120-4b08-a694-107abb6e2242/call-BamToGvcf/VariantCalling/c61b4b0d-c7c6-436e-a01f-cafbe78c1d11/call-DragstrAutoCalibration/inputs/-1569105944/Homo_sapiens_assembly38_masked.fasta \
    -I /cromwell-executions/WholeGenomeGermlineSingleSample/32774cc6-b120-4b08-a694-107abb6e2242/call-BamToGvcf/VariantCalling/c61b4b0d-c7c6-436e-a01f-cafbe78c1d11/call-DragstrAutoCalibration/inputs/-402910293/ERR3684866_ILMN.bam \
    -str /cromwell-executions/WholeGenomeGermlineSingleSample/32774cc6-b120-4b08-a694-107abb6e2242/call-BamToGvcf/VariantCalling/c61b4b0d-c7c6-436e-a01f-cafbe78c1d11/call-DragstrAutoCalibration/inputs/-1829625260/Homo_sapiens_assembly38.str \
    -O ERR3684866_ILMN.bam.dragstr \
    --threads 4[0m
rm -f /mnt/nas1/projects/lasr/blendseq/warp-pipelines/warp-gatk-germline-single-sample-pipeline-master/tmp/14743852445737874576/cromwell-executions/WholeGenomeGermlineSingleSample/32774cc6-b120-4b08-a694-107abb6e2242/call-BamToGvcf/VariantCalling/c61b4b0d-c7c6-436e-a01f-cafbe78c1d11/call-DragstrAutoCalibration/execution/docker_cid
# run as in the original configuration without --rm flag (will remove later)
docker run \
  --cidfile /mnt/nas1/projects/lasr/blendseq/warp-pipelines/warp-gatk-germline-single-sample-pipeline-master/tmp/14743852445737874576/cromwell-executions/WholeGenomeGermlineSingleSample/32774cc6-b120-4b08-a694-107abb6e2242/call-BamToGvcf/VariantCalling/c61b4b0d-c7c6-436e-a01f-cafbe78c1d11/call-DragstrAutoCalibration/execution/docker_cid \
  -i \
  --user 1027:1028 \
  --cpus="64" \
  --memory="204800M" \
  --entrypoint /bin/bash \
  -v /mnt/nas1/projects/lasr/blendseq/warp-pipelines/warp-gatk-germline-single-sample-pipeline-master/tmp/14743852445737874576/cromwell-executions/WholeGenomeGermlineSingleSample/32774cc6-b120-4b08-a694-107abb6e2242/call-BamToGvcf/VariantCalling/c61b4b0d-c7c6-436e-a01f-cafbe78c1d11/call-DragstrAutoCalibration:/cromwell-executions/WholeGenomeGermlineSingleSample/32774cc6-b120-4b08-a694-107abb6e2242/call-BamToGvcf/VariantCalling/c61b4b0d-c7c6-436e-a01f-cafbe78c1d11/call-DragstrAutoCalibration \
  us.gcr.io/broad-gatk/gatk@sha256:c88912855b845bd40c6b4bc8f3dd1d4b333ed2549cd3e8386987ee7c0c284f5a /cromwell-executions/WholeGenomeGermlineSingleSample/32774cc6-b120-4b08-a694-107abb6e2242/call-BamToGvcf/VariantCalling/c61b4b0d-c7c6-436e-a01f-cafbe78c1d11/call-DragstrAutoCalibration/execution/script

# get the return code (working even if the container was detached)
rc=$(docker wait [38;5;5mcat /mnt/nas1/projects/lasr/blendseq/warp-pipelines/warp-gatk-germline-single-sample-pipeline-master/tmp/14743852445737874576/cromwell-executions/WholeGenomeGermlineSingleSample/32774cc6-b120-4b08-a694-107abb6e2242/call-BamToGvcf/VariantCalling/c61b4b0d-c7c6-436e-a01f-cafbe78c1d11/call-DragstrAutoCalibration/execution/docker_cid[0m)

# remove the container after waiting
docker rm [38;5;5mcat /mnt/nas1/projects/lasr/blendseq/warp-pipelines/warp-gatk-germline-single-sample-pipeline-master/tmp/14743852445737874576/cromwell-executions/WholeGenomeGermlineSingleSample/32774cc6-b120-4b08-a694-107abb6e2242/call-BamToGvcf/VariantCalling/c61b4b0d-c7c6-436e-a01f-cafbe78c1d11/call-DragstrAutoCalibration/execution/docker_cid[0m

# return exit code
exit $rc

# Job ConvertToCram

set -o pipefail

samtools view -C -T /cromwell-executions/WholeGenomeGermlineSingleSample/32774cc6-b120-4b08-a694-107abb6e2242/call-BamToCram/BamToCram/1d471305-e958-40d6-bfd3-b4bb96c09469/call-ConvertToCram/inputs/-1569105944/Homo_sapiens_assembly38_masked.fasta /cromwell-executions/WholeGenomeGermlineSingleSample/32774cc6-b120-4b08-a694-107abb6e2242/call-BamToCram/BamToCram/1d471305-e958-40d6-bfd3-b4bb96c09469/call-ConvertToCram/inputs/-402910293/ERR3684866_ILMN.bam | \
tee ERR3684866_ILMN.cram | \
md5sum | awk '{print $1}' > ERR3684866_ILMN.cram.md5

# Create REF_CACHE. Used when indexing a CRAM
seq_cache_populate.pl -root ./ref/cache /cromwell-executions/WholeGenomeGermlineSingleSample/32774cc6-b120-4b08-a694-107abb6e2242/call-BamToCram/BamToCram/1d471305-e958-40d6-bfd3-b4bb96c09469/call-ConvertToCram/inputs/-1569105944/Homo_sapiens_assembly38_masked.fasta
export REF_PATH=:
export REF_CACHE=./ref/cache/%2s/%2s/%s

samtools index ERR3684866_ILMN.cram[0m
rm -f /mnt/nas1/projects/lasr/blendseq/warp-pipelines/warp-gatk-germline-single-sample-pipeline-master/tmp/14743852445737874576/cromwell-executions/WholeGenomeGermlineSingleSample/32774cc6-b120-4b08-a694-107abb6e2242/call-BamToCram/BamToCram/1d471305-e958-40d6-bfd3-b4bb96c09469/call-ConvertToCram/execution/docker_cid
# run as in the original configuration without --rm flag (will remove later)
docker run \
  --cidfile /mnt/nas1/projects/lasr/blendseq/warp-pipelines/warp-gatk-germline-single-sample-pipeline-master/tmp/14743852445737874576/cromwell-executions/WholeGenomeGermlineSingleSample/32774cc6-b120-4b08-a694-107abb6e2242/call-BamToCram/BamToCram/1d471305-e958-40d6-bfd3-b4bb96c09469/call-ConvertToCram/execution/docker_cid \
  -i \
  --user 1027:1028 \
  --cpus="64" \
  --memory="204800M" \
  --entrypoint /bin/bash \
  -v /mnt/nas1/projects/lasr/blendseq/warp-pipelines/warp-gatk-germline-single-sample-pipeline-master/tmp/14743852445737874576/cromwell-executions/WholeGenomeGermlineSingleSample/32774cc6-b120-4b08-a694-107abb6e2242/call-BamToCram/BamToCram/1d471305-e958-40d6-bfd3-b4bb96c09469/call-ConvertToCram:/cromwell-executions/WholeGenomeGermlineSingleSample/32774cc6-b120-4b08-a694-107abb6e2242/call-BamToCram/BamToCram/1d471305-e958-40d6-bfd3-b4bb96c09469/call-ConvertToCram \
  us.gcr.io/broad-gotc-prod/samtools@sha256:cb03231b6445a254d7da4372cea817692ae8802a643e1a8f57fa084b859775e3 /cromwell-executions/WholeGenomeGermlineSingleSample/32774cc6-b120-4b08-a694-107abb6e2242/call-BamToCram/BamToCram/1d471305-e958-40d6-bfd3-b4bb96c09469/call-ConvertToCram/execution/script

# get the return code (working even if the container was detached)
rc=$(docker wait [38;5;5mcat /mnt/nas1/projects/lasr/blendseq/warp-pipelines/warp-gatk-germline-single-sample-pipeline-master/tmp/14743852445737874576/cromwell-executions/WholeGenomeGermlineSingleSample/32774cc6-b120-4b08-a694-107abb6e2242/call-BamToCram/BamToCram/1d471305-e958-40d6-bfd3-b4bb96c09469/call-ConvertToCram/execution/docker_cid[0m)

# remove the container after waiting
docker rm [38;5;5mcat /mnt/nas1/projects/lasr/blendseq/warp-pipelines/warp-gatk-germline-single-sample-pipeline-master/tmp/14743852445737874576/cromwell-executions/WholeGenomeGermlineSingleSample/32774cc6-b120-4b08-a694-107abb6e2242/call-BamToCram/BamToCram/1d471305-e958-40d6-bfd3-b4bb96c09469/call-ConvertToCram/execution/docker_cid[0m

# return exit code
exit $rc

# Job CheckPreValidation

set -e

grep -A 1 PERCENT_DUPLICATION /cromwell-executions/WholeGenomeGermlineSingleSample/32774cc6-b120-4b08-a694-107abb6e2242/call-BamToCram/BamToCram/1d471305-e958-40d6-bfd3-b4bb96c09469/call-CheckPreValidation/inputs/1277689788/ERR3684866_ILMN.duplicate_metrics > duplication.csv
grep -A 3 PCT_CHIMERAS /cromwell-executions/WholeGenomeGermlineSingleSample/32774cc6-b120-4b08-a694-107abb6e2242/call-BamToCram/BamToCram/1d471305-e958-40d6-bfd3-b4bb96c09469/call-CheckPreValidation/inputs/-1946907478/ERR3684866_ILMN.alignment_summary_metrics | grep -v OF_PAIR > chimerism.csv

python3 <<CODE

import csv
with open('duplication.csv') as dupfile:
  reader = csv.DictReader(dupfile, delimiter='\t')
  for row in reader:
    with open("duplication_value.txt","w") as file:
      file.write(row['PERCENT_DUPLICATION'])
      file.close()

with open('chimerism.csv') as chimfile:
  reader = csv.DictReader(chimfile, delimiter='\t')
  for row in reader:
    with open("chimerism_value.txt","w") as file:
      file.write(row['PCT_CHIMERAS'])
      file.close()

CODE[0m
rm -f /mnt/nas1/projects/lasr/blendseq/warp-pipelines/warp-gatk-germline-single-sample-pipeline-master/tmp/14743852445737874576/cromwell-executions/WholeGenomeGermlineSingleSample/32774cc6-b120-4b08-a694-107abb6e2242/call-BamToCram/BamToCram/1d471305-e958-40d6-bfd3-b4bb96c09469/call-CheckPreValidation/execution/docker_cid
# run as in the original configuration without --rm flag (will remove later)
docker run \
  --cidfile /mnt/nas1/projects/lasr/blendseq/warp-pipelines/warp-gatk-germline-single-sample-pipeline-master/tmp/14743852445737874576/cromwell-executions/WholeGenomeGermlineSingleSample/32774cc6-b120-4b08-a694-107abb6e2242/call-BamToCram/BamToCram/1d471305-e958-40d6-bfd3-b4bb96c09469/call-CheckPreValidation/execution/docker_cid \
  -i \
  --user 1027:1028 \
  --cpus="64" \
  --memory="204800M" \
  --entrypoint /bin/bash \
  -v /mnt/nas1/projects/lasr/blendseq/warp-pipelines/warp-gatk-germline-single-sample-pipeline-master/tmp/14743852445737874576/cromwell-executions/WholeGenomeGermlineSingleSample/32774cc6-b120-4b08-a694-107abb6e2242/call-BamToCram/BamToCram/1d471305-e958-40d6-bfd3-b4bb96c09469/call-CheckPreValidation:/cromwell-executions/WholeGenomeGermlineSingleSample/32774cc6-b120-4b08-a694-107abb6e2242/call-BamToCram/BamToCram/1d471305-e958-40d6-bfd3-b4bb96c09469/call-CheckPreValidation \
  us.gcr.io/broad-dsp-gcr-public/base/python@sha256:af87295ec55957b9997a20803e5e612fe819e39be40a6cd817d696f6b758ad1a /cromwell-executions/WholeGenomeGermlineSingleSample/32774cc6-b120-4b08-a694-107abb6e2242/call-BamToCram/BamToCram/1d471305-e958-40d6-bfd3-b4bb96c09469/call-CheckPreValidation/execution/script

# get the return code (working even if the container was detached)
rc=$(docker wait [38;5;5mcat /mnt/nas1/projects/lasr/blendseq/warp-pipelines/warp-gatk-germline-single-sample-pipeline-master/tmp/14743852445737874576/cromwell-executions/WholeGenomeGermlineSingleSample/32774cc6-b120-4b08-a694-107abb6e2242/call-BamToCram/BamToCram/1d471305-e958-40d6-bfd3-b4bb96c09469/call-CheckPreValidation/execution/docker_cid[0m)

# remove the container after waiting
docker rm [38;5;5mcat /mnt/nas1/projects/lasr/blendseq/warp-pipelines/warp-gatk-germline-single-sample-pipeline-master/tmp/14743852445737874576/cromwell-executions/WholeGenomeGermlineSingleSample/32774cc6-b120-4b08-a694-107abb6e2242/call-BamToCram/BamToCram/1d471305-e958-40d6-bfd3-b4bb96c09469/call-CheckPreValidation/execution/docker_cid[0m

# return exit code
exit $rc

# Job HaplotypeCaller (repeated for each shard) 

# We need at least 1 GB of available memory outside of the Java heap in order to execute native code, thus, limit
# Java's memory by the total memory minus 1 GB. We need to compute the total memory as it might differ from
# memory_size_gb because of Cromwell's retry with more memory feature.
mem_unit=$(echo "${MEM_UNIT:-}" | cut -c 1)

if [[ $mem_unit == "M" ]]; then
  available_memory_mb=$(awk "BEGIN {print int($MEM_SIZE)}")
elif [[ $mem_unit == "G" ]]; then
  available_memory_mb=$(awk "BEGIN {print int($MEM_SIZE * 1024)}")
else
  available_memory_mb=$(free -m | awk '/^Mem/ {print $2}')
fi

let java_memory_size_mb=available_memory_mb-1024
echo Total available memory: ${available_memory_mb} MB >&2
echo Memory reserved for Java: ${java_memory_size_mb} MB >&2

gatk --java-options "-Xmx150000m -Xms150000m -XX:GCTimeLimit=50 -XX:GCHeapFreeLimit=10" \
  HaplotypeCaller \
  -R /cromwell-executions/WholeGenomeGermlineSingleSample/32774cc6-b120-4b08-a694-107abb6e2242/call-BamToGvcf/VariantCalling/c61b4b0d-c7c6-436e-a01f-cafbe78c1d11/call-HaplotypeCallerGATK4/shard-6/inputs/-1569105944/Homo_sapiens_assembly38_masked.fasta \
  -I /cromwell-executions/WholeGenomeGermlineSingleSample/32774cc6-b120-4b08-a694-107abb6e2242/call-BamToGvcf/VariantCalling/c61b4b0d-c7c6-436e-a01f-cafbe78c1d11/call-HaplotypeCallerGATK4/shard-6/inputs/-402910293/ERR3684866_ILMN.bam \
  -L /cromwell-executions/WholeGenomeGermlineSingleSample/32774cc6-b120-4b08-a694-107abb6e2242/call-BamToGvcf/VariantCalling/c61b4b0d-c7c6-436e-a01f-cafbe78c1d11/call-HaplotypeCallerGATK4/shard-6/inputs/-480879322/16scattered.interval_list \
  -O ERR3684866_ILMN.g.vcf.gz \
  -contamination 0.0 \
  -G StandardAnnotation -G StandardHCAnnotation -G AS_StandardAnnotation \
  --dragen-mode \
   \
  --dragstr-params-path /cromwell-executions/WholeGenomeGermlineSingleSample/32774cc6-b120-4b08-a694-107abb6e2242/call-BamToGvcf/VariantCalling/c61b4b0d-c7c6-436e-a01f-cafbe78c1d11/call-HaplotypeCallerGATK4/shard-6/inputs/-615369248/ERR3684866_ILMN.bam.dragstr \
  -GQB 10 -GQB 20 -GQB 30 -GQB 40 -GQB 50 -GQB 60 -GQB 70 -GQB 80 -GQB 90 \
  -ERC GVCF \
  

# Cromwell doesn't like optional task outputs, so we have to touch this file.
touch ERR3684866_ILMN.bamout.bam[0m
rm -f /mnt/nas1/projects/lasr/blendseq/warp-pipelines/warp-gatk-germline-single-sample-pipeline-master/tmp/14743852445737874576/cromwell-executions/WholeGenomeGermlineSingleSample/32774cc6-b120-4b08-a694-107abb6e2242/call-BamToGvcf/VariantCalling/c61b4b0d-c7c6-436e-a01f-cafbe78c1d11/call-HaplotypeCallerGATK4/shard-6/execution/docker_cid
# run as in the original configuration without --rm flag (will remove later)
docker run \
  --cidfile /mnt/nas1/projects/lasr/blendseq/warp-pipelines/warp-gatk-germline-single-sample-pipeline-master/tmp/14743852445737874576/cromwell-executions/WholeGenomeGermlineSingleSample/32774cc6-b120-4b08-a694-107abb6e2242/call-BamToGvcf/VariantCalling/c61b4b0d-c7c6-436e-a01f-cafbe78c1d11/call-HaplotypeCallerGATK4/shard-6/execution/docker_cid \
  -i \
  --user 1027:1028 \
  --cpus="64" \
  --memory="204800M" \
  --entrypoint /bin/bash \
  -v /mnt/nas1/projects/lasr/blendseq/warp-pipelines/warp-gatk-germline-single-sample-pipeline-master/tmp/14743852445737874576/cromwell-executions/WholeGenomeGermlineSingleSample/32774cc6-b120-4b08-a694-107abb6e2242/call-BamToGvcf/VariantCalling/c61b4b0d-c7c6-436e-a01f-cafbe78c1d11/call-HaplotypeCallerGATK4/shard-6:/cromwell-executions/WholeGenomeGermlineSingleSample/32774cc6-b120-4b08-a694-107abb6e2242/call-BamToGvcf/VariantCalling/c61b4b0d-c7c6-436e-a01f-cafbe78c1d11/call-HaplotypeCallerGATK4/shard-6 \
  us.gcr.io/broad-gatk/gatk@sha256:c88912855b845bd40c6b4bc8f3dd1d4b333ed2549cd3e8386987ee7c0c284f5a /cromwell-executions/WholeGenomeGermlineSingleSample/32774cc6-b120-4b08-a694-107abb6e2242/call-BamToGvcf/VariantCalling/c61b4b0d-c7c6-436e-a01f-cafbe78c1d11/call-HaplotypeCallerGATK4/shard-6/execution/script

# get the return code (working even if the container was detached)
rc=$(docker wait [38;5;5mcat /mnt/nas1/projects/lasr/blendseq/warp-pipelines/warp-gatk-germline-single-sample-pipeline-master/tmp/14743852445737874576/cromwell-executions/WholeGenomeGermlineSingleSample/32774cc6-b120-4b08-a694-107abb6e2242/call-BamToGvcf/VariantCalling/c61b4b0d-c7c6-436e-a01f-cafbe78c1d11/call-HaplotypeCallerGATK4/shard-6/execution/docker_cid[0m)

# remove the container after waiting
docker rm [38;5;5mcat /mnt/nas1/projects/lasr/blendseq/warp-pipelines/warp-gatk-germline-single-sample-pipeline-master/tmp/14743852445737874576/cromwell-executions/WholeGenomeGermlineSingleSample/32774cc6-b120-4b08-a694-107abb6e2242/call-BamToGvcf/VariantCalling/c61b4b0d-c7c6-436e-a01f-cafbe78c1d11/call-HaplotypeCallerGATK4/shard-6/execution/docker_cid[0m

# return exit code
exit $rc

# Job ValidateSamFile

  ValidateSamFile \
  INPUT=/cromwell-executions/WholeGenomeGermlineSingleSample/32774cc6-b120-4b08-a694-107abb6e2242/call-BamToCram/BamToCram/1d471305-e958-40d6-bfd3-b4bb96c09469/call-ValidateCram/inputs/-493195189/ERR3684866_ILMN.cram \
  OUTPUT=ERR3684866_ILMN.cram.validation_report \
  REFERENCE_SEQUENCE=/cromwell-executions/WholeGenomeGermlineSingleSample/32774cc6-b120-4b08-a694-107abb6e2242/call-BamToCram/BamToCram/1d471305-e958-40d6-bfd3-b4bb96c09469/call-ValidateCram/inputs/-1569105944/Homo_sapiens_assembly38_masked.fasta \
  MAX_OUTPUT=1000000000 \
  IGNORE=MISSING_TAG_NM \
  MODE=VERBOSE \
  SKIP_MATE_VALIDATION=false \
  IS_BISULFITE_SEQUENCED=false[0m
rm -f /mnt/nas1/projects/lasr/blendseq/warp-pipelines/warp-gatk-germline-single-sample-pipeline-master/tmp/14743852445737874576/cromwell-executions/WholeGenomeGermlineSingleSample/32774cc6-b120-4b08-a694-107abb6e2242/call-BamToCram/BamToCram/1d471305-e958-40d6-bfd3-b4bb96c09469/call-ValidateCram/execution/docker_cid
# run as in the original configuration without --rm flag (will remove later)
docker run \
  --cidfile /mnt/nas1/projects/lasr/blendseq/warp-pipelines/warp-gatk-germline-single-sample-pipeline-master/tmp/14743852445737874576/cromwell-executions/WholeGenomeGermlineSingleSample/32774cc6-b120-4b08-a694-107abb6e2242/call-BamToCram/BamToCram/1d471305-e958-40d6-bfd3-b4bb96c09469/call-ValidateCram/execution/docker_cid \
  -i \
  --user 1027:1028 \
  --cpus="64" \
  --memory="204800M" \
  --entrypoint /bin/bash \
  -v /mnt/nas1/projects/lasr/blendseq/warp-pipelines/warp-gatk-germline-single-sample-pipeline-master/tmp/14743852445737874576/cromwell-executions/WholeGenomeGermlineSingleSample/32774cc6-b120-4b08-a694-107abb6e2242/call-BamToCram/BamToCram/1d471305-e958-40d6-bfd3-b4bb96c09469/call-ValidateCram:/cromwell-executions/WholeGenomeGermlineSingleSample/32774cc6-b120-4b08-a694-107abb6e2242/call-BamToCram/BamToCram/1d471305-e958-40d6-bfd3-b4bb96c09469/call-ValidateCram \
  us.gcr.io/broad-gotc-prod/picard-cloud@sha256:e5ad5339080c3107c04e4a4d000b8ab06f472b77019debc3ff75499d28995b0c /cromwell-executions/WholeGenomeGermlineSingleSample/32774cc6-b120-4b08-a694-107abb6e2242/call-BamToCram/BamToCram/1d471305-e958-40d6-bfd3-b4bb96c09469/call-ValidateCram/execution/script

# get the return code (working even if the container was detached)
rc=$(docker wait [38;5;5mcat /mnt/nas1/projects/lasr/blendseq/warp-pipelines/warp-gatk-germline-single-sample-pipeline-master/tmp/14743852445737874576/cromwell-executions/WholeGenomeGermlineSingleSample/32774cc6-b120-4b08-a694-107abb6e2242/call-BamToCram/BamToCram/1d471305-e958-40d6-bfd3-b4bb96c09469/call-ValidateCram/execution/docker_cid[0m)

# remove the container after waiting
docker rm [38;5;5mcat /mnt/nas1/projects/lasr/blendseq/warp-pipelines/warp-gatk-germline-single-sample-pipeline-master/tmp/14743852445737874576/cromwell-executions/WholeGenomeGermlineSingleSample/32774cc6-b120-4b08-a694-107abb6e2242/call-BamToCram/BamToCram/1d471305-e958-40d6-bfd3-b4bb96c09469/call-ValidateCram/execution/docker_cid[0m

# return exit code
exit $rc
{
  "BamToCram.validate_cram_file_report": "/mnt/nas1/projects/lasr/blendseq/warp-pipelines/warp-gatk-germline-single-sample-pipeline-master/tmp/14743852445737874576/cromwell-executions/WholeGenomeGermlineSingleSample/32774cc6-b120-4b08-a694-107abb6e2242/call-BamToCram/BamToCram/1d471305-e958-40d6-bfd3-b4bb96c09469/call-ValidateCram/execution/ERR3684866_ILMN.cram.validation_report",
  "BamToCram.output_cram": "/mnt/nas1/projects/lasr/blendseq/warp-pipelines/warp-gatk-germline-single-sample-pipeline-master/tmp/14743852445737874576/cromwell-executions/WholeGenomeGermlineSingleSample/32774cc6-b120-4b08-a694-107abb6e2242/call-BamToCram/BamToCram/1d471305-e958-40d6-bfd3-b4bb96c09469/call-ConvertToCram/execution/ERR3684866_ILMN.cram",
  "BamToCram.output_cram_md5": "/mnt/nas1/projects/lasr/blendseq/warp-pipelines/warp-gatk-germline-single-sample-pipeline-master/tmp/14743852445737874576/cromwell-executions/WholeGenomeGermlineSingleSample/32774cc6-b120-4b08-a694-107abb6e2242/call-BamToCram/BamToCram/1d471305-e958-40d6-bfd3-b4bb96c09469/call-ConvertToCram/execution/ERR3684866_ILMN.cram.md5",
  "BamToCram.output_cram_index": "/mnt/nas1/projects/lasr/blendseq/warp-pipelines/warp-gatk-germline-single-sample-pipeline-master/tmp/14743852445737874576/cromwell-executions/WholeGenomeGermlineSingleSample/32774cc6-b120-4b08-a694-107abb6e2242/call-BamToCram/BamToCram/1d471305-e958-40d6-bfd3-b4bb96c09469/call-ConvertToCram/execution/ERR3684866_ILMN.cram.crai"
}

# Job VariantFiltration (repeated for each shard) 

 VariantFiltration \
 -V /cromwell-executions/WholeGenomeGermlineSingleSample/32774cc6-b120-4b08-a694-107abb6e2242/call-BamToGvcf/VariantCalling/c61b4b0d-c7c6-436e-a01f-cafbe78c1d11/call-DragenHardFilterVcf/shard-6/inputs/-1041588802/ERR3684866_ILMN.g.vcf.gz \
 --filter-expression "QUAL < 10.4139" \
 --filter-name "DRAGENHardQUAL" \
 -O ERR3684866_ILMN.hard-filtered.g.vcf.gz[0m
rm -f /mnt/nas1/projects/lasr/blendseq/warp-pipelines/warp-gatk-germline-single-sample-pipeline-master/tmp/14743852445737874576/cromwell-executions/WholeGenomeGermlineSingleSample/32774cc6-b120-4b08-a694-107abb6e2242/call-BamToGvcf/VariantCalling/c61b4b0d-c7c6-436e-a01f-cafbe78c1d11/call-DragenHardFilterVcf/shard-6/execution/docker_cid
# run as in the original configuration without --rm flag (will remove later)
docker run \
  --cidfile /mnt/nas1/projects/lasr/blendseq/warp-pipelines/warp-gatk-germline-single-sample-pipeline-master/tmp/14743852445737874576/cromwell-executions/WholeGenomeGermlineSingleSample/32774cc6-b120-4b08-a694-107abb6e2242/call-BamToGvcf/VariantCalling/c61b4b0d-c7c6-436e-a01f-cafbe78c1d11/call-DragenHardFilterVcf/shard-6/execution/docker_cid \
  -i \
  --user 1027:1028 \
  --cpus="64" \
  --memory="204800M" \
  --entrypoint /bin/bash \
  -v /mnt/nas1/projects/lasr/blendseq/warp-pipelines/warp-gatk-germline-single-sample-pipeline-master/tmp/14743852445737874576/cromwell-executions/WholeGenomeGermlineSingleSample/32774cc6-b120-4b08-a694-107abb6e2242/call-BamToGvcf/VariantCalling/c61b4b0d-c7c6-436e-a01f-cafbe78c1d11/call-DragenHardFilterVcf/shard-6:/cromwell-executions/WholeGenomeGermlineSingleSample/32774cc6-b120-4b08-a694-107abb6e2242/call-BamToGvcf/VariantCalling/c61b4b0d-c7c6-436e-a01f-cafbe78c1d11/call-DragenHardFilterVcf/shard-6 \
  us.gcr.io/broad-gatk/gatk@sha256:c88912855b845bd40c6b4bc8f3dd1d4b333ed2549cd3e8386987ee7c0c284f5a /cromwell-executions/WholeGenomeGermlineSingleSample/32774cc6-b120-4b08-a694-107abb6e2242/call-BamToGvcf/VariantCalling/c61b4b0d-c7c6-436e-a01f-cafbe78c1d11/call-DragenHardFilterVcf/shard-6/execution/script

# get the return code (working even if the container was detached)
rc=$(docker wait [38;5;5mcat /mnt/nas1/projects/lasr/blendseq/warp-pipelines/warp-gatk-germline-single-sample-pipeline-master/tmp/14743852445737874576/cromwell-executions/WholeGenomeGermlineSingleSample/32774cc6-b120-4b08-a694-107abb6e2242/call-BamToGvcf/VariantCalling/c61b4b0d-c7c6-436e-a01f-cafbe78c1d11/call-DragenHardFilterVcf/shard-6/execution/docker_cid[0m)

# remove the container after waiting
docker rm [38;5;5mcat /mnt/nas1/projects/lasr/blendseq/warp-pipelines/warp-gatk-germline-single-sample-pipeline-master/tmp/14743852445737874576/cromwell-executions/WholeGenomeGermlineSingleSample/32774cc6-b120-4b08-a694-107abb6e2242/call-BamToGvcf/VariantCalling/c61b4b0d-c7c6-436e-a01f-cafbe78c1d11/call-DragenHardFilterVcf/shard-6/execution/docker_cid[0m

# return exit code
exit $rc

# Job MergeVcfs

  MergeVcfs \
  INPUT=/cromwell-executions/WholeGenomeGermlineSingleSample/32774cc6-b120-4b08-a694-107abb6e2242/call-BamToGvcf/VariantCalling/c61b4b0d-c7c6-436e-a01f-cafbe78c1d11/call-MergeVCFs/inputs/1867559099/ERR3684866_ILMN.hard-filtered.g.vcf.gz INPUT=/cromwell-executions/WholeGenomeGermlineSingleSample/32774cc6-b120-4b08-a694-107abb6e2242/call-BamToGvcf/VariantCalling/c61b4b0d-c7c6-436e-a01f-cafbe78c1d11/call-MergeVCFs/inputs/70607740/ERR3684866_ILMN.hard-filtered.g.vcf.gz INPUT=/cromwell-executions/WholeGenomeGermlineSingleSample/32774cc6-b120-4b08-a694-107abb6e2242/call-BamToGvcf/VariantCalling/c61b4b0d-c7c6-436e-a01f-cafbe78c1d11/call-MergeVCFs/inputs/-1726343619/ERR3684866_ILMN.hard-filtered.g.vcf.gz INPUT=/cromwell-executions/WholeGenomeGermlineSingleSample/32774cc6-b120-4b08-a694-107abb6e2242/call-BamToGvcf/VariantCalling/c61b4b0d-c7c6-436e-a01f-cafbe78c1d11/call-MergeVCFs/inputs/771672318/ERR3684866_ILMN.hard-filtered.g.vcf.gz INPUT=/cromwell-executions/WholeGenomeGermlineSingleSample/32774cc6-b120-4b08-a694-107abb6e2242/call-BamToGvcf/VariantCalling/c61b4b0d-c7c6-436e-a01f-cafbe78c1d11/call-MergeVCFs/inputs/-1025279041/ERR3684866_ILMN.hard-filtered.g.vcf.gz INPUT=/cromwell-executions/WholeGenomeGermlineSingleSample/32774cc6-b120-4b08-a694-107abb6e2242/call-BamToGvcf/VariantCalling/c61b4b0d-c7c6-436e-a01f-cafbe78c1d11/call-MergeVCFs/inputs/1472736896/ERR3684866_ILMN.hard-filtered.g.vcf.gz INPUT=/cromwell-executions/WholeGenomeGermlineSingleSample/32774cc6-b120-4b08-a694-107abb6e2242/call-BamToGvcf/VariantCalling/c61b4b0d-c7c6-436e-a01f-cafbe78c1d11/call-MergeVCFs/inputs/-324214463/ERR3684866_ILMN.hard-filtered.g.vcf.gz INPUT=/cromwell-executions/WholeGenomeGermlineSingleSample/32774cc6-b120-4b08-a694-107abb6e2242/call-BamToGvcf/VariantCalling/c61b4b0d-c7c6-436e-a01f-cafbe78c1d11/call-MergeVCFs/inputs/-2121165822/ERR3684866_ILMN.hard-filtered.g.vcf.gz INPUT=/cromwell-executions/WholeGenomeGermlineSingleSample/32774cc6-b120-4b08-a694-107abb6e2242/call-BamToGvcf/VariantCalling/c61b4b0d-c7c6-436e-a01f-cafbe78c1d11/call-MergeVCFs/inputs/376850115/ERR3684866_ILMN.hard-filtered.g.vcf.gz INPUT=/cromwell-executions/WholeGenomeGermlineSingleSample/32774cc6-b120-4b08-a694-107abb6e2242/call-BamToGvcf/VariantCalling/c61b4b0d-c7c6-436e-a01f-cafbe78c1d11/call-MergeVCFs/inputs/-1420101244/ERR3684866_ILMN.hard-filtered.g.vcf.gz INPUT=/cromwell-executions/WholeGenomeGermlineSingleSample/32774cc6-b120-4b08-a694-107abb6e2242/call-BamToGvcf/VariantCalling/c61b4b0d-c7c6-436e-a01f-cafbe78c1d11/call-MergeVCFs/inputs/-1884801370/ERR3684866_ILMN.hard-filtered.g.vcf.gz INPUT=/cromwell-executions/WholeGenomeGermlineSingleSample/32774cc6-b120-4b08-a694-107abb6e2242/call-BamToGvcf/VariantCalling/c61b4b0d-c7c6-436e-a01f-cafbe78c1d11/call-MergeVCFs/inputs/613214567/ERR3684866_ILMN.hard-filtered.g.vcf.gz INPUT=/cromwell-executions/WholeGenomeGermlineSingleSample/32774cc6-b120-4b08-a694-107abb6e2242/call-BamToGvcf/VariantCalling/c61b4b0d-c7c6-436e-a01f-cafbe78c1d11/call-MergeVCFs/inputs/-1183736792/ERR3684866_ILMN.hard-filtered.g.vcf.gz INPUT=/cromwell-executions/WholeGenomeGermlineSingleSample/32774cc6-b120-4b08-a694-107abb6e2242/call-BamToGvcf/VariantCalling/c61b4b0d-c7c6-436e-a01f-cafbe78c1d11/call-MergeVCFs/inputs/1314279145/ERR3684866_ILMN.hard-filtered.g.vcf.gz INPUT=/cromwell-executions/WholeGenomeGermlineSingleSample/32774cc6-b120-4b08-a694-107abb6e2242/call-BamToGvcf/VariantCalling/c61b4b0d-c7c6-436e-a01f-cafbe78c1d11/call-MergeVCFs/inputs/-482672214/ERR3684866_ILMN.hard-filtered.g.vcf.gz INPUT=/cromwell-executions/WholeGenomeGermlineSingleSample/32774cc6-b120-4b08-a694-107abb6e2242/call-BamToGvcf/VariantCalling/c61b4b0d-c7c6-436e-a01f-cafbe78c1d11/call-MergeVCFs/inputs/2015343723/ERR3684866_ILMN.hard-filtered.g.vcf.gz INPUT=/cromwell-executions/WholeGenomeGermlineSingleSample/32774cc6-b120-4b08-a694-107abb6e2242/call-BamToGvcf/VariantCalling/c61b4b0d-c7c6-436e-a01f-cafbe78c1d11/call-MergeVCFs/inputs/218392364/ERR3684866_ILMN.hard-filtered.g.vcf.gz INPUT=/cromwell-executions/WholeGenomeGermlineSingleSample/32774cc6-b120-4b08-a694-107abb6e2242/call-BamToGvcf/VariantCalling/c61b4b0d-c7c6-436e-a01f-cafbe78c1d11/call-MergeVCFs/inputs/-1578558995/ERR3684866_ILMN.hard-filtered.g.vcf.gz INPUT=/cromwell-executions/WholeGenomeGermlineSingleSample/32774cc6-b120-4b08-a694-107abb6e2242/call-BamToGvcf/VariantCalling/c61b4b0d-c7c6-436e-a01f-cafbe78c1d11/call-MergeVCFs/inputs/919456942/ERR3684866_ILMN.hard-filtered.g.vcf.gz INPUT=/cromwell-executions/WholeGenomeGermlineSingleSample/32774cc6-b120-4b08-a694-107abb6e2242/call-BamToGvcf/VariantCalling/c61b4b0d-c7c6-436e-a01f-cafbe78c1d11/call-MergeVCFs/inputs/-877494417/ERR3684866_ILMN.hard-filtered.g.vcf.gz INPUT=/cromwell-executions/WholeGenomeGermlineSingleSample/32774cc6-b120-4b08-a694-107abb6e2242/call-BamToGvcf/VariantCalling/c61b4b0d-c7c6-436e-a01f-cafbe78c1d11/call-MergeVCFs/inputs/-1755718651/ERR3684866_ILMN.hard-filtered.g.vcf.gz INPUT=/cromwell-executions/WholeGenomeGermlineSingleSample/32774cc6-b120-4b08-a694-107abb6e2242/call-BamToGvcf/VariantCalling/c61b4b0d-c7c6-436e-a01f-cafbe78c1d11/call-MergeVCFs/inputs/742297286/ERR3684866_ILMN.hard-filtered.g.vcf.gz INPUT=/cromwell-executions/WholeGenomeGermlineSingleSample/32774cc6-b120-4b08-a694-107abb6e2242/call-BamToGvcf/VariantCalling/c61b4b0d-c7c6-436e-a01f-cafbe78c1d11/call-MergeVCFs/inputs/-1054654073/ERR3684866_ILMN.hard-filtered.g.vcf.gz INPUT=/cromwell-executions/WholeGenomeGermlineSingleSample/32774cc6-b120-4b08-a694-107abb6e2242/call-BamToGvcf/VariantCalling/c61b4b0d-c7c6-436e-a01f-cafbe78c1d11/call-MergeVCFs/inputs/1443361864/ERR3684866_ILMN.hard-filtered.g.vcf.gz INPUT=/cromwell-executions/WholeGenomeGermlineSingleSample/32774cc6-b120-4b08-a694-107abb6e2242/call-BamToGvcf/VariantCalling/c61b4b0d-c7c6-436e-a01f-cafbe78c1d11/call-MergeVCFs/inputs/-353589495/ERR3684866_ILMN.hard-filtered.g.vcf.gz INPUT=/cromwell-executions/WholeGenomeGermlineSingleSample/32774cc6-b120-4b08-a694-107abb6e2242/call-BamToGvcf/VariantCalling/c61b4b0d-c7c6-436e-a01f-cafbe78c1d11/call-MergeVCFs/inputs/2144426442/ERR3684866_ILMN.hard-filtered.g.vcf.gz INPUT=/cromwell-executions/WholeGenomeGermlineSingleSample/32774cc6-b120-4b08-a694-107abb6e2242/call-BamToGvcf/VariantCalling/c61b4b0d-c7c6-436e-a01f-cafbe78c1d11/call-MergeVCFs/inputs/347475083/ERR3684866_ILMN.hard-filtered.g.vcf.gz INPUT=/cromwell-executions/WholeGenomeGermlineSingleSample/32774cc6-b120-4b08-a694-107abb6e2242/call-BamToGvcf/VariantCalling/c61b4b0d-c7c6-436e-a01f-cafbe78c1d11/call-MergeVCFs/inputs/-1449476276/ERR3684866_ILMN.hard-filtered.g.vcf.gz INPUT=/cromwell-executions/WholeGenomeGermlineSingleSample/32774cc6-b120-4b08-a694-107abb6e2242/call-BamToGvcf/VariantCalling/c61b4b0d-c7c6-436e-a01f-cafbe78c1d11/call-MergeVCFs/inputs/1048539661/ERR3684866_ILMN.hard-filtered.g.vcf.gz INPUT=/cromwell-executions/WholeGenomeGermlineSingleSample/32774cc6-b120-4b08-a694-107abb6e2242/call-BamToGvcf/VariantCalling/c61b4b0d-c7c6-436e-a01f-cafbe78c1d11/call-MergeVCFs/inputs/-748411698/ERR3684866_ILMN.hard-filtered.g.vcf.gz INPUT=/cromwell-executions/WholeGenomeGermlineSingleSample/32774cc6-b120-4b08-a694-107abb6e2242/call-BamToGvcf/VariantCalling/c61b4b0d-c7c6-436e-a01f-cafbe78c1d11/call-MergeVCFs/inputs/-1626635932/ERR3684866_ILMN.hard-filtered.g.vcf.gz INPUT=/cromwell-executions/WholeGenomeGermlineSingleSample/32774cc6-b120-4b08-a694-107abb6e2242/call-BamToGvcf/VariantCalling/c61b4b0d-c7c6-436e-a01f-cafbe78c1d11/call-MergeVCFs/inputs/871380005/ERR3684866_ILMN.hard-filtered.g.vcf.gz INPUT=/cromwell-executions/WholeGenomeGermlineSingleSample/32774cc6-b120-4b08-a694-107abb6e2242/call-BamToGvcf/VariantCalling/c61b4b0d-c7c6-436e-a01f-cafbe78c1d11/call-MergeVCFs/inputs/-925571354/ERR3684866_ILMN.hard-filtered.g.vcf.gz INPUT=/cromwell-executions/WholeGenomeGermlineSingleSample/32774cc6-b120-4b08-a694-107abb6e2242/call-BamToGvcf/VariantCalling/c61b4b0d-c7c6-436e-a01f-cafbe78c1d11/call-MergeVCFs/inputs/1572444583/ERR3684866_ILMN.hard-filtered.g.vcf.gz INPUT=/cromwell-executions/WholeGenomeGermlineSingleSample/32774cc6-b120-4b08-a694-107abb6e2242/call-BamToGvcf/VariantCalling/c61b4b0d-c7c6-436e-a01f-cafbe78c1d11/call-MergeVCFs/inputs/-224506776/ERR3684866_ILMN.hard-filtered.g.vcf.gz INPUT=/cromwell-executions/WholeGenomeGermlineSingleSample/32774cc6-b120-4b08-a694-107abb6e2242/call-BamToGvcf/VariantCalling/c61b4b0d-c7c6-436e-a01f-cafbe78c1d11/call-MergeVCFs/inputs/-2021458135/ERR3684866_ILMN.hard-filtered.g.vcf.gz INPUT=/cromwell-executions/WholeGenomeGermlineSingleSample/32774cc6-b120-4b08-a694-107abb6e2242/call-BamToGvcf/VariantCalling/c61b4b0d-c7c6-436e-a01f-cafbe78c1d11/call-MergeVCFs/inputs/476557802/ERR3684866_ILMN.hard-filtered.g.vcf.gz INPUT=/cromwell-executions/WholeGenomeGermlineSingleSample/32774cc6-b120-4b08-a694-107abb6e2242/call-BamToGvcf/VariantCalling/c61b4b0d-c7c6-436e-a01f-cafbe78c1d11/call-MergeVCFs/inputs/-1320393557/ERR3684866_ILMN.hard-filtered.g.vcf.gz INPUT=/cromwell-executions/WholeGenomeGermlineSingleSample/32774cc6-b120-4b08-a694-107abb6e2242/call-BamToGvcf/VariantCalling/c61b4b0d-c7c6-436e-a01f-cafbe78c1d11/call-MergeVCFs/inputs/1177622380/ERR3684866_ILMN.hard-filtered.g.vcf.gz INPUT=/cromwell-executions/WholeGenomeGermlineSingleSample/32774cc6-b120-4b08-a694-107abb6e2242/call-BamToGvcf/VariantCalling/c61b4b0d-c7c6-436e-a01f-cafbe78c1d11/call-MergeVCFs/inputs/-619328979/ERR3684866_ILMN.hard-filtered.g.vcf.gz INPUT=/cromwell-executions/WholeGenomeGermlineSingleSample/32774cc6-b120-4b08-a694-107abb6e2242/call-BamToGvcf/VariantCalling/c61b4b0d-c7c6-436e-a01f-cafbe78c1d11/call-MergeVCFs/inputs/-1497553213/ERR3684866_ILMN.hard-filtered.g.vcf.gz INPUT=/cromwell-executions/WholeGenomeGermlineSingleSample/32774cc6-b120-4b08-a694-107abb6e2242/call-BamToGvcf/VariantCalling/c61b4b0d-c7c6-436e-a01f-cafbe78c1d11/call-MergeVCFs/inputs/1000462724/ERR3684866_ILMN.hard-filtered.g.vcf.gz INPUT=/cromwell-executions/WholeGenomeGermlineSingleSample/32774cc6-b120-4b08-a694-107abb6e2242/call-BamToGvcf/VariantCalling/c61b4b0d-c7c6-436e-a01f-cafbe78c1d11/call-MergeVCFs/inputs/-796488635/ERR3684866_ILMN.hard-filtered.g.vcf.gz INPUT=/cromwell-executions/WholeGenomeGermlineSingleSample/32774cc6-b120-4b08-a694-107abb6e2242/call-BamToGvcf/VariantCalling/c61b4b0d-c7c6-436e-a01f-cafbe78c1d11/call-MergeVCFs/inputs/1701527302/ERR3684866_ILMN.hard-filtered.g.vcf.gz INPUT=/cromwell-executions/WholeGenomeGermlineSingleSample/32774cc6-b120-4b08-a694-107abb6e2242/call-BamToGvcf/VariantCalling/c61b4b0d-c7c6-436e-a01f-cafbe78c1d11/call-MergeVCFs/inputs/-95424057/ERR3684866_ILMN.hard-filtered.g.vcf.gz INPUT=/cromwell-executions/WholeGenomeGermlineSingleSample/32774cc6-b120-4b08-a694-107abb6e2242/call-BamToGvcf/VariantCalling/c61b4b0d-c7c6-436e-a01f-cafbe78c1d11/call-MergeVCFs/inputs/-1892375416/ERR3684866_ILMN.hard-filtered.g.vcf.gz INPUT=/cromwell-executions/WholeGenomeGermlineSingleSample/32774cc6-b120-4b08-a694-107abb6e2242/call-BamToGvcf/VariantCalling/c61b4b0d-c7c6-436e-a01f-cafbe78c1d11/call-MergeVCFs/inputs/605640521/ERR3684866_ILMN.hard-filtered.g.vcf.gz INPUT=/cromwell-executions/WholeGenomeGermlineSingleSample/32774cc6-b120-4b08-a694-107abb6e2242/call-BamToGvcf/VariantCalling/c61b4b0d-c7c6-436e-a01f-cafbe78c1d11/call-MergeVCFs/inputs/-1191310838/ERR3684866_ILMN.hard-filtered.g.vcf.gz INPUT=/cromwell-executions/WholeGenomeGermlineSingleSample/32774cc6-b120-4b08-a694-107abb6e2242/call-BamToGvcf/VariantCalling/c61b4b0d-c7c6-436e-a01f-cafbe78c1d11/call-MergeVCFs/inputs/1306705099/ERR3684866_ILMN.hard-filtered.g.vcf.gz INPUT=/cromwell-executions/WholeGenomeGermlineSingleSample/32774cc6-b120-4b08-a694-107abb6e2242/call-BamToGvcf/VariantCalling/c61b4b0d-c7c6-436e-a01f-cafbe78c1d11/call-MergeVCFs/inputs/-490246260/ERR3684866_ILMN.hard-filtered.g.vcf.gz \
  OUTPUT=ERR3684866_ILMN_wggss_dragen_max_qual_01.hard-filtered.g.vcf.gz[0m
rm -f /mnt/nas1/projects/lasr/blendseq/warp-pipelines/warp-gatk-germline-single-sample-pipeline-master/tmp/14743852445737874576/cromwell-executions/WholeGenomeGermlineSingleSample/32774cc6-b120-4b08-a694-107abb6e2242/call-BamToGvcf/VariantCalling/c61b4b0d-c7c6-436e-a01f-cafbe78c1d11/call-MergeVCFs/execution/docker_cid
# run as in the original configuration without --rm flag (will remove later)
docker run \
  --cidfile /mnt/nas1/projects/lasr/blendseq/warp-pipelines/warp-gatk-germline-single-sample-pipeline-master/tmp/14743852445737874576/cromwell-executions/WholeGenomeGermlineSingleSample/32774cc6-b120-4b08-a694-107abb6e2242/call-BamToGvcf/VariantCalling/c61b4b0d-c7c6-436e-a01f-cafbe78c1d11/call-MergeVCFs/execution/docker_cid \
  -i \
  --user 1027:1028 \
  --cpus="64" \
  --memory="204800M" \
  --entrypoint /bin/bash \
  -v /mnt/nas1/projects/lasr/blendseq/warp-pipelines/warp-gatk-germline-single-sample-pipeline-master/tmp/14743852445737874576/cromwell-executions/WholeGenomeGermlineSingleSample/32774cc6-b120-4b08-a694-107abb6e2242/call-BamToGvcf/VariantCalling/c61b4b0d-c7c6-436e-a01f-cafbe78c1d11/call-MergeVCFs:/cromwell-executions/WholeGenomeGermlineSingleSample/32774cc6-b120-4b08-a694-107abb6e2242/call-BamToGvcf/VariantCalling/c61b4b0d-c7c6-436e-a01f-cafbe78c1d11/call-MergeVCFs \
  us.gcr.io/broad-gotc-prod/picard-cloud@sha256:e5ad5339080c3107c04e4a4d000b8ab06f472b77019debc3ff75499d28995b0c /cromwell-executions/WholeGenomeGermlineSingleSample/32774cc6-b120-4b08-a694-107abb6e2242/call-BamToGvcf/VariantCalling/c61b4b0d-c7c6-436e-a01f-cafbe78c1d11/call-MergeVCFs/execution/script

# get the return code (working even if the container was detached)
rc=$(docker wait [38;5;5mcat /mnt/nas1/projects/lasr/blendseq/warp-pipelines/warp-gatk-germline-single-sample-pipeline-master/tmp/14743852445737874576/cromwell-executions/WholeGenomeGermlineSingleSample/32774cc6-b120-4b08-a694-107abb6e2242/call-BamToGvcf/VariantCalling/c61b4b0d-c7c6-436e-a01f-cafbe78c1d11/call-MergeVCFs/execution/docker_cid[0m)

# remove the container after waiting
docker rm [38;5;5mcat /mnt/nas1/projects/lasr/blendseq/warp-pipelines/warp-gatk-germline-single-sample-pipeline-master/tmp/14743852445737874576/cromwell-executions/WholeGenomeGermlineSingleSample/32774cc6-b120-4b08-a694-107abb6e2242/call-BamToGvcf/VariantCalling/c61b4b0d-c7c6-436e-a01f-cafbe78c1d11/call-MergeVCFs/execution/docker_cid[0m

# return exit code
exit $rc

# Job ReblockGVCF

# We can't always assume the index was located with the gvcf, so make a link so that the paths look the same
# Use bash basename instead of WDL to support DRS: https://support.terra.bio/hc/en-us/community/posts/4405396480027
ln -s /cromwell-executions/WholeGenomeGermlineSingleSample/32774cc6-b120-4b08-a694-107abb6e2242/call-BamToGvcf/VariantCalling/c61b4b0d-c7c6-436e-a01f-cafbe78c1d11/call-Reblock/inputs/1956360226/ERR3684866_ILMN_wggss_dragen_max_qual_01.hard-filtered.g.vcf.gz $(basename /cromwell-executions/WholeGenomeGermlineSingleSample/32774cc6-b120-4b08-a694-107abb6e2242/call-BamToGvcf/VariantCalling/c61b4b0d-c7c6-436e-a01f-cafbe78c1d11/call-Reblock/inputs/1956360226/ERR3684866_ILMN_wggss_dragen_max_qual_01.hard-filtered.g.vcf.gz)
ln -s /cromwell-executions/WholeGenomeGermlineSingleSample/32774cc6-b120-4b08-a694-107abb6e2242/call-BamToGvcf/VariantCalling/c61b4b0d-c7c6-436e-a01f-cafbe78c1d11/call-Reblock/inputs/1956360226/ERR3684866_ILMN_wggss_dragen_max_qual_01.hard-filtered.g.vcf.gz.tbi $(basename /cromwell-executions/WholeGenomeGermlineSingleSample/32774cc6-b120-4b08-a694-107abb6e2242/call-BamToGvcf/VariantCalling/c61b4b0d-c7c6-436e-a01f-cafbe78c1d11/call-Reblock/inputs/1956360226/ERR3684866_ILMN_wggss_dragen_max_qual_01.hard-filtered.g.vcf.gz.tbi)

gatk --java-options "-Xms3000m -Xmx3000m" \
  ReblockGVCF \
  -R /cromwell-executions/WholeGenomeGermlineSingleSample/32774cc6-b120-4b08-a694-107abb6e2242/call-BamToGvcf/VariantCalling/c61b4b0d-c7c6-436e-a01f-cafbe78c1d11/call-Reblock/inputs/-1569105944/Homo_sapiens_assembly38_masked.fasta \
  -V $(basename /cromwell-executions/WholeGenomeGermlineSingleSample/32774cc6-b120-4b08-a694-107abb6e2242/call-BamToGvcf/VariantCalling/c61b4b0d-c7c6-436e-a01f-cafbe78c1d11/call-Reblock/inputs/1956360226/ERR3684866_ILMN_wggss_dragen_max_qual_01.hard-filtered.g.vcf.gz) \
  -do-qual-approx \
  --floor-blocks -GQB 20 -GQB 30 -GQB 40 \
   \
   \
   \
   \
  -O ERR3684866_ILMN_wggss_dragen_max_qual_01.hard-filtered.rb.g.vcf.gz[0m
rm -f /mnt/nas1/projects/lasr/blendseq/warp-pipelines/warp-gatk-germline-single-sample-pipeline-master/tmp/14743852445737874576/cromwell-executions/WholeGenomeGermlineSingleSample/32774cc6-b120-4b08-a694-107abb6e2242/call-BamToGvcf/VariantCalling/c61b4b0d-c7c6-436e-a01f-cafbe78c1d11/call-Reblock/execution/docker_cid
# run as in the original configuration without --rm flag (will remove later)
docker run \
  --cidfile /mnt/nas1/projects/lasr/blendseq/warp-pipelines/warp-gatk-germline-single-sample-pipeline-master/tmp/14743852445737874576/cromwell-executions/WholeGenomeGermlineSingleSample/32774cc6-b120-4b08-a694-107abb6e2242/call-BamToGvcf/VariantCalling/c61b4b0d-c7c6-436e-a01f-cafbe78c1d11/call-Reblock/execution/docker_cid \
  -i \
  --user 1027:1028 \
  --cpus="64" \
  --memory="204800M" \
  --entrypoint /bin/bash \
  -v /mnt/nas1/projects/lasr/blendseq/warp-pipelines/warp-gatk-germline-single-sample-pipeline-master/tmp/14743852445737874576/cromwell-executions/WholeGenomeGermlineSingleSample/32774cc6-b120-4b08-a694-107abb6e2242/call-BamToGvcf/VariantCalling/c61b4b0d-c7c6-436e-a01f-cafbe78c1d11/call-Reblock:/cromwell-executions/WholeGenomeGermlineSingleSample/32774cc6-b120-4b08-a694-107abb6e2242/call-BamToGvcf/VariantCalling/c61b4b0d-c7c6-436e-a01f-cafbe78c1d11/call-Reblock \
  us.gcr.io/broad-gatk/gatk@sha256:c88912855b845bd40c6b4bc8f3dd1d4b333ed2549cd3e8386987ee7c0c284f5a /cromwell-executions/WholeGenomeGermlineSingleSample/32774cc6-b120-4b08-a694-107abb6e2242/call-BamToGvcf/VariantCalling/c61b4b0d-c7c6-436e-a01f-cafbe78c1d11/call-Reblock/execution/script

# get the return code (working even if the container was detached)
rc=$(docker wait [38;5;5mcat /mnt/nas1/projects/lasr/blendseq/warp-pipelines/warp-gatk-germline-single-sample-pipeline-master/tmp/14743852445737874576/cromwell-executions/WholeGenomeGermlineSingleSample/32774cc6-b120-4b08-a694-107abb6e2242/call-BamToGvcf/VariantCalling/c61b4b0d-c7c6-436e-a01f-cafbe78c1d11/call-Reblock/execution/docker_cid[0m)

# remove the container after waiting
docker rm [38;5;5mcat /mnt/nas1/projects/lasr/blendseq/warp-pipelines/warp-gatk-germline-single-sample-pipeline-master/tmp/14743852445737874576/cromwell-executions/WholeGenomeGermlineSingleSample/32774cc6-b120-4b08-a694-107abb6e2242/call-BamToGvcf/VariantCalling/c61b4b0d-c7c6-436e-a01f-cafbe78c1d11/call-Reblock/execution/docker_cid[0m

# return exit code
exit $rc


# Job VcfToIntervalList

if [ true == "false" ]; then
  # We can't always assume the index was located with the vcf, so make a link so that the paths look the same
  # Use bash basename instead of WDL to support DRS: https://support.terra.bio/hc/en-us/community/posts/4405396480027
  ln -s /cromwell-executions/WholeGenomeGermlineSingleSample/32774cc6-b120-4b08-a694-107abb6e2242/call-BamToGvcf/VariantCalling/c61b4b0d-c7c6-436e-a01f-cafbe78c1d11/call-ValidateVCF/inputs/-790663736/wgs_calling_regions.hg38.interval_list $(basename /cromwell-executions/WholeGenomeGermlineSingleSample/32774cc6-b120-4b08-a694-107abb6e2242/call-BamToGvcf/VariantCalling/c61b4b0d-c7c6-436e-a01f-cafbe78c1d11/call-ValidateVCF/inputs/-790663736/wgs_calling_regions.hg38.interval_list)
  ln -s  $(basename )
  gatk --java-options "-Xms5000m -Xmx5000m" \
    VcfToIntervalList -I $(basename /cromwell-executions/WholeGenomeGermlineSingleSample/32774cc6-b120-4b08-a694-107abb6e2242/call-BamToGvcf/VariantCalling/c61b4b0d-c7c6-436e-a01f-cafbe78c1d11/call-ValidateVCF/inputs/-790663736/wgs_calling_regions.hg38.interval_list) -O intervals_from_gvcf.interval_list --VARIANT_ID_METHOD USE_FIRST
  INTERVALS="intervals_from_gvcf.interval_list"
else
  INTERVALS="/cromwell-executions/WholeGenomeGermlineSingleSample/32774cc6-b120-4b08-a694-107abb6e2242/call-BamToGvcf/VariantCalling/c61b4b0d-c7c6-436e-a01f-cafbe78c1d11/call-ValidateVCF/inputs/-790663736/wgs_calling_regions.hg38.interval_list"
fi

# Job ValidateVariants

gatk --java-options "-Xms5000m -Xmx5000m" \
  ValidateVariants \
  -V /cromwell-executions/WholeGenomeGermlineSingleSample/32774cc6-b120-4b08-a694-107abb6e2242/call-BamToGvcf/VariantCalling/c61b4b0d-c7c6-436e-a01f-cafbe78c1d11/call-ValidateVCF/inputs/173432202/ERR3684866_ILMN_wggss_dragen_max_qual_01.hard-filtered.rb.g.vcf.gz \
  -R /cromwell-executions/WholeGenomeGermlineSingleSample/32774cc6-b120-4b08-a694-107abb6e2242/call-BamToGvcf/VariantCalling/c61b4b0d-c7c6-436e-a01f-cafbe78c1d11/call-ValidateVCF/inputs/-1569105944/Homo_sapiens_assembly38_masked.fasta \
  -L $INTERVALS \
  -gvcf \
  --validation-type-to-exclude ALLELES \
  --dbsnp /cromwell-executions/WholeGenomeGermlineSingleSample/32774cc6-b120-4b08-a694-107abb6e2242/call-BamToGvcf/VariantCalling/c61b4b0d-c7c6-436e-a01f-cafbe78c1d11/call-ValidateVCF/inputs/-1696015072/Homo_sapiens_assembly38.dbsnp138.vcf \
  --no-overlaps[0m
rm -f /mnt/nas1/projects/lasr/blendseq/warp-pipelines/warp-gatk-germline-single-sample-pipeline-master/tmp/14743852445737874576/cromwell-executions/WholeGenomeGermlineSingleSample/32774cc6-b120-4b08-a694-107abb6e2242/call-BamToGvcf/VariantCalling/c61b4b0d-c7c6-436e-a01f-cafbe78c1d11/call-ValidateVCF/execution/docker_cid
# run as in the original configuration without --rm flag (will remove later)
docker run \
  --cidfile /mnt/nas1/projects/lasr/blendseq/warp-pipelines/warp-gatk-germline-single-sample-pipeline-master/tmp/14743852445737874576/cromwell-executions/WholeGenomeGermlineSingleSample/32774cc6-b120-4b08-a694-107abb6e2242/call-BamToGvcf/VariantCalling/c61b4b0d-c7c6-436e-a01f-cafbe78c1d11/call-ValidateVCF/execution/docker_cid \
  -i \
  --user 1027:1028 \
  --cpus="64" \
  --memory="204800M" \
  --entrypoint /bin/bash \
  -v /mnt/nas1/projects/lasr/blendseq/warp-pipelines/warp-gatk-germline-single-sample-pipeline-master/tmp/14743852445737874576/cromwell-executions/WholeGenomeGermlineSingleSample/32774cc6-b120-4b08-a694-107abb6e2242/call-BamToGvcf/VariantCalling/c61b4b0d-c7c6-436e-a01f-cafbe78c1d11/call-ValidateVCF:/cromwell-executions/WholeGenomeGermlineSingleSample/32774cc6-b120-4b08-a694-107abb6e2242/call-BamToGvcf/VariantCalling/c61b4b0d-c7c6-436e-a01f-cafbe78c1d11/call-ValidateVCF \
  us.gcr.io/broad-gatk/gatk@sha256:c88912855b845bd40c6b4bc8f3dd1d4b333ed2549cd3e8386987ee7c0c284f5a /cromwell-executions/WholeGenomeGermlineSingleSample/32774cc6-b120-4b08-a694-107abb6e2242/call-BamToGvcf/VariantCalling/c61b4b0d-c7c6-436e-a01f-cafbe78c1d11/call-ValidateVCF/execution/script

# get the return code (working even if the container was detached)
rc=$(docker wait [38;5;5mcat /mnt/nas1/projects/lasr/blendseq/warp-pipelines/warp-gatk-germline-single-sample-pipeline-master/tmp/14743852445737874576/cromwell-executions/WholeGenomeGermlineSingleSample/32774cc6-b120-4b08-a694-107abb6e2242/call-BamToGvcf/VariantCalling/c61b4b0d-c7c6-436e-a01f-cafbe78c1d11/call-ValidateVCF/execution/docker_cid[0m)

# remove the container after waiting
docker rm [38;5;5mcat /mnt/nas1/projects/lasr/blendseq/warp-pipelines/warp-gatk-germline-single-sample-pipeline-master/tmp/14743852445737874576/cromwell-executions/WholeGenomeGermlineSingleSample/32774cc6-b120-4b08-a694-107abb6e2242/call-BamToGvcf/VariantCalling/c61b4b0d-c7c6-436e-a01f-cafbe78c1d11/call-ValidateVCF/execution/docker_cid[0m

# return exit code
exit $rc

# Job CollectVariantCallingMetrics

  CollectVariantCallingMetrics \
  INPUT=/cromwell-executions/WholeGenomeGermlineSingleSample/32774cc6-b120-4b08-a694-107abb6e2242/call-BamToGvcf/VariantCalling/c61b4b0d-c7c6-436e-a01f-cafbe78c1d11/call-CollectVariantCallingMetrics/inputs/173432202/ERR3684866_ILMN_wggss_dragen_max_qual_01.hard-filtered.rb.g.vcf.gz \
  OUTPUT=ERR3684866_ILMN_wggss_dragen_max_qual_01 \
  DBSNP=/cromwell-executions/WholeGenomeGermlineSingleSample/32774cc6-b120-4b08-a694-107abb6e2242/call-BamToGvcf/VariantCalling/c61b4b0d-c7c6-436e-a01f-cafbe78c1d11/call-CollectVariantCallingMetrics/inputs/-1696015072/Homo_sapiens_assembly38.dbsnp138.vcf \
  SEQUENCE_DICTIONARY=/cromwell-executions/WholeGenomeGermlineSingleSample/32774cc6-b120-4b08-a694-107abb6e2242/call-BamToGvcf/VariantCalling/c61b4b0d-c7c6-436e-a01f-cafbe78c1d11/call-CollectVariantCallingMetrics/inputs/-1569105944/Homo_sapiens_assembly38_masked.dict \
  TARGET_INTERVALS=/cromwell-executions/WholeGenomeGermlineSingleSample/32774cc6-b120-4b08-a694-107abb6e2242/call-BamToGvcf/VariantCalling/c61b4b0d-c7c6-436e-a01f-cafbe78c1d11/call-CollectVariantCallingMetrics/inputs/-790663736/wgs_evaluation_regions.hg38.interval_list \
  GVCF_INPUT=true[0m
rm -f /mnt/nas1/projects/lasr/blendseq/warp-pipelines/warp-gatk-germline-single-sample-pipeline-master/tmp/14743852445737874576/cromwell-executions/WholeGenomeGermlineSingleSample/32774cc6-b120-4b08-a694-107abb6e2242/call-BamToGvcf/VariantCalling/c61b4b0d-c7c6-436e-a01f-cafbe78c1d11/call-CollectVariantCallingMetrics/execution/docker_cid
# run as in the original configuration without --rm flag (will remove later)
docker run \
  --cidfile /mnt/nas1/projects/lasr/blendseq/warp-pipelines/warp-gatk-germline-single-sample-pipeline-master/tmp/14743852445737874576/cromwell-executions/WholeGenomeGermlineSingleSample/32774cc6-b120-4b08-a694-107abb6e2242/call-BamToGvcf/VariantCalling/c61b4b0d-c7c6-436e-a01f-cafbe78c1d11/call-CollectVariantCallingMetrics/execution/docker_cid \
  -i \
  --user 1027:1028 \
  --cpus="64" \
  --memory="204800M" \
  --entrypoint /bin/bash \
  -v /mnt/nas1/projects/lasr/blendseq/warp-pipelines/warp-gatk-germline-single-sample-pipeline-master/tmp/14743852445737874576/cromwell-executions/WholeGenomeGermlineSingleSample/32774cc6-b120-4b08-a694-107abb6e2242/call-BamToGvcf/VariantCalling/c61b4b0d-c7c6-436e-a01f-cafbe78c1d11/call-CollectVariantCallingMetrics:/cromwell-executions/WholeGenomeGermlineSingleSample/32774cc6-b120-4b08-a694-107abb6e2242/call-BamToGvcf/VariantCalling/c61b4b0d-c7c6-436e-a01f-cafbe78c1d11/call-CollectVariantCallingMetrics \
  us.gcr.io/broad-gotc-prod/picard-cloud@sha256:e5ad5339080c3107c04e4a4d000b8ab06f472b77019debc3ff75499d28995b0c /cromwell-executions/WholeGenomeGermlineSingleSample/32774cc6-b120-4b08-a694-107abb6e2242/call-BamToGvcf/VariantCalling/c61b4b0d-c7c6-436e-a01f-cafbe78c1d11/call-CollectVariantCallingMetrics/execution/script

# get the return code (working even if the container was detached)
rc=$(docker wait [38;5;5mcat /mnt/nas1/projects/lasr/blendseq/warp-pipelines/warp-gatk-germline-single-sample-pipeline-master/tmp/14743852445737874576/cromwell-executions/WholeGenomeGermlineSingleSample/32774cc6-b120-4b08-a694-107abb6e2242/call-BamToGvcf/VariantCalling/c61b4b0d-c7c6-436e-a01f-cafbe78c1d11/call-CollectVariantCallingMetrics/execution/docker_cid[0m)

# remove the container after waiting
docker rm [38;5;5mcat /mnt/nas1/projects/lasr/blendseq/warp-pipelines/warp-gatk-germline-single-sample-pipeline-master/tmp/14743852445737874576/cromwell-executions/WholeGenomeGermlineSingleSample/32774cc6-b120-4b08-a694-107abb6e2242/call-BamToGvcf/VariantCalling/c61b4b0d-c7c6-436e-a01f-cafbe78c1d11/call-CollectVariantCallingMetrics/execution/docker_cid[0m

# return exit code
exit $rc
{
  "VariantCalling.output_vcf": "/mnt/nas1/projects/lasr/blendseq/warp-pipelines/warp-gatk-germline-single-sample-pipeline-master/tmp/14743852445737874576/cromwell-executions/WholeGenomeGermlineSingleSample/32774cc6-b120-4b08-a694-107abb6e2242/call-BamToGvcf/VariantCalling/c61b4b0d-c7c6-436e-a01f-cafbe78c1d11/call-Reblock/execution/ERR3684866_ILMN_wggss_dragen_max_qual_01.hard-filtered.rb.g.vcf.gz",
  "VariantCalling.vcf_summary_metrics": "/mnt/nas1/projects/lasr/blendseq/warp-pipelines/warp-gatk-germline-single-sample-pipeline-master/tmp/14743852445737874576/cromwell-executions/WholeGenomeGermlineSingleSample/32774cc6-b120-4b08-a694-107abb6e2242/call-BamToGvcf/VariantCalling/c61b4b0d-c7c6-436e-a01f-cafbe78c1d11/call-CollectVariantCallingMetrics/execution/ERR3684866_ILMN_wggss_dragen_max_qual_01.variant_calling_summary_metrics",
  "VariantCalling.bamout_index": null,
  "VariantCalling.bamout": null,
  "VariantCalling.vcf_detail_metrics": "/mnt/nas1/projects/lasr/blendseq/warp-pipelines/warp-gatk-germline-single-sample-pipeline-master/tmp/14743852445737874576/cromwell-executions/WholeGenomeGermlineSingleSample/32774cc6-b120-4b08-a694-107abb6e2242/call-BamToGvcf/VariantCalling/c61b4b0d-c7c6-436e-a01f-cafbe78c1d11/call-CollectVariantCallingMetrics/execution/ERR3684866_ILMN_wggss_dragen_max_qual_01.variant_calling_detail_metrics",
  "VariantCalling.output_vcf_index": "/mnt/nas1/projects/lasr/blendseq/warp-pipelines/warp-gatk-germline-single-sample-pipeline-master/tmp/14743852445737874576/cromwell-executions/WholeGenomeGermlineSingleSample/32774cc6-b120-4b08-a694-107abb6e2242/call-BamToGvcf/VariantCalling/c61b4b0d-c7c6-436e-a01f-cafbe78c1d11/call-Reblock/execution/ERR3684866_ILMN_wggss_dragen_max_qual_01.hard-filtered.rb.g.vcf.gz.tbi"
}
{
  "WholeGenomeGermlineSingleSample.unsorted_read_group_quality_by_cycle_metrics": ["/mnt/nas1/projects/lasr/blendseq/warp-pipelines/warp-gatk-germline-single-sample-pipeline-master/tmp/14743852445737874576/cromwell-executions/WholeGenomeGermlineSingleSample/32774cc6-b120-4b08-a694-107abb6e2242/call-UnmappedBamToAlignedBam/UnmappedBamToAlignedBam/ee05efaf-d4d4-4fe3-a6c6-c05d6c1e5173/call-CollectUnsortedReadgroupBamQualityMetrics/shard-0/execution/ERR3684866_ILMN.readgroup.quality_by_cycle_metrics"],
  "WholeGenomeGermlineSingleSample.agg_alignment_summary_metrics": "/mnt/nas1/projects/lasr/blendseq/warp-pipelines/warp-gatk-germline-single-sample-pipeline-master/tmp/14743852445737874576/cromwell-executions/WholeGenomeGermlineSingleSample/32774cc6-b120-4b08-a694-107abb6e2242/call-AggregatedBamQC/AggregatedBamQC/beea54b7-390e-4ea0-9518-717cbfc46992/call-CollectAggregationMetrics/execution/ERR3684866_ILMN.alignment_summary_metrics",
  "WholeGenomeGermlineSingleSample.agg_error_summary_metrics": "/mnt/nas1/projects/lasr/blendseq/warp-pipelines/warp-gatk-germline-single-sample-pipeline-master/tmp/14743852445737874576/cromwell-executions/WholeGenomeGermlineSingleSample/32774cc6-b120-4b08-a694-107abb6e2242/call-AggregatedBamQC/AggregatedBamQC/beea54b7-390e-4ea0-9518-717cbfc46992/call-CollectAggregationMetrics/execution/ERR3684866_ILMN.error_summary_metrics",
  "WholeGenomeGermlineSingleSample.unsorted_read_group_quality_distribution_metrics": ["/mnt/nas1/projects/lasr/blendseq/warp-pipelines/warp-gatk-germline-single-sample-pipeline-master/tmp/14743852445737874576/cromwell-executions/WholeGenomeGermlineSingleSample/32774cc6-b120-4b08-a694-107abb6e2242/call-UnmappedBamToAlignedBam/UnmappedBamToAlignedBam/ee05efaf-d4d4-4fe3-a6c6-c05d6c1e5173/call-CollectUnsortedReadgroupBamQualityMetrics/shard-0/execution/ERR3684866_ILMN.readgroup.quality_distribution_metrics"],
  "WholeGenomeGermlineSingleSample.output_bam_index": null,
  "WholeGenomeGermlineSingleSample.agg_gc_bias_detail_metrics": "/mnt/nas1/projects/lasr/blendseq/warp-pipelines/warp-gatk-germline-single-sample-pipeline-master/tmp/14743852445737874576/cromwell-executions/WholeGenomeGermlineSingleSample/32774cc6-b120-4b08-a694-107abb6e2242/call-AggregatedBamQC/AggregatedBamQC/beea54b7-390e-4ea0-9518-717cbfc46992/call-CollectAggregationMetrics/execution/ERR3684866_ILMN.gc_bias.detail_metrics",
  "WholeGenomeGermlineSingleSample.agg_gc_bias_pdf": "/mnt/nas1/projects/lasr/blendseq/warp-pipelines/warp-gatk-germline-single-sample-pipeline-master/tmp/14743852445737874576/cromwell-executions/WholeGenomeGermlineSingleSample/32774cc6-b120-4b08-a694-107abb6e2242/call-AggregatedBamQC/AggregatedBamQC/beea54b7-390e-4ea0-9518-717cbfc46992/call-CollectAggregationMetrics/execution/ERR3684866_ILMN.gc_bias.pdf",
  "WholeGenomeGermlineSingleSample.output_vcf_index": "/mnt/nas1/projects/lasr/blendseq/warp-pipelines/warp-gatk-germline-single-sample-pipeline-master/tmp/14743852445737874576/cromwell-executions/WholeGenomeGermlineSingleSample/32774cc6-b120-4b08-a694-107abb6e2242/call-BamToGvcf/VariantCalling/c61b4b0d-c7c6-436e-a01f-cafbe78c1d11/call-Reblock/execution/ERR3684866_ILMN_wggss_dragen_max_qual_01.hard-filtered.rb.g.vcf.gz.tbi",
  "WholeGenomeGermlineSingleSample.agg_gc_bias_summary_metrics": "/mnt/nas1/projects/lasr/blendseq/warp-pipelines/warp-gatk-germline-single-sample-pipeline-master/tmp/14743852445737874576/cromwell-executions/WholeGenomeGermlineSingleSample/32774cc6-b120-4b08-a694-107abb6e2242/call-AggregatedBamQC/AggregatedBamQC/beea54b7-390e-4ea0-9518-717cbfc46992/call-CollectAggregationMetrics/execution/ERR3684866_ILMN.gc_bias.summary_metrics",
  "WholeGenomeGermlineSingleSample.unsorted_read_group_quality_distribution_pdf": ["/mnt/nas1/projects/lasr/blendseq/warp-pipelines/warp-gatk-germline-single-sample-pipeline-master/tmp/14743852445737874576/cromwell-executions/WholeGenomeGermlineSingleSample/32774cc6-b120-4b08-a694-107abb6e2242/call-UnmappedBamToAlignedBam/UnmappedBamToAlignedBam/ee05efaf-d4d4-4fe3-a6c6-c05d6c1e5173/call-CollectUnsortedReadgroupBamQualityMetrics/shard-0/execution/ERR3684866_ILMN.readgroup.quality_distribution.pdf"],
  "WholeGenomeGermlineSingleSample.agg_pre_adapter_detail_metrics": "/mnt/nas1/projects/lasr/blendseq/warp-pipelines/warp-gatk-germline-single-sample-pipeline-master/tmp/14743852445737874576/cromwell-executions/WholeGenomeGermlineSingleSample/32774cc6-b120-4b08-a694-107abb6e2242/call-AggregatedBamQC/AggregatedBamQC/beea54b7-390e-4ea0-9518-717cbfc46992/call-CollectAggregationMetrics/execution/ERR3684866_ILMN.pre_adapter_detail_metrics",
  "WholeGenomeGermlineSingleSample.agg_insert_size_metrics": "/mnt/nas1/projects/lasr/blendseq/warp-pipelines/warp-gatk-germline-single-sample-pipeline-master/tmp/14743852445737874576/cromwell-executions/WholeGenomeGermlineSingleSample/32774cc6-b120-4b08-a694-107abb6e2242/call-AggregatedBamQC/AggregatedBamQC/beea54b7-390e-4ea0-9518-717cbfc46992/call-CollectAggregationMetrics/execution/ERR3684866_ILMN.insert_size_metrics",
  "WholeGenomeGermlineSingleSample.read_group_alignment_summary_metrics": "/mnt/nas1/projects/lasr/blendseq/warp-pipelines/warp-gatk-germline-single-sample-pipeline-master/tmp/14743852445737874576/cromwell-executions/WholeGenomeGermlineSingleSample/32774cc6-b120-4b08-a694-107abb6e2242/call-AggregatedBamQC/AggregatedBamQC/beea54b7-390e-4ea0-9518-717cbfc46992/call-CollectReadgroupBamQualityMetrics/execution/ERR3684866_ILMN.readgroup.alignment_summary_metrics",
  "WholeGenomeGermlineSingleSample.unsorted_read_group_insert_size_metrics": ["/mnt/nas1/projects/lasr/blendseq/warp-pipelines/warp-gatk-germline-single-sample-pipeline-master/tmp/14743852445737874576/cromwell-executions/WholeGenomeGermlineSingleSample/32774cc6-b120-4b08-a694-107abb6e2242/call-UnmappedBamToAlignedBam/UnmappedBamToAlignedBam/ee05efaf-d4d4-4fe3-a6c6-c05d6c1e5173/call-CollectUnsortedReadgroupBamQualityMetrics/shard-0/execution/ERR3684866_ILMN.readgroup.insert_size_metrics"],
  "WholeGenomeGermlineSingleSample.output_cram_md5": "/mnt/nas1/projects/lasr/blendseq/warp-pipelines/warp-gatk-germline-single-sample-pipeline-master/tmp/14743852445737874576/cromwell-executions/WholeGenomeGermlineSingleSample/32774cc6-b120-4b08-a694-107abb6e2242/call-BamToCram/BamToCram/1d471305-e958-40d6-bfd3-b4bb96c09469/call-ConvertToCram/execution/ERR3684866_ILMN.cram.md5",
  "WholeGenomeGermlineSingleSample.cross_check_fingerprints_metrics": "/mnt/nas1/projects/lasr/blendseq/warp-pipelines/warp-gatk-germline-single-sample-pipeline-master/tmp/14743852445737874576/cromwell-executions/WholeGenomeGermlineSingleSample/32774cc6-b120-4b08-a694-107abb6e2242/call-UnmappedBamToAlignedBam/UnmappedBamToAlignedBam/ee05efaf-d4d4-4fe3-a6c6-c05d6c1e5173/call-CrossCheckFingerprints/execution/ERR3684866_ILMN.crosscheck",
  "WholeGenomeGermlineSingleSample.duplicate_metrics": "/mnt/nas1/projects/lasr/blendseq/warp-pipelines/warp-gatk-germline-single-sample-pipeline-master/tmp/14743852445737874576/cromwell-executions/WholeGenomeGermlineSingleSample/32774cc6-b120-4b08-a694-107abb6e2242/call-UnmappedBamToAlignedBam/UnmappedBamToAlignedBam/ee05efaf-d4d4-4fe3-a6c6-c05d6c1e5173/call-MarkDuplicates/execution/ERR3684866_ILMN.duplicate_metrics",
  "WholeGenomeGermlineSingleSample.unsorted_read_group_base_distribution_by_cycle_metrics": ["/mnt/nas1/projects/lasr/blendseq/warp-pipelines/warp-gatk-germline-single-sample-pipeline-master/tmp/14743852445737874576/cromwell-executions/WholeGenomeGermlineSingleSample/32774cc6-b120-4b08-a694-107abb6e2242/call-UnmappedBamToAlignedBam/UnmappedBamToAlignedBam/ee05efaf-d4d4-4fe3-a6c6-c05d6c1e5173/call-CollectUnsortedReadgroupBamQualityMetrics/shard-0/execution/ERR3684866_ILMN.readgroup.base_distribution_by_cycle_metrics"],
  "WholeGenomeGermlineSingleSample.contamination": 0.000019022666666666667,
  "WholeGenomeGermlineSingleSample.read_group_gc_bias_pdf": "/mnt/nas1/projects/lasr/blendseq/warp-pipelines/warp-gatk-germline-single-sample-pipeline-master/tmp/14743852445737874576/cromwell-executions/WholeGenomeGermlineSingleSample/32774cc6-b120-4b08-a694-107abb6e2242/call-AggregatedBamQC/AggregatedBamQC/beea54b7-390e-4ea0-9518-717cbfc46992/call-CollectReadgroupBamQualityMetrics/execution/ERR3684866_ILMN.readgroup.gc_bias.pdf",
  "WholeGenomeGermlineSingleSample.gvcf_summary_metrics": "/mnt/nas1/projects/lasr/blendseq/warp-pipelines/warp-gatk-germline-single-sample-pipeline-master/tmp/14743852445737874576/cromwell-executions/WholeGenomeGermlineSingleSample/32774cc6-b120-4b08-a694-107abb6e2242/call-BamToGvcf/VariantCalling/c61b4b0d-c7c6-436e-a01f-cafbe78c1d11/call-CollectVariantCallingMetrics/execution/ERR3684866_ILMN_wggss_dragen_max_qual_01.variant_calling_summary_metrics",
  "WholeGenomeGermlineSingleSample.raw_wgs_metrics": "/mnt/nas1/projects/lasr/blendseq/warp-pipelines/warp-gatk-germline-single-sample-pipeline-master/tmp/14743852445737874576/cromwell-executions/WholeGenomeGermlineSingleSample/32774cc6-b120-4b08-a694-107abb6e2242/call-CollectRawWgsMetrics/execution/ERR3684866_ILMN.raw_wgs_metrics",
  "WholeGenomeGermlineSingleSample.output_bam": null,
  "WholeGenomeGermlineSingleSample.agg_quality_distribution_pdf": "/mnt/nas1/projects/lasr/blendseq/warp-pipelines/warp-gatk-germline-single-sample-pipeline-master/tmp/14743852445737874576/cromwell-executions/WholeGenomeGermlineSingleSample/32774cc6-b120-4b08-a694-107abb6e2242/call-AggregatedBamQC/AggregatedBamQC/beea54b7-390e-4ea0-9518-717cbfc46992/call-CollectAggregationMetrics/execution/ERR3684866_ILMN.quality_distribution.pdf",
  "WholeGenomeGermlineSingleSample.output_cram": "/mnt/nas1/projects/lasr/blendseq/warp-pipelines/warp-gatk-germline-single-sample-pipeline-master/tmp/14743852445737874576/cromwell-executions/WholeGenomeGermlineSingleSample/32774cc6-b120-4b08-a694-107abb6e2242/call-BamToCram/BamToCram/1d471305-e958-40d6-bfd3-b4bb96c09469/call-ConvertToCram/execution/ERR3684866_ILMN.cram",
  "WholeGenomeGermlineSingleSample.fingerprint_summary_metrics": null,
  "WholeGenomeGermlineSingleSample.agg_pre_adapter_summary_metrics": "/mnt/nas1/projects/lasr/blendseq/warp-pipelines/warp-gatk-germline-single-sample-pipeline-master/tmp/14743852445737874576/cromwell-executions/WholeGenomeGermlineSingleSample/32774cc6-b120-4b08-a694-107abb6e2242/call-AggregatedBamQC/AggregatedBamQC/beea54b7-390e-4ea0-9518-717cbfc46992/call-CollectAggregationMetrics/execution/ERR3684866_ILMN.pre_adapter_summary_metrics",
  "WholeGenomeGermlineSingleSample.output_vcf": "/mnt/nas1/projects/lasr/blendseq/warp-pipelines/warp-gatk-germline-single-sample-pipeline-master/tmp/14743852445737874576/cromwell-executions/WholeGenomeGermlineSingleSample/32774cc6-b120-4b08-a694-107abb6e2242/call-BamToGvcf/VariantCalling/c61b4b0d-c7c6-436e-a01f-cafbe78c1d11/call-Reblock/execution/ERR3684866_ILMN_wggss_dragen_max_qual_01.hard-filtered.rb.g.vcf.gz",
  "WholeGenomeGermlineSingleSample.unsorted_read_group_base_distribution_by_cycle_pdf": ["/mnt/nas1/projects/lasr/blendseq/warp-pipelines/warp-gatk-germline-single-sample-pipeline-master/tmp/14743852445737874576/cromwell-executions/WholeGenomeGermlineSingleSample/32774cc6-b120-4b08-a694-107abb6e2242/call-UnmappedBamToAlignedBam/UnmappedBamToAlignedBam/ee05efaf-d4d4-4fe3-a6c6-c05d6c1e5173/call-CollectUnsortedReadgroupBamQualityMetrics/shard-0/execution/ERR3684866_ILMN.readgroup.base_distribution_by_cycle.pdf"],
  "WholeGenomeGermlineSingleSample.output_cram_index": "/mnt/nas1/projects/lasr/blendseq/warp-pipelines/warp-gatk-germline-single-sample-pipeline-master/tmp/14743852445737874576/cromwell-executions/WholeGenomeGermlineSingleSample/32774cc6-b120-4b08-a694-107abb6e2242/call-BamToCram/BamToCram/1d471305-e958-40d6-bfd3-b4bb96c09469/call-ConvertToCram/execution/ERR3684866_ILMN.cram.crai",
  "WholeGenomeGermlineSingleSample.gvcf_detail_metrics": "/mnt/nas1/projects/lasr/blendseq/warp-pipelines/warp-gatk-germline-single-sample-pipeline-master/tmp/14743852445737874576/cromwell-executions/WholeGenomeGermlineSingleSample/32774cc6-b120-4b08-a694-107abb6e2242/call-BamToGvcf/VariantCalling/c61b4b0d-c7c6-436e-a01f-cafbe78c1d11/call-CollectVariantCallingMetrics/execution/ERR3684866_ILMN_wggss_dragen_max_qual_01.variant_calling_detail_metrics",
  "WholeGenomeGermlineSingleSample.calculate_read_group_checksum_md5": "/mnt/nas1/projects/lasr/blendseq/warp-pipelines/warp-gatk-germline-single-sample-pipeline-master/tmp/14743852445737874576/cromwell-executions/WholeGenomeGermlineSingleSample/32774cc6-b120-4b08-a694-107abb6e2242/call-AggregatedBamQC/AggregatedBamQC/beea54b7-390e-4ea0-9518-717cbfc46992/call-CalculateReadGroupChecksum/execution/ERR3684866_ILMN.aligned.duplicates_marked.recalibrated.bam.read_group_md5",
  "WholeGenomeGermlineSingleSample.read_group_gc_bias_detail_metrics": "/mnt/nas1/projects/lasr/blendseq/warp-pipelines/warp-gatk-germline-single-sample-pipeline-master/tmp/14743852445737874576/cromwell-executions/WholeGenomeGermlineSingleSample/32774cc6-b120-4b08-a694-107abb6e2242/call-AggregatedBamQC/AggregatedBamQC/beea54b7-390e-4ea0-9518-717cbfc46992/call-CollectReadgroupBamQualityMetrics/execution/ERR3684866_ILMN.readgroup.gc_bias.detail_metrics",
  "WholeGenomeGermlineSingleSample.selfSM": "/mnt/nas1/projects/lasr/blendseq/warp-pipelines/warp-gatk-germline-single-sample-pipeline-master/tmp/14743852445737874576/cromwell-executions/WholeGenomeGermlineSingleSample/32774cc6-b120-4b08-a694-107abb6e2242/call-UnmappedBamToAlignedBam/UnmappedBamToAlignedBam/ee05efaf-d4d4-4fe3-a6c6-c05d6c1e5173/call-CheckContamination/execution/ERR3684866_ILMN.preBqsr.selfSM",
  "WholeGenomeGermlineSingleSample.validate_cram_file_report": "/mnt/nas1/projects/lasr/blendseq/warp-pipelines/warp-gatk-germline-single-sample-pipeline-master/tmp/14743852445737874576/cromwell-executions/WholeGenomeGermlineSingleSample/32774cc6-b120-4b08-a694-107abb6e2242/call-BamToCram/BamToCram/1d471305-e958-40d6-bfd3-b4bb96c09469/call-ValidateCram/execution/ERR3684866_ILMN.cram.validation_report",
  "WholeGenomeGermlineSingleSample.unsorted_read_group_insert_size_histogram_pdf": ["/mnt/nas1/projects/lasr/blendseq/warp-pipelines/warp-gatk-germline-single-sample-pipeline-master/tmp/14743852445737874576/cromwell-executions/WholeGenomeGermlineSingleSample/32774cc6-b120-4b08-a694-107abb6e2242/call-UnmappedBamToAlignedBam/UnmappedBamToAlignedBam/ee05efaf-d4d4-4fe3-a6c6-c05d6c1e5173/call-CollectUnsortedReadgroupBamQualityMetrics/shard-0/execution/ERR3684866_ILMN.readgroup.insert_size_histogram.pdf"],
  "WholeGenomeGermlineSingleSample.wgs_metrics": "/mnt/nas1/projects/lasr/blendseq/warp-pipelines/warp-gatk-germline-single-sample-pipeline-master/tmp/14743852445737874576/cromwell-executions/WholeGenomeGermlineSingleSample/32774cc6-b120-4b08-a694-107abb6e2242/call-CollectWgsMetrics/execution/ERR3684866_ILMN.wgs_metrics",
  "WholeGenomeGermlineSingleSample.agg_quality_distribution_metrics": "/mnt/nas1/projects/lasr/blendseq/warp-pipelines/warp-gatk-germline-single-sample-pipeline-master/tmp/14743852445737874576/cromwell-executions/WholeGenomeGermlineSingleSample/32774cc6-b120-4b08-a694-107abb6e2242/call-AggregatedBamQC/AggregatedBamQC/beea54b7-390e-4ea0-9518-717cbfc46992/call-CollectAggregationMetrics/execution/ERR3684866_ILMN.quality_distribution_metrics",
  "WholeGenomeGermlineSingleSample.agg_bait_bias_summary_metrics": "/mnt/nas1/projects/lasr/blendseq/warp-pipelines/warp-gatk-germline-single-sample-pipeline-master/tmp/14743852445737874576/cromwell-executions/WholeGenomeGermlineSingleSample/32774cc6-b120-4b08-a694-107abb6e2242/call-AggregatedBamQC/AggregatedBamQC/beea54b7-390e-4ea0-9518-717cbfc46992/call-CollectAggregationMetrics/execution/ERR3684866_ILMN.bait_bias_summary_metrics",
  "WholeGenomeGermlineSingleSample.read_group_gc_bias_summary_metrics": "/mnt/nas1/projects/lasr/blendseq/warp-pipelines/warp-gatk-germline-single-sample-pipeline-master/tmp/14743852445737874576/cromwell-executions/WholeGenomeGermlineSingleSample/32774cc6-b120-4b08-a694-107abb6e2242/call-AggregatedBamQC/AggregatedBamQC/beea54b7-390e-4ea0-9518-717cbfc46992/call-CollectReadgroupBamQualityMetrics/execution/ERR3684866_ILMN.readgroup.gc_bias.summary_metrics",
  "WholeGenomeGermlineSingleSample.agg_insert_size_histogram_pdf": "/mnt/nas1/projects/lasr/blendseq/warp-pipelines/warp-gatk-germline-single-sample-pipeline-master/tmp/14743852445737874576/cromwell-executions/WholeGenomeGermlineSingleSample/32774cc6-b120-4b08-a694-107abb6e2242/call-AggregatedBamQC/AggregatedBamQC/beea54b7-390e-4ea0-9518-717cbfc46992/call-CollectAggregationMetrics/execution/ERR3684866_ILMN.insert_size_histogram.pdf",
  "WholeGenomeGermlineSingleSample.agg_bait_bias_detail_metrics": "/mnt/nas1/projects/lasr/blendseq/warp-pipelines/warp-gatk-germline-single-sample-pipeline-master/tmp/14743852445737874576/cromwell-executions/WholeGenomeGermlineSingleSample/32774cc6-b120-4b08-a694-107abb6e2242/call-AggregatedBamQC/AggregatedBamQC/beea54b7-390e-4ea0-9518-717cbfc46992/call-CollectAggregationMetrics/execution/ERR3684866_ILMN.bait_bias_detail_metrics",
  "WholeGenomeGermlineSingleSample.fingerprint_detail_metrics": null,
  "WholeGenomeGermlineSingleSample.unsorted_read_group_quality_by_cycle_pdf": ["/mnt/nas1/projects/lasr/blendseq/warp-pipelines/warp-gatk-germline-single-sample-pipeline-master/tmp/14743852445737874576/cromwell-executions/WholeGenomeGermlineSingleSample/32774cc6-b120-4b08-a694-107abb6e2242/call-UnmappedBamToAlignedBam/UnmappedBamToAlignedBam/ee05efaf-d4d4-4fe3-a6c6-c05d6c1e5173/call-CollectUnsortedReadgroupBamQualityMetrics/shard-0/execution/ERR3684866_ILMN.readgroup.quality_by_cycle.pdf"],
  "WholeGenomeGermlineSingleSample.output_bqsr_reports": null,
  "WholeGenomeGermlineSingleSample.quality_yield_metrics": ["/mnt/nas1/projects/lasr/blendseq/warp-pipelines/warp-gatk-germline-single-sample-pipeline-master/tmp/14743852445737874576/cromwell-executions/WholeGenomeGermlineSingleSample/32774cc6-b120-4b08-a694-107abb6e2242/call-UnmappedBamToAlignedBam/UnmappedBamToAlignedBam/ee05efaf-d4d4-4fe3-a6c6-c05d6c1e5173/call-CollectQualityYieldMetrics/shard-0/execution/ERR3684866_ILMN.unmapped.quality_yield_metrics"]
}
{
  "outputs": {
    "WholeGenomeGermlineSingleSample.unsorted_read_group_quality_by_cycle_metrics": ["/mnt/nas1/projects/lasr/blendseq/warp-pipelines/warp-gatk-germline-single-sample-pipeline-master/tmp/14743852445737874576/cromwell-executions/WholeGenomeGermlineSingleSample/32774cc6-b120-4b08-a694-107abb6e2242/call-UnmappedBamToAlignedBam/UnmappedBamToAlignedBam/ee05efaf-d4d4-4fe3-a6c6-c05d6c1e5173/call-CollectUnsortedReadgroupBamQualityMetrics/shard-0/execution/ERR3684866_ILMN.readgroup.quality_by_cycle_metrics"],
    "WholeGenomeGermlineSingleSample.agg_alignment_summary_metrics": "/mnt/nas1/projects/lasr/blendseq/warp-pipelines/warp-gatk-germline-single-sample-pipeline-master/tmp/14743852445737874576/cromwell-executions/WholeGenomeGermlineSingleSample/32774cc6-b120-4b08-a694-107abb6e2242/call-AggregatedBamQC/AggregatedBamQC/beea54b7-390e-4ea0-9518-717cbfc46992/call-CollectAggregationMetrics/execution/ERR3684866_ILMN.alignment_summary_metrics",
    "WholeGenomeGermlineSingleSample.agg_error_summary_metrics": "/mnt/nas1/projects/lasr/blendseq/warp-pipelines/warp-gatk-germline-single-sample-pipeline-master/tmp/14743852445737874576/cromwell-executions/WholeGenomeGermlineSingleSample/32774cc6-b120-4b08-a694-107abb6e2242/call-AggregatedBamQC/AggregatedBamQC/beea54b7-390e-4ea0-9518-717cbfc46992/call-CollectAggregationMetrics/execution/ERR3684866_ILMN.error_summary_metrics",
    "WholeGenomeGermlineSingleSample.unsorted_read_group_quality_distribution_metrics": ["/mnt/nas1/projects/lasr/blendseq/warp-pipelines/warp-gatk-germline-single-sample-pipeline-master/tmp/14743852445737874576/cromwell-executions/WholeGenomeGermlineSingleSample/32774cc6-b120-4b08-a694-107abb6e2242/call-UnmappedBamToAlignedBam/UnmappedBamToAlignedBam/ee05efaf-d4d4-4fe3-a6c6-c05d6c1e5173/call-CollectUnsortedReadgroupBamQualityMetrics/shard-0/execution/ERR3684866_ILMN.readgroup.quality_distribution_metrics"],
    "WholeGenomeGermlineSingleSample.output_bam_index": null,
    "WholeGenomeGermlineSingleSample.agg_gc_bias_detail_metrics": "/mnt/nas1/projects/lasr/blendseq/warp-pipelines/warp-gatk-germline-single-sample-pipeline-master/tmp/14743852445737874576/cromwell-executions/WholeGenomeGermlineSingleSample/32774cc6-b120-4b08-a694-107abb6e2242/call-AggregatedBamQC/AggregatedBamQC/beea54b7-390e-4ea0-9518-717cbfc46992/call-CollectAggregationMetrics/execution/ERR3684866_ILMN.gc_bias.detail_metrics",
    "WholeGenomeGermlineSingleSample.agg_gc_bias_pdf": "/mnt/nas1/projects/lasr/blendseq/warp-pipelines/warp-gatk-germline-single-sample-pipeline-master/tmp/14743852445737874576/cromwell-executions/WholeGenomeGermlineSingleSample/32774cc6-b120-4b08-a694-107abb6e2242/call-AggregatedBamQC/AggregatedBamQC/beea54b7-390e-4ea0-9518-717cbfc46992/call-CollectAggregationMetrics/execution/ERR3684866_ILMN.gc_bias.pdf",
    "WholeGenomeGermlineSingleSample.output_vcf_index": "/mnt/nas1/projects/lasr/blendseq/warp-pipelines/warp-gatk-germline-single-sample-pipeline-master/tmp/14743852445737874576/cromwell-executions/WholeGenomeGermlineSingleSample/32774cc6-b120-4b08-a694-107abb6e2242/call-BamToGvcf/VariantCalling/c61b4b0d-c7c6-436e-a01f-cafbe78c1d11/call-Reblock/execution/ERR3684866_ILMN_wggss_dragen_max_qual_01.hard-filtered.rb.g.vcf.gz.tbi",
    "WholeGenomeGermlineSingleSample.agg_gc_bias_summary_metrics": "/mnt/nas1/projects/lasr/blendseq/warp-pipelines/warp-gatk-germline-single-sample-pipeline-master/tmp/14743852445737874576/cromwell-executions/WholeGenomeGermlineSingleSample/32774cc6-b120-4b08-a694-107abb6e2242/call-AggregatedBamQC/AggregatedBamQC/beea54b7-390e-4ea0-9518-717cbfc46992/call-CollectAggregationMetrics/execution/ERR3684866_ILMN.gc_bias.summary_metrics",
    "WholeGenomeGermlineSingleSample.unsorted_read_group_quality_distribution_pdf": ["/mnt/nas1/projects/lasr/blendseq/warp-pipelines/warp-gatk-germline-single-sample-pipeline-master/tmp/14743852445737874576/cromwell-executions/WholeGenomeGermlineSingleSample/32774cc6-b120-4b08-a694-107abb6e2242/call-UnmappedBamToAlignedBam/UnmappedBamToAlignedBam/ee05efaf-d4d4-4fe3-a6c6-c05d6c1e5173/call-CollectUnsortedReadgroupBamQualityMetrics/shard-0/execution/ERR3684866_ILMN.readgroup.quality_distribution.pdf"],
    "WholeGenomeGermlineSingleSample.agg_pre_adapter_detail_metrics": "/mnt/nas1/projects/lasr/blendseq/warp-pipelines/warp-gatk-germline-single-sample-pipeline-master/tmp/14743852445737874576/cromwell-executions/WholeGenomeGermlineSingleSample/32774cc6-b120-4b08-a694-107abb6e2242/call-AggregatedBamQC/AggregatedBamQC/beea54b7-390e-4ea0-9518-717cbfc46992/call-CollectAggregationMetrics/execution/ERR3684866_ILMN.pre_adapter_detail_metrics",
    "WholeGenomeGermlineSingleSample.agg_insert_size_metrics": "/mnt/nas1/projects/lasr/blendseq/warp-pipelines/warp-gatk-germline-single-sample-pipeline-master/tmp/14743852445737874576/cromwell-executions/WholeGenomeGermlineSingleSample/32774cc6-b120-4b08-a694-107abb6e2242/call-AggregatedBamQC/AggregatedBamQC/beea54b7-390e-4ea0-9518-717cbfc46992/call-CollectAggregationMetrics/execution/ERR3684866_ILMN.insert_size_metrics",
    "WholeGenomeGermlineSingleSample.read_group_alignment_summary_metrics": "/mnt/nas1/projects/lasr/blendseq/warp-pipelines/warp-gatk-germline-single-sample-pipeline-master/tmp/14743852445737874576/cromwell-executions/WholeGenomeGermlineSingleSample/32774cc6-b120-4b08-a694-107abb6e2242/call-AggregatedBamQC/AggregatedBamQC/beea54b7-390e-4ea0-9518-717cbfc46992/call-CollectReadgroupBamQualityMetrics/execution/ERR3684866_ILMN.readgroup.alignment_summary_metrics",
    "WholeGenomeGermlineSingleSample.unsorted_read_group_insert_size_metrics": ["/mnt/nas1/projects/lasr/blendseq/warp-pipelines/warp-gatk-germline-single-sample-pipeline-master/tmp/14743852445737874576/cromwell-executions/WholeGenomeGermlineSingleSample/32774cc6-b120-4b08-a694-107abb6e2242/call-UnmappedBamToAlignedBam/UnmappedBamToAlignedBam/ee05efaf-d4d4-4fe3-a6c6-c05d6c1e5173/call-CollectUnsortedReadgroupBamQualityMetrics/shard-0/execution/ERR3684866_ILMN.readgroup.insert_size_metrics"],
    "WholeGenomeGermlineSingleSample.output_cram_md5": "/mnt/nas1/projects/lasr/blendseq/warp-pipelines/warp-gatk-germline-single-sample-pipeline-master/tmp/14743852445737874576/cromwell-executions/WholeGenomeGermlineSingleSample/32774cc6-b120-4b08-a694-107abb6e2242/call-BamToCram/BamToCram/1d471305-e958-40d6-bfd3-b4bb96c09469/call-ConvertToCram/execution/ERR3684866_ILMN.cram.md5",
    "WholeGenomeGermlineSingleSample.cross_check_fingerprints_metrics": "/mnt/nas1/projects/lasr/blendseq/warp-pipelines/warp-gatk-germline-single-sample-pipeline-master/tmp/14743852445737874576/cromwell-executions/WholeGenomeGermlineSingleSample/32774cc6-b120-4b08-a694-107abb6e2242/call-UnmappedBamToAlignedBam/UnmappedBamToAlignedBam/ee05efaf-d4d4-4fe3-a6c6-c05d6c1e5173/call-CrossCheckFingerprints/execution/ERR3684866_ILMN.crosscheck",
    "WholeGenomeGermlineSingleSample.duplicate_metrics": "/mnt/nas1/projects/lasr/blendseq/warp-pipelines/warp-gatk-germline-single-sample-pipeline-master/tmp/14743852445737874576/cromwell-executions/WholeGenomeGermlineSingleSample/32774cc6-b120-4b08-a694-107abb6e2242/call-UnmappedBamToAlignedBam/UnmappedBamToAlignedBam/ee05efaf-d4d4-4fe3-a6c6-c05d6c1e5173/call-MarkDuplicates/execution/ERR3684866_ILMN.duplicate_metrics",
    "WholeGenomeGermlineSingleSample.unsorted_read_group_base_distribution_by_cycle_metrics": ["/mnt/nas1/projects/lasr/blendseq/warp-pipelines/warp-gatk-germline-single-sample-pipeline-master/tmp/14743852445737874576/cromwell-executions/WholeGenomeGermlineSingleSample/32774cc6-b120-4b08-a694-107abb6e2242/call-UnmappedBamToAlignedBam/UnmappedBamToAlignedBam/ee05efaf-d4d4-4fe3-a6c6-c05d6c1e5173/call-CollectUnsortedReadgroupBamQualityMetrics/shard-0/execution/ERR3684866_ILMN.readgroup.base_distribution_by_cycle_metrics"],
    "WholeGenomeGermlineSingleSample.contamination": 0.000019022666666666667,
    "WholeGenomeGermlineSingleSample.read_group_gc_bias_pdf": "/mnt/nas1/projects/lasr/blendseq/warp-pipelines/warp-gatk-germline-single-sample-pipeline-master/tmp/14743852445737874576/cromwell-executions/WholeGenomeGermlineSingleSample/32774cc6-b120-4b08-a694-107abb6e2242/call-AggregatedBamQC/AggregatedBamQC/beea54b7-390e-4ea0-9518-717cbfc46992/call-CollectReadgroupBamQualityMetrics/execution/ERR3684866_ILMN.readgroup.gc_bias.pdf",
    "WholeGenomeGermlineSingleSample.gvcf_summary_metrics": "/mnt/nas1/projects/lasr/blendseq/warp-pipelines/warp-gatk-germline-single-sample-pipeline-master/tmp/14743852445737874576/cromwell-executions/WholeGenomeGermlineSingleSample/32774cc6-b120-4b08-a694-107abb6e2242/call-BamToGvcf/VariantCalling/c61b4b0d-c7c6-436e-a01f-cafbe78c1d11/call-CollectVariantCallingMetrics/execution/ERR3684866_ILMN_wggss_dragen_max_qual_01.variant_calling_summary_metrics",
    "WholeGenomeGermlineSingleSample.raw_wgs_metrics": "/mnt/nas1/projects/lasr/blendseq/warp-pipelines/warp-gatk-germline-single-sample-pipeline-master/tmp/14743852445737874576/cromwell-executions/WholeGenomeGermlineSingleSample/32774cc6-b120-4b08-a694-107abb6e2242/call-CollectRawWgsMetrics/execution/ERR3684866_ILMN.raw_wgs_metrics",
    "WholeGenomeGermlineSingleSample.output_bam": null,
    "WholeGenomeGermlineSingleSample.agg_quality_distribution_pdf": "/mnt/nas1/projects/lasr/blendseq/warp-pipelines/warp-gatk-germline-single-sample-pipeline-master/tmp/14743852445737874576/cromwell-executions/WholeGenomeGermlineSingleSample/32774cc6-b120-4b08-a694-107abb6e2242/call-AggregatedBamQC/AggregatedBamQC/beea54b7-390e-4ea0-9518-717cbfc46992/call-CollectAggregationMetrics/execution/ERR3684866_ILMN.quality_distribution.pdf",
    "WholeGenomeGermlineSingleSample.output_cram": "/mnt/nas1/projects/lasr/blendseq/warp-pipelines/warp-gatk-germline-single-sample-pipeline-master/tmp/14743852445737874576/cromwell-executions/WholeGenomeGermlineSingleSample/32774cc6-b120-4b08-a694-107abb6e2242/call-BamToCram/BamToCram/1d471305-e958-40d6-bfd3-b4bb96c09469/call-ConvertToCram/execution/ERR3684866_ILMN.cram",
    "WholeGenomeGermlineSingleSample.fingerprint_summary_metrics": null,
    "WholeGenomeGermlineSingleSample.agg_pre_adapter_summary_metrics": "/mnt/nas1/projects/lasr/blendseq/warp-pipelines/warp-gatk-germline-single-sample-pipeline-master/tmp/14743852445737874576/cromwell-executions/WholeGenomeGermlineSingleSample/32774cc6-b120-4b08-a694-107abb6e2242/call-AggregatedBamQC/AggregatedBamQC/beea54b7-390e-4ea0-9518-717cbfc46992/call-CollectAggregationMetrics/execution/ERR3684866_ILMN.pre_adapter_summary_metrics",
    "WholeGenomeGermlineSingleSample.output_vcf": "/mnt/nas1/projects/lasr/blendseq/warp-pipelines/warp-gatk-germline-single-sample-pipeline-master/tmp/14743852445737874576/cromwell-executions/WholeGenomeGermlineSingleSample/32774cc6-b120-4b08-a694-107abb6e2242/call-BamToGvcf/VariantCalling/c61b4b0d-c7c6-436e-a01f-cafbe78c1d11/call-Reblock/execution/ERR3684866_ILMN_wggss_dragen_max_qual_01.hard-filtered.rb.g.vcf.gz",
    "WholeGenomeGermlineSingleSample.unsorted_read_group_base_distribution_by_cycle_pdf": ["/mnt/nas1/projects/lasr/blendseq/warp-pipelines/warp-gatk-germline-single-sample-pipeline-master/tmp/14743852445737874576/cromwell-executions/WholeGenomeGermlineSingleSample/32774cc6-b120-4b08-a694-107abb6e2242/call-UnmappedBamToAlignedBam/UnmappedBamToAlignedBam/ee05efaf-d4d4-4fe3-a6c6-c05d6c1e5173/call-CollectUnsortedReadgroupBamQualityMetrics/shard-0/execution/ERR3684866_ILMN.readgroup.base_distribution_by_cycle.pdf"],
    "WholeGenomeGermlineSingleSample.output_cram_index": "/mnt/nas1/projects/lasr/blendseq/warp-pipelines/warp-gatk-germline-single-sample-pipeline-master/tmp/14743852445737874576/cromwell-executions/WholeGenomeGermlineSingleSample/32774cc6-b120-4b08-a694-107abb6e2242/call-BamToCram/BamToCram/1d471305-e958-40d6-bfd3-b4bb96c09469/call-ConvertToCram/execution/ERR3684866_ILMN.cram.crai",
    "WholeGenomeGermlineSingleSample.gvcf_detail_metrics": "/mnt/nas1/projects/lasr/blendseq/warp-pipelines/warp-gatk-germline-single-sample-pipeline-master/tmp/14743852445737874576/cromwell-executions/WholeGenomeGermlineSingleSample/32774cc6-b120-4b08-a694-107abb6e2242/call-BamToGvcf/VariantCalling/c61b4b0d-c7c6-436e-a01f-cafbe78c1d11/call-CollectVariantCallingMetrics/execution/ERR3684866_ILMN_wggss_dragen_max_qual_01.variant_calling_detail_metrics",
    "WholeGenomeGermlineSingleSample.calculate_read_group_checksum_md5": "/mnt/nas1/projects/lasr/blendseq/warp-pipelines/warp-gatk-germline-single-sample-pipeline-master/tmp/14743852445737874576/cromwell-executions/WholeGenomeGermlineSingleSample/32774cc6-b120-4b08-a694-107abb6e2242/call-AggregatedBamQC/AggregatedBamQC/beea54b7-390e-4ea0-9518-717cbfc46992/call-CalculateReadGroupChecksum/execution/ERR3684866_ILMN.aligned.duplicates_marked.recalibrated.bam.read_group_md5",
    "WholeGenomeGermlineSingleSample.read_group_gc_bias_detail_metrics": "/mnt/nas1/projects/lasr/blendseq/warp-pipelines/warp-gatk-germline-single-sample-pipeline-master/tmp/14743852445737874576/cromwell-executions/WholeGenomeGermlineSingleSample/32774cc6-b120-4b08-a694-107abb6e2242/call-AggregatedBamQC/AggregatedBamQC/beea54b7-390e-4ea0-9518-717cbfc46992/call-CollectReadgroupBamQualityMetrics/execution/ERR3684866_ILMN.readgroup.gc_bias.detail_metrics",
    "WholeGenomeGermlineSingleSample.selfSM": "/mnt/nas1/projects/lasr/blendseq/warp-pipelines/warp-gatk-germline-single-sample-pipeline-master/tmp/14743852445737874576/cromwell-executions/WholeGenomeGermlineSingleSample/32774cc6-b120-4b08-a694-107abb6e2242/call-UnmappedBamToAlignedBam/UnmappedBamToAlignedBam/ee05efaf-d4d4-4fe3-a6c6-c05d6c1e5173/call-CheckContamination/execution/ERR3684866_ILMN.preBqsr.selfSM",
    "WholeGenomeGermlineSingleSample.validate_cram_file_report": "/mnt/nas1/projects/lasr/blendseq/warp-pipelines/warp-gatk-germline-single-sample-pipeline-master/tmp/14743852445737874576/cromwell-executions/WholeGenomeGermlineSingleSample/32774cc6-b120-4b08-a694-107abb6e2242/call-BamToCram/BamToCram/1d471305-e958-40d6-bfd3-b4bb96c09469/call-ValidateCram/execution/ERR3684866_ILMN.cram.validation_report",
    "WholeGenomeGermlineSingleSample.unsorted_read_group_insert_size_histogram_pdf": ["/mnt/nas1/projects/lasr/blendseq/warp-pipelines/warp-gatk-germline-single-sample-pipeline-master/tmp/14743852445737874576/cromwell-executions/WholeGenomeGermlineSingleSample/32774cc6-b120-4b08-a694-107abb6e2242/call-UnmappedBamToAlignedBam/UnmappedBamToAlignedBam/ee05efaf-d4d4-4fe3-a6c6-c05d6c1e5173/call-CollectUnsortedReadgroupBamQualityMetrics/shard-0/execution/ERR3684866_ILMN.readgroup.insert_size_histogram.pdf"],
    "WholeGenomeGermlineSingleSample.wgs_metrics": "/mnt/nas1/projects/lasr/blendseq/warp-pipelines/warp-gatk-germline-single-sample-pipeline-master/tmp/14743852445737874576/cromwell-executions/WholeGenomeGermlineSingleSample/32774cc6-b120-4b08-a694-107abb6e2242/call-CollectWgsMetrics/execution/ERR3684866_ILMN.wgs_metrics",
    "WholeGenomeGermlineSingleSample.agg_quality_distribution_metrics": "/mnt/nas1/projects/lasr/blendseq/warp-pipelines/warp-gatk-germline-single-sample-pipeline-master/tmp/14743852445737874576/cromwell-executions/WholeGenomeGermlineSingleSample/32774cc6-b120-4b08-a694-107abb6e2242/call-AggregatedBamQC/AggregatedBamQC/beea54b7-390e-4ea0-9518-717cbfc46992/call-CollectAggregationMetrics/execution/ERR3684866_ILMN.quality_distribution_metrics",
    "WholeGenomeGermlineSingleSample.agg_bait_bias_summary_metrics": "/mnt/nas1/projects/lasr/blendseq/warp-pipelines/warp-gatk-germline-single-sample-pipeline-master/tmp/14743852445737874576/cromwell-executions/WholeGenomeGermlineSingleSample/32774cc6-b120-4b08-a694-107abb6e2242/call-AggregatedBamQC/AggregatedBamQC/beea54b7-390e-4ea0-9518-717cbfc46992/call-CollectAggregationMetrics/execution/ERR3684866_ILMN.bait_bias_summary_metrics",
    "WholeGenomeGermlineSingleSample.read_group_gc_bias_summary_metrics": "/mnt/nas1/projects/lasr/blendseq/warp-pipelines/warp-gatk-germline-single-sample-pipeline-master/tmp/14743852445737874576/cromwell-executions/WholeGenomeGermlineSingleSample/32774cc6-b120-4b08-a694-107abb6e2242/call-AggregatedBamQC/AggregatedBamQC/beea54b7-390e-4ea0-9518-717cbfc46992/call-CollectReadgroupBamQualityMetrics/execution/ERR3684866_ILMN.readgroup.gc_bias.summary_metrics",
    "WholeGenomeGermlineSingleSample.agg_insert_size_histogram_pdf": "/mnt/nas1/projects/lasr/blendseq/warp-pipelines/warp-gatk-germline-single-sample-pipeline-master/tmp/14743852445737874576/cromwell-executions/WholeGenomeGermlineSingleSample/32774cc6-b120-4b08-a694-107abb6e2242/call-AggregatedBamQC/AggregatedBamQC/beea54b7-390e-4ea0-9518-717cbfc46992/call-CollectAggregationMetrics/execution/ERR3684866_ILMN.insert_size_histogram.pdf",
    "WholeGenomeGermlineSingleSample.agg_bait_bias_detail_metrics": "/mnt/nas1/projects/lasr/blendseq/warp-pipelines/warp-gatk-germline-single-sample-pipeline-master/tmp/14743852445737874576/cromwell-executions/WholeGenomeGermlineSingleSample/32774cc6-b120-4b08-a694-107abb6e2242/call-AggregatedBamQC/AggregatedBamQC/beea54b7-390e-4ea0-9518-717cbfc46992/call-CollectAggregationMetrics/execution/ERR3684866_ILMN.bait_bias_detail_metrics",
    "WholeGenomeGermlineSingleSample.fingerprint_detail_metrics": null,
    "WholeGenomeGermlineSingleSample.unsorted_read_group_quality_by_cycle_pdf": ["/mnt/nas1/projects/lasr/blendseq/warp-pipelines/warp-gatk-germline-single-sample-pipeline-master/tmp/14743852445737874576/cromwell-executions/WholeGenomeGermlineSingleSample/32774cc6-b120-4b08-a694-107abb6e2242/call-UnmappedBamToAlignedBam/UnmappedBamToAlignedBam/ee05efaf-d4d4-4fe3-a6c6-c05d6c1e5173/call-CollectUnsortedReadgroupBamQualityMetrics/shard-0/execution/ERR3684866_ILMN.readgroup.quality_by_cycle.pdf"],
    "WholeGenomeGermlineSingleSample.output_bqsr_reports": null,
    "WholeGenomeGermlineSingleSample.quality_yield_metrics": ["/mnt/nas1/projects/lasr/blendseq/warp-pipelines/warp-gatk-germline-single-sample-pipeline-master/tmp/14743852445737874576/cromwell-executions/WholeGenomeGermlineSingleSample/32774cc6-b120-4b08-a694-107abb6e2242/call-UnmappedBamToAlignedBam/UnmappedBamToAlignedBam/ee05efaf-d4d4-4fe3-a6c6-c05d6c1e5173/call-CollectQualityYieldMetrics/shard-0/execution/ERR3684866_ILMN.unmapped.quality_yield_metrics"]
  },
  "id": "32774cc6-b120-4b08-a694-107abb6e2242"
}
Cromwell exit code: 0
