Docker version 29.0.1, build eedd969
CONTAINER ID   IMAGE     COMMAND   CREATED   STATUS    PORTS     NAMES
darja
uid=1027(darja) gid=1028(darja) groups=1028(darja),27(sudo),988(docker),1039(lasr)
/mnt/nas1/projects/lasr/blendseq/warp-pipelines/warp-gatk-germline-single-sample-pipeline-master/tmp/
Running with Cromwell 91 , Dockstore tests with 84
Created temporary working directory at '/mnt/nas1/projects/lasr/blendseq/warp-pipelines/warp-gatk-germline-single-sample-pipeline-master/tmp/7024769096287923'
Using local file '/mnt/nas1/projects/lasr/blendseq/warp-pipelines/warp-gatk-germline-single-sample-pipeline-master/pipelines/wdl/dna_seq/germline/single_sample/wgs/WholeGenomeGermlineSingleSample.wdl' as primary descriptor
Creating directories for run of Dockstore launcher in current working directory: /mnt/nas1/projects/lasr/blendseq/warp-pipelines/warp-gatk-germline-single-sample-pipeline-master/pipelines/wdl/dna_seq/germline/single_sample/wgs
Provisioning your input files to your local machine
Downloading: WholeGenomeGermlineSingleSample.wgs_coverage_interval_list from /mnt/nas1/projects/lasr/blendseq/warp-pipelines/data/warp-gatk-dragen-input-files-01/intervals/wgs_coverage_regions.hg38.interval_list to: /mnt/nas1/projects/lasr/blendseq/warp-pipelines/warp-gatk-germline-single-sample-pipeline-master/cromwell-input/d05a1f86-d431-43f3-ab29-42a24083bb9a/mnt/nas1/projects/lasr/blendseq/warp-pipelines/data/warp-gatk-dragen-input-files-01/intervals/wgs_coverage_regions.hg38.interval_list
Calling out to Cromwell to run your workflow
Executing: java -Duser_id=1027 -Dgroup_id=1028 -Dconfig.file=/mnt/nas1/projects/lasr/blendseq/warp-pipelines/warp-gatk-germline-single-sample-pipeline-master/cromwell.conf -jar /home/darja/.dockstore/libraries/cromwell-91.jar run --inputs /mnt/nas1/projects/lasr/blendseq/warp-pipelines/warp-gatk-germline-single-sample-pipeline-master/tmp/foo3090708853489659741json /mnt/nas1/projects/lasr/blendseq/warp-pipelines/warp-gatk-germline-single-sample-pipeline-master/pipelines/wdl/dna_seq/germline/single_sample/wgs/WholeGenomeGermlineSingleSample.wdl
{
  "cromwellId" : "cromid-94d3ed6",
  "heartbeatInterval" : "2 minutes",
  "ttl" : "10 minutes",
  "failureShutdownDuration" : "5 minutes",
  "writeBatchSize" : 10000,
  "writeThreshold" : 10000
}

# Job Sequence Grouping 

with open("/cromwell-executions/WholeGenomeGermlineSingleSample/0c205b5c-e940-4d91-84d8-a29a2e6929b0/call-UnmappedBamToAlignedBam/UnmappedBamToAlignedBam/b3766e0b-927e-4e59-a50b-50ba61a28af6/call-CreateSequenceGroupingTSV/inputs/-1569105944/Homo_sapiens_assembly38_masked.dict", "r") as ref_dict_file:
    sequence_tuple_list = []
    longest_sequence = 0
    for line in ref_dict_file:
        if line.startswith("@SQ"):
            line_split = line.split("\t")
            # (Sequence_Name, Sequence_Length)
            sequence_tuple_list.append((line_split[1].split("SN:")[1], int(line_split[2].split("LN:")[1])))
    longest_sequence = sorted(sequence_tuple_list, key=lambda x: x[1], reverse=True)[0][1]
# We are adding this to the intervals because hg38 has contigs named with embedded colons and a bug in GATK strips off
# the last element after a :, so we add this as a sacrificial element.
hg38_protection_tag = ":1+"
# initialize the tsv string with the first sequence
tsv_string = sequence_tuple_list[0][0] + hg38_protection_tag
temp_size = sequence_tuple_list[0][1]
for sequence_tuple in sequence_tuple_list[1:]:
    if temp_size + sequence_tuple[1] <= longest_sequence:
        temp_size += sequence_tuple[1]
        tsv_string += "\t" + sequence_tuple[0] + hg38_protection_tag
    else:
        tsv_string += "\n" + sequence_tuple[0] + hg38_protection_tag
        temp_size = sequence_tuple[1]
# add the unmapped sequences as a separate line to ensure that they are recalibrated as well
with open("sequence_grouping.txt","w") as tsv_file:
  tsv_file.write(tsv_string)
  tsv_file.close()

tsv_string += '\n' + "unmapped"

with open("sequence_grouping_with_unmapped.txt","w") as tsv_file_with_unmapped:
  tsv_file_with_unmapped.write(tsv_string)
  tsv_file_with_unmapped.close()
CODE[0m
rm -f /mnt/nas1/projects/lasr/blendseq/warp-pipelines/warp-gatk-germline-single-sample-pipeline-master/tmp/7024769096287923/cromwell-executions/WholeGenomeGermlineSingleSample/0c205b5c-e940-4d91-84d8-a29a2e6929b0/call-UnmappedBamToAlignedBam/UnmappedBamToAlignedBam/b3766e0b-927e-4e59-a50b-50ba61a28af6/call-CreateSequenceGroupingTSV/execution/docker_cid
# run as in the original configuration without --rm flag (will remove later)
docker run \
  --cidfile /mnt/nas1/projects/lasr/blendseq/warp-pipelines/warp-gatk-germline-single-sample-pipeline-master/tmp/7024769096287923/cromwell-executions/WholeGenomeGermlineSingleSample/0c205b5c-e940-4d91-84d8-a29a2e6929b0/call-UnmappedBamToAlignedBam/UnmappedBamToAlignedBam/b3766e0b-927e-4e59-a50b-50ba61a28af6/call-CreateSequenceGroupingTSV/execution/docker_cid \
  -i \
  --user 1027:1028 \
  --cpus="64" \
  --memory="204800M" \
  --entrypoint /bin/bash \
  -v /mnt/nas1/projects/lasr/blendseq/warp-pipelines/warp-gatk-germline-single-sample-pipeline-master/tmp/7024769096287923/cromwell-executions/WholeGenomeGermlineSingleSample/0c205b5c-e940-4d91-84d8-a29a2e6929b0/call-UnmappedBamToAlignedBam/UnmappedBamToAlignedBam/b3766e0b-927e-4e59-a50b-50ba61a28af6/call-CreateSequenceGroupingTSV:/cromwell-executions/WholeGenomeGermlineSingleSample/0c205b5c-e940-4d91-84d8-a29a2e6929b0/call-UnmappedBamToAlignedBam/UnmappedBamToAlignedBam/b3766e0b-927e-4e59-a50b-50ba61a28af6/call-CreateSequenceGroupingTSV \
  us.gcr.io/broad-dsp-gcr-public/base/python@sha256:af87295ec55957b9997a20803e5e612fe819e39be40a6cd817d696f6b758ad1a /cromwell-executions/WholeGenomeGermlineSingleSample/0c205b5c-e940-4d91-84d8-a29a2e6929b0/call-UnmappedBamToAlignedBam/UnmappedBamToAlignedBam/b3766e0b-927e-4e59-a50b-50ba61a28af6/call-CreateSequenceGroupingTSV/execution/script

# get the return code (working even if the container was detached)
rc=$(docker wait [38;5;5mcat /mnt/nas1/projects/lasr/blendseq/warp-pipelines/warp-gatk-germline-single-sample-pipeline-master/tmp/7024769096287923/cromwell-executions/WholeGenomeGermlineSingleSample/0c205b5c-e940-4d91-84d8-a29a2e6929b0/call-UnmappedBamToAlignedBam/UnmappedBamToAlignedBam/b3766e0b-927e-4e59-a50b-50ba61a28af6/call-CreateSequenceGroupingTSV/execution/docker_cid[0m)

# remove the container after waiting
docker rm [38;5;5mcat /mnt/nas1/projects/lasr/blendseq/warp-pipelines/warp-gatk-germline-single-sample-pipeline-master/tmp/7024769096287923/cromwell-executions/WholeGenomeGermlineSingleSample/0c205b5c-e940-4d91-84d8-a29a2e6929b0/call-UnmappedBamToAlignedBam/UnmappedBamToAlignedBam/b3766e0b-927e-4e59-a50b-50ba61a28af6/call-CreateSequenceGroupingTSV/execution/docker_cid[0m

# return exit code
exit $rc

# Job CollectQualityYieldMetrics

  CollectQualityYieldMetrics \
  INPUT=/cromwell-executions/WholeGenomeGermlineSingleSample/0c205b5c-e940-4d91-84d8-a29a2e6929b0/call-UnmappedBamToAlignedBam/UnmappedBamToAlignedBam/b3766e0b-927e-4e59-a50b-50ba61a28af6/call-CollectQualityYieldMetrics/shard-0/inputs/1329413647/sorted-ERR3687419_ILMN.unmapped.bam \
  OQ=true \
  OUTPUT=sorted-ERR3687419_ILMN.unmapped.quality_yield_metrics[0m
rm -f /mnt/nas1/projects/lasr/blendseq/warp-pipelines/warp-gatk-germline-single-sample-pipeline-master/tmp/7024769096287923/cromwell-executions/WholeGenomeGermlineSingleSample/0c205b5c-e940-4d91-84d8-a29a2e6929b0/call-UnmappedBamToAlignedBam/UnmappedBamToAlignedBam/b3766e0b-927e-4e59-a50b-50ba61a28af6/call-CollectQualityYieldMetrics/shard-0/execution/docker_cid
# run as in the original configuration without --rm flag (will remove later)
docker run \
  --cidfile /mnt/nas1/projects/lasr/blendseq/warp-pipelines/warp-gatk-germline-single-sample-pipeline-master/tmp/7024769096287923/cromwell-executions/WholeGenomeGermlineSingleSample/0c205b5c-e940-4d91-84d8-a29a2e6929b0/call-UnmappedBamToAlignedBam/UnmappedBamToAlignedBam/b3766e0b-927e-4e59-a50b-50ba61a28af6/call-CollectQualityYieldMetrics/shard-0/execution/docker_cid \
  -i \
  --user 1027:1028 \
  --cpus="64" \
  --memory="204800M" \
  --entrypoint /bin/bash \
  -v /mnt/nas1/projects/lasr/blendseq/warp-pipelines/warp-gatk-germline-single-sample-pipeline-master/tmp/7024769096287923/cromwell-executions/WholeGenomeGermlineSingleSample/0c205b5c-e940-4d91-84d8-a29a2e6929b0/call-UnmappedBamToAlignedBam/UnmappedBamToAlignedBam/b3766e0b-927e-4e59-a50b-50ba61a28af6/call-CollectQualityYieldMetrics/shard-0:/cromwell-executions/WholeGenomeGermlineSingleSample/0c205b5c-e940-4d91-84d8-a29a2e6929b0/call-UnmappedBamToAlignedBam/UnmappedBamToAlignedBam/b3766e0b-927e-4e59-a50b-50ba61a28af6/call-CollectQualityYieldMetrics/shard-0 \
  us.gcr.io/broad-gotc-prod/picard-cloud@sha256:e5ad5339080c3107c04e4a4d000b8ab06f472b77019debc3ff75499d28995b0c /cromwell-executions/WholeGenomeGermlineSingleSample/0c205b5c-e940-4d91-84d8-a29a2e6929b0/call-UnmappedBamToAlignedBam/UnmappedBamToAlignedBam/b3766e0b-927e-4e59-a50b-50ba61a28af6/call-CollectQualityYieldMetrics/shard-0/execution/script

# get the return code (working even if the container was detached)
rc=$(docker wait [38;5;5mcat /mnt/nas1/projects/lasr/blendseq/warp-pipelines/warp-gatk-germline-single-sample-pipeline-master/tmp/7024769096287923/cromwell-executions/WholeGenomeGermlineSingleSample/0c205b5c-e940-4d91-84d8-a29a2e6929b0/call-UnmappedBamToAlignedBam/UnmappedBamToAlignedBam/b3766e0b-927e-4e59-a50b-50ba61a28af6/call-CollectQualityYieldMetrics/shard-0/execution/docker_cid[0m)

# remove the container after waiting
docker rm [38;5;5mcat /mnt/nas1/projects/lasr/blendseq/warp-pipelines/warp-gatk-germline-single-sample-pipeline-master/tmp/7024769096287923/cromwell-executions/WholeGenomeGermlineSingleSample/0c205b5c-e940-4d91-84d8-a29a2e6929b0/call-UnmappedBamToAlignedBam/UnmappedBamToAlignedBam/b3766e0b-927e-4e59-a50b-50ba61a28af6/call-CollectQualityYieldMetrics/shard-0/execution/docker_cid[0m

# return exit code
exit $rc

# Job SplitSamByNumberOfReads

mkdir output_dir

total_reads=$(samtools view -c /cromwell-executions/WholeGenomeGermlineSingleSample/0c205b5c-e940-4d91-84d8-a29a2e6929b0/call-UnmappedBamToAlignedBam/UnmappedBamToAlignedBam/b3766e0b-927e-4e59-a50b-50ba61a28af6/call-SplitRG/shard-0/SplitLargeReadGroup/41025409-afd2-4d1d-b609-c57ca9495f4b/call-SamSplitter/inputs/1329413647/sorted-ERR3687419_ILMN.unmapped.bam)

java -Dsamjdk.compression_level=2 -Xms3000m -Xmx3600m -jar /usr/gitc/picard.jar SplitSamByNumberOfReads \
  INPUT=/cromwell-executions/WholeGenomeGermlineSingleSample/0c205b5c-e940-4d91-84d8-a29a2e6929b0/call-UnmappedBamToAlignedBam/UnmappedBamToAlignedBam/b3766e0b-927e-4e59-a50b-50ba61a28af6/call-SplitRG/shard-0/SplitLargeReadGroup/41025409-afd2-4d1d-b609-c57ca9495f4b/call-SamSplitter/inputs/1329413647/sorted-ERR3687419_ILMN.unmapped.bam \
  OUTPUT=output_dir \
  SPLIT_TO_N_READS=48000000 \
  TOTAL_READS_IN_INPUT=$total_reads[0m
rm -f /mnt/nas1/projects/lasr/blendseq/warp-pipelines/warp-gatk-germline-single-sample-pipeline-master/tmp/7024769096287923/cromwell-executions/WholeGenomeGermlineSingleSample/0c205b5c-e940-4d91-84d8-a29a2e6929b0/call-UnmappedBamToAlignedBam/UnmappedBamToAlignedBam/b3766e0b-927e-4e59-a50b-50ba61a28af6/call-SplitRG/shard-0/SplitLargeReadGroup/41025409-afd2-4d1d-b609-c57ca9495f4b/call-SamSplitter/execution/docker_cid
# run as in the original configuration without --rm flag (will remove later)
docker run \
  --cidfile /mnt/nas1/projects/lasr/blendseq/warp-pipelines/warp-gatk-germline-single-sample-pipeline-master/tmp/7024769096287923/cromwell-executions/WholeGenomeGermlineSingleSample/0c205b5c-e940-4d91-84d8-a29a2e6929b0/call-UnmappedBamToAlignedBam/UnmappedBamToAlignedBam/b3766e0b-927e-4e59-a50b-50ba61a28af6/call-SplitRG/shard-0/SplitLargeReadGroup/41025409-afd2-4d1d-b609-c57ca9495f4b/call-SamSplitter/execution/docker_cid \
  -i \
  --user 1027:1028 \
  --cpus="64" \
  --memory="204800M" \
  --entrypoint /bin/bash \
  -v /mnt/nas1/projects/lasr/blendseq/warp-pipelines/warp-gatk-germline-single-sample-pipeline-master/tmp/7024769096287923/cromwell-executions/WholeGenomeGermlineSingleSample/0c205b5c-e940-4d91-84d8-a29a2e6929b0/call-UnmappedBamToAlignedBam/UnmappedBamToAlignedBam/b3766e0b-927e-4e59-a50b-50ba61a28af6/call-SplitRG/shard-0/SplitLargeReadGroup/41025409-afd2-4d1d-b609-c57ca9495f4b/call-SamSplitter:/cromwell-executions/WholeGenomeGermlineSingleSample/0c205b5c-e940-4d91-84d8-a29a2e6929b0/call-UnmappedBamToAlignedBam/UnmappedBamToAlignedBam/b3766e0b-927e-4e59-a50b-50ba61a28af6/call-SplitRG/shard-0/SplitLargeReadGroup/41025409-afd2-4d1d-b609-c57ca9495f4b/call-SamSplitter \
  us.gcr.io/broad-gotc-prod/samtools-picard-bwa@sha256:68eae459869592a095b75598039a65e02dede4f6e89cb1452a6a9e673cc10fa9 /cromwell-executions/WholeGenomeGermlineSingleSample/0c205b5c-e940-4d91-84d8-a29a2e6929b0/call-UnmappedBamToAlignedBam/UnmappedBamToAlignedBam/b3766e0b-927e-4e59-a50b-50ba61a28af6/call-SplitRG/shard-0/SplitLargeReadGroup/41025409-afd2-4d1d-b609-c57ca9495f4b/call-SamSplitter/execution/script

# get the return code (working even if the container was detached)
rc=$(docker wait [38;5;5mcat /mnt/nas1/projects/lasr/blendseq/warp-pipelines/warp-gatk-germline-single-sample-pipeline-master/tmp/7024769096287923/cromwell-executions/WholeGenomeGermlineSingleSample/0c205b5c-e940-4d91-84d8-a29a2e6929b0/call-UnmappedBamToAlignedBam/UnmappedBamToAlignedBam/b3766e0b-927e-4e59-a50b-50ba61a28af6/call-SplitRG/shard-0/SplitLargeReadGroup/41025409-afd2-4d1d-b609-c57ca9495f4b/call-SamSplitter/execution/docker_cid[0m)

# remove the container after waiting
docker rm [38;5;5mcat /mnt/nas1/projects/lasr/blendseq/warp-pipelines/warp-gatk-germline-single-sample-pipeline-master/tmp/7024769096287923/cromwell-executions/WholeGenomeGermlineSingleSample/0c205b5c-e940-4d91-84d8-a29a2e6929b0/call-UnmappedBamToAlignedBam/UnmappedBamToAlignedBam/b3766e0b-927e-4e59-a50b-50ba61a28af6/call-SplitRG/shard-0/SplitLargeReadGroup/41025409-afd2-4d1d-b609-c57ca9495f4b/call-SamSplitter/execution/docker_cid[0m

# return exit code
exit $rc

# Job DRAGMAP and MergeBamAlignment (for each shard)

DRAGMAP_VERSION=$(dragen-os --version)

if [ -z ${DRAGMAP_VERSION} ]; then
    exit 1;
fi

mkdir dragen_reference
mv /cromwell-executions/WholeGenomeGermlineSingleSample/0c205b5c-e940-4d91-84d8-a29a2e6929b0/call-UnmappedBamToAlignedBam/UnmappedBamToAlignedBam/b3766e0b-927e-4e59-a50b-50ba61a28af6/call-SplitRG/shard-0/SplitLargeReadGroup/41025409-afd2-4d1d-b609-c57ca9495f4b/call-SamToFastqAndDragmapAndMba/shard-17/inputs/-1290198700/reference.bin /cromwell-executions/WholeGenomeGermlineSingleSample/0c205b5c-e940-4d91-84d8-a29a2e6929b0/call-UnmappedBamToAlignedBam/UnmappedBamToAlignedBam/b3766e0b-927e-4e59-a50b-50ba61a28af6/call-SplitRG/shard-0/SplitLargeReadGroup/41025409-afd2-4d1d-b609-c57ca9495f4b/call-SamToFastqAndDragmapAndMba/shard-17/inputs/-1290198700/hash_table.cfg.bin /cromwell-executions/WholeGenomeGermlineSingleSample/0c205b5c-e940-4d91-84d8-a29a2e6929b0/call-UnmappedBamToAlignedBam/UnmappedBamToAlignedBam/b3766e0b-927e-4e59-a50b-50ba61a28af6/call-SplitRG/shard-0/SplitLargeReadGroup/41025409-afd2-4d1d-b609-c57ca9495f4b/call-SamToFastqAndDragmapAndMba/shard-17/inputs/-1290198700/hash_table.cmp dragen_reference

dragen-os -b /cromwell-executions/WholeGenomeGermlineSingleSample/0c205b5c-e940-4d91-84d8-a29a2e6929b0/call-UnmappedBamToAlignedBam/UnmappedBamToAlignedBam/b3766e0b-927e-4e59-a50b-50ba61a28af6/call-SplitRG/shard-0/SplitLargeReadGroup/41025409-afd2-4d1d-b609-c57ca9495f4b/call-SamToFastqAndDragmapAndMba/shard-17/inputs/-1961696711/shard_0018.bam -r dragen_reference --interleaved=1 --preserve-map-align-order true 2> >(tee shard_0018.dragmap.stderr.log >&2) | samtools view -h -O BAM - > aligned.bam
java -Dsamjdk.compression_level=2 -Xms1000m -Xmx1000m -jar /picard/picard.jar \
  MergeBamAlignment \
  VALIDATION_STRINGENCY=SILENT \
  EXPECTED_ORIENTATIONS=FR \
  ATTRIBUTES_TO_RETAIN=X0 \
  ATTRIBUTES_TO_REMOVE=RG \
  ATTRIBUTES_TO_REMOVE=NM \
  ATTRIBUTES_TO_REMOVE=MD \
  ALIGNED_BAM=aligned.bam \
  UNMAPPED_BAM=/cromwell-executions/WholeGenomeGermlineSingleSample/0c205b5c-e940-4d91-84d8-a29a2e6929b0/call-UnmappedBamToAlignedBam/UnmappedBamToAlignedBam/b3766e0b-927e-4e59-a50b-50ba61a28af6/call-SplitRG/shard-0/SplitLargeReadGroup/41025409-afd2-4d1d-b609-c57ca9495f4b/call-SamToFastqAndDragmapAndMba/shard-17/inputs/-1961696711/shard_0018.bam \
  OUTPUT=shard_0018.bam \
  REFERENCE_SEQUENCE=/cromwell-executions/WholeGenomeGermlineSingleSample/0c205b5c-e940-4d91-84d8-a29a2e6929b0/call-UnmappedBamToAlignedBam/UnmappedBamToAlignedBam/b3766e0b-927e-4e59-a50b-50ba61a28af6/call-SplitRG/shard-0/SplitLargeReadGroup/41025409-afd2-4d1d-b609-c57ca9495f4b/call-SamToFastqAndDragmapAndMba/shard-17/inputs/-1569105944/Homo_sapiens_assembly38_masked.fasta \
  PAIRED_RUN=true \
  SORT_ORDER="unsorted" \
  IS_BISULFITE_SEQUENCE=false \
  ALIGNED_READS_ONLY=false \
  CLIP_ADAPTERS=false \
   \
   \
  MAX_RECORDS_IN_RAM=2000000 \
  ADD_MATE_CIGAR=true \
  MAX_INSERTIONS_OR_DELETIONS=-1 \
  PRIMARY_ALIGNMENT_STRATEGY=MostDistant \
  PROGRAM_RECORD_ID="dragen-os" \
  PROGRAM_GROUP_VERSION="${DRAGMAP_VERSION}" \
  PROGRAM_GROUP_COMMAND_LINE="dragen-os -b /cromwell-executions/WholeGenomeGermlineSingleSample/0c205b5c-e940-4d91-84d8-a29a2e6929b0/call-UnmappedBamToAlignedBam/UnmappedBamToAlignedBam/b3766e0b-927e-4e59-a50b-50ba61a28af6/call-SplitRG/shard-0/SplitLargeReadGroup/41025409-afd2-4d1d-b609-c57ca9495f4b/call-SamToFastqAndDragmapAndMba/shard-17/inputs/-1961696711/shard_0018.bam -r dragen_reference --interleaved=1" \
  PROGRAM_GROUP_NAME="dragen-os" \
  UNMAPPED_READ_STRATEGY=COPY_TO_TAG \
  ALIGNER_PROPER_PAIR_FLAGS=true \
  UNMAP_CONTAMINANT_READS=true \
  ADD_PG_TAG_TO_READS=false[0m
rm -f /mnt/nas1/projects/lasr/blendseq/warp-pipelines/warp-gatk-germline-single-sample-pipeline-master/tmp/7024769096287923/cromwell-executions/WholeGenomeGermlineSingleSample/0c205b5c-e940-4d91-84d8-a29a2e6929b0/call-UnmappedBamToAlignedBam/UnmappedBamToAlignedBam/b3766e0b-927e-4e59-a50b-50ba61a28af6/call-SplitRG/shard-0/SplitLargeReadGroup/41025409-afd2-4d1d-b609-c57ca9495f4b/call-SamToFastqAndDragmapAndMba/shard-17/execution/docker_cid
# run as in the original configuration without --rm flag (will remove later)
docker run \
  --cidfile /mnt/nas1/projects/lasr/blendseq/warp-pipelines/warp-gatk-germline-single-sample-pipeline-master/tmp/7024769096287923/cromwell-executions/WholeGenomeGermlineSingleSample/0c205b5c-e940-4d91-84d8-a29a2e6929b0/call-UnmappedBamToAlignedBam/UnmappedBamToAlignedBam/b3766e0b-927e-4e59-a50b-50ba61a28af6/call-SplitRG/shard-0/SplitLargeReadGroup/41025409-afd2-4d1d-b609-c57ca9495f4b/call-SamToFastqAndDragmapAndMba/shard-17/execution/docker_cid \
  -i \
  --user 1027:1028 \
  --cpus="64" \
  --memory="204800M" \
  --entrypoint /bin/bash \
  -v /mnt/nas1/projects/lasr/blendseq/warp-pipelines/warp-gatk-germline-single-sample-pipeline-master/tmp/7024769096287923/cromwell-executions/WholeGenomeGermlineSingleSample/0c205b5c-e940-4d91-84d8-a29a2e6929b0/call-UnmappedBamToAlignedBam/UnmappedBamToAlignedBam/b3766e0b-927e-4e59-a50b-50ba61a28af6/call-SplitRG/shard-0/SplitLargeReadGroup/41025409-afd2-4d1d-b609-c57ca9495f4b/call-SamToFastqAndDragmapAndMba/shard-17:/cromwell-executions/WholeGenomeGermlineSingleSample/0c205b5c-e940-4d91-84d8-a29a2e6929b0/call-UnmappedBamToAlignedBam/UnmappedBamToAlignedBam/b3766e0b-927e-4e59-a50b-50ba61a28af6/call-SplitRG/shard-0/SplitLargeReadGroup/41025409-afd2-4d1d-b609-c57ca9495f4b/call-SamToFastqAndDragmapAndMba/shard-17 \
  us.gcr.io/broad-gotc-prod/dragmap@sha256:5964afca3e4173c33b11100f68c1a44642e0ff2ee4de5a49d8cd446fef308b23 /cromwell-executions/WholeGenomeGermlineSingleSample/0c205b5c-e940-4d91-84d8-a29a2e6929b0/call-UnmappedBamToAlignedBam/UnmappedBamToAlignedBam/b3766e0b-927e-4e59-a50b-50ba61a28af6/call-SplitRG/shard-0/SplitLargeReadGroup/41025409-afd2-4d1d-b609-c57ca9495f4b/call-SamToFastqAndDragmapAndMba/shard-17/execution/script

# get the return code (working even if the container was detached)
rc=$(docker wait [38;5;5mcat /mnt/nas1/projects/lasr/blendseq/warp-pipelines/warp-gatk-germline-single-sample-pipeline-master/tmp/7024769096287923/cromwell-executions/WholeGenomeGermlineSingleSample/0c205b5c-e940-4d91-84d8-a29a2e6929b0/call-UnmappedBamToAlignedBam/UnmappedBamToAlignedBam/b3766e0b-927e-4e59-a50b-50ba61a28af6/call-SplitRG/shard-0/SplitLargeReadGroup/41025409-afd2-4d1d-b609-c57ca9495f4b/call-SamToFastqAndDragmapAndMba/shard-17/execution/docker_cid[0m)

# remove the container after waiting
docker rm [38;5;5mcat /mnt/nas1/projects/lasr/blendseq/warp-pipelines/warp-gatk-germline-single-sample-pipeline-master/tmp/7024769096287923/cromwell-executions/WholeGenomeGermlineSingleSample/0c205b5c-e940-4d91-84d8-a29a2e6929b0/call-UnmappedBamToAlignedBam/UnmappedBamToAlignedBam/b3766e0b-927e-4e59-a50b-50ba61a28af6/call-SplitRG/shard-0/SplitLargeReadGroup/41025409-afd2-4d1d-b609-c57ca9495f4b/call-SamToFastqAndDragmapAndMba/shard-17/execution/docker_cid[0m

# return exit code
exit $rc

# Job GatherBamFiles

  GatherBamFiles \
  INPUT=/cromwell-executions/WholeGenomeGermlineSingleSample/0c205b5c-e940-4d91-84d8-a29a2e6929b0/call-UnmappedBamToAlignedBam/UnmappedBamToAlignedBam/b3766e0b-927e-4e59-a50b-50ba61a28af6/call-SplitRG/shard-0/SplitLargeReadGroup/41025409-afd2-4d1d-b609-c57ca9495f4b/call-GatherMonolithicBamFile/inputs/-1923573669/shard_0001.bam INPUT=/cromwell-executions/WholeGenomeGermlineSingleSample/0c205b5c-e940-4d91-84d8-a29a2e6929b0/call-UnmappedBamToAlignedBam/UnmappedBamToAlignedBam/b3766e0b-927e-4e59-a50b-50ba61a28af6/call-SplitRG/shard-0/SplitLargeReadGroup/41025409-afd2-4d1d-b609-c57ca9495f4b/call-GatherMonolithicBamFile/inputs/574442268/shard_0002.bam INPUT=/cromwell-executions/WholeGenomeGermlineSingleSample/0c205b5c-e940-4d91-84d8-a29a2e6929b0/call-UnmappedBamToAlignedBam/UnmappedBamToAlignedBam/b3766e0b-927e-4e59-a50b-50ba61a28af6/call-SplitRG/shard-0/SplitLargeReadGroup/41025409-afd2-4d1d-b609-c57ca9495f4b/call-GatherMonolithicBamFile/inputs/-1222509091/shard_0003.bam INPUT=/cromwell-executions/WholeGenomeGermlineSingleSample/0c205b5c-e940-4d91-84d8-a29a2e6929b0/call-UnmappedBamToAlignedBam/UnmappedBamToAlignedBam/b3766e0b-927e-4e59-a50b-50ba61a28af6/call-SplitRG/shard-0/SplitLargeReadGroup/41025409-afd2-4d1d-b609-c57ca9495f4b/call-GatherMonolithicBamFile/inputs/1275506846/shard_0004.bam INPUT=/cromwell-executions/WholeGenomeGermlineSingleSample/0c205b5c-e940-4d91-84d8-a29a2e6929b0/call-UnmappedBamToAlignedBam/UnmappedBamToAlignedBam/b3766e0b-927e-4e59-a50b-50ba61a28af6/call-SplitRG/shard-0/SplitLargeReadGroup/41025409-afd2-4d1d-b609-c57ca9495f4b/call-GatherMonolithicBamFile/inputs/-521444513/shard_0005.bam INPUT=/cromwell-executions/WholeGenomeGermlineSingleSample/0c205b5c-e940-4d91-84d8-a29a2e6929b0/call-UnmappedBamToAlignedBam/UnmappedBamToAlignedBam/b3766e0b-927e-4e59-a50b-50ba61a28af6/call-SplitRG/shard-0/SplitLargeReadGroup/41025409-afd2-4d1d-b609-c57ca9495f4b/call-GatherMonolithicBamFile/inputs/1976571424/shard_0006.bam INPUT=/cromwell-executions/WholeGenomeGermlineSingleSample/0c205b5c-e940-4d91-84d8-a29a2e6929b0/call-UnmappedBamToAlignedBam/UnmappedBamToAlignedBam/b3766e0b-927e-4e59-a50b-50ba61a28af6/call-SplitRG/shard-0/SplitLargeReadGroup/41025409-afd2-4d1d-b609-c57ca9495f4b/call-GatherMonolithicBamFile/inputs/179620065/shard_0007.bam INPUT=/cromwell-executions/WholeGenomeGermlineSingleSample/0c205b5c-e940-4d91-84d8-a29a2e6929b0/call-UnmappedBamToAlignedBam/UnmappedBamToAlignedBam/b3766e0b-927e-4e59-a50b-50ba61a28af6/call-SplitRG/shard-0/SplitLargeReadGroup/41025409-afd2-4d1d-b609-c57ca9495f4b/call-GatherMonolithicBamFile/inputs/-1617331294/shard_0008.bam INPUT=/cromwell-executions/WholeGenomeGermlineSingleSample/0c205b5c-e940-4d91-84d8-a29a2e6929b0/call-UnmappedBamToAlignedBam/UnmappedBamToAlignedBam/b3766e0b-927e-4e59-a50b-50ba61a28af6/call-SplitRG/shard-0/SplitLargeReadGroup/41025409-afd2-4d1d-b609-c57ca9495f4b/call-GatherMonolithicBamFile/inputs/880684643/shard_0009.bam INPUT=/cromwell-executions/WholeGenomeGermlineSingleSample/0c205b5c-e940-4d91-84d8-a29a2e6929b0/call-UnmappedBamToAlignedBam/UnmappedBamToAlignedBam/b3766e0b-927e-4e59-a50b-50ba61a28af6/call-SplitRG/shard-0/SplitLargeReadGroup/41025409-afd2-4d1d-b609-c57ca9495f4b/call-GatherMonolithicBamFile/inputs/-916266716/shard_0010.bam INPUT=/cromwell-executions/WholeGenomeGermlineSingleSample/0c205b5c-e940-4d91-84d8-a29a2e6929b0/call-UnmappedBamToAlignedBam/UnmappedBamToAlignedBam/b3766e0b-927e-4e59-a50b-50ba61a28af6/call-SplitRG/shard-0/SplitLargeReadGroup/41025409-afd2-4d1d-b609-c57ca9495f4b/call-GatherMonolithicBamFile/inputs/849167110/shard_0011.bam INPUT=/cromwell-executions/WholeGenomeGermlineSingleSample/0c205b5c-e940-4d91-84d8-a29a2e6929b0/call-UnmappedBamToAlignedBam/UnmappedBamToAlignedBam/b3766e0b-927e-4e59-a50b-50ba61a28af6/call-SplitRG/shard-0/SplitLargeReadGroup/41025409-afd2-4d1d-b609-c57ca9495f4b/call-GatherMonolithicBamFile/inputs/-947784249/shard_0012.bam INPUT=/cromwell-executions/WholeGenomeGermlineSingleSample/0c205b5c-e940-4d91-84d8-a29a2e6929b0/call-UnmappedBamToAlignedBam/UnmappedBamToAlignedBam/b3766e0b-927e-4e59-a50b-50ba61a28af6/call-SplitRG/shard-0/SplitLargeReadGroup/41025409-afd2-4d1d-b609-c57ca9495f4b/call-GatherMonolithicBamFile/inputs/1550231688/shard_0013.bam INPUT=/cromwell-executions/WholeGenomeGermlineSingleSample/0c205b5c-e940-4d91-84d8-a29a2e6929b0/call-UnmappedBamToAlignedBam/UnmappedBamToAlignedBam/b3766e0b-927e-4e59-a50b-50ba61a28af6/call-SplitRG/shard-0/SplitLargeReadGroup/41025409-afd2-4d1d-b609-c57ca9495f4b/call-GatherMonolithicBamFile/inputs/-246719671/shard_0014.bam INPUT=/cromwell-executions/WholeGenomeGermlineSingleSample/0c205b5c-e940-4d91-84d8-a29a2e6929b0/call-UnmappedBamToAlignedBam/UnmappedBamToAlignedBam/b3766e0b-927e-4e59-a50b-50ba61a28af6/call-SplitRG/shard-0/SplitLargeReadGroup/41025409-afd2-4d1d-b609-c57ca9495f4b/call-GatherMonolithicBamFile/inputs/-2043671030/shard_0015.bam INPUT=/cromwell-executions/WholeGenomeGermlineSingleSample/0c205b5c-e940-4d91-84d8-a29a2e6929b0/call-UnmappedBamToAlignedBam/UnmappedBamToAlignedBam/b3766e0b-927e-4e59-a50b-50ba61a28af6/call-SplitRG/shard-0/SplitLargeReadGroup/41025409-afd2-4d1d-b609-c57ca9495f4b/call-GatherMonolithicBamFile/inputs/454344907/shard_0016.bam INPUT=/cromwell-executions/WholeGenomeGermlineSingleSample/0c205b5c-e940-4d91-84d8-a29a2e6929b0/call-UnmappedBamToAlignedBam/UnmappedBamToAlignedBam/b3766e0b-927e-4e59-a50b-50ba61a28af6/call-SplitRG/shard-0/SplitLargeReadGroup/41025409-afd2-4d1d-b609-c57ca9495f4b/call-GatherMonolithicBamFile/inputs/-1342606452/shard_0017.bam INPUT=/cromwell-executions/WholeGenomeGermlineSingleSample/0c205b5c-e940-4d91-84d8-a29a2e6929b0/call-UnmappedBamToAlignedBam/UnmappedBamToAlignedBam/b3766e0b-927e-4e59-a50b-50ba61a28af6/call-SplitRG/shard-0/SplitLargeReadGroup/41025409-afd2-4d1d-b609-c57ca9495f4b/call-GatherMonolithicBamFile/inputs/1155409485/shard_0018.bam INPUT=/cromwell-executions/WholeGenomeGermlineSingleSample/0c205b5c-e940-4d91-84d8-a29a2e6929b0/call-UnmappedBamToAlignedBam/UnmappedBamToAlignedBam/b3766e0b-927e-4e59-a50b-50ba61a28af6/call-SplitRG/shard-0/SplitLargeReadGroup/41025409-afd2-4d1d-b609-c57ca9495f4b/call-GatherMonolithicBamFile/inputs/-641541874/shard_0019.bam \
  OUTPUT=sorted-ERR3687419_ILMN.aligned.unsorted.bam \
  CREATE_INDEX=false \
  CREATE_MD5_FILE=false[0m
rm -f /mnt/nas1/projects/lasr/blendseq/warp-pipelines/warp-gatk-germline-single-sample-pipeline-master/tmp/7024769096287923/cromwell-executions/WholeGenomeGermlineSingleSample/0c205b5c-e940-4d91-84d8-a29a2e6929b0/call-UnmappedBamToAlignedBam/UnmappedBamToAlignedBam/b3766e0b-927e-4e59-a50b-50ba61a28af6/call-SplitRG/shard-0/SplitLargeReadGroup/41025409-afd2-4d1d-b609-c57ca9495f4b/call-GatherMonolithicBamFile/execution/docker_cid
# run as in the original configuration without --rm flag (will remove later)
docker run \
  --cidfile /mnt/nas1/projects/lasr/blendseq/warp-pipelines/warp-gatk-germline-single-sample-pipeline-master/tmp/7024769096287923/cromwell-executions/WholeGenomeGermlineSingleSample/0c205b5c-e940-4d91-84d8-a29a2e6929b0/call-UnmappedBamToAlignedBam/UnmappedBamToAlignedBam/b3766e0b-927e-4e59-a50b-50ba61a28af6/call-SplitRG/shard-0/SplitLargeReadGroup/41025409-afd2-4d1d-b609-c57ca9495f4b/call-GatherMonolithicBamFile/execution/docker_cid \
  -i \
  --user 1027:1028 \
  --cpus="64" \
  --memory="204800M" \
  --entrypoint /bin/bash \
  -v /mnt/nas1/projects/lasr/blendseq/warp-pipelines/warp-gatk-germline-single-sample-pipeline-master/tmp/7024769096287923/cromwell-executions/WholeGenomeGermlineSingleSample/0c205b5c-e940-4d91-84d8-a29a2e6929b0/call-UnmappedBamToAlignedBam/UnmappedBamToAlignedBam/b3766e0b-927e-4e59-a50b-50ba61a28af6/call-SplitRG/shard-0/SplitLargeReadGroup/41025409-afd2-4d1d-b609-c57ca9495f4b/call-GatherMonolithicBamFile:/cromwell-executions/WholeGenomeGermlineSingleSample/0c205b5c-e940-4d91-84d8-a29a2e6929b0/call-UnmappedBamToAlignedBam/UnmappedBamToAlignedBam/b3766e0b-927e-4e59-a50b-50ba61a28af6/call-SplitRG/shard-0/SplitLargeReadGroup/41025409-afd2-4d1d-b609-c57ca9495f4b/call-GatherMonolithicBamFile \
  us.gcr.io/broad-gotc-prod/picard-cloud@sha256:e5ad5339080c3107c04e4a4d000b8ab06f472b77019debc3ff75499d28995b0c /cromwell-executions/WholeGenomeGermlineSingleSample/0c205b5c-e940-4d91-84d8-a29a2e6929b0/call-UnmappedBamToAlignedBam/UnmappedBamToAlignedBam/b3766e0b-927e-4e59-a50b-50ba61a28af6/call-SplitRG/shard-0/SplitLargeReadGroup/41025409-afd2-4d1d-b609-c57ca9495f4b/call-GatherMonolithicBamFile/execution/script

# get the return code (working even if the container was detached)
rc=$(docker wait [38;5;5mcat /mnt/nas1/projects/lasr/blendseq/warp-pipelines/warp-gatk-germline-single-sample-pipeline-master/tmp/7024769096287923/cromwell-executions/WholeGenomeGermlineSingleSample/0c205b5c-e940-4d91-84d8-a29a2e6929b0/call-UnmappedBamToAlignedBam/UnmappedBamToAlignedBam/b3766e0b-927e-4e59-a50b-50ba61a28af6/call-SplitRG/shard-0/SplitLargeReadGroup/41025409-afd2-4d1d-b609-c57ca9495f4b/call-GatherMonolithicBamFile/execution/docker_cid[0m)

# remove the container after waiting
docker rm [38;5;5mcat /mnt/nas1/projects/lasr/blendseq/warp-pipelines/warp-gatk-germline-single-sample-pipeline-master/tmp/7024769096287923/cromwell-executions/WholeGenomeGermlineSingleSample/0c205b5c-e940-4d91-84d8-a29a2e6929b0/call-UnmappedBamToAlignedBam/UnmappedBamToAlignedBam/b3766e0b-927e-4e59-a50b-50ba61a28af6/call-SplitRG/shard-0/SplitLargeReadGroup/41025409-afd2-4d1d-b609-c57ca9495f4b/call-GatherMonolithicBamFile/execution/docker_cid[0m

# return exit code
exit $rc
{
  "SplitLargeReadGroup.aligned_bam": "/mnt/nas1/projects/lasr/blendseq/warp-pipelines/warp-gatk-germline-single-sample-pipeline-master/tmp/7024769096287923/cromwell-executions/WholeGenomeGermlineSingleSample/0c205b5c-e940-4d91-84d8-a29a2e6929b0/call-UnmappedBamToAlignedBam/UnmappedBamToAlignedBam/b3766e0b-927e-4e59-a50b-50ba61a28af6/call-SplitRG/shard-0/SplitLargeReadGroup/41025409-afd2-4d1d-b609-c57ca9495f4b/call-GatherMonolithicBamFile/execution/sorted-ERR3687419_ILMN.aligned.unsorted.bam"
}

# Job CollectMultipleMetrics (aligned, unsorted)

  CollectMultipleMetrics \
  INPUT=/cromwell-executions/WholeGenomeGermlineSingleSample/0c205b5c-e940-4d91-84d8-a29a2e6929b0/call-UnmappedBamToAlignedBam/UnmappedBamToAlignedBam/b3766e0b-927e-4e59-a50b-50ba61a28af6/call-CollectUnsortedReadgroupBamQualityMetrics/shard-0/inputs/-297400885/sorted-ERR3687419_ILMN.aligned.unsorted.bam \
  OUTPUT=sorted-ERR3687419_ILMN.readgroup \
  ASSUME_SORTED=true \
  PROGRAM=null \
  PROGRAM=CollectBaseDistributionByCycle \
  PROGRAM=CollectInsertSizeMetrics \
  PROGRAM=MeanQualityByCycle \
  PROGRAM=QualityScoreDistribution \
  METRIC_ACCUMULATION_LEVEL=null \
  METRIC_ACCUMULATION_LEVEL=ALL_READS

touch sorted-ERR3687419_ILMN.readgroup.insert_size_metrics
touch sorted-ERR3687419_ILMN.readgroup.insert_size_histogram.pdf[0m
rm -f /mnt/nas1/projects/lasr/blendseq/warp-pipelines/warp-gatk-germline-single-sample-pipeline-master/tmp/7024769096287923/cromwell-executions/WholeGenomeGermlineSingleSample/0c205b5c-e940-4d91-84d8-a29a2e6929b0/call-UnmappedBamToAlignedBam/UnmappedBamToAlignedBam/b3766e0b-927e-4e59-a50b-50ba61a28af6/call-CollectUnsortedReadgroupBamQualityMetrics/shard-0/execution/docker_cid
# run as in the original configuration without --rm flag (will remove later)
docker run \
  --cidfile /mnt/nas1/projects/lasr/blendseq/warp-pipelines/warp-gatk-germline-single-sample-pipeline-master/tmp/7024769096287923/cromwell-executions/WholeGenomeGermlineSingleSample/0c205b5c-e940-4d91-84d8-a29a2e6929b0/call-UnmappedBamToAlignedBam/UnmappedBamToAlignedBam/b3766e0b-927e-4e59-a50b-50ba61a28af6/call-CollectUnsortedReadgroupBamQualityMetrics/shard-0/execution/docker_cid \
  -i \
  --user 1027:1028 \
  --cpus="64" \
  --memory="204800M" \
  --entrypoint /bin/bash \
  -v /mnt/nas1/projects/lasr/blendseq/warp-pipelines/warp-gatk-germline-single-sample-pipeline-master/tmp/7024769096287923/cromwell-executions/WholeGenomeGermlineSingleSample/0c205b5c-e940-4d91-84d8-a29a2e6929b0/call-UnmappedBamToAlignedBam/UnmappedBamToAlignedBam/b3766e0b-927e-4e59-a50b-50ba61a28af6/call-CollectUnsortedReadgroupBamQualityMetrics/shard-0:/cromwell-executions/WholeGenomeGermlineSingleSample/0c205b5c-e940-4d91-84d8-a29a2e6929b0/call-UnmappedBamToAlignedBam/UnmappedBamToAlignedBam/b3766e0b-927e-4e59-a50b-50ba61a28af6/call-CollectUnsortedReadgroupBamQualityMetrics/shard-0 \
  us.gcr.io/broad-gotc-prod/picard-cloud@sha256:e5ad5339080c3107c04e4a4d000b8ab06f472b77019debc3ff75499d28995b0c /cromwell-executions/WholeGenomeGermlineSingleSample/0c205b5c-e940-4d91-84d8-a29a2e6929b0/call-UnmappedBamToAlignedBam/UnmappedBamToAlignedBam/b3766e0b-927e-4e59-a50b-50ba61a28af6/call-CollectUnsortedReadgroupBamQualityMetrics/shard-0/execution/script

# get the return code (working even if the container was detached)
rc=$(docker wait [38;5;5mcat /mnt/nas1/projects/lasr/blendseq/warp-pipelines/warp-gatk-germline-single-sample-pipeline-master/tmp/7024769096287923/cromwell-executions/WholeGenomeGermlineSingleSample/0c205b5c-e940-4d91-84d8-a29a2e6929b0/call-UnmappedBamToAlignedBam/UnmappedBamToAlignedBam/b3766e0b-927e-4e59-a50b-50ba61a28af6/call-CollectUnsortedReadgroupBamQualityMetrics/shard-0/execution/docker_cid[0m)

# remove the container after waiting
docker rm [38;5;5mcat /mnt/nas1/projects/lasr/blendseq/warp-pipelines/warp-gatk-germline-single-sample-pipeline-master/tmp/7024769096287923/cromwell-executions/WholeGenomeGermlineSingleSample/0c205b5c-e940-4d91-84d8-a29a2e6929b0/call-UnmappedBamToAlignedBam/UnmappedBamToAlignedBam/b3766e0b-927e-4e59-a50b-50ba61a28af6/call-CollectUnsortedReadgroupBamQualityMetrics/shard-0/execution/docker_cid[0m

# return exit code
exit $rc

# Job MarkDuplicates

  MarkDuplicates \
  INPUT=/cromwell-executions/WholeGenomeGermlineSingleSample/0c205b5c-e940-4d91-84d8-a29a2e6929b0/call-UnmappedBamToAlignedBam/UnmappedBamToAlignedBam/b3766e0b-927e-4e59-a50b-50ba61a28af6/call-MarkDuplicates/inputs/-297400885/sorted-ERR3687419_ILMN.aligned.unsorted.bam \
  OUTPUT=sorted-ERR3687419_ILMN.aligned.unsorted.duplicates_marked.bam \
  METRICS_FILE=sorted-ERR3687419_ILMN.duplicate_metrics \
  VALIDATION_STRINGENCY=SILENT \
   \
   \
  OPTICAL_DUPLICATE_PIXEL_DISTANCE=2500 \
  ASSUME_SORT_ORDER="queryname" \
  CLEAR_DT="false" \
  ADD_PG_TAG_TO_READS=false[0m
rm -f /mnt/nas1/projects/lasr/blendseq/warp-pipelines/warp-gatk-germline-single-sample-pipeline-master/tmp/7024769096287923/cromwell-executions/WholeGenomeGermlineSingleSample/0c205b5c-e940-4d91-84d8-a29a2e6929b0/call-UnmappedBamToAlignedBam/UnmappedBamToAlignedBam/b3766e0b-927e-4e59-a50b-50ba61a28af6/call-MarkDuplicates/execution/docker_cid
# run as in the original configuration without --rm flag (will remove later)
docker run \
  --cidfile /mnt/nas1/projects/lasr/blendseq/warp-pipelines/warp-gatk-germline-single-sample-pipeline-master/tmp/7024769096287923/cromwell-executions/WholeGenomeGermlineSingleSample/0c205b5c-e940-4d91-84d8-a29a2e6929b0/call-UnmappedBamToAlignedBam/UnmappedBamToAlignedBam/b3766e0b-927e-4e59-a50b-50ba61a28af6/call-MarkDuplicates/execution/docker_cid \
  -i \
  --user 1027:1028 \
  --cpus="64" \
  --memory="204800M" \
  --entrypoint /bin/bash \
  -v /mnt/nas1/projects/lasr/blendseq/warp-pipelines/warp-gatk-germline-single-sample-pipeline-master/tmp/7024769096287923/cromwell-executions/WholeGenomeGermlineSingleSample/0c205b5c-e940-4d91-84d8-a29a2e6929b0/call-UnmappedBamToAlignedBam/UnmappedBamToAlignedBam/b3766e0b-927e-4e59-a50b-50ba61a28af6/call-MarkDuplicates:/cromwell-executions/WholeGenomeGermlineSingleSample/0c205b5c-e940-4d91-84d8-a29a2e6929b0/call-UnmappedBamToAlignedBam/UnmappedBamToAlignedBam/b3766e0b-927e-4e59-a50b-50ba61a28af6/call-MarkDuplicates \
  us.gcr.io/broad-gotc-prod/picard-cloud@sha256:e5ad5339080c3107c04e4a4d000b8ab06f472b77019debc3ff75499d28995b0c /cromwell-executions/WholeGenomeGermlineSingleSample/0c205b5c-e940-4d91-84d8-a29a2e6929b0/call-UnmappedBamToAlignedBam/UnmappedBamToAlignedBam/b3766e0b-927e-4e59-a50b-50ba61a28af6/call-MarkDuplicates/execution/script

# get the return code (working even if the container was detached)
rc=$(docker wait [38;5;5mcat /mnt/nas1/projects/lasr/blendseq/warp-pipelines/warp-gatk-germline-single-sample-pipeline-master/tmp/7024769096287923/cromwell-executions/WholeGenomeGermlineSingleSample/0c205b5c-e940-4d91-84d8-a29a2e6929b0/call-UnmappedBamToAlignedBam/UnmappedBamToAlignedBam/b3766e0b-927e-4e59-a50b-50ba61a28af6/call-MarkDuplicates/execution/docker_cid[0m)

# remove the container after waiting
docker rm [38;5;5mcat /mnt/nas1/projects/lasr/blendseq/warp-pipelines/warp-gatk-germline-single-sample-pipeline-master/tmp/7024769096287923/cromwell-executions/WholeGenomeGermlineSingleSample/0c205b5c-e940-4d91-84d8-a29a2e6929b0/call-UnmappedBamToAlignedBam/UnmappedBamToAlignedBam/b3766e0b-927e-4e59-a50b-50ba61a28af6/call-MarkDuplicates/execution/docker_cid[0m

# return exit code
exit $rc

# Job SortSam

  SortSam \
  INPUT=/cromwell-executions/WholeGenomeGermlineSingleSample/0c205b5c-e940-4d91-84d8-a29a2e6929b0/call-UnmappedBamToAlignedBam/UnmappedBamToAlignedBam/b3766e0b-927e-4e59-a50b-50ba61a28af6/call-SortSampleBam/inputs/2037507508/sorted-ERR3687419_ILMN.aligned.unsorted.duplicates_marked.bam \
  OUTPUT=sorted-ERR3687419_ILMN.aligned.duplicate_marked.sorted.bam \
  SORT_ORDER="coordinate" \
  CREATE_INDEX=true \
  CREATE_MD5_FILE=true \
  MAX_RECORDS_IN_RAM=300000[0m
rm -f /mnt/nas1/projects/lasr/blendseq/warp-pipelines/warp-gatk-germline-single-sample-pipeline-master/tmp/7024769096287923/cromwell-executions/WholeGenomeGermlineSingleSample/0c205b5c-e940-4d91-84d8-a29a2e6929b0/call-UnmappedBamToAlignedBam/UnmappedBamToAlignedBam/b3766e0b-927e-4e59-a50b-50ba61a28af6/call-SortSampleBam/execution/docker_cid
# run as in the original configuration without --rm flag (will remove later)
docker run \
  --cidfile /mnt/nas1/projects/lasr/blendseq/warp-pipelines/warp-gatk-germline-single-sample-pipeline-master/tmp/7024769096287923/cromwell-executions/WholeGenomeGermlineSingleSample/0c205b5c-e940-4d91-84d8-a29a2e6929b0/call-UnmappedBamToAlignedBam/UnmappedBamToAlignedBam/b3766e0b-927e-4e59-a50b-50ba61a28af6/call-SortSampleBam/execution/docker_cid \
  -i \
  --user 1027:1028 \
  --cpus="64" \
  --memory="204800M" \
  --entrypoint /bin/bash \
  -v /mnt/nas1/projects/lasr/blendseq/warp-pipelines/warp-gatk-germline-single-sample-pipeline-master/tmp/7024769096287923/cromwell-executions/WholeGenomeGermlineSingleSample/0c205b5c-e940-4d91-84d8-a29a2e6929b0/call-UnmappedBamToAlignedBam/UnmappedBamToAlignedBam/b3766e0b-927e-4e59-a50b-50ba61a28af6/call-SortSampleBam:/cromwell-executions/WholeGenomeGermlineSingleSample/0c205b5c-e940-4d91-84d8-a29a2e6929b0/call-UnmappedBamToAlignedBam/UnmappedBamToAlignedBam/b3766e0b-927e-4e59-a50b-50ba61a28af6/call-SortSampleBam \
  us.gcr.io/broad-gotc-prod/picard-cloud@sha256:e5ad5339080c3107c04e4a4d000b8ab06f472b77019debc3ff75499d28995b0c /cromwell-executions/WholeGenomeGermlineSingleSample/0c205b5c-e940-4d91-84d8-a29a2e6929b0/call-UnmappedBamToAlignedBam/UnmappedBamToAlignedBam/b3766e0b-927e-4e59-a50b-50ba61a28af6/call-SortSampleBam/execution/script

# get the return code (working even if the container was detached)
rc=$(docker wait [38;5;5mcat /mnt/nas1/projects/lasr/blendseq/warp-pipelines/warp-gatk-germline-single-sample-pipeline-master/tmp/7024769096287923/cromwell-executions/WholeGenomeGermlineSingleSample/0c205b5c-e940-4d91-84d8-a29a2e6929b0/call-UnmappedBamToAlignedBam/UnmappedBamToAlignedBam/b3766e0b-927e-4e59-a50b-50ba61a28af6/call-SortSampleBam/execution/docker_cid[0m)

# remove the container after waiting
docker rm [38;5;5mcat /mnt/nas1/projects/lasr/blendseq/warp-pipelines/warp-gatk-germline-single-sample-pipeline-master/tmp/7024769096287923/cromwell-executions/WholeGenomeGermlineSingleSample/0c205b5c-e940-4d91-84d8-a29a2e6929b0/call-UnmappedBamToAlignedBam/UnmappedBamToAlignedBam/b3766e0b-927e-4e59-a50b-50ba61a28af6/call-SortSampleBam/execution/docker_cid[0m

# return exit code
exit $rc

# Job VerifyBamID

# creates a sorted-ERR3687419_ILMN.preBqsr.selfSM file, a TSV file with 2 rows, 19 columns.
# First row are the keys (e.g., SEQ_SM, RG, FREEMIX), second row are the associated values
/usr/gitc/VerifyBamID \
--Verbose \
--NumPC 4 \
--Output sorted-ERR3687419_ILMN.preBqsr \
--BamFile /cromwell-executions/WholeGenomeGermlineSingleSample/0c205b5c-e940-4d91-84d8-a29a2e6929b0/call-UnmappedBamToAlignedBam/UnmappedBamToAlignedBam/b3766e0b-927e-4e59-a50b-50ba61a28af6/call-CheckContamination/inputs/-297100583/sorted-ERR3687419_ILMN.aligned.duplicate_marked.sorted.bam \
--Reference /cromwell-executions/WholeGenomeGermlineSingleSample/0c205b5c-e940-4d91-84d8-a29a2e6929b0/call-UnmappedBamToAlignedBam/UnmappedBamToAlignedBam/b3766e0b-927e-4e59-a50b-50ba61a28af6/call-CheckContamination/inputs/-1569105944/Homo_sapiens_assembly38_masked.fasta \
--UDPath /cromwell-executions/WholeGenomeGermlineSingleSample/0c205b5c-e940-4d91-84d8-a29a2e6929b0/call-UnmappedBamToAlignedBam/UnmappedBamToAlignedBam/b3766e0b-927e-4e59-a50b-50ba61a28af6/call-CheckContamination/inputs/-1034781492/1000g.phase3.100k.b38.vcf.gz.dat.UD \
--MeanPath /cromwell-executions/WholeGenomeGermlineSingleSample/0c205b5c-e940-4d91-84d8-a29a2e6929b0/call-UnmappedBamToAlignedBam/UnmappedBamToAlignedBam/b3766e0b-927e-4e59-a50b-50ba61a28af6/call-CheckContamination/inputs/-1034781492/1000g.phase3.100k.b38.vcf.gz.dat.mu \
--BedPath /cromwell-executions/WholeGenomeGermlineSingleSample/0c205b5c-e940-4d91-84d8-a29a2e6929b0/call-UnmappedBamToAlignedBam/UnmappedBamToAlignedBam/b3766e0b-927e-4e59-a50b-50ba61a28af6/call-CheckContamination/inputs/-1034781492/1000g.phase3.100k.b38.vcf.gz.dat.bed \
 \
1>/dev/null

# used to read from the selfSM file and calculate contamination, which gets printed out
python3 <<CODE
import csv
import sys
with open('sorted-ERR3687419_ILMN.preBqsr.selfSM') as selfSM:
  reader = csv.DictReader(selfSM, delimiter='\t')
  i = 0
  for row in reader:
    if float(row["FREELK0"])==0 and float(row["FREELK1"])==0:
      # a zero value for the likelihoods implies no data. This usually indicates a problem rather than a real event.
      # if the bam isn't really empty, this is probably due to the use of a incompatible reference build between
      # vcf and bam.
      sys.stderr.write("Found zero likelihoods. Bam is either very-very shallow, or aligned to the wrong reference (relative to the vcf).")
      sys.exit(1)
    print(float(row["FREEMIX"])/0.75)
    i = i + 1
    # there should be exactly one row, and if this isn't the case the format of the output is unexpectedly different
    # and the results are not reliable.
    if i != 1:
      sys.stderr.write("Found %d rows in .selfSM file. Was expecting exactly 1. This is an error"%(i))
      sys.exit(2)
CODE[0m
rm -f /mnt/nas1/projects/lasr/blendseq/warp-pipelines/warp-gatk-germline-single-sample-pipeline-master/tmp/7024769096287923/cromwell-executions/WholeGenomeGermlineSingleSample/0c205b5c-e940-4d91-84d8-a29a2e6929b0/call-UnmappedBamToAlignedBam/UnmappedBamToAlignedBam/b3766e0b-927e-4e59-a50b-50ba61a28af6/call-CheckContamination/execution/docker_cid
# run as in the original configuration without --rm flag (will remove later)
docker run \
  --cidfile /mnt/nas1/projects/lasr/blendseq/warp-pipelines/warp-gatk-germline-single-sample-pipeline-master/tmp/7024769096287923/cromwell-executions/WholeGenomeGermlineSingleSample/0c205b5c-e940-4d91-84d8-a29a2e6929b0/call-UnmappedBamToAlignedBam/UnmappedBamToAlignedBam/b3766e0b-927e-4e59-a50b-50ba61a28af6/call-CheckContamination/execution/docker_cid \
  -i \
  --user 1027:1028 \
  --cpus="64" \
  --memory="204800M" \
  --entrypoint /bin/bash \
  -v /mnt/nas1/projects/lasr/blendseq/warp-pipelines/warp-gatk-germline-single-sample-pipeline-master/tmp/7024769096287923/cromwell-executions/WholeGenomeGermlineSingleSample/0c205b5c-e940-4d91-84d8-a29a2e6929b0/call-UnmappedBamToAlignedBam/UnmappedBamToAlignedBam/b3766e0b-927e-4e59-a50b-50ba61a28af6/call-CheckContamination:/cromwell-executions/WholeGenomeGermlineSingleSample/0c205b5c-e940-4d91-84d8-a29a2e6929b0/call-UnmappedBamToAlignedBam/UnmappedBamToAlignedBam/b3766e0b-927e-4e59-a50b-50ba61a28af6/call-CheckContamination \
  us.gcr.io/broad-gotc-prod/verify-bam-id@sha256:c2b59ed40409a0f4c8696e7cf05f6673e964f94865d43bbdf97ec5ec671f1ecf /cromwell-executions/WholeGenomeGermlineSingleSample/0c205b5c-e940-4d91-84d8-a29a2e6929b0/call-UnmappedBamToAlignedBam/UnmappedBamToAlignedBam/b3766e0b-927e-4e59-a50b-50ba61a28af6/call-CheckContamination/execution/script

# get the return code (working even if the container was detached)
rc=$(docker wait [38;5;5mcat /mnt/nas1/projects/lasr/blendseq/warp-pipelines/warp-gatk-germline-single-sample-pipeline-master/tmp/7024769096287923/cromwell-executions/WholeGenomeGermlineSingleSample/0c205b5c-e940-4d91-84d8-a29a2e6929b0/call-UnmappedBamToAlignedBam/UnmappedBamToAlignedBam/b3766e0b-927e-4e59-a50b-50ba61a28af6/call-CheckContamination/execution/docker_cid[0m)

# remove the container after waiting
docker rm [38;5;5mcat /mnt/nas1/projects/lasr/blendseq/warp-pipelines/warp-gatk-germline-single-sample-pipeline-master/tmp/7024769096287923/cromwell-executions/WholeGenomeGermlineSingleSample/0c205b5c-e940-4d91-84d8-a29a2e6929b0/call-UnmappedBamToAlignedBam/UnmappedBamToAlignedBam/b3766e0b-927e-4e59-a50b-50ba61a28af6/call-CheckContamination/execution/docker_cid[0m

# return exit code
exit $rc

# Job CrosscheckFingerprints

  -XX:GCTimeLimit=50 -XX:GCHeapFreeLimit=10 -Xms3000m -Xmx3000m \
  -jar /usr/picard/picard.jar \
  CrosscheckFingerprints \
  OUTPUT=sorted-ERR3687419_ILMN.crosscheck \
  HAPLOTYPE_MAP=/cromwell-executions/WholeGenomeGermlineSingleSample/0c205b5c-e940-4d91-84d8-a29a2e6929b0/call-UnmappedBamToAlignedBam/UnmappedBamToAlignedBam/b3766e0b-927e-4e59-a50b-50ba61a28af6/call-CrossCheckFingerprints/inputs/-1839652262/Homo_sapiens_assembly38.haplotype_database.txt \
  EXPECT_ALL_GROUPS_TO_MATCH=true \
  INPUT=/cromwell-executions/WholeGenomeGermlineSingleSample/0c205b5c-e940-4d91-84d8-a29a2e6929b0/call-UnmappedBamToAlignedBam/UnmappedBamToAlignedBam/b3766e0b-927e-4e59-a50b-50ba61a28af6/call-CrossCheckFingerprints/inputs/-297100583/sorted-ERR3687419_ILMN.aligned.duplicate_marked.sorted.bam \
  LOD_THRESHOLD=-20.0 \
  CROSSCHECK_BY=READGROUP[0m
rm -f /mnt/nas1/projects/lasr/blendseq/warp-pipelines/warp-gatk-germline-single-sample-pipeline-master/tmp/7024769096287923/cromwell-executions/WholeGenomeGermlineSingleSample/0c205b5c-e940-4d91-84d8-a29a2e6929b0/call-UnmappedBamToAlignedBam/UnmappedBamToAlignedBam/b3766e0b-927e-4e59-a50b-50ba61a28af6/call-CrossCheckFingerprints/execution/docker_cid
# run as in the original configuration without --rm flag (will remove later)
docker run \
  --cidfile /mnt/nas1/projects/lasr/blendseq/warp-pipelines/warp-gatk-germline-single-sample-pipeline-master/tmp/7024769096287923/cromwell-executions/WholeGenomeGermlineSingleSample/0c205b5c-e940-4d91-84d8-a29a2e6929b0/call-UnmappedBamToAlignedBam/UnmappedBamToAlignedBam/b3766e0b-927e-4e59-a50b-50ba61a28af6/call-CrossCheckFingerprints/execution/docker_cid \
  -i \
  --user 1027:1028 \
  --cpus="64" \
  --memory="204800M" \
  --entrypoint /bin/bash \
  -v /mnt/nas1/projects/lasr/blendseq/warp-pipelines/warp-gatk-germline-single-sample-pipeline-master/tmp/7024769096287923/cromwell-executions/WholeGenomeGermlineSingleSample/0c205b5c-e940-4d91-84d8-a29a2e6929b0/call-UnmappedBamToAlignedBam/UnmappedBamToAlignedBam/b3766e0b-927e-4e59-a50b-50ba61a28af6/call-CrossCheckFingerprints:/cromwell-executions/WholeGenomeGermlineSingleSample/0c205b5c-e940-4d91-84d8-a29a2e6929b0/call-UnmappedBamToAlignedBam/UnmappedBamToAlignedBam/b3766e0b-927e-4e59-a50b-50ba61a28af6/call-CrossCheckFingerprints \
  us.gcr.io/broad-gotc-prod/picard-cloud@sha256:e5ad5339080c3107c04e4a4d000b8ab06f472b77019debc3ff75499d28995b0c /cromwell-executions/WholeGenomeGermlineSingleSample/0c205b5c-e940-4d91-84d8-a29a2e6929b0/call-UnmappedBamToAlignedBam/UnmappedBamToAlignedBam/b3766e0b-927e-4e59-a50b-50ba61a28af6/call-CrossCheckFingerprints/execution/script

# get the return code (working even if the container was detached)
rc=$(docker wait [38;5;5mcat /mnt/nas1/projects/lasr/blendseq/warp-pipelines/warp-gatk-germline-single-sample-pipeline-master/tmp/7024769096287923/cromwell-executions/WholeGenomeGermlineSingleSample/0c205b5c-e940-4d91-84d8-a29a2e6929b0/call-UnmappedBamToAlignedBam/UnmappedBamToAlignedBam/b3766e0b-927e-4e59-a50b-50ba61a28af6/call-CrossCheckFingerprints/execution/docker_cid[0m)

# remove the container after waiting
docker rm [38;5;5mcat /mnt/nas1/projects/lasr/blendseq/warp-pipelines/warp-gatk-germline-single-sample-pipeline-master/tmp/7024769096287923/cromwell-executions/WholeGenomeGermlineSingleSample/0c205b5c-e940-4d91-84d8-a29a2e6929b0/call-UnmappedBamToAlignedBam/UnmappedBamToAlignedBam/b3766e0b-927e-4e59-a50b-50ba61a28af6/call-CrossCheckFingerprints/execution/docker_cid[0m

# return exit code
exit $rc

# Job GatherBamFiles

  GatherBamFiles \
  INPUT=/cromwell-executions/WholeGenomeGermlineSingleSample/0c205b5c-e940-4d91-84d8-a29a2e6929b0/call-UnmappedBamToAlignedBam/UnmappedBamToAlignedBam/b3766e0b-927e-4e59-a50b-50ba61a28af6/call-GatherBamFiles/inputs/-297100583/sorted-ERR3687419_ILMN.aligned.duplicate_marked.sorted.bam \
  OUTPUT=sorted-ERR3687419_ILMN.bam \
  CREATE_INDEX=true \
  CREATE_MD5_FILE=true[0m
rm -f /mnt/nas1/projects/lasr/blendseq/warp-pipelines/warp-gatk-germline-single-sample-pipeline-master/tmp/7024769096287923/cromwell-executions/WholeGenomeGermlineSingleSample/0c205b5c-e940-4d91-84d8-a29a2e6929b0/call-UnmappedBamToAlignedBam/UnmappedBamToAlignedBam/b3766e0b-927e-4e59-a50b-50ba61a28af6/call-GatherBamFiles/execution/docker_cid
# run as in the original configuration without --rm flag (will remove later)
docker run \
  --cidfile /mnt/nas1/projects/lasr/blendseq/warp-pipelines/warp-gatk-germline-single-sample-pipeline-master/tmp/7024769096287923/cromwell-executions/WholeGenomeGermlineSingleSample/0c205b5c-e940-4d91-84d8-a29a2e6929b0/call-UnmappedBamToAlignedBam/UnmappedBamToAlignedBam/b3766e0b-927e-4e59-a50b-50ba61a28af6/call-GatherBamFiles/execution/docker_cid \
  -i \
  --user 1027:1028 \
  --cpus="64" \
  --memory="204800M" \
  --entrypoint /bin/bash \
  -v /mnt/nas1/projects/lasr/blendseq/warp-pipelines/warp-gatk-germline-single-sample-pipeline-master/tmp/7024769096287923/cromwell-executions/WholeGenomeGermlineSingleSample/0c205b5c-e940-4d91-84d8-a29a2e6929b0/call-UnmappedBamToAlignedBam/UnmappedBamToAlignedBam/b3766e0b-927e-4e59-a50b-50ba61a28af6/call-GatherBamFiles:/cromwell-executions/WholeGenomeGermlineSingleSample/0c205b5c-e940-4d91-84d8-a29a2e6929b0/call-UnmappedBamToAlignedBam/UnmappedBamToAlignedBam/b3766e0b-927e-4e59-a50b-50ba61a28af6/call-GatherBamFiles \
  us.gcr.io/broad-gotc-prod/picard-cloud@sha256:e5ad5339080c3107c04e4a4d000b8ab06f472b77019debc3ff75499d28995b0c /cromwell-executions/WholeGenomeGermlineSingleSample/0c205b5c-e940-4d91-84d8-a29a2e6929b0/call-UnmappedBamToAlignedBam/UnmappedBamToAlignedBam/b3766e0b-927e-4e59-a50b-50ba61a28af6/call-GatherBamFiles/execution/script

# get the return code (working even if the container was detached)
rc=$(docker wait [38;5;5mcat /mnt/nas1/projects/lasr/blendseq/warp-pipelines/warp-gatk-germline-single-sample-pipeline-master/tmp/7024769096287923/cromwell-executions/WholeGenomeGermlineSingleSample/0c205b5c-e940-4d91-84d8-a29a2e6929b0/call-UnmappedBamToAlignedBam/UnmappedBamToAlignedBam/b3766e0b-927e-4e59-a50b-50ba61a28af6/call-GatherBamFiles/execution/docker_cid[0m)

# remove the container after waiting
docker rm [38;5;5mcat /mnt/nas1/projects/lasr/blendseq/warp-pipelines/warp-gatk-germline-single-sample-pipeline-master/tmp/7024769096287923/cromwell-executions/WholeGenomeGermlineSingleSample/0c205b5c-e940-4d91-84d8-a29a2e6929b0/call-UnmappedBamToAlignedBam/UnmappedBamToAlignedBam/b3766e0b-927e-4e59-a50b-50ba61a28af6/call-GatherBamFiles/execution/docker_cid[0m

# return exit code
exit $rc
{
  "UnmappedBamToAlignedBam.contamination": 9.70584E-9,
  "UnmappedBamToAlignedBam.unsorted_read_group_quality_distribution_metrics": ["/mnt/nas1/projects/lasr/blendseq/warp-pipelines/warp-gatk-germline-single-sample-pipeline-master/tmp/7024769096287923/cromwell-executions/WholeGenomeGermlineSingleSample/0c205b5c-e940-4d91-84d8-a29a2e6929b0/call-UnmappedBamToAlignedBam/UnmappedBamToAlignedBam/b3766e0b-927e-4e59-a50b-50ba61a28af6/call-CollectUnsortedReadgroupBamQualityMetrics/shard-0/execution/sorted-ERR3687419_ILMN.readgroup.quality_distribution_metrics"],
  "UnmappedBamToAlignedBam.unsorted_read_group_insert_size_histogram_pdf": ["/mnt/nas1/projects/lasr/blendseq/warp-pipelines/warp-gatk-germline-single-sample-pipeline-master/tmp/7024769096287923/cromwell-executions/WholeGenomeGermlineSingleSample/0c205b5c-e940-4d91-84d8-a29a2e6929b0/call-UnmappedBamToAlignedBam/UnmappedBamToAlignedBam/b3766e0b-927e-4e59-a50b-50ba61a28af6/call-CollectUnsortedReadgroupBamQualityMetrics/shard-0/execution/sorted-ERR3687419_ILMN.readgroup.insert_size_histogram.pdf"],
  "UnmappedBamToAlignedBam.unsorted_read_group_quality_distribution_pdf": ["/mnt/nas1/projects/lasr/blendseq/warp-pipelines/warp-gatk-germline-single-sample-pipeline-master/tmp/7024769096287923/cromwell-executions/WholeGenomeGermlineSingleSample/0c205b5c-e940-4d91-84d8-a29a2e6929b0/call-UnmappedBamToAlignedBam/UnmappedBamToAlignedBam/b3766e0b-927e-4e59-a50b-50ba61a28af6/call-CollectUnsortedReadgroupBamQualityMetrics/shard-0/execution/sorted-ERR3687419_ILMN.readgroup.quality_distribution.pdf"],
  "UnmappedBamToAlignedBam.output_bam_index": "/mnt/nas1/projects/lasr/blendseq/warp-pipelines/warp-gatk-germline-single-sample-pipeline-master/tmp/7024769096287923/cromwell-executions/WholeGenomeGermlineSingleSample/0c205b5c-e940-4d91-84d8-a29a2e6929b0/call-UnmappedBamToAlignedBam/UnmappedBamToAlignedBam/b3766e0b-927e-4e59-a50b-50ba61a28af6/call-GatherBamFiles/execution/sorted-ERR3687419_ILMN.bai",
  "UnmappedBamToAlignedBam.quality_yield_metrics": ["/mnt/nas1/projects/lasr/blendseq/warp-pipelines/warp-gatk-germline-single-sample-pipeline-master/tmp/7024769096287923/cromwell-executions/WholeGenomeGermlineSingleSample/0c205b5c-e940-4d91-84d8-a29a2e6929b0/call-UnmappedBamToAlignedBam/UnmappedBamToAlignedBam/b3766e0b-927e-4e59-a50b-50ba61a28af6/call-CollectQualityYieldMetrics/shard-0/execution/sorted-ERR3687419_ILMN.unmapped.quality_yield_metrics"],
  "UnmappedBamToAlignedBam.unsorted_read_group_base_distribution_by_cycle_metrics": ["/mnt/nas1/projects/lasr/blendseq/warp-pipelines/warp-gatk-germline-single-sample-pipeline-master/tmp/7024769096287923/cromwell-executions/WholeGenomeGermlineSingleSample/0c205b5c-e940-4d91-84d8-a29a2e6929b0/call-UnmappedBamToAlignedBam/UnmappedBamToAlignedBam/b3766e0b-927e-4e59-a50b-50ba61a28af6/call-CollectUnsortedReadgroupBamQualityMetrics/shard-0/execution/sorted-ERR3687419_ILMN.readgroup.base_distribution_by_cycle_metrics"],
  "UnmappedBamToAlignedBam.unsorted_read_group_insert_size_metrics": ["/mnt/nas1/projects/lasr/blendseq/warp-pipelines/warp-gatk-germline-single-sample-pipeline-master/tmp/7024769096287923/cromwell-executions/WholeGenomeGermlineSingleSample/0c205b5c-e940-4d91-84d8-a29a2e6929b0/call-UnmappedBamToAlignedBam/UnmappedBamToAlignedBam/b3766e0b-927e-4e59-a50b-50ba61a28af6/call-CollectUnsortedReadgroupBamQualityMetrics/shard-0/execution/sorted-ERR3687419_ILMN.readgroup.insert_size_metrics"],
  "UnmappedBamToAlignedBam.selfSM": "/mnt/nas1/projects/lasr/blendseq/warp-pipelines/warp-gatk-germline-single-sample-pipeline-master/tmp/7024769096287923/cromwell-executions/WholeGenomeGermlineSingleSample/0c205b5c-e940-4d91-84d8-a29a2e6929b0/call-UnmappedBamToAlignedBam/UnmappedBamToAlignedBam/b3766e0b-927e-4e59-a50b-50ba61a28af6/call-CheckContamination/execution/sorted-ERR3687419_ILMN.preBqsr.selfSM",
  "UnmappedBamToAlignedBam.unsorted_read_group_base_distribution_by_cycle_pdf": ["/mnt/nas1/projects/lasr/blendseq/warp-pipelines/warp-gatk-germline-single-sample-pipeline-master/tmp/7024769096287923/cromwell-executions/WholeGenomeGermlineSingleSample/0c205b5c-e940-4d91-84d8-a29a2e6929b0/call-UnmappedBamToAlignedBam/UnmappedBamToAlignedBam/b3766e0b-927e-4e59-a50b-50ba61a28af6/call-CollectUnsortedReadgroupBamQualityMetrics/shard-0/execution/sorted-ERR3687419_ILMN.readgroup.base_distribution_by_cycle.pdf"],
  "UnmappedBamToAlignedBam.duplicate_metrics": "/mnt/nas1/projects/lasr/blendseq/warp-pipelines/warp-gatk-germline-single-sample-pipeline-master/tmp/7024769096287923/cromwell-executions/WholeGenomeGermlineSingleSample/0c205b5c-e940-4d91-84d8-a29a2e6929b0/call-UnmappedBamToAlignedBam/UnmappedBamToAlignedBam/b3766e0b-927e-4e59-a50b-50ba61a28af6/call-MarkDuplicates/execution/sorted-ERR3687419_ILMN.duplicate_metrics",
  "UnmappedBamToAlignedBam.unsorted_read_group_quality_by_cycle_pdf": ["/mnt/nas1/projects/lasr/blendseq/warp-pipelines/warp-gatk-germline-single-sample-pipeline-master/tmp/7024769096287923/cromwell-executions/WholeGenomeGermlineSingleSample/0c205b5c-e940-4d91-84d8-a29a2e6929b0/call-UnmappedBamToAlignedBam/UnmappedBamToAlignedBam/b3766e0b-927e-4e59-a50b-50ba61a28af6/call-CollectUnsortedReadgroupBamQualityMetrics/shard-0/execution/sorted-ERR3687419_ILMN.readgroup.quality_by_cycle.pdf"],
  "UnmappedBamToAlignedBam.output_bqsr_reports": null,
  "UnmappedBamToAlignedBam.unsorted_read_group_quality_by_cycle_metrics": ["/mnt/nas1/projects/lasr/blendseq/warp-pipelines/warp-gatk-germline-single-sample-pipeline-master/tmp/7024769096287923/cromwell-executions/WholeGenomeGermlineSingleSample/0c205b5c-e940-4d91-84d8-a29a2e6929b0/call-UnmappedBamToAlignedBam/UnmappedBamToAlignedBam/b3766e0b-927e-4e59-a50b-50ba61a28af6/call-CollectUnsortedReadgroupBamQualityMetrics/shard-0/execution/sorted-ERR3687419_ILMN.readgroup.quality_by_cycle_metrics"],
  "UnmappedBamToAlignedBam.cross_check_fingerprints_metrics": "/mnt/nas1/projects/lasr/blendseq/warp-pipelines/warp-gatk-germline-single-sample-pipeline-master/tmp/7024769096287923/cromwell-executions/WholeGenomeGermlineSingleSample/0c205b5c-e940-4d91-84d8-a29a2e6929b0/call-UnmappedBamToAlignedBam/UnmappedBamToAlignedBam/b3766e0b-927e-4e59-a50b-50ba61a28af6/call-CrossCheckFingerprints/execution/sorted-ERR3687419_ILMN.crosscheck",
  "UnmappedBamToAlignedBam.output_bam": "/mnt/nas1/projects/lasr/blendseq/warp-pipelines/warp-gatk-germline-single-sample-pipeline-master/tmp/7024769096287923/cromwell-executions/WholeGenomeGermlineSingleSample/0c205b5c-e940-4d91-84d8-a29a2e6929b0/call-UnmappedBamToAlignedBam/UnmappedBamToAlignedBam/b3766e0b-927e-4e59-a50b-50ba61a28af6/call-GatherBamFiles/execution/sorted-ERR3687419_ILMN.bam"
}

# Job CollectWgsMetrics

  CollectWgsMetrics \
  INPUT=/cromwell-executions/WholeGenomeGermlineSingleSample/0c205b5c-e940-4d91-84d8-a29a2e6929b0/call-CollectWgsMetrics/inputs/356907427/sorted-ERR3687419_ILMN.bam \
  VALIDATION_STRINGENCY=SILENT \
  REFERENCE_SEQUENCE=/cromwell-executions/WholeGenomeGermlineSingleSample/0c205b5c-e940-4d91-84d8-a29a2e6929b0/call-CollectWgsMetrics/inputs/-1569105944/Homo_sapiens_assembly38_masked.fasta \
  INCLUDE_BQ_HISTOGRAM=true \
  INTERVALS=/cromwell-executions/WholeGenomeGermlineSingleSample/0c205b5c-e940-4d91-84d8-a29a2e6929b0/call-CollectWgsMetrics/inputs/-836286240/wgs_coverage_regions.hg38.interval_list \
  OUTPUT=sorted-ERR3687419_ILMN.wgs_metrics \
  USE_FAST_ALGORITHM=true \
  READ_LENGTH=250[0m
rm -f /mnt/nas1/projects/lasr/blendseq/warp-pipelines/warp-gatk-germline-single-sample-pipeline-master/tmp/7024769096287923/cromwell-executions/WholeGenomeGermlineSingleSample/0c205b5c-e940-4d91-84d8-a29a2e6929b0/call-CollectWgsMetrics/execution/docker_cid
# run as in the original configuration without --rm flag (will remove later)
docker run \
  --cidfile /mnt/nas1/projects/lasr/blendseq/warp-pipelines/warp-gatk-germline-single-sample-pipeline-master/tmp/7024769096287923/cromwell-executions/WholeGenomeGermlineSingleSample/0c205b5c-e940-4d91-84d8-a29a2e6929b0/call-CollectWgsMetrics/execution/docker_cid \
  -i \
  --user 1027:1028 \
  --cpus="64" \
  --memory="204800M" \
  --entrypoint /bin/bash \
  -v /mnt/nas1/projects/lasr/blendseq/warp-pipelines/warp-gatk-germline-single-sample-pipeline-master/tmp/7024769096287923/cromwell-executions/WholeGenomeGermlineSingleSample/0c205b5c-e940-4d91-84d8-a29a2e6929b0/call-CollectWgsMetrics:/cromwell-executions/WholeGenomeGermlineSingleSample/0c205b5c-e940-4d91-84d8-a29a2e6929b0/call-CollectWgsMetrics \
  us.gcr.io/broad-gotc-prod/picard-cloud@sha256:e5ad5339080c3107c04e4a4d000b8ab06f472b77019debc3ff75499d28995b0c /cromwell-executions/WholeGenomeGermlineSingleSample/0c205b5c-e940-4d91-84d8-a29a2e6929b0/call-CollectWgsMetrics/execution/script

# get the return code (working even if the container was detached)
rc=$(docker wait [38;5;5mcat /mnt/nas1/projects/lasr/blendseq/warp-pipelines/warp-gatk-germline-single-sample-pipeline-master/tmp/7024769096287923/cromwell-executions/WholeGenomeGermlineSingleSample/0c205b5c-e940-4d91-84d8-a29a2e6929b0/call-CollectWgsMetrics/execution/docker_cid[0m)

# remove the container after waiting
docker rm [38;5;5mcat /mnt/nas1/projects/lasr/blendseq/warp-pipelines/warp-gatk-germline-single-sample-pipeline-master/tmp/7024769096287923/cromwell-executions/WholeGenomeGermlineSingleSample/0c205b5c-e940-4d91-84d8-a29a2e6929b0/call-CollectWgsMetrics/execution/docker_cid[0m

# return exit code
exit $rc

# Job CollectRawWgsMetrics

  CollectRawWgsMetrics \
  INPUT=/cromwell-executions/WholeGenomeGermlineSingleSample/0c205b5c-e940-4d91-84d8-a29a2e6929b0/call-CollectRawWgsMetrics/inputs/356907427/sorted-ERR3687419_ILMN.bam \
  VALIDATION_STRINGENCY=SILENT \
  REFERENCE_SEQUENCE=/cromwell-executions/WholeGenomeGermlineSingleSample/0c205b5c-e940-4d91-84d8-a29a2e6929b0/call-CollectRawWgsMetrics/inputs/-1569105944/Homo_sapiens_assembly38_masked.fasta \
  INCLUDE_BQ_HISTOGRAM=true \
  INTERVALS=/cromwell-executions/WholeGenomeGermlineSingleSample/0c205b5c-e940-4d91-84d8-a29a2e6929b0/call-CollectRawWgsMetrics/inputs/-836286240/wgs_coverage_regions.hg38.interval_list \
  OUTPUT=sorted-ERR3687419_ILMN.raw_wgs_metrics \
  USE_FAST_ALGORITHM=true \
  READ_LENGTH=250[0m
rm -f /mnt/nas1/projects/lasr/blendseq/warp-pipelines/warp-gatk-germline-single-sample-pipeline-master/tmp/7024769096287923/cromwell-executions/WholeGenomeGermlineSingleSample/0c205b5c-e940-4d91-84d8-a29a2e6929b0/call-CollectRawWgsMetrics/execution/docker_cid
# run as in the original configuration without --rm flag (will remove later)
docker run \
  --cidfile /mnt/nas1/projects/lasr/blendseq/warp-pipelines/warp-gatk-germline-single-sample-pipeline-master/tmp/7024769096287923/cromwell-executions/WholeGenomeGermlineSingleSample/0c205b5c-e940-4d91-84d8-a29a2e6929b0/call-CollectRawWgsMetrics/execution/docker_cid \
  -i \
  --user 1027:1028 \
  --cpus="64" \
  --memory="204800M" \
  --entrypoint /bin/bash \
  -v /mnt/nas1/projects/lasr/blendseq/warp-pipelines/warp-gatk-germline-single-sample-pipeline-master/tmp/7024769096287923/cromwell-executions/WholeGenomeGermlineSingleSample/0c205b5c-e940-4d91-84d8-a29a2e6929b0/call-CollectRawWgsMetrics:/cromwell-executions/WholeGenomeGermlineSingleSample/0c205b5c-e940-4d91-84d8-a29a2e6929b0/call-CollectRawWgsMetrics \
  us.gcr.io/broad-gotc-prod/picard-cloud@sha256:e5ad5339080c3107c04e4a4d000b8ab06f472b77019debc3ff75499d28995b0c /cromwell-executions/WholeGenomeGermlineSingleSample/0c205b5c-e940-4d91-84d8-a29a2e6929b0/call-CollectRawWgsMetrics/execution/script

# get the return code (working even if the container was detached)
rc=$(docker wait [38;5;5mcat /mnt/nas1/projects/lasr/blendseq/warp-pipelines/warp-gatk-germline-single-sample-pipeline-master/tmp/7024769096287923/cromwell-executions/WholeGenomeGermlineSingleSample/0c205b5c-e940-4d91-84d8-a29a2e6929b0/call-CollectRawWgsMetrics/execution/docker_cid[0m)

# remove the container after waiting
docker rm [38;5;5mcat /mnt/nas1/projects/lasr/blendseq/warp-pipelines/warp-gatk-germline-single-sample-pipeline-master/tmp/7024769096287923/cromwell-executions/WholeGenomeGermlineSingleSample/0c205b5c-e940-4d91-84d8-a29a2e6929b0/call-CollectRawWgsMetrics/execution/docker_cid[0m

# return exit code
exit $rc

# Job CalculateReadGroupChecksum

  CalculateReadGroupChecksum \
  INPUT=/cromwell-executions/WholeGenomeGermlineSingleSample/0c205b5c-e940-4d91-84d8-a29a2e6929b0/call-AggregatedBamQC/AggregatedBamQC/d488f2ac-aa29-402d-9439-54f7541f2377/call-CalculateReadGroupChecksum/inputs/356907427/sorted-ERR3687419_ILMN.bam \
  OUTPUT=sorted-ERR3687419_ILMN.aligned.duplicates_marked.recalibrated.bam.read_group_md5[0m
rm -f /mnt/nas1/projects/lasr/blendseq/warp-pipelines/warp-gatk-germline-single-sample-pipeline-master/tmp/7024769096287923/cromwell-executions/WholeGenomeGermlineSingleSample/0c205b5c-e940-4d91-84d8-a29a2e6929b0/call-AggregatedBamQC/AggregatedBamQC/d488f2ac-aa29-402d-9439-54f7541f2377/call-CalculateReadGroupChecksum/execution/docker_cid
# run as in the original configuration without --rm flag (will remove later)
docker run \
  --cidfile /mnt/nas1/projects/lasr/blendseq/warp-pipelines/warp-gatk-germline-single-sample-pipeline-master/tmp/7024769096287923/cromwell-executions/WholeGenomeGermlineSingleSample/0c205b5c-e940-4d91-84d8-a29a2e6929b0/call-AggregatedBamQC/AggregatedBamQC/d488f2ac-aa29-402d-9439-54f7541f2377/call-CalculateReadGroupChecksum/execution/docker_cid \
  -i \
  --user 1027:1028 \
  --cpus="64" \
  --memory="204800M" \
  --entrypoint /bin/bash \
  -v /mnt/nas1/projects/lasr/blendseq/warp-pipelines/warp-gatk-germline-single-sample-pipeline-master/tmp/7024769096287923/cromwell-executions/WholeGenomeGermlineSingleSample/0c205b5c-e940-4d91-84d8-a29a2e6929b0/call-AggregatedBamQC/AggregatedBamQC/d488f2ac-aa29-402d-9439-54f7541f2377/call-CalculateReadGroupChecksum:/cromwell-executions/WholeGenomeGermlineSingleSample/0c205b5c-e940-4d91-84d8-a29a2e6929b0/call-AggregatedBamQC/AggregatedBamQC/d488f2ac-aa29-402d-9439-54f7541f2377/call-CalculateReadGroupChecksum \
  us.gcr.io/broad-gotc-prod/picard-cloud@sha256:e5ad5339080c3107c04e4a4d000b8ab06f472b77019debc3ff75499d28995b0c /cromwell-executions/WholeGenomeGermlineSingleSample/0c205b5c-e940-4d91-84d8-a29a2e6929b0/call-AggregatedBamQC/AggregatedBamQC/d488f2ac-aa29-402d-9439-54f7541f2377/call-CalculateReadGroupChecksum/execution/script

# get the return code (working even if the container was detached)
rc=$(docker wait [38;5;5mcat /mnt/nas1/projects/lasr/blendseq/warp-pipelines/warp-gatk-germline-single-sample-pipeline-master/tmp/7024769096287923/cromwell-executions/WholeGenomeGermlineSingleSample/0c205b5c-e940-4d91-84d8-a29a2e6929b0/call-AggregatedBamQC/AggregatedBamQC/d488f2ac-aa29-402d-9439-54f7541f2377/call-CalculateReadGroupChecksum/execution/docker_cid[0m)

# remove the container after waiting
docker rm [38;5;5mcat /mnt/nas1/projects/lasr/blendseq/warp-pipelines/warp-gatk-germline-single-sample-pipeline-master/tmp/7024769096287923/cromwell-executions/WholeGenomeGermlineSingleSample/0c205b5c-e940-4d91-84d8-a29a2e6929b0/call-AggregatedBamQC/AggregatedBamQC/d488f2ac-aa29-402d-9439-54f7541f2377/call-CalculateReadGroupChecksum/execution/docker_cid[0m

# return exit code
exit $rc

# Job CollectMultipleMetrics

touch sorted-ERR3687419_ILMN.gc_bias.detail_metrics \
  sorted-ERR3687419_ILMN.gc_bias.pdf \
  sorted-ERR3687419_ILMN.gc_bias.summary_metrics \
  sorted-ERR3687419_ILMN.insert_size_metrics \
  sorted-ERR3687419_ILMN.insert_size_histogram.pdf

java -Xms5000m -Xmx6500m -jar /usr/picard/picard.jar \
  CollectMultipleMetrics \
  INPUT=/cromwell-executions/WholeGenomeGermlineSingleSample/0c205b5c-e940-4d91-84d8-a29a2e6929b0/call-AggregatedBamQC/AggregatedBamQC/d488f2ac-aa29-402d-9439-54f7541f2377/call-CollectAggregationMetrics/inputs/356907427/sorted-ERR3687419_ILMN.bam \
  REFERENCE_SEQUENCE=/cromwell-executions/WholeGenomeGermlineSingleSample/0c205b5c-e940-4d91-84d8-a29a2e6929b0/call-AggregatedBamQC/AggregatedBamQC/d488f2ac-aa29-402d-9439-54f7541f2377/call-CollectAggregationMetrics/inputs/-1569105944/Homo_sapiens_assembly38_masked.fasta \
  OUTPUT=sorted-ERR3687419_ILMN \
  ASSUME_SORTED=true \
  PROGRAM=null \
  PROGRAM=CollectAlignmentSummaryMetrics \
  PROGRAM=CollectInsertSizeMetrics \
  PROGRAM=CollectSequencingArtifactMetrics \
  PROGRAM=QualityScoreDistribution \
  PROGRAM="CollectGcBiasMetrics" \
  METRIC_ACCUMULATION_LEVEL=null \
  METRIC_ACCUMULATION_LEVEL=SAMPLE \
  METRIC_ACCUMULATION_LEVEL=LIBRARY[0m
rm -f /mnt/nas1/projects/lasr/blendseq/warp-pipelines/warp-gatk-germline-single-sample-pipeline-master/tmp/7024769096287923/cromwell-executions/WholeGenomeGermlineSingleSample/0c205b5c-e940-4d91-84d8-a29a2e6929b0/call-AggregatedBamQC/AggregatedBamQC/d488f2ac-aa29-402d-9439-54f7541f2377/call-CollectAggregationMetrics/execution/docker_cid
# run as in the original configuration without --rm flag (will remove later)
docker run \
  --cidfile /mnt/nas1/projects/lasr/blendseq/warp-pipelines/warp-gatk-germline-single-sample-pipeline-master/tmp/7024769096287923/cromwell-executions/WholeGenomeGermlineSingleSample/0c205b5c-e940-4d91-84d8-a29a2e6929b0/call-AggregatedBamQC/AggregatedBamQC/d488f2ac-aa29-402d-9439-54f7541f2377/call-CollectAggregationMetrics/execution/docker_cid \
  -i \
  --user 1027:1028 \
  --cpus="64" \
  --memory="204800M" \
  --entrypoint /bin/bash \
  -v /mnt/nas1/projects/lasr/blendseq/warp-pipelines/warp-gatk-germline-single-sample-pipeline-master/tmp/7024769096287923/cromwell-executions/WholeGenomeGermlineSingleSample/0c205b5c-e940-4d91-84d8-a29a2e6929b0/call-AggregatedBamQC/AggregatedBamQC/d488f2ac-aa29-402d-9439-54f7541f2377/call-CollectAggregationMetrics:/cromwell-executions/WholeGenomeGermlineSingleSample/0c205b5c-e940-4d91-84d8-a29a2e6929b0/call-AggregatedBamQC/AggregatedBamQC/d488f2ac-aa29-402d-9439-54f7541f2377/call-CollectAggregationMetrics \
  us.gcr.io/broad-gotc-prod/picard-cloud@sha256:e5ad5339080c3107c04e4a4d000b8ab06f472b77019debc3ff75499d28995b0c /cromwell-executions/WholeGenomeGermlineSingleSample/0c205b5c-e940-4d91-84d8-a29a2e6929b0/call-AggregatedBamQC/AggregatedBamQC/d488f2ac-aa29-402d-9439-54f7541f2377/call-CollectAggregationMetrics/execution/script

# get the return code (working even if the container was detached)
rc=$(docker wait [38;5;5mcat /mnt/nas1/projects/lasr/blendseq/warp-pipelines/warp-gatk-germline-single-sample-pipeline-master/tmp/7024769096287923/cromwell-executions/WholeGenomeGermlineSingleSample/0c205b5c-e940-4d91-84d8-a29a2e6929b0/call-AggregatedBamQC/AggregatedBamQC/d488f2ac-aa29-402d-9439-54f7541f2377/call-CollectAggregationMetrics/execution/docker_cid[0m)

# remove the container after waiting
docker rm [38;5;5mcat /mnt/nas1/projects/lasr/blendseq/warp-pipelines/warp-gatk-germline-single-sample-pipeline-master/tmp/7024769096287923/cromwell-executions/WholeGenomeGermlineSingleSample/0c205b5c-e940-4d91-84d8-a29a2e6929b0/call-AggregatedBamQC/AggregatedBamQC/d488f2ac-aa29-402d-9439-54f7541f2377/call-CollectAggregationMetrics/execution/docker_cid[0m

# return exit code
exit $rc

# Job CollectMultipleMetrics

touch sorted-ERR3687419_ILMN.readgroup.gc_bias.detail_metrics \
  sorted-ERR3687419_ILMN.readgroup.gc_bias.pdf \
  sorted-ERR3687419_ILMN.readgroup.gc_bias.summary_metrics

java -Xms5000m -Xmx6500m -jar /usr/picard/picard.jar \
  CollectMultipleMetrics \
  INPUT=/cromwell-executions/WholeGenomeGermlineSingleSample/0c205b5c-e940-4d91-84d8-a29a2e6929b0/call-AggregatedBamQC/AggregatedBamQC/d488f2ac-aa29-402d-9439-54f7541f2377/call-CollectReadgroupBamQualityMetrics/inputs/356907427/sorted-ERR3687419_ILMN.bam \
  REFERENCE_SEQUENCE=/cromwell-executions/WholeGenomeGermlineSingleSample/0c205b5c-e940-4d91-84d8-a29a2e6929b0/call-AggregatedBamQC/AggregatedBamQC/d488f2ac-aa29-402d-9439-54f7541f2377/call-CollectReadgroupBamQualityMetrics/inputs/-1569105944/Homo_sapiens_assembly38_masked.fasta \
  OUTPUT=sorted-ERR3687419_ILMN.readgroup \
  ASSUME_SORTED=true \
  PROGRAM=null \
  PROGRAM=CollectAlignmentSummaryMetrics \
  PROGRAM="CollectGcBiasMetrics" \
  METRIC_ACCUMULATION_LEVEL=null \
  METRIC_ACCUMULATION_LEVEL=READ_GROUP[0m
rm -f /mnt/nas1/projects/lasr/blendseq/warp-pipelines/warp-gatk-germline-single-sample-pipeline-master/tmp/7024769096287923/cromwell-executions/WholeGenomeGermlineSingleSample/0c205b5c-e940-4d91-84d8-a29a2e6929b0/call-AggregatedBamQC/AggregatedBamQC/d488f2ac-aa29-402d-9439-54f7541f2377/call-CollectReadgroupBamQualityMetrics/execution/docker_cid
# run as in the original configuration without --rm flag (will remove later)
docker run \
  --cidfile /mnt/nas1/projects/lasr/blendseq/warp-pipelines/warp-gatk-germline-single-sample-pipeline-master/tmp/7024769096287923/cromwell-executions/WholeGenomeGermlineSingleSample/0c205b5c-e940-4d91-84d8-a29a2e6929b0/call-AggregatedBamQC/AggregatedBamQC/d488f2ac-aa29-402d-9439-54f7541f2377/call-CollectReadgroupBamQualityMetrics/execution/docker_cid \
  -i \
  --user 1027:1028 \
  --cpus="64" \
  --memory="204800M" \
  --entrypoint /bin/bash \
  -v /mnt/nas1/projects/lasr/blendseq/warp-pipelines/warp-gatk-germline-single-sample-pipeline-master/tmp/7024769096287923/cromwell-executions/WholeGenomeGermlineSingleSample/0c205b5c-e940-4d91-84d8-a29a2e6929b0/call-AggregatedBamQC/AggregatedBamQC/d488f2ac-aa29-402d-9439-54f7541f2377/call-CollectReadgroupBamQualityMetrics:/cromwell-executions/WholeGenomeGermlineSingleSample/0c205b5c-e940-4d91-84d8-a29a2e6929b0/call-AggregatedBamQC/AggregatedBamQC/d488f2ac-aa29-402d-9439-54f7541f2377/call-CollectReadgroupBamQualityMetrics \
  us.gcr.io/broad-gotc-prod/picard-cloud@sha256:e5ad5339080c3107c04e4a4d000b8ab06f472b77019debc3ff75499d28995b0c /cromwell-executions/WholeGenomeGermlineSingleSample/0c205b5c-e940-4d91-84d8-a29a2e6929b0/call-AggregatedBamQC/AggregatedBamQC/d488f2ac-aa29-402d-9439-54f7541f2377/call-CollectReadgroupBamQualityMetrics/execution/script

# get the return code (working even if the container was detached)
rc=$(docker wait [38;5;5mcat /mnt/nas1/projects/lasr/blendseq/warp-pipelines/warp-gatk-germline-single-sample-pipeline-master/tmp/7024769096287923/cromwell-executions/WholeGenomeGermlineSingleSample/0c205b5c-e940-4d91-84d8-a29a2e6929b0/call-AggregatedBamQC/AggregatedBamQC/d488f2ac-aa29-402d-9439-54f7541f2377/call-CollectReadgroupBamQualityMetrics/execution/docker_cid[0m)

# remove the container after waiting
docker rm [38;5;5mcat /mnt/nas1/projects/lasr/blendseq/warp-pipelines/warp-gatk-germline-single-sample-pipeline-master/tmp/7024769096287923/cromwell-executions/WholeGenomeGermlineSingleSample/0c205b5c-e940-4d91-84d8-a29a2e6929b0/call-AggregatedBamQC/AggregatedBamQC/d488f2ac-aa29-402d-9439-54f7541f2377/call-CollectReadgroupBamQualityMetrics/execution/docker_cid[0m

# return exit code
exit $rc
{
  "AggregatedBamQC.fingerprint_summary_metrics": null,
  "AggregatedBamQC.calculate_read_group_checksum_md5": "/mnt/nas1/projects/lasr/blendseq/warp-pipelines/warp-gatk-germline-single-sample-pipeline-master/tmp/7024769096287923/cromwell-executions/WholeGenomeGermlineSingleSample/0c205b5c-e940-4d91-84d8-a29a2e6929b0/call-AggregatedBamQC/AggregatedBamQC/d488f2ac-aa29-402d-9439-54f7541f2377/call-CalculateReadGroupChecksum/execution/sorted-ERR3687419_ILMN.aligned.duplicates_marked.recalibrated.bam.read_group_md5",
  "AggregatedBamQC.fingerprint_detail_metrics": null,
  "AggregatedBamQC.agg_gc_bias_summary_metrics": "/mnt/nas1/projects/lasr/blendseq/warp-pipelines/warp-gatk-germline-single-sample-pipeline-master/tmp/7024769096287923/cromwell-executions/WholeGenomeGermlineSingleSample/0c205b5c-e940-4d91-84d8-a29a2e6929b0/call-AggregatedBamQC/AggregatedBamQC/d488f2ac-aa29-402d-9439-54f7541f2377/call-CollectAggregationMetrics/execution/sorted-ERR3687419_ILMN.gc_bias.summary_metrics",
  "AggregatedBamQC.agg_quality_distribution_pdf": "/mnt/nas1/projects/lasr/blendseq/warp-pipelines/warp-gatk-germline-single-sample-pipeline-master/tmp/7024769096287923/cromwell-executions/WholeGenomeGermlineSingleSample/0c205b5c-e940-4d91-84d8-a29a2e6929b0/call-AggregatedBamQC/AggregatedBamQC/d488f2ac-aa29-402d-9439-54f7541f2377/call-CollectAggregationMetrics/execution/sorted-ERR3687419_ILMN.quality_distribution.pdf",
  "AggregatedBamQC.agg_bait_bias_summary_metrics": "/mnt/nas1/projects/lasr/blendseq/warp-pipelines/warp-gatk-germline-single-sample-pipeline-master/tmp/7024769096287923/cromwell-executions/WholeGenomeGermlineSingleSample/0c205b5c-e940-4d91-84d8-a29a2e6929b0/call-AggregatedBamQC/AggregatedBamQC/d488f2ac-aa29-402d-9439-54f7541f2377/call-CollectAggregationMetrics/execution/sorted-ERR3687419_ILMN.bait_bias_summary_metrics",
  "AggregatedBamQC.agg_bait_bias_detail_metrics": "/mnt/nas1/projects/lasr/blendseq/warp-pipelines/warp-gatk-germline-single-sample-pipeline-master/tmp/7024769096287923/cromwell-executions/WholeGenomeGermlineSingleSample/0c205b5c-e940-4d91-84d8-a29a2e6929b0/call-AggregatedBamQC/AggregatedBamQC/d488f2ac-aa29-402d-9439-54f7541f2377/call-CollectAggregationMetrics/execution/sorted-ERR3687419_ILMN.bait_bias_detail_metrics",
  "AggregatedBamQC.agg_gc_bias_pdf": "/mnt/nas1/projects/lasr/blendseq/warp-pipelines/warp-gatk-germline-single-sample-pipeline-master/tmp/7024769096287923/cromwell-executions/WholeGenomeGermlineSingleSample/0c205b5c-e940-4d91-84d8-a29a2e6929b0/call-AggregatedBamQC/AggregatedBamQC/d488f2ac-aa29-402d-9439-54f7541f2377/call-CollectAggregationMetrics/execution/sorted-ERR3687419_ILMN.gc_bias.pdf",
  "AggregatedBamQC.agg_pre_adapter_summary_metrics": "/mnt/nas1/projects/lasr/blendseq/warp-pipelines/warp-gatk-germline-single-sample-pipeline-master/tmp/7024769096287923/cromwell-executions/WholeGenomeGermlineSingleSample/0c205b5c-e940-4d91-84d8-a29a2e6929b0/call-AggregatedBamQC/AggregatedBamQC/d488f2ac-aa29-402d-9439-54f7541f2377/call-CollectAggregationMetrics/execution/sorted-ERR3687419_ILMN.pre_adapter_summary_metrics",
  "AggregatedBamQC.read_group_gc_bias_detail_metrics": "/mnt/nas1/projects/lasr/blendseq/warp-pipelines/warp-gatk-germline-single-sample-pipeline-master/tmp/7024769096287923/cromwell-executions/WholeGenomeGermlineSingleSample/0c205b5c-e940-4d91-84d8-a29a2e6929b0/call-AggregatedBamQC/AggregatedBamQC/d488f2ac-aa29-402d-9439-54f7541f2377/call-CollectReadgroupBamQualityMetrics/execution/sorted-ERR3687419_ILMN.readgroup.gc_bias.detail_metrics",
  "AggregatedBamQC.agg_pre_adapter_detail_metrics": "/mnt/nas1/projects/lasr/blendseq/warp-pipelines/warp-gatk-germline-single-sample-pipeline-master/tmp/7024769096287923/cromwell-executions/WholeGenomeGermlineSingleSample/0c205b5c-e940-4d91-84d8-a29a2e6929b0/call-AggregatedBamQC/AggregatedBamQC/d488f2ac-aa29-402d-9439-54f7541f2377/call-CollectAggregationMetrics/execution/sorted-ERR3687419_ILMN.pre_adapter_detail_metrics",
  "AggregatedBamQC.agg_insert_size_metrics": "/mnt/nas1/projects/lasr/blendseq/warp-pipelines/warp-gatk-germline-single-sample-pipeline-master/tmp/7024769096287923/cromwell-executions/WholeGenomeGermlineSingleSample/0c205b5c-e940-4d91-84d8-a29a2e6929b0/call-AggregatedBamQC/AggregatedBamQC/d488f2ac-aa29-402d-9439-54f7541f2377/call-CollectAggregationMetrics/execution/sorted-ERR3687419_ILMN.insert_size_metrics",
  "AggregatedBamQC.read_group_gc_bias_pdf": "/mnt/nas1/projects/lasr/blendseq/warp-pipelines/warp-gatk-germline-single-sample-pipeline-master/tmp/7024769096287923/cromwell-executions/WholeGenomeGermlineSingleSample/0c205b5c-e940-4d91-84d8-a29a2e6929b0/call-AggregatedBamQC/AggregatedBamQC/d488f2ac-aa29-402d-9439-54f7541f2377/call-CollectReadgroupBamQualityMetrics/execution/sorted-ERR3687419_ILMN.readgroup.gc_bias.pdf",
  "AggregatedBamQC.agg_insert_size_histogram_pdf": "/mnt/nas1/projects/lasr/blendseq/warp-pipelines/warp-gatk-germline-single-sample-pipeline-master/tmp/7024769096287923/cromwell-executions/WholeGenomeGermlineSingleSample/0c205b5c-e940-4d91-84d8-a29a2e6929b0/call-AggregatedBamQC/AggregatedBamQC/d488f2ac-aa29-402d-9439-54f7541f2377/call-CollectAggregationMetrics/execution/sorted-ERR3687419_ILMN.insert_size_histogram.pdf",
  "AggregatedBamQC.agg_quality_distribution_metrics": "/mnt/nas1/projects/lasr/blendseq/warp-pipelines/warp-gatk-germline-single-sample-pipeline-master/tmp/7024769096287923/cromwell-executions/WholeGenomeGermlineSingleSample/0c205b5c-e940-4d91-84d8-a29a2e6929b0/call-AggregatedBamQC/AggregatedBamQC/d488f2ac-aa29-402d-9439-54f7541f2377/call-CollectAggregationMetrics/execution/sorted-ERR3687419_ILMN.quality_distribution_metrics",
  "AggregatedBamQC.agg_alignment_summary_metrics": "/mnt/nas1/projects/lasr/blendseq/warp-pipelines/warp-gatk-germline-single-sample-pipeline-master/tmp/7024769096287923/cromwell-executions/WholeGenomeGermlineSingleSample/0c205b5c-e940-4d91-84d8-a29a2e6929b0/call-AggregatedBamQC/AggregatedBamQC/d488f2ac-aa29-402d-9439-54f7541f2377/call-CollectAggregationMetrics/execution/sorted-ERR3687419_ILMN.alignment_summary_metrics",
  "AggregatedBamQC.agg_error_summary_metrics": "/mnt/nas1/projects/lasr/blendseq/warp-pipelines/warp-gatk-germline-single-sample-pipeline-master/tmp/7024769096287923/cromwell-executions/WholeGenomeGermlineSingleSample/0c205b5c-e940-4d91-84d8-a29a2e6929b0/call-AggregatedBamQC/AggregatedBamQC/d488f2ac-aa29-402d-9439-54f7541f2377/call-CollectAggregationMetrics/execution/sorted-ERR3687419_ILMN.error_summary_metrics",
  "AggregatedBamQC.read_group_gc_bias_summary_metrics": "/mnt/nas1/projects/lasr/blendseq/warp-pipelines/warp-gatk-germline-single-sample-pipeline-master/tmp/7024769096287923/cromwell-executions/WholeGenomeGermlineSingleSample/0c205b5c-e940-4d91-84d8-a29a2e6929b0/call-AggregatedBamQC/AggregatedBamQC/d488f2ac-aa29-402d-9439-54f7541f2377/call-CollectReadgroupBamQualityMetrics/execution/sorted-ERR3687419_ILMN.readgroup.gc_bias.summary_metrics",
  "AggregatedBamQC.agg_gc_bias_detail_metrics": "/mnt/nas1/projects/lasr/blendseq/warp-pipelines/warp-gatk-germline-single-sample-pipeline-master/tmp/7024769096287923/cromwell-executions/WholeGenomeGermlineSingleSample/0c205b5c-e940-4d91-84d8-a29a2e6929b0/call-AggregatedBamQC/AggregatedBamQC/d488f2ac-aa29-402d-9439-54f7541f2377/call-CollectAggregationMetrics/execution/sorted-ERR3687419_ILMN.gc_bias.detail_metrics",
  "AggregatedBamQC.read_group_alignment_summary_metrics": "/mnt/nas1/projects/lasr/blendseq/warp-pipelines/warp-gatk-germline-single-sample-pipeline-master/tmp/7024769096287923/cromwell-executions/WholeGenomeGermlineSingleSample/0c205b5c-e940-4d91-84d8-a29a2e6929b0/call-AggregatedBamQC/AggregatedBamQC/d488f2ac-aa29-402d-9439-54f7541f2377/call-CollectReadgroupBamQualityMetrics/execution/sorted-ERR3687419_ILMN.readgroup.alignment_summary_metrics"
}

# Job CalibrateDragstrModel

gatk --java-options "-Xmx1400m -DGATK_STACKTRACE_ON_USER_EXCEPTION=true -Dsamjdk.reference_fasta=/cromwell-executions/WholeGenomeGermlineSingleSample/0c205b5c-e940-4d91-84d8-a29a2e6929b0/call-BamToGvcf/VariantCalling/4f5e5eb8-6060-4966-8ad6-2fe9507d7b42/call-DragstrAutoCalibration/inputs/-1569105944/Homo_sapiens_assembly38_masked.fasta" \
  CalibrateDragstrModel \
    -R /cromwell-executions/WholeGenomeGermlineSingleSample/0c205b5c-e940-4d91-84d8-a29a2e6929b0/call-BamToGvcf/VariantCalling/4f5e5eb8-6060-4966-8ad6-2fe9507d7b42/call-DragstrAutoCalibration/inputs/-1569105944/Homo_sapiens_assembly38_masked.fasta \
    -I /cromwell-executions/WholeGenomeGermlineSingleSample/0c205b5c-e940-4d91-84d8-a29a2e6929b0/call-BamToGvcf/VariantCalling/4f5e5eb8-6060-4966-8ad6-2fe9507d7b42/call-DragstrAutoCalibration/inputs/356907427/sorted-ERR3687419_ILMN.bam \
    -str /cromwell-executions/WholeGenomeGermlineSingleSample/0c205b5c-e940-4d91-84d8-a29a2e6929b0/call-BamToGvcf/VariantCalling/4f5e5eb8-6060-4966-8ad6-2fe9507d7b42/call-DragstrAutoCalibration/inputs/-1829625260/Homo_sapiens_assembly38.str \
    -O sorted-ERR3687419_ILMN.bam.dragstr \
    --threads 4[0m
rm -f /mnt/nas1/projects/lasr/blendseq/warp-pipelines/warp-gatk-germline-single-sample-pipeline-master/tmp/7024769096287923/cromwell-executions/WholeGenomeGermlineSingleSample/0c205b5c-e940-4d91-84d8-a29a2e6929b0/call-BamToGvcf/VariantCalling/4f5e5eb8-6060-4966-8ad6-2fe9507d7b42/call-DragstrAutoCalibration/execution/docker_cid
# run as in the original configuration without --rm flag (will remove later)
docker run \
  --cidfile /mnt/nas1/projects/lasr/blendseq/warp-pipelines/warp-gatk-germline-single-sample-pipeline-master/tmp/7024769096287923/cromwell-executions/WholeGenomeGermlineSingleSample/0c205b5c-e940-4d91-84d8-a29a2e6929b0/call-BamToGvcf/VariantCalling/4f5e5eb8-6060-4966-8ad6-2fe9507d7b42/call-DragstrAutoCalibration/execution/docker_cid \
  -i \
  --user 1027:1028 \
  --cpus="64" \
  --memory="204800M" \
  --entrypoint /bin/bash \
  -v /mnt/nas1/projects/lasr/blendseq/warp-pipelines/warp-gatk-germline-single-sample-pipeline-master/tmp/7024769096287923/cromwell-executions/WholeGenomeGermlineSingleSample/0c205b5c-e940-4d91-84d8-a29a2e6929b0/call-BamToGvcf/VariantCalling/4f5e5eb8-6060-4966-8ad6-2fe9507d7b42/call-DragstrAutoCalibration:/cromwell-executions/WholeGenomeGermlineSingleSample/0c205b5c-e940-4d91-84d8-a29a2e6929b0/call-BamToGvcf/VariantCalling/4f5e5eb8-6060-4966-8ad6-2fe9507d7b42/call-DragstrAutoCalibration \
  us.gcr.io/broad-gatk/gatk@sha256:c88912855b845bd40c6b4bc8f3dd1d4b333ed2549cd3e8386987ee7c0c284f5a /cromwell-executions/WholeGenomeGermlineSingleSample/0c205b5c-e940-4d91-84d8-a29a2e6929b0/call-BamToGvcf/VariantCalling/4f5e5eb8-6060-4966-8ad6-2fe9507d7b42/call-DragstrAutoCalibration/execution/script

# get the return code (working even if the container was detached)
rc=$(docker wait [38;5;5mcat /mnt/nas1/projects/lasr/blendseq/warp-pipelines/warp-gatk-germline-single-sample-pipeline-master/tmp/7024769096287923/cromwell-executions/WholeGenomeGermlineSingleSample/0c205b5c-e940-4d91-84d8-a29a2e6929b0/call-BamToGvcf/VariantCalling/4f5e5eb8-6060-4966-8ad6-2fe9507d7b42/call-DragstrAutoCalibration/execution/docker_cid[0m)

# remove the container after waiting
docker rm [38;5;5mcat /mnt/nas1/projects/lasr/blendseq/warp-pipelines/warp-gatk-germline-single-sample-pipeline-master/tmp/7024769096287923/cromwell-executions/WholeGenomeGermlineSingleSample/0c205b5c-e940-4d91-84d8-a29a2e6929b0/call-BamToGvcf/VariantCalling/4f5e5eb8-6060-4966-8ad6-2fe9507d7b42/call-DragstrAutoCalibration/execution/docker_cid[0m

# return exit code
exit $rc

# Job IntervalListTools

mkdir out
java -Xms1000m -Xmx1500m -jar /usr/gitc/picard.jar \
  IntervalListTools \
  SCATTER_COUNT=50 \
  SUBDIVISION_MODE=BALANCING_WITHOUT_INTERVAL_SUBDIVISION_WITH_OVERFLOW \
  UNIQUE=true \
  SORT=true \
  BREAK_BANDS_AT_MULTIPLES_OF=1000000 \
  INPUT=/cromwell-executions/WholeGenomeGermlineSingleSample/0c205b5c-e940-4d91-84d8-a29a2e6929b0/call-BamToGvcf/VariantCalling/4f5e5eb8-6060-4966-8ad6-2fe9507d7b42/call-ScatterIntervalList/inputs/-790663736/wgs_calling_regions.hg38.interval_list \
  OUTPUT=out

python3 <<CODE
import glob, os
# Works around a JES limitation where multiples files with the same name overwrite each other when globbed
intervals = sorted(glob.glob("out/*/*.interval_list"))
for i, interval in enumerate(intervals):
  (directory, filename) = os.path.split(interval)
  newName = os.path.join(directory, str(i + 1) + filename)
  os.rename(interval, newName)
print(len(intervals))
CODE[0m
rm -f /mnt/nas1/projects/lasr/blendseq/warp-pipelines/warp-gatk-germline-single-sample-pipeline-master/tmp/7024769096287923/cromwell-executions/WholeGenomeGermlineSingleSample/0c205b5c-e940-4d91-84d8-a29a2e6929b0/call-BamToGvcf/VariantCalling/4f5e5eb8-6060-4966-8ad6-2fe9507d7b42/call-ScatterIntervalList/execution/docker_cid
# run as in the original configuration without --rm flag (will remove later)
docker run \
  --cidfile /mnt/nas1/projects/lasr/blendseq/warp-pipelines/warp-gatk-germline-single-sample-pipeline-master/tmp/7024769096287923/cromwell-executions/WholeGenomeGermlineSingleSample/0c205b5c-e940-4d91-84d8-a29a2e6929b0/call-BamToGvcf/VariantCalling/4f5e5eb8-6060-4966-8ad6-2fe9507d7b42/call-ScatterIntervalList/execution/docker_cid \
  -i \
  --user 1027:1028 \
  --cpus="64" \
  --memory="204800M" \
  --entrypoint /bin/bash \
  -v /mnt/nas1/projects/lasr/blendseq/warp-pipelines/warp-gatk-germline-single-sample-pipeline-master/tmp/7024769096287923/cromwell-executions/WholeGenomeGermlineSingleSample/0c205b5c-e940-4d91-84d8-a29a2e6929b0/call-BamToGvcf/VariantCalling/4f5e5eb8-6060-4966-8ad6-2fe9507d7b42/call-ScatterIntervalList:/cromwell-executions/WholeGenomeGermlineSingleSample/0c205b5c-e940-4d91-84d8-a29a2e6929b0/call-BamToGvcf/VariantCalling/4f5e5eb8-6060-4966-8ad6-2fe9507d7b42/call-ScatterIntervalList \
  us.gcr.io/broad-gotc-prod/picard-python@sha256:18e5d917ab46b03ae08ecc11e74b962278f885deedd21a057c72ce0b517c93a2 /cromwell-executions/WholeGenomeGermlineSingleSample/0c205b5c-e940-4d91-84d8-a29a2e6929b0/call-BamToGvcf/VariantCalling/4f5e5eb8-6060-4966-8ad6-2fe9507d7b42/call-ScatterIntervalList/execution/script

# get the return code (working even if the container was detached)
rc=$(docker wait [38;5;5mcat /mnt/nas1/projects/lasr/blendseq/warp-pipelines/warp-gatk-germline-single-sample-pipeline-master/tmp/7024769096287923/cromwell-executions/WholeGenomeGermlineSingleSample/0c205b5c-e940-4d91-84d8-a29a2e6929b0/call-BamToGvcf/VariantCalling/4f5e5eb8-6060-4966-8ad6-2fe9507d7b42/call-ScatterIntervalList/execution/docker_cid[0m)

# remove the container after waiting
docker rm [38;5;5mcat /mnt/nas1/projects/lasr/blendseq/warp-pipelines/warp-gatk-germline-single-sample-pipeline-master/tmp/7024769096287923/cromwell-executions/WholeGenomeGermlineSingleSample/0c205b5c-e940-4d91-84d8-a29a2e6929b0/call-BamToGvcf/VariantCalling/4f5e5eb8-6060-4966-8ad6-2fe9507d7b42/call-ScatterIntervalList/execution/docker_cid[0m

# return exit code
exit $rc

# Job ConvertToCram

set -o pipefail

samtools view -C -T /cromwell-executions/WholeGenomeGermlineSingleSample/0c205b5c-e940-4d91-84d8-a29a2e6929b0/call-BamToCram/BamToCram/ee0c5233-f0df-4afb-89ff-aeaf54a5f5d5/call-ConvertToCram/inputs/-1569105944/Homo_sapiens_assembly38_masked.fasta /cromwell-executions/WholeGenomeGermlineSingleSample/0c205b5c-e940-4d91-84d8-a29a2e6929b0/call-BamToCram/BamToCram/ee0c5233-f0df-4afb-89ff-aeaf54a5f5d5/call-ConvertToCram/inputs/356907427/sorted-ERR3687419_ILMN.bam | \
tee sorted-ERR3687419_ILMN.cram | \
md5sum | awk '{print $1}' > sorted-ERR3687419_ILMN.cram.md5

# Create REF_CACHE. Used when indexing a CRAM
seq_cache_populate.pl -root ./ref/cache /cromwell-executions/WholeGenomeGermlineSingleSample/0c205b5c-e940-4d91-84d8-a29a2e6929b0/call-BamToCram/BamToCram/ee0c5233-f0df-4afb-89ff-aeaf54a5f5d5/call-ConvertToCram/inputs/-1569105944/Homo_sapiens_assembly38_masked.fasta
export REF_PATH=:
export REF_CACHE=./ref/cache/%2s/%2s/%s

samtools index sorted-ERR3687419_ILMN.cram[0m
rm -f /mnt/nas1/projects/lasr/blendseq/warp-pipelines/warp-gatk-germline-single-sample-pipeline-master/tmp/7024769096287923/cromwell-executions/WholeGenomeGermlineSingleSample/0c205b5c-e940-4d91-84d8-a29a2e6929b0/call-BamToCram/BamToCram/ee0c5233-f0df-4afb-89ff-aeaf54a5f5d5/call-ConvertToCram/execution/docker_cid
# run as in the original configuration without --rm flag (will remove later)
docker run \
  --cidfile /mnt/nas1/projects/lasr/blendseq/warp-pipelines/warp-gatk-germline-single-sample-pipeline-master/tmp/7024769096287923/cromwell-executions/WholeGenomeGermlineSingleSample/0c205b5c-e940-4d91-84d8-a29a2e6929b0/call-BamToCram/BamToCram/ee0c5233-f0df-4afb-89ff-aeaf54a5f5d5/call-ConvertToCram/execution/docker_cid \
  -i \
  --user 1027:1028 \
  --cpus="64" \
  --memory="204800M" \
  --entrypoint /bin/bash \
  -v /mnt/nas1/projects/lasr/blendseq/warp-pipelines/warp-gatk-germline-single-sample-pipeline-master/tmp/7024769096287923/cromwell-executions/WholeGenomeGermlineSingleSample/0c205b5c-e940-4d91-84d8-a29a2e6929b0/call-BamToCram/BamToCram/ee0c5233-f0df-4afb-89ff-aeaf54a5f5d5/call-ConvertToCram:/cromwell-executions/WholeGenomeGermlineSingleSample/0c205b5c-e940-4d91-84d8-a29a2e6929b0/call-BamToCram/BamToCram/ee0c5233-f0df-4afb-89ff-aeaf54a5f5d5/call-ConvertToCram \
  us.gcr.io/broad-gotc-prod/samtools@sha256:cb03231b6445a254d7da4372cea817692ae8802a643e1a8f57fa084b859775e3 /cromwell-executions/WholeGenomeGermlineSingleSample/0c205b5c-e940-4d91-84d8-a29a2e6929b0/call-BamToCram/BamToCram/ee0c5233-f0df-4afb-89ff-aeaf54a5f5d5/call-ConvertToCram/execution/script

# get the return code (working even if the container was detached)
rc=$(docker wait [38;5;5mcat /mnt/nas1/projects/lasr/blendseq/warp-pipelines/warp-gatk-germline-single-sample-pipeline-master/tmp/7024769096287923/cromwell-executions/WholeGenomeGermlineSingleSample/0c205b5c-e940-4d91-84d8-a29a2e6929b0/call-BamToCram/BamToCram/ee0c5233-f0df-4afb-89ff-aeaf54a5f5d5/call-ConvertToCram/execution/docker_cid[0m)

# remove the container after waiting
docker rm [38;5;5mcat /mnt/nas1/projects/lasr/blendseq/warp-pipelines/warp-gatk-germline-single-sample-pipeline-master/tmp/7024769096287923/cromwell-executions/WholeGenomeGermlineSingleSample/0c205b5c-e940-4d91-84d8-a29a2e6929b0/call-BamToCram/BamToCram/ee0c5233-f0df-4afb-89ff-aeaf54a5f5d5/call-ConvertToCram/execution/docker_cid[0m

# return exit code
exit $rc

# Job CheckPreValidation

set -e

grep -A 1 PERCENT_DUPLICATION /cromwell-executions/WholeGenomeGermlineSingleSample/0c205b5c-e940-4d91-84d8-a29a2e6929b0/call-BamToCram/BamToCram/ee0c5233-f0df-4afb-89ff-aeaf54a5f5d5/call-CheckPreValidation/inputs/2037507508/sorted-ERR3687419_ILMN.duplicate_metrics > duplication.csv
grep -A 3 PCT_CHIMERAS /cromwell-executions/WholeGenomeGermlineSingleSample/0c205b5c-e940-4d91-84d8-a29a2e6929b0/call-BamToCram/BamToCram/ee0c5233-f0df-4afb-89ff-aeaf54a5f5d5/call-CheckPreValidation/inputs/-237464427/sorted-ERR3687419_ILMN.alignment_summary_metrics | grep -v OF_PAIR > chimerism.csv

python3 <<CODE

import csv
with open('duplication.csv') as dupfile:
  reader = csv.DictReader(dupfile, delimiter='\t')
  for row in reader:
    with open("duplication_value.txt","w") as file:
      file.write(row['PERCENT_DUPLICATION'])
      file.close()

with open('chimerism.csv') as chimfile:
  reader = csv.DictReader(chimfile, delimiter='\t')
  for row in reader:
    with open("chimerism_value.txt","w") as file:
      file.write(row['PCT_CHIMERAS'])
      file.close()

CODE[0m
rm -f /mnt/nas1/projects/lasr/blendseq/warp-pipelines/warp-gatk-germline-single-sample-pipeline-master/tmp/7024769096287923/cromwell-executions/WholeGenomeGermlineSingleSample/0c205b5c-e940-4d91-84d8-a29a2e6929b0/call-BamToCram/BamToCram/ee0c5233-f0df-4afb-89ff-aeaf54a5f5d5/call-CheckPreValidation/execution/docker_cid
# run as in the original configuration without --rm flag (will remove later)
docker run \
  --cidfile /mnt/nas1/projects/lasr/blendseq/warp-pipelines/warp-gatk-germline-single-sample-pipeline-master/tmp/7024769096287923/cromwell-executions/WholeGenomeGermlineSingleSample/0c205b5c-e940-4d91-84d8-a29a2e6929b0/call-BamToCram/BamToCram/ee0c5233-f0df-4afb-89ff-aeaf54a5f5d5/call-CheckPreValidation/execution/docker_cid \
  -i \
  --user 1027:1028 \
  --cpus="64" \
  --memory="204800M" \
  --entrypoint /bin/bash \
  -v /mnt/nas1/projects/lasr/blendseq/warp-pipelines/warp-gatk-germline-single-sample-pipeline-master/tmp/7024769096287923/cromwell-executions/WholeGenomeGermlineSingleSample/0c205b5c-e940-4d91-84d8-a29a2e6929b0/call-BamToCram/BamToCram/ee0c5233-f0df-4afb-89ff-aeaf54a5f5d5/call-CheckPreValidation:/cromwell-executions/WholeGenomeGermlineSingleSample/0c205b5c-e940-4d91-84d8-a29a2e6929b0/call-BamToCram/BamToCram/ee0c5233-f0df-4afb-89ff-aeaf54a5f5d5/call-CheckPreValidation \
  us.gcr.io/broad-dsp-gcr-public/base/python@sha256:af87295ec55957b9997a20803e5e612fe819e39be40a6cd817d696f6b758ad1a /cromwell-executions/WholeGenomeGermlineSingleSample/0c205b5c-e940-4d91-84d8-a29a2e6929b0/call-BamToCram/BamToCram/ee0c5233-f0df-4afb-89ff-aeaf54a5f5d5/call-CheckPreValidation/execution/script

# get the return code (working even if the container was detached)
rc=$(docker wait [38;5;5mcat /mnt/nas1/projects/lasr/blendseq/warp-pipelines/warp-gatk-germline-single-sample-pipeline-master/tmp/7024769096287923/cromwell-executions/WholeGenomeGermlineSingleSample/0c205b5c-e940-4d91-84d8-a29a2e6929b0/call-BamToCram/BamToCram/ee0c5233-f0df-4afb-89ff-aeaf54a5f5d5/call-CheckPreValidation/execution/docker_cid[0m)

# remove the container after waiting
docker rm [38;5;5mcat /mnt/nas1/projects/lasr/blendseq/warp-pipelines/warp-gatk-germline-single-sample-pipeline-master/tmp/7024769096287923/cromwell-executions/WholeGenomeGermlineSingleSample/0c205b5c-e940-4d91-84d8-a29a2e6929b0/call-BamToCram/BamToCram/ee0c5233-f0df-4afb-89ff-aeaf54a5f5d5/call-CheckPreValidation/execution/docker_cid[0m

# return exit code
exit $rc

# Job HaplotypeCaller (for each shard)  

# We need at least 1 GB of available memory outside of the Java heap in order to execute native code, thus, limit
# Java's memory by the total memory minus 1 GB. We need to compute the total memory as it might differ from
# memory_size_gb because of Cromwell's retry with more memory feature.
mem_unit=$(echo "${MEM_UNIT:-}" | cut -c 1)

if [[ $mem_unit == "M" ]]; then
  available_memory_mb=$(awk "BEGIN {print int($MEM_SIZE)}")
elif [[ $mem_unit == "G" ]]; then
  available_memory_mb=$(awk "BEGIN {print int($MEM_SIZE * 1024)}")
else
  available_memory_mb=$(free -m | awk '/^Mem/ {print $2}')
fi

let java_memory_size_mb=available_memory_mb-1024
echo Total available memory: ${available_memory_mb} MB >&2
echo Memory reserved for Java: ${java_memory_size_mb} MB >&2

gatk --java-options "-Xmx150000m -Xms150000m -XX:GCTimeLimit=50 -XX:GCHeapFreeLimit=10" \
  HaplotypeCaller \
  -R /cromwell-executions/WholeGenomeGermlineSingleSample/0c205b5c-e940-4d91-84d8-a29a2e6929b0/call-BamToGvcf/VariantCalling/4f5e5eb8-6060-4966-8ad6-2fe9507d7b42/call-HaplotypeCallerGATK4/shard-10/inputs/-1569105944/Homo_sapiens_assembly38_masked.fasta \
  -I /cromwell-executions/WholeGenomeGermlineSingleSample/0c205b5c-e940-4d91-84d8-a29a2e6929b0/call-BamToGvcf/VariantCalling/4f5e5eb8-6060-4966-8ad6-2fe9507d7b42/call-HaplotypeCallerGATK4/shard-10/inputs/356907427/sorted-ERR3687419_ILMN.bam \
  -L /cromwell-executions/WholeGenomeGermlineSingleSample/0c205b5c-e940-4d91-84d8-a29a2e6929b0/call-BamToGvcf/VariantCalling/4f5e5eb8-6060-4966-8ad6-2fe9507d7b42/call-HaplotypeCallerGATK4/shard-10/inputs/551659354/1scattered.interval_list \
  -O sorted-ERR3687419_ILMN.g.vcf.gz \
  -contamination 0.0 \
  -G StandardAnnotation -G StandardHCAnnotation -G AS_StandardAnnotation \
  --dragen-mode \
   \
  --dragstr-params-path /cromwell-executions/WholeGenomeGermlineSingleSample/0c205b5c-e940-4d91-84d8-a29a2e6929b0/call-BamToGvcf/VariantCalling/4f5e5eb8-6060-4966-8ad6-2fe9507d7b42/call-HaplotypeCallerGATK4/shard-10/inputs/1611556908/sorted-ERR3687419_ILMN.bam.dragstr \
  -GQB 10 -GQB 20 -GQB 30 -GQB 40 -GQB 50 -GQB 60 -GQB 70 -GQB 80 -GQB 90 \
  -ERC GVCF \
  

# Cromwell doesn't like optional task outputs, so we have to touch this file.
touch sorted-ERR3687419_ILMN.bamout.bam[0m
rm -f /mnt/nas1/projects/lasr/blendseq/warp-pipelines/warp-gatk-germline-single-sample-pipeline-master/tmp/7024769096287923/cromwell-executions/WholeGenomeGermlineSingleSample/0c205b5c-e940-4d91-84d8-a29a2e6929b0/call-BamToGvcf/VariantCalling/4f5e5eb8-6060-4966-8ad6-2fe9507d7b42/call-HaplotypeCallerGATK4/shard-10/execution/docker_cid
# run as in the original configuration without --rm flag (will remove later)
docker run \
  --cidfile /mnt/nas1/projects/lasr/blendseq/warp-pipelines/warp-gatk-germline-single-sample-pipeline-master/tmp/7024769096287923/cromwell-executions/WholeGenomeGermlineSingleSample/0c205b5c-e940-4d91-84d8-a29a2e6929b0/call-BamToGvcf/VariantCalling/4f5e5eb8-6060-4966-8ad6-2fe9507d7b42/call-HaplotypeCallerGATK4/shard-10/execution/docker_cid \
  -i \
  --user 1027:1028 \
  --cpus="64" \
  --memory="204800M" \
  --entrypoint /bin/bash \
  -v /mnt/nas1/projects/lasr/blendseq/warp-pipelines/warp-gatk-germline-single-sample-pipeline-master/tmp/7024769096287923/cromwell-executions/WholeGenomeGermlineSingleSample/0c205b5c-e940-4d91-84d8-a29a2e6929b0/call-BamToGvcf/VariantCalling/4f5e5eb8-6060-4966-8ad6-2fe9507d7b42/call-HaplotypeCallerGATK4/shard-10:/cromwell-executions/WholeGenomeGermlineSingleSample/0c205b5c-e940-4d91-84d8-a29a2e6929b0/call-BamToGvcf/VariantCalling/4f5e5eb8-6060-4966-8ad6-2fe9507d7b42/call-HaplotypeCallerGATK4/shard-10 \
  us.gcr.io/broad-gatk/gatk@sha256:c88912855b845bd40c6b4bc8f3dd1d4b333ed2549cd3e8386987ee7c0c284f5a /cromwell-executions/WholeGenomeGermlineSingleSample/0c205b5c-e940-4d91-84d8-a29a2e6929b0/call-BamToGvcf/VariantCalling/4f5e5eb8-6060-4966-8ad6-2fe9507d7b42/call-HaplotypeCallerGATK4/shard-10/execution/script

# get the return code (working even if the container was detached)
rc=$(docker wait [38;5;5mcat /mnt/nas1/projects/lasr/blendseq/warp-pipelines/warp-gatk-germline-single-sample-pipeline-master/tmp/7024769096287923/cromwell-executions/WholeGenomeGermlineSingleSample/0c205b5c-e940-4d91-84d8-a29a2e6929b0/call-BamToGvcf/VariantCalling/4f5e5eb8-6060-4966-8ad6-2fe9507d7b42/call-HaplotypeCallerGATK4/shard-10/execution/docker_cid[0m)

# remove the container after waiting
docker rm [38;5;5mcat /mnt/nas1/projects/lasr/blendseq/warp-pipelines/warp-gatk-germline-single-sample-pipeline-master/tmp/7024769096287923/cromwell-executions/WholeGenomeGermlineSingleSample/0c205b5c-e940-4d91-84d8-a29a2e6929b0/call-BamToGvcf/VariantCalling/4f5e5eb8-6060-4966-8ad6-2fe9507d7b42/call-HaplotypeCallerGATK4/shard-10/execution/docker_cid[0m

# return exit code
exit $rc

# Job ValidateSamFile (validatin of a sorted CRAM file) 

  ValidateSamFile \
  INPUT=/cromwell-executions/WholeGenomeGermlineSingleSample/0c205b5c-e940-4d91-84d8-a29a2e6929b0/call-BamToCram/BamToCram/ee0c5233-f0df-4afb-89ff-aeaf54a5f5d5/call-ValidateCram/inputs/1633302086/sorted-ERR3687419_ILMN.cram \
  OUTPUT=sorted-ERR3687419_ILMN.cram.validation_report \
  REFERENCE_SEQUENCE=/cromwell-executions/WholeGenomeGermlineSingleSample/0c205b5c-e940-4d91-84d8-a29a2e6929b0/call-BamToCram/BamToCram/ee0c5233-f0df-4afb-89ff-aeaf54a5f5d5/call-ValidateCram/inputs/-1569105944/Homo_sapiens_assembly38_masked.fasta \
  MAX_OUTPUT=1000000000 \
  IGNORE=MISSING_TAG_NM \
  MODE=VERBOSE \
  SKIP_MATE_VALIDATION=false \
  IS_BISULFITE_SEQUENCED=false[0m
rm -f /mnt/nas1/projects/lasr/blendseq/warp-pipelines/warp-gatk-germline-single-sample-pipeline-master/tmp/7024769096287923/cromwell-executions/WholeGenomeGermlineSingleSample/0c205b5c-e940-4d91-84d8-a29a2e6929b0/call-BamToCram/BamToCram/ee0c5233-f0df-4afb-89ff-aeaf54a5f5d5/call-ValidateCram/execution/docker_cid
# run as in the original configuration without --rm flag (will remove later)
docker run \
  --cidfile /mnt/nas1/projects/lasr/blendseq/warp-pipelines/warp-gatk-germline-single-sample-pipeline-master/tmp/7024769096287923/cromwell-executions/WholeGenomeGermlineSingleSample/0c205b5c-e940-4d91-84d8-a29a2e6929b0/call-BamToCram/BamToCram/ee0c5233-f0df-4afb-89ff-aeaf54a5f5d5/call-ValidateCram/execution/docker_cid \
  -i \
  --user 1027:1028 \
  --cpus="64" \
  --memory="204800M" \
  --entrypoint /bin/bash \
  -v /mnt/nas1/projects/lasr/blendseq/warp-pipelines/warp-gatk-germline-single-sample-pipeline-master/tmp/7024769096287923/cromwell-executions/WholeGenomeGermlineSingleSample/0c205b5c-e940-4d91-84d8-a29a2e6929b0/call-BamToCram/BamToCram/ee0c5233-f0df-4afb-89ff-aeaf54a5f5d5/call-ValidateCram:/cromwell-executions/WholeGenomeGermlineSingleSample/0c205b5c-e940-4d91-84d8-a29a2e6929b0/call-BamToCram/BamToCram/ee0c5233-f0df-4afb-89ff-aeaf54a5f5d5/call-ValidateCram \
  us.gcr.io/broad-gotc-prod/picard-cloud@sha256:e5ad5339080c3107c04e4a4d000b8ab06f472b77019debc3ff75499d28995b0c /cromwell-executions/WholeGenomeGermlineSingleSample/0c205b5c-e940-4d91-84d8-a29a2e6929b0/call-BamToCram/BamToCram/ee0c5233-f0df-4afb-89ff-aeaf54a5f5d5/call-ValidateCram/execution/script

# get the return code (working even if the container was detached)
rc=$(docker wait [38;5;5mcat /mnt/nas1/projects/lasr/blendseq/warp-pipelines/warp-gatk-germline-single-sample-pipeline-master/tmp/7024769096287923/cromwell-executions/WholeGenomeGermlineSingleSample/0c205b5c-e940-4d91-84d8-a29a2e6929b0/call-BamToCram/BamToCram/ee0c5233-f0df-4afb-89ff-aeaf54a5f5d5/call-ValidateCram/execution/docker_cid[0m)

# remove the container after waiting
docker rm [38;5;5mcat /mnt/nas1/projects/lasr/blendseq/warp-pipelines/warp-gatk-germline-single-sample-pipeline-master/tmp/7024769096287923/cromwell-executions/WholeGenomeGermlineSingleSample/0c205b5c-e940-4d91-84d8-a29a2e6929b0/call-BamToCram/BamToCram/ee0c5233-f0df-4afb-89ff-aeaf54a5f5d5/call-ValidateCram/execution/docker_cid[0m

# return exit code
exit $rc
{
  "BamToCram.output_cram_index": "/mnt/nas1/projects/lasr/blendseq/warp-pipelines/warp-gatk-germline-single-sample-pipeline-master/tmp/7024769096287923/cromwell-executions/WholeGenomeGermlineSingleSample/0c205b5c-e940-4d91-84d8-a29a2e6929b0/call-BamToCram/BamToCram/ee0c5233-f0df-4afb-89ff-aeaf54a5f5d5/call-ConvertToCram/execution/sorted-ERR3687419_ILMN.cram.crai",
  "BamToCram.output_cram_md5": "/mnt/nas1/projects/lasr/blendseq/warp-pipelines/warp-gatk-germline-single-sample-pipeline-master/tmp/7024769096287923/cromwell-executions/WholeGenomeGermlineSingleSample/0c205b5c-e940-4d91-84d8-a29a2e6929b0/call-BamToCram/BamToCram/ee0c5233-f0df-4afb-89ff-aeaf54a5f5d5/call-ConvertToCram/execution/sorted-ERR3687419_ILMN.cram.md5",
  "BamToCram.validate_cram_file_report": "/mnt/nas1/projects/lasr/blendseq/warp-pipelines/warp-gatk-germline-single-sample-pipeline-master/tmp/7024769096287923/cromwell-executions/WholeGenomeGermlineSingleSample/0c205b5c-e940-4d91-84d8-a29a2e6929b0/call-BamToCram/BamToCram/ee0c5233-f0df-4afb-89ff-aeaf54a5f5d5/call-ValidateCram/execution/sorted-ERR3687419_ILMN.cram.validation_report",
  "BamToCram.output_cram": "/mnt/nas1/projects/lasr/blendseq/warp-pipelines/warp-gatk-germline-single-sample-pipeline-master/tmp/7024769096287923/cromwell-executions/WholeGenomeGermlineSingleSample/0c205b5c-e940-4d91-84d8-a29a2e6929b0/call-BamToCram/BamToCram/ee0c5233-f0df-4afb-89ff-aeaf54a5f5d5/call-ConvertToCram/execution/sorted-ERR3687419_ILMN.cram"
}

# Job VariantFiltration (for each shard)

 VariantFiltration \
 -V /cromwell-executions/WholeGenomeGermlineSingleSample/0c205b5c-e940-4d91-84d8-a29a2e6929b0/call-BamToGvcf/VariantCalling/4f5e5eb8-6060-4966-8ad6-2fe9507d7b42/call-DragenHardFilterVcf/shard-10/inputs/595782141/sorted-ERR3687419_ILMN.g.vcf.gz \
 --filter-expression "QUAL < 10.4139" \
 --filter-name "DRAGENHardQUAL" \
 -O sorted-ERR3687419_ILMN.hard-filtered.g.vcf.gz[0m
rm -f /mnt/nas1/projects/lasr/blendseq/warp-pipelines/warp-gatk-germline-single-sample-pipeline-master/tmp/7024769096287923/cromwell-executions/WholeGenomeGermlineSingleSample/0c205b5c-e940-4d91-84d8-a29a2e6929b0/call-BamToGvcf/VariantCalling/4f5e5eb8-6060-4966-8ad6-2fe9507d7b42/call-DragenHardFilterVcf/shard-10/execution/docker_cid
# run as in the original configuration without --rm flag (will remove later)
docker run \
  --cidfile /mnt/nas1/projects/lasr/blendseq/warp-pipelines/warp-gatk-germline-single-sample-pipeline-master/tmp/7024769096287923/cromwell-executions/WholeGenomeGermlineSingleSample/0c205b5c-e940-4d91-84d8-a29a2e6929b0/call-BamToGvcf/VariantCalling/4f5e5eb8-6060-4966-8ad6-2fe9507d7b42/call-DragenHardFilterVcf/shard-10/execution/docker_cid \
  -i \
  --user 1027:1028 \
  --cpus="64" \
  --memory="204800M" \
  --entrypoint /bin/bash \
  -v /mnt/nas1/projects/lasr/blendseq/warp-pipelines/warp-gatk-germline-single-sample-pipeline-master/tmp/7024769096287923/cromwell-executions/WholeGenomeGermlineSingleSample/0c205b5c-e940-4d91-84d8-a29a2e6929b0/call-BamToGvcf/VariantCalling/4f5e5eb8-6060-4966-8ad6-2fe9507d7b42/call-DragenHardFilterVcf/shard-10:/cromwell-executions/WholeGenomeGermlineSingleSample/0c205b5c-e940-4d91-84d8-a29a2e6929b0/call-BamToGvcf/VariantCalling/4f5e5eb8-6060-4966-8ad6-2fe9507d7b42/call-DragenHardFilterVcf/shard-10 \
  us.gcr.io/broad-gatk/gatk@sha256:c88912855b845bd40c6b4bc8f3dd1d4b333ed2549cd3e8386987ee7c0c284f5a /cromwell-executions/WholeGenomeGermlineSingleSample/0c205b5c-e940-4d91-84d8-a29a2e6929b0/call-BamToGvcf/VariantCalling/4f5e5eb8-6060-4966-8ad6-2fe9507d7b42/call-DragenHardFilterVcf/shard-10/execution/script

# get the return code (working even if the container was detached)
rc=$(docker wait [38;5;5mcat /mnt/nas1/projects/lasr/blendseq/warp-pipelines/warp-gatk-germline-single-sample-pipeline-master/tmp/7024769096287923/cromwell-executions/WholeGenomeGermlineSingleSample/0c205b5c-e940-4d91-84d8-a29a2e6929b0/call-BamToGvcf/VariantCalling/4f5e5eb8-6060-4966-8ad6-2fe9507d7b42/call-DragenHardFilterVcf/shard-10/execution/docker_cid[0m)

# remove the container after waiting
docker rm [38;5;5mcat /mnt/nas1/projects/lasr/blendseq/warp-pipelines/warp-gatk-germline-single-sample-pipeline-master/tmp/7024769096287923/cromwell-executions/WholeGenomeGermlineSingleSample/0c205b5c-e940-4d91-84d8-a29a2e6929b0/call-BamToGvcf/VariantCalling/4f5e5eb8-6060-4966-8ad6-2fe9507d7b42/call-DragenHardFilterVcf/shard-10/execution/docker_cid[0m

# return exit code
exit $rc

# Job MergeVcfs 

  MergeVcfs \
  INPUT=/cromwell-executions/WholeGenomeGermlineSingleSample/0c205b5c-e940-4d91-84d8-a29a2e6929b0/call-BamToGvcf/VariantCalling/4f5e5eb8-6060-4966-8ad6-2fe9507d7b42/call-MergeVCFs/inputs/1410600431/sorted-ERR3687419_ILMN.hard-filtered.g.vcf.gz INPUT=/cromwell-executions/WholeGenomeGermlineSingleSample/0c205b5c-e940-4d91-84d8-a29a2e6929b0/call-BamToGvcf/VariantCalling/4f5e5eb8-6060-4966-8ad6-2fe9507d7b42/call-MergeVCFs/inputs/-386350928/sorted-ERR3687419_ILMN.hard-filtered.g.vcf.gz INPUT=/cromwell-executions/WholeGenomeGermlineSingleSample/0c205b5c-e940-4d91-84d8-a29a2e6929b0/call-BamToGvcf/VariantCalling/4f5e5eb8-6060-4966-8ad6-2fe9507d7b42/call-MergeVCFs/inputs/2111665009/sorted-ERR3687419_ILMN.hard-filtered.g.vcf.gz INPUT=/cromwell-executions/WholeGenomeGermlineSingleSample/0c205b5c-e940-4d91-84d8-a29a2e6929b0/call-BamToGvcf/VariantCalling/4f5e5eb8-6060-4966-8ad6-2fe9507d7b42/call-MergeVCFs/inputs/314713650/sorted-ERR3687419_ILMN.hard-filtered.g.vcf.gz INPUT=/cromwell-executions/WholeGenomeGermlineSingleSample/0c205b5c-e940-4d91-84d8-a29a2e6929b0/call-BamToGvcf/VariantCalling/4f5e5eb8-6060-4966-8ad6-2fe9507d7b42/call-MergeVCFs/inputs/-1482237709/sorted-ERR3687419_ILMN.hard-filtered.g.vcf.gz INPUT=/cromwell-executions/WholeGenomeGermlineSingleSample/0c205b5c-e940-4d91-84d8-a29a2e6929b0/call-BamToGvcf/VariantCalling/4f5e5eb8-6060-4966-8ad6-2fe9507d7b42/call-MergeVCFs/inputs/1015778228/sorted-ERR3687419_ILMN.hard-filtered.g.vcf.gz INPUT=/cromwell-executions/WholeGenomeGermlineSingleSample/0c205b5c-e940-4d91-84d8-a29a2e6929b0/call-BamToGvcf/VariantCalling/4f5e5eb8-6060-4966-8ad6-2fe9507d7b42/call-MergeVCFs/inputs/-781173131/sorted-ERR3687419_ILMN.hard-filtered.g.vcf.gz INPUT=/cromwell-executions/WholeGenomeGermlineSingleSample/0c205b5c-e940-4d91-84d8-a29a2e6929b0/call-BamToGvcf/VariantCalling/4f5e5eb8-6060-4966-8ad6-2fe9507d7b42/call-MergeVCFs/inputs/1716842806/sorted-ERR3687419_ILMN.hard-filtered.g.vcf.gz INPUT=/cromwell-executions/WholeGenomeGermlineSingleSample/0c205b5c-e940-4d91-84d8-a29a2e6929b0/call-BamToGvcf/VariantCalling/4f5e5eb8-6060-4966-8ad6-2fe9507d7b42/call-MergeVCFs/inputs/-80108553/sorted-ERR3687419_ILMN.hard-filtered.g.vcf.gz INPUT=/cromwell-executions/WholeGenomeGermlineSingleSample/0c205b5c-e940-4d91-84d8-a29a2e6929b0/call-BamToGvcf/VariantCalling/4f5e5eb8-6060-4966-8ad6-2fe9507d7b42/call-MergeVCFs/inputs/-1877059912/sorted-ERR3687419_ILMN.hard-filtered.g.vcf.gz INPUT=/cromwell-executions/WholeGenomeGermlineSingleSample/0c205b5c-e940-4d91-84d8-a29a2e6929b0/call-BamToGvcf/VariantCalling/4f5e5eb8-6060-4966-8ad6-2fe9507d7b42/call-MergeVCFs/inputs/1129349106/sorted-ERR3687419_ILMN.hard-filtered.g.vcf.gz INPUT=/cromwell-executions/WholeGenomeGermlineSingleSample/0c205b5c-e940-4d91-84d8-a29a2e6929b0/call-BamToGvcf/VariantCalling/4f5e5eb8-6060-4966-8ad6-2fe9507d7b42/call-MergeVCFs/inputs/-667602253/sorted-ERR3687419_ILMN.hard-filtered.g.vcf.gz INPUT=/cromwell-executions/WholeGenomeGermlineSingleSample/0c205b5c-e940-4d91-84d8-a29a2e6929b0/call-BamToGvcf/VariantCalling/4f5e5eb8-6060-4966-8ad6-2fe9507d7b42/call-MergeVCFs/inputs/1830413684/sorted-ERR3687419_ILMN.hard-filtered.g.vcf.gz INPUT=/cromwell-executions/WholeGenomeGermlineSingleSample/0c205b5c-e940-4d91-84d8-a29a2e6929b0/call-BamToGvcf/VariantCalling/4f5e5eb8-6060-4966-8ad6-2fe9507d7b42/call-MergeVCFs/inputs/33462325/sorted-ERR3687419_ILMN.hard-filtered.g.vcf.gz INPUT=/cromwell-executions/WholeGenomeGermlineSingleSample/0c205b5c-e940-4d91-84d8-a29a2e6929b0/call-BamToGvcf/VariantCalling/4f5e5eb8-6060-4966-8ad6-2fe9507d7b42/call-MergeVCFs/inputs/-1763489034/sorted-ERR3687419_ILMN.hard-filtered.g.vcf.gz INPUT=/cromwell-executions/WholeGenomeGermlineSingleSample/0c205b5c-e940-4d91-84d8-a29a2e6929b0/call-BamToGvcf/VariantCalling/4f5e5eb8-6060-4966-8ad6-2fe9507d7b42/call-MergeVCFs/inputs/734526903/sorted-ERR3687419_ILMN.hard-filtered.g.vcf.gz INPUT=/cromwell-executions/WholeGenomeGermlineSingleSample/0c205b5c-e940-4d91-84d8-a29a2e6929b0/call-BamToGvcf/VariantCalling/4f5e5eb8-6060-4966-8ad6-2fe9507d7b42/call-MergeVCFs/inputs/-1062424456/sorted-ERR3687419_ILMN.hard-filtered.g.vcf.gz INPUT=/cromwell-executions/WholeGenomeGermlineSingleSample/0c205b5c-e940-4d91-84d8-a29a2e6929b0/call-BamToGvcf/VariantCalling/4f5e5eb8-6060-4966-8ad6-2fe9507d7b42/call-MergeVCFs/inputs/1435591481/sorted-ERR3687419_ILMN.hard-filtered.g.vcf.gz INPUT=/cromwell-executions/WholeGenomeGermlineSingleSample/0c205b5c-e940-4d91-84d8-a29a2e6929b0/call-BamToGvcf/VariantCalling/4f5e5eb8-6060-4966-8ad6-2fe9507d7b42/call-MergeVCFs/inputs/-361359878/sorted-ERR3687419_ILMN.hard-filtered.g.vcf.gz INPUT=/cromwell-executions/WholeGenomeGermlineSingleSample/0c205b5c-e940-4d91-84d8-a29a2e6929b0/call-BamToGvcf/VariantCalling/4f5e5eb8-6060-4966-8ad6-2fe9507d7b42/call-MergeVCFs/inputs/2136656059/sorted-ERR3687419_ILMN.hard-filtered.g.vcf.gz INPUT=/cromwell-executions/WholeGenomeGermlineSingleSample/0c205b5c-e940-4d91-84d8-a29a2e6929b0/call-BamToGvcf/VariantCalling/4f5e5eb8-6060-4966-8ad6-2fe9507d7b42/call-MergeVCFs/inputs/1258431825/sorted-ERR3687419_ILMN.hard-filtered.g.vcf.gz INPUT=/cromwell-executions/WholeGenomeGermlineSingleSample/0c205b5c-e940-4d91-84d8-a29a2e6929b0/call-BamToGvcf/VariantCalling/4f5e5eb8-6060-4966-8ad6-2fe9507d7b42/call-MergeVCFs/inputs/-538519534/sorted-ERR3687419_ILMN.hard-filtered.g.vcf.gz INPUT=/cromwell-executions/WholeGenomeGermlineSingleSample/0c205b5c-e940-4d91-84d8-a29a2e6929b0/call-BamToGvcf/VariantCalling/4f5e5eb8-6060-4966-8ad6-2fe9507d7b42/call-MergeVCFs/inputs/1959496403/sorted-ERR3687419_ILMN.hard-filtered.g.vcf.gz INPUT=/cromwell-executions/WholeGenomeGermlineSingleSample/0c205b5c-e940-4d91-84d8-a29a2e6929b0/call-BamToGvcf/VariantCalling/4f5e5eb8-6060-4966-8ad6-2fe9507d7b42/call-MergeVCFs/inputs/162545044/sorted-ERR3687419_ILMN.hard-filtered.g.vcf.gz INPUT=/cromwell-executions/WholeGenomeGermlineSingleSample/0c205b5c-e940-4d91-84d8-a29a2e6929b0/call-BamToGvcf/VariantCalling/4f5e5eb8-6060-4966-8ad6-2fe9507d7b42/call-MergeVCFs/inputs/-1634406315/sorted-ERR3687419_ILMN.hard-filtered.g.vcf.gz INPUT=/cromwell-executions/WholeGenomeGermlineSingleSample/0c205b5c-e940-4d91-84d8-a29a2e6929b0/call-BamToGvcf/VariantCalling/4f5e5eb8-6060-4966-8ad6-2fe9507d7b42/call-MergeVCFs/inputs/863609622/sorted-ERR3687419_ILMN.hard-filtered.g.vcf.gz INPUT=/cromwell-executions/WholeGenomeGermlineSingleSample/0c205b5c-e940-4d91-84d8-a29a2e6929b0/call-BamToGvcf/VariantCalling/4f5e5eb8-6060-4966-8ad6-2fe9507d7b42/call-MergeVCFs/inputs/-933341737/sorted-ERR3687419_ILMN.hard-filtered.g.vcf.gz INPUT=/cromwell-executions/WholeGenomeGermlineSingleSample/0c205b5c-e940-4d91-84d8-a29a2e6929b0/call-BamToGvcf/VariantCalling/4f5e5eb8-6060-4966-8ad6-2fe9507d7b42/call-MergeVCFs/inputs/1564674200/sorted-ERR3687419_ILMN.hard-filtered.g.vcf.gz INPUT=/cromwell-executions/WholeGenomeGermlineSingleSample/0c205b5c-e940-4d91-84d8-a29a2e6929b0/call-BamToGvcf/VariantCalling/4f5e5eb8-6060-4966-8ad6-2fe9507d7b42/call-MergeVCFs/inputs/-232277159/sorted-ERR3687419_ILMN.hard-filtered.g.vcf.gz INPUT=/cromwell-executions/WholeGenomeGermlineSingleSample/0c205b5c-e940-4d91-84d8-a29a2e6929b0/call-BamToGvcf/VariantCalling/4f5e5eb8-6060-4966-8ad6-2fe9507d7b42/call-MergeVCFs/inputs/-2029228518/sorted-ERR3687419_ILMN.hard-filtered.g.vcf.gz INPUT=/cromwell-executions/WholeGenomeGermlineSingleSample/0c205b5c-e940-4d91-84d8-a29a2e6929b0/call-BamToGvcf/VariantCalling/4f5e5eb8-6060-4966-8ad6-2fe9507d7b42/call-MergeVCFs/inputs/1387514544/sorted-ERR3687419_ILMN.hard-filtered.g.vcf.gz INPUT=/cromwell-executions/WholeGenomeGermlineSingleSample/0c205b5c-e940-4d91-84d8-a29a2e6929b0/call-BamToGvcf/VariantCalling/4f5e5eb8-6060-4966-8ad6-2fe9507d7b42/call-MergeVCFs/inputs/-409436815/sorted-ERR3687419_ILMN.hard-filtered.g.vcf.gz INPUT=/cromwell-executions/WholeGenomeGermlineSingleSample/0c205b5c-e940-4d91-84d8-a29a2e6929b0/call-BamToGvcf/VariantCalling/4f5e5eb8-6060-4966-8ad6-2fe9507d7b42/call-MergeVCFs/inputs/2088579122/sorted-ERR3687419_ILMN.hard-filtered.g.vcf.gz INPUT=/cromwell-executions/WholeGenomeGermlineSingleSample/0c205b5c-e940-4d91-84d8-a29a2e6929b0/call-BamToGvcf/VariantCalling/4f5e5eb8-6060-4966-8ad6-2fe9507d7b42/call-MergeVCFs/inputs/291627763/sorted-ERR3687419_ILMN.hard-filtered.g.vcf.gz INPUT=/cromwell-executions/WholeGenomeGermlineSingleSample/0c205b5c-e940-4d91-84d8-a29a2e6929b0/call-BamToGvcf/VariantCalling/4f5e5eb8-6060-4966-8ad6-2fe9507d7b42/call-MergeVCFs/inputs/-1505323596/sorted-ERR3687419_ILMN.hard-filtered.g.vcf.gz INPUT=/cromwell-executions/WholeGenomeGermlineSingleSample/0c205b5c-e940-4d91-84d8-a29a2e6929b0/call-BamToGvcf/VariantCalling/4f5e5eb8-6060-4966-8ad6-2fe9507d7b42/call-MergeVCFs/inputs/992692341/sorted-ERR3687419_ILMN.hard-filtered.g.vcf.gz INPUT=/cromwell-executions/WholeGenomeGermlineSingleSample/0c205b5c-e940-4d91-84d8-a29a2e6929b0/call-BamToGvcf/VariantCalling/4f5e5eb8-6060-4966-8ad6-2fe9507d7b42/call-MergeVCFs/inputs/-804259018/sorted-ERR3687419_ILMN.hard-filtered.g.vcf.gz INPUT=/cromwell-executions/WholeGenomeGermlineSingleSample/0c205b5c-e940-4d91-84d8-a29a2e6929b0/call-BamToGvcf/VariantCalling/4f5e5eb8-6060-4966-8ad6-2fe9507d7b42/call-MergeVCFs/inputs/1693756919/sorted-ERR3687419_ILMN.hard-filtered.g.vcf.gz INPUT=/cromwell-executions/WholeGenomeGermlineSingleSample/0c205b5c-e940-4d91-84d8-a29a2e6929b0/call-BamToGvcf/VariantCalling/4f5e5eb8-6060-4966-8ad6-2fe9507d7b42/call-MergeVCFs/inputs/-103194440/sorted-ERR3687419_ILMN.hard-filtered.g.vcf.gz INPUT=/cromwell-executions/WholeGenomeGermlineSingleSample/0c205b5c-e940-4d91-84d8-a29a2e6929b0/call-BamToGvcf/VariantCalling/4f5e5eb8-6060-4966-8ad6-2fe9507d7b42/call-MergeVCFs/inputs/-1900145799/sorted-ERR3687419_ILMN.hard-filtered.g.vcf.gz INPUT=/cromwell-executions/WholeGenomeGermlineSingleSample/0c205b5c-e940-4d91-84d8-a29a2e6929b0/call-BamToGvcf/VariantCalling/4f5e5eb8-6060-4966-8ad6-2fe9507d7b42/call-MergeVCFs/inputs/1516597263/sorted-ERR3687419_ILMN.hard-filtered.g.vcf.gz INPUT=/cromwell-executions/WholeGenomeGermlineSingleSample/0c205b5c-e940-4d91-84d8-a29a2e6929b0/call-BamToGvcf/VariantCalling/4f5e5eb8-6060-4966-8ad6-2fe9507d7b42/call-MergeVCFs/inputs/-280354096/sorted-ERR3687419_ILMN.hard-filtered.g.vcf.gz INPUT=/cromwell-executions/WholeGenomeGermlineSingleSample/0c205b5c-e940-4d91-84d8-a29a2e6929b0/call-BamToGvcf/VariantCalling/4f5e5eb8-6060-4966-8ad6-2fe9507d7b42/call-MergeVCFs/inputs/-2077305455/sorted-ERR3687419_ILMN.hard-filtered.g.vcf.gz INPUT=/cromwell-executions/WholeGenomeGermlineSingleSample/0c205b5c-e940-4d91-84d8-a29a2e6929b0/call-BamToGvcf/VariantCalling/4f5e5eb8-6060-4966-8ad6-2fe9507d7b42/call-MergeVCFs/inputs/420710482/sorted-ERR3687419_ILMN.hard-filtered.g.vcf.gz INPUT=/cromwell-executions/WholeGenomeGermlineSingleSample/0c205b5c-e940-4d91-84d8-a29a2e6929b0/call-BamToGvcf/VariantCalling/4f5e5eb8-6060-4966-8ad6-2fe9507d7b42/call-MergeVCFs/inputs/-1376240877/sorted-ERR3687419_ILMN.hard-filtered.g.vcf.gz INPUT=/cromwell-executions/WholeGenomeGermlineSingleSample/0c205b5c-e940-4d91-84d8-a29a2e6929b0/call-BamToGvcf/VariantCalling/4f5e5eb8-6060-4966-8ad6-2fe9507d7b42/call-MergeVCFs/inputs/1121775060/sorted-ERR3687419_ILMN.hard-filtered.g.vcf.gz INPUT=/cromwell-executions/WholeGenomeGermlineSingleSample/0c205b5c-e940-4d91-84d8-a29a2e6929b0/call-BamToGvcf/VariantCalling/4f5e5eb8-6060-4966-8ad6-2fe9507d7b42/call-MergeVCFs/inputs/-675176299/sorted-ERR3687419_ILMN.hard-filtered.g.vcf.gz INPUT=/cromwell-executions/WholeGenomeGermlineSingleSample/0c205b5c-e940-4d91-84d8-a29a2e6929b0/call-BamToGvcf/VariantCalling/4f5e5eb8-6060-4966-8ad6-2fe9507d7b42/call-MergeVCFs/inputs/1822839638/sorted-ERR3687419_ILMN.hard-filtered.g.vcf.gz INPUT=/cromwell-executions/WholeGenomeGermlineSingleSample/0c205b5c-e940-4d91-84d8-a29a2e6929b0/call-BamToGvcf/VariantCalling/4f5e5eb8-6060-4966-8ad6-2fe9507d7b42/call-MergeVCFs/inputs/25888279/sorted-ERR3687419_ILMN.hard-filtered.g.vcf.gz INPUT=/cromwell-executions/WholeGenomeGermlineSingleSample/0c205b5c-e940-4d91-84d8-a29a2e6929b0/call-BamToGvcf/VariantCalling/4f5e5eb8-6060-4966-8ad6-2fe9507d7b42/call-MergeVCFs/inputs/-1771063080/sorted-ERR3687419_ILMN.hard-filtered.g.vcf.gz \
  OUTPUT=sorted-ERR3687419_ILMN_wggss_dragen_max_qual_01.hard-filtered.g.vcf.gz[0m
rm -f /mnt/nas1/projects/lasr/blendseq/warp-pipelines/warp-gatk-germline-single-sample-pipeline-master/tmp/7024769096287923/cromwell-executions/WholeGenomeGermlineSingleSample/0c205b5c-e940-4d91-84d8-a29a2e6929b0/call-BamToGvcf/VariantCalling/4f5e5eb8-6060-4966-8ad6-2fe9507d7b42/call-MergeVCFs/execution/docker_cid
# run as in the original configuration without --rm flag (will remove later)
docker run \
  --cidfile /mnt/nas1/projects/lasr/blendseq/warp-pipelines/warp-gatk-germline-single-sample-pipeline-master/tmp/7024769096287923/cromwell-executions/WholeGenomeGermlineSingleSample/0c205b5c-e940-4d91-84d8-a29a2e6929b0/call-BamToGvcf/VariantCalling/4f5e5eb8-6060-4966-8ad6-2fe9507d7b42/call-MergeVCFs/execution/docker_cid \
  -i \
  --user 1027:1028 \
  --cpus="64" \
  --memory="204800M" \
  --entrypoint /bin/bash \
  -v /mnt/nas1/projects/lasr/blendseq/warp-pipelines/warp-gatk-germline-single-sample-pipeline-master/tmp/7024769096287923/cromwell-executions/WholeGenomeGermlineSingleSample/0c205b5c-e940-4d91-84d8-a29a2e6929b0/call-BamToGvcf/VariantCalling/4f5e5eb8-6060-4966-8ad6-2fe9507d7b42/call-MergeVCFs:/cromwell-executions/WholeGenomeGermlineSingleSample/0c205b5c-e940-4d91-84d8-a29a2e6929b0/call-BamToGvcf/VariantCalling/4f5e5eb8-6060-4966-8ad6-2fe9507d7b42/call-MergeVCFs \
  us.gcr.io/broad-gotc-prod/picard-cloud@sha256:e5ad5339080c3107c04e4a4d000b8ab06f472b77019debc3ff75499d28995b0c /cromwell-executions/WholeGenomeGermlineSingleSample/0c205b5c-e940-4d91-84d8-a29a2e6929b0/call-BamToGvcf/VariantCalling/4f5e5eb8-6060-4966-8ad6-2fe9507d7b42/call-MergeVCFs/execution/script

# get the return code (working even if the container was detached)
rc=$(docker wait [38;5;5mcat /mnt/nas1/projects/lasr/blendseq/warp-pipelines/warp-gatk-germline-single-sample-pipeline-master/tmp/7024769096287923/cromwell-executions/WholeGenomeGermlineSingleSample/0c205b5c-e940-4d91-84d8-a29a2e6929b0/call-BamToGvcf/VariantCalling/4f5e5eb8-6060-4966-8ad6-2fe9507d7b42/call-MergeVCFs/execution/docker_cid[0m)

# remove the container after waiting
docker rm [38;5;5mcat /mnt/nas1/projects/lasr/blendseq/warp-pipelines/warp-gatk-germline-single-sample-pipeline-master/tmp/7024769096287923/cromwell-executions/WholeGenomeGermlineSingleSample/0c205b5c-e940-4d91-84d8-a29a2e6929b0/call-BamToGvcf/VariantCalling/4f5e5eb8-6060-4966-8ad6-2fe9507d7b42/call-MergeVCFs/execution/docker_cid[0m

# return exit code
exit $rc

# Job ReblockGVCF 

# We can't always assume the index was located with the gvcf, so make a link so that the paths look the same
# Use bash basename instead of WDL to support DRS: https://support.terra.bio/hc/en-us/community/posts/4405396480027
ln -s /cromwell-executions/WholeGenomeGermlineSingleSample/0c205b5c-e940-4d91-84d8-a29a2e6929b0/call-BamToGvcf/VariantCalling/4f5e5eb8-6060-4966-8ad6-2fe9507d7b42/call-Reblock/inputs/-1895845290/sorted-ERR3687419_ILMN_wggss_dragen_max_qual_01.hard-filtered.g.vcf.gz $(basename /cromwell-executions/WholeGenomeGermlineSingleSample/0c205b5c-e940-4d91-84d8-a29a2e6929b0/call-BamToGvcf/VariantCalling/4f5e5eb8-6060-4966-8ad6-2fe9507d7b42/call-Reblock/inputs/-1895845290/sorted-ERR3687419_ILMN_wggss_dragen_max_qual_01.hard-filtered.g.vcf.gz)
ln -s /cromwell-executions/WholeGenomeGermlineSingleSample/0c205b5c-e940-4d91-84d8-a29a2e6929b0/call-BamToGvcf/VariantCalling/4f5e5eb8-6060-4966-8ad6-2fe9507d7b42/call-Reblock/inputs/-1895845290/sorted-ERR3687419_ILMN_wggss_dragen_max_qual_01.hard-filtered.g.vcf.gz.tbi $(basename /cromwell-executions/WholeGenomeGermlineSingleSample/0c205b5c-e940-4d91-84d8-a29a2e6929b0/call-BamToGvcf/VariantCalling/4f5e5eb8-6060-4966-8ad6-2fe9507d7b42/call-Reblock/inputs/-1895845290/sorted-ERR3687419_ILMN_wggss_dragen_max_qual_01.hard-filtered.g.vcf.gz.tbi)

gatk --java-options "-Xms3000m -Xmx3000m" \
  ReblockGVCF \
  -R /cromwell-executions/WholeGenomeGermlineSingleSample/0c205b5c-e940-4d91-84d8-a29a2e6929b0/call-BamToGvcf/VariantCalling/4f5e5eb8-6060-4966-8ad6-2fe9507d7b42/call-Reblock/inputs/-1569105944/Homo_sapiens_assembly38_masked.fasta \
  -V $(basename /cromwell-executions/WholeGenomeGermlineSingleSample/0c205b5c-e940-4d91-84d8-a29a2e6929b0/call-BamToGvcf/VariantCalling/4f5e5eb8-6060-4966-8ad6-2fe9507d7b42/call-Reblock/inputs/-1895845290/sorted-ERR3687419_ILMN_wggss_dragen_max_qual_01.hard-filtered.g.vcf.gz) \
  -do-qual-approx \
  --floor-blocks -GQB 20 -GQB 30 -GQB 40 \
   \
   \
   \
   \
  -O sorted-ERR3687419_ILMN_wggss_dragen_max_qual_01.hard-filtered.rb.g.vcf.gz[0m
rm -f /mnt/nas1/projects/lasr/blendseq/warp-pipelines/warp-gatk-germline-single-sample-pipeline-master/tmp/7024769096287923/cromwell-executions/WholeGenomeGermlineSingleSample/0c205b5c-e940-4d91-84d8-a29a2e6929b0/call-BamToGvcf/VariantCalling/4f5e5eb8-6060-4966-8ad6-2fe9507d7b42/call-Reblock/execution/docker_cid
# run as in the original configuration without --rm flag (will remove later)
docker run \
  --cidfile /mnt/nas1/projects/lasr/blendseq/warp-pipelines/warp-gatk-germline-single-sample-pipeline-master/tmp/7024769096287923/cromwell-executions/WholeGenomeGermlineSingleSample/0c205b5c-e940-4d91-84d8-a29a2e6929b0/call-BamToGvcf/VariantCalling/4f5e5eb8-6060-4966-8ad6-2fe9507d7b42/call-Reblock/execution/docker_cid \
  -i \
  --user 1027:1028 \
  --cpus="64" \
  --memory="204800M" \
  --entrypoint /bin/bash \
  -v /mnt/nas1/projects/lasr/blendseq/warp-pipelines/warp-gatk-germline-single-sample-pipeline-master/tmp/7024769096287923/cromwell-executions/WholeGenomeGermlineSingleSample/0c205b5c-e940-4d91-84d8-a29a2e6929b0/call-BamToGvcf/VariantCalling/4f5e5eb8-6060-4966-8ad6-2fe9507d7b42/call-Reblock:/cromwell-executions/WholeGenomeGermlineSingleSample/0c205b5c-e940-4d91-84d8-a29a2e6929b0/call-BamToGvcf/VariantCalling/4f5e5eb8-6060-4966-8ad6-2fe9507d7b42/call-Reblock \
  us.gcr.io/broad-gatk/gatk@sha256:c88912855b845bd40c6b4bc8f3dd1d4b333ed2549cd3e8386987ee7c0c284f5a /cromwell-executions/WholeGenomeGermlineSingleSample/0c205b5c-e940-4d91-84d8-a29a2e6929b0/call-BamToGvcf/VariantCalling/4f5e5eb8-6060-4966-8ad6-2fe9507d7b42/call-Reblock/execution/script

# get the return code (working even if the container was detached)
rc=$(docker wait [38;5;5mcat /mnt/nas1/projects/lasr/blendseq/warp-pipelines/warp-gatk-germline-single-sample-pipeline-master/tmp/7024769096287923/cromwell-executions/WholeGenomeGermlineSingleSample/0c205b5c-e940-4d91-84d8-a29a2e6929b0/call-BamToGvcf/VariantCalling/4f5e5eb8-6060-4966-8ad6-2fe9507d7b42/call-Reblock/execution/docker_cid[0m)

# remove the container after waiting
docker rm [38;5;5mcat /mnt/nas1/projects/lasr/blendseq/warp-pipelines/warp-gatk-germline-single-sample-pipeline-master/tmp/7024769096287923/cromwell-executions/WholeGenomeGermlineSingleSample/0c205b5c-e940-4d91-84d8-a29a2e6929b0/call-BamToGvcf/VariantCalling/4f5e5eb8-6060-4966-8ad6-2fe9507d7b42/call-Reblock/execution/docker_cid[0m

# return exit code
exit $rc

# Job VcfToIntervalList

if [ true == "false" ]; then
  # We can't always assume the index was located with the vcf, so make a link so that the paths look the same
  # Use bash basename instead of WDL to support DRS: https://support.terra.bio/hc/en-us/community/posts/4405396480027
  ln -s /cromwell-executions/WholeGenomeGermlineSingleSample/0c205b5c-e940-4d91-84d8-a29a2e6929b0/call-BamToGvcf/VariantCalling/4f5e5eb8-6060-4966-8ad6-2fe9507d7b42/call-ValidateVCF/inputs/-790663736/wgs_calling_regions.hg38.interval_list $(basename /cromwell-executions/WholeGenomeGermlineSingleSample/0c205b5c-e940-4d91-84d8-a29a2e6929b0/call-BamToGvcf/VariantCalling/4f5e5eb8-6060-4966-8ad6-2fe9507d7b42/call-ValidateVCF/inputs/-790663736/wgs_calling_regions.hg38.interval_list)
  ln -s  $(basename )
  gatk --java-options "-Xms5000m -Xmx5000m" \
    VcfToIntervalList -I $(basename /cromwell-executions/WholeGenomeGermlineSingleSample/0c205b5c-e940-4d91-84d8-a29a2e6929b0/call-BamToGvcf/VariantCalling/4f5e5eb8-6060-4966-8ad6-2fe9507d7b42/call-ValidateVCF/inputs/-790663736/wgs_calling_regions.hg38.interval_list) -O intervals_from_gvcf.interval_list --VARIANT_ID_METHOD USE_FIRST
  INTERVALS="intervals_from_gvcf.interval_list"
else
  INTERVALS="/cromwell-executions/WholeGenomeGermlineSingleSample/0c205b5c-e940-4d91-84d8-a29a2e6929b0/call-BamToGvcf/VariantCalling/4f5e5eb8-6060-4966-8ad6-2fe9507d7b42/call-ValidateVCF/inputs/-790663736/wgs_calling_regions.hg38.interval_list"
fi

# Job ValidateVariants

gatk --java-options "-Xms5000m -Xmx5000m" \
  ValidateVariants \
  -V /cromwell-executions/WholeGenomeGermlineSingleSample/0c205b5c-e940-4d91-84d8-a29a2e6929b0/call-BamToGvcf/VariantCalling/4f5e5eb8-6060-4966-8ad6-2fe9507d7b42/call-ValidateVCF/inputs/-1837278018/sorted-ERR3687419_ILMN_wggss_dragen_max_qual_01.hard-filtered.rb.g.vcf.gz \
  -R /cromwell-executions/WholeGenomeGermlineSingleSample/0c205b5c-e940-4d91-84d8-a29a2e6929b0/call-BamToGvcf/VariantCalling/4f5e5eb8-6060-4966-8ad6-2fe9507d7b42/call-ValidateVCF/inputs/-1569105944/Homo_sapiens_assembly38_masked.fasta \
  -L $INTERVALS \
  -gvcf \
  --validation-type-to-exclude ALLELES \
  --dbsnp /cromwell-executions/WholeGenomeGermlineSingleSample/0c205b5c-e940-4d91-84d8-a29a2e6929b0/call-BamToGvcf/VariantCalling/4f5e5eb8-6060-4966-8ad6-2fe9507d7b42/call-ValidateVCF/inputs/-1696015072/Homo_sapiens_assembly38.dbsnp138.vcf \
  --no-overlaps[0m
rm -f /mnt/nas1/projects/lasr/blendseq/warp-pipelines/warp-gatk-germline-single-sample-pipeline-master/tmp/7024769096287923/cromwell-executions/WholeGenomeGermlineSingleSample/0c205b5c-e940-4d91-84d8-a29a2e6929b0/call-BamToGvcf/VariantCalling/4f5e5eb8-6060-4966-8ad6-2fe9507d7b42/call-ValidateVCF/execution/docker_cid
# run as in the original configuration without --rm flag (will remove later)
docker run \
  --cidfile /mnt/nas1/projects/lasr/blendseq/warp-pipelines/warp-gatk-germline-single-sample-pipeline-master/tmp/7024769096287923/cromwell-executions/WholeGenomeGermlineSingleSample/0c205b5c-e940-4d91-84d8-a29a2e6929b0/call-BamToGvcf/VariantCalling/4f5e5eb8-6060-4966-8ad6-2fe9507d7b42/call-ValidateVCF/execution/docker_cid \
  -i \
  --user 1027:1028 \
  --cpus="64" \
  --memory="204800M" \
  --entrypoint /bin/bash \
  -v /mnt/nas1/projects/lasr/blendseq/warp-pipelines/warp-gatk-germline-single-sample-pipeline-master/tmp/7024769096287923/cromwell-executions/WholeGenomeGermlineSingleSample/0c205b5c-e940-4d91-84d8-a29a2e6929b0/call-BamToGvcf/VariantCalling/4f5e5eb8-6060-4966-8ad6-2fe9507d7b42/call-ValidateVCF:/cromwell-executions/WholeGenomeGermlineSingleSample/0c205b5c-e940-4d91-84d8-a29a2e6929b0/call-BamToGvcf/VariantCalling/4f5e5eb8-6060-4966-8ad6-2fe9507d7b42/call-ValidateVCF \
  us.gcr.io/broad-gatk/gatk@sha256:c88912855b845bd40c6b4bc8f3dd1d4b333ed2549cd3e8386987ee7c0c284f5a /cromwell-executions/WholeGenomeGermlineSingleSample/0c205b5c-e940-4d91-84d8-a29a2e6929b0/call-BamToGvcf/VariantCalling/4f5e5eb8-6060-4966-8ad6-2fe9507d7b42/call-ValidateVCF/execution/script

# get the return code (working even if the container was detached)
rc=$(docker wait [38;5;5mcat /mnt/nas1/projects/lasr/blendseq/warp-pipelines/warp-gatk-germline-single-sample-pipeline-master/tmp/7024769096287923/cromwell-executions/WholeGenomeGermlineSingleSample/0c205b5c-e940-4d91-84d8-a29a2e6929b0/call-BamToGvcf/VariantCalling/4f5e5eb8-6060-4966-8ad6-2fe9507d7b42/call-ValidateVCF/execution/docker_cid[0m)

# remove the container after waiting
docker rm [38;5;5mcat /mnt/nas1/projects/lasr/blendseq/warp-pipelines/warp-gatk-germline-single-sample-pipeline-master/tmp/7024769096287923/cromwell-executions/WholeGenomeGermlineSingleSample/0c205b5c-e940-4d91-84d8-a29a2e6929b0/call-BamToGvcf/VariantCalling/4f5e5eb8-6060-4966-8ad6-2fe9507d7b42/call-ValidateVCF/execution/docker_cid[0m

# return exit code
exit $rc

# Job CollectVariantCallingMetrics

  CollectVariantCallingMetrics \
  INPUT=/cromwell-executions/WholeGenomeGermlineSingleSample/0c205b5c-e940-4d91-84d8-a29a2e6929b0/call-BamToGvcf/VariantCalling/4f5e5eb8-6060-4966-8ad6-2fe9507d7b42/call-CollectVariantCallingMetrics/inputs/-1837278018/sorted-ERR3687419_ILMN_wggss_dragen_max_qual_01.hard-filtered.rb.g.vcf.gz \
  OUTPUT=sorted-ERR3687419_ILMN_wggss_dragen_max_qual_01 \
  DBSNP=/cromwell-executions/WholeGenomeGermlineSingleSample/0c205b5c-e940-4d91-84d8-a29a2e6929b0/call-BamToGvcf/VariantCalling/4f5e5eb8-6060-4966-8ad6-2fe9507d7b42/call-CollectVariantCallingMetrics/inputs/-1696015072/Homo_sapiens_assembly38.dbsnp138.vcf \
  SEQUENCE_DICTIONARY=/cromwell-executions/WholeGenomeGermlineSingleSample/0c205b5c-e940-4d91-84d8-a29a2e6929b0/call-BamToGvcf/VariantCalling/4f5e5eb8-6060-4966-8ad6-2fe9507d7b42/call-CollectVariantCallingMetrics/inputs/-1569105944/Homo_sapiens_assembly38_masked.dict \
  TARGET_INTERVALS=/cromwell-executions/WholeGenomeGermlineSingleSample/0c205b5c-e940-4d91-84d8-a29a2e6929b0/call-BamToGvcf/VariantCalling/4f5e5eb8-6060-4966-8ad6-2fe9507d7b42/call-CollectVariantCallingMetrics/inputs/-790663736/wgs_evaluation_regions.hg38.interval_list \
  GVCF_INPUT=true[0m
rm -f /mnt/nas1/projects/lasr/blendseq/warp-pipelines/warp-gatk-germline-single-sample-pipeline-master/tmp/7024769096287923/cromwell-executions/WholeGenomeGermlineSingleSample/0c205b5c-e940-4d91-84d8-a29a2e6929b0/call-BamToGvcf/VariantCalling/4f5e5eb8-6060-4966-8ad6-2fe9507d7b42/call-CollectVariantCallingMetrics/execution/docker_cid
# run as in the original configuration without --rm flag (will remove later)
docker run \
  --cidfile /mnt/nas1/projects/lasr/blendseq/warp-pipelines/warp-gatk-germline-single-sample-pipeline-master/tmp/7024769096287923/cromwell-executions/WholeGenomeGermlineSingleSample/0c205b5c-e940-4d91-84d8-a29a2e6929b0/call-BamToGvcf/VariantCalling/4f5e5eb8-6060-4966-8ad6-2fe9507d7b42/call-CollectVariantCallingMetrics/execution/docker_cid \
  -i \
  --user 1027:1028 \
  --cpus="64" \
  --memory="204800M" \
  --entrypoint /bin/bash \
  -v /mnt/nas1/projects/lasr/blendseq/warp-pipelines/warp-gatk-germline-single-sample-pipeline-master/tmp/7024769096287923/cromwell-executions/WholeGenomeGermlineSingleSample/0c205b5c-e940-4d91-84d8-a29a2e6929b0/call-BamToGvcf/VariantCalling/4f5e5eb8-6060-4966-8ad6-2fe9507d7b42/call-CollectVariantCallingMetrics:/cromwell-executions/WholeGenomeGermlineSingleSample/0c205b5c-e940-4d91-84d8-a29a2e6929b0/call-BamToGvcf/VariantCalling/4f5e5eb8-6060-4966-8ad6-2fe9507d7b42/call-CollectVariantCallingMetrics \
  us.gcr.io/broad-gotc-prod/picard-cloud@sha256:e5ad5339080c3107c04e4a4d000b8ab06f472b77019debc3ff75499d28995b0c /cromwell-executions/WholeGenomeGermlineSingleSample/0c205b5c-e940-4d91-84d8-a29a2e6929b0/call-BamToGvcf/VariantCalling/4f5e5eb8-6060-4966-8ad6-2fe9507d7b42/call-CollectVariantCallingMetrics/execution/script

# get the return code (working even if the container was detached)
rc=$(docker wait [38;5;5mcat /mnt/nas1/projects/lasr/blendseq/warp-pipelines/warp-gatk-germline-single-sample-pipeline-master/tmp/7024769096287923/cromwell-executions/WholeGenomeGermlineSingleSample/0c205b5c-e940-4d91-84d8-a29a2e6929b0/call-BamToGvcf/VariantCalling/4f5e5eb8-6060-4966-8ad6-2fe9507d7b42/call-CollectVariantCallingMetrics/execution/docker_cid[0m)

# remove the container after waiting
docker rm [38;5;5mcat /mnt/nas1/projects/lasr/blendseq/warp-pipelines/warp-gatk-germline-single-sample-pipeline-master/tmp/7024769096287923/cromwell-executions/WholeGenomeGermlineSingleSample/0c205b5c-e940-4d91-84d8-a29a2e6929b0/call-BamToGvcf/VariantCalling/4f5e5eb8-6060-4966-8ad6-2fe9507d7b42/call-CollectVariantCallingMetrics/execution/docker_cid[0m

# return exit code
exit $rc
{
  "VariantCalling.output_vcf": "/mnt/nas1/projects/lasr/blendseq/warp-pipelines/warp-gatk-germline-single-sample-pipeline-master/tmp/7024769096287923/cromwell-executions/WholeGenomeGermlineSingleSample/0c205b5c-e940-4d91-84d8-a29a2e6929b0/call-BamToGvcf/VariantCalling/4f5e5eb8-6060-4966-8ad6-2fe9507d7b42/call-Reblock/execution/sorted-ERR3687419_ILMN_wggss_dragen_max_qual_01.hard-filtered.rb.g.vcf.gz",
  "VariantCalling.vcf_summary_metrics": "/mnt/nas1/projects/lasr/blendseq/warp-pipelines/warp-gatk-germline-single-sample-pipeline-master/tmp/7024769096287923/cromwell-executions/WholeGenomeGermlineSingleSample/0c205b5c-e940-4d91-84d8-a29a2e6929b0/call-BamToGvcf/VariantCalling/4f5e5eb8-6060-4966-8ad6-2fe9507d7b42/call-CollectVariantCallingMetrics/execution/sorted-ERR3687419_ILMN_wggss_dragen_max_qual_01.variant_calling_summary_metrics",
  "VariantCalling.bamout_index": null,
  "VariantCalling.bamout": null,
  "VariantCalling.vcf_detail_metrics": "/mnt/nas1/projects/lasr/blendseq/warp-pipelines/warp-gatk-germline-single-sample-pipeline-master/tmp/7024769096287923/cromwell-executions/WholeGenomeGermlineSingleSample/0c205b5c-e940-4d91-84d8-a29a2e6929b0/call-BamToGvcf/VariantCalling/4f5e5eb8-6060-4966-8ad6-2fe9507d7b42/call-CollectVariantCallingMetrics/execution/sorted-ERR3687419_ILMN_wggss_dragen_max_qual_01.variant_calling_detail_metrics",
  "VariantCalling.output_vcf_index": "/mnt/nas1/projects/lasr/blendseq/warp-pipelines/warp-gatk-germline-single-sample-pipeline-master/tmp/7024769096287923/cromwell-executions/WholeGenomeGermlineSingleSample/0c205b5c-e940-4d91-84d8-a29a2e6929b0/call-BamToGvcf/VariantCalling/4f5e5eb8-6060-4966-8ad6-2fe9507d7b42/call-Reblock/execution/sorted-ERR3687419_ILMN_wggss_dragen_max_qual_01.hard-filtered.rb.g.vcf.gz.tbi"
}
{
  "WholeGenomeGermlineSingleSample.unsorted_read_group_quality_by_cycle_metrics": ["/mnt/nas1/projects/lasr/blendseq/warp-pipelines/warp-gatk-germline-single-sample-pipeline-master/tmp/7024769096287923/cromwell-executions/WholeGenomeGermlineSingleSample/0c205b5c-e940-4d91-84d8-a29a2e6929b0/call-UnmappedBamToAlignedBam/UnmappedBamToAlignedBam/b3766e0b-927e-4e59-a50b-50ba61a28af6/call-CollectUnsortedReadgroupBamQualityMetrics/shard-0/execution/sorted-ERR3687419_ILMN.readgroup.quality_by_cycle_metrics"],
  "WholeGenomeGermlineSingleSample.agg_alignment_summary_metrics": "/mnt/nas1/projects/lasr/blendseq/warp-pipelines/warp-gatk-germline-single-sample-pipeline-master/tmp/7024769096287923/cromwell-executions/WholeGenomeGermlineSingleSample/0c205b5c-e940-4d91-84d8-a29a2e6929b0/call-AggregatedBamQC/AggregatedBamQC/d488f2ac-aa29-402d-9439-54f7541f2377/call-CollectAggregationMetrics/execution/sorted-ERR3687419_ILMN.alignment_summary_metrics",
  "WholeGenomeGermlineSingleSample.agg_error_summary_metrics": "/mnt/nas1/projects/lasr/blendseq/warp-pipelines/warp-gatk-germline-single-sample-pipeline-master/tmp/7024769096287923/cromwell-executions/WholeGenomeGermlineSingleSample/0c205b5c-e940-4d91-84d8-a29a2e6929b0/call-AggregatedBamQC/AggregatedBamQC/d488f2ac-aa29-402d-9439-54f7541f2377/call-CollectAggregationMetrics/execution/sorted-ERR3687419_ILMN.error_summary_metrics",
  "WholeGenomeGermlineSingleSample.unsorted_read_group_quality_distribution_metrics": ["/mnt/nas1/projects/lasr/blendseq/warp-pipelines/warp-gatk-germline-single-sample-pipeline-master/tmp/7024769096287923/cromwell-executions/WholeGenomeGermlineSingleSample/0c205b5c-e940-4d91-84d8-a29a2e6929b0/call-UnmappedBamToAlignedBam/UnmappedBamToAlignedBam/b3766e0b-927e-4e59-a50b-50ba61a28af6/call-CollectUnsortedReadgroupBamQualityMetrics/shard-0/execution/sorted-ERR3687419_ILMN.readgroup.quality_distribution_metrics"],
  "WholeGenomeGermlineSingleSample.output_bam_index": null,
  "WholeGenomeGermlineSingleSample.agg_gc_bias_detail_metrics": "/mnt/nas1/projects/lasr/blendseq/warp-pipelines/warp-gatk-germline-single-sample-pipeline-master/tmp/7024769096287923/cromwell-executions/WholeGenomeGermlineSingleSample/0c205b5c-e940-4d91-84d8-a29a2e6929b0/call-AggregatedBamQC/AggregatedBamQC/d488f2ac-aa29-402d-9439-54f7541f2377/call-CollectAggregationMetrics/execution/sorted-ERR3687419_ILMN.gc_bias.detail_metrics",
  "WholeGenomeGermlineSingleSample.agg_gc_bias_pdf": "/mnt/nas1/projects/lasr/blendseq/warp-pipelines/warp-gatk-germline-single-sample-pipeline-master/tmp/7024769096287923/cromwell-executions/WholeGenomeGermlineSingleSample/0c205b5c-e940-4d91-84d8-a29a2e6929b0/call-AggregatedBamQC/AggregatedBamQC/d488f2ac-aa29-402d-9439-54f7541f2377/call-CollectAggregationMetrics/execution/sorted-ERR3687419_ILMN.gc_bias.pdf",
  "WholeGenomeGermlineSingleSample.output_vcf_index": "/mnt/nas1/projects/lasr/blendseq/warp-pipelines/warp-gatk-germline-single-sample-pipeline-master/tmp/7024769096287923/cromwell-executions/WholeGenomeGermlineSingleSample/0c205b5c-e940-4d91-84d8-a29a2e6929b0/call-BamToGvcf/VariantCalling/4f5e5eb8-6060-4966-8ad6-2fe9507d7b42/call-Reblock/execution/sorted-ERR3687419_ILMN_wggss_dragen_max_qual_01.hard-filtered.rb.g.vcf.gz.tbi",
  "WholeGenomeGermlineSingleSample.agg_gc_bias_summary_metrics": "/mnt/nas1/projects/lasr/blendseq/warp-pipelines/warp-gatk-germline-single-sample-pipeline-master/tmp/7024769096287923/cromwell-executions/WholeGenomeGermlineSingleSample/0c205b5c-e940-4d91-84d8-a29a2e6929b0/call-AggregatedBamQC/AggregatedBamQC/d488f2ac-aa29-402d-9439-54f7541f2377/call-CollectAggregationMetrics/execution/sorted-ERR3687419_ILMN.gc_bias.summary_metrics",
  "WholeGenomeGermlineSingleSample.unsorted_read_group_quality_distribution_pdf": ["/mnt/nas1/projects/lasr/blendseq/warp-pipelines/warp-gatk-germline-single-sample-pipeline-master/tmp/7024769096287923/cromwell-executions/WholeGenomeGermlineSingleSample/0c205b5c-e940-4d91-84d8-a29a2e6929b0/call-UnmappedBamToAlignedBam/UnmappedBamToAlignedBam/b3766e0b-927e-4e59-a50b-50ba61a28af6/call-CollectUnsortedReadgroupBamQualityMetrics/shard-0/execution/sorted-ERR3687419_ILMN.readgroup.quality_distribution.pdf"],
  "WholeGenomeGermlineSingleSample.agg_pre_adapter_detail_metrics": "/mnt/nas1/projects/lasr/blendseq/warp-pipelines/warp-gatk-germline-single-sample-pipeline-master/tmp/7024769096287923/cromwell-executions/WholeGenomeGermlineSingleSample/0c205b5c-e940-4d91-84d8-a29a2e6929b0/call-AggregatedBamQC/AggregatedBamQC/d488f2ac-aa29-402d-9439-54f7541f2377/call-CollectAggregationMetrics/execution/sorted-ERR3687419_ILMN.pre_adapter_detail_metrics",
  "WholeGenomeGermlineSingleSample.agg_insert_size_metrics": "/mnt/nas1/projects/lasr/blendseq/warp-pipelines/warp-gatk-germline-single-sample-pipeline-master/tmp/7024769096287923/cromwell-executions/WholeGenomeGermlineSingleSample/0c205b5c-e940-4d91-84d8-a29a2e6929b0/call-AggregatedBamQC/AggregatedBamQC/d488f2ac-aa29-402d-9439-54f7541f2377/call-CollectAggregationMetrics/execution/sorted-ERR3687419_ILMN.insert_size_metrics",
  "WholeGenomeGermlineSingleSample.read_group_alignment_summary_metrics": "/mnt/nas1/projects/lasr/blendseq/warp-pipelines/warp-gatk-germline-single-sample-pipeline-master/tmp/7024769096287923/cromwell-executions/WholeGenomeGermlineSingleSample/0c205b5c-e940-4d91-84d8-a29a2e6929b0/call-AggregatedBamQC/AggregatedBamQC/d488f2ac-aa29-402d-9439-54f7541f2377/call-CollectReadgroupBamQualityMetrics/execution/sorted-ERR3687419_ILMN.readgroup.alignment_summary_metrics",
  "WholeGenomeGermlineSingleSample.unsorted_read_group_insert_size_metrics": ["/mnt/nas1/projects/lasr/blendseq/warp-pipelines/warp-gatk-germline-single-sample-pipeline-master/tmp/7024769096287923/cromwell-executions/WholeGenomeGermlineSingleSample/0c205b5c-e940-4d91-84d8-a29a2e6929b0/call-UnmappedBamToAlignedBam/UnmappedBamToAlignedBam/b3766e0b-927e-4e59-a50b-50ba61a28af6/call-CollectUnsortedReadgroupBamQualityMetrics/shard-0/execution/sorted-ERR3687419_ILMN.readgroup.insert_size_metrics"],
  "WholeGenomeGermlineSingleSample.output_cram_md5": "/mnt/nas1/projects/lasr/blendseq/warp-pipelines/warp-gatk-germline-single-sample-pipeline-master/tmp/7024769096287923/cromwell-executions/WholeGenomeGermlineSingleSample/0c205b5c-e940-4d91-84d8-a29a2e6929b0/call-BamToCram/BamToCram/ee0c5233-f0df-4afb-89ff-aeaf54a5f5d5/call-ConvertToCram/execution/sorted-ERR3687419_ILMN.cram.md5",
  "WholeGenomeGermlineSingleSample.cross_check_fingerprints_metrics": "/mnt/nas1/projects/lasr/blendseq/warp-pipelines/warp-gatk-germline-single-sample-pipeline-master/tmp/7024769096287923/cromwell-executions/WholeGenomeGermlineSingleSample/0c205b5c-e940-4d91-84d8-a29a2e6929b0/call-UnmappedBamToAlignedBam/UnmappedBamToAlignedBam/b3766e0b-927e-4e59-a50b-50ba61a28af6/call-CrossCheckFingerprints/execution/sorted-ERR3687419_ILMN.crosscheck",
  "WholeGenomeGermlineSingleSample.duplicate_metrics": "/mnt/nas1/projects/lasr/blendseq/warp-pipelines/warp-gatk-germline-single-sample-pipeline-master/tmp/7024769096287923/cromwell-executions/WholeGenomeGermlineSingleSample/0c205b5c-e940-4d91-84d8-a29a2e6929b0/call-UnmappedBamToAlignedBam/UnmappedBamToAlignedBam/b3766e0b-927e-4e59-a50b-50ba61a28af6/call-MarkDuplicates/execution/sorted-ERR3687419_ILMN.duplicate_metrics",
  "WholeGenomeGermlineSingleSample.unsorted_read_group_base_distribution_by_cycle_metrics": ["/mnt/nas1/projects/lasr/blendseq/warp-pipelines/warp-gatk-germline-single-sample-pipeline-master/tmp/7024769096287923/cromwell-executions/WholeGenomeGermlineSingleSample/0c205b5c-e940-4d91-84d8-a29a2e6929b0/call-UnmappedBamToAlignedBam/UnmappedBamToAlignedBam/b3766e0b-927e-4e59-a50b-50ba61a28af6/call-CollectUnsortedReadgroupBamQualityMetrics/shard-0/execution/sorted-ERR3687419_ILMN.readgroup.base_distribution_by_cycle_metrics"],
  "WholeGenomeGermlineSingleSample.contamination": 9.70584E-9,
  "WholeGenomeGermlineSingleSample.read_group_gc_bias_pdf": "/mnt/nas1/projects/lasr/blendseq/warp-pipelines/warp-gatk-germline-single-sample-pipeline-master/tmp/7024769096287923/cromwell-executions/WholeGenomeGermlineSingleSample/0c205b5c-e940-4d91-84d8-a29a2e6929b0/call-AggregatedBamQC/AggregatedBamQC/d488f2ac-aa29-402d-9439-54f7541f2377/call-CollectReadgroupBamQualityMetrics/execution/sorted-ERR3687419_ILMN.readgroup.gc_bias.pdf",
  "WholeGenomeGermlineSingleSample.gvcf_summary_metrics": "/mnt/nas1/projects/lasr/blendseq/warp-pipelines/warp-gatk-germline-single-sample-pipeline-master/tmp/7024769096287923/cromwell-executions/WholeGenomeGermlineSingleSample/0c205b5c-e940-4d91-84d8-a29a2e6929b0/call-BamToGvcf/VariantCalling/4f5e5eb8-6060-4966-8ad6-2fe9507d7b42/call-CollectVariantCallingMetrics/execution/sorted-ERR3687419_ILMN_wggss_dragen_max_qual_01.variant_calling_summary_metrics",
  "WholeGenomeGermlineSingleSample.raw_wgs_metrics": "/mnt/nas1/projects/lasr/blendseq/warp-pipelines/warp-gatk-germline-single-sample-pipeline-master/tmp/7024769096287923/cromwell-executions/WholeGenomeGermlineSingleSample/0c205b5c-e940-4d91-84d8-a29a2e6929b0/call-CollectRawWgsMetrics/execution/sorted-ERR3687419_ILMN.raw_wgs_metrics",
  "WholeGenomeGermlineSingleSample.output_bam": null,
  "WholeGenomeGermlineSingleSample.agg_quality_distribution_pdf": "/mnt/nas1/projects/lasr/blendseq/warp-pipelines/warp-gatk-germline-single-sample-pipeline-master/tmp/7024769096287923/cromwell-executions/WholeGenomeGermlineSingleSample/0c205b5c-e940-4d91-84d8-a29a2e6929b0/call-AggregatedBamQC/AggregatedBamQC/d488f2ac-aa29-402d-9439-54f7541f2377/call-CollectAggregationMetrics/execution/sorted-ERR3687419_ILMN.quality_distribution.pdf",
  "WholeGenomeGermlineSingleSample.output_cram": "/mnt/nas1/projects/lasr/blendseq/warp-pipelines/warp-gatk-germline-single-sample-pipeline-master/tmp/7024769096287923/cromwell-executions/WholeGenomeGermlineSingleSample/0c205b5c-e940-4d91-84d8-a29a2e6929b0/call-BamToCram/BamToCram/ee0c5233-f0df-4afb-89ff-aeaf54a5f5d5/call-ConvertToCram/execution/sorted-ERR3687419_ILMN.cram",
  "WholeGenomeGermlineSingleSample.fingerprint_summary_metrics": null,
  "WholeGenomeGermlineSingleSample.agg_pre_adapter_summary_metrics": "/mnt/nas1/projects/lasr/blendseq/warp-pipelines/warp-gatk-germline-single-sample-pipeline-master/tmp/7024769096287923/cromwell-executions/WholeGenomeGermlineSingleSample/0c205b5c-e940-4d91-84d8-a29a2e6929b0/call-AggregatedBamQC/AggregatedBamQC/d488f2ac-aa29-402d-9439-54f7541f2377/call-CollectAggregationMetrics/execution/sorted-ERR3687419_ILMN.pre_adapter_summary_metrics",
  "WholeGenomeGermlineSingleSample.output_vcf": "/mnt/nas1/projects/lasr/blendseq/warp-pipelines/warp-gatk-germline-single-sample-pipeline-master/tmp/7024769096287923/cromwell-executions/WholeGenomeGermlineSingleSample/0c205b5c-e940-4d91-84d8-a29a2e6929b0/call-BamToGvcf/VariantCalling/4f5e5eb8-6060-4966-8ad6-2fe9507d7b42/call-Reblock/execution/sorted-ERR3687419_ILMN_wggss_dragen_max_qual_01.hard-filtered.rb.g.vcf.gz",
  "WholeGenomeGermlineSingleSample.unsorted_read_group_base_distribution_by_cycle_pdf": ["/mnt/nas1/projects/lasr/blendseq/warp-pipelines/warp-gatk-germline-single-sample-pipeline-master/tmp/7024769096287923/cromwell-executions/WholeGenomeGermlineSingleSample/0c205b5c-e940-4d91-84d8-a29a2e6929b0/call-UnmappedBamToAlignedBam/UnmappedBamToAlignedBam/b3766e0b-927e-4e59-a50b-50ba61a28af6/call-CollectUnsortedReadgroupBamQualityMetrics/shard-0/execution/sorted-ERR3687419_ILMN.readgroup.base_distribution_by_cycle.pdf"],
  "WholeGenomeGermlineSingleSample.output_cram_index": "/mnt/nas1/projects/lasr/blendseq/warp-pipelines/warp-gatk-germline-single-sample-pipeline-master/tmp/7024769096287923/cromwell-executions/WholeGenomeGermlineSingleSample/0c205b5c-e940-4d91-84d8-a29a2e6929b0/call-BamToCram/BamToCram/ee0c5233-f0df-4afb-89ff-aeaf54a5f5d5/call-ConvertToCram/execution/sorted-ERR3687419_ILMN.cram.crai",
  "WholeGenomeGermlineSingleSample.gvcf_detail_metrics": "/mnt/nas1/projects/lasr/blendseq/warp-pipelines/warp-gatk-germline-single-sample-pipeline-master/tmp/7024769096287923/cromwell-executions/WholeGenomeGermlineSingleSample/0c205b5c-e940-4d91-84d8-a29a2e6929b0/call-BamToGvcf/VariantCalling/4f5e5eb8-6060-4966-8ad6-2fe9507d7b42/call-CollectVariantCallingMetrics/execution/sorted-ERR3687419_ILMN_wggss_dragen_max_qual_01.variant_calling_detail_metrics",
  "WholeGenomeGermlineSingleSample.calculate_read_group_checksum_md5": "/mnt/nas1/projects/lasr/blendseq/warp-pipelines/warp-gatk-germline-single-sample-pipeline-master/tmp/7024769096287923/cromwell-executions/WholeGenomeGermlineSingleSample/0c205b5c-e940-4d91-84d8-a29a2e6929b0/call-AggregatedBamQC/AggregatedBamQC/d488f2ac-aa29-402d-9439-54f7541f2377/call-CalculateReadGroupChecksum/execution/sorted-ERR3687419_ILMN.aligned.duplicates_marked.recalibrated.bam.read_group_md5",
  "WholeGenomeGermlineSingleSample.read_group_gc_bias_detail_metrics": "/mnt/nas1/projects/lasr/blendseq/warp-pipelines/warp-gatk-germline-single-sample-pipeline-master/tmp/7024769096287923/cromwell-executions/WholeGenomeGermlineSingleSample/0c205b5c-e940-4d91-84d8-a29a2e6929b0/call-AggregatedBamQC/AggregatedBamQC/d488f2ac-aa29-402d-9439-54f7541f2377/call-CollectReadgroupBamQualityMetrics/execution/sorted-ERR3687419_ILMN.readgroup.gc_bias.detail_metrics",
  "WholeGenomeGermlineSingleSample.selfSM": "/mnt/nas1/projects/lasr/blendseq/warp-pipelines/warp-gatk-germline-single-sample-pipeline-master/tmp/7024769096287923/cromwell-executions/WholeGenomeGermlineSingleSample/0c205b5c-e940-4d91-84d8-a29a2e6929b0/call-UnmappedBamToAlignedBam/UnmappedBamToAlignedBam/b3766e0b-927e-4e59-a50b-50ba61a28af6/call-CheckContamination/execution/sorted-ERR3687419_ILMN.preBqsr.selfSM",
  "WholeGenomeGermlineSingleSample.validate_cram_file_report": "/mnt/nas1/projects/lasr/blendseq/warp-pipelines/warp-gatk-germline-single-sample-pipeline-master/tmp/7024769096287923/cromwell-executions/WholeGenomeGermlineSingleSample/0c205b5c-e940-4d91-84d8-a29a2e6929b0/call-BamToCram/BamToCram/ee0c5233-f0df-4afb-89ff-aeaf54a5f5d5/call-ValidateCram/execution/sorted-ERR3687419_ILMN.cram.validation_report",
  "WholeGenomeGermlineSingleSample.unsorted_read_group_insert_size_histogram_pdf": ["/mnt/nas1/projects/lasr/blendseq/warp-pipelines/warp-gatk-germline-single-sample-pipeline-master/tmp/7024769096287923/cromwell-executions/WholeGenomeGermlineSingleSample/0c205b5c-e940-4d91-84d8-a29a2e6929b0/call-UnmappedBamToAlignedBam/UnmappedBamToAlignedBam/b3766e0b-927e-4e59-a50b-50ba61a28af6/call-CollectUnsortedReadgroupBamQualityMetrics/shard-0/execution/sorted-ERR3687419_ILMN.readgroup.insert_size_histogram.pdf"],
  "WholeGenomeGermlineSingleSample.wgs_metrics": "/mnt/nas1/projects/lasr/blendseq/warp-pipelines/warp-gatk-germline-single-sample-pipeline-master/tmp/7024769096287923/cromwell-executions/WholeGenomeGermlineSingleSample/0c205b5c-e940-4d91-84d8-a29a2e6929b0/call-CollectWgsMetrics/execution/sorted-ERR3687419_ILMN.wgs_metrics",
  "WholeGenomeGermlineSingleSample.agg_quality_distribution_metrics": "/mnt/nas1/projects/lasr/blendseq/warp-pipelines/warp-gatk-germline-single-sample-pipeline-master/tmp/7024769096287923/cromwell-executions/WholeGenomeGermlineSingleSample/0c205b5c-e940-4d91-84d8-a29a2e6929b0/call-AggregatedBamQC/AggregatedBamQC/d488f2ac-aa29-402d-9439-54f7541f2377/call-CollectAggregationMetrics/execution/sorted-ERR3687419_ILMN.quality_distribution_metrics",
  "WholeGenomeGermlineSingleSample.agg_bait_bias_summary_metrics": "/mnt/nas1/projects/lasr/blendseq/warp-pipelines/warp-gatk-germline-single-sample-pipeline-master/tmp/7024769096287923/cromwell-executions/WholeGenomeGermlineSingleSample/0c205b5c-e940-4d91-84d8-a29a2e6929b0/call-AggregatedBamQC/AggregatedBamQC/d488f2ac-aa29-402d-9439-54f7541f2377/call-CollectAggregationMetrics/execution/sorted-ERR3687419_ILMN.bait_bias_summary_metrics",
  "WholeGenomeGermlineSingleSample.read_group_gc_bias_summary_metrics": "/mnt/nas1/projects/lasr/blendseq/warp-pipelines/warp-gatk-germline-single-sample-pipeline-master/tmp/7024769096287923/cromwell-executions/WholeGenomeGermlineSingleSample/0c205b5c-e940-4d91-84d8-a29a2e6929b0/call-AggregatedBamQC/AggregatedBamQC/d488f2ac-aa29-402d-9439-54f7541f2377/call-CollectReadgroupBamQualityMetrics/execution/sorted-ERR3687419_ILMN.readgroup.gc_bias.summary_metrics",
  "WholeGenomeGermlineSingleSample.agg_insert_size_histogram_pdf": "/mnt/nas1/projects/lasr/blendseq/warp-pipelines/warp-gatk-germline-single-sample-pipeline-master/tmp/7024769096287923/cromwell-executions/WholeGenomeGermlineSingleSample/0c205b5c-e940-4d91-84d8-a29a2e6929b0/call-AggregatedBamQC/AggregatedBamQC/d488f2ac-aa29-402d-9439-54f7541f2377/call-CollectAggregationMetrics/execution/sorted-ERR3687419_ILMN.insert_size_histogram.pdf",
  "WholeGenomeGermlineSingleSample.agg_bait_bias_detail_metrics": "/mnt/nas1/projects/lasr/blendseq/warp-pipelines/warp-gatk-germline-single-sample-pipeline-master/tmp/7024769096287923/cromwell-executions/WholeGenomeGermlineSingleSample/0c205b5c-e940-4d91-84d8-a29a2e6929b0/call-AggregatedBamQC/AggregatedBamQC/d488f2ac-aa29-402d-9439-54f7541f2377/call-CollectAggregationMetrics/execution/sorted-ERR3687419_ILMN.bait_bias_detail_metrics",
  "WholeGenomeGermlineSingleSample.fingerprint_detail_metrics": null,
  "WholeGenomeGermlineSingleSample.unsorted_read_group_quality_by_cycle_pdf": ["/mnt/nas1/projects/lasr/blendseq/warp-pipelines/warp-gatk-germline-single-sample-pipeline-master/tmp/7024769096287923/cromwell-executions/WholeGenomeGermlineSingleSample/0c205b5c-e940-4d91-84d8-a29a2e6929b0/call-UnmappedBamToAlignedBam/UnmappedBamToAlignedBam/b3766e0b-927e-4e59-a50b-50ba61a28af6/call-CollectUnsortedReadgroupBamQualityMetrics/shard-0/execution/sorted-ERR3687419_ILMN.readgroup.quality_by_cycle.pdf"],
  "WholeGenomeGermlineSingleSample.output_bqsr_reports": null,
  "WholeGenomeGermlineSingleSample.quality_yield_metrics": ["/mnt/nas1/projects/lasr/blendseq/warp-pipelines/warp-gatk-germline-single-sample-pipeline-master/tmp/7024769096287923/cromwell-executions/WholeGenomeGermlineSingleSample/0c205b5c-e940-4d91-84d8-a29a2e6929b0/call-UnmappedBamToAlignedBam/UnmappedBamToAlignedBam/b3766e0b-927e-4e59-a50b-50ba61a28af6/call-CollectQualityYieldMetrics/shard-0/execution/sorted-ERR3687419_ILMN.unmapped.quality_yield_metrics"]
}
{
  "outputs": {
    "WholeGenomeGermlineSingleSample.unsorted_read_group_quality_by_cycle_metrics": ["/mnt/nas1/projects/lasr/blendseq/warp-pipelines/warp-gatk-germline-single-sample-pipeline-master/tmp/7024769096287923/cromwell-executions/WholeGenomeGermlineSingleSample/0c205b5c-e940-4d91-84d8-a29a2e6929b0/call-UnmappedBamToAlignedBam/UnmappedBamToAlignedBam/b3766e0b-927e-4e59-a50b-50ba61a28af6/call-CollectUnsortedReadgroupBamQualityMetrics/shard-0/execution/sorted-ERR3687419_ILMN.readgroup.quality_by_cycle_metrics"],
    "WholeGenomeGermlineSingleSample.agg_alignment_summary_metrics": "/mnt/nas1/projects/lasr/blendseq/warp-pipelines/warp-gatk-germline-single-sample-pipeline-master/tmp/7024769096287923/cromwell-executions/WholeGenomeGermlineSingleSample/0c205b5c-e940-4d91-84d8-a29a2e6929b0/call-AggregatedBamQC/AggregatedBamQC/d488f2ac-aa29-402d-9439-54f7541f2377/call-CollectAggregationMetrics/execution/sorted-ERR3687419_ILMN.alignment_summary_metrics",
    "WholeGenomeGermlineSingleSample.agg_error_summary_metrics": "/mnt/nas1/projects/lasr/blendseq/warp-pipelines/warp-gatk-germline-single-sample-pipeline-master/tmp/7024769096287923/cromwell-executions/WholeGenomeGermlineSingleSample/0c205b5c-e940-4d91-84d8-a29a2e6929b0/call-AggregatedBamQC/AggregatedBamQC/d488f2ac-aa29-402d-9439-54f7541f2377/call-CollectAggregationMetrics/execution/sorted-ERR3687419_ILMN.error_summary_metrics",
    "WholeGenomeGermlineSingleSample.unsorted_read_group_quality_distribution_metrics": ["/mnt/nas1/projects/lasr/blendseq/warp-pipelines/warp-gatk-germline-single-sample-pipeline-master/tmp/7024769096287923/cromwell-executions/WholeGenomeGermlineSingleSample/0c205b5c-e940-4d91-84d8-a29a2e6929b0/call-UnmappedBamToAlignedBam/UnmappedBamToAlignedBam/b3766e0b-927e-4e59-a50b-50ba61a28af6/call-CollectUnsortedReadgroupBamQualityMetrics/shard-0/execution/sorted-ERR3687419_ILMN.readgroup.quality_distribution_metrics"],
    "WholeGenomeGermlineSingleSample.output_bam_index": null,
    "WholeGenomeGermlineSingleSample.agg_gc_bias_detail_metrics": "/mnt/nas1/projects/lasr/blendseq/warp-pipelines/warp-gatk-germline-single-sample-pipeline-master/tmp/7024769096287923/cromwell-executions/WholeGenomeGermlineSingleSample/0c205b5c-e940-4d91-84d8-a29a2e6929b0/call-AggregatedBamQC/AggregatedBamQC/d488f2ac-aa29-402d-9439-54f7541f2377/call-CollectAggregationMetrics/execution/sorted-ERR3687419_ILMN.gc_bias.detail_metrics",
    "WholeGenomeGermlineSingleSample.agg_gc_bias_pdf": "/mnt/nas1/projects/lasr/blendseq/warp-pipelines/warp-gatk-germline-single-sample-pipeline-master/tmp/7024769096287923/cromwell-executions/WholeGenomeGermlineSingleSample/0c205b5c-e940-4d91-84d8-a29a2e6929b0/call-AggregatedBamQC/AggregatedBamQC/d488f2ac-aa29-402d-9439-54f7541f2377/call-CollectAggregationMetrics/execution/sorted-ERR3687419_ILMN.gc_bias.pdf",
    "WholeGenomeGermlineSingleSample.output_vcf_index": "/mnt/nas1/projects/lasr/blendseq/warp-pipelines/warp-gatk-germline-single-sample-pipeline-master/tmp/7024769096287923/cromwell-executions/WholeGenomeGermlineSingleSample/0c205b5c-e940-4d91-84d8-a29a2e6929b0/call-BamToGvcf/VariantCalling/4f5e5eb8-6060-4966-8ad6-2fe9507d7b42/call-Reblock/execution/sorted-ERR3687419_ILMN_wggss_dragen_max_qual_01.hard-filtered.rb.g.vcf.gz.tbi",
    "WholeGenomeGermlineSingleSample.agg_gc_bias_summary_metrics": "/mnt/nas1/projects/lasr/blendseq/warp-pipelines/warp-gatk-germline-single-sample-pipeline-master/tmp/7024769096287923/cromwell-executions/WholeGenomeGermlineSingleSample/0c205b5c-e940-4d91-84d8-a29a2e6929b0/call-AggregatedBamQC/AggregatedBamQC/d488f2ac-aa29-402d-9439-54f7541f2377/call-CollectAggregationMetrics/execution/sorted-ERR3687419_ILMN.gc_bias.summary_metrics",
    "WholeGenomeGermlineSingleSample.unsorted_read_group_quality_distribution_pdf": ["/mnt/nas1/projects/lasr/blendseq/warp-pipelines/warp-gatk-germline-single-sample-pipeline-master/tmp/7024769096287923/cromwell-executions/WholeGenomeGermlineSingleSample/0c205b5c-e940-4d91-84d8-a29a2e6929b0/call-UnmappedBamToAlignedBam/UnmappedBamToAlignedBam/b3766e0b-927e-4e59-a50b-50ba61a28af6/call-CollectUnsortedReadgroupBamQualityMetrics/shard-0/execution/sorted-ERR3687419_ILMN.readgroup.quality_distribution.pdf"],
    "WholeGenomeGermlineSingleSample.agg_pre_adapter_detail_metrics": "/mnt/nas1/projects/lasr/blendseq/warp-pipelines/warp-gatk-germline-single-sample-pipeline-master/tmp/7024769096287923/cromwell-executions/WholeGenomeGermlineSingleSample/0c205b5c-e940-4d91-84d8-a29a2e6929b0/call-AggregatedBamQC/AggregatedBamQC/d488f2ac-aa29-402d-9439-54f7541f2377/call-CollectAggregationMetrics/execution/sorted-ERR3687419_ILMN.pre_adapter_detail_metrics",
    "WholeGenomeGermlineSingleSample.agg_insert_size_metrics": "/mnt/nas1/projects/lasr/blendseq/warp-pipelines/warp-gatk-germline-single-sample-pipeline-master/tmp/7024769096287923/cromwell-executions/WholeGenomeGermlineSingleSample/0c205b5c-e940-4d91-84d8-a29a2e6929b0/call-AggregatedBamQC/AggregatedBamQC/d488f2ac-aa29-402d-9439-54f7541f2377/call-CollectAggregationMetrics/execution/sorted-ERR3687419_ILMN.insert_size_metrics",
    "WholeGenomeGermlineSingleSample.read_group_alignment_summary_metrics": "/mnt/nas1/projects/lasr/blendseq/warp-pipelines/warp-gatk-germline-single-sample-pipeline-master/tmp/7024769096287923/cromwell-executions/WholeGenomeGermlineSingleSample/0c205b5c-e940-4d91-84d8-a29a2e6929b0/call-AggregatedBamQC/AggregatedBamQC/d488f2ac-aa29-402d-9439-54f7541f2377/call-CollectReadgroupBamQualityMetrics/execution/sorted-ERR3687419_ILMN.readgroup.alignment_summary_metrics",
    "WholeGenomeGermlineSingleSample.unsorted_read_group_insert_size_metrics": ["/mnt/nas1/projects/lasr/blendseq/warp-pipelines/warp-gatk-germline-single-sample-pipeline-master/tmp/7024769096287923/cromwell-executions/WholeGenomeGermlineSingleSample/0c205b5c-e940-4d91-84d8-a29a2e6929b0/call-UnmappedBamToAlignedBam/UnmappedBamToAlignedBam/b3766e0b-927e-4e59-a50b-50ba61a28af6/call-CollectUnsortedReadgroupBamQualityMetrics/shard-0/execution/sorted-ERR3687419_ILMN.readgroup.insert_size_metrics"],
    "WholeGenomeGermlineSingleSample.output_cram_md5": "/mnt/nas1/projects/lasr/blendseq/warp-pipelines/warp-gatk-germline-single-sample-pipeline-master/tmp/7024769096287923/cromwell-executions/WholeGenomeGermlineSingleSample/0c205b5c-e940-4d91-84d8-a29a2e6929b0/call-BamToCram/BamToCram/ee0c5233-f0df-4afb-89ff-aeaf54a5f5d5/call-ConvertToCram/execution/sorted-ERR3687419_ILMN.cram.md5",
    "WholeGenomeGermlineSingleSample.cross_check_fingerprints_metrics": "/mnt/nas1/projects/lasr/blendseq/warp-pipelines/warp-gatk-germline-single-sample-pipeline-master/tmp/7024769096287923/cromwell-executions/WholeGenomeGermlineSingleSample/0c205b5c-e940-4d91-84d8-a29a2e6929b0/call-UnmappedBamToAlignedBam/UnmappedBamToAlignedBam/b3766e0b-927e-4e59-a50b-50ba61a28af6/call-CrossCheckFingerprints/execution/sorted-ERR3687419_ILMN.crosscheck",
    "WholeGenomeGermlineSingleSample.duplicate_metrics": "/mnt/nas1/projects/lasr/blendseq/warp-pipelines/warp-gatk-germline-single-sample-pipeline-master/tmp/7024769096287923/cromwell-executions/WholeGenomeGermlineSingleSample/0c205b5c-e940-4d91-84d8-a29a2e6929b0/call-UnmappedBamToAlignedBam/UnmappedBamToAlignedBam/b3766e0b-927e-4e59-a50b-50ba61a28af6/call-MarkDuplicates/execution/sorted-ERR3687419_ILMN.duplicate_metrics",
    "WholeGenomeGermlineSingleSample.unsorted_read_group_base_distribution_by_cycle_metrics": ["/mnt/nas1/projects/lasr/blendseq/warp-pipelines/warp-gatk-germline-single-sample-pipeline-master/tmp/7024769096287923/cromwell-executions/WholeGenomeGermlineSingleSample/0c205b5c-e940-4d91-84d8-a29a2e6929b0/call-UnmappedBamToAlignedBam/UnmappedBamToAlignedBam/b3766e0b-927e-4e59-a50b-50ba61a28af6/call-CollectUnsortedReadgroupBamQualityMetrics/shard-0/execution/sorted-ERR3687419_ILMN.readgroup.base_distribution_by_cycle_metrics"],
    "WholeGenomeGermlineSingleSample.contamination": 9.70584E-9,
    "WholeGenomeGermlineSingleSample.read_group_gc_bias_pdf": "/mnt/nas1/projects/lasr/blendseq/warp-pipelines/warp-gatk-germline-single-sample-pipeline-master/tmp/7024769096287923/cromwell-executions/WholeGenomeGermlineSingleSample/0c205b5c-e940-4d91-84d8-a29a2e6929b0/call-AggregatedBamQC/AggregatedBamQC/d488f2ac-aa29-402d-9439-54f7541f2377/call-CollectReadgroupBamQualityMetrics/execution/sorted-ERR3687419_ILMN.readgroup.gc_bias.pdf",
    "WholeGenomeGermlineSingleSample.gvcf_summary_metrics": "/mnt/nas1/projects/lasr/blendseq/warp-pipelines/warp-gatk-germline-single-sample-pipeline-master/tmp/7024769096287923/cromwell-executions/WholeGenomeGermlineSingleSample/0c205b5c-e940-4d91-84d8-a29a2e6929b0/call-BamToGvcf/VariantCalling/4f5e5eb8-6060-4966-8ad6-2fe9507d7b42/call-CollectVariantCallingMetrics/execution/sorted-ERR3687419_ILMN_wggss_dragen_max_qual_01.variant_calling_summary_metrics",
    "WholeGenomeGermlineSingleSample.raw_wgs_metrics": "/mnt/nas1/projects/lasr/blendseq/warp-pipelines/warp-gatk-germline-single-sample-pipeline-master/tmp/7024769096287923/cromwell-executions/WholeGenomeGermlineSingleSample/0c205b5c-e940-4d91-84d8-a29a2e6929b0/call-CollectRawWgsMetrics/execution/sorted-ERR3687419_ILMN.raw_wgs_metrics",
    "WholeGenomeGermlineSingleSample.output_bam": null,
    "WholeGenomeGermlineSingleSample.agg_quality_distribution_pdf": "/mnt/nas1/projects/lasr/blendseq/warp-pipelines/warp-gatk-germline-single-sample-pipeline-master/tmp/7024769096287923/cromwell-executions/WholeGenomeGermlineSingleSample/0c205b5c-e940-4d91-84d8-a29a2e6929b0/call-AggregatedBamQC/AggregatedBamQC/d488f2ac-aa29-402d-9439-54f7541f2377/call-CollectAggregationMetrics/execution/sorted-ERR3687419_ILMN.quality_distribution.pdf",
    "WholeGenomeGermlineSingleSample.output_cram": "/mnt/nas1/projects/lasr/blendseq/warp-pipelines/warp-gatk-germline-single-sample-pipeline-master/tmp/7024769096287923/cromwell-executions/WholeGenomeGermlineSingleSample/0c205b5c-e940-4d91-84d8-a29a2e6929b0/call-BamToCram/BamToCram/ee0c5233-f0df-4afb-89ff-aeaf54a5f5d5/call-ConvertToCram/execution/sorted-ERR3687419_ILMN.cram",
    "WholeGenomeGermlineSingleSample.fingerprint_summary_metrics": null,
    "WholeGenomeGermlineSingleSample.agg_pre_adapter_summary_metrics": "/mnt/nas1/projects/lasr/blendseq/warp-pipelines/warp-gatk-germline-single-sample-pipeline-master/tmp/7024769096287923/cromwell-executions/WholeGenomeGermlineSingleSample/0c205b5c-e940-4d91-84d8-a29a2e6929b0/call-AggregatedBamQC/AggregatedBamQC/d488f2ac-aa29-402d-9439-54f7541f2377/call-CollectAggregationMetrics/execution/sorted-ERR3687419_ILMN.pre_adapter_summary_metrics",
    "WholeGenomeGermlineSingleSample.output_vcf": "/mnt/nas1/projects/lasr/blendseq/warp-pipelines/warp-gatk-germline-single-sample-pipeline-master/tmp/7024769096287923/cromwell-executions/WholeGenomeGermlineSingleSample/0c205b5c-e940-4d91-84d8-a29a2e6929b0/call-BamToGvcf/VariantCalling/4f5e5eb8-6060-4966-8ad6-2fe9507d7b42/call-Reblock/execution/sorted-ERR3687419_ILMN_wggss_dragen_max_qual_01.hard-filtered.rb.g.vcf.gz",
    "WholeGenomeGermlineSingleSample.unsorted_read_group_base_distribution_by_cycle_pdf": ["/mnt/nas1/projects/lasr/blendseq/warp-pipelines/warp-gatk-germline-single-sample-pipeline-master/tmp/7024769096287923/cromwell-executions/WholeGenomeGermlineSingleSample/0c205b5c-e940-4d91-84d8-a29a2e6929b0/call-UnmappedBamToAlignedBam/UnmappedBamToAlignedBam/b3766e0b-927e-4e59-a50b-50ba61a28af6/call-CollectUnsortedReadgroupBamQualityMetrics/shard-0/execution/sorted-ERR3687419_ILMN.readgroup.base_distribution_by_cycle.pdf"],
    "WholeGenomeGermlineSingleSample.output_cram_index": "/mnt/nas1/projects/lasr/blendseq/warp-pipelines/warp-gatk-germline-single-sample-pipeline-master/tmp/7024769096287923/cromwell-executions/WholeGenomeGermlineSingleSample/0c205b5c-e940-4d91-84d8-a29a2e6929b0/call-BamToCram/BamToCram/ee0c5233-f0df-4afb-89ff-aeaf54a5f5d5/call-ConvertToCram/execution/sorted-ERR3687419_ILMN.cram.crai",
    "WholeGenomeGermlineSingleSample.gvcf_detail_metrics": "/mnt/nas1/projects/lasr/blendseq/warp-pipelines/warp-gatk-germline-single-sample-pipeline-master/tmp/7024769096287923/cromwell-executions/WholeGenomeGermlineSingleSample/0c205b5c-e940-4d91-84d8-a29a2e6929b0/call-BamToGvcf/VariantCalling/4f5e5eb8-6060-4966-8ad6-2fe9507d7b42/call-CollectVariantCallingMetrics/execution/sorted-ERR3687419_ILMN_wggss_dragen_max_qual_01.variant_calling_detail_metrics",
    "WholeGenomeGermlineSingleSample.calculate_read_group_checksum_md5": "/mnt/nas1/projects/lasr/blendseq/warp-pipelines/warp-gatk-germline-single-sample-pipeline-master/tmp/7024769096287923/cromwell-executions/WholeGenomeGermlineSingleSample/0c205b5c-e940-4d91-84d8-a29a2e6929b0/call-AggregatedBamQC/AggregatedBamQC/d488f2ac-aa29-402d-9439-54f7541f2377/call-CalculateReadGroupChecksum/execution/sorted-ERR3687419_ILMN.aligned.duplicates_marked.recalibrated.bam.read_group_md5",
    "WholeGenomeGermlineSingleSample.read_group_gc_bias_detail_metrics": "/mnt/nas1/projects/lasr/blendseq/warp-pipelines/warp-gatk-germline-single-sample-pipeline-master/tmp/7024769096287923/cromwell-executions/WholeGenomeGermlineSingleSample/0c205b5c-e940-4d91-84d8-a29a2e6929b0/call-AggregatedBamQC/AggregatedBamQC/d488f2ac-aa29-402d-9439-54f7541f2377/call-CollectReadgroupBamQualityMetrics/execution/sorted-ERR3687419_ILMN.readgroup.gc_bias.detail_metrics",
    "WholeGenomeGermlineSingleSample.selfSM": "/mnt/nas1/projects/lasr/blendseq/warp-pipelines/warp-gatk-germline-single-sample-pipeline-master/tmp/7024769096287923/cromwell-executions/WholeGenomeGermlineSingleSample/0c205b5c-e940-4d91-84d8-a29a2e6929b0/call-UnmappedBamToAlignedBam/UnmappedBamToAlignedBam/b3766e0b-927e-4e59-a50b-50ba61a28af6/call-CheckContamination/execution/sorted-ERR3687419_ILMN.preBqsr.selfSM",
    "WholeGenomeGermlineSingleSample.validate_cram_file_report": "/mnt/nas1/projects/lasr/blendseq/warp-pipelines/warp-gatk-germline-single-sample-pipeline-master/tmp/7024769096287923/cromwell-executions/WholeGenomeGermlineSingleSample/0c205b5c-e940-4d91-84d8-a29a2e6929b0/call-BamToCram/BamToCram/ee0c5233-f0df-4afb-89ff-aeaf54a5f5d5/call-ValidateCram/execution/sorted-ERR3687419_ILMN.cram.validation_report",
    "WholeGenomeGermlineSingleSample.unsorted_read_group_insert_size_histogram_pdf": ["/mnt/nas1/projects/lasr/blendseq/warp-pipelines/warp-gatk-germline-single-sample-pipeline-master/tmp/7024769096287923/cromwell-executions/WholeGenomeGermlineSingleSample/0c205b5c-e940-4d91-84d8-a29a2e6929b0/call-UnmappedBamToAlignedBam/UnmappedBamToAlignedBam/b3766e0b-927e-4e59-a50b-50ba61a28af6/call-CollectUnsortedReadgroupBamQualityMetrics/shard-0/execution/sorted-ERR3687419_ILMN.readgroup.insert_size_histogram.pdf"],
    "WholeGenomeGermlineSingleSample.wgs_metrics": "/mnt/nas1/projects/lasr/blendseq/warp-pipelines/warp-gatk-germline-single-sample-pipeline-master/tmp/7024769096287923/cromwell-executions/WholeGenomeGermlineSingleSample/0c205b5c-e940-4d91-84d8-a29a2e6929b0/call-CollectWgsMetrics/execution/sorted-ERR3687419_ILMN.wgs_metrics",
    "WholeGenomeGermlineSingleSample.agg_quality_distribution_metrics": "/mnt/nas1/projects/lasr/blendseq/warp-pipelines/warp-gatk-germline-single-sample-pipeline-master/tmp/7024769096287923/cromwell-executions/WholeGenomeGermlineSingleSample/0c205b5c-e940-4d91-84d8-a29a2e6929b0/call-AggregatedBamQC/AggregatedBamQC/d488f2ac-aa29-402d-9439-54f7541f2377/call-CollectAggregationMetrics/execution/sorted-ERR3687419_ILMN.quality_distribution_metrics",
    "WholeGenomeGermlineSingleSample.agg_bait_bias_summary_metrics": "/mnt/nas1/projects/lasr/blendseq/warp-pipelines/warp-gatk-germline-single-sample-pipeline-master/tmp/7024769096287923/cromwell-executions/WholeGenomeGermlineSingleSample/0c205b5c-e940-4d91-84d8-a29a2e6929b0/call-AggregatedBamQC/AggregatedBamQC/d488f2ac-aa29-402d-9439-54f7541f2377/call-CollectAggregationMetrics/execution/sorted-ERR3687419_ILMN.bait_bias_summary_metrics",
    "WholeGenomeGermlineSingleSample.read_group_gc_bias_summary_metrics": "/mnt/nas1/projects/lasr/blendseq/warp-pipelines/warp-gatk-germline-single-sample-pipeline-master/tmp/7024769096287923/cromwell-executions/WholeGenomeGermlineSingleSample/0c205b5c-e940-4d91-84d8-a29a2e6929b0/call-AggregatedBamQC/AggregatedBamQC/d488f2ac-aa29-402d-9439-54f7541f2377/call-CollectReadgroupBamQualityMetrics/execution/sorted-ERR3687419_ILMN.readgroup.gc_bias.summary_metrics",
    "WholeGenomeGermlineSingleSample.agg_insert_size_histogram_pdf": "/mnt/nas1/projects/lasr/blendseq/warp-pipelines/warp-gatk-germline-single-sample-pipeline-master/tmp/7024769096287923/cromwell-executions/WholeGenomeGermlineSingleSample/0c205b5c-e940-4d91-84d8-a29a2e6929b0/call-AggregatedBamQC/AggregatedBamQC/d488f2ac-aa29-402d-9439-54f7541f2377/call-CollectAggregationMetrics/execution/sorted-ERR3687419_ILMN.insert_size_histogram.pdf",
    "WholeGenomeGermlineSingleSample.agg_bait_bias_detail_metrics": "/mnt/nas1/projects/lasr/blendseq/warp-pipelines/warp-gatk-germline-single-sample-pipeline-master/tmp/7024769096287923/cromwell-executions/WholeGenomeGermlineSingleSample/0c205b5c-e940-4d91-84d8-a29a2e6929b0/call-AggregatedBamQC/AggregatedBamQC/d488f2ac-aa29-402d-9439-54f7541f2377/call-CollectAggregationMetrics/execution/sorted-ERR3687419_ILMN.bait_bias_detail_metrics",
    "WholeGenomeGermlineSingleSample.fingerprint_detail_metrics": null,
    "WholeGenomeGermlineSingleSample.unsorted_read_group_quality_by_cycle_pdf": ["/mnt/nas1/projects/lasr/blendseq/warp-pipelines/warp-gatk-germline-single-sample-pipeline-master/tmp/7024769096287923/cromwell-executions/WholeGenomeGermlineSingleSample/0c205b5c-e940-4d91-84d8-a29a2e6929b0/call-UnmappedBamToAlignedBam/UnmappedBamToAlignedBam/b3766e0b-927e-4e59-a50b-50ba61a28af6/call-CollectUnsortedReadgroupBamQualityMetrics/shard-0/execution/sorted-ERR3687419_ILMN.readgroup.quality_by_cycle.pdf"],
    "WholeGenomeGermlineSingleSample.output_bqsr_reports": null,
    "WholeGenomeGermlineSingleSample.quality_yield_metrics": ["/mnt/nas1/projects/lasr/blendseq/warp-pipelines/warp-gatk-germline-single-sample-pipeline-master/tmp/7024769096287923/cromwell-executions/WholeGenomeGermlineSingleSample/0c205b5c-e940-4d91-84d8-a29a2e6929b0/call-UnmappedBamToAlignedBam/UnmappedBamToAlignedBam/b3766e0b-927e-4e59-a50b-50ba61a28af6/call-CollectQualityYieldMetrics/shard-0/execution/sorted-ERR3687419_ILMN.unmapped.quality_yield_metrics"]
